id_municipio,pc1_score,pc1_score_z,preference_simple_mean,pt_share_mean_runoff,left_share_dep_fed_mean,left_share_dep_est_mean
1100015,-0.5327088060677211,-0.8908746905118113,-0.5280544645392121,0.5001571144124196,0.25053612180628887,0.1136287373919345
1100023,-0.5863895924521468,-0.9806476648121019,-0.5636741147635977,0.4490332996901527,0.18980619323339934,0.2166318188866161
1100031,-0.37423152858273184,-0.6258454776952203,-0.35353467640010683,0.48574042440654663,0.20834059732361668,0.2707557788677334
1100049,-0.6476418156085858,-1.083082718871854,-0.6163225970784838,0.42356180424980155,0.21119261638762996,0.1898777578706677
1100056,-1.0766901962315056,-1.8006010683872673,-1.049993827157987,0.33565995329381115,0.12340127310390886,0.14290080419482337
1100064,-0.33266373880537664,-0.5563296532309749,-0.30505755023428593,0.49085374582375757,0.21204847382884953,0.28686472948444036
1100072,-0.4721541742930582,-0.7896062522452747,-0.4519136979581092,0.4720209809944207,0.19025753962090644,0.2508605592847486
1100080,-0.4558803356042211,-0.7623907250375006,-0.4652284899400612,0.5789850538886429,0.1603785860840404,0.15634426642883978
1100098,-0.3324018008324568,-0.5558916016953137,-0.3000396860656887,0.4268523314764628,0.401237023757086,0.16078187459888654
1100106,0.13688933353211408,0.22892665046217986,0.18969379870727157,0.5646356156758444,0.3772091761044451,0.2939873129735056
1100114,-0.7884466736428419,-1.3185574902573318,-0.7676496271144004,0.3864628852428987,0.15931655144909,0.20638141079636743
1100122,0.5049585899289286,0.8444666624621687,0.5826801517231186,0.4635376865235849,0.604340973297782,0.39303599943975476
1100130,-0.49618619318417706,-0.8297961592791708,-0.48092235545191503,0.4598883733597731,0.26601054128964613,0.17187329793505604
1100148,-0.6335247732273148,-1.0594741064008257,-0.5984507153507695,0.4250293439878481,0.23114175254868788,0.17604369897844843
1100155,-0.4618939304928417,-0.7724475505005703,-0.41126858092086416,0.4328773678670163,0.257839820070596,0.23876557441976773
1100189,-0.41755599527528686,-0.6982990778923467,-0.36444500519278544,0.41642640869248354,0.3022964199025186,0.24066590660908527
1100205,0.4262949535988059,0.712913660386917,0.45884040208307675,0.5793603797471759,0.469601547107031,0.3386252379278756
1100254,-0.23629323807087904,-0.3951646057633729,-0.21413253429283335,0.48889456661810765,0.3352070560059992,0.2108698839705324
1100262,-0.4559824989150192,-0.7625615776812944,-0.4447602560490178,0.47071400632120275,0.19880111107780787,0.2528152929041634
1100288,-0.633524609220474,-1.059473832124257,-0.6298256826303473,0.49185543831445755,0.18088726537226207,0.14373189059880012
1100296,-0.33006068048940446,-0.5519764329627688,-0.2999834879894061,0.4871969957683447,0.2795469037373861,0.2242316788055012
1100304,-0.6214971394935376,-1.0393597130247079,-0.6017883897364161,0.4322370604672081,0.1303892827277109,0.2773206534189698
1100320,-0.3975637175954618,-0.664865025389794,-0.3648641131316039,0.4692441304858945,0.2405831258777984,0.24559592798189642
1100338,-0.5215201465424131,-0.8721633542652247,-0.44777931301390544,0.4272155631777304,0.20514269533612003,0.2797586071108746
1100346,0.025577870190848874,0.042775108897537314,0.08437058651430898,0.5054356765555981,0.25572090279714965,0.4373741556521507
1100379,-0.23851978135858481,-0.39888816174696573,-0.20886138651541897,0.4798146304288436,0.3703305460176745,0.18956285729630373
1100403,-0.29126777847156177,-0.48710118745235914,-0.27419420215568,0.5270068876980912,0.2743068700600168,0.2014851362189798
1100452,-0.3483204019080728,-0.5825130478683239,-0.29589669386497036,0.42713208222274074,0.2605735839228134,0.311757345072548
1100502,-0.13613970724152333,-0.22767301417529484,-0.12501518771281006,0.5765750633729829,0.2831988210032231,0.21665494288413698
1100601,-0.7000549450035722,-1.1707357291030722,-0.6879702504646044,0.44225233157511484,0.18704208081843512,0.15947117619500145
1100700,-0.1550810020200765,-0.2593494571616557,-0.1234707806523588,0.4791574847425142,0.3593467073703272,0.25096793484174496
1100809,0.6814404696638473,1.1396058420645447,0.7033522341454913,0.6542933916217689,0.48402028276678183,0.3761558930386752
1100908,0.2915236113642939,0.48752902916726887,0.33909722161685635,0.5999049779534554,0.33441809649367044,0.3895998851623579
1100924,-0.3199270482345463,-0.5350294698264778,-0.30536009009701626,0.48108255894372487,0.24873548734119166,0.26408730841129363
1100940,-0.33870839363952204,-0.5664384217425573,-0.2839289140026865,0.41184529456103564,0.31769321184951965,0.28017227943445355
1101005,-0.4476018745786501,-0.7485462544373054,-0.4065551146207653,0.41281860650982566,0.32375232129228176,0.2026961592284027
1101104,0.33576006161500205,0.5615077835590836,0.3473087419882769,0.6090743553726027,0.44733515015819475,0.2715579032141915
1101203,-0.2796582271510738,-0.4676859735084284,-0.25664880161545495,0.48928316509645864,0.3075469881241872,0.2166384350443362
1101302,-0.28654504870675296,-0.47920313814348375,-0.2591612770582007,0.47433496431939354,0.326609372839105,0.21125373731545002
1101401,-0.577356109008421,-0.9655405337200176,-0.5556426029995083,0.44866806563477296,0.2088260923955744,0.20276618664385712
1101435,0.15410804152454022,0.25772232828661557,0.19035912218183595,0.5193550850220315,0.3743608950254862,0.35922332208973334
1101450,-0.45334774951534823,-0.7581553588816945,-0.46063285989701264,0.5317654206793893,0.26878126881873715,0.10183117976308666
1101468,-0.6759045038483484,-1.1303477787917184,-0.6760978051954327,0.47606070490143143,0.09757466352216955,0.22379159542451757
1101476,-0.71043204473084,-1.188089854664054,-0.7044472369781657,0.44360450424394254,0.2433352703835767,0.09108631328891513
1101484,-0.7329244007739026,-1.2257049090812275,-0.7083904570587212,0.402545670090283,0.22042821022050563,0.15504346271254665
1101492,-0.6500627048180992,-1.087131288936255,-0.6422240240372632,0.4741464571427465,0.20520196903317456,0.1309546093247933
1101500,-0.41276616798237514,-0.6902888181433549,-0.39862401140800535,0.5115903937224561,0.21491887741819093,0.20838109416642359
1101559,-0.027219138898252542,-0.04551988190504216,0.02366145543841733,0.43067142998820646,0.4474474790426748,0.290580788595511
1101609,-0.44233620293376885,-0.7397402171735361,-0.4082431444221778,0.4176469240116063,0.2820553284673959,0.2399594959787179
1101708,-0.37235187993965396,-0.622702050396667,-0.34410250517643515,0.4534263266132203,0.28901595325987445,0.2290191734255365
1101757,-0.3723082698589327,-0.6226291191503216,-0.33930591075774413,0.41336383048469977,0.3047873074107604,0.2623536844372063
1101807,-0.347434120978408,-0.5810308774218657,-0.3212707490043779,0.46943020533845886,0.3146632645380295,0.19553462428032764
1200013,-0.3288452149453202,-0.5499437511709905,-0.23537660303728491,0.3479955273490392,0.3193696265418537,0.3711259142262037
1200054,0.6546653452909599,1.0948285071164174,0.7580067851261485,0.46729330882282144,0.523207662468303,0.5722354863794319
1200104,0.15490904284245383,0.2590618815154487,0.2583234158208771,0.4021502272166683,0.44698445353195826,0.4489952037593581
1200138,-0.0364165203304056,-0.060901107526919344,0.05046812946144652,0.3536202333344353,0.4389736708722891,0.399804675994831
1200179,-0.2400920538377411,-0.401517549026309,-0.13547601521864155,0.2981839669764821,0.42411568735539046,0.37093524884805334
1200203,-0.3978038807308597,-0.6652666618119498,-0.3408920299553327,0.3853478528599163,0.29174584408268184,0.3028262003542284
1200252,0.05042301260739133,0.08432484171394085,0.1430464966191557,0.4002621615584238,0.4286680377816216,0.4072032485958779
1200302,0.6185247458589,1.0343888354473618,0.6985554056856623,0.6238466799870692,0.3402829253032987,0.5505335680729944
1200328,1.0424486629757752,1.7433372968963736,1.1488379761903231,0.585142309740359,0.5554183612871207,0.6194591836137097
1200336,0.12803624214061177,0.21412119772019017,0.18079668667500462,0.5026975545505366,0.3764682376159436,0.37537805558954646
1200344,0.12768930892360694,0.2135410045286998,0.2133026925159822,0.43035819111005097,0.3763877149503699,0.4690297517712912
1200351,0.2824492458260821,0.4723535289721064,0.3794113711203105,0.43483469653318485,0.4140620664736823,0.5131032021599684
1200385,-0.0721531938191257,-0.12066527431288739,0.01672964682210682,0.3611188567751699,0.42560362520434114,0.3867174572624208
1200393,0.41267731370503,0.6901402228396378,0.5000436402909189,0.49572076630341516,0.4503357264725778,0.46947932542798904
1200401,-0.04795924427503144,-0.08020456281938652,0.042900284946913246,0.3731014136016951,0.43318463764808673,0.37761807561755045
1200427,0.15169142056343096,0.2536808962203717,0.20514053793555842,0.4572333879481663,0.4724171450978232,0.3397673412372453
1200435,0.7977542663910245,1.3341230275912372,0.9394652656034318,0.4579028640110267,0.5790233923834979,0.6243361272586344
1200450,-0.32737577693295256,-0.5474863389420515,-0.24572786994799334,0.3489172667798543,0.3038912841979287,0.38106714470227615
1200500,-0.3979566031216616,-0.6655220668495428,-0.3310857357249691,0.3812134135085481,0.28469608152946707,0.32094191760674323
1200609,0.7278199780146865,1.2171685361246298,0.8229497797945439,0.5315927878509235,0.5146509999902336,0.544033545112311
1200708,0.6772969390649176,1.132676415522498,0.7864020130658336,0.44827247697019623,0.5237474641225937,0.6094963056686336
1200807,-0.48010406879359585,-0.8029012451609121,-0.39303668784526363,0.3216967107759522,0.32051943607442546,0.3151220805036366
1300029,0.08286879607814028,0.1385854940228162,-0.015195145610042328,0.8614036814267466,0.08222324429268822,0.17871920609389372
1300060,0.2665053617908358,0.44568980088338667,0.2156223931141298,0.8334193782445105,0.14427571166703923,0.2674005236089198
1300086,0.22705670860487173,0.37971791099184654,0.17219347316307976,0.7998383694071851,0.19202738082582513,0.23737875053070465
1300102,0.01264450964452249,0.021146024784890884,-0.040343254989870604,0.7707917570474607,0.11070123837820306,0.23045673163938465
1300144,-0.01740925774378244,-0.029114343385870007,-0.07469781935955035,0.6934598962728731,0.2858097730241101,0.12394938790023458
1300201,-0.3946446409414975,-0.6599833123768687,-0.439158414503694,0.6713755985167479,0.09439236560698566,0.14374671721058108
1300300,0.034985769499901696,0.05850839374256622,-0.05661521644093462,0.8668216436490769,0.08038835382824187,0.15165959941104282
1300409,-0.4099441570401116,-0.6855694328128065,-0.4772572635930262,0.69136959832018,0.08389617146876545,0.10682129099724214
1300508,0.3153693490213544,0.527407409087572,0.23569731076694145,0.8994722184004668,0.20741255104419296,0.14026939993283166
1300607,0.3338267785053656,0.5582746607491142,0.2606563601354128,0.8956447777973023,0.16179250139487925,0.20607060044008207
1300631,0.0589911706313269,0.0986537866100752,0.005732049597823422,0.8014704037810535,0.09255314841596131,0.246936578756485
1300680,0.3531666260568556,0.5906176228059288,0.29045528668026566,0.8841827748053602,0.08278449372803483,0.3191618857981035
1300706,-0.2816377161707734,-0.47099636869564854,-0.28207132626200704,0.6096509858497695,0.19915318971083162,0.18738552538980935
1300805,0.031801305928584246,0.05318286135746252,-0.07474908941783226,0.8864643787845212,0.07517656583959305,0.12816155735705811
1300839,0.12726084880597438,0.21282446995982313,0.04000839185848916,0.9054407751969132,0.05505796071249743,0.18754036287368134
1300904,-0.38026008675020645,-0.6359273269729261,-0.4452538897695647,0.7626508494000995,0.024279910748139465,0.11536085638769045
1301001,-0.08233451525531642,-0.13769199037268273,-0.1666712819766791,0.8137520939576502,0.11333847224601033,0.11961130866313381
1301100,0.2837428714105318,0.4745169215780816,0.20217267606120384,0.8794682885039992,0.1624887568205731,0.19431338296490117
1301159,0.13953812579699543,0.23335635382418188,0.05237762744484585,0.8757054414572024,0.09339400553022958,0.18642274175778228
1301209,-0.1937463998339602,-0.32401147122751806,-0.2818467935451109,0.8099204243189807,0.0853927616852011,0.08102944738547864
1301308,0.070669091633203,0.11818333847756429,-0.001113178241998457,0.8247203108205495,0.13122797283584928,0.17778232771692734
1301407,-0.022188934852197955,-0.03710762849061211,-0.10292004627439985,0.8574921747133609,0.08062519990004269,0.1307575039386675
1301506,-0.4240024090139258,-0.7090797272431872,-0.5023288107985606,0.7486864215279097,0.05105519649847475,0.07185417905337549
1301605,0.2655118694728594,0.4440283356490564,0.17064617579091343,0.8211774922435692,0.19723675995045342,0.21202717158041684
1301654,-0.18536806562684346,-0.3099999778773954,-0.202304463824979,0.6544205097487114,0.19371466861497885,0.18570387391875673
1301704,-0.002398850690065198,-0.0040117139828623905,-0.07320926904777483,0.7750590193004716,0.1282652482519654,0.19445622631118895
1301803,-0.5060151459995761,-0.8462335922589451,-0.5719360495345722,0.7126277197168801,0.0690727274482369,0.056505836486611206
1301852,0.36976809522171056,0.6183810622982382,0.3171067950057965,0.8754271495327154,0.14908024041766002,0.26876098886048083
1301902,0.2624626740254534,0.438929018687188,0.21288244579970972,0.8140881621566377,0.20021543085147128,0.22991585325774896
1301951,-0.3473686992906759,-0.5809214695706207,-0.4374677799748997,0.7927808185155728,0.04064234023328143,0.06250470141378427
1302009,-0.022101237640751392,-0.03696096820413606,-0.09511983200746052,0.8373866897467585,0.07542721580082708,0.16538883163996296
1302108,0.6081494588459682,1.0170377413762008,0.550381833454277,0.796552578131978,0.37833243254086063,0.25551350772453835
1302207,-0.7314101053557529,-1.2231724796439412,-0.771023852464637,0.5989489717845032,0.03390180417418792,0.10784049196920055
1302306,0.40850295245878937,0.6831592367155669,0.362802582925272,0.7826726262972677,0.29350211489494576,0.25561953336595994
1302405,0.3999302110244677,0.6688226267606562,0.3506455712808825,0.8489805154171636,0.1854566542754709,0.28289331212473795
1302504,0.3062293727806449,0.5121221849426341,0.2736936399703905,0.8167247377706827,0.1650907713648894,0.2918222918437861
1302553,0.18785983927328223,0.31416709141261745,0.08882977527240826,0.9159841320357868,0.12197847791546308,0.13334533561775633
1302603,0.20423012037878713,0.3415439039363512,0.170458224208967,0.7428349484259821,0.24988683697079003,0.22693605072534376
1302702,-0.26820698732387527,-0.44853551152838905,-0.33686703792829115,0.7549856752049728,0.10728316504608737,0.09299374394166136
1302801,0.13002523925889725,0.21744749376035025,0.0378309052271284,0.8658863312979354,0.1398834301630361,0.1487535113535541
1302900,0.057663649628014846,0.09643370905644226,-0.055440715524977424,0.8891846200045895,0.11526894887529184,0.09414186037873835
1303007,0.10155087304100774,0.16982843452396607,0.026657098692256805,0.8134962732655318,0.15532451889243226,0.17899978826397
1303106,0.18161856333051893,0.3037295039153287,0.1197099885539479,0.8685248253199673,0.09330807672798279,0.22818999952932498
1303205,0.021196459214511187,0.03544786349988251,-0.037044110418827325,0.7876976098816232,0.10523309412339804,0.2182602985609143
1303304,0.018170514428964397,0.030387429743908283,-0.08282587968813997,0.8585850946207486,0.114440540443151,0.11500681347868451
1303403,0.5729577409874742,0.9581849302368647,0.5373098871847807,0.8271606909806103,0.3802255695408136,0.19903173411248876
1303502,-0.21393567468439317,-0.357774971622424,-0.2856018141391934,0.7772463814697909,0.11622515014543389,0.08587249674379993
1303536,0.4166777304837836,0.6968303132212811,0.3521337038378343,0.8344974933675721,0.3519966004336941,0.1257469969353808
1303569,0.1917399170043068,0.32065593298688055,0.13369883864109444,0.8147382043488415,0.19461385980149828,0.19041624582726724
1303601,-0.3584300042591777,-0.5994198246348283,-0.39967073525758323,0.6642493388643153,0.13130085944746744,0.13636509200946348
1303700,-0.03016556223781403,-0.05044732810238346,-0.07317113095683697,0.7324698922486723,0.15691957295213468,0.2109592356442824
1303809,0.2949219609759376,0.4932122535180583,0.23496625024093415,0.8325990376297497,0.22933892461260266,0.19062681343751461
1303908,0.5286665839741107,0.8841146870810305,0.4863730769644167,0.8197021913823148,0.19232147128137292,0.38950672742103887
1303957,-0.024695943297952553,-0.04130021991726519,-0.07156440768477204,0.7561499632204898,0.1557318572721633,0.18374944271196467
1304005,0.5708112665660331,0.9545952772893035,0.5126303183125435,0.8954690972634766,0.27399678353713,0.22525295189537897
1304062,0.1782523986622223,0.2981001040012989,0.12355199281181857,0.8123370364352156,0.1505514600856504,0.2339590859393619
1304104,-0.07974920547440889,-0.1333684518377287,-0.1543183814926052,0.7913373791473978,0.08756658203257794,0.17815179168120818
1304203,0.15666460332473453,0.26199779018358466,0.07924060892553923,0.8542727314307438,0.15130735535933867,0.1625389886177622
1304237,-0.3488315353266328,-0.5833678409952316,-0.42751077502959484,0.7434176442077426,0.04169857536289509,0.1264739901834948
1304260,-0.2241702100156711,-0.3748906798516312,-0.32966037475378573,0.8502779740943068,0.0280788402302164,0.07426752241525315
1304302,0.4334618242552269,0.7248991646722837,0.37427282046644816,0.8910620937043134,0.19542073236837829,0.23596578148680858
1304401,0.6207762158234827,1.038154077517791,0.5672403154487694,0.8847196017572466,0.3035791545813372,0.23977603358265975
1400027,-0.9430652590408841,-1.5771336257461523,-0.9115663060045444,0.3595604698694208,0.15906750501893988,0.16088685977403644
1400050,-0.672732012298681,-1.1250422677972145,-0.6452081374463494,0.4368793796650308,0.1426116883367621,0.23721290771652784
1400100,-0.9257683434252626,-1.548207157532453,-0.8822554907795861,0.32999922017198474,0.16939980932417878,0.19335812697531532
1400159,-1.038880347653196,-1.7373698306700935,-1.0096306916753262,0.3551533806698603,0.10873356775816428,0.16236099697748477
1400175,-0.9500866279914526,-1.5888758004944552,-0.9286435865162718,0.38341651127215437,0.13321824575947444,0.151303442260221
1400209,-0.9392581842976412,-1.5707668705977296,-0.9378556468821545,0.45237316064700367,0.09882848456026838,0.10801112707916365
1400233,-0.6143272340019602,-1.0273691334377884,-0.6066060297287206,0.49484064403361616,0.14534309381644747,0.18997877596487336
1400282,-0.6507689232589398,-1.0883123321774242,-0.6753408150587904,0.544856188622414,0.0657691285152492,0.18807556164571215
1400308,-0.969801643998581,-1.6218461748973765,-0.983294814784904,0.4792318808258809,0.046865267332561,0.10742658227922579
1400407,-0.41033204039774496,-0.6862181089042289,-0.39374377883566447,0.4990534550357942,0.24442672008617264,0.19989719408216253
1400456,-0.7070013595576968,-1.1823525539904869,-0.6377467722412907,0.33405198750143966,0.22359097188678545,0.26476877223752354
1400472,-0.542777126619358,-0.9077124297292722,-0.5549368486439135,0.5738908112450729,0.06748632449194013,0.21556399175226934
1400506,-0.5719103277384766,-0.9564332904227479,-0.5737734293338786,0.5394743574502004,0.13413178201844678,0.17045880631919333
1400605,-0.6090355727928142,-1.018519632569218,-0.6102763103350859,0.5419223533647095,0.09885440767783216,0.1868334694078326
1400704,0.24920342650755645,0.4167549380367842,0.28719845402817135,0.5961182293285568,0.3462134608014574,0.3520554509448928
1500107,0.5911469716403138,0.9886036600268064,0.6023658124128319,0.6919668256634202,0.34170559617581725,0.434576602247011
1500131,0.23689917766061422,0.396177947833798,0.21844354066849891,0.6168487082964882,0.3900576490770414,0.2618510779525259
1500206,0.026896065504087876,0.04497959064880505,0.009509286745047703,0.6363936906444562,0.27584227405360434,0.24040417932848368
1500305,-0.3709627434248965,-0.6203789302444053,-0.3917667584666478,0.5504913611496377,0.2366448450113714,0.15633638938403335
1500347,0.26431331979443656,0.44202394307723125,0.29998650834176055,0.5283975870258569,0.4126051862023254,0.3730996197217115
1500404,-0.3700612442920734,-0.6188713096610723,-0.3461000789636939,0.4817247256859421,0.261731993157207,0.22492905554578527
1500503,0.4093933067661704,0.6846482192685099,0.38021373688589505,0.7167956642307886,0.3861886002217467,0.24461772972276408
1500602,-0.5491214829913236,-0.9183224036118008,-0.5214849408522692,0.42552422334563117,0.2006049348257537,0.26016780711929566
1500701,-0.7202462249310213,-1.204502582685209,-0.7152972998311141,0.39069518085842275,0.22915047433288283,0.16575693650865617
1500800,-0.3889907103147256,-0.6505279708470717,-0.39487020683421936,0.5646535577584112,0.1705063974568376,0.20345683907160658
1500859,-0.2729565320060553,-0.4564784047199674,-0.22044870429567315,0.3714237962376005,0.37294473359312885,0.30575562028979447
1500909,0.4293648380410647,0.7180475765550995,0.45331297871272125,0.6315596561606003,0.4133199422590834,0.34017183270327994
1500958,0.005195961329178198,0.008689457332632457,-0.004417983100184514,0.6143391387381726,0.29449135151538747,0.2401975984078045
1501006,0.0901866127502336,0.15082343262776682,0.08194362215220344,0.6596533129498883,0.29172230346034594,0.23573263762179997
1501105,0.24232740920700574,0.40525584187991825,0.20531443596680304,0.6909578277914036,0.42671026091451875,0.13776878173301965
1501204,0.6518609781669819,1.0901386283961887,0.6573724652839203,0.6748337475257916,0.4639693773907612,0.3558397163645468
1501253,0.5903178977416397,0.9872171596639818,0.6724065947498512,0.4653219523755512,0.5737422953039065,0.4756573184945059
1501303,0.13395439964103506,0.22401841862500002,0.10778784623079356,0.6834322136321758,0.20192419808607073,0.3234282168265845
1501402,-0.20551076006003619,-0.34368557958859247,-0.18715909889469104,0.5092642342711392,0.23301840737093027,0.3125394635564977
1501451,-0.1870578373884404,-0.312825864887337,-0.17796761557281557,0.5305581238773979,0.2560037714139103,0.2722743607575569
1501501,-0.5246417170594074,-0.8773837075549817,-0.5474205590268403,0.5848928227879525,0.13013407028795854,0.14133844411842394
1501576,0.3845903209023357,0.6431689868932832,0.4070272995766649,0.5607680107121359,0.4661294884845717,0.34212874989046044
1501600,-0.13806378747368334,-0.23089074656834174,-0.18912949138735657,0.6386029954821137,0.22191236768569766,0.19284269487967912
1501709,-0.24969103254856084,-0.4175703851927603,-0.2702504031566474,0.6186350951351693,0.20996559240684465,0.17415954988169033
1501725,-0.3979278971423275,-0.6654740604524948,-0.3453098397937901,0.37204540868667085,0.308647331740405,0.3003717886354198
1501758,0.42149302668193234,0.7048831658518102,0.406000285103909,0.6378420362876106,0.4765080631100478,0.25285400945623926
1501782,0.33550324716744195,0.5610783003425813,0.3478173759097221,0.6120606076623437,0.38848525365538206,0.33904354584819923
1501808,-0.12896333035705285,-0.21567161216517675,-0.15099148456421033,0.6084128394853228,0.2311697081614464,0.23548562574213652
1501907,0.3089038501349874,0.5165948427215029,0.3055222062471144,0.6520991926885538,0.3490505930502039,0.3069492646110578
1501956,0.2238109268150445,0.3742898331854631,0.18682373968223542,0.672260419954532,0.31271835332966164,0.2648061736634942
1502004,0.35162959737838184,0.5880471754383495,0.30451460183308154,0.7542928553196259,0.2802101445404157,0.2700738159064401
1502103,0.6659851285956473,1.1137591279985175,0.6829088546736889,0.6695652823218182,0.4016150557399804,0.4389904821382133
1502152,0.7588685946159099,1.2690926387307326,0.8369242602915553,0.5604563028211803,0.4858804508732825,0.5490712053602743
1502202,-0.36643071067764615,-0.612799792777354,-0.41948836340649326,0.6308109781807221,0.10694203430889117,0.18985031764424373
1502301,-0.4409467463579345,-0.737416561767662,-0.46807652422262674,0.5194288614139407,0.12659469192089423,0.26889054538837004
1502400,-0.772407430945024,-1.291734289267022,-0.7800105107449675,0.4995272944919095,0.1401549459889869,0.09821217380475489
1502509,-0.4184998038621744,-0.6998774546211874,-0.4577805396687137,0.5658853163982311,0.2556177733272175,0.08732465083376612
1502608,-0.19835194791539779,-0.33171355194207336,-0.24956652245590819,0.6982252263481455,0.15837248672659154,0.1527498452634413
1502707,0.029015370986475497,0.04852380766608867,0.03864822566554036,0.5223306608559796,0.3868563997813881,0.26324483997875653
1502756,0.5236995734536124,0.875808115254517,0.56014232835451,0.5691056240241186,0.46965225969174546,0.4114258215410043
1502764,0.12866158491126914,0.2151669886681295,0.1443985805071309,0.5369926381580327,0.41523410216250517,0.27617202878522357
1502772,0.06422644644805771,0.10740899146092409,0.07464515208849182,0.6211505176198376,0.2574780581384091,0.30185432006183555
1502806,0.7620644290643555,1.2744371871833893,0.751217711492944,0.7604443340899438,0.41825746965369826,0.36113360700755887
1502855,-0.051468054114232775,-0.08607251514898609,-0.06717517805846696,0.6270652107308855,0.24970243388001237,0.2339293093472797
1502905,0.15657347171972602,0.26184538639471716,0.11789377051161296,0.7522960856229316,0.24114915126312098,0.20785492263873465
1502939,0.2295105564251576,0.38382159933444615,0.2233596579270938,0.6537314244595108,0.36345916463875844,0.2483268064404975
1502954,0.7431210954473615,1.242757334548935,0.7609287788795763,0.6392725324846275,0.4350158544212263,0.4840265353253015
1503002,0.13090415630998625,0.21891734923665512,0.052795659223554385,0.8030802863531239,0.15485688085996827,0.21276717035247547
1503044,0.6619690965748279,1.1070429234926393,0.6815526595990521,0.5984130896506564,0.5205265675702773,0.3934516516503534
1503077,-0.06677283768691722,-0.11166744463647085,-0.10476486113770582,0.6166719769205201,0.22414304595751922,0.2559617638624448
1503093,0.18901107463045405,0.31609235795757545,0.20111727204536944,0.6075562200523988,0.36783254706057145,0.2791090936089819
1503101,0.9645712851647924,1.6130991929548166,1.0189881443965696,0.6215059209716306,0.5714239377637845,0.49611931737056597
1503200,-0.5063432839194946,-0.8467823531664482,-0.5596895577348825,0.6551915606100202,0.11550562627502214,0.07599068826089216
1503309,0.2876547511703587,0.48105894722259895,0.2625052595371206,0.6883860512441409,0.3802217445749298,0.21623332667347284
1503408,-0.6091135687266441,-1.0186500689401217,-0.6155252949789415,0.49507883168153577,0.21298012551107426,0.11989660027085579
1503457,0.7984485820280077,1.3352841651980676,0.8538289095967758,0.6029991408231127,0.4971280833741061,0.5064537154766031
1503507,0.06322537471220394,0.10573485079964605,0.0565699698597724,0.658750632382506,0.19300452734013532,0.3258920811880875
1503606,-0.38507595127775707,-0.6439811300481901,-0.3641961841157737,0.5031213604254777,0.2927046775611923,0.15734133546941476
1503705,0.5327103329864548,0.8908772440518299,0.5229598406695559,0.6938390534311546,0.36907128368149356,0.361059915017582
1503754,0.035782251867004025,0.05984038971148624,0.10230593328053486,0.42894011945309196,0.39110094567401127,0.38852173172705823
1503804,0.43804683787380594,0.7325669046118497,0.5112233188759204,0.5238033766596629,0.37823961415781376,0.5274168024845186
1503903,0.5173107441659098,0.8651237671649318,0.5453051216500963,0.5886310877237699,0.4040461827146939,0.45120907292741536
1504000,0.8726848082819191,1.459432995357092,0.8943514072809378,0.6647803087146636,0.4731579659765086,0.49001731115005737
1504059,-0.297245164920161,-0.49709745979066244,-0.2798974306570756,0.5180642499318444,0.25720238846723853,0.2294470399775602
1504109,-0.22459948211116024,-0.375608572330333,-0.28340204183453227,0.6658489382560328,0.22258124641575536,0.10293665924064443
1504208,-0.00863810740041668,-0.014445924620167876,0.007920035597953198,0.6229612481400856,0.22054832067774577,0.30344495538169486
1504307,-0.4803146542787978,-0.8032534174486962,-0.5227662949616813,0.6245573022353509,0.11209826628873461,0.13082431213089135
1504406,-0.3506525245861299,-0.5864131693706998,-0.38937003003789566,0.6448560725137893,0.1652888586019529,0.12694859492028562
1504422,-0.33540766898450114,-0.560918460326465,-0.3618774516351428,0.6219361450228118,0.13832337977714146,0.19479910483906793
1504455,-0.22711637710694366,-0.37981769751257044,-0.16986670997405462,0.34146609731769306,0.3996179497332523,0.3337451287927636
1504505,-0.35433832919506575,-0.5925771186106441,-0.3559181903250974,0.5090860750690274,0.28916156138149834,0.1683751660807373
1504604,0.43383093500706804,0.7255164464274669,0.40018703266394196,0.7344913503075498,0.3550950440255672,0.26415622391485144
1504703,-0.0035574134727430146,-0.005949234535742818,-0.039196426538247765,0.6818168678871178,0.30134030122345123,0.1371322435696052
1504802,-0.8644148372425222,-1.4456027229712287,-0.8654397921376202,0.4480804153348605,0.13665293768321407,0.11228572324316077
1504901,0.5611896404990563,0.9385045668542508,0.5323088327842573,0.7554463171010418,0.3104027879129642,0.3619792563680823
1504950,0.19627262667793594,0.32823620251064156,0.1856504870812455,0.5833571357360512,0.3528867488865685,0.32095266862838817
1504976,0.19622120372008536,0.3281502054121545,0.2559660961886891,0.4805487351260352,0.41826788628669864,0.39106630290351907
1505007,0.06143341341937032,0.10273806729620356,0.02093700792764565,0.652943666147327,0.3035101979325277,0.20585095190844718
1505031,-0.15629118882744186,-0.2613733110668154,-0.10286471344029104,0.43813561176037563,0.32572343907297535,0.33026310653636415
1505064,0.5807678108732586,0.971246087689346,0.6236646499259173,0.5755386180725531,0.4064378264200888,0.5081050664780568
1505106,0.42080966351234467,0.703740344585709,0.4088039685247311,0.7105972652878378,0.28247370444159836,0.3669869270848482
1505205,0.6353091398334945,1.0624581889426075,0.6330670233716773,0.6979839607824818,0.44606266492023244,0.3389330751745194
1505304,-0.18717041987177171,-0.3130141420170792,-0.18617388436071958,0.5754181390265948,0.14556852238812498,0.33089548381745454
1505403,-0.48964703810657334,-0.8188604141035442,-0.5332145442334416,0.6045656436411591,0.11966756710767085,0.1453564042213912
1505437,0.47580775821510646,0.7957163172728087,0.5231849117472991,0.5903376048819943,0.5078576416869117,0.3187262387280626
1505486,0.2414479627862724,0.40378510111316446,0.2962213596639768,0.46507934468538686,0.4027463094702394,0.4575528293872076
1505494,0.3114093398705766,0.5207848943357235,0.3477532798135239,0.5555018014185368,0.3987156011593182,0.3831532733607914
1505502,-0.3680351571071801,-0.6154829861093826,-0.34735133432374593,0.5226040060894507,0.16292690934045276,0.2863186546849721
1505536,0.24060561423244015,0.40237640090274784,0.2702951579159553,0.6110076325161237,0.25411355607436575,0.4289645638894699
1505551,0.4890584560180637,0.8178760998215777,0.5189183339230191,0.5848058078773898,0.46991887212232064,0.37071567639629427
1505601,-0.4119472334070268,-0.6889192742611197,-0.4633086212974749,0.6483906624900304,0.07074582278659625,0.18424888766251724
1505635,0.7910507816019777,1.3229124658945464,0.8534440557393884,0.5601539549507892,0.5256449472005283,0.5240012572221251
1505650,-0.3932508716147471,-0.6576524445491351,-0.35276341159510094,0.40730368279613227,0.2709718995758155,0.2966240729565401
1505700,-0.005846879635163866,-0.009778019484765513,-0.05647985220480475,0.6895685058075621,0.20036643972086546,0.22906579883791403
1505809,-0.3659587800714593,-0.6120105604088613,-0.3674571615857535,0.5436696163738373,0.2537605480910461,0.15790239453841298
1505908,-0.3559860108918674,-0.5953326163703592,-0.36644317833895523,0.5357366838452985,0.214991237478518,0.21259364168629666
1506005,-0.38681590195333226,-0.6468909336819071,-0.3903743859548787,0.5552544822932466,0.22746122406726133,0.16054096142092245
1506104,-0.5436032697458207,-0.9090940288200378,-0.5768076391681843,0.5682938987125318,0.10040133157376603,0.17922813201737386
1506112,-0.14233259753372157,-0.23802968400991054,-0.14818708292714747,0.5911141705093491,0.2741005100276277,0.1978990135438969
1506138,-0.10633090472818868,-0.17782231260791964,-0.07697254128543725,0.5044015643676286,0.36776329023617516,0.24048998220756332
1506161,0.7402503377952897,1.2379564277388855,0.7941846880116153,0.5316050589447808,0.5104383646130968,0.5382344137753353
1506187,-0.0857145676936218,-0.1433446154759107,-0.09510911557880547,0.6079766745596128,0.2986473945213343,0.18757223631637063
1506195,-0.1770867144044472,-0.29615067386132105,-0.15606007246189213,0.4988407985597165,0.292881192214708,0.28310811465347846
1506203,-0.5427551869105149,-0.9076757388934856,-0.5756127123029307,0.5888360188448143,0.08403592099948441,0.1766003238075049
1506302,-0.11240251687719804,-0.18797616314041646,-0.15713696980985367,0.6854714591590808,0.20231574437795882,0.17478987666700566
1506351,-0.2975537551950756,-0.4976135302263829,-0.333339549223826,0.6016807585698913,0.20123147337775207,0.1737240396988978
1506401,0.413997032552358,0.6923472524706187,0.3717367392822564,0.6895073084037909,0.4584099173985545,0.19436083986099836
1506500,-0.2380847174922769,-0.39816058340991706,-0.2258154660545643,0.5882760350996755,0.18500297202283997,0.2560282349211173
1506559,0.22195967218875223,0.37119389057390617,0.21949312777355418,0.5937004135500118,0.26574704532887217,0.4146389274465662
1506583,0.2698161185792058,0.4512265395210882,0.29386732050457653,0.5499371903259274,0.42506156580491,0.33403086697730505
1506609,-0.40398673492783305,-0.67560654779932,-0.4183355456174028,0.5647630919071008,0.2051876072670713,0.15953383514825364
1506708,0.15061163192442928,0.25187511347634384,0.19526078810712622,0.5124146642490436,0.27332704144390507,0.4746984178037563
1506807,-0.23574757012305264,-0.39425205887358067,-0.19745290098964294,0.44381614440114864,0.2912575451686759,0.32196697202160823
1506906,-0.09799304869863983,-0.16387851287108537,-0.15706969438566235,0.7330167769335536,0.15149720438753492,0.17305560686827362
1507003,-0.33436270244987304,-0.5591709122710764,-0.3609303233034226,0.6353621963558971,0.18618302426790037,0.12725717470013656
1507102,-0.42451584920503266,-0.7099383780973474,-0.45860269918209035,0.6236907027812294,0.14494806195838852,0.1370617700559561
1507151,0.4304214777862144,0.7198146462847917,0.44950764000387244,0.6210491835475943,0.3971369455378367,0.3687255767717256
1507201,0.09750580955801816,0.16306367930035737,0.112582247189496,0.5685230698678685,0.32201854957454235,0.3227858349583736
1507300,0.38387861442323273,0.6419787657404054,0.4538716244825949,0.49442449387457654,0.41400177787346193,0.4857337629351142
1507409,-0.7221002037926587,-1.2076030811672382,-0.76596195820997,0.5875211424497422,0.08345515251747017,0.07004650698448751
1507458,0.45624482421673623,0.7630002769656291,0.5044983008775826,0.5702578764472009,0.4514865492976881,0.39507734599380556
1507466,0.2595207000753744,0.4340090134189866,0.2521009954035396,0.6312162006499601,0.37834586789788216,0.27296098287873555
1507474,-0.04412302650661806,-0.07378907038103416,-0.09208127773643256,0.708476699213125,0.2571987736845822,0.12579759869694432
1507508,0.5313847840294774,0.8886604644466222,0.5347588691370743,0.6794320552189506,0.35041439852921785,0.4016608813648843
1507607,0.012246929285017156,0.020481131928430648,0.03586582167712011,0.5590579465282294,0.23465485411866327,0.38419405210043966
1507706,1.034648186919367,1.7302921836685778,1.0558324516792124,0.7131031012137466,0.5315425963772044,0.45927264256332617
1507755,0.19119801321158064,0.3197496810756427,0.23754841240524904,0.46994224540939716,0.47162274506126173,0.3401077551154224
1507805,0.4421247070291574,0.739386522347359,0.491029746504076,0.5509322796040242,0.41175660740577374,0.4571715347929601
1507904,0.3574667006480595,0.5978088454344683,0.29973767940509133,0.7839745966972971,0.2682242561456029,0.24715447709798322
1507953,-0.473956830633734,-0.7926209215942821,-0.4387720055188216,0.49775832931711816,0.1954004960223855,0.2296054513873771
1507961,-0.1729131440610814,-0.2891710104023644,-0.20092977010840596,0.6598577245240768,0.21104550049918655,0.16326071410820805
1507979,-0.14432475135092285,-0.24136125915028,-0.14663557249120213,0.6265744244708887,0.12194013801926962,0.3236973309402698
1508001,0.36313970217260244,0.6072960801486017,0.3712477266368021,0.6656021439857561,0.40195451743412763,0.2689334849663498
1508035,0.12761187379503589,0.21341150601954298,0.08640440603157952,0.7478249607251476,0.23995694916806334,0.19325224295163024
1508050,-0.39978335509948254,-0.668577032497466,-0.3778646197082229,0.4576428723261364,0.23016509867497414,0.2669458273922308
1508084,0.25483469205243797,0.42617237565437893,0.29218614326652786,0.5424735657207415,0.40559810547408853,0.3559616977862994
1508100,0.5114848076911686,0.8553807719398504,0.5085849521148861,0.648526028387778,0.4050466336834017,0.3687240272849424
1508126,-0.026017073672602902,-0.043509610113628416,-0.03756170149868389,0.6182594094468686,0.31312514219381,0.1937189702945714
1508159,-0.7453173230660904,-1.2464301921736685,-0.6828695088597392,0.33433232825708514,0.21717117305455114,0.24885415979784295
1508209,-0.21143323061063923,-0.3535900134157349,-0.25242216310564386,0.6821474390232306,0.18512320600053386,0.14360171341888975
1508308,0.22062402208935916,0.36896021833989096,0.14897990838434402,0.812489051920179,0.20429893396424528,0.1971967438976476
1508357,-0.03754842483985847,-0.06279404616067559,0.011979515695402614,0.4541732398816493,0.3309920622664075,0.3834267610597248
1508407,0.5520123973428706,0.9231570194448707,0.6167115775547029,0.49209035585324873,0.4842726396612451,0.5084220711611492
1600055,0.38359364788456174,0.6415022024209087,0.39917804649617017,0.6702215606373603,0.38547573298767657,0.2920649542461035
1600105,0.5723453766843942,0.9571608438077069,0.549221808180525,0.7849361472407868,0.3244621170777707,0.31640636801236277
1600154,0.42818670315741797,0.7160773246315439,0.41593532662726984,0.753961129981496,0.3081467474192893,0.29425137544358554
1600204,0.591358481527498,0.9889573782367163,0.5875254691505442,0.7256272660742824,0.38905167017617265,0.33294000544131125
1600212,0.45338966707681616,0.758225459646267,0.4581226399991599,0.7048830717503454,0.3756421512971248,0.30197248152898526
1600238,0.30120295797439695,0.5037162684571257,0.29924869513977664,0.6534181608709257,0.3485011157305706,0.30052456400108296
1600253,0.4811540950207076,0.8046572547846551,0.47220297873905004,0.7328790528949188,0.35470554774605983,0.3002845566924688
1600279,0.5257740281564784,0.8792773261448689,0.5270707722880918,0.7236324734572354,0.3665669868709629,0.32586386833313036
1600303,0.36443753729142936,0.6094665125624283,0.3850775014606009,0.6179818887244966,0.4227329434037877,0.3072740552724062
1600402,0.5455880872291828,0.9124133350546488,0.5324462292840711,0.7306840428804025,0.3998433408351767,0.2896642064350099
1600501,0.7242933915632144,1.211270855106909,0.7247143460635829,0.7182816218204593,0.46235976048940847,0.34290611674376165
1600535,0.4849040536934405,0.8109284919670536,0.4620807931463075,0.7542746040266284,0.36272672260041045,0.26273945699951534
1600550,0.49996809068024267,0.8361208092999303,0.47875354402170484,0.7744517510326577,0.3197598035247748,0.2950584519596394
1600600,0.4337319155320652,0.7253508513722641,0.44809999734002226,0.639794778248015,0.44903544465886575,0.2897858572012702
1600709,0.23631173882803685,0.3951955454739984,0.2263255407331935,0.7008872186890831,0.2969838201074794,0.26303229853488896
1600808,0.3182602111581985,0.5322419375994696,0.2787318193476112,0.7602490463543132,0.31565331960274096,0.21137120520608507
1700251,-0.16902558345983842,-0.28266965486247125,-0.2061971283837632,0.6995324164097089,0.09798110973020002,0.2335221363400817
1700301,-0.4579806867660917,-0.7659032438282257,-0.5323118605223115,0.728864924736797,0.05414274310029122,0.07404636862468188
1700350,0.3756594815229447,0.6282335124323745,0.36938841668996075,0.6760057279125414,0.3507229678647094,0.3137732444337305
1700400,-0.10432246448048259,-0.17446350088243978,-0.12101266989354115,0.5687949890133783,0.2773864912554758,0.24417615720170174
1700707,-0.39884770127331604,-0.6670122933692259,-0.42435644524539073,0.5713374522580612,0.21191646938235667,0.1355446145505499
1701002,-0.48854825837299615,-0.8170228716339218,-0.5488154423743988,0.6999466560059465,0.05633133985556262,0.08990084420404582
1701051,-0.6123374122870551,-1.0240414583848356,-0.646443679230102,0.5888105107529666,0.13944155974732628,0.0744168480794782
1701101,-0.016679716104508014,-0.02789429563238598,-0.041754285653472216,0.6466680600499716,0.20672154930653255,0.2713845414888975
1701309,-0.6196929973227215,-1.0363425588501236,-0.6745986815271809,0.6452979504418187,0.05349863594012114,0.09160999871423044
1701903,0.012721080922619536,0.021274078635136657,-0.004397951683365912,0.698637505301939,0.17800387606694287,0.2578281097031228
1702000,-0.7394362871067496,-1.2365950514166737,-0.7334946671646424,0.41544889037768457,0.13918764475570974,0.21811723560292529
1702109,-0.6220350793545445,-1.040259335861293,-0.6600005162197533,0.6127958248940678,0.06169696268553868,0.123043005474194
1702158,-0.2378505774783359,-0.397769019744965,-0.3058218800268492,0.7160356585225953,0.038046221590495505,0.2354226451481737
1702208,-0.4895008927005619,-0.8186160080755844,-0.5336558597967006,0.6261809664465852,0.14515071907088695,0.09158681953734765
1702307,-0.44338834184927584,-0.7414997599482215,-0.4793101167672417,0.668581628843321,0.06641948131941425,0.15214394329565809
1702406,0.17569318388839308,0.2938202054082606,0.1214603769413977,0.7767254338140709,0.18220512198324204,0.24462313501773233
1702554,-0.18907134063349407,-0.31619314370805485,-0.22555196704526306,0.7063876480074249,0.15520800061343312,0.15908713663869598
1702703,-0.18154401312494073,-0.3036048300023659,-0.227306738351153,0.6788389161525812,0.19453651719443385,0.14889197188565917
1702901,-0.09379512295793602,-0.1568581187036842,-0.11912382384888634,0.6715900886163698,0.2113118602518174,0.19733291525303442
1703008,-0.26572709116465043,-0.44438826128925935,-0.3382057593702829,0.7473938374069816,0.09792523048647868,0.11690797678223819
1703057,-0.5824307765052803,-0.9740271455128402,-0.5808260617119152,0.5363603954861428,0.16020406250134755,0.13713420718843472
1703073,-0.4812177132327699,-0.8047636465963471,-0.5571357116634114,0.7379435251109049,0.0235689550732726,0.07920112789145693
1703107,-0.007709793150841424,-0.012893459820697438,-0.0425075499709306,0.6898343994091456,0.2018971830120769,0.22887200631892538
1703206,-0.5298114447104703,-0.886029293039419,-0.5111059296780391,0.47554502406361543,0.1281988680534656,0.2792010652752495
1703305,-0.2687442338871615,-0.44943397492967796,-0.30975724783646086,0.6781196377153035,0.09549247549001356,0.2060284623140367
1703602,-0.2964355214519691,-0.4957434538761091,-0.31408873873857013,0.6299692495082222,0.15840959491692042,0.18679636620606002
1703701,-0.11334054156933618,-0.18954486718244193,-0.1426039937177464,0.6805311172480576,0.17210176754759451,0.21419651868002473
1703800,-0.20093508261711726,-0.33603345298694576,-0.2495398333983608,0.6691686132077316,0.21962564924819236,0.1238225717437977
1703826,-0.007475737873604637,-0.012502037865032468,-0.028247874078571607,0.7247074184497211,0.20818136284330055,0.19083256042723784
1703842,-0.19194864562714967,-0.3210049999539701,-0.20681690850437026,0.634754027513046,0.16804099531721892,0.23047237743365676
1703867,-0.04214849252267561,-0.07048696173966477,-0.07836984892110424,0.6577389065929732,0.2759791592277016,0.17261594425628105
1703883,-0.40163179015926553,-0.6716682598116359,-0.45423009275293336,0.6802871335612483,0.037636762991662465,0.18884696773012813
1703891,-0.20179798013073053,-0.33747651821625585,-0.25756580990120653,0.7643077752217975,0.10642295827645099,0.13203475084421504
1703909,-0.10860023527143164,-0.18161742378752263,-0.1550684498781685,0.6882066676048343,0.17258930152661434,0.20195041876984413
1704105,-0.01024505678946597,-0.017133303772401073,-0.042740919457109845,0.6685540364305363,0.13163449162212779,0.3265432830638202
1704600,-0.45985340323084445,-0.7690350781098255,-0.4785638696825265,0.5451563180666112,0.19390420371845474,0.1571542670350585
1705102,0.005112019238649429,0.008549076916410795,-0.029672858036845075,0.7075102025055194,0.21803085808041386,0.1997132113687521
1705508,0.16202218580646588,0.27095753438330256,0.2287705116306183,0.5192620570268027,0.32182247158911154,0.4262035977207237
1705557,0.017824675415713125,0.02980906644225494,0.015711233709877433,0.588681710004646,0.2237578474471955,0.3479912033799732
1705607,0.06187210262041114,0.10347170845579502,0.02770203731487708,0.7034046227804788,0.2413447379910922,0.2137695137779918
1706001,0.6791659029711304,1.1358019742190317,0.7364389679953064,0.6281530522315242,0.39282650956975873,0.5149918365810812
1706100,-0.049016265101555635,-0.08197226984988486,-0.059387925270500026,0.6270206293079119,0.2394412021382942,0.24968501551832575
1706258,-0.375703038853134,-0.6283063554614549,-0.40534384926636224,0.5814940868304261,0.2528737363933877,0.09959361202027346
1706506,-0.5821077908019774,-0.9734870009062704,-0.648456586678705,0.6892698276312216,0.044618438377982524,0.063538389632484
1707009,0.2845816913213021,0.4759197206681114,0.3086528480658916,0.6469810487289154,0.2315058199173102,0.43545684389354733
1707108,-0.25404560705305396,-0.4248527506611242,-0.28409879030736485,0.6593867502687937,0.08317123353150105,0.2524370989656756
1707207,-0.3193167112630357,-0.5340087738019159,-0.379235461853085,0.6994687137760872,0.09642258978353979,0.14093906381761948
1707306,0.063536576795157,0.10625528908821864,0.060377933881479905,0.5851884984129945,0.34159669603645293,0.25919163770305526
1707405,0.3804010405834391,0.6361630508827383,0.3368551963685865,0.7605245646037124,0.2928844774778298,0.26401687645780475
1707553,-0.24653766250858813,-0.4122968520233597,-0.24218745091229252,0.5310425659018673,0.24069272242345396,0.2553981624597412
1707652,-0.1538880433211937,-0.25735441465521464,-0.18883913420987286,0.6279903096462297,0.18780855192887372,0.23418596904338243
1707702,-0.5653677336994201,-0.945491794105625,-0.6246268579452594,0.6635280393000126,0.03123929183954366,0.12128907693134823
1708205,0.031214970081667123,0.052202303573907004,0.041827330713991064,0.5703542285695967,0.20423202952293087,0.40414914564165283
1708254,-0.7367290075091338,-1.2320675368605352,-0.7589257674720217,0.5313475024812625,0.07766890816353321,0.13367742860167717
1708304,-0.47215872280712734,-0.7896138589452532,-0.44814894672037375,0.5438218226262536,0.07311906198121165,0.2972749317889649
1709005,-0.24562445867467894,-0.41076965710252966,-0.3078714090288774,0.7334043766429289,0.1282855923866061,0.11121959787293084
1709302,-0.2625162959587189,-0.43901869323857196,-0.26597411507112156,0.5913930784810241,0.17586792100550305,0.23829164579885795
1709500,-0.37938799521776967,-0.634468886141447,-0.3936368597487515,0.5630096997457633,0.1849247010134458,0.19486449030794936
1709807,0.019457476429679647,0.03253967851664944,-0.018385323516112353,0.6111446451302388,0.294628072036468,0.2426650737676489
1710508,-0.39550523604785814,-0.661422527179219,-0.43697547407250026,0.6126344033215521,0.18845135841562366,0.11399967035820663
1710706,-0.10894085955247623,-0.1821870662403974,-0.15696608681021756,0.7538136410104151,0.15877791141257733,0.1391641201840797
1710904,-0.5423914708074896,-0.9070674788703247,-0.5703926377288682,0.6000770388175573,0.07792741613756361,0.16671383493271005
1711100,-0.6824429175607473,-1.1412822841464714,-0.725253825960719,0.6142719088202143,0.04551123944845776,0.09799822745411667
1711506,-0.3699508173950805,-0.6186866374225769,-0.4226845645475195,0.6253749843807517,0.21183936864285058,0.08571781062001343
1711803,0.03169508454555762,0.05300522220329102,0.06673003253435031,0.5342083494766264,0.26228151967237096,0.3926956308266279
1711902,-0.263577159027651,-0.44079282583680457,-0.3080932419083423,0.6760226657798233,0.1362578042462538,0.16579984903978598
1711951,-0.05281400041429901,-0.08832340621716302,-0.1342181240939418,0.8288190527847946,0.062365958678007545,0.16923591684908376
1712009,-0.4002687923288499,-0.6693888526448892,-0.43260810881170014,0.6167170947277655,0.08954979187925162,0.2093617800757902
1712157,-0.191135451513636,-0.31964505612358707,-0.23757482672435673,0.6797275277194658,0.1750760189258248,0.1650793986382165
1712405,0.08542354383441025,0.14285792220642957,0.014868201164556723,0.7918454142325116,0.10826569231090695,0.24875998176521855
1712454,-0.2081459398847624,-0.3480925182088215,-0.2763981337086091,0.7180245441999564,0.2510948981523286,0.02063769682426018
1712504,-0.13053424729167667,-0.21829873250186374,-0.15665305457267237,0.6749659646463417,0.1660490728038292,0.2178684063887791
1712702,0.3810355589149405,0.637224186564675,0.3647485100589566,0.7042591818574718,0.32193231800824534,0.3090808904918647
1712801,-0.2597169892999157,-0.43433727737890643,-0.3331897513691737,0.7575185377723576,0.13318235780370336,0.06837698267194194
1713205,0.02685193033074621,0.04490578126468452,-0.024029187439433136,0.7417442466578893,0.15041543550325295,0.23618499423513714
1713304,-0.5659902399702228,-0.946532841437725,-0.6132267337017928,0.6054857501104033,0.1408950232747844,0.07217984380070643
1713601,-0.031242908477531046,-0.052249026304008364,-0.024157241170572514,0.6252442828787337,0.13075793485665158,0.3809431881883277
1713700,-0.5134479437465442,-0.8586638192742376,-0.5632504065442296,0.6289505226561342,0.0880663061942179,0.12702235961336605
1713809,-0.4943980103468662,-0.8268056946695708,-0.5461729760785073,0.6377350017866652,0.1563321867994443,0.05664030351504409
1713957,-0.5224569727140473,-0.8737300539634684,-0.5766340992338916,0.6589892911749442,0.11142269699002932,0.06601007123825882
1714203,-0.4418897258645163,-0.738993551985425,-0.43605224575904145,0.521141532898301,0.1826112531100941,0.21657365295024558
1714302,-0.47117491394430405,-0.7879685878211279,-0.5452380259945434,0.7075861792275727,0.11227099877203574,0.027206640495060035
1714880,-0.5153073141259841,-0.8617733342521441,-0.5372513357046315,0.6217601250403242,0.05884374455816236,0.17709415896752612
1715002,-0.21006474341751533,-0.3513014261223447,-0.2259296166336219,0.5767627512736948,0.30700860078055703,0.14547761879069468
1715101,-0.15658929351965756,-0.2618718459556567,-0.1882959297181656,0.678297373316526,0.10216129446645994,0.26753950305322066
1715150,-0.03307596793806276,-0.055314540260207795,-0.07959197650661666,0.6809558549329399,0.26466507122940347,0.15703621387971065
1715259,-0.22855128777243366,-0.3822173679900808,-0.24719278389019383,0.634679160480725,0.1530723448435719,0.22857422807694858
1715507,-0.4934609451763566,-0.8252385952819533,-0.5196561993034767,0.5801888240267723,0.13699763312401247,0.15733710451907246
1715705,0.08048141962296416,0.1345929689576874,0.049989754519659965,0.667290012865843,0.26869867680225556,0.23603727738562827
1715754,-0.520531561448167,-0.8705100956183816,-0.529238618715202,0.5170752829201831,0.20275593053122934,0.15367557062953943
1716109,-0.5571455953012336,-0.931741514558156,-0.5485692727271932,0.5029477058795196,0.12275390035532724,0.2362295230306279
1716208,0.13878873278385495,0.23210310765845513,0.06789533173045981,0.7965908273193882,0.22158903713706804,0.155359497866308
1716307,-0.4471526569348454,-0.747795006053876,-0.47338308257897904,0.5922254823099428,0.16063924139039773,0.1398013038927363
1716505,-0.38976645970758733,-0.6518252940608212,-0.4040050348964708,0.6142251739126711,0.07976682184494858,0.23836524251716054
1716604,-0.18711635527537496,-0.3129237271787398,-0.241159713257943,0.6811490123294938,0.11661715087385592,0.2231623950396208
1716653,-0.23971207738504516,-0.40088209603427744,-0.23374698875511818,0.6093659554348126,0.101744259801699,0.31124755160881074
1716703,-0.5998712072390475,-1.0031936209969388,-0.5845201523517124,0.5043363955126061,0.15459984541538313,0.1824550701979345
1717008,-0.14437256448541863,-0.24144121936665175,-0.12181640022093017,0.5950005773265811,0.17994600810982006,0.30512824252035414
1717206,-0.7401475997397965,-1.2377846139217514,-0.7878059713110882,0.5995986509142758,0.05175494249084944,0.07908769110915301
1717503,-0.653646559145144,-1.0931247417909458,-0.6705148859153093,0.5370023676642853,0.12171378457106978,0.1323662494037415
1717800,-0.22470370773121084,-0.3757828738735934,-0.24343312597045486,0.6765443969013032,0.09139127709135958,0.24151258204933912
1717909,0.462161348919257,0.772894767263568,0.49861882893966175,0.6064181197580718,0.38448791341406324,0.41338130990792116
1718006,0.145317340181374,0.24302121343874236,0.13043464875447855,0.6790073764915898,0.2720403990678734,0.2613030006730464
1718204,0.2460446857901142,0.41147242322380273,0.2502515942099589,0.6730438604521342,0.254983932350266,0.35126437412564004
1718303,-0.24352870464030552,-0.407264826310369,-0.31078183579777946,0.7784056459015244,0.09552060140295433,0.09709165556438265
1718402,-0.12071777383976491,-0.20188216936497136,-0.14476670152406776,0.6583459173767593,0.1552250917087364,0.25515334015372254
1718451,0.12396641287178545,0.20731502547561,0.13054623887112976,0.6822925324628853,0.21807679532986513,0.31042050059307696
1718501,-0.3155835193254392,-0.5277655764412839,-0.35632362632152925,0.664071167009047,0.11435108994493233,0.17673630199580284
1718550,-0.3346906508670843,-0.5597193562640406,-0.416609644060219,0.7566599784686354,0.07215660910361132,0.08466080010250454
1718659,0.29971069381569565,0.5012206829601292,0.2881938273454563,0.7061557560483404,0.3085209933198287,0.2778383547547835
1718709,0.11533109056699234,0.1928737585055004,0.07188570134842184,0.6982416809488111,0.18974964885905124,0.29770511883303624
1718758,-0.06675360629229454,-0.11163528304549011,-0.10052418400525259,0.6679793209177939,0.19604857691510794,0.22609399272618216
1718808,0.4203388894658299,0.7029530463878705,0.4315868991414696,0.6804147820452394,0.3033813158590318,0.3880422881298304
1718840,-0.45903109170773915,-0.7676598867945957,-0.4945061479008985,0.5134865271228621,0.1944030167783102,0.19041687051308945
1718865,-0.6226812833302854,-1.041340014011041,-0.6577154330819222,0.5868916493487962,0.07246239998573677,0.14152080895927655
1718881,-0.4960265927001005,-0.8295292516736691,-0.5340384951512562,0.610355389210827,0.10792603881147704,0.14363039414965648
1718899,-0.4954876044977538,-0.8286278756451788,-0.5202360584280039,0.5603704754357423,0.19938289675246157,0.11347566386547758
1718907,-0.09339676175520649,-0.15619192000534982,-0.09721325075202672,0.6067300388372785,0.27119790470693134,0.2177231878227869
1719004,-0.1814586733125842,-0.30346211210835794,-0.23548625509630186,0.718306427825203,0.08410013563924462,0.21190707741072848
1720002,-0.7164999256425661,-1.1982374652680532,-0.7819465588888811,0.6486866511584078,0.04401200261425072,0.035458662672450646
1720101,-0.09689869236979563,-0.1620483678750502,-0.1448314932186834,0.6902636920404744,0.2898899911872304,0.08453007001125523
1720150,0.09708217567015678,0.16235521586885396,0.0403197396832765,0.6919198714695155,0.32110568986069826,0.15185969810419642
1720200,0.27613157651553555,0.46178818515259085,0.25201245206121453,0.7972722892132348,0.2403424577172911,0.22486811648480712
1720259,0.060802558583694835,0.10168305825545038,-0.009684322308377858,0.7927797827877895,0.20022099771943366,0.14215093278881677
1720309,0.03619711186176888,0.06053418013738525,-0.031231571194642052,0.7803678331582126,0.21939604586079264,0.12119333146953008
1720499,-0.25508874741410253,-0.4265972447181483,-0.31273163971469387,0.6586487717061468,0.21241042606840463,0.10698892484333716
1720655,0.050396648830521175,0.08428075229530839,0.08614876295136838,0.5768024067692697,0.25899009136866974,0.3550257101097001
1720804,0.06721812382475655,0.11241211817240358,0.014330059526347607,0.8040584949030557,0.1260235250928257,0.21140488996703968
1720853,-0.9204741418121628,-1.5393534082235334,-0.9486817867640427,0.5020788621614751,0.09595945085319563,0.050737186670689736
1720903,-0.06957440961904438,-0.11635264882223209,-0.12990154750706626,0.7302025771914082,0.20713058944705623,0.13156435847138157
1720937,0.08421916717446049,0.14084378489168806,0.03373191301720613,0.7212404950798689,0.19338295851139678,0.2490474887117717
1720978,-0.13667013690218002,-0.22856007734074912,-0.18363512276719754,0.6683543028607519,0.2061623203764862,0.17108950693450578
1721000,0.012217458691679324,0.02043184683041839,0.03149841189909541,0.5859416636359583,0.22585921571265813,0.35326354192488507
1721109,0.31419931059650436,0.5254506972634901,0.2704393985735642,0.7752038153759943,0.2354300722908881,0.271220939096889
1721208,-0.2381573094025271,-0.39828198237092766,-0.32762478691012764,0.7963319567288605,0.08848616178929292,0.07755786583348635
1721257,-0.3397361086696551,-0.5681571192729445,-0.35731374993623016,0.6649968817594022,0.03879152729766294,0.2483557767745753
1721307,-0.1264982592798543,-0.21154915462744703,-0.19704903016782077,0.7683666717460192,0.10510220431363086,0.157300965810389
1722081,-0.5214690127328171,-0.8720778407233429,-0.5759478942841584,0.656091141358221,0.06853917222090901,0.11619657724121173
1722107,-0.2909101529256187,-0.4865031129622584,-0.34131103254637385,0.6821245546402607,0.11885472412392721,0.16368784240799852
2100055,0.12990255671702314,0.21724232581441355,0.09713125205811152,0.6804757215540423,0.28536940612680267,0.2271166363843874
2100105,1.1790838627144224,1.9718389471294893,1.1261452837392856,0.9317848369731868,0.3170750330861212,0.48210047181195864
2100154,0.4388476018213914,0.7339060608748073,0.4212154534900119,0.7959288897247331,0.28046402893395617,0.28444152575205656
2100204,1.2765851914607693,2.134895132951861,1.2639135071281025,0.908490231575572,0.4456110807027327,0.4438916516000533
2100303,1.203238554410384,2.0122340058256136,1.1382509947750252,0.8844623156147392,0.47799578945941185,0.37852528773194166
2100402,0.7031747817127525,1.1759531828622,0.6772226159263587,0.8273888668842941,0.2807446638774613,0.386261747313849
2100436,0.7451841939794989,1.2462075539659567,0.6770681299180198,0.8925237549208239,0.3970923503172769,0.19247176405125735
2100477,0.2525051500869743,0.42227657000243907,0.15804501592979603,0.9021484540073322,0.19460263771668462,0.11061078240963174
2100501,-0.13542711991408812,-0.22648131993716586,-0.17858519933852493,0.6884049379995482,0.15551235280377637,0.20539713926904835
2100550,0.10136818268772492,0.16952291261389718,0.06163254844533047,0.737614500569492,0.22113870302252212,0.2101100587341875
2100600,0.36335808221243615,0.6076612876469288,0.32591122386365456,0.7507538778478562,0.28944273230396317,0.2751005913132159
2100709,0.8280345676475792,1.384762239301787,0.762968996508538,0.9162576891338038,0.4576762705844159,0.15175626137191212
2100808,0.42086661051887114,0.7038355798178602,0.382032464605059,0.8835853421082902,0.13146294430677155,0.31369210746678694
2100832,0.9199501386930511,1.5384770924742002,0.9205343291156921,0.7848750077371784,0.4809704938612635,0.3557845161306366
2100873,1.0773428704176526,1.8016925669826838,1.0306798867260099,0.9159624834595818,0.4002173206973915,0.36336088690686225
2100907,0.7698075028280138,1.2873863037818718,0.7652802156854231,0.8052615147211998,0.3902506129777372,0.3414687601182687
2100956,0.18091454004023527,0.3025521317305617,0.13193646413307003,0.7303559544348887,0.19292511853232705,0.2906689746754661
2101004,0.5789082990638456,0.9681363361912577,0.5489472971417652,0.8276800911824335,0.3169497794299687,0.27359936865593104
2101103,1.0254413491058394,1.7148951436829534,1.0084111150453905,0.895545324786074,0.47359831876688824,0.28645667028161576
2101202,-0.2048294021835806,-0.3425461118711431,-0.2872780484012537,0.8094041470563371,0.07729756328875231,0.0921779176008642
2101251,0.5126228554916037,0.8572839842961174,0.4441288925376967,0.9000519919150687,0.25433450999406765,0.2045417389020535
2101301,0.6254473842621809,1.0459658983282485,0.5998827231342883,0.8275134785026877,0.3784540847529418,0.23376265936476104
2101350,1.2675423909244932,2.1197724204354644,1.2591181681353525,0.8892625602302239,0.5756171164994307,0.32179828894333423
2101400,0.23886700327144567,0.39946883773849357,0.24669130657576424,0.6377948160119504,0.13267599052230095,0.5148471575134781
2101509,0.13535311264290034,0.22635755399963317,0.039457057852828256,0.8520223147242555,0.1880343816999809,0.11352264255404516
2101608,0.4157787333574156,0.6953268768643039,0.36038936252551107,0.7902911367606581,0.20901060910170607,0.3329985762473833
2101707,1.243953097233143,2.080322904156955,1.2380605189270382,0.8974598058023636,0.46692433053161503,0.417375562275156
2101731,1.0118043268200876,1.6920892920245199,0.993120299441921,0.9427681961294742,0.3342537852795257,0.3692214289216938
2101772,0.60469533485987,1.011261242842566,0.5848976262726462,0.8603448480677937,0.29599066169460864,0.28106968604253396
2101806,-0.17004063326866128,-0.28436717173095377,-0.22040013509207,0.6789138972800134,0.14955760524080472,0.2001578720529884
2101905,2.0984322752126445,3.5093097437972647,2.189305757669591,0.8167507778997294,0.7355599534484965,0.7475078993638814
2101939,0.6401826587338733,1.0706084102128872,0.5539104086133759,0.8625032096331,0.22367963355736464,0.35156218582222776
2101970,0.050974828449939995,0.08524767002530081,0.02000758563667082,0.7348150528737256,0.1516778029058158,0.26277137462562616
2102002,1.0791896504311052,1.8047810264828608,1.0738701547714078,0.8344062852413193,0.5378497890030821,0.3231810385965236
2102036,0.1517483416174129,0.253776088050828,0.10732979245842204,0.7411935742334261,0.25304388041001835,0.19724840121465573
2102077,0.154478860511375,0.25834246680576434,0.05420197795536079,0.8713845317407642,0.11914884462625479,0.17123196937926735
2102101,0.9556463636468493,1.5981736152197097,0.9425009216567225,0.8372548300933559,0.4151090549782402,0.37855828987258455
2102150,0.37239455611258887,0.6227734198238712,0.32850529634548936,0.810151883914381,0.19178483519263279,0.30465655841052525
2102200,0.9709103176418517,1.6237002634305064,0.9241974253835833,0.8665131410595511,0.41718323627533715,0.3404461166743
2102309,0.6395595957931914,1.0695664319348357,0.596843605560286,0.8681963628503935,0.2750883195554022,0.3017444547442386
2102325,0.7799817686422892,1.3044012203840298,0.7402586603997583,0.8202517269147851,0.28641094489737423,0.4239194001058489
2102358,0.051137909896158254,0.08552039901208133,0.0022432225268785052,0.7551076280689132,0.22200785336797166,0.15636675947866627
2102374,1.2517539621330471,2.093368667666528,1.232454413026931,0.9343617206620728,0.41141362096634654,0.4339437075823638
2102408,1.6472819490675399,2.7548292422533716,1.668672736705282,0.8889857711177304,0.5337974304228637,0.589222919229327
2102507,1.084510660735213,1.8136796092618355,1.0579758855972803,0.9373621288278761,0.4518129327039258,0.287636917206977
2102556,0.5596175060048952,0.935875410333886,0.480971817079397,0.848700133024121,0.3030476702607883,0.23991705952710018
2102606,0.8912547611059061,1.4904884252400836,0.9072732658416138,0.7731988704678575,0.45692992754116735,0.3853580297462899
2102705,0.6214239032054915,1.0392372364395568,0.5598794783672116,0.8684372100351804,0.3775039909987427,0.17794594537425246
2102754,1.4372735804255912,2.4036220943936786,1.4721454610293807,0.8321284928685264,0.6970124251908757,0.3719618201128563
2102804,0.26198340712027973,0.4381275174712218,0.2417077354254551,0.7543171340176379,0.2627423629796425,0.2452881449989015
2102903,0.26666171908451203,0.44595128474478796,0.2637978521121819,0.7274951822273904,0.1835461173846125,0.3723832740438137
2103000,1.1548391583718223,1.9312933559326757,1.1129178454020874,0.8618985678814871,0.43414361689094766,0.42947004515985693
2103109,0.8346192183448911,1.3957740690017646,0.8019688921548742,0.9049208751502295,0.28757961566591556,0.3569242313332908
2103125,0.7731146487691982,1.2929170038252562,0.7115666815457593,0.9541226393130984,0.1299103105969206,0.42409587246323066
2103158,0.28112902949727997,0.47014566737880525,0.17957506914577911,0.9100280126201225,0.15800971273766437,0.15369044931649306
2103174,1.2628604226980864,2.1119425386178996,1.2595865711626513,0.8725890782568516,0.5303158564671512,0.38697897234670803
2103208,0.8349335146285016,1.3962996818716877,0.8132016189855699,0.863287028907194,0.28894593157085446,0.41216581074978903
2103257,0.7241614912206683,1.2110502717872684,0.7126280554892547,0.7985476260754466,0.38158012420783055,0.3283083184192525
2103307,0.822237410712523,1.3750673734922851,0.7930336383621821,0.8345031724031289,0.3011388264911486,0.4229200948239731
2103406,0.9973312363343246,1.667885243094992,0.9767837848139413,0.8574148009177671,0.40515431625446735,0.38447117778871664
2103505,0.40354626599829935,0.674869930313728,0.3241475423492808,0.8595051941685964,0.25037268733632984,0.19720419539966136
2103554,0.526404200121722,0.8803311931883849,0.48099892635350844,0.8704850066403482,0.256481076277796,0.2523183656066729
2103604,1.35142483284192,2.260053083400632,1.3404856662488842,0.8517307201440266,0.6577954799503501,0.327587570246127
2103703,0.6542016974703211,1.094053126450633,0.5963507624426039,0.8864518397638329,0.34856707336125137,0.20543396749938925
2103752,0.547736491773168,0.9160062158394535,0.5168443800601643,0.8026339401831536,0.3933092174869828,0.20530364694603864
2103802,0.7051296518520139,1.179222406705449,0.6917249606612804,0.7881357840056369,0.3889198614057862,0.31976058776386335
2103901,1.147550891005914,1.9191048340610375,1.108575575644683,0.8783120905494641,0.27620922219622207,0.5773581920941717
2104008,0.6922004360878711,1.1576002541124302,0.6320276871604751,0.880917190897037,0.20610290661949318,0.38653424441952766
2104057,0.6951864289561273,1.1625938743456201,0.7379221728975102,0.6924860547994193,0.36207459143182463,0.474314764003773
2104073,0.6250607720009669,1.04531934795282,0.6800268534928796,0.6461702914662982,0.34875574673348947,0.5079105107609228
2104081,0.5695326201726607,0.9524569351087447,0.5127083204598144,0.852924630553693,0.18475539242485725,0.3719743644806914
2104099,-0.07400217006125691,-0.12375740667246195,-0.07652081251235364,0.5629829715642085,0.18545867358746496,0.3691774551279529
2104107,0.6659910511626618,1.1137690325936658,0.6778087038094639,0.767628371132434,0.14778332964338656,0.5858698803138731
2104206,0.9286387707763629,1.5530075119642197,0.865730024795157,0.886863045576646,0.3466822782248857,0.3640334781706816
2104305,-0.00869015917585893,-0.014532973320714059,-0.049811846402376556,0.7377280730480565,0.26012160367051096,0.11023764032605003
2104404,0.6609539923299631,1.105345315588132,0.6196988769826564,0.877031458048557,0.22025656683239966,0.36287727926888763
2104503,0.5861870083492556,0.980308873622788,0.5442377264376527,0.8783689539339757,0.0907216197062299,0.45548968721725985
2104552,0.5981829998324453,1.0003703501334849,0.5893627987658581,0.7189837205607903,0.37457080728539466,0.36199870134252193
2104602,0.6170268831558642,1.0318838872340097,0.5268953632132036,0.8619086542369021,0.31644925752561265,0.2397117220449774
2104628,0.6381666701963981,1.0672369751175,0.6153097090508958,0.7379431076818244,0.3718393708605028,0.3663086100210055
2104651,0.4421679941303551,0.7394589134594327,0.4105560610252104,0.8545388175988052,0.1695761166344293,0.31936965008765034
2104677,0.9005377757034753,1.5060128593444726,0.8925544369244681,0.8294288764659051,0.42089252850905917,0.34896423186630715
2104701,0.825781575136158,1.3809944510026715,0.7365763456526851,0.8962398848137852,0.43120376039348685,0.1972010326920068
2104800,0.4136005616544198,0.6916842150203747,0.3767490541907391,0.7748874907744984,0.2954639279136918,0.2656438546275875
2104909,1.0845951417589503,1.8138208909621167,1.049180891425713,0.9160758966348603,0.3332591964538112,0.43792523881816353
2105005,0.7111780185387555,1.1893373827275797,0.6538809738469925,0.9115441128564928,0.3150067757276658,0.2440554965896903
2105104,0.9791975112112178,1.6375593378858704,0.9326853600292652,0.9365128924440338,0.34912326170492713,0.3340579240018293
2105153,1.2231315734701769,2.0455020633391694,1.2625527749816132,0.8769243118216797,0.4662785431186331,0.44499485252356413
2105203,1.010063546902284,1.6891781016089342,1.00492788422472,0.8133409678025055,0.40819276408628924,0.4537335499969304
2105302,0.2913747955152522,0.4872801572283255,0.3052252372107363,0.6099099572579773,0.3709133698173504,0.3289282117686476
2105351,0.4669016134643638,0.7808221408332651,0.4223282935140376,0.830391686503457,0.2467475675291159,0.2801191602381941
2105401,0.6497912088727837,1.086677253141271,0.5894925849176169,0.8769744231788957,0.3551406362947169,0.20556924504772855
2105427,-0.13490729138249627,-0.22561198555236459,-0.1630234090884196,0.6280761697444449,0.16711147694220232,0.26987342177241996
2105450,-0.017398421428358797,-0.029096221291698924,-0.10104345725585755,0.8566839888925006,0.10293272670110852,0.11566739632586968
2105476,0.6326601342521675,1.0580281288412006,0.5673227166549047,0.8383115914144015,0.30935304658716706,0.2941104505995429
2105500,0.5340129092587628,0.8930556053258368,0.4984255155127981,0.7639803654736558,0.3634316012181895,0.2757435323503876
2105609,0.8997434790299591,1.5046845186166053,0.8627891613064442,0.8783762733562369,0.4145097097417987,0.2908730434520345
2105658,0.586949975043123,0.981584819711022,0.579601110795379,0.8287385058519274,0.1138352061921654,0.5013829933274999
2105708,0.2674452327624466,0.44726159254783376,0.2467084393703899,0.7556532179330282,0.2361916480128139,0.27602751339194803
2105807,0.6692513532837396,1.1192213934519937,0.6522177866856471,0.8292497515778763,0.3586219878902807,0.28403026147026206
2105906,0.4112343144347201,0.6877270253972386,0.33430537544893885,0.9119938771585989,0.24176620163594545,0.14401026369981165
2105922,-0.12445740180686335,-0.20813613000889322,-0.24490342702467005,0.903095030814533,0.06052208087020102,0.03159328950970946
2105948,0.4919150064034548,0.8226532471326984,0.48017298103883455,0.8201235855250063,0.24122492277429186,0.3247199391076234
2105963,0.5291623511349844,0.8849437824723185,0.4344344486073791,0.8510949480858402,0.2713386368532765,0.2534122965278101
2105989,0.6423714134984462,1.0742687706223362,0.6511349986802961,0.6947948442888072,0.34112285309682333,0.452234080772413
2106003,0.7588420071556501,1.2690481752355534,0.796255040358945,0.7160021562269131,0.417868464335408,0.41943804760234066
2106102,-0.12327980553712412,-0.2061667788354147,-0.20562624270085092,0.8112095755716097,0.10291428176632589,0.10811730210690078
2106201,-0.3381937315052778,-0.5655777273738131,-0.3817303568848399,0.6631684255538697,0.13548228768283213,0.1442461406494496
2106300,0.12869581952994832,0.21522424087603972,0.0709385794998103,0.7634948666624153,0.34243137717061173,0.06186907354119555
2106326,0.7140168523934364,1.1940849018278774,0.7172879664552224,0.7827990948055894,0.30902227343909966,0.42518932906186824
2106359,0.3266226118993915,0.546226784644215,0.25552095247062123,0.8432558425725037,0.248798981115349,0.17427913720544852
2106375,-0.038584355547582036,-0.06452648316588926,-0.1435614026112517,0.857235133023449,0.11134644714566766,0.08812186066545254
2106409,0.5302778779304334,0.8868093318631557,0.5099686997477364,0.8458602046560567,0.25526124091607477,0.2930825451980675
2106508,0.6891067195910426,1.152426482447216,0.6335187517694947,0.8822864859774798,0.3377217024895478,0.24468467730854912
2106607,1.3022880785644768,2.177879313676789,1.2450773210471964,0.8960009743407068,0.5261025536269103,0.3740656431333968
2106631,0.5568864454082363,0.9313081256633409,0.4655364522405855,0.923527190330481,0.2619059375520152,0.18796221213914102
2106672,0.837811552050842,1.4011127629935023,0.8072000843904665,0.8754720087313114,0.3431875188348823,0.34223057983947536
2106706,0.27091085542557275,0.453057320874973,0.20003995525699572,0.8588823573986722,0.19718917966910143,0.17950092825229894
2106755,0.5736445844551497,0.9593335717737154,0.5072780108593239,0.8861859247394054,0.3215112077901569,0.1860849370459403
2106805,1.3545414416450212,2.265265138976368,1.3411264660293125,0.890870011040871,0.5860017554984916,0.36002745989192486
2106904,0.8118960941257047,1.3577730898070344,0.7864469945738466,0.8883737764068137,0.35906315198826116,0.29439866590492997
2107001,1.017169960711049,1.7010625009851432,1.0223753686544281,0.7436798566916937,0.6066088043671342,0.3252826170417387
2107100,1.217241308801866,2.0356514889659967,1.2061332457766236,0.9125498488844378,0.501734289652947,0.34708825048226855
2107209,0.8230570510107672,1.3764380975890376,0.7949074829886632,0.8676406602223468,0.3599172012016795,0.31988689414088084
2107258,0.7315971420760802,1.2234852701937464,0.7490672794777455,0.7550599228039854,0.30343625964319865,0.4781396119181311
2107308,-0.39971035413582606,-0.6684549494566683,-0.4922931136588663,0.7775491385793871,0.06665455074208541,0.03137291735884025
2107357,1.8514849820285648,3.0963278465914414,1.878598664065242,0.8667302127270066,0.5826864162155136,0.6858097612196711
2107407,0.12918070615138083,0.21603514021519404,0.0707008627743314,0.8454234537808746,0.13710195734576155,0.18431631536865156
2107456,0.624125420899534,1.0437551150857873,0.5667703111518515,0.9235154305997803,0.33461344312643343,0.1577409601653637
2107506,0.6400571266072318,1.0703984767685792,0.6098905782294206,0.8319041639868342,0.3267240145700916,0.29305425434101745
2107605,1.2486299761243667,2.088144274833246,1.2503525628706842,0.9153075446162272,0.3153744069589219,0.5596519813419397
2107704,-0.1662137112036563,-0.2779672249468176,-0.2667322438811827,0.8409978147930754,0.030703945968579557,0.12197540764101406
2107803,0.693904404248142,1.1604498824462077,0.6175951258015238,0.883692183292295,0.29055391532890645,0.2855893678917913
2107902,-0.34111627735957434,-0.5704652420981745,-0.43720269560751457,0.8048954044796718,0.06728533306434067,0.028123411244878344
2108009,0.027009864543764903,0.04516990228453935,-0.02573912866962745,0.8298459302147253,0.040140646962555704,0.24791705560201957
2108058,0.5927379196606323,0.9912642793165154,0.5811223654351337,0.8317116651512166,0.2578490932653373,0.34505832928901325
2108108,0.5184126955559436,0.8669666137489821,0.452825612739478,0.8461066157487487,0.29150434677620524,0.2332945281727964
2108207,0.3725690067659965,0.6230651620854857,0.34079416094777487,0.7849660091778502,0.29843819660928994,0.2273565634662358
2108256,0.6714152808706514,1.1228402341719552,0.5917197991474286,0.9274094738881032,0.35787657212972207,0.14730128154980301
2108306,0.986847646322356,1.6503530286825687,0.9371827479527816,0.9227976693372367,0.4591917282010516,0.23719930525113356
2108405,1.320555914818275,2.208429499413448,1.3342349608918047,0.8686451273638154,0.4539683182513076,0.5176349962055873
2108454,0.9024583227263707,1.5092246829808513,0.84119573177201,0.9099639515788117,0.410908854115213,0.25354813160612627
2108504,0.919697399906662,1.5380544251829145,0.9295176600332087,0.8797024003449003,0.3745673158878145,0.35584132088777315
2108603,1.389213690189805,2.3232492164683327,1.4232983794484024,0.7838207422160967,0.519040031037878,0.5945587198999037
2108702,0.6423529880924336,1.0742379569250742,0.6303568685540617,0.8400542441654336,0.25187867142795844,0.37361203919947866
2108801,0.6870467044538127,1.1489814195405665,0.6261707492489812,0.9090685485982569,0.3396039278350613,0.20738170673163636
2108900,0.5153500759577659,0.8618448469307796,0.4718303489658915,0.8401060375302741,0.27264219246294535,0.2705581955539527
2109007,0.590042864848192,0.9867572088596401,0.5892755283047124,0.6075710298747784,0.36683542435793576,0.5046358020638533
2109056,1.1237200160989302,1.879251309836236,1.1209622247015423,0.8287802379887901,0.46667282686800826,0.43363726842678507
2109106,0.45404435914372643,0.7593203328412392,0.3999530085131843,0.8120190760721017,0.28413203851423324,0.251364756187361
2109205,0.3960623984007549,0.6623542967183145,0.32285666523701984,0.9414766037131904,0.137145249804842,0.2135622881672021
2109239,0.4909715162632202,0.8210754029575908,0.42657755603585357,0.8596084528584887,0.22122890453849267,0.2804140359584026
2109270,0.9804823412735169,1.6397080213149282,0.9348354261527025,0.9154998550004954,0.2760843012754069,0.4404263059956204
2109304,1.0602093013440788,1.7730392710883365,1.0292773096271897,0.9188368256076229,0.3851618772116967,0.36699527758543243
2109403,0.31269039548224664,0.5229272655685164,0.23205541328986706,0.9126608069584607,0.16737909726575287,0.1667072072701028
2109452,0.3508200381134104,0.5866933103409125,0.2829799280998151,0.8600102463772412,0.1911814766569463,0.22928369341327823
2109502,0.21618123719320492,0.3615303343689682,0.1572267962548065,0.8054020152885046,0.16398406739596463,0.2495087387497681
2109551,0.5481053302834928,0.9166230423119874,0.5345145673972641,0.7132317869235116,0.32511503754770715,0.390423352422192
2109601,0.4968500556151995,0.8309063685173949,0.4297207577920515,0.9011843302298503,0.27066785065630916,0.17793132515424195
2109700,0.42435480062047765,0.7096690487634064,0.38693576771401905,0.7844096508295202,0.15613813005647958,0.4072079645539111
2109759,0.9036867734245169,1.5112790804735423,0.8407894309260914,0.857031369729841,0.3791255645505313,0.343600715306925
2109809,1.6240430259561627,2.7159656676346255,1.645021062411998,0.8484187880468292,0.5163821859420741,0.6478785260178839
2109908,1.0906967507027963,1.8240249065848315,1.140220136157766,0.7720903870709831,0.6270686064361676,0.3294116449189051
2110005,0.7077289920276371,1.183569408947794,0.6694402710022692,0.8461059841650305,0.41518018146957475,0.21794986310474493
2110039,0.6894404989730005,1.1529846778444273,0.6296147460502124,0.827868363931305,0.4844933192242826,0.14866847088902646
2110104,0.63673753313318,1.0648469601141972,0.5919682333826359,0.8870959181904291,0.30939123829144694,0.2423581272022046
2110203,0.6203897010063714,1.0375076901028464,0.5439529411212692,0.8513128062767178,0.36192122361542634,0.21086012586069428
2110237,0.5839757306544039,0.9766108470281493,0.5578205896222471,0.8721818743288209,0.1662506313324161,0.3866416698652322
2110278,1.0985435079025845,1.8371474180061915,1.0847163983675665,0.8939932513049765,0.28455462705716067,0.5254394169492633
2110302,0.34311234044723743,0.5738033549005335,0.2831189119876401,0.851436158093431,0.21408554699590487,0.21372167351814841
2110401,0.5495719510187074,0.9190757430721405,0.4883376708217379,0.9101271434877471,0.1880015687701527,0.2884368725821066
2110500,1.1698756660406222,1.956439634656136,1.1494120262023004,0.8310432255694851,0.46348439101825395,0.460169516119254
2110609,0.10892079422904193,0.18215351002994848,0.07906470200033151,0.7818445658548532,0.18560177096735112,0.20352480840734363
2110658,0.44070385842607385,0.7370103685366497,0.3623762931197838,0.8728431578330983,0.36310487525569074,0.07615617043843578
2110708,0.653305200489091,1.092553871207241,0.6226179859498229,0.7366716762093771,0.2872345937777127,0.4541622340405375
2110807,0.5361388363596765,0.8966108959959077,0.4539161447432172,0.8853421130338829,0.3453758049100725,0.14363221389911732
2110856,0.802709852937224,1.342410494553232,0.8031650886151929,0.6917403217058568,0.4807338860530576,0.3981208074173503
2110906,0.6794155186064488,1.1362194185137913,0.6020441527016185,0.8708514799169702,0.46888033718332894,0.10303773755282486
2111003,0.8241937957525861,1.3783391307773836,0.7724816324119138,0.9192533817666596,0.3210562192428403,0.2937071380994731
2111029,0.47466857695673953,0.7938112093800447,0.4249782759414495,0.8396271843111167,0.33712567349709405,0.16923996843102318
2111052,0.7891959067775702,1.3198104690506607,0.7911473341457949,0.6756185268669554,0.42981851610606053,0.46892287072993
2111078,0.7203386547430028,1.2046571575283602,0.6700066528655277,0.9183062519958956,0.2285757618404837,0.33651424547670555
2111102,-0.2940156414226451,-0.491696571512528,-0.3753222726167775,0.7704197081409977,0.1162500637028191,0.046703347592093845
2111201,0.6250745049943718,1.0453423143016207,0.595323854955757,0.8518059845608161,0.28930425484851935,0.30116048887663166
2111250,0.6832786789118749,1.1426799682593431,0.6406278780641013,0.9175888264775058,0.25387245670109326,0.2947607437965549
2111300,0.4383475717322682,0.7330698363825138,0.4216072807173551,0.7598282017427986,0.32484905121010005,0.26956556983663743
2111409,0.48727053654544344,0.8148860756494822,0.4250220396394266,0.9177670959632881,0.17062510982005538,0.26227300979795976
2111508,0.5730180654443618,0.9582858137425398,0.535113650518057,0.8330011935859534,0.2213543163139017,0.3665415268954197
2111532,0.20140854919866794,0.3368252540412973,0.13235184901064637,0.8177361165319316,0.2736689437855236,0.10559796727154608
2111573,0.7756271285574489,1.2971187452424808,0.8585557539734111,0.5093366488737682,0.4388613721305658,0.6663671133655854
2111607,0.5877225540605199,0.982876840952608,0.5970432410786027,0.7290614671549241,0.18559999509381642,0.546593016407909
2111631,0.46938393133870515,0.7849734410236634,0.39343753817571314,0.8526848710525751,0.07970431341751111,0.42409638840827074
2111672,0.9333025641232239,1.5608069990520446,0.853780521582979,0.893500542823871,0.26319654496602096,0.438716354692339
2111706,1.0868477247270971,1.8175879943622149,1.0620324735972189,0.9122495109111496,0.3060048579564441,0.4729596823561084
2111722,0.7362918194501471,1.2313364061333747,0.6856290992964085,0.8765009357046144,0.422505191330894,0.1912174408804226
2111748,0.43493666268098075,0.7273656082736146,0.38127411119585664,0.8494108499848009,0.18342593961445272,0.30092325172615536
2111763,0.4340984274387515,0.7259637869530522,0.38820995133482467,0.8180756325541262,0.27349187177789774,0.24724537039191352
2111789,1.1290994524876983,1.8882476013812317,1.1166456002620613,0.9392154279037864,0.37833309560558925,0.3904652140289719
2111805,0.2719289313793543,0.4547598985119708,0.25615906292703977,0.7067323414479064,0.2144263123578661,0.35865285280854087
2111904,0.1334582824270138,0.22318873782290982,0.02208906624673901,0.8852221290352057,0.1298386217098038,0.12854417502163892
2111953,0.08085531095446402,0.13521824550735392,-0.034584640911812264,0.8632053561799534,0.10719190732625881,0.1482285387276249
2112001,0.17490040289750375,0.29249439942972677,0.1078593230894379,0.6835156709923552,0.23622802622021874,0.28748299309223496
2112100,0.8623661876965854,1.4421766672923755,0.8193704003046751,0.8960923252435286,0.3683744229756893,0.2958349085065774
2112209,1.1020882326888692,1.843075432638128,1.0814581338623706,0.8424060715871248,0.3698594289777321,0.5014040089163564
2112233,0.7316992051763532,1.2236559552506345,0.7156244439446943,0.8024960752983675,0.3021607036337426,0.4132736037923792
2112274,1.1718267859060458,1.959702586735137,1.1748228531466252,0.9272606415659075,0.43798639201042344,0.373928118349206
2112308,1.047221844175388,1.7513197185787763,1.0246000428794393,0.8002861347380712,0.5236617344285389,0.3563564245403481
2112407,0.6898910248343546,1.153738114023311,0.6545597610520327,0.8127035570727755,0.4652387372082112,0.19908399298827142
2112456,0.8724669008054289,1.4590685781492905,0.83960040617544,0.8943269996095639,0.231839684202887,0.45152337946837706
2112506,0.707595281692439,1.1833457986899363,0.7406057114564856,0.7325577347155097,0.41690833289361057,0.37556149795183463
2112605,1.0279488967350354,1.719088636812143,0.9986764309057753,0.9090051777446937,0.38363054087932086,0.36344621684511275
2112704,0.8294965512773305,1.3872071852062902,0.8031734944225489,0.8530167576954031,0.38085849180510406,0.3201431528298373
2112803,0.7053433518919202,1.1795797876136402,0.6812647160300483,0.8254253339708458,0.4005481459780218,0.2620611907592894
2112852,0.39775744414587094,0.665189003665869,0.40588427677484223,0.7239681547224719,0.2236690332752108,0.41011107401002556
2112902,0.5620331656648926,0.9399152347698058,0.5320270281314881,0.8358496262162817,0.366645650744398,0.2025975800757798
2113009,0.2228996657024754,0.37276588717145215,0.19942063808661462,0.806505910218124,0.13314691481324642,0.29717132319063455
2114007,0.4752435830042798,0.7947728197923565,0.40594114366933015,0.847222837762259,0.29350017874250695,0.2066296896235779
2200053,0.7363245131428993,1.2313910813763602,0.6936808113636416,0.8889661672962849,0.3637667420763395,0.23620184384834167
2200103,0.6325196710142436,1.0577932253776414,0.5726263744369628,0.8208358974719624,0.2421065468983116,0.38637705735985534
2200202,0.717487675518169,1.1998893271383808,0.6926484089911042,0.7855406495209746,0.31338506174052094,0.410583596065017
2200251,0.9938398522546907,1.6620464327055757,1.0172510742740335,0.6743915276691924,0.5735334966223775,0.44447370434337236
2200277,1.0717150581959958,1.7922809045244705,1.031168999186002,0.8409231070619004,0.5159322315949932,0.3295178148488909
2200301,0.7051445668558204,1.1792473497873894,0.6782972091452396,0.7750940807459807,0.2496198343288476,0.4842754706316761
2200400,0.9914065953934265,1.6579771796192302,0.9849379725660253,0.8042289231774534,0.4316530571011743,0.42702808089690025
2200459,0.9371865206888343,1.5673023273889102,0.9222920208290493,0.9073276648846192,0.27750348692930515,0.4343916667423935
2200509,1.198773215925333,2.0047664043976123,1.192572554554893,0.8234543963246983,0.4492017663577064,0.4983635300351828
2200608,0.516357920446714,0.86353031399449,0.47518674715876674,0.8079520409975144,0.271498709036409,0.3114698359199188
2200707,1.3950763327120321,2.3330535969912005,1.4084663945482658,0.832948341232839,0.549193916193926,0.5015058831006868
2200806,0.6928344297213044,1.1586605123164209,0.7313891455409037,0.6029236238727219,0.33192007410348023,0.6161677796146438
2200905,0.847310029345447,1.4169975257828167,0.8187290722453293,0.8595536245646277,0.3063606172152806,0.40446723485726027
2200954,0.40152258747998,0.6714856348915983,0.3370950443315431,0.8128612349275923,0.24846330447568468,0.2620665706335938
2201002,1.4311225257773936,2.3933353883290946,1.437034832895556,0.844630370466151,0.5152586376510923,0.5321115838507451
2201051,0.5892547520667345,0.9854392097534266,0.6213723874659186,0.6151528653566318,0.3134557278197052,0.5613822988720809
2201101,0.43945318094542096,0.7349188001210056,0.38702457202058504,0.8225278974739836,0.19213424006778082,0.3322268863520295
2201150,-0.08442203027408651,-0.14118304266072984,-0.13183128884798764,0.7251368581205323,0.1669983898317282,0.17412236425554325
2201176,1.2397310324650377,2.0732621411270147,1.2631236907556593,0.7214667921200787,0.5943136617967478,0.49876401265977144
2201200,0.5087771518677201,0.8508526282030627,0.5130239589628666,0.6759399048965241,0.3531375004285863,0.39518747536360593
2201309,0.7613079135352202,1.2731720296898223,0.7592427635390291,0.8028202052561725,0.23323700172406223,0.5071680660780808
2201408,0.7389802135512445,1.2358323375606552,0.7068694452998988,0.7795077217437544,0.3657883115074412,0.376351372435961
2201507,0.8461371458124024,1.4150360559467527,0.8536007950828906,0.6981452057906775,0.4020209187849735,0.5051570318446917
2201556,0.9614445873777551,1.607870265083486,0.9196923514472289,0.9127397245163237,0.16651335467879155,0.5462595912223168
2201572,0.3257800283043877,0.544817691363084,0.267295719787571,0.8387816863445131,0.16964168904894095,0.26984639095140306
2201606,0.8542963025968838,1.4286810082967392,0.849377567818913,0.8003495263077767,0.4105190332305791,0.37817486511334186
2201705,1.4615563913601746,2.4442314130865515,1.4882187389820656,0.7901398273773467,0.5901580533806047,0.5486353112170711
2201739,1.4999180760633413,2.5083855130341703,1.5001314764041918,0.8924410244756943,0.3442764886349419,0.7019955511987219
2201770,0.5451095089886557,0.9116129855258651,0.5100545813060493,0.7412808839892614,0.3270226788825428,0.35212439515035293
2201804,0.5543238194963104,0.9270225224591498,0.5411442433824125,0.6616345657885355,0.5328130520130632,0.23828394385162524
2201903,0.8786503856196259,1.4694095187483314,0.899351229384489,0.6951419491186933,0.43692695596617304,0.4984383307829696
2201919,0.8786851067988984,1.469467584655045,0.9002624012318687,0.7276777633645558,0.4407154578511438,0.45350102634646466
2201929,0.6729108154501667,1.1253412889517895,0.6023338598649217,0.8940672004135628,0.23374541852231454,0.3268453421540491
2201945,1.5416020039046636,2.5780955607975518,1.5680532216598997,0.8563079543760069,0.44120002116956586,0.6740552939016015
2201960,0.958936670565253,1.6036761545512055,0.9322629718925268,0.7617093070727293,0.3743115780391893,0.5152584198202573
2201988,0.26771431130575724,0.4477115856045747,0.1672036511408591,0.9100217825804648,0.17464596145520864,0.1332393311716122
2202000,0.6814469981347966,1.139616759942136,0.6967486511873203,0.7007248554281632,0.3711710186900849,0.44734225884048323
2202026,0.471103987205141,0.7878499736062302,0.4346429246014647,0.7898354572491803,0.3043487823069325,0.27606043238775174
2202059,0.680790840608003,1.1385194359877524,0.6277110644867177,0.8467401921177083,0.3947074868926621,0.22566966470210156
2202075,1.0085600303893236,1.6866636982559082,0.9685788907156798,0.845183357213997,0.6309593661600222,0.16247077664926543
2202083,1.3601134910949837,2.274583546655592,1.3521317182348187,0.8098696437403478,0.5929964661908115,0.45854276843280567
2202091,1.0164591149257127,1.699873719212062,0.9996514019943912,0.7975600286689185,0.34936873832835375,0.529306139860268
2202109,1.2322339981029922,2.060724488114771,1.1942317794133595,0.8271079567571182,0.4771132903968544,0.4750512823646464
2202117,0.09217815394637743,0.15415398325232438,-0.0003217873748268109,0.835572079002281,0.15259546602330906,0.14756023221667067
2202133,1.4604095746402015,2.4423135360422026,1.459340872372549,0.8467362884965312,0.5473924146714865,0.5190967762433578
2202174,1.0890818796722552,1.8213242796885551,1.112990234131396,0.8015775988444321,0.40893784892434343,0.5175740348268141
2202208,1.2025734341504861,2.011121693059351,1.231123834488682,0.7428229213561597,0.5571225128203395,0.4981713933724062
2202251,0.670224284125519,1.120848472735623,0.611547453066366,0.7802459751339672,0.37066600291643076,0.32332720421772876
2202307,0.7549474227286794,1.2625350734123248,0.7492963560019281,0.7606816220266324,0.35589950384798624,0.42545773631483436
2202406,0.9391774028656903,1.5706317759036519,0.9316661716885037,0.7450817074533488,0.41030693688254843,0.48825708557811476
2202455,1.0233318103612132,1.7113672600534071,0.9984187128511611,0.8740092612958464,0.5022399919215005,0.2795325061572858
2202505,1.3570487930783028,2.2694583039976446,1.3317651253337046,0.8470746689027756,0.41049835236761306,0.5960379161411917
2202539,0.043872715434749736,0.07337046307411106,0.06297670113878708,0.5925261678327649,0.3213184552516453,0.26736099282262765
2202554,0.5592639983663469,0.9352842224194041,0.5035133906833906,0.8166207718191756,0.14359842054789437,0.45176368080421175
2202604,0.8116783988343641,1.3574090274467168,0.806828481206518,0.7382850609126873,0.4162062259574146,0.42345434095601614
2202653,1.120878130161747,1.874498686590815,1.1694062826048033,0.6492470747844552,0.5445141268860263,0.5841642700534212
2202703,0.11220405127335345,0.1876442595161695,0.12332750696452328,0.6139398662914314,0.2871376523485349,0.31735784218247526
2202711,1.3292859134636754,2.2230290982051395,1.2930041627246587,0.8833255620448149,0.5422611479387385,0.39658024241869955
2202729,0.9403712889232101,1.5726283692767753,0.9202016677635283,0.7393473625129863,0.2769154146323379,0.633431776941456
2202737,1.0671408509422655,1.7846312365912809,1.061410489859145,0.7435595884237102,0.5011342630866498,0.46760423700516385
2202752,0.7742759831915053,1.2948591595250851,0.7063804756893526,0.8723245667928099,0.31984699836268354,0.3225210566996352
2202778,1.2779586421522602,2.1371920209435333,1.2540667300812762,0.8864810482822016,0.594768395113003,0.3092320772628924
2202802,0.6471121535913921,1.0821969394736752,0.6290049982316028,0.8357950881078562,0.10963305893517444,0.5288245315079018
2202851,0.5110633970840255,0.854676026608178,0.4576406538247475,0.8493619804659241,0.3587652367071293,0.16090856215976515
2202901,0.5910074070809817,0.9883702594669034,0.5549882589592523,0.7638983013324193,0.3670497624757369,0.30773613766694613
2203008,-0.026838213419414968,-0.044882841810712754,-0.06891488299701191,0.7289514603361541,0.17239752742940095,0.20881895459326213
2203107,0.8835730254497303,1.4776418873241717,0.8533532026227316,0.8314972825661786,0.3295524708402121,0.4337034942899632
2203206,0.6215986900530229,1.039529540934858,0.597595295566515,0.731559900258258,0.4117306794083811,0.32233857224631013
2203230,1.2777958815192516,2.1369198284681934,1.2472549938737705,0.8428204122065308,0.5796122274984316,0.3741181671535234
2203255,0.9342755890214962,1.562434235630894,0.8945883842195763,0.8424231911732472,0.38758840734489514,0.3887088693434843
2203271,1.4073597570661969,2.3535957613881426,1.4244267025741233,0.8843251672513374,0.21217685806451128,0.8056264931076078
2203305,0.5601383675828192,0.9367464723320117,0.5346964743978062,0.7772583096625825,0.32522354355708777,0.3232581789218038
2203354,0.6367926745159123,1.0649391757143833,0.5933886993982489,0.8470452751774173,0.17468090928646404,0.4352940722864955
2203404,0.8688320715822797,1.4529898775114327,0.8405034261019728,0.8021282970347117,0.4144846538290299,0.37401886317870064
2203420,1.8692996341493027,3.126120150592927,1.930518148408019,0.7834106587177825,0.7306683949802167,0.6524041514909397
2203453,1.0963781191117907,1.8335261336443354,1.0426500928372642,0.9102964823505696,0.4315749190785063,0.3465100581698834
2203503,0.6226428882404672,1.0412758040461048,0.5797102601690562,0.8246684053820377,0.27485894091273877,0.3456489922903114
2203602,1.1417420840712345,1.9093904853939392,1.1245393912467405,0.7872870618466782,0.5110513651084548,0.4434307461947471
2203701,0.566677560051163,0.9476822800379807,0.5884062788690863,0.6723041252657532,0.336136192953343,0.4566617411708576
2203750,0.5793018551921287,0.9687944991312913,0.5094338537999293,0.8890103806135876,0.22037977223288888,0.29623301102820143
2203800,0.548725153408436,0.9176596024895483,0.5286821734623863,0.7336625830493037,0.3274321757487139,0.365904922375917
2203859,1.467532525132988,2.454225590514577,1.4891814572787694,0.8083614381001434,0.6407423116618705,0.4785308199906897
2203909,0.5273447566671358,0.8819041313710472,0.48803970760431714,0.7586561535256601,0.3760011967718668,0.2644442644039789
2204006,0.8527248438819225,1.426052981914601,0.8531065692389157,0.7833546460901274,0.3960774779628147,0.41179252872641775
2204105,0.8139693393102254,1.3612402779613826,0.7676716302082174,0.8103038064328963,0.35448853658268326,0.38282717479879586
2204154,1.779015631971108,2.975133848916431,1.7650881821530295,0.8220995455890622,0.6640047248946789,0.6034133682122921
2204204,0.8892311811394226,1.4871042946309536,0.8678523295952134,0.779530051249172,0.51195020003012,0.307139205858128
2204303,1.3518581115110164,2.260777676266077,1.3486437799589437,0.8210261788182858,0.4958755245405584,0.5461630538758173
2204352,0.47379850118126704,0.7923561395963901,0.4149997025302616,0.8156281335761394,0.227020970801144,0.3219023224174026
2204402,0.7953663800839423,1.3301296498761168,0.7816820182399024,0.7872115058142798,0.39266015156234374,0.3714873161472025
2204501,0.5004213226341073,0.8368787710081471,0.47390077709588685,0.7362508684153931,0.3687864908370156,0.28543544533288584
2204550,1.4702731237159348,2.458808826020711,1.4242521970785218,0.922041570251289,0.3921560021859581,0.5879422036250036
2204600,0.8990330641240784,1.503496457424069,0.8708722337735506,0.8179490905326453,0.41729789547110724,0.3677370031595861
2204659,0.8794863589101659,1.4708075572977284,0.8764533422095035,0.7878107273196244,0.4166959447004374,0.39952657147227283
2204709,0.8707186050452767,1.4561448186271873,0.8408009285341694,0.8263878751078858,0.4997449797316406,0.2522884117858148
2204808,1.0489045357033533,1.754133764971718,1.0089089267943654,0.856626280303279,0.5523292498123668,0.25951223501184734
2204907,1.0886897251058065,1.820668460648137,1.0869700413562793,0.81799046859731,0.35339943089761566,0.5458323526543264
2205003,0.8915011151584751,1.4909004150323282,0.8648618419134448,0.8156804554052712,0.3694518099231982,0.41603961639985854
2205102,-0.00275870176629724,-0.004613510334860012,-0.06302178467209973,0.7389463383976649,0.1971338690790341,0.17509060039902866
2205151,1.0847851919129508,1.8141387210227393,1.050595016874289,0.8987597778943542,0.3899585415273294,0.40153453569004666
2205201,0.6234947604325395,1.0427004310971761,0.5900464468016606,0.7848282011730555,0.40011237408392036,0.26601232268323116
2205250,0.98667760975963,1.650068668318203,0.971809481963243,0.8153940526144602,0.3983454887397304,0.44541714496035195
2205276,1.1888550292558027,1.98817974132951,1.1935097430964356,0.7924409252078916,0.5356866637266496,0.4474768784853003
2205300,0.39718704147000605,0.6642350916945627,0.3551903172226895,0.7529778847366293,0.3148811233254063,0.2651459594306312
2205359,0.40346485658090103,0.6747337854092259,0.35425315247812716,0.87148983449117,0.18716601445387884,0.25677986425952715
2205409,1.6156425922538726,2.7019172162303113,1.6845032180442097,0.71523932071189,0.6762869881562256,0.6497337904761031
2205458,0.10928081006670161,0.18275558192044702,0.09377447450247303,0.737270664249715,0.16766467776206842,0.28121067017542184
2205508,1.0794124767533964,1.8051536697142996,1.0689204867364728,0.8270152466065919,0.416363350692839,0.46678551639410365
2205516,1.1073662028210876,1.8519020372568489,1.0871549676821195,0.7684596062918224,0.5292230075479978,0.4323386135455248
2205524,0.6787369610963648,1.1350846339844107,0.596587209958519,0.9009348777221442,0.10482470195676219,0.45575325879864986
2205532,1.1094186743393208,1.8553344846047495,1.0754812951022525,0.7867899181358903,0.49212107828152946,0.44550105288856906
2205540,0.623123077124084,1.042078847131195,0.5747179563848297,0.8215279834552162,0.24027466799295463,0.38731882486747
2205557,1.2077102320475008,2.019712208524085,1.184643313665164,0.8418675768997833,0.5222082735274286,0.40193894188824464
2205565,0.14751670566556127,0.24669931866758407,0.07511416311067359,0.8568242163444212,0.06100533754108333,0.2543366553452749
2205573,0.9695270528625857,1.6213869628653796,0.9610833356023688,0.8157481325367656,0.2684383250565538,0.5665256006099763
2205581,0.3553013603630895,0.5941876421912462,0.302929991965364,0.7904994707726472,0.27015500198823217,0.23890643749315568
2205599,0.7554101995270533,1.2633089974254657,0.6966916498633865,0.8786360521858948,0.1652003442790194,0.46667601833498845
2205607,1.0262528552808627,1.7162522646921947,1.017116974979529,0.7999860873253413,0.40623240875206296,0.47391761336465593
2205706,0.2813396424665181,0.4704978856294717,0.2646164886547558,0.7003893258366897,0.3319666922579247,0.25576380694748985
2205805,0.5534281012694096,0.925524569564272,0.5613803084160536,0.7417755881014504,0.2184048748709284,0.4843753078370245
2205854,0.2770257721813818,0.46328359179500794,0.2557297999105057,0.7053886399927847,0.2691188366384259,0.3113643297884592
2205904,1.4367767342470152,2.4027911945089215,1.4347013210107986,0.8416834217548553,0.4075647547448423,0.6604679088357849
2205953,1.4171554960456538,2.3699776492643285,1.4158768228571619,0.8016954524493487,0.5343977729921244,0.5660886402628935
2206001,0.42556750778743,0.7116971175877517,0.4102095905002918,0.6580759955240324,0.3092230850582432,0.4078268913878396
2206050,0.8161725702513114,1.3649248475806737,0.776900277760172,0.8234675470631516,0.3518592761775148,0.37471856093951367
2206100,0.3710142053673107,0.620464992538663,0.4069082501682939,0.6523018934732048,0.262086733940751,0.4512744747860779
2206209,0.8323358495236347,1.391955480931151,0.8469455248671048,0.7693980071184595,0.35874370129136873,0.46483552521272303
2206308,0.9865377761999499,1.6498348178960132,0.9835578456097116,0.7868006254606432,0.41022963096269777,0.4676146714248446
2206357,1.0313186200842455,1.7247239880803107,1.014779350555487,0.7927487263495426,0.3376173581211492,0.5561026356454432
2206407,0.6883746671058153,1.1512022356846565,0.6423415499309181,0.8208632564137144,0.335673756907952,0.3232750992927947
2206506,0.5149107166372036,0.8611100850979149,0.4722348458045675,0.7343681324338392,0.33843675523188677,0.32332929577147923
2206605,0.5813895860607226,0.9722859123954339,0.5388021972923798,0.7914846928617728,0.3222654936809461,0.31094310635596895
2206654,0.37842620584255776,0.6328604392709998,0.33969294215386653,0.7561027583420361,0.2766637919629458,0.29286282791489443
2206670,0.6147797553861679,1.0281259068260153,0.6379097628842177,0.6827294636132973,0.3729064192552018,0.42785424036918346
2206696,1.0654392628076474,1.7817855884894664,1.1089014527974081,0.7263656729397511,0.32461805055945064,0.6895467731411685
2206704,1.0309850004577397,1.7241660598498654,0.9904336299734469,0.8776862946558426,0.44814377044387493,0.3310245648287737
2206720,1.3192721267726712,2.2062825585992867,1.308431598130406,0.8265570426855425,0.4768821750051398,0.5349774848567321
2206753,1.6119801921561625,2.6957924074859947,1.6106600300617246,0.855665538703083,0.6443288292107328,0.48964302770270224
2206803,0.9020243923332296,1.5084990002057779,0.9275446815005401,0.7275874361821221,0.4670058659374538,0.4415400123881832
2206902,0.9425716219399294,1.5763080925570463,0.8918416893698874,0.8749460139066092,0.44279787337484383,0.288698367233251
2206951,0.9477122465885279,1.5849050076834605,0.926227111837361,0.8527232667359036,0.3179199889467374,0.4588933292441079
2207009,1.2698000223915207,2.1235479666843133,1.2867071673545658,0.7635033557746619,0.6283151762141325,0.4309126265827195
2207108,1.382749698929809,2.312439171378731,1.3477696912397497,0.8575114960930973,0.5640421398208316,0.4396620485084193
2207207,0.4540632153572338,0.7593518669987025,0.429855904264506,0.7411618380330646,0.3163117920257932,0.3189764240612685
2207306,0.9295931429249144,1.5546035546479327,0.9667203023744718,0.6481618291853831,0.5829329626229736,0.43219663294861466
2207355,0.44778301835321915,0.7488491899290212,0.4372135271049584,0.7429353207381303,0.33698476856901666,0.2901634061864553
2207405,0.6857897236210792,1.1468793097244987,0.6554425501979921,0.7425420226315098,0.5006090540202216,0.24932846089674665
2207504,0.9218639124549373,1.5416775888587357,0.8908490556976854,0.8322337486191156,0.39803884928741623,0.3828954000734213
2207553,0.4547748647459074,0.7605419926764952,0.37166109547483916,0.8753614895111504,0.2923958349937984,0.16135025216550672
2207603,0.45330944726828176,0.7580913041821804,0.39088347129842166,0.8681630602974684,0.09834693067888874,0.3789253616470644
2207702,0.24806011853752458,0.4148429288445946,0.2477496854014609,0.6560666625933663,0.306089480876392,0.31846145421058264
2207751,1.189719296285614,1.9896250968669682,1.1601050595470108,0.856357400982235,0.47889150941721215,0.42281550580967747
2207777,0.49467717315082627,0.8272725521229255,0.4801704638469575,0.7930948710827069,0.1217404569052859,0.48262567845616294
2207793,0.6028041804856935,1.008098573953645,0.5645387443327705,0.8337368511416647,0.24263070969828937,0.3617678613097786
2207801,1.3176126374200352,2.2035073143258717,1.3084709649808315,0.8829723315880926,0.48176711195652205,0.4580123739540852
2207850,1.6469336471417837,2.754246760104065,1.643088858090489,0.8767583715835071,0.5059414890174011,0.6390110303959122
2207900,1.1566540562040033,1.9343284973197497,1.1771049848150072,0.7331161520552739,0.47481829518132673,0.5613794408201552
2207934,0.16962508203867172,0.2836722253189706,0.09885099760094387,0.8186404412075546,0.20892233337798471,0.15526822371338436
2207959,0.9010788535761218,1.5069177300296317,0.8745477854665263,0.8648191421299846,0.3804525987271789,0.34957102920832955
2208007,0.5060105801775225,0.8462259566139879,0.47367410608327337,0.7458556166328739,0.3209324250242795,0.33151515955079275
2208106,-0.25602264424888743,-0.4281590455447582,-0.3244499711285138,0.7655140521703817,0.10828230232076774,0.09018183001757683
2208205,1.268881380235151,2.122011676993914,1.291887643051493,0.7983877665150451,0.49705488393465186,0.5324978652066542
2208304,1.0153752347378036,1.6980610939729879,1.0594820791921324,0.6995179554919048,0.4580535823644392,0.5546763748580634
2208403,0.8988757264067919,1.5032333339528652,0.9211630837451149,0.7061702878287784,0.4606528177087559,0.469312600320509
2208502,0.7337893840894039,1.2271514624978745,0.7141175606060175,0.8085775398413545,0.36026889568796877,0.3421882329628585
2208551,0.8829714988228979,1.4766359252649566,0.8662273813617498,0.6948800943559005,0.3402043646992468,0.5826712696521708
2208601,0.46542867321802395,0.7783588716491368,0.40498229493636506,0.8184366084402305,0.2603112110472756,0.27443992041246607
2208650,1.3775868139637462,2.303805029247233,1.3817692791466598,0.8670815663771076,0.3938158834918563,0.6062475454788026
2208700,0.8319432796274144,1.391298967314676,0.8637815639233332,0.7100334296249683,0.4080566550458385,0.4863970867487673
2208809,0.5330563742352605,0.8914559455617782,0.4530947168598488,0.8578622593764097,0.29326261950700055,0.22723153054738185
2208858,1.2655851683626296,2.1164992625221686,1.2046059715966038,0.8803086830384128,0.49477037542360985,0.41124914526526446
2208874,0.1390361569172049,0.23251688699852344,0.030666455269958013,0.8830543289894095,0.1873848860685888,0.07526732586003598
2208908,-0.05370500922783625,-0.08981348333239353,-0.10065710718854307,0.7013449630153487,0.18787004598514723,0.20022381686607402
2209005,0.5850235895848922,0.9783632321769695,0.5642770459928061,0.7393902357224782,0.3882806495415519,0.3220536959132998
2209104,1.517317423417107,2.5374832827956917,1.5265400026312863,0.8187616178415965,0.6275781090779552,0.5050778237032767
2209153,0.9538022669567947,1.5950896431709778,0.9358231423046696,0.834154657732423,0.3217768584510572,0.48295539760495315
2209203,0.8744623718404922,1.4624057008334637,0.891634476586818,0.6788281696678795,0.589614613876888,0.346352443596027
2209302,1.3413586211402333,2.243218870914896,1.3889364541270717,0.7366562639686723,0.5518580965232355,0.5964703602436385
2209351,0.9939077065386074,1.6621599087050254,0.9427190401417366,0.8379571057470505,0.5754996504280233,0.22730467696886825
2209377,1.3695678112220675,2.2903944632788567,1.3826672630033088,0.7350716885611952,0.7633050857361455,0.37662952022401913
2209401,1.0407384683080243,1.7404772556731134,0.9908139560230426,0.7879217268653336,0.5116601365753272,0.38012754441617824
2209450,1.2557948832560484,2.1001264954212635,1.21719991168412,0.8939269518672875,0.49243965640397486,0.3971611922236306
2209500,1.536531203706874,2.56961541647593,1.5825500241198422,0.7475292925994523,0.6399020293392529,0.5932418444467152
2209559,0.7811270786335116,1.3063165776530452,0.7194847365548526,0.8889517811044853,0.26517692288828365,0.3651176721985488
2209609,0.3157085567911984,0.5279746826402839,0.2471124293379688,0.8141711159785089,0.2833035100418411,0.16702689903686577
2209658,0.6938626889045901,1.1603801198604327,0.6845217531929392,0.7785073878186397,0.3171453580969348,0.4018290578711505
2209708,1.3500733012008617,2.2577928516966868,1.346797870263667,0.8032390718197089,0.575504149676483,0.47699699764694065
2209757,0.50003674388031,0.8362356213654829,0.4734665575334771,0.7841189580216122,0.18054639268391348,0.424403468077361
2209807,1.2111638403035545,2.0254878445774334,1.1901795276775469,0.8005952131181293,0.5972158753329774,0.3722732489829992
2209856,1.0867598503174178,1.8174410377385675,1.0838739710828766,0.7561788972682618,0.7143504200002665,0.24133274522167628
2209872,1.3247395890988787,2.2154260601751283,1.3469782838493003,0.782547560018977,0.4133424561833392,0.6661311856173264
2209906,0.2047039762167829,0.3423363559630745,0.20000253527386933,0.674207085621453,0.2564550662942518,0.3163862626747281
2209955,1.8222822634135631,3.047490728428736,1.841896569534867,0.8415475959232511,0.8537497211259882,0.4111913456961082
2209971,1.3606242636337673,2.275437736265803,1.4312330662241664,0.6571834805938258,0.6231288621803815,0.6293080736597126
2210003,0.2666357078336988,0.4459077848725236,0.2363702347861147,0.7399952892332932,0.2748632718296313,0.25028131871118725
2210052,1.6441970443765634,2.7496702069970955,1.710311019290352,0.7213247197593593,0.6415311224080239,0.6970925056316893
2210102,0.7884375949866548,1.3185423075816773,0.7544392172031148,0.8047638466916047,0.43491548567460164,0.2993084303342139
2210201,0.6609893511623026,1.1054044478728973,0.5949273249283378,0.8435583123401157,0.49882125668457117,0.10091467679701645
2210300,1.194154308547763,1.9970419822862715,1.1922055250664816,0.7958550705711245,0.4720078779112517,0.5053069750766088
2210359,0.401136480276533,0.670839929148691,0.33661374288786206,0.8601549147183115,0.25353161036700106,0.19453765924900324
2210375,0.8253752187746017,1.3803148816137005,0.800076159919004,0.7499805625131842,0.48262159761021034,0.3432032821824864
2210383,0.28797220339330687,0.4815898379224521,0.22891574064227005,0.8004891174039809,0.2807767563867211,0.17593430490090736
2210391,0.7792744372522509,1.303218315904111,0.758068868630009,0.7955623375023267,0.4424208868754807,0.3071874475981716
2210409,0.5145394275232273,0.8604891603624188,0.501227444555576,0.7267362457203186,0.3628113267397197,0.3258981135869565
2210508,0.724775610702944,1.2120772934874506,0.7329662805532657,0.7323572752523696,0.39863245358911564,0.3996830526744259
2210607,0.2715201505744132,0.4540762746091161,0.23531352394014673,0.7645562524498629,0.2160564635960672,0.28619451292924253
2210623,0.4406944437009947,0.7369946238367394,0.3713433327332598,0.7869267797815706,0.36665201877612424,0.18670456229288465
2210631,0.5119207824253581,0.856109873565294,0.46860714747637405,0.7246845426632245,0.2501596132808644,0.428021255628932
2210656,1.454323636742372,2.432135727867367,1.4475830081822934,0.7887435838887965,0.6736641747962068,0.4505182002685748
2210706,1.464332802404243,2.448874539502794,1.4869283078545457,0.8379479590413283,0.4114442732897006,0.6847157417976941
2210805,0.634409595707295,1.0609538378113672,0.6458274451606822,0.7105077185424878,0.3808753836783869,0.39443052069897533
2210904,0.27558523158328213,0.46087450610901204,0.23819576904895554,0.7431259159296341,0.3294790882843501,0.1926261591206658
2210938,0.4309284282308238,0.7206624440221334,0.38206719899154357,0.7722849502905871,0.3125069634799545,0.2618748310357492
2210953,-0.2748011816533242,-0.45956330150578195,-0.2937572162197535,0.5734182452285008,0.2767324868920435,0.14967843481758691
2210979,1.114042723283481,1.863067505206471,1.0889098947337756,0.8178925713667501,0.640448708605262,0.2519185928850299
2211001,0.6357042685042291,1.0631189817214082,0.6471066338032814,0.7120743816674139,0.3669409861912501,0.4081431027475568
2211100,1.059605469234594,1.7720294534590215,1.0714331713084224,0.7785260540063067,0.45012787601664517,0.4835820591930313
2211209,-0.06353743671641976,-0.1062567271761195,-0.05396115574101268,0.485369835115751,0.38329472965484596,0.26843491658064794
2211308,0.6044104620663187,1.0107848362975649,0.5727698075970196,0.7854447227189555,0.30798348193232356,0.34780207146803566
2211357,0.9046710134021549,1.5129250725718149,0.8843618694374692,0.8522072099302741,0.27811153657155663,0.4777023027769795
2211407,0.93410705572639,1.5621523892536453,0.9457578555356084,0.6942030618322989,0.70372793800925,0.24239447624859353
2211506,0.3925905302031185,0.6565481236818697,0.31559599980308767,0.8216109024583226,0.2273461130616634,0.2613586332795274
2211605,1.2187743410184486,2.038215252857144,1.247269044526239,0.8224830352426427,0.23080220719056546,0.7531018452317487
2211704,2.3302823824910535,3.8970438871305837,2.3960841143366443,0.828810372016556,0.8382836520240476,0.7409863696546953
2300101,0.9533030479229014,1.5942547750455562,0.9141046568731499,0.8667827574041317,0.25929848110872694,0.499655627217714
2300150,0.7248963713671508,1.21227924738445,0.6584057129557291,0.8074735547032098,0.37036498493555814,0.3199897174537486
2300200,0.24854969903981364,0.4156616779876338,0.17093662105019666,0.8479190382052813,0.22252499366219847,0.15205680453176215
2300309,0.815851714965219,1.3643882657738013,0.7647937154557213,0.834557646582719,0.34571041123887225,0.368623327484086
2300408,0.6152387561170928,1.028893515939005,0.5220801106907482,0.8106424489008003,0.3094906482904985,0.3082463944405626
2300507,0.2555838666045363,0.42742525647714324,0.17468373084167213,0.871600792686381,0.15774570128670196,0.19220286142772014
2300606,0.24255408244631432,0.4056349184966669,0.19312319783172102,0.7998928524738469,0.1699500610514186,0.26680317466675263
2300705,0.688979653176318,1.1522139831387703,0.6253282313400759,0.9060486704958115,0.132263439237475,0.4299992905975348
2300754,1.4407321820444725,2.4094060810890907,1.4271640019029286,0.7729897309962662,0.6979159495622477,0.4305405175689215
2300804,0.9318289994779012,1.5583426856553102,0.9041627319781453,0.8386892541494353,0.38361416528522757,0.3960860316498587
2300903,1.0925541733399193,1.8271311642590968,1.054342843559387,0.8462194892424231,0.5122635051343699,0.3387999532619326
2301000,0.713982046846417,1.194026694828902,0.6839733652466795,0.8180367803803278,0.3180006104634498,0.36417629913832533
2301109,1.0254783493871327,1.714957021042161,0.9963124586773304,0.7874416630522374,0.531183980842458,0.3521556983719743
2301208,1.0006748317585101,1.673476899370971,0.9803368655557255,0.8114500214685978,0.6170331477361728,0.2207890124187942
2301257,1.0052084540299364,1.6810586950761481,0.9616220104787856,0.7914471584346644,0.4336286995171263,0.4338797163401494
2301307,0.681630116285469,1.1399229972784617,0.6262334034517981,0.8581848134474689,0.30661668461340547,0.30190308014507966
2301406,0.5849914572609632,0.9783094957382067,0.5349459244600765,0.8287026429379392,0.3243135662142325,0.2663555023514935
2301505,0.260687044486489,0.4359595475653093,0.1806039267852949,0.8029399993826077,0.28723898133626985,0.14156781055113263
2301604,0.7087427731737193,1.185264804170241,0.6676420801797491,0.8450057706593984,0.27267608116112657,0.36824664641796945
2301703,0.24326133805142147,0.40681769623778136,0.16980295924765446,0.7567704518289379,0.23671362600332338,0.24086729548328958
2301802,0.5497236565413611,0.9193294475519682,0.4567253761920677,0.8988739690405194,0.22341183856368038,0.2545361380491454
2301851,0.6769085140945055,1.132026833665841,0.6440100537273694,0.8564927987789427,0.2368822069432509,0.38239756498204974
2301901,0.6692661429284676,1.1192461268898866,0.670166818395636,0.6985433970351668,0.36117236438670997,0.4446065517128988
2301950,0.9355060269157582,1.5644919564077218,0.9074897808668011,0.779278065247398,0.3401177896794159,0.5114719628081231
2302008,1.012079232529057,1.6925490301321098,0.9510629240582311,0.8894310749424891,0.326605742816852,0.428338247520031
2302057,0.7005477461105936,1.1715598642191076,0.6603522974313671,0.8230344886506034,0.3527026594917874,0.31306862777208894
2302107,1.104792348187505,1.8475976557185723,1.0767023065034425,0.8082455047616922,0.516495909024515,0.38956369834652155
2302206,0.41801118447740465,0.6990603128014418,0.3694962029577822,0.7792759889922266,0.343237445337852,0.20816416386752623
2302305,0.32906158127137286,0.5503055910384075,0.30792943404655954,0.7798482187124075,0.1532963232761479,0.36610504569937846
2302404,0.3899400494852472,0.6521155966383032,0.3115417393363201,0.8593014508961895,0.29921795989446415,0.13926271463708115
2302503,0.8181251536535181,1.3681902472029925,0.7723908008731108,0.826343293333533,0.2970942193903773,0.4324925802480422
2302602,0.8916912020116814,1.4912183064668074,0.8619836287214009,0.8144152036519211,0.40417275853683393,0.377495094944222
2302701,0.18064992359598944,0.3021096008578097,0.12245749684530827,0.7869466936433195,0.23239231730925156,0.18044622832385268
2302800,0.5285164828693677,0.8838636657468414,0.46116819453737623,0.8496294865613923,0.3503208259159931,0.17457929748585757
2302909,1.100152618707611,1.8398384117988582,1.0444950435458071,0.8760003155528681,0.4918219607064054,0.32455737887506786
2303006,0.5916732216796523,0.989483733409464,0.5500382445307028,0.8105145414780339,0.2892530690314493,0.33127310664998644
2303105,0.00170271568735573,0.0028475337627699685,-0.07424802561196181,0.7449667300007795,0.06191475077694037,0.3010737665414216
2303204,0.25503928659793274,0.42651452900405507,0.22664997364781284,0.7207005275122622,0.2586762583439008,0.27967776839598213
2303303,0.22151984047343673,0.3704583387324576,0.1530318095629819,0.8393798445451083,0.14937952184511002,0.22416931508252422
2303402,0.4830402493917823,0.8078115619266607,0.4410870559857407,0.8433014850904712,0.27363516501469715,0.24453163358694785
2303501,0.5829419934393264,0.9748820783067332,0.5602183662480696,0.7963502222723887,0.35341348943697076,0.2785582880018804
2303600,0.37596654518467226,0.6287470298390572,0.3050577913973131,0.8363015400457043,0.34945412368709244,0.10490565181625293
2303659,0.4289724300822461,0.7173913337543706,0.3256879473447867,0.8819058174176609,0.13955051061878074,0.2916976500236023
2303709,0.44948007792947703,0.751687264703754,0.39208386571184084,0.8462919865550043,0.25460666168173,0.2379499923794465
2303808,0.010576872148155454,0.017688214638549072,-0.07942762891118618,0.8032243365073084,0.08618806592725803,0.21078539196633073
2303907,0.7536933447750626,1.2604378182213452,0.7118774838016416,0.8620863202037207,0.34265715935731605,0.30414010017504506
2303931,0.847585715755288,1.4174585694942177,0.7976847732172951,0.8843224549100498,0.3703336338261877,0.3004411485239169
2303956,0.5829713903889114,0.9749312402467374,0.5394708737101679,0.857138410449653,0.19264236594494508,0.37188087652437835
2304004,0.4362699615281658,0.7295953483948896,0.4225056402300875,0.7606982686241212,0.2990457514889347,0.2936727826392277
2304103,0.669892482444486,1.1202935847432813,0.6343092336234428,0.7785530918746303,0.3898432397669247,0.3107098444135173
2304202,0.8821486611057882,1.475259853970054,0.861414684202138,0.7980701015744393,0.4323095723386307,0.3600442408937626
2304236,0.6189818969779046,1.0351533513649165,0.6068709990095364,0.8485485660630318,0.3652432399422805,0.22705002865545976
2304251,0.6430020916990844,1.075323484267777,0.6331464995077116,0.7212831525283473,0.3933455058515898,0.3597787939929873
2304269,1.006060711511144,1.6824839664648676,1.0053009804960327,0.7827127696706393,0.3468709039079682,0.5509902590562435
2304277,0.8068810588091535,1.3493862037922941,0.7736144302031025,0.7167281216594148,0.539527632534844,0.30192288002266104
2304285,1.0444546695233798,1.7466920386275153,1.033916845844698,0.8181312995296177,0.5343253647723941,0.3266068254817795
2304301,0.5329038007723074,0.8912007895834265,0.4808882284414133,0.7771488202654572,0.335793467834769,0.28083589119771407
2304350,0.8467880582061327,1.4161246082115355,0.8341780758544066,0.8395051665066992,0.3098399175189447,0.4208040359319092
2304400,0.8825226738275503,1.475885333526525,0.8872462289400119,0.7378345640868417,0.4835497111605869,0.3872273280459298
2304459,0.7668853497713473,1.282499445951977,0.6779045123411386,0.8652845021223712,0.3955283274704915,0.2383820107705096
2304509,0.23800156251700755,0.39802151932459756,0.20114711299582783,0.790957294792463,0.12061323504158565,0.33057976086773244
2304608,0.9136832246117358,1.5279966290783198,0.90398953987708,0.7710389219838368,0.4447675008453416,0.4021246100533227
2304657,1.0545720155778926,1.7636117655636028,0.9801035675147567,0.8846552885192573,0.36133005219401865,0.42324420040784944
2304707,0.2814965225372777,0.4707602437562635,0.2099589235612868,0.8329083022785341,0.13297844472445766,0.278035167723152
2304806,-0.1950967854112127,-0.3262697863135531,-0.23470499483773255,0.6985413699173698,0.08346457653124083,0.23712703819103673
2304905,0.6647291261638439,1.1116586544096265,0.6410348207660945,0.7787218178116979,0.3910817565303086,0.3020791602627499
2304954,0.3173235361334744,0.5306754906715111,0.25030877475843705,0.7942917951536267,0.24529188782621825,0.23127143230245353
2305001,0.05049278639403515,0.08444152779060062,-0.0030641648228814963,0.77800423980714,0.17443636619616373,0.1818271891053973
2305100,0.5141524720220259,0.8598420359701652,0.4709113396938423,0.8471949096487287,0.2861176181779152,0.2421515764910426
2305209,0.783913585807739,1.310976588315856,0.7494016449370581,0.8353844240264522,0.2566977894910174,0.4393101173201526
2305233,0.5234147083591486,0.8753317215850723,0.47387510852925474,0.819723354830732,0.3219807131751718,0.24136967877473695
2305266,0.5397572729154754,0.9026621823836423,0.47986361746130857,0.8329385075139787,0.3558507245139482,0.2033256279760106
2305308,0.04905105060215657,0.08203044332426584,-0.00933333223561532,0.7468723512508125,0.14607254064106268,0.24439349704714539
2305332,0.25568863144492254,0.42760045978463984,0.189779374636883,0.8276486383979034,0.14396520052551234,0.26730239520502835
2305357,1.3598195727934692,2.274092012870314,1.4434345764176215,0.602703899697644,0.7394738135738,0.5736847055260161
2305407,0.10407518657131018,0.17404996608013312,0.012279951670310164,0.8502076388582593,0.2452582183707294,0.0400178758906296
2305506,0.8202078814381079,1.3716732935678781,0.761692936983405,0.8410573285281194,0.28028455307146993,0.42188377579392117
2305605,0.2843697108288827,0.4755652154423151,0.23800744387146539,0.7376150518411113,0.3252751007116418,0.20634833403769
2305654,0.17021775159842376,0.28466337527670704,0.09931880508378826,0.731581660676513,0.27696621712210545,0.18619869898732544
2305704,0.43005142479391484,0.7191957887753366,0.33114846598880976,0.8725432161692542,0.2753633902034344,0.16433487755290088
2305803,0.8032889129096465,1.3433788845401138,0.7639109130831432,0.839038162905534,0.28729092844641163,0.42303038662688053
2305902,0.4786688638952804,0.8005010826236231,0.41117844880374765,0.8375906353249981,0.2679119791999855,0.23882705866211898
2306009,0.5729084773300984,0.9581025442409543,0.5116591695734767,0.8830153618875162,0.1734609274722261,0.3505208519643601
2306108,0.10191226567275628,0.17043280889378135,0.018778215654003824,0.8709976303438448,0.07487971439290435,0.19400424408939876
2306207,0.6733039645267667,1.125998771159614,0.6431220127385762,0.7310475885075253,0.5368129738147059,0.2080656045763354
2306256,0.8945487528693575,1.4959971269160988,0.8574322117823113,0.8374723619004177,0.4041898936719878,0.34864230849096195
2306306,0.4859406365448,0.812662019583598,0.4507487093625605,0.8235714391137909,0.2160790665242037,0.32871388938293944
2306405,1.537087775673936,2.5705461986842515,1.557708130155887,0.8503319003516433,0.5604162520546768,0.5459541846893304
2306504,1.2445359382712196,2.081297617402728,1.2437119410381952,0.8321830012123735,0.4965199701956624,0.4646041294358474
2306553,0.4009242824092067,0.6704850603963288,0.35929560992475956,0.8047183351758517,0.2683266982348208,0.2517251527091963
2306603,1.0350017663794144,1.7308834916936247,1.0274307364436983,0.8755911851108137,0.39473482536534843,0.40106637047166976
2306702,0.851264347059348,1.4236105224696203,0.8135706226357845,0.8705195513769931,0.21091941009534154,0.48980477970211583
2306801,0.8661811779626877,1.4485566599523567,0.8242062629988696,0.8622285951288609,0.14186721655076648,0.5791877488875237
2306900,0.9120768012842416,1.525310129684258,0.8828186533989819,0.8522509141243827,0.2846207158576317,0.4723126595968276
2307007,0.249312496072496,0.41693734034326574,0.18262942092027068,0.7637767374262242,0.32151709323606636,0.1460550648945878
2307106,0.3815409840621503,0.638069433473434,0.3498664717601827,0.700991731657335,0.2840583313046732,0.3510676357317626
2307205,0.4055160718880896,0.6781641319346641,0.28345808330166494,0.9001026064896802,0.09490976829038948,0.2978883128110026
2307254,-0.223481720466708,-0.3737392854934626,-0.2825444883263887,0.7342192015919343,0.13417058915288652,0.11537244896910683
2307304,0.3658208267354224,0.6117798543755706,0.35136858418962796,0.7457464190479279,0.21686079747423936,0.36645025908905676
2307403,0.657820647251801,1.1001052711304862,0.6226796832258455,0.7426838320950111,0.45560203576940417,0.27402854081027384
2307502,0.3674945182043918,0.6145788495347398,0.312228900283264,0.8329083534046212,0.1594957328094974,0.3138829628564335
2307601,0.8340433521174216,1.3948110200689714,0.7867925483785002,0.8682836773780028,0.5244587017237196,0.14792632033003852
2307635,1.0794941618285827,1.8052902756146474,1.034323762160595,0.8808638567455405,0.43988658931074553,0.3615124828722068
2307650,0.49334259907880124,0.825040679381499,0.4340146128780707,0.8378015107406247,0.34173585846223986,0.1792454649352282
2307700,0.630492817056682,1.0544036195149487,0.56835090336736,0.852877047495851,0.3101384194936234,0.27500146300685063
2307809,-0.4035640549835871,-0.6748996796938436,-0.45291320647581695,0.7056405172326534,0.07419183162070792,0.11288539584772077
2307908,0.1833042758674956,0.30654860248769217,0.10100478241317812,0.8512429157422686,0.1336875756290326,0.20045628506681404
2308005,0.1982455441018588,0.3315356077005366,0.19720610035265734,0.6487745991718828,0.2207884426372059,0.3823763107937362
2308104,1.142593035415775,1.9108135724671642,1.1511911863521997,0.7153377276321661,0.579326434831839,0.46179447399013274
2308203,1.5652783804307018,2.6176907099105815,1.6040019849483251,0.8184423576791681,0.5545446467011671,0.6084741159486926
2308302,0.2158687260190275,0.3610077068238523,0.11104296502789403,0.8650608570572628,0.18184484052860983,0.144566740325249
2308351,1.0784095459202903,1.8034764199948075,1.0524224520679197,0.8743124412416065,0.3309080938924369,0.4898718748474616
2308377,0.35203455298144526,0.5887244022711724,0.28521893567292855,0.86789917649778,0.20909915037088114,0.20193241740305412
2308401,0.7267882401272234,1.2154431109754422,0.7098403883167896,0.8057214711626953,0.25285001377990235,0.45942710295700023
2308500,-0.010574914443726642,-0.01768494067478611,-0.10417447822203635,0.8028491325489332,0.1667038043710022,0.11379696755859126
2308609,0.8060424880429853,1.3479838213588273,0.7551253559610385,0.8343236577324945,0.2948264405153308,0.41620435370124537
2308708,0.6351711984613622,1.0622275029171329,0.5745871274460024,0.8550133565479962,0.2534607440894404,0.33237426266478765
2308807,0.19821115978749043,0.3314781051492882,0.13000064970344263,0.8278282855290677,0.17961175896840975,0.19489171466061653
2308906,0.6136056433691884,1.026162382536875,0.6149263847447324,0.640419883073128,0.5546019800538426,0.27840545665307226
2309003,0.2595865385404634,0.4341191182671547,0.2287324879018669,0.803011166868553,0.14112012467485402,0.31054322715773613
2309102,0.394258799744244,0.6593380514889792,0.31670419652009585,0.8778710370364484,0.2800766364423211,0.13609910684701046
2309201,0.5019702537157622,0.8394691233399951,0.4768558518307919,0.7497981174798137,0.3146438441776542,0.328420669411595
2309300,0.795351192955224,1.3301042517065305,0.7421439700784345,0.8420453900689279,0.45748842378494237,0.22264351439029806
2309409,0.2075233403315006,0.34705131487595553,0.15417450454918435,0.7586538847068031,0.2684105288074488,0.19627983976451305
2309458,0.9741760231137153,1.6291616605735817,0.9240428192280782,0.8219033438996136,0.46515846552996254,0.3478644971086893
2309508,0.35274796866507535,0.5899174818094135,0.27916733742831873,0.8653416387334074,0.3007809976095069,0.11069789995103034
2309607,0.7603953724789274,1.2716459431640426,0.7218851510628016,0.8397927630816157,0.4702146813867152,0.19838825018303904
2309706,0.26461653860451767,0.44253103055262405,0.19919730227012833,0.8166016334706206,0.25344989528370815,0.16935730886932063
2309805,0.6467472610553151,1.0815867120446465,0.6007596723660767,0.8325806293163326,0.23980907477506894,0.38679532400581146
2309904,0.20593119355339806,0.34438869084564966,0.11211020076684222,0.8574816420354777,0.06709550863645632,0.27239924952049627
2310001,0.5013100421746667,0.8383650196615006,0.4701933552979783,0.7344165228679579,0.3997367352871101,0.2599413186050445
2310100,1.3089601751467896,2.189037383357877,1.28732168659707,0.8681805221280748,0.5021121523716809,0.45226612682151984
2310209,0.9763305019816221,1.6327646997439473,0.9776345106991425,0.8227321877515642,0.4259037639935534,0.4001175243334951
2310258,0.5201910830751528,0.8699406971745602,0.48043477562989867,0.8273476770786131,0.20824773686693077,0.35090046563743815
2310308,0.02506511216163869,0.041917598855696556,-0.026757988586953923,0.7018050171961074,0.06954514790941226,0.35983251239111996
2310407,0.9033179694101724,1.5106623116903042,0.8879203212691995,0.7836541498424344,0.41814592573082204,0.40844136495372146
2310506,0.547556720515217,0.9157055756736334,0.4463096088597911,0.9045632223001814,0.25240508281847124,0.21467123571951977
2310605,0.5536770952330752,0.9259409742074716,0.5024477962081164,0.8477143038722589,0.13191069686252654,0.42512292650021205
2310704,1.0849562492930005,1.8144247885492675,1.065845653855587,0.8526596626297008,0.4855649765939074,0.3544437181362466
2310803,0.6964863935615034,1.1647678680027544,0.6897245028265465,0.7637474096561964,0.29888191430132177,0.4440704447298134
2310852,0.49568184125700915,0.8289527071681736,0.423042464458868,0.8662986299946659,0.30450662142243073,0.18346148192083758
2310902,1.3626865686095315,2.278886628580137,1.3441743355796347,0.8545205250016524,0.48958169219442066,0.5093924038963389
2310951,0.2585243645892571,0.4323427934171196,0.1641958145907237,0.8493684243117525,0.06733813495494821,0.314202362769846
2311009,0.007980544588363565,0.013346250539305621,-0.06063283417974451,0.796423665440278,0.17695539485180467,0.12711727702976647
2311108,0.7676234942922834,1.2837338807203753,0.6766131225285962,0.9102584172706262,0.14749567494489307,0.44240400740494895
2311207,0.9269840025510888,1.5502401630603375,0.8633522218999256,0.8277615836556499,0.4291982257588183,0.34660445680612395
2311231,0.6079397617330535,1.0166870547563418,0.5087594634746568,0.9257514508784465,0.13374751092962328,0.3492143768654618
2311264,0.4539641283907515,0.7591861590742357,0.367242202334645,0.8127583420549778,0.2653493195780494,0.264593245071154
2311306,0.9494583218752795,1.5878250538005456,0.9881465011300072,0.6793094547535237,0.5632572523273691,0.42699531478657643
2311355,1.102903220906104,1.844438376834901,1.0656075901353728,0.8355534420912981,0.5668572217165756,0.2965175940119965
2311405,0.4380179056167141,0.7325185197995678,0.4026846355354152,0.797406054542435,0.20400422366957052,0.3511713851014718
2311504,0.6936992921822438,1.160106863622141,0.6636847115133412,0.8076402734921092,0.36750435941923026,0.31368779999135843
2311603,0.8081185174370437,1.3514556656813896,0.775475308670726,0.8199674517266761,0.35977993201396535,0.36929396729424885
2311702,1.0083697268544671,1.68634544445423,0.9890431571104048,0.830754815119342,0.4364042803902886,0.3863505329707661
2311801,0.7244227050573119,1.211487112314826,0.6764950561048031,0.789004682305638,0.434676774251316,0.2736926880328214
2311900,-0.03287227654908017,-0.0549738973028306,-0.1232710524362175,0.8536374199648441,0.10487686425473351,0.10509489973495191
2311959,1.1517441186920903,1.9261173714447217,1.0938107682515044,0.8435366725409116,0.7133209538115256,0.154368574157668
2312007,1.6066150660418481,2.6868200477048068,1.6366973508925087,0.8645659703847514,0.5848035274768146,0.5496945874829164
2312106,0.2702618307629167,0.4519719255541292,0.20664319711815,0.8163437237998155,0.17008672273277928,0.26332866485844
2312205,0.335325551131396,0.5607811306706809,0.27383843351458814,0.7754198039059652,0.2932234025839461,0.2130503010430421
2312304,0.9536638806520458,1.5948582130631777,0.9679877015663821,0.8023694928337828,0.36033588705336284,0.48242278955858686
2312403,0.12077821449168993,0.2019832471892252,0.06293574613277007,0.7766145329468538,0.26415456789322517,0.12577058213962863
2312502,1.1522593359092863,1.9269789941055224,1.1314007889589635,0.9092469217635376,0.3363924369847049,0.48584132028428506
2312601,0.5279586643818713,0.882930798922134,0.4551912177333804,0.8654459573115906,0.2829129867941014,0.22796132450354878
2312700,0.9503097720518342,1.5892489750946643,0.9613287934157585,0.7016550159402746,0.47591631821259206,0.4797398851884412
2312809,0.062341156995697915,0.10425613076430047,-0.024471005797793613,0.8471939473100732,0.09647185221996064,0.17381802343504682
2312908,1.016069118305735,1.6992215090098544,1.0245542933968377,0.8212422953560856,0.3262756310774549,0.5243736864688272
2313005,0.602838825493215,1.0081565124746568,0.5357582835742917,0.8470336060406081,0.29534740699126144,0.2789680536967781
2313104,1.078219027803617,1.8031578073375827,1.0531900333927238,0.8573462617094861,0.44321462848858334,0.39186919776141343
2313203,0.9741678527170612,1.6291479968242544,0.985078685767589,0.7409564216478636,0.5316315962353784,0.38887390024090585
2313252,0.7463183897893682,1.2481043244521737,0.7075875976774016,0.8384446172772998,0.19438116697582722,0.4821443780556182
2313302,0.5280662980031159,0.8831107998305529,0.47017971388305124,0.7307004326619259,0.35988297950078557,0.30854048777242643
2313351,0.19319262828358372,0.32308537229140805,0.12669451599514667,0.8129080015228868,0.20400248904013696,0.18556045844709176
2313401,0.24306865932693048,0.4064954702916473,0.21207718976651282,0.738365385218979,0.2610498422395267,0.2509646278230817
2313500,0.9007542461869764,1.5063748733994262,0.8850980328601618,0.8116392787414336,0.41944948285422595,0.3762451492530419
2313559,0.27756077714602523,0.4641783064625151,0.2000022218087918,0.872055867418449,0.17437123912415142,0.18910864194885788
2313609,0.586441935180626,0.9807352000874784,0.5773899825176617,0.7788891243018905,0.25731574723319817,0.4025578165756731
2313708,0.9264368442328225,1.5493251237520056,0.9197187737038648,0.7406834924540449,0.5271044191525674,0.3580249478950006
2313757,0.13655481357256494,0.228367216561259,0.05246567494070077,0.8460375492608829,0.15812774798526957,0.1563909648065757
2313807,0.3458898776267144,0.5784483646074634,0.27400032874500074,0.8156739202996445,0.14559072124340455,0.3280580122886899
2313906,0.17700880582939466,0.29602038358472443,0.13954844735887695,0.7861405360050798,0.09744852421563481,0.3315593102284015
2313955,0.3801725546144401,0.6357809427504909,0.36806509931006165,0.8087847823496811,0.27189091327542064,0.23094298350981757
2314003,0.8928255226339255,1.4931152856827927,0.8805380869901739,0.797004435875254,0.320677476975947,0.4942003569056073
2314102,-0.03661508251673759,-0.061233172670729585,-0.035184782154442484,0.5709722171419679,0.29099920279772756,0.2761976901556283
2400109,-0.25911337858141925,-0.4333278299924448,-0.28481706497230713,0.6626159983077317,0.15629690063857374,0.17386096032495743
2400208,0.18955658369371273,0.31700463913702376,0.14951712889835714,0.786068667533752,0.2394589422042731,0.1848122378834368
2400307,-0.04191342039902487,-0.07009383926258171,-0.07865364609213775,0.7311832348583315,0.12535810210101556,0.24160825183620357
2400406,0.26747547443902897,0.4473121671656344,0.15935660141176228,0.9227394215398989,0.11514093089565292,0.17696949897528105
2400505,0.662203607331733,1.107435107168974,0.5844461418083527,0.8666733022816708,0.3247777657017144,0.25732838408786085
2400604,1.5533293028552866,2.5977076897959366,1.573240899311482,0.8192709373548642,0.5810706988184307,0.5733713363902128
2400703,0.09485537407537882,0.15863122790585635,0.04150222513034309,0.7917539851791751,0.22492649624881575,0.13254497489575753
2400802,0.10049969327551263,0.16807049578221625,0.10409421438233142,0.6789744748922547,0.24624387514171175,0.2697009848934658
2400901,0.7063609171339241,1.1812815111626416,0.6479130450325478,0.8419262642849249,0.18269280188059112,0.46930072814656115
2401008,0.6774065070020906,1.1328596512809597,0.6238986335628409,0.8228829568723159,0.2915122039992096,0.35627283878080673
2401107,0.2747367121505388,0.4594554860394576,0.26472986215481864,0.6662746849439535,0.35588356268482535,0.2642523416245308
2401206,0.34669989435213316,0.5798029947381226,0.36572211981890973,0.7177860285039567,0.14423475117491172,0.48091324616755066
2401305,0.5210637331463742,0.8714000720774517,0.49360845169552686,0.7966665136148091,0.29269738170772336,0.30817585192585195
2401404,0.28011706506021034,0.46845331032666976,0.3004495237242775,0.6693883018160087,0.2588589502127733,0.37999596017824583
2401453,0.3299142652947467,0.5517315757542129,0.32237200595335924,0.7031355211561873,0.3074298211910891,0.3026960999667717
2401503,-0.5643866595642258,-0.9438510963987258,-0.584682070365735,0.5566632886192299,0.126352506710641,0.16034846801466932
2401602,0.16847030443157873,0.2817410348982172,0.12245782021477686,0.7520400511698039,0.19992130185621834,0.25814090988824184
2401651,-0.33817238682412737,-0.5655420316316039,-0.4161027450932251,0.769649046130958,0.061208847258255296,0.08488037080049081
2401701,-0.20142991676852218,-0.3368609880613922,-0.20981564109159237,0.6260770276497826,0.1981981223822276,0.21120479492553432
2401800,-0.3847420138216878,-0.6434226702960002,-0.3923128141032033,0.5838952680036739,0.14119208031287503,0.21770450330437807
2401859,0.4184144637641278,0.6997347362494063,0.4648895051452706,0.6550621180686395,0.4379095781521125,0.29135105427545077
2401909,-0.26123058874106875,-0.4368685429002138,-0.2802536241134044,0.6000743589371264,0.1594563988007051,0.24482945695354194
2402006,0.401612713860132,0.67163635759434,0.39752315999914534,0.7087968087576689,0.30157087958638007,0.3392616561060686
2402105,0.6729435263047767,1.1253959928953796,0.6557025329549826,0.841912157803771,0.14051705222644523,0.5071413099544232
2402204,0.08724933023497469,0.1459112730728253,0.08276988117337478,0.7469583904586258,0.13970046128165606,0.29286697051347854
2402303,0.3865524428968628,0.6464503383646882,0.3444554769427891,0.8263423360928028,0.15261910917801874,0.33784073411191207
2402402,-0.7084167663169588,-1.1847196071426842,-0.7228763785819279,0.5482486167108287,0.07165133076013247,0.14454123278186762
2402501,0.8094967032538124,1.353760472451987,0.8301936952752803,0.7211880959785274,0.4170033137338381,0.4417125753524098
2402600,0.324407468611568,0.5425222934315651,0.32366633692953983,0.7336361103638982,0.24293412140070628,0.3362250679483572
2402709,-0.04271452142788493,-0.07143355924285114,-0.04373601069902793,0.6479942778588641,0.2031834419323786,0.26669992861653785
2402808,0.4318297287070708,0.7221697323824701,0.42739702238810096,0.7604718580152942,0.19573513067821832,0.4120760870221343
2402907,-0.2504310590463709,-0.41880796728207026,-0.3627696551564522,0.8661143646098194,0.041430836446853914,0.030552319693757535
2403004,-0.13490010593858107,-0.2255999689871206,-0.1573814795432561,0.7319540725712391,0.09558520461238641,0.22627510652596736
2403103,0.08077013066944061,0.1350757943986176,0.09845127883121346,0.6295656927610853,0.24306912970259545,0.3244923243514763
2403202,0.7210285240141172,1.205810859262586,0.649921379232364,0.8637367704353655,0.3996940223641559,0.223244633951964
2403251,0.4235720675586118,0.7083600464223517,0.4939542309764313,0.5121740538271873,0.3988147653632665,0.5107187011336274
2403301,0.04781375510707844,0.07996125425005846,-0.06692354149564583,0.8965651916942164,0.0869643405037472,0.11090490453241003
2403400,-0.08207711917427264,-0.13726153446238626,-0.08907493186464582,0.7237291794568327,0.13201457166240635,0.2295201552506968
2403509,-0.49026178061021736,-0.8198884777124807,-0.49755125994418936,0.6056422531926954,0.08483287401481727,0.1935192555289381
2403608,0.11879655607580832,0.19866922401588905,0.13702484847262453,0.6280458037007425,0.22720488165272004,0.36703783368435844
2403707,0.7608976820703335,1.2724859797782075,0.7025946090190729,0.8634625452824003,0.41294294355683175,0.22564626058910853
2403756,0.19277447035404394,0.32238606656974433,0.18476156610507846,0.6619002536263469,0.2619920890194279,0.32903038928494527
2403806,0.5155951979966605,0.862254776366994,0.5257471363086829,0.7174413490913506,0.38939987178537044,0.3080327853719542
2403905,-0.17100974655724924,-0.285987866735819,-0.2555305367499159,0.797053745744389,0.10845273647142001,0.09273850340831852
2404002,1.2300875941347147,2.057134952989441,1.2526592023364687,0.8599902183959958,0.34449572622352687,0.5962450378529244
2404101,-0.38970223349722904,-0.6517178854641846,-0.4019496079988986,0.5572161382197808,0.11968876253415907,0.2707458728483956
2404200,-0.35386065898978686,-0.5917782876331054,-0.34671922706569636,0.5916123896281322,0.14510381438277364,0.2276769689580226
2404309,0.9409119990710225,1.5735326249979165,0.9534897552814423,0.7850766227042176,0.3723239960866678,0.4896125999249917
2404408,0.5714386296999777,0.9556444469884438,0.5802082602592448,0.7318723390800655,0.345573711797639,0.36879032592204436
2404507,-0.26485025736960943,-0.4429218897427598,-0.3211792410974097,0.7331651848308317,0.09817196538309665,0.13579345261689166
2404606,-0.015252306832059661,-0.025507170097118486,-0.03023824089752293,0.6786637294192719,0.16772137001191278,0.28465725070598563
2404705,0.5910341304180899,0.9884149501955053,0.558629104845432,0.8114952064358261,0.31416484849733417,0.3052980078829364
2404804,-0.12916318431450088,-0.21600583760027578,-0.18022106061311347,0.7573432516564412,0.10037776455964194,0.18182221643247684
2404853,0.5569787563986267,0.9314625017954006,0.5374971969960461,0.7852369955896578,0.11687329089168168,0.531317131857398
2404903,0.15224067307799347,0.2545994377544148,0.061573707399240965,0.8729813986744949,0.13398597761146672,0.15563368895085897
2405009,0.5482635184832432,0.9168875880861328,0.5941281386270955,0.5988853181566403,0.3484848027652925,0.5283927008188947
2405108,-0.19532528074903055,-0.3266519101137292,-0.25052231043115086,0.7016895001920087,0.12031229059892286,0.19228610963720497
2405207,0.9544353587547726,1.5961483931919365,0.9548542381000501,0.7695808829285022,0.4579956747978704,0.4164773892813944
2405306,-0.2511846508587355,-0.42006823530273285,-0.2517365909277797,0.6132583586117023,0.06169080397568442,0.34771946452800195
2405405,0.33982546927401763,0.5683065613318119,0.35446020712624543,0.6881565282399514,0.28135894707431025,0.36227211215311383
2405504,0.015208230483399495,0.025433459088357015,-0.04319804601194524,0.764602399581355,0.1920731241365573,0.163621918903322
2405603,-0.03319725516534736,-0.05551737475409914,-0.11020162766704529,0.8134448946955423,0.06727800360760731,0.19902481984891263
2405702,-0.30776923630831005,-0.5146973731655684,-0.33479531993460926,0.6727748732133807,0.14135799336580282,0.1491009484364759
2405801,0.025464923388092173,0.04258622249880678,-0.01134067826407539,0.7104789267016232,0.2345100111736732,0.19091309210961327
2405900,0.7292960012609584,1.219636961158594,0.6968952525727575,0.8636219995946869,0.04512810897874736,0.6070278448151792
2406007,0.14185881541066137,0.2372373552602381,0.01811288177890333,0.9078791759319983,0.08723488749493996,0.1478461045602578
2406106,-0.083987353804117,-0.1404561121853068,-0.09246815667428214,0.6971209934440458,0.20635506661725936,0.1803170102210158
2406155,-0.17542013092830133,-0.29336356574219075,-0.19911107840152703,0.6815983065837664,0.17917786963744353,0.17345955499229015
2406205,0.09390435460099164,0.1570407920612353,0.03558568878106775,0.7448280153564174,0.22476622556560577,0.19664792088932073
2406304,-0.06717486276998512,-0.11233977061902757,-0.09475442319902393,0.6689414448684822,0.18725728614643988,0.2416544460710057
2406403,0.3716918985809646,0.6215983316633388,0.4078639673417322,0.680224753539158,0.20420108625099945,0.4803767514138957
2406502,-0.31068386828060207,-0.5195716531224523,-0.33931167509618904,0.6494724032738436,0.11362757797949542,0.203783511855026
2406601,0.09017659455506752,0.15080667871565495,0.07323892510082074,0.6641914351932947,0.18357009836875196,0.34410628889569317
2406700,0.3545417899064733,0.5929173757947604,0.3551864473920003,0.7098413320282256,0.22156012254326415,0.40520650615948384
2406809,0.4766004766872355,0.7970420186981971,0.45592794935504144,0.7643887792680194,0.19348842720764323,0.43132859297244325
2406908,0.6305559588399265,1.0545092145716954,0.5770712014022372,0.8849622471893596,0.11846860884364678,0.4397517038506817
2407005,0.8161362253132209,1.3648640661835874,0.7206274690729909,0.8885997621858458,0.2951271663315417,0.3432889990878077
2407104,0.12199860550120276,0.2040241660749643,0.1409172330749157,0.6255775827116307,0.24885966747256502,0.3524223628458046
2407203,0.2323918814758765,0.3886401785161404,0.19057524790640393,0.7343705778706147,0.26408243072441745,0.24574282517873336
2407252,0.8543091894870566,1.4287025596661995,0.7357102691587674,0.8953816616773475,0.31228656562306734,0.33510551252283266
2407302,0.5546043257950016,0.9274916267036956,0.4656615387289441,0.8971592997744003,0.12930812114671725,0.3609592241685587
2407401,-0.12776335249987608,-0.21366483118097526,-0.13580768196266282,0.6243795345897185,0.16486335001399502,0.28842117000707407
2407500,-0.3722845976333505,-0.6225895309430325,-0.3877428636180922,0.6144210452515653,0.14708440861447686,0.18148094393791048
2407609,0.1279088147781508,0.2139080947813949,0.06514903694107323,0.7840287472035206,0.21363588474278336,0.17055989728953805
2407708,0.6545597263248221,1.0946518754131334,0.645050419310214,0.8128484548010816,0.1713940332103103,0.5001260332164943
2407807,-0.3298823435928622,-0.5516781915488776,-0.33282000893637526,0.5884928957375224,0.15223255693740725,0.23638166885674394
2407906,-0.10267279367095794,-0.17170467663335312,-0.18890353471731314,0.7928795119663318,0.0970601115925313,0.15210772609451684
2408003,0.5306611838370703,0.8874503528619772,0.546938355828407,0.6777439141143193,0.399127769632641,0.3574327087628914
2408102,0.36639927103288905,0.6127472147394585,0.42611238644216026,0.5553385730743096,0.42120541641308207,0.3985007457445104
2408201,0.21731026197569567,0.36341845709610354,0.23570939212730035,0.6435883476806221,0.23007696800604485,0.39787303260473905
2408300,-0.2590904378483864,-0.43328946509551053,-0.260835575428153,0.6202124920784181,0.11942134554854274,0.2712535107829592
2408409,0.23288469629525108,0.3894643365640067,0.17602996813384922,0.82632615465635,0.16889338432977138,0.2294586729499424
2408508,-0.005765498097985449,-0.009641921205703122,-0.001970910913154686,0.7038278433928982,0.14639034978938023,0.2850761262229401
2408607,0.3385878543428663,0.566236838049216,0.23676971488469623,0.9134556852581328,0.024928275522656612,0.3252131091192904
2408706,0.08543796223363197,0.14288203479251416,0.02508176541049265,0.8018318660497618,0.16675634330068292,0.17815236376614993
2408805,-0.277897863707294,-0.4647420326155755,-0.3343812789967905,0.7175131822834969,0.12294000587934084,0.12090961063552065
2408904,0.012678123079130786,0.02120223815664787,0.048976665591005254,0.6083083473259882,0.29510350374255434,0.26587386765850224
2408953,-0.423611773136319,-0.708426447979541,-0.4255024856661909,0.5737090960091774,0.15356264843182557,0.20097310593050063
2409100,-0.1842275264627415,-0.30809259909322195,-0.20131754137568017,0.6242304471776264,0.05480880519555237,0.3775616620677161
2409209,-0.04100034082355957,-0.06856685214515476,-0.06603108745845862,0.6487980671828409,0.20506691264086566,0.25850558314024236
2409308,0.6251994543762935,1.0455512731937608,0.6079490666798076,0.7766728683132403,0.26841741651899226,0.42248887389232204
2409332,0.14046044436862237,0.23489879176155473,0.1418043212572951,0.6893921020655162,0.2273531375764033,0.30493154512991283
2409407,0.04211614595434666,0.07043286700963443,-0.027124923619986196,0.7884592931484385,0.19247444788363333,0.13798317921753994
2409506,-0.3726974482734858,-0.6232799610280411,-0.4224655886774934,0.6880999944877014,0.1316163182878315,0.09912430755017164
2409605,-0.1407491990710516,-0.23538169021044503,-0.1965897733474946,0.7016221537898081,0.17012222530872664,0.17182640993644513
2409704,-0.13711298996726665,-0.22930068193148892,-0.14148351487378663,0.6199799061635289,0.14608726684978846,0.31404370498629636
2409803,0.27866914235948503,0.4660318791935608,0.2687365241225684,0.7579378053734876,0.20665463562220435,0.31205061652641203
2409902,0.18118303435753413,0.30300114775789844,0.15093831200170518,0.7684193887348045,0.19965788027168027,0.24679026039550292
2410009,0.6315892988199405,1.0562373189777101,0.5610743633030343,0.8922268126311425,0.17402365405401457,0.36965451733321486
2410108,-0.05656321884462837,-0.09459340545640262,-0.08980587772610692,0.7152741990070116,0.15898107565225125,0.220926638458424
2410207,-0.670566839545669,-1.1214213447257853,-0.7373822979665603,0.634691564794004,0.055485035730487964,0.060819782156742296
2410256,0.6650426134153082,1.1121829142959783,0.6770184988605124,0.7628406425158509,0.37965196223874836,0.348533306768489
2410306,0.14438789945432298,0.24146686477652898,0.15583144391055415,0.7570494943575307,0.06759926206057364,0.39878914208232397
2410405,0.6824378076319545,1.141273738565509,0.6841520352108522,0.7190795544594785,0.3151465843917133,0.4782913387957519
2410504,0.3298885373192292,0.5516885496169207,0.23133791345035448,0.8756216966743668,0.19340834064576704,0.18722695065381223
2410603,1.263704940699146,2.113354866899798,1.2523276969813324,0.7938083765845526,0.660196058720732,0.34073230018764294
2410702,-0.5629432583781773,-0.941437226813206,-0.6487805203556878,0.7477011901013239,0.024045097429600735,0.022082316209376864
2410801,1.2034647258500062,2.012612243258487,1.1390277542126783,0.8939727020996623,0.5105642347442673,0.33226036634520545
2410900,0.17443751885292155,0.2917202960635669,0.17256454658033754,0.7086310888444527,0.14383799672621117,0.38721348728210275
2411007,-0.16021874439522168,-0.2679415521228286,-0.2550341815228212,0.8088398055199587,0.09996122429669212,0.09455871632383654
2411056,0.39720347756767466,0.6642625785753069,0.38292828117870026,0.7516305864755619,0.30203901511868964,0.28356154458785193
2411106,-0.35698180025069426,-0.5969979230571555,-0.3214091746972441,0.528494269997083,0.19728497897963004,0.25140893185167257
2411205,0.863216962349135,1.443599458875042,0.9039001786845954,0.6782819760695479,0.2905243538106105,0.6747226203717777
2411403,-0.06157268620913402,-0.10297097991575115,-0.09470651336077224,0.6731502819131195,0.27787912795151454,0.14040276922045927
2411429,0.19418720551807345,0.3247486518840745,0.1865948296976109,0.7522833040429749,0.21450332629065613,0.2731267248537862
2411502,0.20173151188506067,0.33736536015557544,0.14041637236389126,0.8248335873777816,0.17592899280667948,0.20773844681490009
2411601,0.7060499437452834,1.1807614553306238,0.710804754678956,0.7502292911975502,0.40265041505311566,0.36082040007338506
2411700,0.25804364929894863,0.43153886999666957,0.2912564841209871,0.6745840189947857,0.06775343442067376,0.572169539112425
2411809,0.012102554176677419,0.020239686454853436,-0.004401795033134315,0.7277243293734439,0.13126891796507198,0.2755624767380472
2411908,0.4037054188604292,0.6751360893394077,0.38246261207595533,0.7413003816310471,0.3253426681354407,0.275452421365449
2412005,0.061464760253330586,0.10279049012211668,0.07746575883437094,0.6063355120326376,0.2967560992352946,0.2885899690681481
2412104,0.24011770356750586,0.4015604443094463,0.19413773813186258,0.8005952524193652,0.12131342645656457,0.3171827573951111
2412203,-0.007791077378704765,-0.01302939536468775,-0.007137697117903525,0.6649491218707189,0.2186646276388161,0.2539507534333502
2412302,0.2990843040097046,0.5001731410043819,0.31172083157061053,0.710200494877128,0.2639190256728929,0.32871749118514
2412401,-0.24206382533486218,-0.4048150378274129,-0.2675994071790278,0.6673585642577371,0.19133964997404304,0.1362173019126539
2412500,-0.1833667535642592,-0.30665308696051113,-0.28779905498737296,0.8318186640638577,0.07475923808344899,0.07505343649304823
2412559,0.3150184963458004,0.5268206611960613,0.29699542369663373,0.7281512241786924,0.15609089195734308,0.421281784281061
2412609,0.03371922483475506,0.056390289867184716,0.0629958500081214,0.5985758878840357,0.17721980166872106,0.4112959595023502
2412708,-0.20743333171748457,-0.3469007891192162,-0.2193351039270854,0.6637823220714599,0.12766841912492422,0.23823981509200784
2412807,0.19150515167298887,0.3202633235734477,0.15872612748805948,0.7539858971316207,0.28697963737407056,0.17787297887848222
2412906,0.6891090103788573,1.1524303134424279,0.6835886584397646,0.7506867243755105,0.28114722164949374,0.4732226836662942
2413003,0.3254275316840156,0.5442281942231766,0.31218598177425166,0.7443185246057348,0.33534476295131815,0.21913559317811748
2413102,0.00023082807699897,0.0003860249526864866,-0.011798226524790635,0.6654277887131829,0.23343399490440428,0.23883878007440362
2413201,0.23016547683842808,0.38491685440407614,0.2776301239360493,0.6276094243052787,0.2657525121796207,0.40267026041899867
2413300,-0.12938735431900777,-0.21638072793644517,-0.1551622016090764,0.6615348304856355,0.22484379505748545,0.18375340647287508
2413359,1.0179900490145997,1.7024339743028287,1.0360119975815592,0.7416867429770679,0.5822295155759952,0.3625835756756896
2413409,0.4006710257637161,0.6700615270642314,0.422703116559135,0.7039110131114942,0.2654440768617667,0.3911372158731006
2413508,0.1475831262458799,0.24681039701519347,0.10605561216850182,0.7626512455975626,0.1274328869849594,0.30669241479112336
2413557,1.435433742933612,2.4005452452078018,1.4686025242787875,0.7491711326747997,0.6922296683061023,0.4771917454088046
2413607,0.5323263628075193,0.8902351121583288,0.49878371739808597,0.8139231548176276,0.30904937103133456,0.27217517971401944
2413706,0.36757776618524995,0.6147180691578022,0.35524619251412237,0.7614539188854029,0.1428797042372306,0.4279324696062303
2413805,-0.42532093894453815,-0.7112847685912658,-0.5039487174443542,0.7241007909948411,0.05031388118654891,0.10106630679016206
2413904,-0.04565514787319353,-0.07635131101367904,-0.06562263734333468,0.6857126545097465,0.1602690304930028,0.26849822033051157
2414001,-0.1149952325434318,-0.1923120868954435,-0.11976935356960554,0.6111816908768435,0.07664962221079712,0.40663269368294325
2414100,0.3157267414557726,0.5280050937339998,0.270289327089296,0.7727006993192648,0.12807881163639687,0.3874213735732776
2414159,0.39645554994812765,0.6630117830581318,0.3438773332100029,0.7991694591198328,0.4324388491969613,0.07941468751761623
2414209,-0.16942943394864077,-0.28334503355928803,-0.156129330088826,0.5928938834768265,0.10661363135158526,0.37068266044640535
2414308,-0.23906905385223248,-0.3998067366929988,-0.2737692146375737,0.6757455047330123,0.18008388946086687,0.14003491817669703
2414407,0.08908077107841568,0.14897408013741092,0.09190188120691295,0.6692021076413611,0.2078950067736567,0.3182417750137424
2414456,0.26233167236763155,0.43870993828145927,0.24309474608991685,0.7295871837198944,0.39681141103009404,0.13831004397837826
2414506,-0.086186869164863,-0.14413446805996352,-0.16340383647436074,0.8116179300775436,0.09790500153611388,0.13641333607588949
2414605,0.33069622627476336,0.5530392869054646,0.2997327023531919,0.7538262286226226,0.2734885124547394,0.2710258890167506
2414704,-0.48610146118682834,-0.812930974407625,-0.5317917422668719,0.6684723064049326,0.09071574461066644,0.10328215928389095
2414753,-0.12309766268872903,-0.20586217254423902,-0.22894882218794482,0.8014148497782179,0.020079142348726847,0.20607742473586896
2414803,0.07401985790940704,0.12378698691605326,0.12194561667903524,0.5643188488249368,0.1130216592041519,0.5471427652940639
2414902,-0.22814164982155224,-0.3815323106406309,-0.3201139998717838,0.8044918141298666,0.08279877054966732,0.07881530626335498
2415008,0.8158548722949562,1.364393545928964,0.8536284498924473,0.7423664145141987,0.39959203526743975,0.448960528164068
2500106,-0.24274300832824053,-0.4059508683827462,-0.32875304299143665,0.8103711920806574,0.10006086874552834,0.045247358536291686
2500205,-0.02338668390722346,-0.03911068214122327,-0.10864274759565802,0.8211086470602234,0.10188468747479433,0.15150183691128205
2500304,-0.4339529345248645,-0.7257204721192171,-0.49705600056985677,0.692182006342735,0.08734665242152084,0.09583376971897818
2500403,-0.45811493692655747,-0.7661277568619766,-0.4845781568304719,0.6022591197007731,0.12512893267804223,0.16550256834042446
2500502,0.13383368840400228,0.2238165473874534,0.05773195416962887,0.749980828936763,0.15488623592610118,0.27818214988532597
2500536,-0.1024084031014583,-0.17126252350185917,-0.10834834346169098,0.5821749621068838,0.4018568724742953,0.10097521580696371
2500577,-0.0025148408586751427,-0.004205689949442641,-0.09623939799419706,0.8338187251667213,0.05709783284363554,0.20081112357452982
2500601,-0.23306815032399758,-0.38977113560547355,-0.26172657181688264,0.6757249237763597,0.12805961738053193,0.19816138635289363
2500700,0.22894538676868337,0.38287643879446037,0.16607806297375108,0.8175206404151809,0.2555065021099833,0.14742183584978238
2500734,0.46902776154601583,0.7843778010601081,0.42007659108130896,0.8680661496737011,0.16800455672180814,0.3200456036907017
2500775,0.21121424608502234,0.35322379500660867,0.16698176777754206,0.7699817297087046,0.1616404038895813,0.29517197680132456
2500809,-0.11177023720451376,-0.18691877127584886,-0.18555353171669825,0.7490960099268281,0.09612968272188993,0.20043807019195112
2500908,-0.37079650923825946,-0.6201009287774013,-0.43478451948096747,0.7263226691354087,0.0801359256870717,0.0987143023559368
2501005,-0.8018151600439372,-1.340914256373327,-0.8476048901414436,0.5824132759999965,0.06282945530772333,0.05082546988430006
2501104,-0.0003573796721498772,-0.0005976633034693767,-0.05529844976537509,0.7308467609793637,0.28219924488392767,0.0964968225981297
2501153,-0.5281391333208579,-0.8832326058536792,-0.5813004766216106,0.6702240965637477,0.14040497185346137,0.020621958339453676
2501203,0.15210461229257122,0.2543718967250134,0.19288107009514713,0.6036209762139307,0.13912336509779846,0.5152872275872359
2501302,-0.12359885445645194,-0.20670033976781682,-0.14814398782030833,0.6985600393101703,0.119196011811972,0.24772204976380793
2501351,-0.2910479367824237,-0.486733535567236,-0.329370429485316,0.6865002796477002,0.23146237595805277,0.038947087363584064
2501401,0.30644968617271123,0.5124906256793689,0.29803967673246035,0.7664379212897715,0.15104802070449577,0.3791899959195715
2501500,-0.09268753014198114,-0.15500583769032797,-0.11301770725589017,0.6903624547016726,0.20233174325817518,0.185052268788472
2501534,-0.1253371565205658,-0.20960738634888385,-0.16828057045542627,0.7529840943819046,0.0359977039835282,0.26640483420971284
2501575,-0.23483476637107636,-0.39272553302910923,-0.23531086464842735,0.6227565594328719,0.09986980725139544,0.3043708286243481
2501609,0.1550612666391857,0.2593164527300736,0.13104965565413357,0.6929877529504594,0.18774157747067824,0.33953320810728993
2501708,0.2081683640073292,0.34813001915309777,0.20891425661523166,0.7519060575804885,0.16789846361769475,0.3219295419778411
2501807,0.0007685690795090263,0.001285315228593352,-0.03805928566540631,0.7149560451003921,0.26751299592615935,0.13321604885838131
2501906,-0.350196749236571,-0.5856509542189016,-0.39134458604869543,0.6653986790168059,0.13764454688534639,0.13074555124105944
2502003,0.1275988637358929,0.21338974866865912,0.07480133169797898,0.7476976878931305,0.2366668044947788,0.19156695938621357
2502052,0.13276986312291836,0.22203746093862944,0.07266320415181204,0.8373493661167601,0.08092888462849222,0.2562418547316771
2502102,-0.2581709641562733,-0.43175178478768605,-0.34284298295216803,0.7891828768236069,0.12642214369122737,0.034531451049159036
2502151,-0.0860154497337243,-0.1438477950578957,-0.07263780141138935,0.572572886873365,0.3112814852965382,0.2298253259784219
2502201,0.37909889166689054,0.6339854042964286,0.2903797441596222,0.8572813912923146,0.2650739088776196,0.1652670647258472
2502300,-0.05325746088348634,-0.0890650265991457,-0.13589178141416444,0.8341340647477274,0.1715480454561226,0.04304881724079682
2502409,0.06386635388244728,0.10680679125456405,0.027058255998811613,0.7452666564858926,0.16471379517892426,0.24043690122760075
2502508,-0.6045803730816793,-1.0110689867030016,-0.6599620211439381,0.6566439558927468,0.07674669095877677,0.06242660597856656
2502607,-0.02213633935367119,-0.037019670495665076,-0.09240358428446853,0.7753207386606097,0.1198965867211494,0.19817448173692895
2502706,-0.6477945767282021,-1.0833381886775155,-0.6988872420836993,0.6362716588714746,0.0396125977402875,0.09999761945312012
2502805,-0.6868257865170061,-1.148611967794435,-0.759473846374638,0.6861296767321372,0.02171474663281317,0.03074877495355982
2502904,-0.32651169484419446,-0.5460412926904576,-0.411862253048513,0.7317744335675282,0.0674470842518476,0.12596777681229324
2503001,0.7557168374717783,1.2638218028850234,0.7485303965017432,0.7750581893006018,0.4008739286459085,0.3581372040295078
2503100,-0.20509540447344585,-0.342990960360524,-0.20587161628320697,0.6703255127295903,0.06224969524932733,0.3014617727454103
2503209,0.10091326131419284,0.1687621256074945,0.09217086695290562,0.6479330002898531,0.2749979489180158,0.2684147138952376
2503308,0.49343675923678104,0.8251981479659176,0.4424492021440716,0.8551554743282276,0.23430304270400928,0.2777294734241145
2503407,-0.16644661888384896,-0.2783567277204644,-0.24077629506910186,0.8006288534157914,0.09134819324314487,0.11663668840160868
2503506,-0.5486349596785182,-0.9175087671545367,-0.6167098867487251,0.6828982505678319,0.08227682991140522,0.04824395788128987
2503555,0.016057162494642906,0.02685316913288348,-0.03430607097410778,0.7504081796347094,0.2510668010072303,0.11945788474702408
2503605,-0.5204132507791532,-0.8703122389667899,-0.5759858341713358,0.6487105808432531,0.11920881015081063,0.07103438829631492
2503704,0.6771061437512396,1.132357339295321,0.6557130430618806,0.7937802282210863,0.4345781021289284,0.2554777309462872
2503753,-0.1321007916140639,-0.22091854030771094,-0.2206728718151879,0.8100776288127357,0.15758303902241552,0.04239782357185975
2503803,-0.24929915282696002,-0.4169150257886685,-0.3265221918958246,0.7452479744197268,0.054581547458284974,0.17036112933619693
2503902,0.15222990589825638,0.25458143127919475,0.09049771118995552,0.8605610913368024,0.05230866912469643,0.26995325103577095
2504009,-0.6486947215412265,-1.084843544366374,-0.6304323106570942,0.4895934361465997,0.09065496371243187,0.24037222046265383
2504033,-0.11010034681808842,-0.18412613285078366,-0.1411845022487964,0.644075844791441,0.32958545817781304,0.0896699840164804
2504074,0.25662423464568634,0.42916511424957154,0.20314572227651903,0.801401189705798,0.08546711388939014,0.3651862033068339
2504108,1.07759620887509,1.8021162371328547,1.0755864829968629,0.9301932372364767,0.3023674833601203,0.4676595736717895
2504157,-0.34854843972777194,-0.5828944065388312,-0.42579074783101944,0.7654911559694854,0.10444082177498787,0.035291476221586245
2504207,-0.6282824012641396,-1.0507070343212104,-0.6794667996979857,0.6366790578211617,0.10669949499872204,0.036507130823066454
2504306,-0.48465439112588404,-0.8105109691852431,-0.552710626672729,0.7001951188632421,0.0688610173030924,0.07867499590834487
2504355,-0.3768028437964579,-0.630145612438901,-0.41774418139241576,0.7052515277680728,0.08302371839463452,0.13200979296353577
2504405,0.17652867907067013,0.2952174443940951,0.13367134071799092,0.793937329355573,0.05604183027725515,0.36282331790531774
2504504,-0.28515781536889884,-0.47688320076596774,-0.3535513613787081,0.7574783512682125,0.13613686757354962,0.05011027802708207
2504603,0.17620346636227072,0.2946735754592365,0.15455673171645984,0.7319532631966825,0.2619565180045006,0.22042886140346027
2504702,0.5300298127365514,0.8863944804465671,0.4490097973612619,0.8256214162090793,0.43503912479759593,0.11204416804289852
2504801,0.01948956572853233,0.03259334300249706,-0.05545430902900682,0.7994078288743061,0.09583743001271118,0.21374655384081875
2504850,0.015332678848109455,0.025641580105191852,-0.045072054693934986,0.7422788199345284,0.293707240742587,0.07696813092161929
2504900,-0.04816415879617488,-0.08054725127980937,-0.09774587785160259,0.7520519309947895,0.10962949608914167,0.22250132713143134
2505006,-0.3781172826086872,-0.6323438120119199,-0.3864970286155152,0.6478911655139765,0.031351118066405025,0.26402902359915603
2505105,-0.23135171147669423,-0.38690065193886897,-0.2845178966299555,0.6970265265497887,0.22177569425511487,0.06944492434383324
2505204,-0.34447191583473785,-0.5760770385505327,-0.36450248545761776,0.5954147942351398,0.16419349465199815,0.19816203672800425
2505238,-0.03859002790429158,-0.06453596932224809,-0.07951243993280685,0.7333552721608615,0.14304142317006113,0.21993666901616007
2505279,-0.5521110399900919,-0.9233219843127562,-0.5926192698709586,0.5943040363394568,0.06384698824193459,0.18103002714049485
2505303,-0.5287791525896889,-0.8843029410190583,-0.5719941764707087,0.6205701241784315,0.15691502443136593,0.05785481981785243
2505352,-0.02840969626570239,-0.04751090854883412,-0.07485623048687468,0.7509177426324797,0.2527864560545336,0.08747084324841174
2505402,0.1370409762806062,0.22918024996174235,0.09427255410098097,0.7406692351583991,0.29247038516376805,0.1602768450146523
2505501,-0.5223162919059208,-0.8734947866467409,-0.6072442985401891,0.7473770509693626,0.05299264850126074,0.012576674522774044
2505600,-0.09631196329372664,-0.16106715247537312,-0.1722251313579587,0.8109460399175278,0.08919889548841065,0.14100384506625813
2505709,-0.4990531675631226,-0.8345907391386668,-0.5704710097211624,0.7031288862438085,0.05597588031556183,0.08011438140718868
2505808,-0.6394973202473146,-1.0694622855287172,-0.6900646552847383,0.6108896924920028,0.0496177165922643,0.12385825639609505
2505907,-0.6513710504549342,-1.0893192985974838,-0.7041337779332109,0.6515805004352937,0.03658319883307876,0.08280598035725416
2506004,-0.34201153057151723,-0.5719624173260568,-0.373581593113895,0.635515636274425,0.09238493745169711,0.22710847422793265
2506103,-0.31620044497565286,-0.5287972910317744,-0.36616675492206796,0.693055416110572,0.0485374545117942,0.2153481245373989
2506202,-0.25144059159713533,-0.4204962573731665,-0.27294316861745926,0.685395697615041,0.046543342706484504,0.2716480202024271
2506251,-0.4786287423323267,-0.8004339853941946,-0.5262088338230865,0.6880386428853429,0.056443399908057336,0.12223745497305095
2506301,-0.13792814538196702,-0.23066390574066675,-0.1817724487813217,0.6104766496321505,0.23434375953498865,0.21622894332731538
2506400,-0.5288552296406507,-0.8844301683493722,-0.5812227462223022,0.6554995200712667,0.09779702622984905,0.08115239106507353
2506509,-0.4999695734113619,-0.8361232889428643,-0.5478700132040163,0.6630527889670358,0.08976455683991198,0.10259138883216719
2506608,-0.1139327502101392,-0.19053524632313654,-0.19633099295219641,0.8068166785497253,0.0930375033062497,0.13006642090051987
2506707,-0.2548703090024585,-0.42623193960182076,-0.3165806177441536,0.7455662495761558,0.1609705811855199,0.05588755951557195
2506806,-0.18705274875956035,-0.3128173549272481,-0.23230564136379947,0.6978522841471916,0.13333745372457798,0.19075442037879817
2506905,0.13207932413869966,0.2208826392108017,0.09499314072054937,0.755913318847881,0.28142523231059885,0.1416029226813165
2507002,-0.19563899035324045,-0.3271765418513272,-0.26916305299564425,0.7679847086361029,0.15535899383145482,0.06426632627665595
2507101,-0.4212090314819369,-0.7044082269489405,-0.4598783677955318,0.6359876950016803,0.1021934277773016,0.1613957621376375
2507200,0.07467606091266243,0.12488438692292259,0.05654322611242993,0.7141090620926666,0.06316390215593766,0.40245151737255974
2507309,-0.15804531270199365,-0.26430681722639265,-0.18032373827735274,0.6570417686103871,0.15642868329821022,0.2359395208395448
2507408,-0.16364002084358806,-0.2736631181310809,-0.25726783396572306,0.7913071122494796,0.11459729876577224,0.09621625865034246
2507507,0.2726219931194671,0.4559189391664444,0.2933268905384935,0.625965576920345,0.3670352366597511,0.3045397835126478
2507606,-0.3427312457378043,-0.5731660317936973,-0.4324486444504507,0.7842441748171581,0.0541997713010553,0.0665604088801751
2507705,-0.30994837286593124,-0.5183416485825342,-0.3391485884464424,0.6706997010254523,0.1478393101315331,0.1436809222873727
2507804,-0.11543952679703604,-0.19305510165541637,-0.1299663401988338,0.6433905112657752,0.2195119654880875,0.21476765760835267
2507903,0.5309547305251132,0.8879412651800809,0.5415507135378919,0.7671155978870455,0.15812710736359345,0.49870351247906375
2508000,-0.12120325609249583,-0.20269406480714217,-0.22930911068278143,0.8715094687608319,0.05137337673504943,0.08538972160707253
2508109,-0.17858621692927049,-0.29865836442792637,-0.2804244103187394,0.8343038462380384,0.06907115405851087,0.07788602275365296
2508208,-0.34372589870039844,-0.5748294380301339,-0.4070167435805844,0.691127316496623,0.08337536033985164,0.15585594386884424
2508307,0.009148124622453842,0.015298851077667501,0.03792158012870661,0.5506195487026316,0.2769186820755082,0.3456105274660359
2508406,-0.0558653483612725,-0.0934263229081221,-0.14923576058967541,0.8873119052138474,0.057980946762089806,0.09989604691271259
2508505,-0.18059919705563343,-0.30202476841196724,-0.2199149348284862,0.7164140864004166,0.13339366818860104,0.1791723537228708
2508554,-0.4048485150757803,-0.6770477444040071,-0.4763091237796304,0.7014319010806034,0.07962021332497582,0.11369057926688873
2508604,-0.0775371974339821,-0.12966920385087574,-0.12679980076148084,0.742786469643932,0.1938303163289908,0.12978106236402437
2508703,-0.4224224401850537,-0.7064374689861297,-0.49613694380407025,0.7360266671397637,0.11316282705528523,0.02557282714337512
2508802,-0.18377382954353103,-0.3073338598009783,-0.22460969443684325,0.7522011620318166,0.10777173980121811,0.1551502641892568
2508901,-0.0031669437693094666,-0.005296233173200335,-0.011349137431218102,0.6771934019593989,0.21137727463532555,0.24411897128126192
2509008,0.4609267486545677,0.7708300855534423,0.37125177662284314,0.8719027562755609,0.31375486887524734,0.1447151317318398
2509057,0.11730370897582372,0.1961726636380019,0.12185918872099494,0.7400094479935572,0.12047373718796883,0.3429157977840062
2509107,-0.42371482433870195,-0.7085987854873579,-0.4826011335046289,0.7083121332279788,0.07087407310097243,0.10454943181885572
2509156,0.2748163277350019,0.4595886310304182,0.22129632994283985,0.8332149609305088,0.21670176419396395,0.19426831707380068
2509206,-0.33054478780064767,-0.5527860290238173,-0.3417260534000632,0.6425721774163454,0.1596846915646308,0.15475233408382996
2509305,-0.1359531459648542,-0.22736101873290493,-0.1854326362294208,0.70760924698003,0.14717205910433528,0.19105010263665326
2509339,-0.363833916738697,-0.6084570487296985,-0.4050923218082755,0.6265365408891226,0.21624607325906856,0.09318154319637377
2509370,0.6001032883740914,1.003581741499174,0.4845112709435996,0.8719133735261061,0.28118917204247734,0.24707746953201773
2509396,0.35387565241219926,0.5918033618582718,0.33506741131957507,0.7416139537205022,0.31362941976546777,0.25810636208547183
2509404,-0.19965708744891883,-0.3338961998817293,-0.2401402881825533,0.7007995197944297,0.19484408548800167,0.11465634339975961
2509503,0.1343392967360951,0.2246621006451484,0.12528147370194964,0.5906674346144304,0.20354419960047754,0.4423536167257834
2509602,0.49315644583758306,0.8247293663165205,0.43803260171852393,0.8571455361168535,0.2250798786222569,0.2862747362866127
2509701,-0.1439237307900722,-0.2406906130787914,-0.1879750342826032,0.7877111756539273,0.06467900330544758,0.1781409635854366
2509800,0.10009178860835145,0.16738833708692835,0.06374793493527453,0.7258514594749584,0.2212397745561376,0.22361198030888862
2509909,0.04513618589182172,0.07548342580270491,-0.0015891377524997906,0.7193023232190514,0.1964662128458968,0.22052934306799363
2510006,0.25793054987166264,0.43134972835655994,0.16838569598697964,0.8589496559380093,0.16588489813633692,0.1960856323973529
2510105,-0.03796198290839491,-0.06348565931240041,-0.06537343839592578,0.6294771975793874,0.30877128021261185,0.18264584441784806
2510204,0.12050758224750908,0.2015306558034044,0.07555565484611848,0.7653297473606924,0.3070054492305377,0.09681334059952339
2510303,-0.02620468713111428,-0.043823365170581476,-0.03225203214865778,0.6713710184017104,0.15343515141646052,0.2994775720212451
2510402,-0.2908909663821284,-0.48647102637799466,-0.32862949886867976,0.6833354131483359,0.13697568140997393,0.14757820873038396
2510501,-0.1356404449890973,-0.2268380737734316,-0.17154135109394206,0.6653735360376344,0.10073530425198318,0.29706571294073153
2510600,-0.5435318259518648,-0.9089745499094125,-0.6058052275310755,0.7040292952377541,0.03740567259469219,0.07785113452275429
2510659,0.08286216740947906,0.13857440857974712,0.04434143843169101,0.7268890081944696,0.2348789705646116,0.20438390689076114
2510709,-0.47506800205021643,-0.7944791872743102,-0.5349605887241251,0.7009918569575982,0.10324530932116072,0.04837095153791021
2510808,-0.1297262615938363,-0.21694749895681512,-0.14544925237341255,0.6385159512076473,0.35062734322873707,0.06538011935545594
2510907,-0.6365494316955658,-1.0645323889861984,-0.7099921725487108,0.6993391623564742,0.046925293816375634,0.013505362507939683
2511004,-0.21727049719828048,-0.36335195653637997,-0.2906943914754913,0.7379860372647752,0.18512262125137816,0.060639523886551416
2511103,-0.2939111866154603,-0.49152188668854296,-0.2852121224761813,0.5833919233247254,0.10315886083281041,0.3147573227058298
2511202,0.3974581373514477,0.6646884584433895,0.375782191521082,0.7585197015545008,0.4525167089250874,0.10990541369059914
2511301,-0.18924961165936127,-0.3164912749632316,-0.21603498818600714,0.6660807549178025,0.04797705237802347,0.32117794193406274
2511400,0.08116759587368139,0.13574049467536167,0.07407313527158325,0.7035343632700481,0.1542905663747959,0.33094722193003295
2511509,0.0041701516229397965,0.0069739461675082754,-0.05111617572387084,0.780641593917076,0.16880800377116364,0.1551615888684236
2511608,-0.18965632328370977,-0.31717143847534546,-0.23457883576460908,0.6860228165817589,0.16864680441565794,0.16382376030088627
2511707,-0.2304992719094102,-0.3854750760388009,-0.26918627197919914,0.6513017601419959,0.17666865276264213,0.17724051313750053
2511806,-0.3477436207108193,-0.5815484687873261,-0.39206399764468985,0.6288893739012921,0.10727880738544567,0.20681947795431574
2511905,0.5112438095360711,0.8549777390738814,0.48631533263147414,0.747598267016944,0.34177572515195953,0.31181579316270597
2512002,0.10368936630126133,0.1734047401898195,0.13205343506116263,0.59911032033389,0.0710567170453915,0.5651032296589183
2512036,0.29715572737161794,0.49694788905432247,0.28750629077414946,0.8520343238208863,0.059796392253373715,0.3688700160375528
2512077,-0.086471984882641,-0.144611280858893,-0.18182272556783852,0.8238449827281352,0.1750156836645158,0.03600536422094969
2512101,0.3148396574824389,0.5265215803187905,0.30173717691611124,0.6735626621270487,0.5255373688396608,0.08303563556468618
2512200,-0.38033875918826565,-0.6360588946945583,-0.4152942507979474,0.6856256871721479,0.03665929794581586,0.1994211940605647
2512309,-0.1796540654395051,-0.3004441791173645,-0.2317701006481456,0.707804877252112,0.20071060269157523,0.10874619323553693
2512408,-0.12160232593935089,-0.2033614486053075,-0.1357159246736758,0.6392692826183578,0.08832988974179735,0.35665192328590695
2512507,-0.19878494441114697,-0.3324376729153884,-0.19014843223138747,0.6251637996846475,0.10188002864900747,0.32248525541675127
2512606,-0.48276565207553973,-0.8073523395591371,-0.5501087304290135,0.6830767558576265,0.12938998919253572,0.03480284149710827
2512705,0.4512781100008011,0.7546942006635615,0.4172103492042073,0.7537832121170776,0.3038513267424808,0.3074408842954534
2512721,-0.6143046561178098,-1.0273313753505824,-0.6481280945846757,0.594574240037491,0.07455578727844182,0.13288440702016957
2512747,-0.6477610579747803,-1.0832821336456844,-0.7029406843126813,0.6430183496994242,0.04711792925484124,0.07839905866949326
2512754,0.18719691205237385,0.3130584461714807,0.19287152709406388,0.7123333234617805,0.1691515828357322,0.36271875661223
2512762,-0.6639225279229231,-1.1103097411758613,-0.7240068007845166,0.6624241015025678,0.04615952061022366,0.05223657089310659
2512788,-0.46310323472763776,-0.7744699284369538,-0.5045989259505789,0.6422541668303717,0.14478625147854765,0.08760755683219162
2512804,-0.36761897457672,-0.6147869839431016,-0.4696102061180031,0.7957908603456304,0.019400317155404054,0.07109920839435314
2512903,-0.10263479517706034,-0.17164112991494831,-0.13542684714638742,0.7060402599493832,0.18281414886727676,0.17704914703451635
2513000,-0.7273135516446352,-1.216321614822508,-0.7842565608580991,0.645270159689289,0.06261200151364037,0.02097655619381082
2513109,-0.2747829942522677,-0.45953288583571444,-0.3423481879305616,0.7556109576255633,0.11669356427866662,0.07606058690189428
2513158,-0.14772371403998713,-0.2470455087800794,-0.14448639984153058,0.6014063609211151,0.036539507284589684,0.4408412906487497
2513208,0.8189666884316594,1.3695975864969787,0.8155874079853879,0.8556907482871874,0.3263573925878938,0.3806118581687401
2513307,0.293798577832349,0.4913335655764074,0.2055033262569949,0.862440465498819,0.15167355038016403,0.2328318570096121
2513356,0.04141693356160916,0.0692635403214196,-0.05182456922310159,0.8292395043167436,0.19605232533825592,0.08179278065434437
2513406,-0.47755041666344167,-0.798630649245821,-0.48676107975785726,0.5287270732543627,0.13574467345148977,0.23436130754311094
2513505,0.19560626111927085,0.3271218071710458,0.09511877597740599,0.8818761191795814,0.1257473803355913,0.17325787145670488
2513604,-0.3414288968902728,-0.5709880508531391,-0.4081314832630853,0.7152608320150557,0.11702558287560542,0.08968097314048151
2513653,0.28617284105244045,0.47858067728857623,0.21654827388638437,0.7758180367000852,0.12975839143419998,0.3577346341464532
2513703,0.06262477008110855,0.10473043063847634,0.04667888724260521,0.6974267559971673,0.2111343223457871,0.2565585235945327
2513802,-0.4841401477647444,-0.8096509751510075,-0.5098975851726029,0.6214607045357371,0.17543142638583345,0.06781231594955327
2513851,-0.09859852094909252,-0.16489107338743428,-0.1489944759072012,0.7668444108413904,0.182374939380489,0.1033347295162201
2513901,-1.0767404445381041,-1.8006851010596765,-1.1189263320986012,0.5365850074586025,0.014441599586363487,0.0036580568725159946
2513927,-0.21854900284414658,-0.3654900633380794,-0.27875908026417157,0.7009593241503924,0.2566997508646823,0.023896341913330944
2513943,-0.5972336718644482,-0.9987827430767765,-0.640664933153427,0.5574810196656782,0.04910659639695749,0.20953091411987776
2513968,-0.4286883526197771,-0.7169162572799892,-0.5106386658180448,0.7472519258521872,0.08224132596129025,0.030253649727650694
2513984,-0.3472500936747506,-0.5807231196650497,-0.4207746134926982,0.7588508359054599,0.07292410547697882,0.07816797562106885
2514008,-0.19178546108930886,-0.3207320985620852,-0.23612947098028725,0.7012996777794451,0.17598631354260166,0.14023882992598333
2514107,0.056170554699145274,0.09393673422232934,0.02244527963809315,0.7747296250389676,0.09098940850928844,0.28421015013002904
2514206,-0.3479154781216468,-0.581835874244002,-0.4177235080365666,0.7713348333643895,0.051015759267510986,0.08921913369625818
2514305,-0.27556875374890205,-0.4608469494299473,-0.3740780574647186,0.8170319896147052,0.07731115937349416,0.037160362498336486
2514404,0.06253656238849802,0.10458291664967027,0.027760162218983062,0.7320539558720734,0.2936152961215001,0.12081040783023544
2514453,-0.1906302196631286,-0.31880013247424854,-0.24286222731221546,0.7155732767718909,0.17615943137568738,0.11885578735286706
2514503,0.8489781626853757,1.4197872258140802,0.7991753023288957,0.8866310767760468,0.35858491901688644,0.3130837629234362
2514552,-0.10600706246735463,-0.1772807355387797,-0.21008117819787975,0.869514035930909,0.085111737315319,0.0635189324286866
2514602,-0.33317864371407346,-0.5571907536031734,-0.39164769743980593,0.7024754820555624,0.19241764974495004,0.032363136282396086
2514651,-0.4912371577808423,-0.8215196481101076,-0.5853925696323401,0.7606377085421574,0.010872775962501108,0.05419257347041125
2514701,-0.5545703285492614,-0.9274347714660266,-0.6087388149423847,0.6278309104123108,0.12359572652216673,0.07372700611604115
2514800,0.05073908342388053,0.08485342222098777,-0.005453250226898761,0.7894237078379845,0.121878015335607,0.22691242455417684
2514909,-0.5629807367753805,-0.9414999037487646,-0.5927815930807055,0.6028037343510415,0.11287293374039281,0.1153479345601179
2515005,0.6972911832351122,1.1661137566819668,0.7356558375889455,0.6864297594289767,0.4383766549179013,0.3969818078466658
2515104,-0.5265316895160754,-0.8805443998661125,-0.5260969326191438,0.5426355187177148,0.17250995716333242,0.1557479397208949
2515203,0.19073875481179928,0.31898164105056726,0.13657045065739065,0.8426765393053671,0.1234867513816477,0.23743390335159997
2515302,0.022235778212456515,0.03718596690664295,0.0008943626117689815,0.7208883518078517,0.16404153990614953,0.2559750168017343
2515401,-0.3375523584332161,-0.5645051281778408,-0.3648459916624621,0.681246485342433,0.041971864870740526,0.23088088472962298
2515500,0.4304618039367015,0.7198820856558431,0.40554501851191377,0.6872299261006639,0.4702742073359539,0.19976130525959
2515609,-0.3903402193015862,-0.652784819968615,-0.4117922602059305,0.5289009217512167,0.18725957964433512,0.22145811876574428
2515708,-0.061016736180366,-0.10204123780490687,-0.15231551152548092,0.8251379663910351,0.17664527559679652,0.05164762551477362
2515807,-0.3688602660742414,-0.616862855725384,-0.44614737746916094,0.7409663961748151,0.0626806894867782,0.0984149874735351
2515906,-0.4971379597171269,-0.8313878444659432,-0.5499278418001518,0.6605158995876103,0.0794747265224518,0.11239488190642817
2515930,-0.3136187494741911,-0.524479796831072,-0.3454602050109702,0.6003728725304908,0.18791561629081022,0.17815926536218166
2515971,-0.1487231541469946,-0.24871692078955573,-0.15986080831009708,0.6601989815034567,0.15437180863001873,0.24570506574014964
2516003,-0.4242803587947968,-0.7095445560993857,-0.45035263647524393,0.632775412247021,0.11851894096802351,0.15837760621029265
2516102,-0.4238768772658907,-0.708869794432041,-0.4332082404228334,0.6149725010616943,0.07154713651020793,0.23161713343503085
2516151,-0.2555278169682498,-0.42733152196062807,-0.3037884535058456,0.7228358665664784,0.0496152760679281,0.2094566121186127
2516201,0.5084782813033158,0.850352812509134,0.5046226016619565,0.7855154760499841,0.37423192768573754,0.23388822438316081
2516300,-0.1459616123056774,-0.24409866085993454,-0.22503223439730696,0.7944657701520154,0.09070385804270369,0.13012672676147813
2516409,-0.09156688532243061,-0.15313172918035184,-0.13575664729190268,0.6964501320397661,0.25780999317894554,0.11219031998286806
2516508,-0.4585801466368445,-0.7669057495513304,-0.5018146628325771,0.6406876823786309,0.136636758667227,0.09972249636557788
2516607,-0.29484284163179625,-0.49307993841377873,-0.39974246859536827,0.8343794653605282,0.043039111102924875,0.04019850338036969
2516706,0.039091097806599064,0.06537393274440027,-0.0016683035460161033,0.7235289953692466,0.297784900843378,0.1166007235290563
2516755,-0.660098597733905,-1.103914797850582,-0.7258205798393081,0.6960753504410057,0.023407648958887427,0.04119831720498167
2516805,0.20050581965829564,0.335315575787935,0.11035705802361508,0.8521021079974341,0.25622556158060705,0.083224183718209
2516904,0.14458061395851743,0.24178915055879097,0.075514022333221,0.7814524370250086,0.19742841873153896,0.20255961751277904
2517001,-0.33987001892406016,-0.5683810638653573,-0.3880985890669094,0.6663097070188604,0.17444848251677403,0.08922977040127932
2517100,0.005061052410155466,0.008463842625098637,-0.05102388551692897,0.6920831792959278,0.16689738978412846,0.2684160577996673
2517209,-0.05323126874717149,-0.08902122422331193,-0.1260380776793502,0.8342326372630248,0.09664043416842294,0.12875533172013304
2517407,-0.05360942360983814,-0.08965363088227161,-0.11963048951205862,0.7349455556191402,0.28216726967132155,0.05466508461507926
2600054,0.9323721817591366,1.5592510756446913,0.929693132850628,0.7988053152324706,0.39606209502963124,0.43684724703547895
2600104,1.270517110346664,2.124747187539744,1.3268320162863865,0.7160507036719014,0.6074767452232491,0.5190259810324598
2600203,0.9634669179457427,1.6112523062631083,0.9521161561065136,0.8330867605821983,0.522598539857526,0.26927015283066186
2600302,1.2897161602983174,2.156854686963408,1.2994388726107013,0.8194273361164357,0.41772265664277136,0.6012745952460697
2600401,1.2034882995127354,2.0126516666343517,1.1955084219060672,0.7974679207614588,0.5325983556769639,0.4421196359360852
2600500,1.2698492162959552,2.123630236029008,1.2978878044524123,0.740254999171014,0.5997473175729701,0.49292834106547617
2600609,0.715128056060407,1.195943221441956,0.6995773680420261,0.7811805502578887,0.3331592830818278,0.3936578758134033
2600708,0.8237491880595724,1.3775955918375329,0.812226930760398,0.7687641146966405,0.36211237352128567,0.44201188063192415
2600807,1.2024081626199652,2.01084530148871,1.1875918456531425,0.7429281006703032,0.5138492205726206,0.5285906131546506
2600906,0.4675115184362755,0.7818421144040124,0.4462841872792024,0.7582600675301562,0.19455007147707568,0.422736809389977
2601003,-0.23442627198419846,-0.3920423881170287,-0.2721487767257543,0.6677409646319662,0.1888838836616754,0.14207120376756602
2601052,1.2262196387684678,2.050666384231859,1.2574096014059115,0.7772341175929292,0.5205292636261959,0.5016739900105353
2601102,0.5374046250054065,0.8987277355434687,0.4701384185754838,0.8227205033846366,0.29643593389492223,0.27410954159935313
2601201,0.28866983717758676,0.48275652462742447,0.23810224037490935,0.7657829702732508,0.29604291834033164,0.19703487120233862
2601300,0.2942374653388087,0.492067538371738,0.28312721454642165,0.7089920740463178,0.21271813010963178,0.3679980345180817
2601409,1.356702764363868,2.2688796234495308,1.3719665269089074,0.7947868571702208,0.5425064443539616,0.5286466285026584
2601508,1.4247548101810639,2.382686349686346,1.3909283218221107,0.8120581954855149,0.5397972951267459,0.5350096493532265
2601607,1.2835210060991598,2.1464942310877344,1.265044601945966,0.8706758558593665,0.6601478474476076,0.26361752191391147
2601706,-0.05789271885968157,-0.09681679260704679,-0.11569584141694422,0.7167508020887882,0.09471116397793032,0.2769362829191902
2601805,1.0270331613464556,1.7175572082500474,0.946612733905887,0.9399451441348928,0.27048062600701067,0.42663149168993386
2601904,1.1780941042117092,1.970183726134937,1.1665473313535044,0.7576579752803504,0.5011539591101422,0.5098252875666119
2602001,1.2307971939358735,2.0583216510429443,1.1723723564089785,0.8232498077341264,0.5501984633958884,0.39816164699272294
2602100,0.8446333557755212,1.4125211951664507,0.7931906905443429,0.838095466534215,0.30099042638444046,0.4288864410973335
2602209,0.02788419078625536,0.04663208032967949,-0.028560252267048274,0.7085997679287838,0.1376272900972972,0.2833725449273708
2602308,0.9067751515482121,1.5164439245192791,0.8978612423160972,0.7702531884805154,0.5708053574545552,0.26293444391272314
2602407,1.6018144913537105,2.6787918145671896,1.6544364770093913,0.7951502210069824,0.6298748204361947,0.586603234783108
2602506,1.682063167066303,2.8129955546314194,1.7042878899314684,0.8058903006025453,0.6268432165539353,0.6125931612126193
2602605,0.5533578921914769,0.9254071555289456,0.5547718530294242,0.7163649115803311,0.2560036610271658,0.46104972610950945
2602704,0.21276671141804968,0.35582005783789217,0.1281827243749328,0.8085422243094941,0.08232720627908321,0.32231203066368175
2602803,0.47179801206479477,0.7890106249320747,0.40157814484356025,0.9037700742859148,0.17023131915818335,0.26834265157727305
2602902,0.5192527345976182,0.8683714516505626,0.4754007315029915,0.825480507025944,0.2902386933089192,0.2702412699813758
2603009,1.1249253528971568,1.8812670528366364,1.0857552036634905,0.8540971081486864,0.531236968872495,0.32388425274676785
2603108,0.5382576173835714,0.9001542359358986,0.46646675566269696,0.761459764233126,0.23540004877832263,0.4042216573715108
2603207,0.6966459405910801,1.1650346862137118,0.6455368956225136,0.8785126508490682,0.45705177972721195,0.13033867841683905
2603306,-0.10291572146702874,-0.1721109365312114,-0.18315010002425952,0.8239715598108589,0.09425400669596289,0.11221082508937781
2603405,1.02233856030685,1.7097061999682295,0.987924225982732,0.9360884681780544,0.46109985134023906,0.24372212129121287
2603454,0.4252519434859836,0.7111693841502986,0.41010140193477823,0.711950738620542,0.3455970631167687,0.2999800777281921
2603504,0.777615176612208,1.3004434541178227,0.7608950361705962,0.8167412594142344,0.24194659977307076,0.4832868015363034
2603603,0.5954286026644078,0.9957640385864028,0.6104670409579503,0.6995234038510736,0.4725945935307087,0.2902999614482409
2603702,-0.05022412888317892,-0.08399223884678797,-0.10055528997576713,0.6827820431455046,0.27578103500842494,0.13354629358478784
2603801,0.06154198625241891,0.10291963889392905,-0.02164369807620213,0.8573397780635593,0.11427398894778645,0.14896342381564384
2603900,2.131229678112337,3.564158426276414,2.189735251645923,0.8355910985501996,0.7455333404585045,0.7197077709891682
2603926,1.131210864472382,1.8917786177206892,1.0996272679784078,0.936976032981574,0.3851381467149532,0.3863063247765843
2604007,0.6763533996879056,1.1310984890063474,0.7220836005642917,0.6419888349891264,0.36912898801174093,0.5182455712809482
2604106,0.9277732145492319,1.5515600004397567,0.957192584449118,0.662929413867924,0.5074178872422554,0.4853903050726586
2604155,0.9928967232583502,1.660469192488862,0.9559107166252611,0.7532661280048347,0.45840409266675186,0.4483766492267494
2604205,1.324070438400079,2.2143070071110365,1.3135756510871037,0.8411498106126554,0.5693579487445294,0.4216632071951449
2604304,0.8224553389526057,1.375431825424046,0.7592036541866263,0.8574141459933796,0.530554495206124,0.14109060386864572
2604403,1.3691250257917311,2.2896539717969793,1.3684072943226284,0.7384482078830383,0.7015463555894318,0.4270979049849188
2604502,-0.35614289789128206,-0.5955949860842759,-0.38763836804362606,0.6617929659231112,0.08196920621775525,0.19180976295985294
2604601,0.8570748310452606,1.4333276757505737,0.8588063552449646,0.7528996040899218,0.5010409882864435,0.33219129361715055
2604700,0.7301491298967693,1.221063689421273,0.6394727955874155,0.8909583900262342,0.44946678392689704,0.13135495762487148
2604809,0.940593418931959,1.5729998480294138,0.9331099371651325,0.7588721934534562,0.5972062937911068,0.2699883043430512
2604908,0.3297585812888883,0.5514712178645799,0.27754553683523053,0.7689414380792826,0.18829330531904462,0.3330754556987889
2605004,0.8093588872113809,1.35352999602143,0.7818319111039403,0.8147320589761077,0.13160448276718092,0.6171756934019993
2605103,1.2961275495539393,2.16757676317802,1.2719991865183018,0.8934007706563846,0.4598259252170153,0.4569784442956446
2605152,1.2013973784880496,2.0091549183179462,1.1958712386252373,0.7997953133610634,0.5541760993989123,0.4147677510057248
2605202,1.0117887374363101,1.6920632211443507,1.0112261320689162,0.8114379900099277,0.35224275677496153,0.5107487514400714
2605301,1.3738762352853984,2.297599649133294,1.3591428797557628,0.8606073717472751,0.6133997399620014,0.3781071919758083
2605400,0.6236612705664378,1.042978894044126,0.6191704316523982,0.7134772123803871,0.34508654878603034,0.41500205839479715
2605459,0.6734307624079215,1.1262108213863884,0.6655610193275101,0.6825619190992013,0.4451433155207349,0.3719791002267563
2605509,0.7237724308766623,1.210399627364633,0.734150389877559,0.6898942630304922,0.4893032871037018,0.35406426471491687
2605608,1.271082299154904,2.1256923801081538,1.234932255989159,0.90496849084326,0.5427330484839848,0.3361720331408152
2605707,0.730308876684221,1.2213308416969821,0.6897052404515129,0.880775220582437,0.3875044451957346,0.2201989727799186
2605806,0.5880872156664193,0.9834866821859363,0.5739427590046026,0.7065422145666972,0.4469837764121312,0.29814016535441007
2605905,1.511055186715369,2.5270106416078093,1.5448681307102876,0.7852744443648315,0.5116985584723303,0.6631194083258253
2606002,0.8585424837029334,1.4357821022445425,0.8248707713538798,0.8563445961227089,0.4218732379278703,0.2890430637845313
2606101,0.7929794035484701,1.3261377936160432,0.816961967618485,0.7012825625389271,0.432386212714759,0.44206404713897224
2606200,1.0167885876801137,1.7004247124278036,0.9759803617905823,0.8282664942296697,0.4586649368979376,0.3716093264862697
2606309,1.9109297627334991,3.1957402272576596,1.9369038488513266,0.8824873318658244,0.6757651277603832,0.598372544343559
2606408,0.0700518288485031,0.11715106008077342,0.04717602818521735,0.6645271332730786,0.30412955801221486,0.1981017758725616
2606507,0.5892560174775309,0.9854413259610784,0.5062829657886312,0.8933453807040289,0.2633277731275325,0.24666532333410118
2606606,0.9436028783889362,1.5780327125734281,0.8970391610883196,0.902235724218571,0.34590655013244637,0.3607299102717703
2606705,0.7095737635055316,1.1866545094768537,0.6805190178489209,0.7830494424595548,0.2883275812544105,0.43455253523338483
2606804,1.5217300138144474,2.5448626710464772,1.5583184417681002,0.7939954923207412,0.573050041412878,0.5998082767425762
2606903,1.1880655253037289,1.9868594157014179,1.2100219948177326,0.8008896358717736,0.49765298491221605,0.47907895954771557
2607000,0.6272488661937622,1.0489786036561497,0.5867693874534635,0.922657307045084,0.2324834145473819,0.2755292127762147
2607109,1.203450029821108,2.012587666378872,1.171048419182683,0.7926946592947433,0.5011583782116843,0.4744554704998001
2607208,0.7745243922232603,1.2952745859583719,0.7302787181205377,0.8448295069244257,0.2606708279532529,0.4238147939943975
2607307,0.7984000178857742,1.335202949035148,0.7415576945402693,0.8083470731375085,0.33019780596380394,0.40415644942314327
2607406,1.2290147674042906,2.0553408129817052,1.224899200531733,0.9140172303244364,0.5006617717771455,0.3557981132323842
2607505,0.35798559297904087,0.5986766141657275,0.31295379240954097,0.7967640819017731,0.2550226406531064,0.2501831636163498
2607604,1.2880356733489908,2.154044327393906,1.300238938186336,0.7801748290478311,0.5404022847185054,0.5097437858113989
2607653,0.824595062895122,1.3790101892193454,0.8124839185533005,0.7417533028701914,0.4217659922043135,0.41135411449541665
2607703,2.1067184859253616,3.5231671745739375,2.1717409888734633,0.8133694151636798,0.7537856596369105,0.7211293781722489
2607752,0.9351595889719393,1.5639125914855245,0.9419703955085748,0.8124479812166796,0.3749855494399379,0.44909917507829045
2607802,0.9249535311512734,1.5468445075740762,0.8936484792560498,0.8081669543077279,0.49964797628237423,0.2967111859373784
2607901,0.4841055608457166,0.8095931337741923,0.46682042730959694,0.7319256954298927,0.3541232884419106,0.3004751160978945
2607950,1.6766556831883541,2.803952357914294,1.7194161572091746,0.719575303059536,0.6962001954406148,0.6454799868325859
2608008,0.3770079601605008,0.630488638450963,0.3438918984248403,0.696762786628326,0.3253997324860134,0.30672049811630125
2608057,1.426519440531737,2.385637426333883,1.445795854358092,0.8914265542122761,0.47495413062726727,0.5293305469161729
2608107,-0.11049893750413539,-0.1847927153251643,-0.17604958478903351,0.731884489534507,0.16941956552139348,0.14357488454214198
2608206,1.0166433717229355,1.7001818607620627,0.9926977830877516,0.7785748706980913,0.5641721410602939,0.3211989046353049
2608255,0.6781918528675414,1.1341730231397669,0.6006132709380707,0.8694450704577311,0.2518686811109209,0.3377434283891237
2608305,0.7423670365755105,1.241496285442113,0.701334212595871,0.8704499358393619,0.29373422274416205,0.33787611328356615
2608404,-0.13461906856914602,-0.22512997660729522,-0.22087740042390147,0.7924577413323441,0.12286787563622331,0.10049053059795615
2608453,0.6466510803474657,1.0814258643969963,0.654727446691032,0.6948718570101587,0.3024904764433536,0.500053121234992
2608503,0.5299185827467592,0.8862084651571575,0.5490861921373007,0.6342984031072937,0.3728311116687646,0.43657405455652026
2608602,0.48377009639864915,0.8090321203611327,0.3818740120424857,0.8800570726874589,0.18041687276866278,0.28230105925391974
2608701,0.4488910935152856,0.7507022775930992,0.37666523467362156,0.8142898283649572,0.35259760643002247,0.166923557840164
2608750,1.3762567975170494,2.3015807784429843,1.3650244982909951,0.8453896648508009,0.5573555217300709,0.45709803390607523
2608800,0.6061263871967322,1.0136544608505786,0.594448771815667,0.7037447655864456,0.3394362449329083,0.4267204610876356
2608909,0.528357816156181,0.8835983197315425,0.5209365207744412,0.7236103190967514,0.344183802193122,0.3461488771861396
2609006,0.08506142288600145,0.14225232983745242,0.019815294578893146,0.7598748503538887,0.29186870879016774,0.09152216988557706
2609105,0.4263056429938606,0.7129315367790521,0.3774619584517386,0.7492062383570465,0.39540692880835765,0.19589484643135457
2609154,-0.006305240337467407,-0.010544558246949092,-0.09127632898167452,0.8408668051762579,0.13575119346835374,0.10766263772169427
2609204,0.4851848896039882,0.8113981474374421,0.4285473614914871,0.7955797901613758,0.35237641404207487,0.21554609420352153
2609303,1.172660578600843,1.961096978568851,1.1654938547633789,0.8337712204993618,0.45492832648423676,0.4648596903148981
2609402,0.5873488720710274,0.9822519144957012,0.536559434618005,0.7983724854342161,0.38946139633645455,0.23388023453808063
2609501,0.37394209006892426,0.6253614356755025,0.35920308053095923,0.688590164165003,0.35766114012019706,0.2810899395919873
2609600,0.9744936009499582,1.6296927613426204,0.9839059204655174,0.7315595778794689,0.5097209614588428,0.42131819747008076
2609709,0.5369275459947467,0.897929893249273,0.5110395379091369,0.7416622152288826,0.344775336394688,0.3275824840495608
2609808,0.9227993266848286,1.5432419272985414,0.9042975084203155,0.756936886997817,0.5166924241919734,0.34687866522865846
2609907,1.0948963450193963,1.8310480911923723,1.0345659454122922,0.8564861134342666,0.41905046524030504,0.41663516838371467
2610004,1.0445081619558787,1.7467814966085067,1.011439927201112,0.8356375907293946,0.46204802734407774,0.3760872175091505
2610103,0.9100981215916177,1.522001087973834,0.8371659243685237,0.8710855171468258,0.3653996198386087,0.34988717903007815
2610202,0.6433889354497749,1.0759704217742485,0.6359200451167779,0.655442935267251,0.34976616401010685,0.48011648762987164
2610301,1.028045973690088,1.7192509832973206,1.005564987659441,0.900045896986185,0.47115137245342836,0.2841696885055187
2610400,1.7208838753680764,2.8779173019347577,1.6890462845713246,0.8946331343790219,0.682566904645515,0.45463195249432786
2610509,0.4562488008205926,0.7630069272325094,0.4400957668039408,0.7706091603797481,0.19170542659528264,0.41089816103985527
2610608,0.30620610298627216,0.5120832697405124,0.31221557267317007,0.6084398359541926,0.36397673852771356,0.3431061024089512
2610707,0.7201505009231965,1.2043424987990896,0.7086349563312885,0.7552493211580895,0.36686144288778366,0.39382185544020865
2610806,0.6165498461737869,1.0310861152262447,0.581759179027509,0.8186700925740213,0.2792818824915187,0.3453989828114962
2610905,0.9383050759054987,1.5691729413549567,0.9081671708202808,0.8598623050429448,0.3840193357573623,0.3704283825902357
2611002,1.1125924155392337,1.8606420854497736,1.1391269234255357,0.8402662058682328,0.4413332990543499,0.44726858422206345
2611101,1.500245529928921,2.508933129964532,1.5305444082356516,0.787733869483166,0.5930953823926192,0.5692944315517728
2611200,0.6875864194245558,1.149884010978982,0.6456812127221787,0.8131583349980707,0.3428776157548561,0.32567406292608836
2611309,0.2843881601983756,0.4755960692148639,0.25810724916257227,0.7339419986802959,0.23432382433553753,0.3089280985621625
2611408,0.6667036057932143,1.114960672151217,0.657079320806088,0.7873214361505819,0.2914975011445778,0.4038748315880339
2611507,1.3371964074084788,2.236258199666579,1.3414983309693744,0.8188841874815793,0.5840145484789422,0.43940116212115093
2611533,1.3842272084879979,2.3149100820439705,1.3723374651257016,0.9308182636159321,0.4628343994064295,0.45857503620697987
2611606,0.6518164543908607,1.0900641691328528,0.674611646441122,0.6580932758076415,0.44119594355006025,0.4025961845418424
2611705,0.9106631244133163,1.5229459695079586,0.8819240450025969,0.7703431924891387,0.5150875959744569,0.31824698794536915
2611804,1.2108417926416082,2.024949268702774,1.2063644134057185,0.7899838349140317,0.4496536869717818,0.5436428895524572
2611903,1.188740499592336,1.98798820783629,1.1909840400359772,0.7685742205622922,0.6261410540454747,0.3740553466413137
2612000,0.862860181117605,1.443002796372753,0.8350569054589653,0.7659262768208649,0.2218899326862854,0.6064515535460954
2612109,-0.1091328588375113,-0.18250815592708142,-0.1586634594680236,0.7128242503648655,0.12489775056799846,0.21928103707776367
2612208,1.3484322424356077,2.2550484297855884,1.3547027116389903,0.7799833523836025,0.6609709142861108,0.41274694168212195
2612307,1.006909266951149,1.6839030467511067,0.9641772188174582,0.8748536595944906,0.2885671815968234,0.489057081775717
2612406,1.249884500942902,2.090242277338033,1.2575600437727492,0.8060334908924531,0.5577168534525597,0.43625193266151135
2612455,0.9537896419572621,1.5950685297738962,0.8943505242120803,0.8855238700358267,0.22239101642589457,0.5086145345813645
2612471,0.49384046320087976,0.8258732816223887,0.4113456352366878,0.9022712462888239,0.20891524730500743,0.2372473806759703
2612505,-0.29372009557601586,-0.49120231590486985,-0.32126274652400283,0.5935227519498261,0.07343779115090028,0.31836829740037825
2612554,1.379716478687328,2.3073665705243895,1.3762525648824808,0.8335569712644201,0.6143466873533312,0.4161181687218289
2612604,1.3305287081511803,2.225107483844704,1.3331905823732695,0.8330047861384724,0.5100305968898723,0.5025189964856761
2612703,0.5398642747934695,0.9028411267972816,0.5561960816734935,0.6471470008285859,0.36896301520678537,0.4301346147092821
2612802,0.10848377891348222,0.18142266818997205,0.08031067724276648,0.7610513950043588,0.11405952901880267,0.3008964703838058
2612901,0.12139145089385266,0.2030087920718413,0.0865139746811377,0.7729825144048407,0.14560463074004062,0.26217775103697266
2613008,0.2830840337010235,0.47341511542456904,0.2180019151377912,0.7906300590217042,0.19929938087117152,0.26771296494389424
2613107,0.24907066300518002,0.41653291121322944,0.1790593215146643,0.7468065778559486,0.20099324459456488,0.29197852470342106
2613206,0.5615528273925391,0.9391119418547088,0.5086873022368953,0.8620935193114289,0.320316257076774,0.21129719668851413
2613305,1.4076912421725445,2.3541501199573327,1.4601088615364302,0.7526537834222019,0.5113893739366681,0.6553489064279444
2613404,0.784070938991994,1.3112397376532192,0.8056252678085328,0.6950096007483664,0.4204667779368552,0.45454186972853305
2613503,0.3366007898720616,0.562913774068873,0.2599314250050679,0.8748750994251858,0.24327306877591712,0.14489422734127236
2613602,1.616063760338924,2.702621555980565,1.6468515094293819,0.7651596812274696,0.7205003916530496,0.5258133557197241
2613701,0.48913175218482796,0.8179986765448045,0.4488073842355412,0.7463086467416802,0.30960821369460184,0.32316927015605873
2613800,0.6474985328111904,1.0828431001226777,0.6025929835987746,0.788824925511343,0.23995837277690224,0.4379433022143607
2613909,0.719422204920532,1.2031245341839294,0.6697596796766383,0.8738526117376216,0.3182111341967923,0.29148362354599594
2614006,1.0108812571009738,1.6905455979068897,0.9533845715031009,0.8093118921867445,0.4533058044796913,0.3916648276974115
2614105,1.4965381089968102,2.502733030702288,1.536467405874556,0.797905084222744,0.5652353716349973,0.5893888369207286
2614204,1.264569508970104,2.114800726217389,1.2659020523846694,0.7480216705902679,0.6242101847825207,0.439325169292168
2614303,0.9172918175429654,1.5340314534967914,0.8619058859820027,0.8988011651477565,0.38848603095446704,0.3010954192677893
2614402,0.44953550086101385,0.7517799511516177,0.36712328968601765,0.8934445163041672,0.23214409722152948,0.19997964701435508
2614501,1.3671634285428338,2.2863734978830603,1.4113775443086418,0.6879691096000714,0.7439210506114812,0.45906457279143115
2614600,1.1612364254672676,1.94199181497608,1.1401613724560997,0.8640141268927654,0.5475115079145206,0.3222104610272675
2614709,0.28473352990209594,0.47617364766749964,0.25200517600148237,0.7632045202033093,0.12100034294980871,0.39513032400077547
2614808,1.1781231120144178,1.970232237285806,1.1968574343098322,0.8396647196393777,0.3701412397682818,0.5608629048149013
2614857,1.4587963961803638,2.4396157397137417,1.483408886911146,0.7333689477731498,0.7332445882203961,0.458867371946239
2615003,0.059419279083828755,0.09936973307235238,0.05589986718758877,0.5795652953909668,0.18936215147208416,0.41894855854964347
2615102,0.42959297063837043,0.7184290937267803,0.4070326443493056,0.8420217505297316,0.17621054648600543,0.3251053061375281
2615201,0.5350371487130096,0.8947684904826407,0.4474525405624048,0.9129164438101959,0.29139817044340316,0.1585957733091803
2615300,0.9634993314259744,1.611306512893149,0.9347744200488619,0.7578445833984935,0.5017631674742223,0.3843654991812809
2615409,0.6209019954787715,1.0383644249162227,0.6156090014840756,0.706894280706195,0.3408567449085411,0.42174618352237075
2615508,0.7553160577371022,1.2631515595587894,0.795558412225888,0.700792073159513,0.3535718697639476,0.5049867952398038
2615607,1.2470713717767583,2.0855377454310844,1.212725426254073,0.832617061532999,0.6228214482023701,0.3232855193636462
2615706,0.47609527662389295,0.7961971482080712,0.41391974211653926,0.8691434523321586,0.2765720202261283,0.1989292405231173
2615805,1.0934388848818353,1.82861071014255,1.0609888737893478,0.8297995808441639,0.41353452283787223,0.4681610141578509
2615904,0.9816388203827984,1.6416420572400516,0.9564886262276533,0.8842410264402387,0.33824035552491405,0.41777396707496356
2616001,0.21770309257969817,0.3640754067068066,0.13571497387088838,0.8575829143435209,0.1430292154177545,0.20557158906225434
2616100,1.0511132831112417,1.7578275600451396,1.0476280702613434,0.8030454270896702,0.3260370989821951,0.5674855931563453
2616183,0.31842486994749936,0.5325173044533447,0.27942904126419355,0.7333319535394135,0.37201479888451816,0.18011289526659124
2616209,0.1212395749772386,0.2027548026339559,0.14054701476028086,0.6228490762626858,0.23541327910937335,0.36290092857624984
2616308,0.635888022071693,1.0634262816959539,0.6290642697599593,0.728079165253854,0.37295868300484375,0.37244757282492363
2616407,0.6615785782076627,1.1063898407473858,0.6634790824141017,0.7156542505119569,0.38669347044472185,0.39052269185933436
2616506,1.4742869949174546,2.465521416884008,1.4900912437813245,0.7525117007917256,0.6034031482437313,0.5823717722532465
2700102,0.745508253610805,1.2467494945542459,0.7222405224799755,0.8213752418388373,0.35953501718324715,0.33148278363726846
2700201,-0.03961475414552601,-0.06624966855646537,-0.07599953442040075,0.6766446144057011,0.17616338000885734,0.2541194997429073
2700300,-0.6316381050370989,-1.0563189399742294,-0.6431905085012738,0.5401884303168167,0.15053780882669687,0.11634680791159259
2700409,-0.7054699860053344,-1.179791563963704,-0.7322677137238768,0.5576694774134106,0.055889546429065816,0.15185426813975603
2700508,-0.1616186793045003,-0.2702827309523029,-0.18402570199892387,0.6375797510846682,0.16228791053711397,0.2528148847509191
2700607,-0.6227323154739981,-1.041425357532151,-0.6187602069249379,0.5131582966702314,0.13970053449316253,0.1681824935197762
2700706,-0.3092532413381262,-0.5171791465220377,-0.3759566130572761,0.7613695246637747,0.060928598467393846,0.11493858182400947
2700805,-0.07868637810757438,-0.13159103424914878,-0.14702654727206443,0.7025195520792863,0.1721000026095415,0.19423228881721244
2700904,-0.1395353279959086,-0.2333516749261627,-0.23219935540178943,0.7981819069605125,0.17032536992978065,0.04272542986187857
2701001,-0.41578568264005344,-0.6953384984856262,-0.4641386756600834,0.6439503578297721,0.07314628323156915,0.17988152284216632
2701100,-0.12016175033673804,-0.20095230437957184,-0.16859525933999736,0.6907757618280335,0.24256662629847023,0.11363797114815267
2701209,-0.37425544231413027,-0.6258854697843614,-0.44132093435220665,0.6985406280650297,0.1526707023713997,0.056123684871610964
2701308,-0.337441950311475,-0.5643204873381067,-0.34772580721278995,0.5409575206087779,0.16804005588553908,0.26019747098445273
2701357,-0.16882386689247786,-0.2823323144947665,-0.22716330426491668,0.7236065927809004,0.08976683519225971,0.20564098677646422
2701407,-0.24424899571048322,-0.4084694038899283,-0.27137571677253153,0.6782932032569278,0.15997326384225172,0.15536054883813202
2701506,0.047956940497868285,0.08020071010145938,-0.0021690648510046696,0.7876366686757604,0.22767683832101057,0.10962066290636589
2701605,0.5108836582496286,0.854375440665835,0.4451188867824226,0.8797420202903349,0.15839652366659554,0.33302677740029146
2701704,-0.4019871848495014,-0.6722626035338856,-0.39577433718736177,0.5260072233880252,0.16026594425838578,0.2608669186367658
2701803,-0.126128715275287,-0.21093114832278392,-0.17575176166991602,0.7540640856561568,0.11621094074199523,0.1760872191982765
2701902,-0.3093201277810651,-0.5172910039542293,-0.38460592809738536,0.7696646005039041,0.06369553235576784,0.09803684766172088
2702009,-0.3963654415972435,-0.6628610905066061,-0.49090912940717896,0.7875759986320451,0.05446109036223795,0.032247254490583514
2702108,-0.6165784444603184,-1.0311339415234122,-0.63566900840594,0.5271760310226291,0.12465211182358049,0.15865378495891902
2702207,-0.2393219220815187,-0.40022962045789945,-0.2610891869930259,0.6205430254029906,0.08725545296360233,0.3066163854416993
2702306,-1.02005010198589,-1.7058791004812068,-1.031922545373731,0.450776508376074,0.06298692870470934,0.0972581354100928
2702355,0.22695565930178394,0.379548921357004,0.184903717674091,0.7598485911443174,0.2674218242336084,0.20720147823720378
2702405,0.6299049560144219,1.0534205110734844,0.6007386378613377,0.8360471945325868,0.23973314281450397,0.3757454299590153
2702504,0.13401481857507452,0.2241194601293836,0.09098814407948924,0.7319685026711991,0.19938736128004744,0.256080310409929
2702553,-0.12323836290445396,-0.20609747231723163,-0.21623599875625482,0.8095058836896533,0.13366024749928793,0.07690734406895601
2702603,0.007535385050500085,0.012601788722633319,-0.07085537873338132,0.8079368252536406,0.15671716550434808,0.1298704503431195
2702702,-0.5669414933207286,-0.9481236684046862,-0.6100756904594852,0.6213223987687524,0.13688326423552383,0.0621820445241269
2702801,-0.9402528185629078,-1.5724302455657213,-0.9472391068879382,0.4869551589367491,0.06112754659142055,0.09867549830455781
2702900,-0.1125187762742042,-0.1881705893506597,-0.20481921207451292,0.8440476955763242,0.1266896834076222,0.04799894699073349
2703007,-0.6008564396750142,-1.0048412728312552,-0.6400288712516428,0.6121641027904451,0.1224276825684819,0.06225217022016841
2703106,-0.23465127120968177,-0.3924186651995261,-0.32485537013077986,0.7980162638380986,0.11624727098867599,0.047704144342594644
2703205,0.02991385862871556,0.050026391988127354,-0.009296773371454995,0.6980009638044947,0.34634285301704515,0.08887632977873806
2703304,1.042029330901141,1.7426360275951038,0.9856129574385568,0.8851170662608042,0.35846065624416895,0.4192848921134617
2703403,0.4511750067853467,0.7545217761717707,0.4148930066731671,0.7974425739105574,0.19814165019628138,0.361924372569887
2703502,0.0667691634883512,0.11166130009657785,0.0090698386050059,0.7339856117109189,0.17168170272471064,0.23973108660028616
2703601,-0.5840070751131871,-0.9766632658819384,-0.5706122242804219,0.4673715564423817,0.17065085553028356,0.20748326017930607
2703700,-0.3512329784850361,-0.5873838904882304,-0.42168352907461437,0.7427752393105042,0.09619056233319916,0.07567691249057254
2703759,-0.47738317288704596,-0.7983509593930543,-0.5144457455560711,0.6337308982381086,0.09266951833031355,0.14394352731016438
2703809,-0.061410454926865615,-0.10269967269924565,-0.05634640503857945,0.6428178929139179,0.125790642983009,0.3483410520069555
2703908,-0.674139532158065,-1.127396131305449,-0.689849274212987,0.502803017658934,0.05405089521208973,0.2304889603831438
2704005,-0.5852934690176106,-0.978814564599786,-0.6512789497838658,0.6677988815432694,0.07705740652917906,0.05035092453451268
2704104,-0.20958045097118763,-0.35049152045094395,-0.2762199535062769,0.7498312312365288,0.16241821869701287,0.076414880816382
2704203,-0.4205945500449806,-0.703380599934447,-0.5083418348618615,0.7667837471895148,0.06900869315470841,0.027866316126793064
2704302,-0.4138377466792751,-0.6920808710042915,-0.38509909027618794,0.46333591553468567,0.22345231348669725,0.26575073241063446
2704401,0.2833603317732146,0.47387718204848933,0.26791445262959057,0.7093277234969051,0.272432396939794,0.2968450712991837
2704500,0.023114022620549245,0.03865469748954583,0.0452062579358402,0.5203360704735148,0.1921643913758788,0.4690935310427482
2704609,-0.5246895077314915,-0.8774636302063765,-0.5577846179131009,0.6133991621721483,0.14316235382868148,0.09365210214086384
2704708,-0.5611313711376803,-0.9384071201841543,-0.538461059835682,0.4709126653259652,0.15345065984043368,0.24810361046460572
2704807,-0.634734750538348,-1.061497609955141,-0.6832365047855038,0.6224129201412674,0.0753829050471843,0.08471545774288501
2704906,-0.10896586303396609,-0.18222888077130112,-0.1424713350946554,0.6839903085649238,0.10631059708184115,0.28582619169358375
2705002,0.43521410970469027,0.7278295963447058,0.3692688321482962,0.8588676004706378,0.12922775323491392,0.34605376179922126
2705101,-0.5072548484783883,-0.8483068066484182,-0.516721460693661,0.5146388616454078,0.1450201141597543,0.2226720936384947
2705200,-0.48965055516091704,-0.8188662958435572,-0.504292039799626,0.5671609389330813,0.07287114906073529,0.2489327341770314
2705309,0.47922758474024163,0.8014354585043441,0.4484742221183924,0.7813535005168184,0.3896547341592023,0.2009746850535988
2705408,-0.01762007630300825,-0.029466905454612242,-0.06876813379924282,0.7736009211175339,0.19096691726392914,0.12918652574816
2705507,-0.6486011998340103,-1.0846871434940335,-0.6803363216359478,0.5660087212838358,0.08639188851890596,0.13856515389163285
2705606,-0.7084623919184246,-1.1847959090418125,-0.7125075523805191,0.4924237018236545,0.12635561898832337,0.15181797648913067
2705705,-0.3813296416531346,-0.6377159953453622,-0.38596368298626815,0.5705220497647927,0.17071927879158036,0.2018136156176574
2705804,0.32826256877425675,0.5489693638107448,0.25728183096349416,0.8737409973483382,0.17194894258474844,0.22431041439344593
2705903,-0.3542107541071352,-0.5923637686234041,-0.44607046980988474,0.7961954475195356,0.0787196438882384,0.022335166710906434
2706000,-0.05251573988883698,-0.08782461072084997,-0.08592789203777454,0.7089132919156979,0.17902547068600802,0.20622692013982577
2706109,0.5774165242325514,0.9656415690201411,0.529584211451112,0.7877467322588352,0.38981184092060656,0.23741844647457663
2706208,-0.05399437241720791,-0.09029739938341563,-0.1301960937989814,0.81219870778339,0.09993720187320375,0.1552837711578796
2706307,-0.2447285461012857,-0.40927137919261675,-0.2809102837500175,0.620076044671006,0.19533502742621797,0.1865590616470152
2706406,0.14666767762686314,0.24527944803170257,0.09722236021537618,0.7722667019803421,0.18861182304158688,0.2282500244598936
2706422,0.4357776215060936,0.7287719843735065,0.3815666135508904,0.8775605142637422,0.15072448367397137,0.3049008004251681
2706448,-0.2834287805271796,-0.47399165220894063,-0.2723075332251087,0.5290135064444245,0.13115773679651987,0.3556583226305934
2706505,-0.011527558501815912,-0.019278093389273627,-0.05491977715351272,0.7038287392733972,0.18323109989821654,0.22582873182270893
2706604,0.25031250023253276,0.41860969564589234,0.20555360021028884,0.7417590684878966,0.1725408228981935,0.3352921131850475
2706703,-0.25203255012481296,-0.4214862182375897,-0.27746617035298715,0.5782526469510253,0.22588555276644498,0.1987399547151227
2706802,-0.40586443425890695,-0.6787467151691682,-0.45947104241907155,0.6813410792928393,0.1256298933446557,0.0906900433735585
2706901,-0.764556809726492,-1.2786053158603086,-0.7508669451785628,0.4242661518330942,0.0999901910079954,0.2454485546091245
2707008,-0.4017019546191456,-0.671785599230036,-0.4636048555427144,0.7348957120204703,0.04549699570647101,0.11100635658633203
2707107,0.33816444635032245,0.5655287523933731,0.2895591834184111,0.8480432515829074,0.1391723821861123,0.3012562102845175
2707206,0.45246518824963194,0.7566794090090868,0.44064271373479164,0.7762299645664745,0.23062207456571981,0.36372233785025415
2707305,-0.9329611972310764,-1.5602361146947201,-0.9263564562823302,0.4157323151291357,0.08920046414558946,0.16007983897827371
2707404,-0.47101969846309927,-0.7877090134679241,-0.4549176137123939,0.5298372886904055,0.094455138861401,0.2862336149488136
2707503,-0.5948429296707881,-0.9947845893244623,-0.6468053771711101,0.6393174600737973,0.11199548674524923,0.052696018254062595
2707602,0.017840847552106003,0.029836111887796325,-0.03479121782035642,0.7444521366324398,0.1645102631027562,0.2120816192609802
2707701,-0.4275577420388892,-0.7150254825455279,-0.4460436302582689,0.5854385108649335,0.1560812036574171,0.17108428491649316
2707800,-0.3266309207877299,-0.5462406799998812,-0.3258011802902386,0.5584522840712915,0.2984608167681575,0.1252595471822586
2707909,-0.2750158912833891,-0.45992237080040455,-0.2994428608897753,0.6320276739351457,0.1725280651601352,0.18354908196370387
2708006,0.1991908134140396,0.3331164272709049,0.17939709962860628,0.6862414444141395,0.2581407245654421,0.2986903851051053
2708105,-0.14503044065966153,-0.24254141749825398,-0.18930440636404977,0.7389719633475552,0.11059343352390973,0.18736346994900135
2708204,-0.3998435623205838,-0.6686777199440678,-0.441078445626403,0.6370188055394226,0.11756268136538828,0.15917792645066153
2708303,-0.521417607397182,-0.8719918730953388,-0.5838390653331371,0.6532083760096832,0.07341540918336789,0.10236209273230285
2708402,0.20557572793065393,0.3437942284995372,0.18566725554596586,0.7191702432636187,0.27828043093366667,0.23737262395040504
2708501,-0.4775240672617034,-0.7985865838674164,-0.5188836577201528,0.6333008909585641,0.0861263084004582,0.14578404851383528
2708600,-0.8095859888369453,-1.3539097890492244,-0.7603576259892098,0.3798610704025214,0.16572366935109778,0.2063294884847997
2708709,-0.2687228629724873,-0.4493982353158787,-0.26693283402825707,0.5338269925405137,0.1516185329795308,0.33052986386519917
2708808,-0.39639585626532203,-0.6629119544264491,-0.46894131274298967,0.7359625958848133,0.11353356240813638,0.037934148123662664
2708907,-0.6308896590663124,-1.0550672775932166,-0.6507267229907945,0.5398330689244496,0.10894443208151977,0.16088606934304162
2708956,0.421194131451292,0.7043833089073422,0.41450117703913786,0.8164348339017148,0.21892765168725725,0.3086304646960656
2709004,-0.1527645989212072,-0.25547562427152803,-0.2194977130432071,0.7508423919846252,0.14681720748760008,0.12083010603296168
2709103,-0.25315099366672394,-0.42335664544454715,-0.2934730720257947,0.6867206451984044,0.09042424184641618,0.20861953135308134
2709152,-0.7828961417976946,-1.3092750675089213,-0.8138207336702388,0.5537182028593055,0.05204575866575381,0.11437637355036996
2709202,-0.05379539687519409,-0.08996464296491474,-0.13671663327351583,0.7747790121611482,0.09497220679379081,0.20326645390761863
2709301,-0.08546003623093618,-0.14291895020538625,-0.10147478823356268,0.6349885077547325,0.22678136851591227,0.22580097586982392
2709400,-0.1252898980561987,-0.20952835373418413,-0.16080207336420715,0.6584645020335025,0.1686387524883772,0.23223863171013978
2800100,0.5565847041443114,0.9308035091598179,0.5443393934384877,0.6358301363741309,0.39765262600193374,0.4136415464503715
2800209,0.06575091000492364,0.10995842556817034,0.07412723864953412,0.5821056237093112,0.2657516661139861,0.35434942606877207
2800308,0.04438708629121345,0.07423067032494099,0.0758470337653521,0.5323055104462683,0.33077004210596095,0.3327185254469803
2800407,0.009390886986485358,0.015704834315528597,-0.004283019052215157,0.6291112752113296,0.29517425266856007,0.22101103500024322
2800506,-0.17532796040652252,-0.2932094245225812,-0.1679757819963118,0.5232011038567085,0.2960922389585196,0.250858657766207
2800605,-0.03173949749366441,-0.053079496123580185,-0.008856398488821495,0.5290139350298545,0.2705250136193371,0.3547262390711468
2800670,0.15885655807179566,0.2656635020784538,0.13732279043303633,0.6898232178304445,0.3750134645028131,0.14450362750073245
2800704,0.8120906373511017,1.3580984338481739,0.8210815967401128,0.6979258361375477,0.5122067715563271,0.37082512987878796
2801009,0.5069552255694253,0.8478057327723115,0.5061147998487061,0.647858002306087,0.49443260769433534,0.27463140297532956
2801108,0.1559934980547617,0.26087546839562475,0.10569625485799743,0.7006738722424998,0.280540305495604,0.224373653412511
2801207,0.34397042923955673,0.5752383782727432,0.2734848753692671,0.7798704344247235,0.24614985811781862,0.2660707685786565
2801306,0.3480563069542882,0.5820713891092821,0.3652730917837071,0.5738653097378565,0.4112305292879422,0.3680587614253017
2801405,-0.2879033186897348,-0.4814746387023962,-0.3179078296673073,0.588130383753712,0.25031494609018384,0.150782541240252
2801504,-0.2655442175665118,-0.444082432929959,-0.29193603403422613,0.5856825635908546,0.2693837430972299,0.1356306416739694
2801603,0.27757509671088293,0.4642022537631146,0.24585258493266782,0.6347714158611,0.422823227038523,0.22859761833720568
2801702,0.7448271027063876,1.2456103729661423,0.7124425074233396,0.7918925677235614,0.3600951326571227,0.3686659975594508
2801900,0.05767160071978553,0.09644700605161065,0.03968673095088767,0.6361276299209927,0.23915583088355308,0.29784550662790465
2802007,0.11463529905561148,0.19171015272256284,0.1259389805157619,0.5863564841628569,0.2904987468697066,0.35020747931171203
2802106,0.5333936242056884,0.8920199449918755,0.5415410633804284,0.7109497119741018,0.4224534561144413,0.292674413256438
2802205,-0.1344578478136484,-0.22486035934356302,-0.15349880615980221,0.6091063159025332,0.25780736278875843,0.2064804999560019
2802304,-0.4314588366517345,-0.7215494716673335,-0.45201272436603684,0.5275522829633621,0.22270045619238343,0.1657591438541565
2802403,0.3469069419946569,0.5801492505205567,0.3195087011917095,0.6662850365877105,0.3585904494274627,0.2945912752841969
2802502,-0.22835486137048086,-0.38188887462174365,-0.26208523076610307,0.6136367535039239,0.23018385892088564,0.1676525162493631
2802601,0.47818866087438483,0.7996980158960781,0.45277285335621836,0.7022893610591389,0.37173388229085136,0.32016495671062734
2802700,0.37073091291246757,0.6199912288704863,0.36535334196298924,0.6393429778454257,0.372699803839252,0.33860224602448447
2802809,0.7664472583489238,1.2817668044864672,0.7360558582911709,0.8079399423278634,0.30293499071778035,0.42425690912137154
2802908,-0.4676030004668204,-0.7819951042264458,-0.5007248652032374,0.5295522581867237,0.19878397502460463,0.16765918569558888
2803005,-0.08364325126910481,-0.13988065288016374,-0.08945130960765886,0.6953847630746189,0.1815276800104942,0.20914722278698436
2803104,0.11647516615573857,0.194787051423577,0.08610543343272631,0.6143756805922179,0.38197988291992435,0.2071959215514674
2803203,-0.43130430305284123,-0.7212910376588854,-0.4570446198002438,0.582490385353499,0.21116930397143263,0.1163298062301545
2803302,0.45617519935833345,0.7628838399488669,0.496429554782623,0.6284494568383018,0.2373225120967973,0.5528498696559475
2803401,-0.10134162710748568,-0.16947850243321746,-0.12807516967946142,0.6348039199526666,0.24641338915535096,0.2022902107411352
2803500,-0.2454349762532196,-0.4104527764884826,-0.291775172627838,0.645210426610524,0.20404571816755288,0.1496592584542069
2803609,-0.014757970742841311,-0.024680467956145747,-0.014517028768548372,0.6101997591768397,0.18793340315935936,0.3512354603087153
2803708,0.04313972128085727,0.0721446415135174,0.02726339190257313,0.6029987975755722,0.39471653019051867,0.17099595978563817
2803807,0.6452469848594214,1.0790777276305066,0.6234563097274441,0.6946683815117627,0.3736723689318328,0.4207723931070804
2803906,0.11972429147107265,0.20022072076931027,0.11740009799123717,0.6110822576869578,0.3682930354813503,0.2364902274283778
2804003,0.030324641054741024,0.05071336329869098,-0.002318154012587756,0.6591009588234277,0.22317551322976248,0.2716452359886498
2804102,0.19778576622211771,0.33076669892400995,0.20215487652159275,0.5683131646597476,0.411366170159801,0.2836270589448125
2804201,-0.020833202301733744,-0.034840371402772546,-0.055909966972672635,0.6454908817026993,0.2544628178956267,0.22305391885219447
2804300,-0.2983444080358778,-0.49893577719663923,-0.31953889352909226,0.5578848276375497,0.20369315701676535,0.23019662833108348
2804409,0.12658355551678585,0.21169179964816534,0.10352032853986001,0.6531788769270227,0.28521491070744315,0.26943284595912326
2804458,-0.35590430319177324,-0.5951959726332843,-0.3882757711015038,0.6149687738627195,0.18742281352765222,0.13863725571754051
2804508,-0.2078730377320121,-0.3476361307451599,-0.24500821677312906,0.6297824690477608,0.23944458352538955,0.1513065179833857
2804607,0.14354977166111044,0.24006522314815193,0.15520416956710495,0.5712360573080782,0.3800224730533482,0.28693859585584863
2804706,0.3160945689978854,0.5286202295155168,0.2762025616556667,0.6953838348385434,0.33127541079172,0.275064272344235
2804805,-0.03599410620803459,-0.06019468396821576,-0.0022287860885815323,0.5221431244513929,0.23788247190976142,0.4031900369236589
2804904,0.5172469009574624,0.8650169990809072,0.48718267300156953,0.716816322833611,0.35396290344401726,0.33962730216731113
2805000,0.08669153969693479,0.14497845298934514,0.06644155658185118,0.5724490552038061,0.3784143148537647,0.23767821518112642
2805109,0.06784899326096078,0.11346715163032686,0.03408631108630366,0.6841348980054409,0.28125749631470454,0.1968534821914636
2805208,0.035504288248738136,0.05937553771434338,-0.007577634815541202,0.6501815452755519,0.2737087232284788,0.22845888033990866
2805307,0.386776632904224,0.646825262152598,0.4420375062893705,0.5925334182403051,0.31474585681920725,0.4824511249332836
2805406,0.15070556896554035,0.25203220893163614,0.13015706498360838,0.6466575484957283,0.33192423267521454,0.24100837486465712
2805505,0.5816080959860699,0.9726513371075849,0.5693791066965691,0.6716236042197594,0.5305768730493551,0.24573323365720023
2805604,0.12961974413959831,0.21676936466844338,0.11334569190615262,0.6289886831642374,0.2965217015355212,0.2907978510211972
2805703,-0.39572940878972573,-0.661797422093209,-0.41053772247565856,0.563049815684327,0.2082760744391252,0.16402547176945623
2805802,0.17960915611129463,0.30036907507663013,0.12227943881252264,0.7498762628088887,0.2915840073337144,0.164323831201984
2805901,0.03082570617483198,0.051551318723310986,0.012521388132169754,0.6201603139530856,0.26460972183586035,0.2772731163112802
2806008,-0.16680454641577602,-0.2789553072363259,-0.18435266321800567,0.5601382390265653,0.3581626902079653,0.13365473739427658
2806107,-0.030334130534597128,-0.05072923301462862,-0.04879127997315655,0.6110716545749897,0.2810009028589465,0.23773944222071855
2806206,0.37643567081914125,0.6295315713177381,0.34778359832472794,0.7031311752263268,0.39181227072717495,0.23758719666466518
2806305,0.07355349430158697,0.12300706450806914,0.04329976064871947,0.7070804223154671,0.28998674808826613,0.17108279405755714
2806404,0.39383081634223005,0.6586223141546785,0.39540845354035403,0.6837562842005487,0.30444078545502673,0.37438905491600344
2806503,-0.23243573135310452,-0.388713510785777,-0.26871458952495414,0.61235824625501,0.1761194333703704,0.22566187104719307
2806602,0.2749855131188728,0.45987156792723366,0.22034115106195462,0.768026105942322,0.19919129532916158,0.2945280234590146
2806701,-0.03645044480021678,-0.060957841057883294,-0.03086623794227794,0.5918083255502938,0.2682945112430749,0.27853925471004926
2806800,0.14562934096693483,0.2435429874362997,0.14423581359486373,0.5485773314488936,0.45691572900508287,0.2307174727056641
2806909,0.1893425116973197,0.3166466361880174,0.1518806824282119,0.6251267094972051,0.33715353149048327,0.2787261388166323
2807006,0.043835702212055044,0.07330856407237242,0.01648372966867541,0.6077574198940666,0.3252876267943039,0.23428575602297594
2807105,0.7145294884828618,1.194942207943921,0.7092372210797999,0.6865322487822065,0.5478016516760141,0.29007644396377846
2807204,0.15516559555449314,0.2594909270189858,0.1684216222600164,0.594110287601565,0.2862671312217094,0.3679973820895343
2807303,0.02275110495056754,0.03804777272456434,0.020653149985419533,0.5501181485073663,0.340863530715975,0.2777250064551973
2807402,0.3616891654921174,0.604870277530766,0.32871813670847355,0.7508649718878636,0.4313617454401922,0.12291933558635872
2807501,0.21810826736697136,0.3647530000919802,0.1928332707942383,0.6731307426318516,0.30356904336528223,0.2727978060678605
2807600,0.08579860612574486,0.14348515700883846,0.07390654787239875,0.6612396071006637,0.2634452716700793,0.2615155467047978
2900108,0.24906815867730717,0.41652872310465444,0.2535051786449465,0.6661430459814316,0.33333768156196203,0.28064884822559005
2900207,0.37518392917839516,0.6274382232557226,0.31304618879730506,0.8455035795018606,0.19991073007522112,0.2496367046230745
2900306,0.12250941276135632,0.20487841375140056,0.0892983793450974,0.7211586670603216,0.25892364284247,0.20582028943702477
2900355,0.5655647589749366,0.9458212889991761,0.5409980842630069,0.7765689697124415,0.24074615003623479,0.41566920528802626
2900405,0.5737742526669736,0.9595504221932354,0.555182264536614,0.7264390980017675,0.2976895029809574,0.41474153462931573
2900504,0.16655244956078696,0.27853371347795525,0.1479469800712655,0.7249807388429182,0.13267299613597802,0.3611467947205201
2900603,0.5844724828857435,0.9774415898004012,0.5370472051494712,0.7993631656531318,0.3245511146475045,0.3034123324923778
2900702,0.6942864638635575,1.1610888192119668,0.6939838293296472,0.6882109900752701,0.3843355447471332,0.4436997790221935
2900801,0.4264538321530555,0.7131793606742669,0.38595753355408396,0.7979335226140395,0.26477999169120997,0.2788469995859741
2900900,-0.24140638576698212,-0.4037155698537393,-0.2877477869855932,0.6808269731828832,0.18227739926092004,0.12497611857205686
2901007,0.8983351959758408,1.5023293787809195,0.9314784195475464,0.6516792632200206,0.5372648448053557,0.452236553528865
2901106,0.47019138097709284,0.7863237780905732,0.4392076637104634,0.7564753519166175,0.34998111329077647,0.26608254007035653
2901155,0.6390471034199255,1.068709366162274,0.6090010813805282,0.7728213734698333,0.3408431737034891,0.35668202947582
2901205,0.9444158162358426,1.5793922278367745,0.9680350770023054,0.6254692558610652,0.558026589373282,0.48297214685419093
2901304,1.385940475346946,2.3177752610410973,1.3380275001372905,0.8663133675481697,0.40362815401552377,0.5955883969598217
2901353,1.0470727150444898,1.7510703227234388,0.9960462140730192,0.8762341808258842,0.41027156367045997,0.3813540100646926
2901403,0.9341097131903198,1.5621568334590517,0.8926151774903714,0.7899122642481897,0.4393431946005961,0.393326727146923
2901502,0.17105050697484758,0.2860560323527557,0.08302672321930282,0.8421698016354381,0.23304015779723478,0.10310263993989129
2901601,0.15203783842362337,0.2542602275557494,0.08699663246198658,0.7639370229402266,0.12719405855893448,0.30036345886225935
2901700,0.549357140294658,0.91871650471316,0.5078929681463138,0.8319974381084133,0.23682710013503797,0.34081657483115113
2901809,-0.0528298124293691,-0.08834984941440602,-0.1026879349465746,0.7103491429059196,0.20686502730008635,0.17080012157544333
2901908,0.23817652114581436,0.3983141110980304,0.19651451007877355,0.7036258121859422,0.31663707222756515,0.2305136177737818
2901957,0.1573520857299349,0.26314750024654787,0.14013312013264242,0.6348686355712663,0.20738751022520194,0.3903895150004353
2902005,0.32890923182325144,0.5500508096908892,0.31207949389021855,0.7088630535841913,0.22311850178094028,0.3765585854912341
2902054,0.6579080074488624,1.1002513678115127,0.61629222179955,0.7773396720611365,0.34569928869676586,0.3479972644470351
2902104,1.1217146183162061,1.8758975861720355,1.0835811614444197,0.8372598637182543,0.47862654232342555,0.3980802885863892
2902203,0.6236184928118536,1.0429073547370187,0.5741655428326478,0.7896301834703509,0.20038334987462822,0.46524335860435856
2902252,0.0009451557284140723,0.0015806296187440597,-0.044358692377775816,0.6933736390076864,0.2177346988743345,0.20889469386766893
2902302,0.13511561553626997,0.22596037610627598,0.08934403509297671,0.7652408609880013,0.2130132082753835,0.20770740011369535
2902401,0.47431474377564864,0.7932194770450304,0.41627125451027,0.8158863509263473,0.19747513082315263,0.3472121813300309
2902500,0.2856906909236928,0.47777435431843623,0.21712566559328195,0.8197161668448646,0.17732163177549753,0.2587752546096835
2902609,0.7197292035009208,1.203637942751943,0.7792194905948386,0.6016110899069322,0.44259476418683663,0.5200247237275607
2902658,0.4181972112256437,0.699371414326096,0.39756524102389607,0.7520061019517928,0.3159239443760778,0.2828852283225361
2902708,0.01822313940851315,0.030475437041393667,-0.04832915564493426,0.7827455797249613,0.16468704022151337,0.16522068388508082
2902807,0.38072866230557434,0.6367109485277325,0.35216914500466956,0.7130068352891641,0.1432759314063002,0.48310170595453233
2902906,0.02193025784617218,0.03667503042754144,0.005063221416576885,0.6424084521410385,0.2962756907128198,0.21065491026192887
2903003,0.6439409274580583,1.0768935446960834,0.5904559577556097,0.849444844237941,0.30110066299771326,0.30056677690207656
2903102,0.40461917240876505,0.6766642035742497,0.3600885748786846,0.7497743933689681,0.2830900921105233,0.30261394320998375
2903201,0.5462167974115965,0.9134647574880677,0.5358578024615418,0.7298342080899701,0.34398873478331743,0.3506208693318525
2903235,0.5089252108721606,0.8511002344341894,0.49049110589767875,0.7437676526047806,0.344623181453589,0.3120932593894538
2903276,0.274168504909844,0.45850524560052597,0.21353996138828524,0.8084158568093356,0.2028084971486462,0.23584167532427616
2903300,0.14013180447875387,0.23434919138543625,0.11750581992047292,0.6885564754925052,0.28922128151646825,0.22636282678717232
2903409,-0.13863499884319677,-0.23184601095713317,-0.18782050369758913,0.7362548140356925,0.09585743062990693,0.20868378960334813
2903508,0.24092950788438097,0.40291806391572016,0.24819971876995695,0.5973107204064472,0.40525839073549985,0.27791465079771255
2903607,0.7974665791236338,1.3336419142655673,0.744881418414823,0.8695588350767424,0.3498162429367752,0.3100905954081941
2903706,0.68327768703609,1.1426783094975153,0.6227074583330752,0.8313339802683081,0.33315097910038355,0.3068237314199556
2903805,0.7990989574301707,1.3363718194258911,0.7998866230153546,0.7216941729050643,0.4406410576411533,0.40661091661734594
2903904,0.9026742559886411,1.5095857986147685,0.9011721262027927,0.8009218037935071,0.2395404531304629,0.5837376641562898
2903953,0.4537180390840549,0.7587746120293127,0.38269480120969146,0.8205078333204973,0.22772404091194834,0.294619442752841
2904001,1.1133450938561302,1.8619008257878018,1.1291690221345385,0.7419653316465965,0.519432258010775,0.480565025365026
2904050,0.6392607549653211,1.0690666659707502,0.6244243858346992,0.6845629195129268,0.3822512583487916,0.4253365078353477
2904100,0.5977059989108894,0.999572638431473,0.5311859430677196,0.8653899859832831,0.20256678720724297,0.35270922037103186
2904209,-0.00391918796278133,-0.006554247505637256,-0.06910569956248842,0.7872000750793203,0.19640359197802668,0.10580584219444163
2904308,0.13123876670641935,0.21947693437954924,0.09648288253880549,0.7576672587491888,0.17609507558600912,0.25439269435703454
2904407,0.14554316771203096,0.2433988757360266,0.08723847915614269,0.769111461519835,0.1791760807727882,0.24030825951734425
2904506,0.9566912685513075,1.5999210602079856,0.9831183522096085,0.6799548421751173,0.5135679918203987,0.4779866309406208
2904605,0.5667144136963004,0.9477439121704554,0.5328835395700663,0.7568935092692803,0.262162552717745,0.40967785857779115
2904704,-0.43944512023436033,-0.7349053198041988,-0.42335113572556593,0.46069774796446633,0.23542758416721643,0.23147444873459477
2904753,0.05758337004874218,0.09629945363486046,0.013591000617970916,0.6874491076618495,0.22138139157836853,0.24979298883211032
2904803,-0.4502487237501978,-0.7529727082703855,-0.5128453664101139,0.7066476478184108,0.053805541340521845,0.10432332298817065
2904852,-0.16064413989066356,-0.26865296157585483,-0.22433472826329248,0.7622292814706118,0.1039416996817105,0.1563507865002455
2904902,0.4193450098806842,0.7012909335079303,0.3689230465486681,0.8113094608869004,0.29656889583146967,0.22194684952864052
2905008,-0.11235002753679552,-0.18788838267883284,-0.14807618184244256,0.6416176032656687,0.24812239927165924,0.17633499693234114
2905107,0.537125826842645,0.8982614878972192,0.4997122319667061,0.7978684542948699,0.3432745767852338,0.2601474896668071
2905156,0.7767896240471013,1.299062842651364,0.7023337807703574,0.8045780230768038,0.3393936544068073,0.3827396156375191
2905206,0.6845445912369887,1.1447970146419169,0.6676240265006164,0.7148845204131266,0.3536137858161937,0.43620257251400557
2905305,0.31846674535544656,0.5325873347225464,0.30048172393158973,0.6517080642158222,0.2003400641776577,0.46935808062747064
2905404,0.07555749851208236,0.12635845763405867,0.043808537658017496,0.7276862273209281,0.20309807418717038,0.23249476596164773
2905503,0.38831325289064983,0.649395026044707,0.3459796500399604,0.7785513102737597,0.27196525720454146,0.2727025125320249
2905602,0.7141697617020202,1.1943406194571138,0.6980933378309226,0.6833080729041595,0.5038511015508559,0.32936336687594275
2905701,0.8399810218701862,1.4047408722567032,0.8515131670754031,0.7067340922730324,0.4987977810227065,0.38582386573130134
2905800,0.4082757807491531,0.6827793264827905,0.43969883445494573,0.5954337235415925,0.38950295361659926,0.4063819447164396
2905909,1.3122508974388871,2.194540617338882,1.3218136069727706,0.8035406233067194,0.537357216271142,0.505941079758967
2906006,-0.29130906323023015,-0.48717022995021647,-0.35797505159783444,0.7032258901595786,0.1865883817179096,0.06403517052596723
2906105,0.7896144003604293,1.3205103361015977,0.7570826129328903,0.7939936061067292,0.3332281775185571,0.4246045323019252
2906204,0.6792635158302445,1.13596521692248,0.6511904412449587,0.7648683253885018,0.41750478738861013,0.3031173084732392
2906303,0.25952802729195557,0.4340212670775139,0.2381575715524258,0.7078319343071718,0.33590383066866997,0.22405830839982221
2906402,0.5159596462026752,0.8628642607213781,0.4813493576797019,0.7942508906099661,0.29035052844512127,0.3111124627064141
2906501,0.704333947618277,1.1778917120465753,0.637632403875742,0.8729055318019462,0.29962560132605937,0.2983327557567254
2906600,0.1948637278982043,0.32588003296724505,0.11889596355660147,0.7999749433005642,0.20143866199258095,0.19983922410859067
2906709,0.5345616317684865,0.8939732605071646,0.534435235615553,0.7216314570243413,0.22685057734588346,0.4859854436330395
2906808,0.8128916009918656,1.3594379240676882,0.759195577435506,0.8563824735135194,0.3649329925128648,0.3155842708771654
2906824,0.29678359686768385,0.49632555722172245,0.2153390374231872,0.8280220896716991,0.13351027617419395,0.29090991839197966
2906857,1.0789301032430196,1.804346973172262,1.0765108214875854,0.723300304566726,0.524257442778852,0.47768526004115164
2906873,0.09160932280218295,0.1532026994294072,0.0636521392821801,0.6565465827474813,0.37159576923577564,0.148612088324263
2906899,0.19761456949048914,0.33048039835309945,0.20530441926679796,0.6030602041382495,0.2611965579272104,0.3969575259165776
2906907,0.26587184535079217,0.44463034071297175,0.2316873366200539,0.7883331109563749,0.15955323978940786,0.31433050164739346
2907004,0.8005339560684682,1.3387716370245808,0.7835961935256851,0.8317268530489752,0.36724618000386594,0.3446293091384698
2907103,0.6559548190012701,1.0969849563425442,0.6866302995878867,0.6184668319849032,0.4484237704191552,0.4485282114662053
2907202,0.33247535655168564,0.5560146124806754,0.2644360046114217,0.8355054032411723,0.21683736193127326,0.2214696129400969
2907301,0.5928805177853543,0.9915027530544793,0.5401263991561448,0.8025381098440746,0.2828200299045066,0.34687547065587837
2907400,0.8645560300935974,1.4458388466021346,0.7966718080814008,0.8867181232270869,0.33586383412938875,0.3400021423113013
2907509,1.0214727313384042,1.7082582323252802,1.0012294423356076,0.8324759926144917,0.4111803395444788,0.4186649314217558
2907558,0.3601715222888819,0.6023322494306301,0.3100540411971173,0.8213690685043953,0.2385784103759415,0.23334966823809303
2907608,1.0351646964112295,1.7311559674627788,1.039470770756067,0.7584705496907566,0.5444081478422013,0.38680301853258703
2907707,0.11581813303829729,0.19368826317662224,0.040454446552541795,0.8054917769476627,0.0964563969394553,0.25971018181857314
2907806,0.6170003589949948,1.0318395295974616,0.5967663608113964,0.7398280589474804,0.2021502710097722,0.5274386278357625
2907905,0.940102085229741,1.572178166925374,0.9766422894993484,0.6727051350767025,0.5043518007824206,0.4900411977099813
2908002,0.48092681333917264,0.8042771606405559,0.47219339722732695,0.6702426504694072,0.4993210834118568,0.2225649649539916
2908101,0.20673431996357677,0.34573179796901654,0.1647310972014555,0.7000295211415818,0.16253283559093332,0.37812269418066613
2908200,0.7138706427734457,1.1938403884117759,0.7323320495900769,0.7530353892122627,0.36457025493993905,0.41235112100972277
2908309,0.867065090760431,1.450034870057314,0.8262999844706481,0.8279468527359475,0.47227695391989566,0.272975536429614
2908408,0.5601356041314478,0.9367418508786826,0.5564269548673308,0.6715907246378622,0.47476026719602826,0.2917604473174967
2908507,-0.0014459777870092672,-0.002418178559873479,-0.046023028865343145,0.7237853277254874,0.2249885767621271,0.16896706658776373
2908606,0.245382492784603,0.41036500584657076,0.19504796832940496,0.7837101361380417,0.15578976166430739,0.30541111385961484
2908705,0.7442062202692316,1.2445720412495547,0.7235230721005192,0.710832369443677,0.4603665857167643,0.3603801450906876
2908804,0.29930901180494296,0.5005489307139913,0.2859213839416355,0.6922451164406582,0.21336509930334188,0.3971264852712577
2908903,0.8065191055618096,1.3487808918779154,0.7673123361912964,0.8206411691162175,0.4031100479338318,0.3250029298447002
2909000,0.2597151013579712,0.4343341200823191,0.26159345267478984,0.5674747398218103,0.38995796084303475,0.338917306230069
2909109,0.6335051733902731,1.0594413286457756,0.6110707240077394,0.7906097749102572,0.12457077622685642,0.5579629337272725
2909208,0.29642361344330403,0.4957235395375188,0.26001440910341295,0.7566578593247765,0.15094684304036174,0.3751022442749634
2909307,0.26932394072962856,0.4504034467086087,0.23891914847010293,0.7093857641688008,0.26649677370323394,0.29714923841451063
2909406,0.5860794621018403,0.9801290188338478,0.5204117023087488,0.8385210142323247,0.2222246454532947,0.35751436128569763
2909505,0.3123046082814804,0.5222820949815628,0.23657583382834713,0.7855837572280983,0.1441043615448303,0.34163572895051425
2909604,0.5249836451971839,0.8779555305105052,0.4702601100996465,0.8074311916484347,0.3727638928260159,0.20496670467248412
2909703,0.02446782666625293,0.04091872944563965,-0.06316374044397241,0.8204506915702413,0.1576734356487883,0.12253424859334568
2909802,0.5836118554306001,0.9760023208996176,0.5921228232805118,0.694139114559901,0.38542257566544064,0.3807396669742526
2909901,0.9419723675114199,1.5753059304049373,0.9212702629210813,0.8059468371700095,0.3296747419098341,0.5012655635227216
2910008,0.6203831494021933,1.0374967335384382,0.5803708340562124,0.8113517354328446,0.253643122178393,0.3832359852649665
2910057,0.9412574799415547,1.5741103893601862,0.9092293661933613,0.8023300689714015,0.46848090424270533,0.3515802032654218
2910107,0.48994736565045743,0.8193626663746958,0.45933794844284115,0.7820335609401846,0.35459841206569404,0.2449830643000904
2910206,0.3761416736939347,0.6290399057117889,0.33060632640310206,0.7592878660858426,0.3028893897210542,0.25480449192213417
2910305,-0.12373562720506642,-0.20692907144768488,-0.18058095054106654,0.7155498029993953,0.2651072154848603,0.06355051097552945
2910404,0.7177918619139239,1.2003980327540742,0.7324170507620027,0.6747723912024197,0.4821150338493447,0.3773998775338147
2910503,0.603768191215667,1.0097107357030533,0.5898499575096883,0.7559258080930733,0.40821017541429633,0.2831571690091503
2910602,0.21608787578283772,0.36137420156879807,0.1866264944348162,0.7522070336784775,0.2346834183697288,0.252185432437904
2910701,0.5220775871191623,0.8730955890915197,0.46037723384683843,0.8013513272898486,0.3143898324764513,0.2714906587581501
2910727,-0.435806845013218,-0.7288208562572983,-0.4515429467212811,0.5887851720747951,0.2006895245383503,0.11311986955360813
2910750,0.8820120845952387,1.4750314504685893,0.8959371086624741,0.77927985651475,0.2802050378690339,0.5562598977771772
2910776,0.8722848285505368,1.4587640899150427,0.892386683271364,0.6733343555039024,0.40701745645922127,0.5492572455793124
2910800,0.0727913325742638,0.12173246460430359,0.06299102053219487,0.6791643521106471,0.18421175310350177,0.3172275472672315
2910859,0.7225543059060856,1.2083624980853598,0.7179768760371545,0.6989154717302215,0.4691070804099932,0.35952815810624705
2910909,0.40016284863993545,0.6692116778920071,0.38524788023033546,0.6671417421859918,0.3412867501962755,0.3507697158029563
2911006,-0.03860569360825904,-0.06456216783636066,-0.08542225215583603,0.6814580205313038,0.2826614173311888,0.13562450208043422
2911105,0.002887607706292593,0.004829085970349019,-0.03149200686932422,0.6676738580243397,0.09669832008049833,0.37216361955800786
2911204,0.3994944148365108,0.6680938237267094,0.40426086186520827,0.6003304469615619,0.38236807543841306,0.3873959363463253
2911253,0.11203663331192878,0.18736427836535788,0.0693718727513754,0.6618242377132973,0.1398103053105043,0.39389057297604785
2911303,0.38167823242964477,0.6382989605537491,0.3545890872722582,0.7636033643464435,0.2837809940814469,0.2755560134850627
2911402,0.2939911580478634,0.4916556267812175,0.24142987202913987,0.8461850763612855,0.1484788792017741,0.2637088102184884
2911501,0.6838600250514107,1.1436521815140146,0.6422136027433757,0.7728700402957668,0.27470145010287195,0.44562777300691025
2911600,0.24595352701387652,0.41131997399517506,0.18870496380665136,0.7592064601308289,0.3274104711754449,0.14962065955706053
2911659,0.6924024675448884,1.1579381210853315,0.6512447153267835,0.7949026021066,0.39024179566741796,0.2960632084824793
2911709,0.34116444307317323,0.5705457919496263,0.3186938489983844,0.6815389924910383,0.4041094837897055,0.229551791694904
2911808,0.7050159678907771,1.179032287520954,0.6780734342902919,0.8046495489931424,0.41374308073175015,0.2747829196355665
2911857,1.1498417344876368,1.922935922367716,1.1302679043487813,0.7989851885243467,0.42582985142252916,0.5272110721678404
2911907,0.34800074583441404,0.5819784715623811,0.2895499748976065,0.783181739415799,0.2855136672634921,0.2228064305534542
2912004,0.7028894708723183,1.1754760437502194,0.7495797216470059,0.6114652351571971,0.468918277260889,0.46413317776061463
2912103,0.2861716657869931,0.4785787118353497,0.2880063009537378,0.6132561798003772,0.38052361286594333,0.3103368921650917
2912202,0.5366619740082552,0.8974857643770274,0.5283072662810772,0.6624750906013582,0.36371624448837464,0.40851965519436934
2912301,0.5256045345035592,0.8789938737148203,0.5087894836798168,0.6983091116109487,0.3810620180014897,0.34008528352131756
2912400,0.5628166727202655,0.9412255314976214,0.517979388903963,0.8641476048273317,0.29735413677877554,0.23749702412313614
2912509,0.892729519974063,1.492954735793399,0.8823048550960267,0.7754911455042163,0.29890005396484465,0.5351543606987577
2912608,0.5333374128561069,0.8919259400343993,0.47989855289935524,0.8232380717552074,0.11437446429960095,0.4606263782782814
2912707,-0.12436704666149463,-0.20798502473101976,-0.17280236703241433,0.7320578500135406,0.15431693088794748,0.15372353676530687
2912806,-0.18862937495693635,-0.3154540231400533,-0.21847196332059327,0.6357290502754497,0.23396130937106174,0.15688762921154417
2912905,-0.4005899991265314,-0.6699260223015863,-0.45309973848573315,0.6586095995983788,0.10850486773067904,0.1366263067398986
2913002,0.8812493593889892,1.4737559082317735,0.8472917125970693,0.7585815211954007,0.3382608910554021,0.5040545684480635
2913101,0.34882049682023064,0.5833493807673124,0.2924984132864943,0.8181746329274845,0.3035870677114317,0.16212350395093958
2913200,0.851068486187376,1.423282974864411,0.8499426787231483,0.7148509860740614,0.326985956828862,0.5623362340147361
2913309,0.684020010374188,1.1439197327038808,0.673118521992046,0.7546244455785907,0.40131890406685083,0.34264691659296104
2913408,-0.252592547667932,-0.4224227292023627,-0.32646785305204185,0.7417300784016785,0.08118063728378405,0.1437384672034424
2913457,0.9391079303126387,1.5705155935944919,0.9470295776779317,0.7506196355578646,0.4832529027460692,0.413097582462858
2913507,1.0812352314026548,1.8082019504364146,1.0801334772089421,0.7618580675150134,0.3638996020587426,0.6019604149998413
2913606,0.4771611629023986,0.7979796813625236,0.47910953366153275,0.6689808120068882,0.43142554445550224,0.2984479085638522
2913705,0.5957156471381364,0.9962440769371553,0.5699786314750228,0.746733940768316,0.37503126813740817,0.3192734380198294
2913804,-0.15851457657890644,-0.26509158989459575,-0.2065730009465332,0.7397641169033081,0.07514010103245701,0.21645564370705184
2913903,0.24542608305485378,0.41043790396290875,0.21939592912481298,0.7239158046765416,0.20508392322073576,0.32752246796681583
2914000,0.6097643631847406,1.0197384239754428,0.6083007156381239,0.7162743952959582,0.41152551452699343,0.33488695441103467
2914109,0.26597797775338466,0.44480783106086147,0.2529679825291965,0.7058231536498528,0.20870188031239092,0.3655125608652117
2914208,0.6059116444560797,1.0132953361835197,0.5792368885843244,0.8132400593482854,0.31525022218350407,0.3163543316722703
2914307,1.2323958944256184,2.060995235162073,1.235731278362629,0.7214236535427,0.5029278169024077,0.5888062475302208
2914406,0.9463153299106903,1.5825688763883432,0.9120511757178712,0.8581946325557408,0.4061197905357598,0.35430846568436847
2914505,0.45107350945055513,0.7543520372718496,0.4191401544325405,0.7945109550167081,0.25910895748879764,0.3068643672138365
2914604,1.035472754694492,1.73167114822314,1.064793396303223,0.7172725378429979,0.5340397050548125,0.4555759767809516
2914653,0.12605773832015593,0.21081245012929534,0.12322470659289654,0.661063880690695,0.3126714877924335,0.2345632655092298
2914703,0.16783649324751973,0.2806810818131359,0.12757115407865055,0.7498564218640716,0.2341249382889208,0.22064289081882812
2914802,0.34798043551757574,0.5819445056376181,0.3856567071358232,0.5350932393589872,0.5191033788681255,0.2981047848954888
2914901,1.0082442652369015,1.6861356289256582,0.9954222283230748,0.7765437647322367,0.5193901367641306,0.3715768636698735
2915007,0.8135576346458332,1.360551764347012,0.8059264288145217,0.7423206709586584,0.3988072190388224,0.4336121828819591
2915106,0.7693506312362668,1.2866222553312638,0.8190813251039111,0.6395456791187261,0.46803291715853135,0.4729558602095852
2915205,1.2055637375748876,2.016122522043979,1.2044094262881009,0.7936198780330687,0.4778610290604138,0.5116800028792338
2915304,-0.17853747965532432,-0.29857685872847367,-0.2105714603184133,0.6138187493002403,0.19244304507944396,0.23394912697168654
2915353,0.5693938840507834,0.9522249199848488,0.4929950655126858,0.8890340907696109,0.29099587179442093,0.21209591590878796
2915403,0.9081083857518145,1.5186735565339657,0.9208544333521087,0.6827409629942999,0.5345760157929836,0.41434430623863533
2915502,0.3938348393077994,0.6586290419544928,0.3913409207676781,0.6410573326433431,0.3758462325650764,0.3427648185050236
2915601,0.39208963096334876,0.6557104456669304,0.441233814674863,0.5884343263454509,0.41670744115650793,0.37313657646767034
2915700,0.368702462777491,0.6165989536431341,0.32943726579549154,0.6934938296880798,0.27514355339819824,0.3647287618437542
2915809,-0.18547268742367723,-0.3101749419662437,-0.2176179838671003,0.6548447933093903,0.20264698599996192,0.17135207039942227
2915908,0.9680620333059956,1.6189369398336504,0.944202372151049,0.7703628475797064,0.43806604958146406,0.44147001052821944
2916005,0.3422043036137831,0.5722848010043659,0.3119123457790785,0.728234129081267,0.25014159310085127,0.326296954186355
2916104,0.6657287265142,1.1133303344018017,0.6063540306722368,0.8517765829615457,0.3245155875559812,0.28059626144387506
2916203,0.4148779131990706,0.6938203917628161,0.4118530813474936,0.6762094023069368,0.4264956457222329,0.26215703069228086
2916302,-0.00695610295275377,-0.011633027264833574,-0.04836365427079476,0.6966621341214462,0.22404890823358561,0.1972654575466405
2916401,-0.00908794265501413,-0.015198205863984706,-0.012793558389198366,0.5574555581733117,0.34735921450641977,0.24142593382744212
2916500,0.685119776512396,1.1457589247856554,0.612922268726283,0.8445518361494259,0.45858140575835876,0.15749802771008295
2916609,0.34997895576133387,0.5852867276609073,0.2836323874419619,0.7735555358861376,0.4418201528595382,0.06852973004927651
2916708,0.3309247699950622,0.5534214916180027,0.3068901710973764,0.7082308748195643,0.22096696841825278,0.3847104798995016
2916807,-0.25434299574026664,-0.4253500881401833,-0.314929892513984,0.6780935670689856,0.14892050850796187,0.14992924827383883
2916856,-0.41252508790737524,-0.6898856482787726,-0.4512575235315299,0.6154831400490948,0.12357680847213089,0.17025080079492053
2916906,0.4946304027072282,0.8271943356489515,0.46331335984478667,0.6759090536233678,0.28875602591876554,0.4445314240951294
2917003,1.2019221013721473,2.0100324377650636,1.254776037896762,0.6845739090388029,0.5500740128777633,0.5759563517967906
2917102,0.05046599979167796,0.08439673126046443,0.04912333122274372,0.5666455731746732,0.2664829137796959,0.3552321688615067
2917201,-0.21272410701028532,-0.3557488084270521,-0.21173395696641098,0.5247602545674456,0.15875971553914414,0.36842287121657474
2917300,0.12897127916278056,0.2156849053372852,0.12634433109864357,0.663472966036125,0.22348284974154384,0.32701415240299786
2917334,0.3598525149535504,0.6017987580411555,0.3123425103844932,0.7747194719957383,0.26960928857894956,0.2587174566584733
2917359,0.26591424298436644,0.4447012443253369,0.23796447491227296,0.773747321755012,0.10167123893451159,0.3942152742481893
2917409,0.29856492811257546,0.49930456358207553,0.25783727172863413,0.7670030008995594,0.1533495842356066,0.35992734950210226
2917508,0.8572880897228261,1.4336843185471844,0.8348633544405315,0.7632709585137306,0.48265363332612204,0.33843685382286903
2917607,0.4845973551636213,0.8104155851881137,0.4771228653591172,0.7249245618661394,0.28106391929437974,0.39018373843726706
2917706,0.8699717170079425,1.454895761653606,0.8675530586349827,0.7391171218143614,0.44799958883345714,0.41971612827746485
2917805,0.41523899087984906,0.6944242394248976,0.3453114393944395,0.845462021484022,0.2757448744015882,0.19504779810717943
2917904,0.30229884307326393,0.5055489700891793,0.23391281183991947,0.8226557840271012,0.2432679643052912,0.1910298198475192
2918001,0.7580369819779303,1.2677018927114305,0.7781422522191591,0.7536628769262714,0.2714415386771873,0.5306089248929035
2918100,0.3870150080249864,0.6472239083914362,0.30996437139400224,0.8179194878173517,0.2488275854709708,0.23965296597397312
2918209,-0.29350034265315866,-0.4908348124678897,-0.322813183584979,0.5706505388345329,0.15363776880088773,0.25971248298656596
2918308,0.35637111860930004,0.5959766506244841,0.3604081166770761,0.6830827504642157,0.18962497634151007,0.46652180509671104
2918357,0.41294844465933045,0.690593648242502,0.39881354745452907,0.6697828125912414,0.38685582398816215,0.30554137170872675
2918407,1.1564347562024644,1.933961751324987,1.1845595152371298,0.7450703551705896,0.5448719989974117,0.47722831064891186
2918456,0.05757574445631886,0.09628670098798714,-0.025509988241358653,0.8202076614866485,0.20399284190863773,0.09471875720630002
2918506,0.35884195149781456,0.6001087439178358,0.2784382849155563,0.8687017430911,0.1972051310460844,0.21465716777836116
2918555,0.8641828165987346,1.4452147036314469,0.8730824831911048,0.6866180221128472,0.5378784848757127,0.38892116981319846
2918605,-0.07438677523983224,-0.12440060050656009,-0.11221720542912522,0.7215687764708175,0.05481794866549861,0.30738740560568384
2918704,0.8464947150763762,1.4156340363137954,0.7996955356707537,0.8569550483428184,0.13408772583196937,0.5816440998766251
2918753,0.16008502363428007,0.2677179244294963,0.0969613867861911,0.7644995514641582,0.2651152420270561,0.16033517410751816
2918803,0.6890863867120731,1.15239247879071,0.6702932696875278,0.7722396616087476,0.36245913479077635,0.3554992543009925
2918902,-0.07910256697609007,-0.1322870470148665,-0.13618003583689103,0.7312549990988302,0.17575910365796787,0.1609979494368273
2919009,0.5457567757663119,0.9126954410506377,0.4766527789096734,0.8564195839116611,0.3816157617971924,0.14747830106752613
2919058,0.5351498142802982,0.8949569065577014,0.49548326911131035,0.8260513436632296,0.15373703760271992,0.42651707466968974
2919108,0.8522620585783811,1.4252790436778575,0.8232012544554499,0.8398533643761491,0.30334751970495405,0.4352251101775287
2919157,0.9768146415304644,1.6335743497174913,0.9638230869480842,0.7962727085352701,0.46802721308603124,0.38683936221694465
2919207,0.8445835443352678,1.4124378930867512,0.8345668460994806,0.7577266931511443,0.38676190469662614,0.4413489442540655
2919306,1.2569724053730498,2.1020957225855335,1.2368701858340938,0.8267401217419595,0.525845174212717,0.44771833847636744
2919405,0.3643849240349181,0.6093785248699454,0.339314379284906,0.6751479259824388,0.34803867264511973,0.3077357300359664
2919504,0.2978937535235122,0.4981821258684495,0.26349890522645003,0.7627331395034243,0.26183488127199583,0.25132281353932723
2919553,-0.14005105931420453,-0.23421415734308698,-0.13677814516743456,0.5050745845827596,0.2720596222200023,0.31234259757725397
2919603,0.6864003044498624,1.147900413563367,0.6867360464746206,0.7256491940022313,0.3648722433347797,0.42253669543924977
2919702,-0.3097562125835315,-0.5180202896521736,-0.3473213030273281,0.6487100295989415,0.1717225198286867,0.1376284462982028
2919801,0.3254214879097697,0.5442180869273152,0.30674340442560083,0.7377448405222209,0.2320211507188825,0.32983324947329945
2919900,0.537037829811213,0.8981143262072864,0.481928007131921,0.7675410645037516,0.22258945875176325,0.41932736122134173
2919926,0.612042977928856,1.023549061573015,0.5632689652227899,0.8050765277566909,0.33558813271576887,0.2938531482821724
2919959,0.6222252439027876,1.0405773572289387,0.5944709324757175,0.7051673850458413,0.3306642714019858,0.4283660530821211
2920007,-0.3855716430747816,-0.6448100994048697,-0.4409700526215605,0.6775528893426842,0.08304702293492855,0.14739773464581155
2920106,0.7938211082468695,1.3275454170758918,0.8094071570656448,0.7228457555724085,0.37364103007514804,0.47792174805726817
2920205,1.165619279051361,1.9493214729164288,1.1721964264265954,0.7656396073414841,0.472176690982321,0.5297254298615389
2920304,0.5709349852523549,0.9548021780296929,0.5340635423451072,0.7697795948861029,0.40908401223018226,0.24548727034044213
2920403,0.820063690945657,1.3714321568363772,0.8097147591412521,0.8225469636264039,0.21676074158154654,0.5337052771270323
2920452,-0.2147009832048179,-0.3590548340604269,-0.297257462041388,0.773050657921384,0.12103785011090672,0.08531091910144713
2920502,0.7601130821119744,1.271173855335891,0.788038453460436,0.6833216978707691,0.4225566141961627,0.45690893866625354
2920601,0.9972075228456798,1.6676783510469289,1.0099724740203293,0.7570763777983703,0.5090664678718588,0.41159564200067994
2920700,0.42923544899791116,0.7178311930028435,0.3750580448185688,0.791605369372644,0.22437463973454252,0.3279926723385232
2920809,1.2541745260548964,2.0974166937366423,1.2487857720777296,0.8101640452468161,0.6079733536752511,0.3767664667576949
2920908,0.2616232077455429,0.4375251386427959,0.22133414275576616,0.6949077940935382,0.3996090612201719,0.16522825739281333
2921005,0.262087036737027,0.4383008222893438,0.21582462686723222,0.7833036812987898,0.27886547037629894,0.18259484917995647
2921054,0.6233886716620338,1.0425230137173347,0.5402430541094145,0.8367263213894334,0.37634700358793793,0.21546206622753097
2921104,-0.2341180093799802,-0.39152686566085515,-0.29602215783986235,0.7057571050915831,0.1011223668344265,0.1782729146614224
2921203,0.6744924348148086,1.127986307479611,0.6165783611241002,0.7864836422957641,0.4131379396893396,0.2699521891414564
2921302,0.2433453974049926,0.4069582727586579,0.214316597432065,0.6946916023904292,0.3631785841623441,0.18949470655504838
2921401,0.16902800305427573,0.2826737012672258,0.1341112412794566,0.7011659278600649,0.2743116539633034,0.24355217272785015
2921450,0.7140995345528278,1.194223175200346,0.7052395985191887,0.6984562813123715,0.38493397029684484,0.44220494558608
2921500,0.27944518751861286,0.46732969703153615,0.2159182258764426,0.8144049759718973,0.22639941953052592,0.20962857301822171
2921609,0.9967795482355679,1.666962628415751,1.0221096450508063,0.7187560176682567,0.4763129911769339,0.49205519063182895
2921708,0.867653021029431,1.451018094270002,0.8382470016387712,0.750867580413986,0.4266927397950908,0.42114075493276326
2921807,0.4117652473240757,0.6886149301363751,0.38468798526214903,0.668818854956,0.20582275120932078,0.4843947568520204
2921906,0.13297208287280887,0.22237564280280567,0.11258364984530272,0.6002956686305853,0.308150295445449,0.3076736576270936
2922003,0.4024854342449212,0.6730958500860103,0.3796109403798231,0.6973532602602718,0.30008824611521173,0.35014417442886286
2922052,0.8093462123616498,1.3535087992574515,0.7897502363172637,0.7886326829053755,0.4729165231660874,0.29657037201184744
2922102,0.2884369035187144,0.4823669784083757,0.23164189107753502,0.776454967231564,0.287057095936117,0.19661498780139164
2922201,0.27719461882055935,0.46356596219269597,0.220743449225106,0.7776761760491159,0.2969743428521232,0.17955992984544844
2922250,0.7998687211082984,1.3376591324395082,0.7800951176451976,0.7782934323605947,0.2614503123021566,0.5193229363203914
2922300,0.581895030837714,0.9731311921320258,0.5384742846323269,0.7769987569457658,0.3652597180928536,0.28611083269721743
2922409,0.6714530335452266,1.122903369794823,0.7247492918593523,0.5622846622539385,0.4880537074095537,0.4874671050759318
2922508,0.7773565863631284,1.3000110011425872,0.7442159070005313,0.8263560013760105,0.4113396282121892,0.2917641733825629
2922607,0.6576409457365184,1.0998047475987023,0.6693600685405546,0.6952203562931482,0.31020142905351133,0.5030190315971211
2922656,0.019255379605763696,0.03220170222752338,-0.08182814324150936,0.8571081712401223,0.13497988702989383,0.09573571071075275
2922706,0.948390732215574,1.5860396719993617,0.9429861042876004,0.77591780600163,0.3547964356947897,0.5154583481126301
2922730,0.37732659025103504,0.6310214989557251,0.3462839191485789,0.6947046105264997,0.27289173348518275,0.37024246032222735
2922755,0.31070922644928195,0.5196140608138917,0.2764975662356776,0.647736083791432,0.3268249518103037,0.3285023854717147
2922805,-0.03652179960568766,-0.06107717114876285,-0.10730433999724365,0.7397904782240617,0.23578769302150934,0.10866670122217281
2922854,1.593216846109617,2.664413556767208,1.5725071079210367,0.8687330010191229,0.6034784148182787,0.5078080610882841
2922904,1.2859933718903704,2.1506288879283737,1.2783298615448633,0.8506563947211805,0.40706568244485625,0.5620739885366178
2923001,-0.26021997329962326,-0.4351784418386786,-0.3085527850767952,0.6718581670663064,0.16905004221724507,0.1372430842226953
2923035,-0.3547120360782419,-0.5932020866984616,-0.44257276958080705,0.7834744799794459,0.057396202327512726,0.05461511324609771
2923050,0.47844393614453656,0.800124925071788,0.47805556003363026,0.6807362549572797,0.23475341539549732,0.4958352236241877
2923100,0.3468872408493574,0.5801163033428087,0.26010028343878905,0.8633942302180082,0.3164772532051271,0.08727896395267871
2923209,0.5212181263262505,0.8716582712563891,0.47583669405850976,0.7877037207340893,0.26935609182264014,0.3373692214374679
2923308,0.1562284942134624,0.26126846383284935,0.1328667567015957,0.696952020057083,0.11606751191895522,0.4073831369432464
2923357,0.3358128956314545,0.561596140439089,0.32598376614257096,0.6005838695621538,0.37805706383088306,0.35294543051150046
2923407,0.815512698464474,1.3638213120896507,0.7587373777704501,0.8165832000503112,0.5940116902670917,0.12473788470139875
2923506,0.4717606274908381,0.7889481049016674,0.41705395351198216,0.8104944189644918,0.30800308926813613,0.24073139916293976
2923605,0.4917666725431432,0.8224051812468104,0.4578235650460626,0.807388727172958,0.3631673429623538,0.19702461860263423
2923704,0.9348760688533414,1.5634384470842442,0.8850110610883672,0.8181956141513475,0.4402012989180775,0.3582410340274536
2923803,0.8105073496823707,1.355450625334769,0.8134430704670974,0.7137236590790225,0.4183253335017931,0.44840604045865157
2923902,1.3772443545591988,2.3032323178286047,1.3921721085067817,0.7189254059749061,0.6548487589104397,0.5184962045287971
2924009,0.4976239040407999,0.8322005126516898,0.45769589973372604,0.8290233397003596,0.28823436248602646,0.25635341508683557
2924058,0.08827750080567293,0.14763073242572308,0.07372868863604644,0.6628367398535207,0.2231533494950265,0.2959813570424837
2924108,0.7322411071024202,1.224562204040168,0.6836842062966944,0.8184117501820577,0.2680554097481309,0.4251272751596755
2924207,0.48805069750136515,0.8161907765334165,0.4319115909497572,0.7488990487621382,0.2027140994014965,0.432544694971801
2924306,0.5665883861277653,0.9475331501747163,0.5162844188080262,0.7972180671925861,0.35891649392026154,0.25730186910362723
2924405,0.7495436448804832,1.2534980744679252,0.7175906125535249,0.8101407332389082,0.35697869241913605,0.35138211801321795
2924504,-0.45089450511998996,-0.7540526796757743,-0.5172242642491846,0.6925192826587909,0.09696711901536999,0.08060421087033494
2924603,0.03042469287795108,0.05088068479971019,-0.00800443623954857,0.6367775285237173,0.34288421335640035,0.16622353563021633
2924652,1.1589472346532348,1.9381634905054785,1.2392747995195117,0.6108809531517316,0.55745925229058,0.6402203991258394
2924678,0.1473728307738536,0.24645870973046394,0.13588970849861165,0.6039215380342156,0.20987587191249943,0.4185986797077453
2924702,0.4152389413006376,0.6944241565111854,0.4014097971706731,0.6498376686168319,0.429961656457466,0.27666312038881147
2924801,0.6973805599234316,1.1662632256388126,0.6534071391182522,0.796279943560206,0.4244165564540178,0.266818880293193
2924900,0.64775152504755,1.0832661912706023,0.5772465079784346,0.7969969277550554,0.5110150820365603,0.13857416770164893
2925006,0.6900169869674642,1.1539487665882244,0.6947073384298101,0.6880253283846517,0.4309820553213344,0.39474578192954524
2925105,0.8512914792926193,1.423655897015044,0.8674443827842516,0.7084081409773934,0.4253885246981863,0.4734045330602561
2925204,0.2687511115554653,0.4494454767868876,0.2070492916476977,0.7683874117468147,0.32768425475489854,0.14682386122537586
2925253,0.17933688872023404,0.2999137491556302,0.1531637562768383,0.6776405230058641,0.36038484414461497,0.18952196608831207
2925303,0.2640022399088525,0.4415037091452266,0.2678365345762511,0.6725465389527779,0.2719058913098248,0.34023219110848596
2925402,0.47415334635078116,0.7929495643285698,0.4440509426739252,0.7238050624728404,0.34000401569720523,0.31751978692770705
2925501,0.1252865405468121,0.2095227388089164,0.12506312000060504,0.6658567650140812,0.27582911233198715,0.26680771479183824
2925600,0.6983102596056393,1.167818007364254,0.6357577175160648,0.8884466995645112,0.30908321324957827,0.27115804967768037
2925709,0.8763708429066279,1.4655973292635336,0.8588478206814871,0.7674369685735933,0.2823116854521715,0.5578533969294162
2925758,-0.6200312241297478,-1.0369081918912901,-0.6141358299722719,0.46911962871338275,0.1816382317148891,0.17827771326542075
2925808,0.681022451681082,1.1389067703826379,0.6435159685382232,0.7742762016133059,0.42131905352429966,0.28797984185248404
2925907,0.6267386059540623,1.048125270788464,0.5935878429069232,0.7321410518935495,0.37728234902580066,0.35192944059483894
2925931,0.8099942228960584,1.3545924986025986,0.8236170405793481,0.663794170578425,0.46408403617759886,0.46136621579030734
2925956,1.0054526086659663,1.6814670066777826,1.021942550701572,0.7186481354817295,0.4928267567823755,0.4745179952860998
2926004,1.4766074842265655,2.4694020833410733,1.488027948361644,0.833054392440236,0.5183414224239582,0.5798469361111622
2926103,0.45797323559411596,0.7658907828730995,0.414173913566056,0.790025113572877,0.35435262878672064,0.21576215251214234
2926202,0.5283004760641102,0.8835024271234315,0.46225657111088864,0.834578983760669,0.3011085218434138,0.2490024024531882
2926301,0.30787222096171335,0.5148695993803094,0.27848398904990396,0.7344697241763024,0.2531409653057558,0.30365354864582444
2926400,0.554479009153378,0.9272820536254006,0.5206180305405012,0.7290402025498145,0.2833388792859581,0.41531689433942215
2926509,1.1567598761430684,1.9345054651197764,1.154796454408623,0.7795855868134546,0.5656615866765531,0.41255226301055736
2926608,0.23612244866121462,0.3948789863766756,0.23065211057081714,0.7075240082055766,0.16065748018645057,0.3980865023596889
2926657,0.7354271659284295,1.2298904042468164,0.7264492355455927,0.7095402135739363,0.4169262857624152,0.4118379876168563
2926707,0.49697030861817404,0.8311074734279722,0.500285358658114,0.7485989766139692,0.2951974072498251,0.35597350362002905
2926806,0.8196385557694628,1.370721182727814,0.7762534205503862,0.809684301265747,0.4091961624182385,0.33503044176817004
2926905,0.37667920095884994,0.6299388385439827,0.34741414946232185,0.7170554415974718,0.2582608497641356,0.3543013460954425
2927002,0.2557356793537037,0.4276791402770538,0.19288233573355154,0.7653780330568734,0.33026288923647723,0.14304103318575082
2927101,1.3114021893308487,2.1931212817385104,1.2828135802295961,0.809796956374199,0.5486184037335734,0.4696439402105961
2927200,0.8742637405732823,1.4620735201623614,0.8611185718459499,0.7751884619021139,0.4349640484870694,0.3889261873378927
2927309,0.8233209368702002,1.3768794066694867,0.7649341520120632,0.8591874918964374,0.4017397800531419,0.27699130620779117
2927408,0.8332706510873853,1.3935187947797498,0.8441246519251764,0.7512017442147291,0.42017689357599375,0.41184375400330736
2927507,0.7930264419719202,1.3262164582456795,0.7827966024887335,0.777238563571875,0.3886871490637546,0.392958314080221
2927606,0.9855892890593863,1.6482486169956725,0.9491499562081843,0.8202621145111358,0.35514967817666365,0.47474296487421586
2927705,0.21296171693964122,0.3561461749993079,0.24662886476715606,0.5805014510008115,0.3419719569647372,0.355556717462642
2927804,-0.14501669480325888,-0.24251842963804018,-0.18804477817430487,0.7116409668467968,0.13087593879547024,0.19727716177709867
2927903,0.5974860787596334,0.999204855330357,0.5557783039932807,0.8298653793739542,0.2908532671101188,0.30980840686204353
2928000,-0.08510390680340112,-0.14232337774642992,-0.12872940324865853,0.6850135622474248,0.20258362428596763,0.19010368832986183
2928059,0.33028748832181426,0.5523557346660678,0.3324025751455191,0.6562375985508311,0.34105574868759536,0.32786441324402854
2928109,0.48588895412400523,0.8125755885726854,0.48326425104779297,0.712392026809013,0.28489961004883885,0.40428145722207254
2928208,0.28886460091627925,0.48308223744360895,0.24884443249516672,0.7379298526194278,0.25494799372854166,0.2807218142763596
2928307,0.1294952464253942,0.21656116112206364,0.07262924108903283,0.7972172428884033,0.18012366537235147,0.19893409054139133
2928406,0.015142960787978686,0.025324305421202467,-0.051591360454057406,0.7518922490459018,0.16617713421041813,0.1984190776872131
2928505,0.3672827950743466,0.6142247747084844,0.33721296190353756,0.7667384254117154,0.3073127190812695,0.24028233825321407
2928604,0.8398854836551121,1.4045810990807828,0.7847489130702101,0.8529707955310797,0.37243859733157164,0.32752769644875007
2928703,0.5690111088407234,0.9515847864955698,0.5542492184409026,0.7226588037302788,0.41833639823252833,0.293317952929427
2928802,0.6094800241837276,1.0192629101175104,0.5803657650810161,0.7837382406883471,0.2638232548594487,0.40630310257412244
2928901,0.456677322398227,0.7637235645839185,0.4368304109597944,0.7543140186212908,0.353736590543809,0.2589950935697966
2928950,0.25412795613394135,0.4249904670103078,0.2221700377564268,0.7146950421452284,0.28515064129673057,0.2621608017748538
2929008,0.271089138107287,0.4533554716227863,0.21646807245488783,0.7808046037948505,0.2758771426230467,0.19774990167283898
2929057,0.14343560747706297,0.2398743008638338,0.14973202910235928,0.645240139109297,0.17638724985214757,0.4050989255457997
2929107,0.17888964567304952,0.2991658029855918,0.14126884686273927,0.7032640929488622,0.3354674005555926,0.17487720622843397
2929206,0.7710426410846668,1.2894518852019679,0.7462812555720532,0.816060718195429,0.3254942990432577,0.3839542691992077
2929255,0.72860582983205,1.2184827541112815,0.6827486959343309,0.8218243546135185,0.3569025366327833,0.3238356213112919
2929305,0.36128153943136676,0.604188584762448,0.2997260275841735,0.827759841441473,0.23912849862346341,0.2283489567483714
2929354,0.3257173705346968,0.5447129057456027,0.31032973836759514,0.6761415107315919,0.4322125401570249,0.20211367781556464
2929370,0.3908800255477786,0.6536875640513776,0.34764004900166,0.7332208561373005,0.4061347074360791,0.18949480450736486
2929404,-0.15813544885652356,-0.2644575562752991,-0.20644237308699656,0.7346068755701815,0.08101909189545993,0.21226776715717274
2929503,1.2620179674335759,2.1105336599500566,1.2313790468978647,0.8597952875938139,0.5135293734316984,0.4154333197805411
2929602,0.20320118533569373,0.33982316611930813,0.14783160748940524,0.784002770919357,0.2777300971783395,0.14877033708572776
2929701,0.1444100314661359,0.24150387720986907,0.102764572804799,0.7261666462505826,0.2151536662377774,0.25518274065599483
2929750,0.6665091222796364,1.1146354279690396,0.615291231697943,0.8103375202375546,0.31952553769495284,0.3436638757133354
2929800,0.5339837663734158,0.893006868269741,0.4928002010098144,0.768405660454313,0.4123269478542316,0.21728106893266722
2929909,0.956946621028565,1.6003480985008711,0.9261397611035755,0.8366776691035209,0.3874557659879852,0.40680862995673234
2930006,0.0947978724154046,0.15853506509992943,0.01767109597757346,0.8003225523829505,0.1910472787563274,0.15347633344552764
2930105,1.0342727762093091,1.7296643661886932,1.1134269634106781,0.6060410611740333,0.4856262746538062,0.6550977748622151
2930154,1.125312391610987,1.881914316389392,1.1086064204746964,0.834981075354361,0.3938898459005333,0.5014916541288232
2930204,0.2712626050325241,0.4536455687482222,0.2511263257210363,0.6869059464714783,0.26559848184896684,0.32940994939294005
2930303,1.402930982402942,2.3461893074070304,1.444750819823093,0.7046786142924409,0.509138708383463,0.7093485494968027
2930402,0.5730438676264357,0.9583289639790438,0.5201910501588274,0.8342862394106993,0.2673797988429198,0.31010282499696884
2930501,1.0375473440829743,1.7351405843547594,1.0490311383430024,0.8006583185045627,0.4285834824283959,0.46387390263512457
2930600,0.8054424944944925,1.346980423140637,0.8085765545723353,0.6631926365853403,0.4717578968673839,0.45079845791584816
2930709,0.9830453951164618,1.643994340168851,0.9744655651466874,0.8417100970005772,0.4530017970236085,0.3511197412785072
2930758,0.7372786320070666,1.2329867004803523,0.7011712801193226,0.8185005103609134,0.29294663132334314,0.4009493658056303
2930766,0.3722791606022783,0.6225804383331142,0.3181565223336452,0.7866931780282057,0.13007105684446582,0.3976670155682509
2930774,1.2974375077046045,2.1697674695240847,1.3180055512611462,0.7793322362561924,0.5085203159854222,0.5557651226431851
2930808,1.255760476506609,2.1000689553507614,1.2790017286810214,0.7577601563033284,0.5564876441855454,0.5100745290509091
2930907,0.7148535874169504,1.1954842142601534,0.6633098820179767,0.8192602950009634,0.273228029949423,0.4054905788248309
2931004,0.4653823877731458,0.7782814662619696,0.4581158897695684,0.6262335049841935,0.31015658487083514,0.46503483619225644
2931053,0.5330735286678867,0.8914846337488002,0.5005272518378385,0.7975281591626747,0.322865159748428,0.27645851748804
2931103,0.9929089214143128,1.6604895920548053,0.9855059249758104,0.7886892774933311,0.41344681369577413,0.4652744995986735
2931202,0.7610423975407797,1.2727279944557905,0.750624146819926,0.6951739521328486,0.4547501027362119,0.39827730899185393
2931301,0.24213977950593182,0.4049420596597426,0.2150592417711924,0.7936550003117487,0.08812483170859231,0.3693575752450693
2931350,0.37583455111142844,0.6285262897690393,0.3790700214949801,0.6627396476648497,0.37074888616467955,0.3109373240781374
2931400,1.085976464418852,1.8161309436271376,1.0536227270573115,0.8458237714444908,0.4589768868903374,0.3942993508708435
2931509,0.9223465171887514,1.5424846720869065,0.8825575609202179,0.8359880717142859,0.429314634491837,0.34004863469419927
2931608,-0.07577927400868874,-0.1267293435189018,-0.1134479495042414,0.6705841779633462,0.21013512550970037,0.2051523692432248
2931707,0.4640051473811184,0.7759782405708745,0.4094614524854869,0.796281101906998,0.34785216163186333,0.21209955633733393
2931806,0.3907172824689254,0.6534154009327002,0.37694716485499213,0.6899712331286908,0.3299493479519688,0.31859589428128626
2931905,0.5263698879149034,0.8802738112260782,0.47755027901908775,0.7943148673589712,0.2938528234618553,0.3042689145273403
2932002,0.4329132840952596,0.7239818144432693,0.39234486350009434,0.7730875455455039,0.22985268207208556,0.3488506449801694
2932101,0.22774027170508718,0.38086106661160235,0.21646870959669512,0.6613574656392415,0.2789292122703259,0.3197224788530832
2932200,0.02916468081705182,0.048773505714234215,-0.0023027202892709456,0.6395759181873686,0.24402444895348982,0.26671660737853786
2932309,0.11092319077897872,0.18550221458746255,0.11197874143694525,0.6421610239690115,0.23984014890229868,0.3231008578197579
2932408,1.4747372237887002,2.4662743563919753,1.5024851303774898,0.7574964182931324,0.6959134744466032,0.4879532970464036
2932457,0.2457621232620161,0.4109998802474104,0.2319858653383559,0.5985129295592756,0.27159964347745374,0.4208657053177749
2932507,0.3538093194927493,0.591692430110171,0.34331181698395175,0.6637133492783595,0.369303267899701,0.29549423428448424
2932606,0.612206042988824,1.023821763156277,0.5665055402575763,0.8142858492074243,0.332278016544779,0.2941893351344348
2932705,0.258512551623131,0.4323230380227621,0.23436406461779058,0.6488438203317064,0.4068215762551081,0.2111712726598339
2932804,0.5309286975264292,0.887897728937801,0.47225979346543273,0.8076473947168826,0.1719572932505169,0.4179678524597367
2932903,0.354671999497695,0.5931351315892208,0.36796320773317315,0.666544499038566,0.38309076509774637,0.28581339276330553
2933000,0.3334029025905802,0.5575657925642848,0.3283793074547222,0.6290695828226122,0.3624922093304979,0.33705184491921836
2933059,0.8295642840643845,1.3873204580206626,0.8129169733692648,0.7603261163665218,0.4137453522600689,0.40254042752882996
2933109,0.5647809775850352,0.9445105334884655,0.5416944671592363,0.6940037185475765,0.35050748852365965,0.39885209817173256
2933158,0.5922499186431786,0.9904481716223273,0.5670492694946546,0.7046014755965476,0.3586200905819352,0.39286752029115185
2933174,0.9256040190893499,1.5479323500011484,0.9259227464565617,0.7331152309508077,0.5212946904716697,0.3755709470300373
2933208,1.3353763525874065,2.2332144339976647,1.3285392250534305,0.858481113625624,0.4944870612871953,0.48638742650642847
2933257,0.16715166003340584,0.2795358021205033,0.10530726926731508,0.738735652861468,0.35516428148348983,0.1018089230299895
2933307,0.6784390048368836,1.1345863473268072,0.7632540625918192,0.5007066891125684,0.5393851266876174,0.5211593937400093
2933406,0.13830792368287592,0.2312990273538853,0.08993740232415774,0.758806444907945,0.2179351425524267,0.20728291238185856
2933455,0.5558394483529748,0.9295571818701303,0.5353093833699432,0.726654250819871,0.3295301422561165,0.37490944974655127
2933505,0.5330479083427185,0.8914417876403915,0.5126767143754776,0.6849952643205118,0.37212673938698826,0.3657709743580626
2933604,0.09036493860773287,0.15112165558053273,0.021768589246293386,0.7782728952467423,0.266779713046785,0.09832166263359148
3100104,-0.34411259323519383,-0.57547612599565,-0.3706820033412944,0.6155101577262888,0.1651258620680541,0.16620276147780946
3100203,-0.17523006900478516,-0.29304571599883766,-0.12678121723138633,0.4443319214218366,0.3312330586139473,0.30528787310376215
3100302,-0.12489580743843043,-0.20886929694154444,-0.15110159637702003,0.6272192742778334,0.27702884223309177,0.15826647899206808
3100401,0.5563829367359755,0.9304660837682921,0.5637056630076802,0.6931440374735649,0.4104469508209893,0.3372707462365725
3100500,0.7387464255828792,1.235441362638539,0.7398814394376678,0.7233261840090724,0.3906681462743166,0.4143849841475396
3100609,0.6855752496269311,1.1465206344952117,0.6793007770728561,0.7476772821827177,0.36663644797731454,0.3798286742359542
3100708,-0.11489124063359013,-0.1921381761970644,-0.09819047680081677,0.485421387967555,0.3254656890082997,0.2947892431505738
3100807,0.4972063965271229,0.831502294651918,0.4945875974493538,0.7162085613232757,0.3940690009603585,0.2869449444589909
3100906,0.5296458813044793,0.885752413351319,0.5758040773900617,0.6648651728339268,0.3113474298431026,0.4667235139243802
3101003,-0.499974971255087,-0.8361323160178877,-0.5521064706899116,0.657988879059021,0.0850114107035445,0.10589881746674552
3101102,-0.25726300831002463,-0.4302333663303378,-0.24746056750621703,0.5938566835203828,0.1966075277366888,0.22030004987647778
3101201,-0.23872590122056855,-0.39923286595714874,-0.2115673455511461,0.525013029978654,0.12069361109336812,0.3967067498088026
3101300,0.9158331178115483,1.5315919994142344,1.0572442066058787,0.3643146920740851,0.5759846663278932,0.7920116202567336
3101409,-1.271590119161329,-2.1265416320557593,-1.2717213775208878,0.3734333759112085,0.04250281158456104,0.06079635191939239
3101508,0.5334012639522097,0.8920327213093312,0.5655091093556004,0.6887740223119065,0.30412688460700943,0.44494368259452627
3101607,0.17895845176154784,0.29928087073385895,0.24470932608347043,0.46421881360996453,0.27670009366360615,0.5523269899853366
3101631,0.3652099931999033,0.6107583279230108,0.3329488143086225,0.7135987930021682,0.38870333308640787,0.21474584153124776
3101706,0.5441859447095108,0.9100684643315854,0.5156325564324193,0.7665358016303676,0.40330280473529195,0.2349677615953769
3101805,0.11959787456736508,0.20000930766953953,0.08611152619402143,0.7035833236399999,0.2609971489268052,0.22338003877803006
3101904,-0.40107531690647685,-0.6707376426879663,-0.4421009698290773,0.6511820769080608,0.12864067164542647,0.12504912401554028
3102001,0.26021857040033597,0.43517609570237664,0.3114147417555103,0.4902586591947098,0.35546267207782917,0.4804337631939091
3102050,-1.0050997178895715,-1.6808768503717024,-0.9802352771144361,0.38938847738803206,0.14687613824281306,0.09906730001246777
3102100,-0.07142374836183406,-0.11944538740918313,-0.08593380305513953,0.6215400233640841,0.24690442186665473,0.2350006898217267
3102209,1.001589061837971,1.6750058105318515,1.0661745043738506,0.5937075290670438,0.680767292987514,0.4303955656142348
3102308,-0.027500038836886207,-0.045989644452694205,-0.08798711895048973,0.7509954503860885,0.18312732995326964,0.15534765077601012
3102407,0.5936554567636189,0.992798720972718,0.5907662917738022,0.806017260733843,0.243535346181138,0.38831261860250005
3102506,0.03909242700902403,0.06537615563387664,0.009181206555713774,0.7476964470364583,0.2405595634187275,0.14381371780671842
3102605,-0.9602159794431757,-1.6058156046367056,-0.9324575130817669,0.35577608367242713,0.22267831622717602,0.07484745632290911
3102704,-0.023381544177416367,-0.039102086722583564,-0.065267055343597,0.6960714292836495,0.26546986621030566,0.14342181794112208
3102803,-0.425238637938526,-0.7111471326400205,-0.40968540190024094,0.5000276172189199,0.18625252785701676,0.24957165241672183
3102852,0.37927269961989574,0.6342760717390883,0.40036975604687286,0.6018920738697634,0.576124576900126,0.166692988820248
3102902,0.5700044173304788,0.9532459443050787,0.5660942397364501,0.735178153839276,0.3645009290214174,0.34003639360015586
3103009,-0.06979524042347994,-0.11672195485268655,-0.0889984065643438,0.6541891554782886,0.11876781689152775,0.3294390108655135
3103108,-0.6920058521054787,-1.1572748419113965,-0.727692545996891,0.5765637948192395,0.09218675358094745,0.08885587100335428
3103207,-0.4905324528627912,-0.8203411360062713,-0.510252908117956,0.5172143934041425,0.17928808067737143,0.18795941762387988
3103306,-0.2645017749400487,-0.4423391057282146,-0.3003111388840398,0.6702816096902532,0.07482140956093133,0.23935868771048016
3103405,1.203236429935407,2.0122304529634008,1.2710215059590355,0.606539454601437,0.7035166151897368,0.5139154357306199
3103504,-0.12382449898667026,-0.20707769602462023,-0.10566720379739038,0.547857347227327,0.3343284535217397,0.2124695806916155
3103603,0.18625516249682403,0.31148351286029113,0.13731199902688385,0.7256019234478771,0.3063415467967573,0.17847206641134536
3103702,0.4101747375268223,0.685955043708284,0.3449976505774609,0.8143269839261668,0.3534872682973382,0.14738160811870107
3103751,-0.009217197465437957,-0.015414364932357328,0.018286021614044627,0.5487952403283817,0.28078000385876584,0.32928232282184805
3103801,0.011071388951353373,0.018515218996246568,0.09453519407544839,0.35964416147824335,0.18520397595878868,0.6883811066133526
3103900,-0.6092212547579556,-1.0188301574964294,-0.5418961681404407,0.32350450707015393,0.16486503685855483,0.3864383340092307
3104007,-0.4847242107237156,-0.8106277318741669,-0.45575001956310146,0.48775740130274353,0.15705341047091045,0.2629650380430216
3104106,-0.951670584201137,-1.5915247270412176,-0.9157045674932063,0.364535882915503,0.13496283155241973,0.16752747347745992
3104205,0.07270485541024117,0.1215878446621185,0.10107825277429076,0.5658383674726696,0.3195103552485867,0.31589026333871145
3104304,-0.7215314327570488,-1.206651897866813,-0.6792972145823776,0.3686465189798678,0.11142041731303909,0.3239957984903457
3104403,0.39616405907301067,0.6625243087753736,0.40399261394129155,0.7062984208157491,0.3690260298750865,0.2709354362834497
3104452,0.4771884630206068,0.7980253366700437,0.49194404907632194,0.6571801623092276,0.39633763479126644,0.3414189763569703
3104502,0.3278885035030928,0.5483437963733688,0.347610384284295,0.6854590816440868,0.1671994851841576,0.47626392930023115
3104601,-0.5993974093590272,-1.0024012658961399,-0.6597850405797853,0.6533239688191729,0.04954720570005575,0.0875241318043144
3104700,0.8705640119173286,1.4558862850654228,0.8895732164710783,0.8032706767196126,0.43744142682138576,0.35576501283696543
3104809,-0.3103228611749744,-0.5189679234866075,-0.3566199519463095,0.6900997404647572,0.11354234390886757,0.14496002800468746
3104908,-0.26426807593831503,-0.44194827958929783,-0.25581845556044935,0.5198565328522116,0.26045397801019393,0.23908818095212384
3105004,-0.19323630743960502,-0.323158419055717,-0.23334536932945962,0.6656289983923931,0.1714462093722596,0.1750188023569482
3105103,-0.140964089439598,-0.23574106176276818,-0.128264224417875,0.5501487139720118,0.18859286811544015,0.34154420887106984
3105202,0.39168361976641336,0.6550314535134419,0.38588247822131216,0.7597682942877594,0.2711221170185321,0.3104926631584351
3105301,-0.3330133037928563,-0.556914247659465,-0.3425346412278984,0.49662483709675725,0.10967368259247079,0.3741522715137086
3105400,-0.11653975703191961,-0.1948950698684987,-0.13643898630813028,0.6633076549728055,0.17563336371146668,0.22788804218607703
3105509,-0.7394139523866624,-1.2365576999844867,-0.7915314377763019,0.6331101065750229,0.04023284567472087,0.05129785946174948
3105608,0.5387033387523644,0.9008996373295967,0.5491668644152546,0.6821019719370801,0.3450384710944667,0.40873356495467555
3105707,0.0037153551864476425,0.006213368099357633,-0.03198070654421957,0.6562408008427457,0.35382661709064056,0.11912468866068397
3105905,0.34181578964419096,0.5716350703100774,0.3542309456027335,0.6775779682418612,0.18584917016092273,0.4736868925218776
3106002,0.5258808798333447,0.8794560193699005,0.4987188739337992,0.7865582748020254,0.2717388749137881,0.3467677915732044
3106101,0.42370624635492266,0.7085844401103762,0.3993501602956824,0.6722090948345202,0.30578304014654756,0.38964031630683427
3106200,0.19556596325065045,0.3270544150971274,0.25499870176697914,0.4950047605918337,0.4226760220862747,0.36430452788334683
3106309,0.9216764097964293,1.541364019097985,0.9537037813961768,0.7419507691765393,0.32544078732203063,0.5816008268115729
3106408,0.014475981857605673,0.02420888431044572,0.002127854327367155,0.6179331024377038,0.2786616034568467,0.253699140554223
3106507,0.6913945524003849,1.15625253586092,0.6832374565985853,0.7389452330343159,0.4349720505612596,0.32176438192771983
3106606,0.9464701559683631,1.5828277994897475,0.9932915602226894,0.6949902963535212,0.544052604975032,0.4242631479297551
3106655,-0.12468088968842853,-0.20850987959788952,-0.16695592470666248,0.6967812189926423,0.2937670986011615,0.05422236443113689
3106705,1.0358983476890322,1.7323828879634566,1.0994895511786034,0.6570359257546365,0.5504651377326116,0.5113315765276214
3106804,-0.3414316783103675,-0.570992702356433,-0.4044467768324754,0.7004108293914261,0.16971858534018022,0.05159683404921513
3106903,-0.1384936728645741,-0.2316096646905938,-0.14329181266198182,0.5848138399793785,0.24047582259132963,0.24490345764181995
3107000,0.09716149234924024,0.16248786098589735,0.11545804003390295,0.5611217336326194,0.18968839707079457,0.46834931600049473
3107109,0.26850528185503914,0.44903436389408147,0.30027550617450216,0.5296326534710502,0.5238416823517263,0.2516846118591815
3107208,-0.7926413442806057,-1.3255724407587164,-0.7947749603585295,0.4431273801753533,0.2138921215301707,0.06370627951840635
3107307,0.3549909638171028,0.5936685510410866,0.31309761243720596,0.7724592769056159,0.2687948107847357,0.2635952383047211
3107406,-0.466820440628359,-0.7806863915752649,-0.40242431763658293,0.42016586585998444,0.16726567367511258,0.3494267682381557
3107505,-0.4657122742791068,-0.7788331514144478,-0.518857988015698,0.6333514992666979,0.1543855843727251,0.07869623190808882
3107604,-0.802316630574407,-1.3417528897853235,-0.8217849062387835,0.48834491419370485,0.1649073920872205,0.05714903058287948
3107703,0.15694646041506727,0.2624691534222971,0.15149389999198998,0.6538284825533233,0.2611481924135869,0.3071046399734216
3107802,0.2977492244621557,0.49794042293179935,0.3334664794723496,0.6303389703994805,0.3058579521766998,0.37717219389848755
3107901,0.5740839422214868,0.960068331007374,0.6346251036052354,0.5597778378843641,0.23388716867400702,0.703144515295662
3108008,-0.31020558549473054,-0.5187717976967731,-0.2888729422280354,0.4699739799090257,0.290374605774808,0.2407182042524315
3108107,-0.16244835405827213,-0.27167023615415603,-0.1757388624795751,0.59566866097168,0.24518302796933933,0.20752747731989576
3108206,0.7928826597959521,1.325976004361573,0.8564882141885083,0.6058876419509142,0.40093971629039665,0.5957952959909898
3108255,0.8813440911759464,1.4739143327789668,0.8529789159146703,0.8815211201695891,0.18153380502794603,0.5286588454483293
3108305,-0.6181674450866935,-1.0337913040920816,-0.609926999054172,0.45722804851653837,0.20806461662595455,0.16362530442311504
3108404,0.12491893268403677,0.20890797040777598,0.15690504774221972,0.5853172756269448,0.24548669570946813,0.40288704594096175
3108503,0.020873224001753416,0.034907301626588665,-0.020307857815991526,0.7739480032098242,0.06709165004465352,0.2832147958291516
3108552,0.48605945638423537,0.8128607277455017,0.47269830894214354,0.6925443502111553,0.23473106907992983,0.4736582496320456
3108602,0.5769098146295469,0.964794174053859,0.5262134989401667,0.809894104951343,0.31534046224079765,0.2931604170874064
3108701,0.2101289519167354,0.3514088050997889,0.21136141694916183,0.6090481511488285,0.48498945244012254,0.1541050509723018
3108800,0.7090463656960575,1.1857725166227087,0.7485148147691291,0.7073158021379564,0.18020915057058973,0.6559972374651111
3108909,0.051499901085776144,0.08612577437915916,0.1267789128588661,0.3550571408346889,0.36787691260045796,0.5125920306771351
3109006,0.08530886380959835,0.14266613725666247,0.11011306289953028,0.5659989079992206,0.25838755095350135,0.37892553335686846
3109105,-0.8524847798629583,-1.4256515112496488,-0.7842411460480494,0.35873710702810485,0.09524017135858538,0.2830191463721588
3109204,-0.2525009789233066,-0.4222695943637801,-0.27058340803658637,0.6358953353767828,0.14059366282258137,0.221468859565451
3109253,0.3994078876157462,0.6679491200722146,0.4439206951022697,0.5824303314737386,0.14373003310085594,0.6701291637844381
3109303,-0.36486603713068394,-0.6101831135596938,-0.3419726240973468,0.5358646038052264,0.13664382634551686,0.29537013147336
3109402,0.030411394226004952,0.050858444821129424,-0.010734825415020466,0.72580434867086,0.2512415208429197,0.1524241709963617
3109451,-0.26395846827115715,-0.4414305077193425,-0.2671043849013907,0.5899558450050778,0.09802850686222497,0.31782305741607647
3109501,-0.41730007977216876,-0.6978710980240947,-0.4402875777974268,0.5846950463665793,0.1660172973858196,0.164463684365849
3109600,-0.29495885785976866,-0.4932739579606906,-0.2942842166571039,0.529614807697054,0.19298813040487928,0.2699045381252198
3109709,-0.2127241067091211,-0.3557488079234006,-0.14413487080705734,0.3814727075820414,0.20081707914369415,0.5080072522956903
3109808,-0.3593823156052333,-0.6010124209388968,-0.42267479842238237,0.7013514981233252,0.11337181084882116,0.09993075293476626
3109907,-0.5685478506038926,-0.9508100573496217,-0.5847093178799794,0.5464020943464798,0.12928337250013255,0.15873754245466584
3110004,-0.28106091235953995,-0.4700317517961988,-0.2793125166770026,0.5947401767483261,0.1950906931018593,0.19848683253635677
3110103,0.13617232410774432,0.2277275609375583,0.11723989411753341,0.6893901761210909,0.3649714800667647,0.1458250624010029
3110202,-0.15287339592685456,-0.2556575707639282,-0.19148098152372695,0.7378232225852078,0.08500918613139032,0.21119419780354928
3110301,-0.5297094709635437,-0.885858757412452,-0.5001218136062606,0.4411765856361518,0.0851487956333642,0.3701620990988912
3110400,-0.7577647068030268,-1.2672465537731334,-0.7896062799382159,0.5502602999002972,0.10120034791494453,0.07183503273274652
3110509,0.07292125858670395,0.12194974615625777,0.12529890663807747,0.4885302703228634,0.4006644953650967,0.3208391158044573
3110608,0.017090520795187445,0.028581304177207112,0.06882577901979672,0.43770713135099376,0.35864917527369483,0.3987657124614059
3110707,-0.3554598284610242,-0.5944526560526568,-0.29574928907075926,0.36613998965911093,0.2944124615647345,0.3475595045226248
3110806,-0.39390614542150704,-0.6587482906157826,-0.47323312297564357,0.7417798355073187,0.07909776615083,0.061340730279633125
3110905,-0.4064315842791506,-0.6796951875672275,-0.3370898901300048,0.32411074257482925,0.47647948720305594,0.17651243440142872
3111002,-0.12709912994548805,-0.21255401969103682,-0.02262360896564565,0.3663980395944073,0.10668903602744595,0.6888324784453679
3111101,-0.6522368669082133,-1.090767245310715,-0.6668296131777639,0.517582973722193,0.13508856746683146,0.14180806741826832
3111150,0.4190193513422822,0.7007463189900045,0.3729048046893842,0.8001685848575314,0.26474420965394174,0.26947351049500007
3111200,-0.41934162709712075,-0.7012852763154342,-0.45432517650410337,0.6156528462473697,0.20242143372135213,0.08041428058663326
3111309,1.5159536016412545,2.535202497705157,1.5909001645870984,0.6673201202659317,0.6206733366737643,0.7106755657374347
3111408,-0.4303729917488771,-0.719733560740466,-0.44902074733623937,0.5425906137299165,0.20871666281331272,0.16186220420103525
3111507,-0.8516577780261932,-1.42426847609613,-0.8569830629651976,0.48541545787452295,0.07266714268608813,0.13740932541953133
3111606,-0.22665894640698864,-0.3790527140382758,-0.21302241679090908,0.5101359209657514,0.25287581704625667,0.27734947544775895
3111705,-0.17755580493768774,-0.29693515663852066,-0.25924550654554107,0.7701656999520791,0.09503340158786251,0.13416506747197646
3111804,0.7980198100568867,1.3345671091015254,0.8385642771507636,0.6596304124563377,0.4758774428316479,0.45530020767058055
3111903,-0.14899981271347235,-0.24917959028549974,-0.1789391374470902,0.6829280844840061,0.1834897498717102,0.18384431308420343
3112000,-0.517556781265772,-0.8655352269018411,-0.5329552974484645,0.5408609855023938,0.21034106943905587,0.11077045872060536
3112059,-0.3193780313728731,-0.5341113223861542,-0.3395562953080689,0.6422468637433073,0.11399890820399684,0.20475755196880815
3112109,0.16814095842886656,0.28119025365545286,0.19197703510743805,0.5284051652990002,0.6263304497787257,0.093036944183209
3112208,0.10001111002908833,0.16725341439837263,0.12569602793770007,0.5735370611216687,0.2732088876342265,0.3697567666773054
3112307,0.25326618345198254,0.42354928289135413,0.3077386137099972,0.5816592755443097,0.3237269050897224,0.39859446034557705
3112406,-0.8504867625810661,-1.4223101303538042,-0.8800128298035899,0.5203377548605416,0.11633967141322776,0.04552168508921556
3112505,-0.16615467315662955,-0.2778684927665452,-0.15038945320281785,0.5615796977952552,0.22868514710705642,0.27175681498830506
3112604,0.15968586482372213,0.26705039185302964,0.1623531774879513,0.603628025519895,0.35293288292976327,0.2767991113362717
3112653,-0.5795706100623429,-0.9692439508938645,-0.6157252753141809,0.608416985458284,0.1119694807657136,0.09608893749541599
3112703,0.8832106999576509,1.4770359528869255,0.9182737245595463,0.7421006648594036,0.30618651349864423,0.5801381234454991
3112802,-0.0200706628164588,-0.03356513975612131,-0.023604109895567178,0.5839340881359653,0.23683972855812419,0.31603793617644643
3112901,0.008050847146264513,0.013463820905702441,-0.0030969978436456496,0.6451741475743146,0.3071055458765037,0.18639535347077593
3113008,1.11110001939544,1.8581462792277261,1.0949747149471243,0.8113225744526352,0.653187521675949,0.24331558466682282
3113107,-0.4528379230440814,-0.7573027514259303,-0.46653580776088305,0.5605606135271911,0.17938818917631125,0.15958305412088822
3113206,-0.38895108168866793,-0.650461697979846,-0.4169906275808449,0.6103713555453084,0.14598866784195405,0.16730773072044083
3113305,0.14239874706258968,0.23814030906507533,0.151859685881512,0.6586455233108047,0.2977478156881292,0.2660909039221618
3113404,-0.17188428271602602,-0.2874503958341133,-0.14373023522437006,0.5862911139785524,0.17279288471202922,0.30949466544135196
3113503,0.9897400845335249,1.6551901929397559,1.0787614982594584,0.5947762213116858,0.54237858813309,0.5815524875754622
3113602,-0.32992844753416556,-0.5517552933988418,-0.30881220260184733,0.48556431801168737,0.3016690280572402,0.19767501365785292
3113701,0.10127683410996391,0.169370145971006,0.12325923347119547,0.6029595478666269,0.3372675491760638,0.26535404821858355
3113800,0.16087429770531378,0.2690378656164114,0.1324897256525287,0.6910155281779762,0.286814172279883,0.22238682694314169
3113909,-0.05144816745686468,-0.08603925773043712,-0.06612029489731164,0.6020495428518328,0.30268843446568,0.20782980630600897
3114006,-0.6367630559819497,-1.0648896432081116,-0.6576544528067989,0.5346632007850357,0.08977332153547168,0.1734386643892285
3114105,-0.6157783537913929,-1.0297959112169077,-0.5919296275565697,0.43366739921568787,0.1431470693582905,0.26717564370765784
3114204,0.034215116395716894,0.05721959329875429,0.07313601964201488,0.5466302786215043,0.13526970316562784,0.5132142481208523
3114303,-0.288815242531643,-0.48299969303072104,-0.2611830696794924,0.4365562202690419,0.17114924250037747,0.42096073779810705
3114402,-0.42497517009560165,-0.7107065226287882,-0.43663659105010855,0.5529396895016162,0.2145091287444241,0.14464507445632493
3114501,-0.3559659373471657,-0.5952990464110871,-0.36070096174328786,0.5401157912125486,0.21706481864418237,0.19592816451095654
3114550,0.0877327375721499,0.14671969853339928,0.057711826647318186,0.6519678611544143,0.2898737659048361,0.23829806380340476
3114600,-0.1707276997421558,-0.2855161862112168,-0.14076432642013675,0.49510282954945234,0.2140576931533821,0.37247603425113046
3114709,0.4653685517045715,0.7782583275355798,0.5325559228249577,0.4768094113905525,0.4921398398505137,0.4725345231906675
3114808,-0.6473042106213599,-1.0825181257300016,-0.6459079484445487,0.49060557721848047,0.09002561544291827,0.22843085559260287
3114907,-0.3561129089512471,-0.5955448341300222,-0.365434896675396,0.5491752345300215,0.22192897545189563,0.1837401711879887
3115003,-0.10855758732537124,-0.18154610156548545,-0.09791474394818057,0.5464709089684507,0.284656588300501,0.272163955232432
3115102,-0.4327356748335084,-0.7236847898882169,-0.42976736715099445,0.5330105967490365,0.1985412448572795,0.19038805006915738
3115201,-0.030869104174702587,-0.0516238952965965,-0.02892127951427485,0.5243072435125596,0.2925751543883537,0.3289227516906302
3115300,0.09236205289360776,0.15446152635248186,0.049334317252375845,0.7533297795607242,0.2627602707137678,0.1408661632509023
3115359,0.030193608057026675,0.050494230481744895,0.03184503968550042,0.6028942276909782,0.33031125673146655,0.22564430737716187
3115409,0.05295522618478688,0.08855958490079421,0.019010534110010094,0.7079615988325546,0.1225154709768254,0.3221655439002273
3115458,0.15206796642554066,0.2543106120699119,0.10631884489225595,0.7269256165470367,0.37942434055599367,0.07993251673007261
3115474,0.3430580540391506,0.5737125691157811,0.299421015257538,0.8003920993932075,0.19557070003784438,0.3003126877958253
3115508,0.03725132656733793,0.06229719435614668,0.11081639595921026,0.5124620030087409,0.21607117138184892,0.4848328455943358
3115607,-0.9772440741495141,-1.6342925106475037,-0.9328078189712969,0.336420104843274,0.15895661939865022,0.1646785390301806
3115706,-0.2830900419579397,-0.4734251633230826,-0.30084520221768507,0.6092737408940553,0.28854874858534146,0.086140829213656
3115805,0.10648991357072478,0.1780882307826703,0.08945764052074463,0.6925800079388821,0.23868651608158029,0.2567816155266927
3115904,0.24925960375553297,0.4168488859644979,0.2106970994107418,0.6679950640575357,0.522724072745216,0.060022530649236815
3116001,0.7761240579120458,1.297949784226519,0.8461763880204743,0.6074570817967078,0.42096833048266363,0.5705834726185074
3116100,0.6097373249404122,1.0196932066122724,0.5990894704196891,0.77154801749568,0.23805531059833562,0.44351524649822993
3116159,0.6822691978605989,1.1409917642933312,0.6681381920191982,0.7520030780259924,0.35604142512521103,0.3876740971757275
3116209,-0.3026715283158583,-0.5061722296380599,-0.30417868292329175,0.5841119459447984,0.3025009348791016,0.07693426705259714
3116308,-0.07300406999402519,-0.12208823567628764,-0.09372560971361754,0.6593943579982259,0.23204396572113095,0.1930627065426789
3116407,-1.2495257352198563,-2.089642296074641,-1.246198782645398,0.33184542924577226,0.11219878900681922,0.05140290544150292
3116506,0.227053072210506,0.37971182967374506,0.21418823347535135,0.6914351084910536,0.17003147471421978,0.3942672750194749
3116605,-0.5801660631044824,-0.9702397558037666,-0.5252698010469605,0.40437913815952253,0.20503526329019142,0.2567960075373021
3116704,-0.31986179374371404,-0.5349203415866918,-0.3431176153282728,0.6048813016670339,0.11180393123305367,0.2500233656957081
3116803,0.90022858146741,1.5054957788753212,0.9091990133673035,0.6898103894094477,0.5130618752415893,0.4259275010588077
3116902,-0.8678769057464523,-1.4513925075061165,-0.8736997142553844,0.4508304634433817,0.12187297725723566,0.1212388555901347
3117009,1.454771777968657,2.432885176105738,1.4840343150148323,0.7631117500344553,0.6066143620210457,0.5622739854389849
3117108,-0.3249847106050763,-0.5434876431244171,-0.35131984846752,0.5882485372691404,0.25163429535065474,0.12062796849642458
3117207,-0.515888672599033,-0.8627455681327457,-0.5232364428862274,0.5225287741219781,0.22900070322849211,0.11630752784004306
3117306,-0.35897857344741946,-0.6003372234092295,-0.3976916765367889,0.6418416800992538,0.1455436970504636,0.1431640531356728
3117405,0.14527007393445165,0.24294216780889927,0.16736582805921296,0.6302039288220401,0.30406201649221193,0.2901683395679639
3117504,0.4370818545372481,0.7309531163254295,0.40679444103641277,0.7374375236364253,0.4375664281219132,0.16783417348882068
3117603,-0.12973370266854348,-0.2169599430257911,-0.0717241528523293,0.5060667827497746,0.11622468203324966,0.49024659511390833
3117702,-0.11060895563085738,-0.1849767039573734,-0.02573971616736105,0.46802651341696433,0.1511009678354621,0.5264842865625913
3117801,-0.4081566361106564,-0.6825800751437137,-0.3490574972171203,0.40368068764941833,0.05636174989707806,0.5212962022133926
3117836,0.8799325590435095,1.4715537593525303,0.8413400855992269,0.8253176285909415,0.40859875964383585,0.34762188360914176
3117876,-0.19647730555170376,-0.3285784968865654,-0.1926326329318283,0.5621714326058949,0.21745897574946474,0.25913100363977254
3117900,-0.5009095080928447,-0.8376951871524103,-0.4404674842431889,0.37865979882561035,0.11463031182866427,0.43995389174209604
3118007,0.5598639707099464,0.9362875851756263,0.5934105181845752,0.6214542153993391,0.3549953766649792,0.49083404702552036
3118106,0.3059221420104932,0.5116083880724547,0.26013424233053395,0.8084160262326172,0.17542301376656855,0.2880409983727214
3118205,-0.2583726616789361,-0.43208909330602197,-0.22546689202245299,0.478813354917396,0.11074525716310074,0.4517832381344719
3118304,0.15738135962650693,0.26319645639904926,0.1524097204888269,0.6795535292445445,0.26119725671730004,0.27856146619188066
3118403,-0.2719168232350088,-0.4547396494768061,-0.27971352472342637,0.5873131392016268,0.2862951394560528,0.11878126464280263
3118502,-0.9547765370619935,-1.5967189621695703,-0.9701190853548187,0.4271802687951032,0.10340991171813152,0.11082436965924052
3118601,0.5941590180168793,0.9936408508015144,0.6277837305318094,0.6270738924087061,0.43017633132151745,0.41852564095677636
3118700,-0.5703728822199514,-0.9538621459533981,-0.5646291211333598,0.49361839542494046,0.22012496399667866,0.14041152212697794
3118809,0.7205093566390207,1.2049426305617559,0.6928881387901837,0.8287250527541085,0.2436836946680019,0.4359006267204286
3118908,-0.235234514942748,-0.3933940518915987,-0.2657950705563936,0.6345875118292614,0.22315380133899443,0.14071211252784097
3119005,-0.6616428461213498,-1.1064973190865148,-0.6820601155609533,0.5344865368000152,0.14412254690431894,0.1079164495030955
3119104,-0.102467474083205,-0.17136131076045602,-0.133547024506931,0.6984940941138968,0.1591861065344114,0.20559206220359805
3119203,-0.6822435114986739,-1.140948807748461,-0.734831041544443,0.6295766996954252,0.05713573585034435,0.06459883844635676
3119302,-0.3259058324377958,-0.545028079697458,-0.3210803857871427,0.5330983635226458,0.16076907146735045,0.28951495409828726
3119401,0.9791989783836257,1.6375617915092193,1.0581414610607431,0.6405746332944027,0.3328198405688987,0.73893652315771
3119500,0.3751711683762228,0.6274168827493212,0.3280580600184945,0.7401422454240292,0.15514306698003233,0.4331600570806191
3119609,0.073143631714213,0.12232163148815255,0.04814990605979189,0.7192335638636772,0.2387707300847154,0.201660384641314
3119708,0.794006998281088,1.32785628996708,0.864565116408175,0.546023737894512,0.5858332667494268,0.47561455145366405
3119807,-0.473081022886487,-0.7911562659571134,-0.4662271097743773,0.4987620056794329,0.18213412658839098,0.22486527509960683
3119906,-0.4171066380334759,-0.6975475960524226,-0.38668923544128897,0.4414119711067124,0.12265554569440917,0.3907376179972463
3119955,-0.5069806419605587,-0.8478482378319742,-0.5356164606894702,0.5817048522387906,0.1170373882786709,0.16028552946995425
3120003,-0.022693503696704236,-0.03795144336296151,-0.08739976602056673,0.7517552879455325,0.23132939216148427,0.10441762350605327
3120102,0.3485101396800843,0.5828303555174447,0.2795952587795755,0.7743917540366697,0.3121844399569119,0.19741533199664896
3120151,0.7349370351536535,1.229070734856494,0.7538260695805432,0.7345426169846997,0.39475810628270813,0.40365992650253396
3120201,0.04455670089274196,0.07451432502319613,0.022286132337062066,0.6422844211773397,0.27292872364759757,0.24033859460946405
3120300,0.2492287192315374,0.41679723628188936,0.19509313211915316,0.8074550284253914,0.02592415989658257,0.4148144762069805
3120409,0.028689864550943495,0.047979447517145855,0.03163481238000534,0.5969757122914623,0.32611139137112904,0.24319119641486295
3120508,-0.7467837035852721,-1.2488824912089362,-0.7074546017562834,0.3558734144909215,0.24813088000523265,0.17537863767027373
3120607,-0.7079415362032173,-1.1839248568481913,-0.7234485386970833,0.5082258487418568,0.11902429518359876,0.13541225284880062
3120706,0.4453342947238011,0.7447540710185419,0.47279705395503296,0.5149349234815518,0.4012920778478124,0.49728067160917555
3120805,-0.1674194656199943,-0.2799836663501756,-0.14790013250928596,0.5285607756832237,0.311905326952402,0.23225126668403517
3120839,-0.6915110840524218,-1.156447417376413,-0.7205896095534334,0.5224440890447379,0.22800107220724933,0.01809371177720856
3120870,-0.5685784643662494,-0.9508612542244514,-0.6210441701317294,0.6290169671932374,0.13275315027040016,0.051130057374642955
3120904,-0.029808473350448894,-0.04985015109236764,-0.04257843140602202,0.6221633391736259,0.3444023595780248,0.1510915939157348
3121001,0.6645824092277891,1.1114132925843443,0.6351071131667442,0.7692879154230757,0.4172764240750922,0.28796156298297404
3121100,-0.688396023856438,-1.1512379516112274,-0.6634838867918786,0.41257348419136813,0.21648821822365805,0.17285513343765993
3121209,-0.9742397189713725,-1.6292681822357558,-1.0107498723499568,0.517031147035412,0.048938451700275075,0.04285614979614022
3121258,0.236778397344322,0.3959759610716661,0.21882482116047117,0.7383254604420827,0.20891484669822202,0.3018656930922317
3121308,-0.365527364514813,-0.6112890833164394,-0.3682350784686303,0.4985972340726384,0.4047689136308484,0.05100000933506094
3121407,-0.6081898453398911,-1.0171052816624968,-0.5692109292205616,0.43930211921246204,0.13482584754653446,0.27508072447675286
3121506,-0.06028315781440681,-0.10081443923822994,-0.013105833159543747,0.5459928828728381,0.06352140902292262,0.539586219117273
3121605,0.07087968539465792,0.11853552460612629,0.03985315075186903,0.6993357000854307,0.23783986878728247,0.22123354583842167
3121704,0.16085090596764967,0.2689987464826282,0.08189229631194686,0.7812356975628423,0.12712501358897083,0.2766407493057628
3121803,0.2469194704551252,0.41293536791108665,0.21679826384589992,0.7287540162140546,0.29277562897604614,0.23290607595739354
3121902,-0.42345669604778113,-0.7081671050670849,-0.467797355695305,0.6523122352579787,0.10590505278945726,0.13037433453736694
3122009,0.5358157463288099,0.8960705769173095,0.5592828430446823,0.6742090684679688,0.3787492440595422,0.3837338576793468
3122108,-0.5064223479653182,-0.8469145757926774,-0.5462342626620416,0.5980239762508596,0.20597887926751623,0.050321253509875354
3122207,-0.487773148842296,-0.8157266184925996,-0.5369012823837995,0.6701545704901806,0.09016931243326942,0.09110044271711644
3122306,-0.25143353461536044,-0.4204844556413703,-0.2820738900047986,0.6230082640915661,0.16588262558753972,0.20588982617309393
3122355,-0.2989879629459264,-0.5000120251857593,-0.319251265923202,0.6016194929101711,0.29037766294961415,0.07686844553211652
3122405,0.007722056084592701,0.012913967717668812,0.06341504275706691,0.5538998472910172,0.13967269155661624,0.4940584234766577
3122454,0.33935640792895566,0.5675221273674145,0.36587463676898413,0.6748896803246455,0.1768892368696783,0.48629127961100077
3122470,-0.08522948583779046,-0.14253338963683249,-0.10543781307193341,0.5901308120112193,0.13092461695408728,0.3779627540026791
3122504,0.34271789513857037,0.573143704941156,0.3967149698015916,0.5243796900993071,0.39976553788257635,0.43826911902405824
3122603,1.1855085935032181,1.9825833350350317,1.2099104789220803,0.7349854305403429,0.5694518227515083,0.47028989617795475
3122702,-0.31281143664603905,-0.5231296885585335,-0.32999559481622964,0.6192377911079471,0.1170873918876823,0.23506841815212465
3122801,0.2005489251476567,0.3353876631817541,0.2536283551955603,0.42923455946873107,0.40463904302842724,0.46435444755798816
3122900,0.03529421806226469,0.059024227185535454,-0.0066189980566090005,0.7122368790668917,0.27687143775794226,0.1395210272539469
3123007,-0.41762240887895463,-0.6984101445725656,-0.3964277193178585,0.48369946584343104,0.15288076466975506,0.3111812767578729
3123106,0.25754208579683535,0.430700081103699,0.19673750173505947,0.8078526817079702,0.27295833959734894,0.15234449222056387
3123205,-0.564255336688771,-0.94363147880522,-0.5320969207116761,0.43198799417033173,0.17534221997103594,0.2630709125574215
3123304,-0.09302641064287126,-0.15557256393534633,-0.10547265181472582,0.6394640224286796,0.22636119761928467,0.21911446064378584
3123403,-0.4572167937948923,-0.7646257486816279,-0.45422700980737624,0.49486545139717847,0.26300633908305576,0.1520760408442611
3123502,0.7094770295013451,1.1864927365249893,0.7770764805393576,0.6173804378188448,0.48086905753742837,0.45257767738352705
3123528,0.27390881751866913,0.4580709578215225,0.2858613308935695,0.6543318653366724,0.4596866845939605,0.16517842115446427
3123601,-0.12880167393852568,-0.21540126632109782,-0.0672663730228869,0.42332512542846706,0.3920637816946495,0.30320740806788704
3123700,-0.2872183603255562,-0.48032914971526,-0.2891249362191859,0.5866674770349498,0.12260193981675845,0.28431726917571015
3123809,0.4915666016480597,0.8220705930164156,0.45212090045219544,0.8132943423337956,0.08545405365371479,0.4864178795021609
3123858,-0.06109354854881218,-0.10216969484219915,-0.08293910025005136,0.6963143308104253,0.14730162669550204,0.251245021186012
3123908,0.7488995277995967,1.2524208863333344,0.8193305394902153,0.581675866977234,0.33159435963557865,0.678389293403561
3124005,0.2808192852099978,0.4696276670324111,0.29179645842244994,0.6846541765856222,0.07542165343277228,0.5460253554682515
3124104,0.22975412425016237,0.3842289295836333,0.21627475866954743,0.6790688690440693,0.3423975458799311,0.22988839477803288
3124203,0.4684591700272105,0.7834269179743141,0.5182824480966074,0.6550223027911487,0.3528951158393419,0.40784626751709774
3124302,-0.03781689234335568,-0.06324301734599545,-0.08568449139686485,0.6889621592010351,0.21757859682870992,0.19493403025480086
3124401,-0.9138966296789955,-1.528353516689493,-0.9011005183285682,0.440358084525861,0.06986274395541388,0.1593476519570654
3124500,-0.28138848714307235,-0.4705795709434982,-0.2591777514191998,0.45419022268230913,0.16244591245506104,0.41071690111926884
3124609,0.36908460684875793,0.6172380316484967,0.3250710566914944,0.7333519562866903,0.4625104935523445,0.10879002835566193
3124708,-0.7170625016025556,-1.1991782882440136,-0.717017418952206,0.4388495243193038,0.11992455893014635,0.21786860134557728
3124807,-0.09079103205976818,-0.15183423226011303,-0.1358391699077911,0.6620704828981506,0.2144735199489627,0.19795005141737454
3124906,-0.1456853777238983,-0.24363670041409988,-0.1502522260002285,0.6426552958243589,0.1897855894450311,0.22848745150481142
3125002,0.4174488977842068,0.6981199735803216,0.35882259112784565,0.7767103450817037,0.3453445121604714,0.20908829444144825
3125101,-0.17318918073196332,-0.28963263987223764,-0.12480587997853612,0.4536879401382952,0.29593795406429385,0.3315607992653595
3125200,0.02260173986536493,0.037797982271435944,0.04153245739049437,0.5233147968476625,0.22830095842762735,0.4315993660390036
3125309,0.24872048157153553,0.4159472858720156,0.22960637383734225,0.7131922863928707,0.43942804456772433,0.1016701431418175
3125408,0.18325715078045368,0.3064697929263416,0.19387316095903093,0.6326439984863017,0.36016291685498336,0.2435062802237006
3125507,0.355667996259551,0.5948007851261297,0.33916673914628437,0.6907880686459776,0.3893148051995389,0.23602956387791765
3125606,0.3010082183560343,0.503390595978535,0.3075585509405774,0.6523057808288023,0.44472196308785467,0.20232969285504
3125705,-0.23363180187245022,-0.390713757340021,-0.23840043526948865,0.5972722737527615,0.2020662995656547,0.21409732116399316
3125804,-0.8414599592323545,-1.4072141707075652,-0.8858938781694761,0.5782989135227949,0.04239351387657766,0.052029893200326006
3125903,0.17380512106510287,0.29066270666934974,0.14437901350602356,0.71315108144091,0.24877793623972919,0.24983327515962075
3125952,0.2530602312815593,0.4232048591198748,0.24703299070101345,0.7171948020775382,0.24743549411370638,0.3035274516693651
3126000,0.3031811306050809,0.5070244621833534,0.31549479498177413,0.6431980285293387,0.23508215530865975,0.4351229278503281
3126109,-0.21872598306311777,-0.3657860359144791,-0.16523815090238536,0.47466986655248505,0.17632734144151097,0.41539483369421454
3126208,0.13267809540477626,0.22188399334701536,0.12835165147265595,0.6118568154418701,0.31216397755729913,0.2890230734981787
3126307,-0.9788149491584496,-1.6369195608698353,-0.9956391447641822,0.48496691712415124,0.06512746071116494,0.06953767841178761
3126406,-0.09285607078794436,-0.15528769636077025,-0.10237521152515028,0.6277794276009253,0.14191688469082445,0.3211269855901629
3126505,0.5713110434953993,0.9554310784102962,0.6020837914218816,0.5892954935730416,0.615947820818107,0.24611007859316059
3126604,-0.09043602847270357,-0.15124054259860484,-0.0772737582842784,0.6536967279791827,0.07828850134432304,0.3701998504455361
3126703,0.5568325036445034,0.9312179162440036,0.4898437327118551,0.8302014775794416,0.20106273020466428,0.371627843386588
3126752,2.021439565589833,3.3805511132365975,2.0827518794042685,0.7763032916729106,0.8397174961735838,0.6237766494687643
3126802,0.476552976800854,0.7969625823417911,0.42859284895843724,0.7853446966334597,0.4817385622644623,0.08608712112134771
3126901,0.032519603589034156,0.05438410526156146,-0.019297058967376008,0.7403167489861326,0.25478960560878566,0.1333190270542903
3126950,-0.07906520677978694,-0.1322245677523878,-0.1269785035386123,0.7279663121011751,0.24273783587509076,0.0864110625333116
3127008,-0.583440908509029,-0.9757164380981429,-0.641220203649189,0.6602999426068413,0.05914686325117075,0.0815378293229388
3127057,0.04997095228742355,0.0835688393857331,0.013518862189069367,0.7107546881678063,0.30257392383385767,0.12757816047223816
3127073,0.36881031210440685,0.6167793152865755,0.29959595489652696,0.846015679345086,0.22333894058479176,0.22043353397273768
3127107,-0.8637991830135603,-1.444573134639965,-0.8910166884685575,0.5090456337361394,0.08906705635779355,0.07973772393304011
3127206,-0.1518746370394476,-0.2539872979909238,-0.16814698104537346,0.5858475439877118,0.13883734631029407,0.3380834437220251
3127305,-0.4446661829516585,-0.7436367554017258,-0.4869404904356409,0.6378774533436821,0.12154104456781789,0.12637669043875885
3127339,-0.01502266910358469,-0.02512313582181693,-0.055482252338211836,0.6975599947594692,0.19418116203808392,0.22377592814578165
3127354,0.4621866443136928,0.7729370699746039,0.4408553526510306,0.7780542109721648,0.17448999869658055,0.42297427875799803
3127370,-0.4876627472104795,-0.8155419885062802,-0.48700835721081476,0.6185468607660568,0.057323373080888584,0.2043221314517745
3127388,-0.22799839762634933,-0.3812927430689803,-0.2642064653621716,0.6387379909348855,0.21746112067743342,0.14678528058302198
3127404,-0.8708074165300307,-1.4562933423667852,-0.8098127455669607,0.2996344499816642,0.1529691845303323,0.2770438203854759
3127503,-0.6609270341833186,-1.1053002321761904,-0.6692182547455676,0.5391278151086684,0.20150554031222553,0.042543671752491276
3127602,0.6239784824644704,1.0435093828370041,0.6134956318530963,0.7704081861258653,0.1485245243816157,0.5531835833650529
3127701,0.18778280348940338,0.31403826074689595,0.24520649204282238,0.5440942616625085,0.34530201930020565,0.388203987472629
3127800,-0.07833077999549672,-0.1309963503347186,-0.13273587750888247,0.7551659039767286,0.10984243148989409,0.19940595887006107
3127909,-0.19950996888265302,-0.33365016639082823,-0.13557700346068086,0.4960443133695205,0.1893125967137496,0.39154704853994754
3128006,-0.1381082743038922,-0.23096514404524232,-0.1276991304335217,0.5606140100780609,0.24058923418078906,0.2772594214190434
3128105,-0.11550020676426542,-0.19315657969822325,-0.096528506399288,0.4996155244439791,0.5152851278230284,0.07760464311141847
3128204,-0.027511441070354165,-0.046008712958970445,-0.05296380078741655,0.6557399138619099,0.21275157288027502,0.2500855954474872
3128253,-0.016381702805999307,-0.027395913585659314,-0.11712421737645319,0.8632172443264537,0.11469626310288927,0.08781008184261552
3128303,0.08957471397134642,0.1498001247172226,0.07105054025343649,0.6822869208131476,0.23565257105146234,0.26013552530340034
3128402,0.2473875392652751,0.413718142011366,0.2657900091809267,0.5962219787496555,0.32185260309722,0.37314645992405665
3128501,-0.4832390665650983,-0.8081440534975316,-0.4912186013919059,0.5808793235982467,0.0916793902766065,0.21311498315792288
3128600,-0.0022195419948197875,-0.003711847383017738,0.03420317323395002,0.5534138983357416,0.17653968970739378,0.4429150119748499
3128709,-0.41386206016987914,-0.6921215316300788,-0.4365459168003843,0.5730622230512953,0.2225424568094915,0.11862816494085356
3128808,-0.05192877916946036,-0.0868430079328706,-0.06196377907054835,0.6749282143273554,0.17775661494819603,0.24937116006705753
3128907,0.2636829818679351,0.4409697984886801,0.282136809613263,0.49964762181034145,0.3720796881632817,0.440354846616962
3129004,0.13592797975935217,0.22731893207076895,0.13220007791787913,0.656805609226126,0.2517404521170412,0.3068908008547197
3129103,-0.3310199420122505,-0.5535806523834943,-0.3356946370989159,0.5340146041653282,0.3158704370122312,0.12446235646076735
3129202,0.1853111255360948,0.3099047542108341,0.2333492598386673,0.5230032966010257,0.3883470965804095,0.36139526174064285
3129301,-0.06411834340477054,-0.10722820551532863,-0.07014074332882367,0.5919901865302126,0.2583562337292607,0.2635221886460453
3129400,0.34375096687799683,0.5748713607554679,0.33070358495463215,0.7202537492750197,0.2867690927404929,0.30721580997220527
3129509,-0.44413996115510423,-0.7427567292508417,-0.4523625839466619,0.5194004768369825,0.1517668049425077,0.24334726732546896
3129608,0.7067441390735394,1.1819223917393533,0.7158210030334877,0.8318473414445933,0.18428247802130146,0.49813880592974646
3129657,1.307148439456347,2.186007530173308,1.3490826922751449,0.7400902344636688,0.45502242731161874,0.6690292263613747
3129707,-0.501576780820437,-0.8388110995944607,-0.45330076429579536,0.37059846471994407,0.27344879800078953,0.27475492003224167
3129806,0.2049150380438275,0.342689324860351,0.18174211352588748,0.7196680869329374,0.27710342149469586,0.23268059699925017
3129905,-0.7474427446540758,-1.2499846374500299,-0.7649271888515562,0.46871927833975313,0.12086121557393165,0.15602941460982575
3130002,-0.8289043787647159,-1.3862168664845114,-0.8444296322372337,0.4595015878138216,0.19563882754013018,0.048835109567896884
3130051,0.4435777077591876,0.7418164457143749,0.3986174257842123,0.7582201939676959,0.26367627962271956,0.3342613079592966
3130101,0.6861043510490491,1.1474054763831434,0.705476169885957,0.6768034876632419,0.4771291336854155,0.3513964302630259
3130200,-0.013006672575162444,-0.021751687362782563,-0.0657318629844871,0.7168269683909531,0.08733270517337526,0.30257300023849976
3130309,-0.7418638002884503,-1.2406546990700036,-0.7604582133944433,0.522404965251403,0.1264189386576975,0.0952899580293552
3130408,-0.4813418730452977,-0.8049712850534175,-0.45082900306087215,0.4318842329252252,0.2317349505017812,0.251253843049899
3130507,0.4914817220069691,0.8219286446890629,0.5449479088612219,0.5542791074609058,0.45459127898070495,0.4269434315948952
3130556,-0.19267528676714335,-0.32222019706228056,-0.23480726672003982,0.6754421025482519,0.15475153880276668,0.18694403900197776
3130606,-0.14401406173031195,-0.2408416778772575,-0.09293944166115459,0.45971217873690035,0.265928576312645,0.38081839673786194
3130655,0.34585584332699154,0.5783914474026283,0.3928757392528838,0.6245032375120902,0.22800506276683788,0.5022917337218298
3130705,0.6762598751076677,1.1309420833293138,0.6969970472292188,0.6402992435501517,0.446259561647575,0.431855566151844
3130804,-0.6071410328031026,-1.0153513017517584,-0.5907300784003285,0.48171368946047394,0.18990514326541527,0.1632000440261956
3130903,-0.06906796345643137,-0.11550569442005275,-0.07444037809258984,0.6375644496213612,0.2571081107037943,0.20209514747429877
3131000,0.34943743548257483,0.5843811171186178,0.36323027121106277,0.6359657610561827,0.30005467640838596,0.3984800844961128
3131109,-0.07371210392231191,-0.12327231504488383,-0.11914073853515214,0.7018312549649872,0.1723017581548901,0.20241740902238256
3131158,0.5368308653010456,0.897768209451111,0.5067141345647942,0.7688601004705635,0.18533755740564248,0.45930451891949636
3131208,-0.4664285194116165,-0.7800309627768416,-0.4704775204843543,0.5364100987899928,0.24267873234054216,0.11531258044733807
3131307,0.589126081726185,0.9852240281222813,0.6657111098146575,0.5603399045763177,0.34042357895407366,0.6047139471788184
3131406,-0.3807726853514833,-0.6367845703957262,-0.3903294571516992,0.5975254391810306,0.14369716129442558,0.19587420015022206
3131505,0.37243690807044155,0.622844247050519,0.4389192835164605,0.49989782745353156,0.23198745815789001,0.6650016844212584
3131604,0.004746621360079516,0.007938004378700087,-0.014098005933795447,0.6079502646680411,0.19929580057894902,0.3347612836860891
3131703,0.2618477607588034,0.43790066950302076,0.27191201358210226,0.6190419264767937,0.27821250724335705,0.3915132445080849
3131802,-0.22518945605961802,-0.3765952142869812,-0.2515301782083014,0.6248379812765047,0.1236652389854239,0.2677957374895203
3131901,0.3333340206711538,0.5574505980002906,0.41618109894179955,0.5192902549433943,0.27723769956963185,0.5720743497498885
3132008,0.5059332481509309,0.8460966305272558,0.47215911460493526,0.8417871991728122,0.1086801699558851,0.4362617230383914
3132107,1.1883938238257004,1.9874084451914986,1.1952677865272894,0.8091486010397956,0.3218796502292641,0.6514451102194411
3132206,-0.34701072841365566,-0.5803228175666644,-0.33928399805059517,0.5041906443040339,0.2828462577470936,0.1786532052902752
3132305,-0.22260444755069775,-0.3722721795837366,-0.24180028682682353,0.6021908400906748,0.2822797795276077,0.12368034046497878
3132404,-0.020012893521073587,-0.0334685293705576,0.05655842923098074,0.3892723912098919,0.4441944150191823,0.34974952224305883
3132503,1.0620857974958278,1.7761774263232313,1.1376103695687358,0.622184394618268,0.4183751360153334,0.7191489942119192
3132602,0.2594645045212627,0.433915034877038,0.26948549814412665,0.7136628313673768,0.11595409704825503,0.4553467891038763
3132701,0.3558471489362065,0.5951003908085437,0.302598631001982,0.7692724713135396,0.3418370464921097,0.18583291091278645
3132800,0.15359849375140125,0.25687018691120445,0.1028539183175477,0.7203092090290183,0.4074371300355552,0.05376996173956763
3132909,-0.6783405116084571,-1.1344216323391954,-0.695292987232823,0.5235527687052731,0.15923371527860694,0.09529458072350583
3133006,-0.0065168229208375375,-0.010898398030205075,0.06952098430964754,0.4168542712791731,0.31231321632429826,0.4658763674072077
3133105,-0.1113899699560818,-0.1862828319720493,-0.009890888655625077,0.4104892467468661,0.21141747917847753,0.529445157163848
3133204,0.3304773963216702,0.5526733269954424,0.3699665411093678,0.5868969999927445,0.3530794770662713,0.40419038012323716
3133303,0.8334029680710267,1.3937400748684368,0.9311439437962146,0.507470592930143,0.4994671225389609,0.6455226241667725
3133402,-0.8324740561659875,-1.3921866105808396,-0.8668900047303124,0.5267265024928053,0.0931741585439169,0.07063763510574639
3133501,-0.39773822378946116,-0.6651568605346251,-0.38649601205555306,0.4803223757051908,0.09376372013405808,0.38297735778715164
3133600,-0.7986227487645079,-1.335575432651711,-0.8054547296512212,0.4537107997558388,0.11833131892111938,0.15001034368111946
3133709,-0.31123301812941007,-0.5204900229635908,-0.33017055426952646,0.6131767323914251,0.2328232636280562,0.10913135495245978
3133758,-0.6753634702952412,-1.1294429822242678,-0.6285716545405142,0.4456458856662178,0.1553074604782879,0.21217135568590587
3133808,-0.8531406052181526,-1.426748279697408,-0.8501624745070353,0.44756661319509755,0.14213487574692316,0.10869616978905494
3133907,0.24558931373818813,0.41071088252613347,0.2326883983180411,0.6960087852255143,0.255022638761132,0.31436975585023186
3134004,1.0513274141839775,1.75818566179037,1.097752461848987,0.7205522257361884,0.48570040381098195,0.5167926149014564
3134103,-0.5349461316179107,-0.8946162781942308,-0.534331522912272,0.5433485529512373,0.205548400789092,0.10565331396046033
3134202,0.10486869218651401,0.17537698388294046,0.09060424203880882,0.64246708904519,0.33227882916402735,0.21947020288814326
3134301,-0.47242310811661703,-0.7900560032801781,-0.455232606908356,0.46355147516007716,0.32488191374675796,0.11211070579840503
3134400,-0.12173372654155797,-0.20358119618501883,-0.17128638566544924,0.683795375309533,0.2052910564557149,0.16328887519119772
3134509,-0.4026967403656107,-0.6734492275273595,-0.39863696212426597,0.5021558384269917,0.29450061498459545,0.1370160742400741
3134608,-0.2541736168029821,-0.4250668275546367,-0.28390922413017544,0.6291243655625233,0.17797157352048232,0.18150032477517586
3134707,0.21517081497019014,0.3598405564359559,0.23337528548300066,0.5981839244097414,0.4333547636944391,0.22749016720882473
3134806,-1.5398131779114885,-2.575104020607306,-1.5267542478001035,0.27954135299024635,0.05325103381651508,0.019901331581645493
3134905,-0.8798444546068154,-1.4714064180435849,-0.8150352614000611,0.30995432579509025,0.1228020960689596,0.2946067949544022
3135001,0.11844842941904324,0.19808703497739008,0.092361329221909,0.6861538683926179,0.20580640947313988,0.2987016128971766
3135050,0.33088213420793994,0.5533501897299455,0.2965476590759106,0.7505494527578187,0.2200252574952116,0.3253832313537846
3135076,0.23073880303118052,0.38587565551401254,0.18192212197634863,0.7879247356212272,0.2600884819021007,0.18114193288094316
3135100,0.02992256050655821,0.05004094455914109,-0.015072204937990287,0.7341952451305848,0.20841445977829887,0.1908073013853364
3135209,0.9658629729870863,1.6152593449474566,0.9441869165247252,0.8127258296789308,0.3589412198274408,0.47337276274039847
3135308,0.32427224419668194,0.5422961511050463,0.430974942188699,0.4725373602555327,0.19096376263790285,0.7281058444869731
3135357,0.21924692542437157,0.3666572330104731,0.14500742775366826,0.8492831694567271,0.08722541713107627,0.27674038763240116
3135407,0.4462298660370789,0.7462517782226654,0.5004710599711475,0.5786514961741093,0.2699251165995604,0.5728418080918988
3135456,0.6645849000935752,1.1114174581796208,0.686816221591246,0.6522480113162316,0.5805332327715061,0.26022797359903654
3135506,0.1263015972724633,0.21122026724474532,0.0957472744390384,0.7250679008553359,0.19297231867139722,0.27207124324036874
3135605,0.29773929694304546,0.4979238206616394,0.24547913821081271,0.8085233544244247,0.19765446820278623,0.25929121031432256
3135704,-0.21214344299387813,-0.35477773591986633,-0.21394288320853264,0.5670176014740874,0.15074830136317463,0.3209875926882583
3135803,-0.008024598299603116,-0.013419923690414177,-0.05942951896242257,0.7483801676936824,0.20547162547449685,0.14791559642865748
3135902,-0.6738420491477571,-1.1268986360853177,-0.6849313208374372,0.5348212961959748,0.18499935798347245,0.05528143372242872
3136009,0.24394542696321608,0.4079617311976617,0.2088635445918218,0.7347696385984365,0.26032900130819603,0.25586074809512643
3136108,0.20209041390501847,0.337965569354883,0.18580437216530807,0.7054435629122452,0.20708797353270492,0.32633685421886516
3136207,0.20123645080851518,0.3365374455832456,0.22616696005224193,0.5949246162628116,0.3675080057506516,0.2992820716862374
3136306,0.19707023091096582,0.3295700746301895,0.2017803937157545,0.6122806412660263,0.14888747235011301,0.5036829385399829
3136405,-0.4508958227530881,-0.754054883217306,-0.4988897936660533,0.6179504833804313,0.20216378383750364,0.057435693060894834
3136504,-0.3888284437479566,-0.65025660462259,-0.4539188409915684,0.6804800641877241,0.12799180140397143,0.09361226549352443
3136520,0.5083599882457358,0.8501549853099944,0.5231028668524429,0.5910796132288669,0.7703649070108147,0.04403391025521585
3136553,0.4766149290390667,0.7970661880648721,0.42125781776082016,0.7619506806192377,0.23442034252721464,0.3713058934694933
3136579,0.6324469184511969,1.0576715577491926,0.5631214121646713,0.8289919880089349,0.5271735096464397,0.06600315690037252
3136603,0.17977299169379313,0.30064306524197126,0.16566871343892559,0.7093811831139633,0.23002745591596874,0.2841117882640379
3136652,0.49008960076849445,0.8196005330390307,0.5148803993436002,0.6546210078026325,0.3832949249181035,0.3714306977049488
3136702,0.8152950974751929,1.3634574074352264,0.8385356433933747,0.6835826814656215,0.5440113907842776,0.35627924670302386
3136801,0.04070580819117586,0.06807429098466408,0.008191376554236946,0.7497954404868832,0.16078830102038696,0.2296599787464865
3136900,-0.7576076443092734,-1.2669838905715498,-0.7795989421324245,0.4919818998466572,0.17188531550138217,0.07233984979782394
3136959,0.47695589987256154,0.7976364100741636,0.47829667231094825,0.7070899633929457,0.270001518296159,0.42365047086959323
3137007,0.6481382540990028,1.0839129369599934,0.6589523106786276,0.7507962772790525,0.45262644812803093,0.26611902544416394
3137106,-0.07683155249749181,-0.12848911970875795,-0.08273595611669686,0.532047393160947,0.1333882181240634,0.4552087700781436
3137205,0.7636386181844707,1.2770697797540693,0.9048034274710842,0.43523796362427225,0.4369037767859257,0.7719834976595384
3137304,0.07311056144931419,0.12226632648536061,0.04347193449613382,0.7271737003292275,0.2567865163407086,0.1685873865230848
3137403,-0.37404191370580525,-0.6255283755694916,-0.3469521537210834,0.48859836208427837,0.21860976997191586,0.2583652968255964
3137502,0.01755509801177739,0.029358239116772933,0.07930317348051055,0.45738433620703073,0.06993598162737874,0.6875475315383999
3137536,-0.016146642280296802,-0.027002810504385785,-0.019515311841432577,0.5932611079573955,0.14405018546742349,0.406138274647019
3137601,-0.14721540445597325,-0.24619543808820318,-0.11379967003428629,0.47970710928713695,0.3983982022953625,0.20259010603919633
3137700,-0.2877265227019484,-0.4811789742247136,-0.29114651323037183,0.573248569989813,0.2005525477186374,0.22135640852884927
3137809,-0.6171322172967446,-1.0320600426102455,-0.6090174487060245,0.4889156600327307,0.21916311345502718,0.11873626381389425
3137908,0.24487434971910124,0.4095152136316528,0.22966640257126278,0.7148346013208643,0.1136794122312339,0.4411599813719018
3138005,-0.3422807452042155,-0.57241263797166,-0.38293605028129085,0.6177347256622395,0.19613702751117143,0.12738872598395665
3138104,0.40671857819855967,0.6801751413735475,0.3820680700509224,0.7492708708881773,0.2724317023063141,0.3179479325585459
3138203,-0.059432374901741,-0.09939163384177187,-0.021178083623435665,0.46933607949200784,0.3707378957812451,0.30459807135999933
3138302,-0.3360475090459983,-0.5619884957947558,-0.31642630299150093,0.49357508214761187,0.08176203868909303,0.4105435180563071
3138351,0.4323942874088199,0.723113871193332,0.4380527387473139,0.6684875976302895,0.4080867003108631,0.2957479646607066
3138401,0.14959113398846502,0.25016848544144976,0.1204464898396357,0.68966355157406,0.15147531190739952,0.37121768786855625
3138500,-0.2729966367406545,-0.456545473806525,-0.28262451860316834,0.576513799217048,0.2873568748679371,0.12819630320674968
3138609,0.4789868899094034,0.8010329329021982,0.47991194075385046,0.6946686467813623,0.44505130339279475,0.24861723326836305
3138625,0.4995029819131419,0.8353429854227471,0.4694382715073728,0.7201575969540434,0.3366968590588459,0.34019781362194773
3138658,0.4766574539648079,0.7971373045540819,0.43164123211379235,0.832514554534414,0.1325528214712803,0.40433622310501266
3138674,-0.6905054562194134,-1.154765657333596,-0.6833667365552362,0.46692770767848774,0.22679618290929074,0.09077929334139935
3138682,1.0490141449852348,1.7543170698729342,1.0109235794800924,0.8792896791314929,0.3172976868259887,0.4837878673829959
3138708,-0.2528652163063744,-0.42287872614875766,-0.23963099330233956,0.4847982188033182,0.3989345109278431,0.13452522683308213
3138807,-0.11979553637881611,-0.2003398670729069,-0.06535335249244344,0.41702738707582676,0.2927282287270432,0.4141938336210489
3138906,0.6165717682791398,1.0311227766228637,0.6183935252846513,0.7064785087641997,0.5296596641928654,0.21869667830838102
3139003,-0.6546702164641102,-1.094836653414776,-0.6241986195359295,0.37678186211211107,0.2220999876681793,0.23293434991594372
3139102,-0.5507048340314125,-0.9209703181041913,-0.571236387991791,0.5492077155261162,0.18635534717287425,0.10333149002741437
3139201,1.3755839508459808,2.300455544425783,1.432970109014764,0.7101650841678668,0.7323301361693012,0.45281234962504985
3139250,-0.2783338484010449,-0.46547115089687496,-0.32218073383103263,0.7174691109928869,0.08133091127781755,0.16981543070368374
3139300,1.1441241933404909,1.9133742018894089,1.1716464335813699,0.7768772798753959,0.4032591504493524,0.5809435003950912
3139409,0.04859118084759317,0.08126138090103206,0.07649333791355847,0.5731779521478972,0.385725120089589,0.22191239358818157
3139508,0.6396275784491218,1.06968012261701,0.7437113335743993,0.521635915242332,0.5163535749644816,0.5043650767769358
3139607,0.14738403311578147,0.24647744394845378,0.17806669335417813,0.5812390039345303,0.46751619401870653,0.18036784352863566
3139706,-0.4330363262875624,-0.7241875838500053,-0.44631289489703924,0.5489132473377959,0.05827304625019938,0.3122366203188781
3139805,-0.19903429481721077,-0.33285467365444293,-0.14620420519117586,0.546437286925566,0.13120420636159977,0.38903155595118083
3139904,-0.5288655596776461,-0.8844474437696515,-0.49961355970358856,0.4434142285620822,0.2963572726707318,0.13945911898449137
3140001,0.2577574947627833,0.43106031993152866,0.24756454234528935,0.6957625189462218,0.31236816129553957,0.26265976891628356
3140100,-0.41201810372368874,-0.6890377941179411,-0.47013666178659186,0.6990261332071813,0.0973322314799837,0.09142608703698578
3140159,-0.028223332658427188,-0.047199243678528124,-0.024173692231266197,0.6197075823222672,0.2794973855913085,0.2243801807995949
3140209,0.20895331687490032,0.34944273378255125,0.23007436182014038,0.6275663051739809,0.39330352516282135,0.23446512987992074
3140308,0.29328045174017237,0.4904670782633456,0.2930817826241873,0.6680599138885032,0.2252659736778171,0.4087970563337257
3140407,-0.10710680395932544,-0.17911988640346047,-0.11687492443178978,0.6343998978490587,0.24568370437935658,0.19467659014164398
3140506,-0.5309475560085463,-0.8879292668891693,-0.5097624899481016,0.4869334857752569,0.10609811889063044,0.28651613015244604
3140530,0.8952967931618373,1.4972481108616664,0.9654388495574288,0.6634567407550654,0.40772671958389567,0.5812179569422763
3140555,-0.5329636473494048,-0.8913008739076247,-0.5783657682786123,0.6417522169620634,0.08744290625387029,0.1037702560411931
3140605,0.15615036295311413,0.26113780114886653,0.11293651740293471,0.7623828638642044,0.11298380197318321,0.3250868138558893
3140704,0.01368897367287819,0.022892732474746148,0.019638121587190912,0.5946282043035167,0.26264950499941625,0.29474133020497734
3140803,0.45772576757254596,0.765476930136639,0.44001513090017974,0.6814125647947998,0.3850617828296749,0.3142193915196795
3140852,0.9032486656689306,1.5105464116932947,0.9279907217522513,0.7510007442892462,0.45629168658785674,0.42588112806153183
3140902,-0.4566691835658861,-0.7637099536211179,-0.4992718010971032,0.6492949201088324,0.15347637029103992,0.0694162838700551
3141009,0.6993490142538991,1.1695551669817512,0.6839623300515956,0.7389428665794912,0.3583644482752655,0.4123992190126215
3141108,-0.019468188921573207,-0.03255759353474457,-0.026829756579997113,0.6150248210266743,0.2384113849281971,0.276489034071244
3141207,-0.19731557368556235,-0.3299803732133897,-0.13993135419472194,0.4396771500615779,0.18363953373297326,0.4631180497791861
3141306,-0.9960859407113425,-1.6658026750201194,-1.0013218738537095,0.3986516296646197,0.06655930565158646,0.16276435802616795
3141405,0.13136447859190417,0.21968716844326155,0.10100698815282855,0.6986312451603495,0.244351428568917,0.25302160315886185
3141504,-0.10465845413080666,-0.17502539261829664,-0.10850752816596744,0.6316566343048128,0.23046114238078622,0.22317837818768735
3141603,0.4082905753185736,0.6828040681564846,0.41654058433599966,0.6720709457876696,0.4084399244377854,0.278542382464265
3141702,0.8096765280912515,1.3540612022213752,0.8554309903788305,0.6477655155730982,0.410854832808549,0.5401998681650596
3141801,1.1064732301705307,1.8504086759220275,1.1402832412768478,0.7602135707052041,0.4885677389796945,0.4888578945519126
3141900,0.03192650440776768,0.053392236826996085,0.04715115992195554,0.5205936739570003,0.4447625689518062,0.2049737155022203
3142007,1.149420577000183,1.9222316003403375,1.148427424720664,0.8281319347563287,0.39874000799110254,0.521653174188038
3142106,0.14358782183973132,0.2401288563014182,0.153951255429555,0.6520766015103212,0.23563515766129436,0.3368824802652128
3142205,-0.6113848401724042,-1.0224484259848383,-0.6329660652739241,0.587636481116332,0.0817153674451432,0.14371101170723863
3142254,0.6304448942653,1.0543234759140645,0.595573373358222,0.8035077280758606,0.2940011929123967,0.36164775811939887
3142304,-0.28244693747303534,-0.47234966860170746,-0.2814847891965105,0.5617956301869516,0.2061482472142093,0.22415931257230315
3142403,-0.3774132090700334,-0.6311663557943743,-0.3434474841637711,0.4789974067247857,0.08964852654051651,0.40510197273149995
3142502,-0.5808401920598857,-0.9713671342470537,-0.6165302969950045,0.6088796646145127,0.0819465889132129,0.12641754365105792
3142601,-0.14186170109840368,-0.23724218113535955,-0.13252582884733213,0.5125351181088466,0.3147263129550724,0.2577245574399443
3142700,0.19126216228533832,0.3198569606730129,0.1737736940528452,0.6940010838644289,0.23111593780123885,0.313993940022985
3142809,0.00971144142484235,0.01624091300018839,-0.006114659884180535,0.6030617525137285,0.3072835982200251,0.2362185688236238
3142908,0.1074521463648777,0.17969741920405022,0.05093590900019765,0.7467313580298502,0.22293526227473048,0.19898207444207935
3143005,-0.10683411576492652,-0.17866385675269383,-0.07391999773381369,0.5275110566821116,0.19688914738543895,0.39220344924834455
3143104,0.9054511004459604,1.514229649848944,0.9357027992146479,0.6643973966544169,0.4678295079913301,0.5140938626703987
3143153,1.2473532635627114,2.08600916669296,1.2679802541620024,0.6577183546970918,0.573183912309969,0.5999314350684132
3143203,-0.7704189568138352,-1.288408867843468,-0.7571616922734211,0.4130271161316856,0.23864410800567457,0.10490603556029567
3143302,0.012677950090823262,0.021201948859937977,-0.011892743226411841,0.6756795967899981,0.21360525020680898,0.24533439179787755
3143401,-0.4142345214551993,-0.6927444166443826,-0.34944323899487273,0.27338043125259165,0.3503522602702052,0.36302318671614975
3143450,0.49168186406650505,0.822263351931212,0.48365324492278866,0.7376601086469182,0.3010577786792317,0.3626210324816244
3143500,0.5250237844373112,0.8780226573023259,0.5392139216010159,0.5593298439290669,0.44813862957134337,0.4366580603309828
3143609,-0.5713581657716685,-0.9555098832710552,-0.6133322258220983,0.6364311546881349,0.09065040806903817,0.08842815895540009
3143708,-0.1269930603547659,-0.2123766343864746,-0.19317035463844814,0.6935250683131917,0.22101533791313255,0.12038831801184026
3143807,-0.784644422755849,-1.312198802276928,-0.7708728162765063,0.48174539380669806,0.03590703319480304,0.21995420209195174
3143906,-0.4346526633031335,-0.7268906623839213,-0.47110643365881205,0.6542113888544506,0.10843058666557819,0.12686162526322106
3144003,0.31152687362366066,0.5209814517132453,0.3561899800970034,0.570816475309412,0.3690302127365473,0.39960652268720026
3144102,-0.48175158580813837,-0.8056564675145237,-0.48171233829962623,0.5081844219805898,0.19418078023236218,0.19459683275105433
3144201,-0.003042060554813916,-0.0050873849360459815,-0.027780806145355004,0.7252289347669292,0.18455538110597244,0.20508762871137678
3144300,0.30061116875469257,0.5027265907346115,0.3399190781206111,0.5965529692495006,0.36265734153087265,0.36365290140694717
3144359,1.2919849086937658,2.16064882458911,1.3378182079495202,0.7227011392640517,0.49092908388750306,0.6400605590597337
3144375,0.956683996722002,1.599908899176277,0.9530426307961728,0.7652467815214458,0.20136610808863317,0.6932905338691251
3144409,-0.881658274998422,-1.4744397575746966,-0.8470680232179597,0.3209783721793978,0.23854809117402279,0.15270385623682997
3144508,0.1002234484325187,0.1676085181760559,0.08913449927151809,0.6287199652278566,0.3426390550889167,0.2208281826050881
3144607,0.1857961780924634,0.31071593105100426,0.2093569111143392,0.5067322363421444,0.42037548159417276,0.34676191178155197
3144656,0.19038240268999984,0.31838569616922635,0.16203987422237334,0.6232178830124817,0.2558740513359773,0.3609340387907521
3144672,-0.28733898600253543,-0.48053087786659265,-0.30539917237901737,0.6551421968307403,0.14242840150706057,0.17617823139321173
3144706,0.02521575893243019,0.042169532733599115,-0.0038162494662209077,0.6954815617516347,0.20001124035004433,0.24368716221500955
3144805,0.2943936398847884,0.49232871661533145,0.34636334907180544,0.5693888589629478,0.24826989576397307,0.5184888356870274
3144904,-0.3659880971312284,-0.6120595887452638,-0.43391333159894274,0.6877892371131864,0.1929369861107191,0.024365445728732737
3145000,0.09415257787893397,0.15745590784944058,0.07075116045727958,0.6271712853306165,0.27625162192963715,0.2841367994819275
3145059,-0.056644936327344166,-0.09473006555342865,-0.1384777842379272,0.8016266015493682,0.15718985541952646,0.10357428452362005
3145109,-0.03844947879376369,-0.06430092224978178,0.00284843701266535,0.5093515821503354,0.4699854879763452,0.16315225111346066
3145208,-0.2866611765397205,-0.4793973443328247,-0.20081496147937936,0.37248463521200437,0.1800197495201833,0.49882036999980667
3145307,0.23761782147256488,0.39737977062378654,0.19323753123928222,0.7550920444106958,0.3298876111784668,0.14611059861697887
3145356,1.2068718428737202,2.018310129776347,1.2342938545140578,0.735893143090561,0.7324894484257061,0.3124978796268559
3145372,-0.054963918109503,-0.09191881751790512,-0.10403673546841591,0.6743523099821517,0.25870014554661896,0.15378563775086052
3145406,-0.23542063006984568,-0.3937053012164909,-0.2831242103931165,0.6781824087845417,0.19669351122344111,0.11310024959001679
3145455,0.47465954714489583,0.7937961083891468,0.3875092376444856,0.8300879230413495,0.2424649379501932,0.27628273723511737
3145505,-0.6819782841422191,-1.140505255217687,-0.6831121734642074,0.5054022083433724,0.16438562479636604,0.11614856939391142
3145604,-0.6232325661291538,-1.042261950887684,-0.6285432997267199,0.4778225176325323,0.17597667652381735,0.16296378399990194
3145703,0.221966471542033,0.3712052614611164,0.19635679353755775,0.7710129313593325,0.1696459539082321,0.29904925046145353
3145802,-0.36394833220050393,-0.6086483912379619,-0.322507979824819,0.4814500378205609,0.05647872267900231,0.44838938163723857
3145851,0.002419505619204014,0.0040462562194363665,-0.07086612335080826,0.775843886364846,0.23771867811299605,0.08036428883538986
3145877,-0.3401733645230862,-0.5688883633760323,-0.40354142277636057,0.719888403814891,0.12362577778143487,0.07831015959644744
3145901,0.7134238072166066,1.1930931237075424,0.7663859858952549,0.6031339689571894,0.44954741191666353,0.5030734516913683
3146008,-0.9473056996100359,-1.5842251195165717,-0.9190300816678627,0.32743439110053635,0.10802435110057852,0.24103831994021344
3146107,0.5724273293406837,0.9572978971968699,0.6142253461260255,0.6643227949637219,0.32768079275018497,0.47533328460242563
3146206,0.6896641152248166,1.1533586421132003,0.699930378302639,0.6750172618701261,0.670283269511665,0.15151318270648387
3146255,-0.029896945229785275,-0.04999810689340761,-0.09080776262375156,0.7455274153586718,0.06786104135833955,0.27625689702866946
3146305,0.816028601330885,1.3646840813947814,0.8324481878952653,0.6970363167323811,0.6477726316794398,0.2240003443293392
3146404,0.5077809325401221,0.8491866024587035,0.5459364784097028,0.5936217954928912,0.3278381139701775,0.518162254197494
3146503,-0.07048397096941822,-0.11787375224174791,-0.029165703084251385,0.43588153515600697,0.38923842516896695,0.3167324447666268
3146552,0.3219440591198386,0.5384026146435458,0.2563981416719467,0.8558303055004504,0.23067408281470628,0.1788799917380529
3146602,0.217551330991743,0.36382160846626477,0.253253316727273,0.6893903192753085,0.14975920448009297,0.43281829435418673
3146701,-0.27322685076622794,-0.4569304718513258,-0.3160084544859962,0.6768720366556836,0.13926370940075913,0.15859329914370351
3146750,0.04427487291651777,0.07404301047341492,0.0030613649163049685,0.7095773310411831,0.23811094309775557,0.18881789463890505
3146909,-0.22114752523499304,-0.3698356979594058,-0.240428898016043,0.6366538834023535,0.10258710154487827,0.2771202762626462
3147006,0.15682915036630732,0.2622729701563316,0.20901486689200566,0.4948335967193071,0.24011066538846362,0.5346437363996627
3147105,-0.1243786101208576,-0.2080043628631548,-0.06650223653193159,0.499703382550495,0.1029860395878857,0.51842393270867
3147204,-0.41846829376319444,-0.6998247587592887,-0.393328038312551,0.4580288692759769,0.23182525036318435,0.25677060236340754
3147303,-0.3012186673692252,-0.5037425400375769,-0.21862308205341952,0.3342660515083415,0.26945746784850316,0.4447099203226789
3147402,-0.33089451648588775,-0.5533708972119861,-0.361197246045094,0.6219261809772797,0.1688588268020942,0.1577394994229577
3147501,-0.061093854484210806,-0.1021702064727569,-0.09123460009673338,0.6449113668260763,0.34150878673169993,0.09679092725732043
3147600,0.19005914866884405,0.31784510284173917,0.2621150450302291,0.48597705734197644,0.3115005191624884,0.5034735182985312
3147709,-0.35809424261136774,-0.5988583141985988,-0.38659849336645774,0.6034008770267021,0.10737925835117791,0.22930454185986962
3147808,-0.811639960514669,-1.357344745186367,-0.8286522561767035,0.4996598046102287,0.09486417641357876,0.11207415997824755
3147907,-0.5803312144683773,-0.9705159464139492,-0.6104927436066112,0.6087777678638734,0.09817765605758792,0.10704202972712092
3147956,-0.1312195731279596,-0.21944483603036574,-0.20983234411811486,0.7809133426208121,0.12219670782350284,0.1205702991507512
3148004,0.007930465938982348,0.013262501592863256,0.05094452856563541,0.4793820709726049,0.09561155203197473,0.6216810640437588
3148103,-0.4702200732249294,-0.786371761523774,-0.4928487719932267,0.5358355398872341,0.1366473346372347,0.22010590413742034
3148202,-0.46755869405329964,-0.7819210084690951,-0.48651397561154436,0.600393269183154,0.15898593240111905,0.1259511040838491
3148301,-0.14466297642629405,-0.24192688929551615,-0.20975412840299834,0.7324342287605993,0.157915218333421,0.13774103103213722
3148400,0.5802781420368249,0.9704271908208462,0.5650852349266293,0.7105441491377603,0.32133577108207356,0.41627163045131904
3148509,0.48029995154386285,0.8032288293542521,0.5304434317929138,0.6235920596622543,0.4736808087804986,0.31219032549015063
3148608,0.7306432044441897,1.2218899541732526,0.7518672857536419,0.6661233600287301,0.3942890603266691,0.4855335596214923
3148707,-0.30783665977236846,-0.5148101286841409,-0.36021429117958825,0.6805698107572639,0.11283456093296523,0.15956670685323923
3148756,0.09990155171209109,0.16707019472819598,0.12191905044791945,0.6164333689006863,0.31991867030097454,0.2659987966175727
3148806,0.06683309709321265,0.11176821935489589,-0.005399862030051914,0.7795603164595509,0.24459698601650004,0.10938434241782828
3148905,-0.012191210013578672,-0.02038794989702241,0.015351206008917052,0.4725536502807632,0.2815087436602814,0.41455468142951135
3149002,0.13582387123852996,0.22714482635820948,0.17032198333201454,0.6669459175324041,0.25153991189235864,0.3080072198509064
3149101,-0.1641352410974426,-0.2744912989033202,-0.0933411288673379,0.37100835336448634,0.4428100651675555,0.2943117181386721
3149150,0.6560420353065519,1.0971308123863914,0.6010709329629892,0.8746883465694832,0.29774677066486066,0.2755936066951741
3149200,-0.39794335172843087,-0.6654999059039967,-0.39276388213297725,0.5107008624536861,0.17708987059924872,0.25702495582875035
3149309,-0.14574214146236478,-0.2437316291582141,-0.14069674137444893,0.5607870336299627,0.23508526536213825,0.2768988817990463
3149408,-0.006968122169464966,-0.011653127582015903,-0.055322965332048266,0.6950528136720946,0.33978055694910614,0.06775924396367954
3149507,-0.33809147508065895,-0.5654067190112751,-0.3380725709518663,0.5784830268333673,0.15434889055924053,0.2338741411621368
3149606,-0.16126181770051173,-0.26968593403926583,-0.15014032884833395,0.5902937006072803,0.19751820632271722,0.27600923555173823
3149705,-0.5803284224713584,-0.9705112772223538,-0.5199009899984834,0.3405719926280131,0.0744414657436251,0.4725682386782964
3149804,-0.8731110364721916,-1.4601457973659402,-0.8421394169549512,0.37357387586847235,0.13037208983499807,0.20563825593775165
3149903,-0.36113374691967315,-0.6039414242000255,-0.3726507825787977,0.5759670521920689,0.220939423522764,0.15045400566339473
3149952,0.8546292886065964,1.4292378768991887,0.9164411746026553,0.6532349642313388,0.4391012539970191,0.538134891456827
3150000,0.5925633263769835,0.990972298527453,0.6600320933737273,0.6368108385205221,0.4995639727958334,0.34457199060574606
3150109,-0.04332932445830656,-0.07246172407364421,-0.06437462372625698,0.6700361923970243,0.19408512366791317,0.2448101395877795
3150158,-0.1356499845146957,-0.22685402718328387,-0.1702926038955791,0.6372455977487519,0.14392640725738068,0.2790896849415931
3150208,-0.39805999396380237,-0.6656949723533467,-0.46983763255298366,0.71363847801856,0.1304273691697627,0.044271388243860475
3150307,0.1652723249906379,0.2763928992709096,0.18471595139980485,0.5707579057481428,0.337395652094842,0.34208638845327627
3150406,-0.563394393376499,-0.9421916816812899,-0.6040590515599349,0.5790862142499146,0.0745975600673466,0.17361927455126824
3150505,-0.6892375251739415,-1.1526452349473713,-0.7104987285450642,0.5312141182050066,0.13081908858277833,0.10697962455957045
3150539,-0.06415169795028985,-0.10728398593434595,-0.13560544225726298,0.7582215904986946,0.20719316477867974,0.0949320800164057
3150570,0.6719727898814054,1.1237725834437446,0.6229440633914886,0.8001778801066589,0.34977372660084277,0.3246857952600016
3150604,-0.2405276745796577,-0.40224605865336055,-0.2861938438584236,0.6675533094546622,0.16223074000566282,0.1597831067540786
3150703,-0.7287300015929481,-1.2186904125501887,-0.7675704008512474,0.5722307948704378,0.09117440729002747,0.07529752234182853
3150802,0.4453017115013917,0.7446995805204514,0.4563924204594052,0.6618760465890793,0.2135886267466743,0.518126899842033
3150901,-0.3082796809378839,-0.5155510143973546,-0.24061541644139883,0.3805353217067793,0.36275969923010337,0.2816754505926082
3151008,0.5476126596416192,0.9157991253791263,0.6241082880487282,0.47509465248901933,0.5279479776122756,0.4826389886661497
3151107,0.03158020643112371,0.05281310597867228,-0.007864062463754743,0.7285190389832042,0.21805974474277012,0.18596420962619856
3151206,-0.21409135022948161,-0.35803531536270244,-0.2276791501615838,0.610683129021838,0.24299293520955767,0.16821836119505088
3151305,0.41294898800005164,0.6905945568974582,0.4521607081097802,0.6174086275113734,0.2649025672131287,0.5063309956555723
3151404,-0.5161353351807955,-0.8631580738932766,-0.47090836803710506,0.4515106817069805,0.11395941956145221,0.33876340787276255
3151503,-0.44315954595681856,-0.7411171335159914,-0.4499256294003944,0.5148460929103049,0.16263334032253426,0.23679890659246605
3151602,-0.06483091384074427,-0.10841987150504995,-0.08890052426079095,0.6172288770550844,0.26517804907914333,0.22050074604055114
3151701,0.23315294638589132,0.3899129441592949,0.28534285006128696,0.4988409911251411,0.3027180659440491,0.5126256467307823
3151800,-0.40526393862516547,-0.677742477289543,-0.3767893427204596,0.4598222415794096,0.1826617296791145,0.31446255343072504
3151909,-0.03368136478689558,-0.05632697467878244,-0.025814888688168374,0.5845265849632447,0.29103149788862376,0.25254930754216764
3152006,-0.008392450422149688,-0.01403510057897894,-0.036457754894911244,0.6418231491505696,0.14736229361940176,0.3411354413450425
3152105,0.19414045912985534,0.3246704756390753,0.1650610508637645,0.7095898290717336,0.2677273162916142,0.25174882885103284
3152131,0.5457417602827493,0.9126703299315436,0.5208403857150615,0.737703739505843,0.37913485153050974,0.30572977509052857
3152170,0.43584784059822423,0.7288894151560604,0.44781925861419225,0.6392297622922839,0.33846633518251884,0.40581288623574724
3152204,0.6371446580515268,1.0655278147978453,0.6239122738485439,0.7727562359863119,0.2834748396714983,0.41412807297745474
3152303,0.5380773551173429,0.8998527746331981,0.5295882129004537,0.7053341970315561,0.10910358878475052,0.6242553311348468
3152402,0.9818205823858073,1.6419460266250758,1.0250062467709382,0.6448091707529214,0.7208842693697132,0.31191758864213653
3152501,-0.20668836020833836,-0.3456549372483793,-0.16063127130747235,0.45790568202615584,0.2823521683139268,0.33058269382111183
3152600,-0.930282610928328,-1.5557565853227824,-0.8945742236645634,0.35427706536256837,0.13599206144873494,0.19345172983575565
3152709,0.3077110688458456,0.5146000969059487,0.34792434744996076,0.5105057651723296,0.4139273108230157,0.4187986230666286
3152808,0.15888782545785637,0.2657157920398035,0.14696610983899355,0.6236838406652851,0.3286689966668985,0.2748192367885029
3152907,-0.7157750065085842,-1.1970251479536473,-0.7300944038123109,0.5050869427006717,0.17323344078980507,0.08547480460067343
3153004,-0.9183686229218159,-1.5358322471906405,-0.9070827645819883,0.424816006749289,0.11472989836291105,0.13251062921063758
3153103,0.18958822741121836,0.3170575584556428,0.21270350565803658,0.6404241483267344,0.11811679621978495,0.5028475550391033
3153202,-0.226214243495256,-0.378309015859558,-0.30993761091291644,0.775549615971328,0.1357560604162156,0.0567286871666697
3153301,0.02112981936018469,0.03533641844974883,-0.03660036768089868,0.7858187482496547,0.10647450334809523,0.21949580463946994
3153400,0.28886007775130035,0.4830746731361396,0.2961524597664618,0.5951469001506804,0.18018803581163037,0.5420003174637457
3153509,-0.2626793105666218,-0.4392913104484064,-0.21025159916422542,0.42564119756789465,0.39318998745516254,0.22732286963567305
3153608,-0.18745711449455976,-0.3134935952951901,-0.1886746546969298,0.541902673487582,0.24108866818606065,0.2658344060050812
3153707,-0.20311765661186226,-0.33968347699619855,-0.18588732492352295,0.51261535959439,0.43176292369387975,0.09771025718329092
3153806,-0.20829152231124062,-0.3483359827388902,-0.26326165131577484,0.6806470782404465,0.20800232328410276,0.10867642992810674
3153905,0.8546294470970435,1.4292381419504256,0.873366854863729,0.7389589821095228,0.3280316813131532,0.5399033247889194
3154002,0.3405522380951177,0.5695219719674094,0.3467100747633957,0.6515525444346455,0.34806498817605097,0.32946852347549194
3154101,-0.029935187748091886,-0.050062061705629095,-0.05427008648501394,0.6612100807926694,0.17289250747441212,0.2855551402740449
3154150,0.7703620259013714,1.2883136595261961,0.822120480590891,0.6204538201025431,0.5979219442169018,0.35645282407342366
3154200,0.8569809485709846,1.4331706715500379,0.9439853450640361,0.5358552416533245,0.4783576805256535,0.6401985134874238
3154309,-0.5918174501927654,-0.9897249337247561,-0.5631486987206645,0.4911480090367568,0.1527131465710735,0.204630959775049
3154408,0.11544075845627454,0.1930571614187065,0.09475951366694173,0.6675924975480573,0.2644324679479517,0.2621293485923422
3154457,0.8222981611630061,1.3751689694076448,0.8226434031046909,0.7587700205921263,0.2905046518237445,0.5326210958384653
3154507,0.6249383791846296,1.0451146645289056,0.5998831013108634,0.8326501477789708,0.18517687775106673,0.4343340547216361
3154606,0.38630348024569766,0.646033986086897,0.3778207681508355,0.6858926717679751,0.37892516184127967,0.272648939004772
3154705,-0.39641990459698756,-0.6629521716141243,-0.4052242589037546,0.560633092772485,0.21542213246802963,0.15350736168330623
3154804,-0.008676096462550584,-0.014509455565378257,0.024665557915121743,0.5862550577539897,0.17858262696761662,0.39620059634487087
3154903,-0.0289051558257172,-0.04833948952433465,-0.04038864537728264,0.6721684761460627,0.13311600614407873,0.3185752426870904
3155009,1.0006502187642985,1.673435737870821,1.0818183641482577,0.5862317369494595,0.5980170231189771,0.5373633140161033
3155108,-0.2940571288260786,-0.4917659529030231,-0.3811368823827783,0.7855989283293581,0.08074227862866536,0.06343443108144674
3155207,-0.6557238987540591,-1.096598777249156,-0.6772271710803902,0.5492748436149445,0.09210775818369486,0.14818224824757867
3155306,0.563922148441956,0.9430742719918872,0.5763649019897596,0.6395422679323105,0.5892793064805403,0.20665904530291965
3155405,-0.46693801853698724,-0.780883022796238,-0.49244849464334667,0.5747350334205986,0.18233724391828376,0.12726309964976437
3155504,0.3568504917567404,0.5967783295145292,0.38279545070607957,0.5494287068244667,0.22385215099125752,0.5954288403629121
3155603,0.19765186773468305,0.33054277401007076,0.15762215606759764,0.7564862220797955,0.2720610148575583,0.18779632250059577
3155702,0.45896596865844475,0.7675509783708483,0.4709013816011617,0.6971298666970656,0.23178989442608836,0.4659830848790331
3155801,0.3736889654869857,0.6249381231996679,0.4383871937885152,0.5789095797230339,0.4160774752308322,0.3791763283373592
3155900,0.3852373183228379,0.644250991959065,0.38233175827870375,0.6441517233083498,0.48258002104203496,0.2163281019439286
3156007,0.16809525045549473,0.2811138140018039,0.12947457780438718,0.7114313962479478,0.32230497050136503,0.16950759952680472
3156106,0.20078709248145013,0.33578596192839855,0.24733558266376385,0.5103936669051942,0.34341644030974555,0.43304232779302004
3156205,-0.452267765729725,-0.7563492497845369,-0.4843400023834954,0.6026904019893858,0.15256370535222008,0.1330771096982722
3156304,-0.11077172965178961,-0.18524891882198544,-0.11120401663357875,0.6674063109184339,0.14560118954669374,0.26196847943569074
3156403,0.2304821836461576,0.3854464985100216,0.20430382972967592,0.6688822732055373,0.43727783196596964,0.1402195864912357
3156452,-0.29037404439178305,-0.4856065527426383,-0.3409254365156429,0.6751366261575158,0.15426008063307634,0.13303262865826448
3156502,0.31150471909548766,0.5209444016247077,0.28535218364741716,0.7543239596582358,0.1600483568050746,0.3804957886906692
3156601,-0.23588968341281474,-0.39448972179860153,-0.25516685263258404,0.554252805985476,0.1828075480885223,0.28558240676445834
3156700,0.906298949029167,1.5156475480243854,1.0018919848441568,0.6056835006349595,0.35705797941906253,0.7176987128989061
3156809,0.6577565548248036,1.0999980862662317,0.6450322033076564,0.7413370464990029,0.3242914833380905,0.4187462624710483
3156908,-0.5584007979412837,-0.9338406506166315,-0.551093867112545,0.42522033350022675,0.15664406547661633,0.2902527560178341
3157005,0.026511372222919476,0.044336249476481154,0.013535711742027402,0.6451920468625086,0.18357030844606903,0.32444283362153464
3157104,0.11013081127784455,0.18417708003965658,0.091741988980245,0.643168413353573,0.23220432224381557,0.322550312982051
3157203,0.35263841516314154,0.5897342701917002,0.35790346338469103,0.7113920663553545,0.22338474364684902,0.3952861203308133
3157252,0.4277374007296643,0.7153259344598178,0.46198812358949126,0.6302153969228854,0.39727795801633076,0.35894342708977806
3157278,0.48220683974255835,0.8064178106785772,0.47357382524226005,0.6617455355954043,0.5822117778838637,0.14258905751106296
3157302,0.49365904981952796,0.825569895254216,0.5287623428023397,0.7091731564028031,0.06273562778755966,0.6594043084974172
3157336,0.44960449297333965,0.751895329996525,0.512992018855243,0.5236806645374057,0.5538240040547953,0.3417285220152315
3157377,0.2600809122870952,0.43494588338444057,0.16493438878260352,0.8503540087755258,0.2758121340360014,0.09440509562571074
3157401,0.41479560406098914,0.6936827422119182,0.37789590883195806,0.7832681192736017,0.3619103745824117,0.18245750757435575
3157500,-0.5752242764624269,-0.9619753670886363,-0.633792853233327,0.6672433439711596,0.06798413367784394,0.07073723469361623
3157609,0.9200853787872917,1.5387032610220617,0.9317920264854913,0.8068929442555817,0.40901923593383444,0.4109232158385021
3157658,-0.46705503077681665,-0.7810787080219312,-0.5116021208787433,0.6325443712833064,0.15820165000617728,0.07900447601403081
3157708,-0.45525818229357323,-0.7613502679777315,-0.48620528789887374,0.5453839008616727,0.19084753394564444,0.15476219274179495
3157807,0.30557863374468636,0.511033922592434,0.32867429750659066,0.6148887111048472,0.41042871410470266,0.28447485235420517
3157906,-0.14446836695958365,-0.24160143447582566,-0.14608213648328577,0.6275939885486598,0.1717336705954153,0.2687303729962414
3158003,0.09053477864078398,0.15140568727882173,0.06846982831255828,0.671217063862238,0.2836726545497206,0.221899178575935
3158102,0.019015128755910483,0.03179991911624331,-0.03404082866856934,0.6706348294336268,0.2676737891614408,0.1900564331692153
3158201,0.12322194812635266,0.20607002109023087,0.07976000281497414,0.7222600676586136,0.19294866202425698,0.2658096289896304
3158300,0.11587850739029096,0.1937892301242953,0.1167947289166097,0.613542256314627,0.2677182215692886,0.32791638583000443
3158409,-0.012595875261352123,-0.021064691154656565,0.01902153886919372,0.5443196199509769,0.17169070992363153,0.4488372607202322
3158508,-0.03593983393022181,-0.060103921814203834,-0.0901135027327988,0.7078935596428902,0.26794075393954747,0.11387546387605994
3158607,0.10906630969856002,0.18239686258465568,0.08352450205632123,0.7096623985411245,0.16861735606693318,0.30581010472836717
3158706,-0.7400321699551247,-1.237591575112323,-0.7681507456935825,0.5513901325428155,0.07234551175963445,0.1173590225558427
3158805,-0.3540482128455708,-0.5920919430135358,-0.4101759630908022,0.6447382893880905,0.1654031223181683,0.11920711391939282
3158904,0.10894216221136509,0.18218924473983533,0.09735475911450871,0.6670548742764816,0.34906732671364676,0.1701238986534032
3158953,1.0443139630794331,1.7464567284387664,1.1030918915227348,0.6766794051535913,0.444491262215238,0.6069522635395518
3159001,-0.006988177866323871,-0.01168666769347767,-0.02746668628744646,0.6498608835333064,0.2245305549120209,0.24719835504381613
3159100,-0.25045766937822356,-0.41885246902651974,-0.23522478090590612,0.5000412333751054,0.13839840356947697,0.39859105664263944
3159209,-0.6868239595744986,-1.1486089125101553,-0.6917241121582774,0.4851018020393825,0.08469470995538408,0.21734336991271844
3159308,0.35221858090933306,0.589032161071919,0.38936031999261345,0.5693678299668744,0.3640493610434239,0.42303526230838107
3159357,-0.18441797079457822,-0.3084110883564973,-0.16580588186298828,0.6343963643610601,0.11693159857451822,0.29998206857590043
3159407,-0.12873461148051762,-0.21528911453039645,-0.16164849116002453,0.6773562447666888,0.16530771027445698,0.21834531135655474
3159506,-0.6688906765506634,-1.1186182163141383,-0.6945449108064732,0.5629843764709471,0.10534838042070493,0.10819403930592913
3159605,-1.2729261122865208,-2.128775877948401,-1.225662753611224,0.2554974090506885,0.07182765505824658,0.18733541712967447
3159704,-0.5272593261871128,-0.881761261849117,-0.5846568246646462,0.6209469903997952,0.10299301545798112,0.11223118952695854
3159803,0.2759718169779288,0.4615210115541809,0.2500063439958403,0.6972304724109618,0.32332556472394075,0.2540498285691255
3159902,-0.04419718422262778,-0.0739130879147162,-0.09991762866789429,0.7132582359213698,0.2217070425939075,0.14999153370479776
3160009,-0.5665225111731409,-0.9474229843033335,-0.5526329235349693,0.556540040468217,0.04659315993401127,0.24723551767966748
3160108,-0.6140289450793088,-1.0268702904514826,-0.664226717042268,0.6408393463323897,0.06373488799293174,0.08611160908952241
3160207,1.816263724600298,3.037425635001466,1.8997307393456042,0.7543597032390545,0.6650944776046223,0.7269341465017211
3160306,1.1196075860842154,1.8723738943047483,1.1889926556132153,0.5809551691572251,0.7348514636757385,0.4538614381760937
3160405,-0.2776376890532152,-0.4643069299632607,-0.18789275003014072,0.36368401025076347,0.09799407217474963,0.6053284958962353
3160454,0.013996364325062731,0.023406796723378663,-0.059851455012631526,0.8259262430198212,0.08125259131084255,0.1948877582666313
3160504,-0.4927278814210631,-0.8240126573235718,-0.5646604978330498,0.682139874112882,0.09889845303583951,0.050850729034967714
3160603,-0.272408390792633,-0.45556172166854764,-0.3228768222868946,0.7157886033302548,0.11907955576459467,0.1260662994064916
3160702,0.3936083132865608,0.6582502115376401,0.3648492796808982,0.7227989380087273,0.26209925088490055,0.355338404885528
3160801,0.4914143634132972,0.821815997656374,0.5885579530396976,0.424586853041834,0.6303237007191966,0.41027734515909337
3160900,0.8315029501309964,1.3905625830098243,0.8941179475301527,0.5776743848341589,0.42614428122594417,0.6290279253762786
3160959,-0.3130997953770971,-0.5236119248053566,-0.34983802540591213,0.6304448570436346,0.17764805320334523,0.14614447873073044
3161007,0.08396108203955016,0.14041217664329783,0.04670164898297366,0.6888896965989194,0.22610185031513494,0.25345318671780076
3161056,0.03765895140156677,0.06297888507329316,0.017625860027103757,0.6385280703486625,0.4042369977735947,0.10658120434407835
3161106,0.581208919105989,0.9719837743125815,0.5473705673467593,0.8058510850153446,0.22438389871904288,0.40235470061904355
3161205,-0.3646596989782519,-0.6098380442918407,-0.39598465604260036,0.6265937042326751,0.12686557906822848,0.18015863289908007
3161304,0.2891650924495752,0.48358476396218214,0.2596558166775653,0.7003674373060506,0.30738960009555466,0.27495451574221363
3161403,0.12202854815591184,0.20407424062402976,0.07783434273273658,0.7333469873037187,0.3073897367360439,0.13823536051814786
3161502,-0.3079314577859781,-0.5149686639853667,-0.35335768147819596,0.6701869470327777,0.15458794188195224,0.12572425879924892
3161601,-0.1521793581439528,-0.2544968978259113,-0.2228018544781383,0.7360013000088279,0.11664662069497321,0.16831676702792933
3161650,-0.7210796178022109,-1.2058963058745742,-0.789728046740445,0.6622725722584799,0.028984814820121007,0.02841885192381344
3161700,0.10253705377116192,0.17147767223649812,0.14472598605021536,0.5487024418446356,0.05814095884655207,0.6355537061534635
3161809,-0.27293648260662456,-0.45644487513999926,-0.2933327231540235,0.5120000881522817,0.1606142909612868,0.33138509048658155
3161908,0.0680474221033806,0.11379899377666619,0.09315519564709301,0.6162375369737798,0.20916099532767327,0.3626461806502912
3162005,-0.32297046498596793,-0.5401191227956771,-0.28834396495440245,0.48236521205142385,0.2865479101311968,0.22822074989992117
3162104,-0.48107779806176193,-0.8045296596915882,-0.45337716981452686,0.35583740601772657,0.18851706320704495,0.39026157435251735
3162203,-0.5612692246587936,-0.9386376592921227,-0.5695528322212967,0.5625807250545084,0.10550961177684254,0.16900575954621366
3162252,1.2068725286775281,2.018311276679211,1.2565733713643226,0.7330078301563532,0.4924230074126091,0.5844398416491836
3162302,-0.8582646173601158,-1.4353174129258344,-0.8553503030841391,0.44327038263916424,0.11703755134001505,0.1364744770934561
3162401,0.02478640582142875,0.04145150476873933,-0.04791785269013056,0.809763340587804,0.14602669885926858,0.15253245278971153
3162450,1.6301555015439455,2.7261878560713506,1.6692670466361994,0.8044221652100002,0.7153336223684486,0.4964234887580677
3162500,0.4292451347353745,0.7178473909298662,0.49584220178866395,0.498304058885958,0.6193213853563244,0.289628430964301
3162559,-0.06521938470975719,-0.10906953012015598,-0.08981464967692664,0.6586067132109333,0.2728594522226673,0.15791726432752506
3162575,0.04857766779486573,0.08123878236965937,0.010659750319164255,0.6877817902763373,0.3409556598934827,0.11576946842503011
3162609,-0.3675193132573648,-0.6146203155005581,-0.41780437127682024,0.6719490932399155,0.07286514686275355,0.17773231695087333
3162658,1.1438385980132157,1.9128965870163306,1.1282711418245621,0.8486596741807171,0.45078336818003,0.4363358433849434
3162708,0.20856406936706887,0.3487917763568019,0.2478193518463917,0.5672444686172907,0.21197401480337577,0.5059935316503755
3162807,0.40352175178424526,0.674828934008411,0.41001007708772613,0.695143786882586,0.3414158522244932,0.3214333702136643
3162906,-0.2960609862576741,-0.49511710056356223,-0.3119147369902842,0.5978895826834189,0.19002985000253014,0.19314172012480693
3162922,0.852769025226511,1.4261268685131299,0.8645319702183357,0.7305849644856011,0.46233697186763706,0.3978505815080109
3162948,-0.3200456446901095,-0.5352278044127324,-0.3550256159807364,0.6613324632006711,0.1386086370487922,0.15090657873601593
3162955,0.45702084209396376,0.7642980491787635,0.47574055389296593,0.6366285064859839,0.4553061434348258,0.29728142424449505
3163003,-0.3905183352219328,-0.653082691833331,-0.45244821822854825,0.7099075665864797,0.11085085138523106,0.07204889318722654
3163102,-0.28500959090450445,-0.4766353178281609,-0.25966391356135443,0.5302844030644797,0.11747212750970003,0.3633030229755687
3163201,-0.6793728305161799,-1.1361480291566532,-0.6406859554290009,0.36045075104849017,0.24288665062213366,0.2155755166114195
3163300,-0.06781556052448481,-0.11341124044879226,-0.08498821501242139,0.6000460716789244,0.47063490109179473,0.020226199753823965
3163409,0.158610484327818,0.26525198105981806,0.12490920609088096,0.7165539412521303,0.31813751357013925,0.16884547566136596
3163508,0.43481383040048727,0.7271601899125455,0.4201291012333902,0.6788635380395359,0.3518649896414117,0.33718276514453976
3163607,-0.5205945901141105,-0.870615501503597,-0.513636261074184,0.5273886813006395,0.18170708634187413,0.1638459667601587
3163706,-0.4103829741199328,-0.6863032878302647,-0.3411393911035665,0.3300442479275629,0.2801387564504875,0.37152625720085775
3163805,-0.10791324780884995,-0.1804685414410289,-0.15785014313418902,0.7088519630772682,0.2256515490750426,0.11808716724450367
3163904,-0.5861350816446405,-0.9802220340842323,-0.6142184748034673,0.5292776626270419,0.17718769237127405,0.11253817756375302
3164001,-0.05889051336969181,-0.09848545260510726,-0.09546812620688597,0.7124239941373807,0.168124714450265,0.20859020257673055
3164100,0.07992588868806527,0.13366392771778182,0.07820323239147928,0.6778135340693732,0.1320435160820644,0.3753555471616498
3164209,0.37173487457369786,0.6216702024936867,0.3043427408969652,0.8193777945236592,0.2429827641686515,0.23374135857809328
3164308,-1.1000851649824057,-1.839725605673107,-1.0560868226180093,0.31747250114611875,0.1442864606298831,0.1302935589407932
3164407,-0.04700961820078776,-0.07861645722519021,-0.03929911002469961,0.5731605692796969,0.3531267925161492,0.19743693063573434
3164431,-0.32289560787496097,-0.5399939356299285,-0.3698234453515524,0.6683308754876863,0.17838188158530746,0.10118583482748784
3164472,-0.47261416220518965,-0.790375512269122,-0.517652025519334,0.6260560181052172,0.09387515150826463,0.14971082771522753
3164506,0.12932182229185785,0.21627113555925767,0.12049402560432106,0.6359747093908991,0.17266021598289286,0.40084260474004846
3164605,-0.05595432885349587,-0.09357512928708217,-0.05280434067887975,0.6162800281663163,0.08984800117037085,0.4183516959186551
3164704,-0.813158422992381,-1.359884143398818,-0.8398725505007818,0.5055981456867139,0.1357504946469056,0.063693017802115
3164803,-0.37388676308434743,-0.6252689096843784,-0.39858310585455264,0.5477754149987116,0.2477643741532882,0.1364790223523934
3164902,-0.4917780055585923,-0.8224241339964471,-0.466775583691384,0.4190228321856931,0.31542620007593647,0.173577896138739
3165008,-0.429330718783009,-0.7179905172703369,-0.41267099253541356,0.4467602704271561,0.2732240426491766,0.21191392332271974
3165107,-0.5383157370970212,-0.9002514323425327,-0.5404240419266118,0.4722080620788757,0.2734837682857929,0.11901778610706358
3165206,-0.002499597701011104,-0.004180198079941525,0.00354304706193599,0.5655252916754127,0.38738639243908524,0.19469821554157174
3165305,-1.031583721124564,-1.7251673293665033,-1.0281365885633194,0.4043227931410513,0.08918351154208519,0.1157624377064323
3165404,0.1356938927679296,0.22692745707793785,0.2057788986097279,0.4654173917290729,0.399420627235399,0.394494015802592
3165503,-0.08945144653651907,-0.1495939786265229,-0.1036046785788417,0.6445294288658393,0.3026036997819416,0.13717903645673946
3165537,-0.1656737545543099,-0.27706422933758956,-0.19005935338214563,0.6425875762529075,0.21008674650155476,0.18475639928687748
3165552,0.9121752461133206,1.5254747637313006,0.9166385233259388,0.776779452840436,0.6120216018255747,0.22051227430846318
3165560,-0.07009926663097804,-0.11723039257781386,-0.11031927884404548,0.6914924899321067,0.2288052787389364,0.16136089349512203
3165578,-0.06711068429510389,-0.11223244185273706,-0.0895294875039551,0.6320753057701198,0.15212177838970545,0.3156857192679115
3165602,-0.6147425848915402,-1.0280637448108192,-0.6705890360798397,0.6387114959350458,0.09065228788226957,0.05420399289644823
3165701,0.2160053228446583,0.3612361442992096,0.20681713143515912,0.6903207123559327,0.22189454192726984,0.33883553472624156
3165800,-0.45776886066476186,-0.7655489967981127,-0.4542467885987312,0.4729590240988409,0.28335128393931736,0.15511161205174387
3165909,0.37310955136712637,0.6239691409549061,0.3751477310722248,0.6374507605439484,0.4170193315562372,0.2835237771721269
3166006,0.20645107605339044,0.34525811548441626,0.18372211774063074,0.7072190607801069,0.21462538356866934,0.31534487971218544
3166105,0.559561942089268,0.935782488111512,0.6127310277068273,0.5978544979789239,0.39879588362742435,0.46767517503550327
3166204,0.4219343151195736,0.7056211538404302,0.4758705714200302,0.6037179073505748,0.2327919868841286,0.566771993684389
3166303,-0.10142525590722085,-0.16961835891809876,-0.09532066577812372,0.6245815350490104,0.1645975515477297,0.30291121175227126
3166402,-0.8404795635531194,-1.4055746076153668,-0.8775134540637866,0.5704056898471584,0.03159548617552976,0.07493139430861877
3166501,0.033980500632638314,0.05682723401551906,0.0004060631541519964,0.7041882295238765,0.26713448953539626,0.16165425937365888
3166600,-0.21792727034982548,-0.36445031002979816,-0.1569909520703191,0.36841782181408417,0.4876849065170287,0.2165219699101224
3166709,0.02649502017340077,0.04430890315352144,-0.008284903240199835,0.703636248201239,0.2054597139891702,0.22706810200142843
3166808,0.39859755817165105,0.6665939669669944,0.4509242465668399,0.5434851903334135,0.23701746610118232,0.6231834995465271
3166907,0.3640019966327673,0.608738136862475,0.4334895049066943,0.5180191295249802,0.44048516196406373,0.42037179917721906
3166956,0.48687550847938965,0.8142254511167532,0.474330135498364,0.7350373565253013,0.2757820336829043,0.38378197548248266
3167004,-0.5376672522215535,-0.8991669397339002,-0.5538873303452557,0.5269856229631918,0.1959669858810301,0.13352764820608207
3167103,1.0934119795387047,1.8285657150364778,1.1355062424110482,0.7505571168518882,0.37141814869185935,0.6196440889576811
3167202,-0.08860652766077012,-0.14818097994250126,-0.083813392978985,0.5885877538541036,0.2136554653657817,0.29803784490350643
3167301,0.13876807847440278,0.2320685664582134,0.11406776040203244,0.6895802799129753,0.3463334711638168,0.1622829818277619
3167400,-0.38309573053173956,-0.6406695111596727,-0.34446620212063833,0.3955052522445557,0.2933141191050302,0.29001440899988284
3167509,-0.1371956250070944,-0.22943887650363312,-0.14452843085141387,0.629128730404099,0.2266567902984505,0.20818918852570123
3167608,-0.10813883498014884,-0.1808458017737383,-0.09073842827737849,0.5787716443731449,0.2823900493962725,0.23228901398466176
3167707,-0.3858215501437316,-0.6452280310781809,-0.433486693553779,0.6539434841072852,0.1144414629535983,0.14524007244254253
3167806,-0.38931630304850257,-0.6510724753167417,-0.337644531538758,0.4188313223679159,0.2094637856896103,0.34786279967788
3167905,0.43226958428816764,0.7229053241358185,0.4806153955785406,0.582192820473543,0.3745636150849665,0.4473726241594285
3168002,-0.6119038679045384,-1.0233164211539914,-0.6109885223884678,0.4728884681833015,0.1876062065454447,0.16700574741275373
3168051,-0.16575878062083402,-0.2772064225392737,-0.1461762745985512,0.5546701256445616,0.34793325096942934,0.158718881866941
3168101,-0.9826820133652819,-1.643386639298445,-0.955026756604544,0.4097768881062594,0.03934547666383664,0.19272213846913144
3168200,-0.43385421578731925,-0.725555380001804,-0.4780639529797999,0.593579532752452,0.2337154995824907,0.06245139906655827
3168309,-0.4390336074958756,-0.7342171271568022,-0.412925139610836,0.5149518896856694,0.17154091760359338,0.23809405990684937
3168408,0.44967625854511123,0.7520153470317479,0.5137820951409919,0.5478766005499899,0.39392887172566,0.47754778512725654
3168507,-0.03867059770638645,-0.06467071009748646,-0.06645957247612728,0.6727981728068064,0.1432107545886521,0.29464550852732213
3168606,0.7395007902264519,1.236702923102194,0.7941865671171683,0.6121089349593488,0.6267100133446736,0.32312267765596897
3168705,0.6129533585465258,1.0250715350928379,0.6360212175373627,0.6290261724430719,0.33134172819478275,0.529614016515978
3168804,-0.28237450743061787,-0.47222854034009915,-0.25541103149022165,0.45579474950611604,0.31619524529068804,0.2467750968812592
3168903,-0.47723561286704413,-0.7981041876377282,-0.4272327877178957,0.3564663142049398,0.10586603635226954,0.4846586523514646
3169000,0.0050190786909644096,0.00839364794525096,0.03698290882319171,0.5720811895801324,0.24632986842076263,0.3459323512555068
3169059,0.7400822266195336,1.2376752872922336,0.8368881727227229,0.553390264307545,0.20580764696620113,0.8495340787390644
3169109,0.11133895322988085,0.1861975142343897,0.18081935217548162,0.4440458217760617,0.20515143340306055,0.6103095586942568
3169208,0.23219352647892005,0.38830845986513957,0.2918849466177933,0.5394535328265572,0.3845162164321816,0.37796467793799854
3169307,-0.3011955758668467,-0.5037039230017768,-0.24881776031443817,0.4342256629991188,0.33782179574359916,0.2487019899648989
3169356,-0.3336848511604596,-0.5580373087886656,-0.34502553977245143,0.5891437429334041,0.17298622434532795,0.20029896440258663
3169406,0.04410112113605265,0.0737524369708097,0.09186515293468261,0.5425285982259559,0.1841941369024617,0.4762299832321261
3169505,-0.3244739608155102,-0.5426334915588228,-0.34798338001294543,0.6229502752846535,0.21152577364575584,0.12293490063735535
3169604,-0.15537792079507984,-0.259846008783809,-0.18906605231471513,0.6354985286054674,0.2379245325078959,0.17215698293452206
3169703,-0.032951201017537436,-0.05510588650708216,-0.08732937628400989,0.7582454099619458,0.1805320046601089,0.1460789655439457
3169802,-0.06724931739290756,-0.11246428468449389,-0.02664343929810201,0.48690150027970747,0.3695687548608298,0.2812078338561619
3169901,0.7866084079138683,1.3154832696067171,0.8467433426753055,0.687302805930298,0.3475406468487539,0.5471756142599782
3170008,0.4641793781184769,0.776269615056248,0.4494731248755834,0.760454360894809,0.09791802209814426,0.5262156440323081
3170057,0.09186789001918572,0.15363511388698717,0.11899341587825835,0.5589669967837815,0.3079404454077777,0.3429529789017822
3170107,-0.16590291373269805,-0.2774474633104451,-0.18415496302991555,0.5877237388172546,0.2281659749019965,0.23478910376183515
3170206,0.825914871654479,1.3812173692145593,0.8621330704440802,0.6283528455986133,0.5112407499580369,0.4632340493149661
3170305,-0.22129438756699013,-0.37008130293735153,-0.24658392921400552,0.7034431531294679,0.08049775233997546,0.21766710211456952
3170404,-0.7574834964766642,-1.2667762721490765,-0.7314765697729262,0.4448504877833323,0.08595486165392752,0.23256014324970833
3170438,-0.1481656501008896,-0.24778457982038893,-0.196590655186052,0.6698376619843353,0.16609145477929774,0.20810365414173845
3170479,0.15540567965513166,0.25989243126749256,0.12355935821613268,0.6967292752121846,0.06929742660876491,0.4482435552938228
3170503,0.08451089103586523,0.14133164880867918,0.0852622865787542,0.6084735425473021,0.41368789093008207,0.16921331964637942
3170529,0.27470416684684257,0.4594010589546643,0.2555748406099533,0.7659259718381076,0.1778299892201781,0.328968820024976
3170578,-0.42358293287877163,-0.7083782170225452,-0.480360808757831,0.6987705618971077,0.07316859522524499,0.11045259779693056
3170602,-0.6728107644911039,-1.125173968895925,-0.6867562315447098,0.5335291514294482,0.19126109465952867,0.04811155591783194
3170651,-0.4129223921113865,-0.6905500793070491,-0.45710087473342537,0.5911942203705552,0.15178398249408417,0.16468547029307967
3170701,0.13221524628610073,0.22110994838913778,0.22666288312517954,0.4210339364863258,0.33271818345059884,0.5290601025910707
3170750,-0.18630138370510024,-0.31156081082148307,-0.1559540767487643,0.4746381759128971,0.12204893074558741,0.489796376679625
3170800,0.0027678138817269944,0.004628748966024114,-0.007459646649096535,0.6859544190412431,0.2024668618507279,0.24222868192781277
3170909,1.0023433489113998,1.6762672412712045,1.0467992688258334,0.6830068376003786,0.3712472640150389,0.653769318631854
3171006,-0.2723565004651139,-0.4554749429651686,-0.32890210560640515,0.7110054980183573,0.07493450930820177,0.1815527127799178
3171030,0.7455894740397413,1.246885323404206,0.7293357737062017,0.8081614536325188,0.42470015421356644,0.28185877257700503
3171071,0.3209037520088834,0.536662858767628,0.2817067814245463,0.7480623347818246,0.3033653816910198,0.22800567603067298
3171105,-0.245881687698779,-0.4111998336354227,-0.26681978116943944,0.5582982203514478,0.21557609253443655,0.23744636261984775
3171154,0.28948318627979897,0.4841167276529011,0.3271457221270062,0.6001466815184107,0.3612829063065555,0.3579937552035124
3171204,0.1949939574060683,0.3260978220692692,0.18772853943501844,0.6412254789459396,0.40683709216479613,0.18701791899330097
3171303,0.3920933363665008,0.6557166423917614,0.4005968626851065,0.6971826304610125,0.25847271684947665,0.39686968627085034
3171402,0.4289644359536768,0.7173779647866831,0.4405971445170584,0.6898486598735504,0.4375330666062636,0.2414783940302964
3171501,-0.24376446885015665,-0.4076591061966643,-0.28514761516319104,0.6974253322879544,0.16244785480372514,0.12748210579728383
3171600,1.3973596780411521,2.336872145774779,1.469269427492135,0.6851903540190473,0.6495358212897268,0.5868122187116976
3171709,0.20874730130518993,0.34909820398537905,0.2678470432132352,0.5106111293820729,0.18633664859284127,0.6054691300999849
3171808,-0.16766815523760412,-0.2803995620207523,-0.18438627245277323,0.6270961837359906,0.15031500182179028,0.26879916595328895
3171907,0.3045549015521183,0.5093218857538594,0.26708377622948276,0.7806564702208822,0.18944857141210866,0.30683102716534844
3172004,0.6659710352100816,1.1137355589484828,0.7316690536439215,0.6247536677102401,0.3378253693390671,0.5710773121384998
3172103,-0.24217034820241898,-0.40499318116873967,-0.27772749490610216,0.6840688689392058,0.12686747818767152,0.18340718778112486
3172202,-0.3179447793239932,-0.5317144256933878,-0.28676002106354564,0.4688742991826669,0.2890402559157826,0.24094739211983454
3200102,-0.04867487750580253,-0.08140135086892013,-0.03343970326521707,0.46937379396685674,0.38120534758839036,0.29216303920276027
3200136,0.6904056144597854,1.154598687132061,0.6962650751620734,0.7072533537341344,0.4343025722678748,0.3694662748351054
3200169,0.747175261063834,1.2495373117104154,0.7819888963148792,0.6607853861360775,0.5386374026445694,0.3589835463409687
3200201,-0.41550034654745754,-0.6948613171432346,-0.4210630008144687,0.5192049113846835,0.2663802950117798,0.14527786070530097
3200300,0.22780234676004787,0.38096487772706866,0.3172344447427218,0.412154473384978,0.4844933875806723,0.4290432244223698
3200359,0.5077433867168394,0.8491238127632526,0.5272221763065537,0.6530104611131796,0.3555941618228973,0.42441144636782063
3200409,-0.01856431013940752,-0.031045993348770392,-0.0058871819516263585,0.5083606351364003,0.42250736031074504,0.21894094039010834
3200508,-0.1785485292059031,-0.29859533742610367,-0.20051733118559698,0.5921481558912934,0.33312715687551914,0.11761111718158866
3200607,0.40957373496633276,0.6849499580705503,0.43626989367290914,0.5646483577277074,0.39594729468154616,0.42171738054219626
3200706,-0.041728243388410004,-0.06978415879523751,-0.04366887388258735,0.5799063201271935,0.27228386177290004,0.27847563353469745
3200805,0.3765325144595587,0.6296935276195718,0.42567916377004006,0.5332912824953375,0.4568909808797936,0.39286355040771165
3200904,0.43005587771473985,0.7192032356101115,0.47308056914279917,0.5996493636754183,0.4324068938376615,0.3703440755568237
3201001,0.6082091760269831,1.0171376093050748,0.6307529773159174,0.6150417349103376,0.27697762464911174,0.607120683281812
3201100,0.34243963437363495,0.5726783560112719,0.3566660929718742,0.5762857690182969,0.44898354128459655,0.31985703981372876
3201159,0.28954447365543867,0.48421922149415814,0.31793590931647736,0.5349832130887093,0.4152561508531563,0.37429446602358674
3201209,-0.26284233611113617,-0.4395639459480649,-0.22940716733406674,0.46295555711384767,0.3075211527227693,0.26554919588599873
3201308,0.5916596366009415,0.9894610144255572,0.6235784174137531,0.6183696605072329,0.45602780042124363,0.40298405800464215
3201407,-0.03853065058197952,-0.0644366697555136,0.030788941235318897,0.3988061620872802,0.4035605016822931,0.3767084305770507
3201506,0.7729499597872688,1.2926415864787886,0.902248367164172,0.4086371269977868,0.6347951701410536,0.5979121582251555
3201605,0.7924069265599815,1.3251804126714524,0.8045213546291996,0.6792274220444888,0.45718372402345125,0.4412706057381229
3201704,-0.13723514119220925,-0.22950496133043422,-0.07165771594318746,0.32544003239121383,0.363213376835209,0.44720214164626865
3201803,-0.5270264909662887,-0.8813718802527755,-0.49865725132344757,0.43745133867474745,0.2867834024921638,0.16334975688159067
3201902,-0.4366205024865698,-0.7301815749867401,-0.40553770776911,0.37615955280938657,0.30919078951225193,0.2625418775964814
3202009,0.12093984741751458,0.2022535537453219,0.12828697024391167,0.6015373979451422,0.3315961560274291,0.2876459672895852
3202108,0.427709633992448,0.7152794988027715,0.45868463881122146,0.6105469494534884,0.4705389939346813,0.30712496775986425
3202207,0.5464221314044059,0.9138081474512373,0.5724593056534214,0.5867119589132856,0.48127916854728703,0.38742666394566516
3202256,0.5514839303995253,0.922273238626465,0.576300685015798,0.6309603975157455,0.3784844805971103,0.44957441928720593
3202306,-0.29038083966187295,-0.4856179168013311,-0.2650069662969584,0.4524162050907086,0.2958298500555613,0.2699453057369101
3202405,0.04346735603026016,0.07269256094464112,0.09356660282506804,0.43950408375245953,0.4034110964146859,0.3667050562096268
3202454,-0.2094396786750621,-0.35025610013441266,-0.1706945685258728,0.4303934937875235,0.393638172788996,0.24007775961654912
3202504,-0.3085357327065272,-0.5159792221490321,-0.31202303640735135,0.5101769725496957,0.1463322423099135,0.3374588619452516
3202553,-0.3766490320606351,-0.6298883856369645,-0.3544292211192672,0.49058614325482797,0.2772235206195886,0.20069856686211562
3202603,0.15378973220891431,0.25719000422924077,0.20089966278763055,0.4632009931356356,0.46157614462220137,0.336506366854477
3202652,-0.24093210515688815,-0.40292240746010033,-0.21679630024013788,0.4667231183596862,0.3386764509935329,0.2394262225125422
3202702,-0.1581560227819905,-0.2644919630455162,-0.15864751585087034,0.5638013394087541,0.2862032891916502,0.21469812554628867
3202801,-0.32908359782807617,-0.5503424103905858,-0.3424524000474798,0.5497245204773443,0.22744861757885157,0.19513452086573677
3202900,-0.4562860055659289,-0.7630691465268207,-0.44980243256170027,0.4616864718008989,0.32352716864911674,0.1284262141393045
3203007,-0.411946124900621,-0.6889174204522658,-0.3731170021105959,0.4312071773578831,0.31233536415838237,0.21641855591258516
3203056,0.26453732769803834,0.44239856232422015,0.24051545013911413,0.6939983258211999,0.30549863067662425,0.2747305405564151
3203106,0.01593376357081597,0.026646803146773174,0.025304725130369424,0.5492111726346408,0.31244988133474977,0.3095593901830257
3203130,0.01385698899791938,0.023173712625613567,0.020482223435750117,0.5074541340141526,0.3005237033261776,0.3656968414466617
3203163,-0.42716182400823144,-0.7143633696819658,-0.4153816818343995,0.44350703986684586,0.3336345507569789,0.1591320715384776
3203205,0.048240322524026505,0.08067462356407674,0.08970808815986243,0.46390130102778326,0.4958323181604487,0.23785388018898132
3203304,0.634171363792877,1.060555431063422,0.7119506797504064,0.5135132347165389,0.4485215223151757,0.5805933636266566
3203320,-0.23530250209822678,-0.3935077500985854,-0.23508130354100365,0.5348449201293403,0.240685882869043,0.2582735274846249
3203346,-0.4921610391714421,-0.8230646996252041,-0.4833533046922455,0.4378285027156466,0.32261222049196464,0.13783252314258826
3203353,0.48098206719045006,0.8043695643273274,0.5349645798530479,0.5153853326516851,0.5372946587295643,0.3881462431161397
3203403,-0.3869226693082709,-0.6470694858913024,-0.40076559929582256,0.567153865379153,0.23797721222102988,0.1306874852000485
3203502,0.8417102982456955,1.4076328247423646,0.8771441762015277,0.6082099302605141,0.4248248853556618,0.599545360857395
3203601,0.4744671610814807,0.7934743718742788,0.46414331270118786,0.6429364214804906,0.3619507936456226,0.39891060221767427
3203700,-0.25427334535606705,-0.42523360843539704,-0.26757482267120025,0.5407102405610978,0.25564389300820145,0.21517270085217174
3203809,0.27850018242241503,0.4657493193223298,0.3339244321231949,0.482074090073757,0.41480926006107693,0.4468604822992524
3203908,0.5804119309010215,0.9706509324065445,0.6040204888860291,0.5899679092474299,0.44614556325724114,0.44166084927488763
3204005,0.33497575572811217,0.560196150906702,0.354840172697969,0.6035121724391503,0.3928112371077712,0.3415959949549124
3204054,0.6006565324033406,1.0045069582361996,0.6148273381468733,0.6574402266316867,0.37347719684621933,0.44742078996512263
3204104,0.8958400348112119,1.4981566001352569,0.9185535298149021,0.6362206190813808,0.3808276391040695,0.6359398709784775
3204203,-0.13693354449774303,-0.22900058659740638,-0.11821006833682185,0.46876279074583654,0.41458215991421804,0.2119247770009425
3204252,0.4793776393612514,0.8016864021015387,0.48714542059419447,0.6621093284405726,0.39032185141715864,0.3564814612448095
3204302,-0.12311694865693852,-0.2058944254012674,-0.14318795588439143,0.5419913690955259,0.26758637287164816,0.27443952477691835
3204351,0.42955281418993907,0.7183619381566811,0.4376422100638103,0.6256853525866589,0.45188873715381034,0.30270338210744346
3204401,-0.47305523788023035,-0.7911131444445589,-0.4651010179235144,0.4495111660675948,0.17421532576452733,0.2904651285628161
3204500,-0.01807511500439014,-0.030227888674050428,-0.009532452207690785,0.5751252661187473,0.2957681931499932,0.27202719470495
3204559,-0.9124945239522483,-1.5260087074970166,-0.9173241344280806,0.42238194858130945,0.16578711968136065,0.0767819116246431
3204609,-0.4527037516671457,-0.7570783701456856,-0.40585570569123014,0.37761209501169457,0.27572732298892383,0.2950754062474434
3204658,0.4457264465621575,0.7454098854966397,0.46148937159905656,0.6062723656299395,0.45142715713108394,0.33885801174221997
3204708,0.08406086961016268,0.14057905622192274,0.10746169926360799,0.5371427045124807,0.42587399981609636,0.24503376371788618
3204807,0.27178047718515647,0.45451163138590717,0.2580505338705209,0.6322236107745185,0.4706917481550441,0.1812203172665561
3204906,0.743380696089651,1.2431914772535835,0.7486573714581866,0.6735805494191229,0.4513767948746312,0.42611807295570436
3204955,-0.0035261046857502096,-0.00589687533761278,0.032322016438535224,0.514107387685878,0.2591374723822328,0.39663464441482876
3205002,1.2069846780338607,2.018498829469733,1.2597587818108553,0.6440544860436578,0.7924611021753377,0.37147145808826604
3205010,0.6071047572810843,1.0152906364425256,0.617753761865097,0.6500118509527627,0.5317523430080834,0.2922589338303556
3205036,-0.6114879063689425,-1.0226207885681058,-0.5919495543186798,0.4157132029677872,0.24539344213470302,0.18228811275250847
3205069,-0.2888059402572686,-0.4829841363875607,-0.21991206072925396,0.29836104308604366,0.40478525988903225,0.35008049518383005
3205101,0.4603081018618121,0.7697954926130692,0.48073403241698237,0.6345837451263657,0.4295532260297155,0.3354928702849613
3205150,0.4768531894734713,0.7974646425081695,0.4737799570540217,0.6319980599216922,0.38457989204481163,0.3925302305979836
3205176,1.1013252890897418,1.8417995251723442,1.1172790602093776,0.7177653297008657,0.4872561135015137,0.5388766623477762
3205200,-0.08484931085486873,-0.14189760463310633,-0.04838896140336359,0.5105851076315222,0.3229715802718425,0.2895437355934709
3205309,0.0845170379452244,0.1413419285823765,0.13876234528448445,0.4763502530787292,0.39143293281569846,0.36066643437651025
3300100,0.06775872388195917,0.11331618978369552,0.08055718168761127,0.5855017989314995,0.29911097998943886,0.3036975359284416
3300159,-0.38640857118098787,-0.6462097347386666,-0.38687879134953107,0.5314992047218492,0.2883584613564228,0.12199190179392187
3300209,-0.4624392509575412,-0.7733595162775302,-0.46964355279379394,0.49715969750055206,0.3122725315037781,0.09599966856696752
3300225,-0.8783269899467335,-1.4688686885297964,-0.8724967000309002,0.4497877173474714,0.09217924771933933,0.15154930572812478
3300233,-0.3516378437525273,-0.5880609662485087,-0.3409908157759487,0.5094486054744909,0.20751185255255108,0.2562492856353764
3300258,-0.011836889424825128,-0.019795402446609794,0.022633344155494856,0.5168020080482831,0.344319024397852,0.3034599452389742
3300308,-0.07210854576404795,-0.120590607211844,-0.10611677855732012,0.6297741218324354,0.22996655210391817,0.23089555108271656
3300407,0.06141380340045408,0.10270527251351187,0.060161775050687,0.6255886025801934,0.30699272966013397,0.24122481076251936
3300456,0.1859128590280809,0.3109110622206468,0.1182550198730041,0.7856032836269105,0.25537050624317864,0.15943352282622403
3300506,-0.28441598188253225,-0.4756425967623348,-0.25779501615377814,0.47118979827021373,0.3376804672352402,0.2040512695888211
3300605,-0.3976362740812343,-0.6649863651087379,-0.4012793086729272,0.5064639756635411,0.262039157200699,0.1741624075563264
3300704,-0.24450125126273856,-0.4088912630454099,-0.22640792386137448,0.5107276761658607,0.22758180052756885,0.298524897793843
3300803,0.027986413095468062,0.04680303163937437,0.021597373977442127,0.6208594092379132,0.2620879867327981,0.27494871208751587
3300902,-0.39981256345107624,-0.6686258790359314,-0.40751251673294164,0.5686017996412756,0.17852316138962077,0.18588450920421126
3300936,-0.30876083929038634,-0.5163556787721318,-0.35037341279313783,0.6343987845383144,0.25094620115455735,0.0700112603797487
3300951,-0.3253674218816041,-0.5441276696945594,-0.3704296107595417,0.7095840649674706,0.09810386783411572,0.1303474489198638
3301009,-0.10889924159140654,-0.18211746651205543,-0.08283447792723209,0.5714445225516872,0.2891019716435103,0.23751364030342595
3301108,-0.35018597317124794,-0.5856329328838865,-0.32901343337519534,0.44697055523773943,0.37475444385676115,0.15628646786157205
3301157,-0.33309640428654735,-0.5570532206326073,-0.33697780085305684,0.5876418153762087,0.25996611159734434,0.11203610569337673
3301207,-0.00297111063628054,-0.004968731957166514,-0.023577587917665375,0.6190627709798187,0.31890296935800233,0.19191271063360058
3301306,-0.5075705720441058,-0.8488348064312116,-0.5226904827129837,0.5395819587082343,0.23812268346066479,0.09398405069500415
3301405,-0.2749527181202568,-0.4598167232655542,-0.2879792536368012,0.5715483806471032,0.2899342716436108,0.1346658990374007
3301504,-0.3421891712621212,-0.5722594944410988,-0.33266222539993184,0.508296029331544,0.29810047143777213,0.16595336917107484
3301603,-0.350944020152656,-0.5869006514991284,-0.3392994711910777,0.4734219929610865,0.27474451843186315,0.22406283323389867
3301702,0.0011183828244467208,0.0018703256662066711,-0.059605024003941694,0.74373764883864,0.21767008435336113,0.14358362143154849
3301801,-0.2321120847754521,-0.38817226096708213,-0.23713848370410995,0.5501444842796948,0.2681040498878379,0.20760495049623803
3301850,0.12513272822592855,0.20926551102855454,0.10516355851235061,0.6631385038784358,0.2103594024130413,0.327519823938003
3301876,-0.39837293382500044,-0.6662183168124924,-0.3930199869499806,0.5082790222103496,0.2509360361301178,0.18436001754885065
3301900,0.17841371257918706,0.2983698770634565,0.13435526103153084,0.7555188015495088,0.21421948754056394,0.24058733416106945
3302007,-0.1164367899722429,-0.19472287307659744,-0.1683227013320825,0.6538510380385151,0.12392303942192102,0.286348738610787
3302056,-0.6363192545507527,-1.064147452618876,-0.6432994005197943,0.5262167817019529,0.16549501937773495,0.11403306049676785
3302106,-0.5129734038992578,-0.8578702233457086,-0.49117211761746193,0.4519885205430656,0.1769157906639188,0.27173796184686155
3302205,-0.4829786991131897,-0.8077086284200852,-0.4866346362240963,0.5003305550226427,0.28268678758525256,0.11098763148030068
3302254,-0.3582368772973321,-0.599096849079696,-0.37057176875381187,0.5639323458186264,0.2240695255765707,0.15893126570723515
3302270,0.36140429836089255,0.6043938804551475,0.315974170000253,0.770675771716129,0.30848610630739615,0.2248233219440204
3302304,-0.18424715188934523,-0.30812541964293433,-0.21236705102787637,0.5973551562388156,0.19538729883949787,0.252117944072668
3302403,0.30329473929447154,0.5072144554871012,0.29024988560424037,0.6525981780707025,0.466899520018524,0.17579531865765985
3302452,-0.41768119510674967,-0.6985084556233624,-0.4488327936942389,0.5873140208429327,0.19338060211473054,0.12769618990826323
3302502,-0.09798344549711885,-0.16386245297290936,-0.16133388950551142,0.7365847755581648,0.15799894311916549,0.15651965034120688
3302601,-0.1139556032628975,-0.1905734645881087,-0.13861442796722015,0.5892262011189694,0.21263680609707059,0.2762284257825042
3302700,0.4134137603056892,0.69137181809387,0.4512777291085134,0.6097009438748309,0.3147550116789585,0.46557273493956935
3302809,-0.18784777341074932,-0.3141469130873721,-0.20023335017281674,0.5669533683482461,0.17704694567158788,0.3062683753111011
3302858,0.2487383848307478,0.41597722635794004,0.2230930214673234,0.7023163328135172,0.2725349788717792,0.2843851906815606
3302908,-0.26297051066591803,-0.4397782984527019,-0.25606009611794023,0.4973879447896575,0.3338282070544831,0.18823907428384082
3303005,-0.43577844010195427,-0.7287733533509396,-0.4621179434721946,0.6002905832789401,0.17557595654039074,0.12368049739886494
3303104,-0.5747210353950947,-0.9611337727222473,-0.5752766793960106,0.48282453807940495,0.1724960931211964,0.19523697886840333
3303203,-0.13581867338747575,-0.22713613374059802,-0.18491170493976206,0.6939191166699844,0.1127317000346638,0.23840768606886376
3303302,0.6324308042715117,1.0576446092274552,0.6936612509417618,0.5287257923970632,0.504274663346159,0.48831513824411926
3303401,0.48624085611820833,0.8131640912905029,0.5934806665906344,0.4398733271481679,0.5176114629631384,0.5124543109420393
3303500,0.06894285879838556,0.11529647585214375,0.03886745508011437,0.6865151408690876,0.18820242855084346,0.29144055604027036
3303609,0.071311944623832,0.11925841261290422,0.06992586338741996,0.5978458277500186,0.23336621385814613,0.3594736147420914
3303708,-0.5623622214781381,-0.9404655307146953,-0.5437711875883231,0.500094435000883,0.09516696166017642,0.27103976821280085
3303807,-0.5527165639878466,-0.9243346313686199,-0.5315170721552516,0.44401373115102866,0.21746781464760423,0.21317085738114336
3303856,-0.04806510507418926,-0.08038159895172159,-0.058055999422828936,0.569867628906377,0.3833590528043445,0.16919014616147818
3303906,-0.2625264788536316,-0.43903572258603263,-0.21101078110525004,0.4403872897974804,0.2914067579096436,0.3098227504494111
3303955,0.1700357425387582,0.28435899272689186,0.1227881863568771,0.7022716490341633,0.2327504240738952,0.2759626390437749
3304003,-0.025288515760711526,-0.04229120749500594,-0.07810365955062415,0.6563143334548555,0.17942691081351328,0.2740700907032905
3304102,-0.41218655902819135,-0.689319510067733,-0.42324819919318224,0.5861206756150019,0.15190553826167816,0.1846650590309625
3304110,-0.33293545561397614,-0.556784058386307,-0.34076957883980963,0.6134799235291583,0.12887156442636086,0.2164304064511743
3304128,-0.3663014643718326,-0.6125836479316522,-0.3741738549305377,0.5806280695372057,0.18058018165286294,0.17832668322054554
3304144,0.313133490243375,0.5236682743592317,0.2595059585913431,0.7725117734791344,0.2525842772360291,0.25201861041486256
3304151,-0.008101317717280582,-0.013548225281642182,-0.016307009331648845,0.6318543436632741,0.2771919312993238,0.23044398250350884
3304201,0.07479084656978885,0.1250763485267161,0.11912346928494506,0.4920893327577009,0.40183883110786384,0.31983562298745466
3304300,-0.7270776610818244,-1.2159271236300495,-0.7578642841306801,0.5549470950895018,0.1120246126963606,0.07875359859191294
3304409,0.052535154918819583,0.08785707941412135,0.022586303604074973,0.6500688813775755,0.23711323900930323,0.2688270365546265
3304508,-0.6518000693528168,-1.0900367676415872,-0.6898914186443119,0.5941286060180677,0.06499856615465753,0.12251447873038455
3304524,0.03462367212780027,0.05790284080138771,0.05444321282661792,0.5758784406573685,0.3739123804639066,0.22260784472127415
3304557,0.06986326717035374,0.11683571927027751,0.07230824050897117,0.5921975457230807,0.30066677066528735,0.2912447485223268
3304607,-0.6267994923948198,-1.0482270941269338,-0.6278883583601824,0.4846673054678711,0.20471909445083403,0.1283872553758281
3304706,-0.08107118597112886,-0.1355792637343286,-0.06036304613000852,0.5253454083898267,0.27578511044192416,0.31860820889712366
3304755,-0.7512595131649642,-1.2563676039547373,-0.7415005238229102,0.46619035300797845,0.1576632569333638,0.13483512958751784
3304805,-0.9735780695763602,-1.628161673964642,-0.9568180887921174,0.4019778806901901,0.11478187515619086,0.13345144769279293
3304904,0.3009432971055577,0.5032820250327064,0.260653427692289,0.7288125907456039,0.2529346537790896,0.3013676931095833
3305000,-0.37164574329018074,-0.6215211439391557,-0.3549724757504558,0.5166864561623058,0.2205995010018477,0.22563748190527969
3305109,0.2003743858520433,0.33509577267949353,0.15278192583180258,0.7338674171055478,0.2656945152464642,0.22184878066113023
3305133,-0.6312292470315884,-1.0556351869651304,-0.6471181952520717,0.5389447999122409,0.11925932928872189,0.14550753998380248
3305158,-0.9452727829069416,-1.5808253746314176,-0.9076366635250527,0.33561069973459473,0.1575521632777809,0.1855855057326585
3305208,-0.19024506930726046,-0.31815602691380673,-0.18434294442458474,0.5440600915858335,0.19491847521488107,0.31838264745166106
3305307,-0.3235766237826306,-0.5411328314564444,-0.33036148190458703,0.5419147331222977,0.24460361029215796,0.19222521803977977
3305406,-0.5015512465632784,-0.8387683974217456,-0.5278472119237781,0.5692581927295942,0.14067937545300144,0.15521616444927125
3305505,-0.6237821632014463,-1.0431810686422769,-0.6481438638438964,0.5424852205530076,0.14461863118085158,0.11639819584958871
3305554,0.044816439874219585,0.07494869907915705,-0.002215254821800322,0.6713611271270663,0.21549156945230508,0.26100664747171676
3305604,-0.31899316516214743,-0.5334676920153714,-0.343537985543462,0.5662353003133029,0.25612544284814903,0.14789285371747526
3305703,-0.1725386607457221,-0.28854474384947,-0.12998068818728462,0.44362353518237474,0.2924176237144018,0.3522232964333914
3305752,-0.18371553784538674,-0.30723637577602475,-0.2537834379343617,0.7462456146409315,0.12223998511169674,0.1354355803978767
3305802,-0.15149584079473896,-0.2533538187177673,-0.061044738728931125,0.3604508952569687,0.3049669378373773,0.4633646188156868
3305901,-0.3702317265640305,-0.6191564154065332,-0.4054555099351268,0.6281904868757029,0.2180323419742852,0.07759712764476522
3306008,-0.44126495976328256,-0.7379487254296423,-0.4825801043012103,0.6678751016065206,0.09230186764544974,0.12296895210424218
3306107,-0.2339570347056273,-0.3912576599305182,-0.24962340618061832,0.6200928161935351,0.1518115753878618,0.24033645057841077
3306156,-1.0265227634817724,-1.7167036452254487,-1.0372801689028546,0.4522106944180817,0.07237117940512608,0.0786432078556391
3306206,-0.3782276859901766,-0.6325284449243019,-0.37423501784399915,0.5146226926675362,0.2433023059509775,0.19602694125478504
3306305,0.025085375464050454,0.041951486155961185,0.013894281553284784,0.6509741634718699,0.20296712476086945,0.29578802274619176
3500105,-0.2869036426586756,-0.4798028321457223,-0.2145613195632061,0.3642350175773563,0.2458684921993344,0.4392751835778106
3500204,0.30837760240376194,0.5157147731988143,0.37459695192747133,0.5130623132137028,0.41100372679720126,0.420384174278069
3500303,-0.2815510982536085,-0.4708515133651789,-0.2616020100976439,0.4444685985050074,0.2852093651658329,0.2891193939515825
3500402,-0.3876967490350157,-0.6483640168416835,-0.332824444234437,0.353682371111076,0.3859476622496027,0.24273143586934517
3500501,-1.2849305683322358,-2.1488515101562338,-1.2399113043399606,0.2308843258571248,0.15600683060868772,0.11871528539859884
3500550,-0.7003108848420597,-1.171163749668539,-0.6727823193892034,0.3628953567911637,0.257319742483619,0.182573993884695
3500600,-0.8559680392904406,-1.4314767343904808,-0.7676174765931701,0.20760065569793976,0.28588397158466256,0.26371561403737714
3500709,-0.7891571072333718,-1.3197455826971103,-0.7555895757247887,0.38217990624606496,0.23225443506885943,0.13011211789174557
3500758,-0.3876872968775827,-0.6483482095418381,-0.3160804114307646,0.3484757920854326,0.18106911273484785,0.4737520862871076
3500808,-0.37971787457657086,-0.6350205593413846,-0.37418178442201605,0.4696396847515449,0.22416835676146354,0.2630764047608733
3500907,0.2570503568587498,0.42987773902760995,0.29523913825471304,0.5303415411949105,0.28804091689193684,0.49164054902224347
3501004,-0.47398724381960516,-0.7926717830353581,-0.448613162786879,0.45293744338470243,0.20068344239601443,0.2632631122407146
3501103,-0.28004221511431326,-0.46832813514348065,-0.2179631853650936,0.40494593171891613,0.27197865611042304,0.3612049960531237
3501152,0.06392403201103171,0.10690324917747929,0.08512398715117915,0.5444589144636292,0.29793677889795306,0.3525442613269593
3501202,-0.859909611459732,-1.4380684160868427,-0.8055556410733307,0.33717910085082997,0.18997832960636477,0.20105271082410492
3501301,0.08013872228568811,0.13401985963265362,0.11282097724987687,0.4866890096881355,0.42146303953809555,0.30385389830937815
3501400,-0.1430995400362708,-0.23931227903521604,-0.1345100292654779,0.5133557235281864,0.1655560838942139,0.4112939984084088
3501509,0.5020423717064729,0.8395897297424478,0.5621810579181362,0.5580382373447298,0.4221830430547757,0.46296579982909497
3501608,0.37595054254932314,0.6287202678583059,0.47325497705073516,0.44775468360683784,0.3722930986008492,0.5856020559811702
3501707,0.48352128390876187,0.8086160192053061,0.5073635778049215,0.5750153434281114,0.40169117202947785,0.44755553247354607
3501806,-0.923306004379911,-1.5440892689036625,-0.8525151852969037,0.28647295093539354,0.19074526635592445,0.23161307233709702
3501905,-0.7280759559213817,-1.2175966203534003,-0.6672873248562774,0.2728537205365713,0.2928480054289007,0.24526837385949216
3502002,-1.1272655796378899,-1.885180727154821,-1.0861999397147764,0.2431595164767056,0.17495321584946325,0.1724681072313159
3502101,-0.3290821773072661,-0.5503400347849592,-0.3248455476058788,0.45295262085470495,0.193016747431449,0.34485407904678694
3502200,0.4786684055935919,0.8005003161835526,0.580119201571589,0.4377532781733167,0.42706614819481087,0.6033526160158887
3502309,-1.1176336775768638,-1.8690728316781209,-1.1038036268774372,0.3356727426360908,0.1250349706926466,0.11262174454836844
3502408,-0.10687252461049083,-0.17872808972202958,-0.07351370565817017,0.45960806488897443,0.30266254077709104,0.35397063953496843
3502507,-0.4471704691783121,-0.747824794329769,-0.4062017388579131,0.37722596035521655,0.42770652199911324,0.1330248584082858
3502606,-0.2849894866445991,-0.4766016965023688,-0.25843862064658185,0.49346936038335293,0.2906166243289629,0.22543875963632756
3502705,0.17549006059338623,0.2934805125019038,0.20221276006971847,0.5252156472510104,0.23983471374809873,0.5046713474883517
3502754,-0.5746245550469447,-0.9609724239716361,-0.5622535894547477,0.42828186439549704,0.29523447139136777,0.12940002719667967
3502804,-0.45375171944186327,-0.7588309373199724,-0.3907406791421439,0.34851802798505854,0.33355306582435196,0.26745284240641465
3502903,-0.5762222062907947,-0.9636442533861282,-0.5319809368270395,0.3333742183538116,0.2511157826567972,0.29803519295464737
3503000,0.009741366168693862,0.01629095759606085,0.02896317318821943,0.588472118913022,0.23962984903479378,0.331883214686339
3503109,-0.7316033352965152,-1.2234956274156945,-0.7254492831563897,0.44554943805388486,0.1723244074110464,0.14886562292837133
3503158,-0.006822964041972227,-0.011410372627653598,0.038376369260204886,0.4918968069354381,0.39017372295956404,0.2829102998257894
3503208,0.025127277101606532,0.04202156029020586,0.06495788158216292,0.42532310076730023,0.3786729959320821,0.39412650014478395
3503307,-0.3869858406920986,-0.6471751304505357,-0.32200243893924135,0.30138769060750836,0.3393758338510724,0.35759932639563247
3503356,-0.7704865973515495,-1.2885219863848096,-0.760668661323074,0.3976122833812357,0.15846274847789485,0.19642712988412306
3503406,-0.9409343157556213,-1.573569946268484,-0.9222430896219314,0.3472530214490673,0.1834679330229534,0.13730832825158548
3503505,-0.23097084751418362,-0.3862637147212672,-0.1920122316840382,0.5192777723123293,0.2129952845056318,0.31124162829817725
3503604,-0.2935732145884895,-0.49095667972838064,-0.25985056034666676,0.485064485430511,0.19151539839134193,0.34037789945495106
3503703,-0.3880218934643244,-0.6489077715901177,-0.30301702017470444,0.34625248884919535,0.3478948629037029,0.295932676632289
3503802,-0.13627844409719353,-0.2279050305263481,-0.1025992908144035,0.44953620425935975,0.31000135403134893,0.34082096490351854
3503901,-0.2281171495786436,-0.38149133769993593,-0.1906691725936437,0.4525048128352543,0.29215713814198124,0.30805900249674495
3503950,-0.48803104534141667,-0.8161579112762392,-0.4647157933605933,0.43894685162142183,0.24416215000225497,0.2232771612392126
3504008,0.0410306311558181,0.06861750813219514,0.14942687055261505,0.4010883340239577,0.2392386850392867,0.5985198520012057
3504107,-0.4306159005337878,-0.7201397888450422,-0.32709661833616216,0.2648008044739026,0.2472050067567312,0.48341474876501644
3504206,0.13056769490219594,0.21835466855798008,0.16969388856125675,0.5121366084768862,0.33161239026978767,0.3967319466200277
3504305,-0.248716637321681,-0.41594085694713107,-0.2062978632462251,0.45365560601653954,0.2792998040838032,0.30784908096387253
3504404,-0.2739952699570128,-0.4582155364137591,-0.2594229829959802,0.5143227631603282,0.24147392448870444,0.2558440324946077
3504503,-0.8847725398016332,-1.4796478931660948,-0.8529878422976269,0.3098060574329993,0.2591313499409637,0.13747944288579259
3504602,-0.2984761001320965,-0.49915601225587874,-0.24119185958643977,0.4078065175599701,0.275388242958097,0.33992614674057237
3504701,-0.7453597371886671,-1.2465011233613894,-0.7045617843587517,0.3734336740313246,0.25031250800343635,0.14775693484093785
3504800,-0.2778573964970843,-0.4646743573435303,-0.14562653290349273,0.31542781154587335,0.26938255996633337,0.49008067426596735
3504909,-0.518073187510599,-0.8663988380310332,-0.5027952852744157,0.4739563803734166,0.20997844495469678,0.20035955533708186
3505005,-0.3337827793547731,-0.558201078842413,-0.2989882005381581,0.4061844036395083,0.23050995186618406,0.366318928293339
3505104,-0.4075116261562164,-0.6815013938135129,-0.36624649660806086,0.4139297557514308,0.2934527463532988,0.25269557237769846
3505203,-1.02597397492624,-1.7157858795925223,-0.9846144062613136,0.258733223767857,0.22698636617788362,0.15576297288649263
3505302,-0.689352947748398,-1.1528382616988078,-0.6543521288116656,0.3239926809476668,0.23535374197883877,0.2569446481090481
3505351,0.41118342835899035,0.6876419261526782,0.4245137322363056,0.6252513992764689,0.3003523541736489,0.44996094869170694
3505401,0.22700365061445854,0.3796291795493584,0.22190939813720045,0.6304026661094014,0.3721375594306249,0.257047218026291
3505500,-0.4883537311624229,-0.8166975543751462,-0.43882534177903004,0.4125097832962649,0.2354797923284817,0.2711954555108225
3505609,-0.426421883992709,-0.7131259322211665,-0.4647746976983352,0.6121633893574739,0.1581748067212895,0.1218057605150696
3505708,-0.3675665456880794,-0.6146993045779221,-0.37105473251240495,0.549844074822422,0.20683305084509937,0.19145895779378277
3505807,-0.27094802020647146,-0.4531194733348233,-0.17692212927341278,0.29707083815040397,0.3528381312222186,0.42150725504449554
3505906,-0.4283879987483753,-0.716413960980057,-0.3583431914662344,0.3503781749389172,0.22398436009717027,0.39989827286651675
3506003,-0.08942941277380904,-0.14955713049990754,-0.05473566647298289,0.42817402371636953,0.4157404898153642,0.28417800203798743
3506102,-0.09551874525720534,-0.15974061560429975,0.01937987873656447,0.3502781295468305,0.254133155571902,0.5692048667726534
3506201,-0.3869542610683493,-0.6471223183190039,-0.3624779938901368,0.41986589304891186,0.2594908274075317,0.2845702282217499
3506300,-0.3525430290955667,-0.5895747514593983,-0.2951340807474981,0.3405943356262824,0.3452295671324836,0.31972372678819777
3506359,-0.32783034444843223,-0.5482465341745256,-0.28462259767287984,0.45569272092481655,0.2710486239986117,0.27008905730263033
3506409,-0.9138803261650376,-1.528326251534898,-0.870682674661042,0.27753375039627376,0.31964199740215565,0.09842700386114862
3506508,-0.701635927072582,-1.173379681850598,-0.6630178379253998,0.3295102807572234,0.3352023048368029,0.1363374880966133
3506607,-0.929350909626675,-1.5541984561923734,-0.8943372637231674,0.31562855715395366,0.21557148432887652,0.15100287217640282
3506706,0.15650061951802077,0.26172355213572235,0.18226707126857294,0.556272474951342,0.3521033058226892,0.33461809638710666
3506805,-0.2319998562678084,-0.38798457580799545,-0.1446101122274911,0.27901529148269116,0.3533032466189708,0.4613679916697698
3506904,-0.45349187152669135,-0.7583963810889282,-0.4209482389278727,0.42084662441335413,0.2372072860955959,0.2744582012947498
3507001,-0.6313560025609315,-1.0558471663649223,-0.565207453282602,0.30683039415265884,0.2187325961123162,0.3402726103521904
3507100,-0.6016232337684052,-1.0061236196647505,-0.5511367731238899,0.32704523708554434,0.25087679223893006,0.2930203124662671
3507159,0.41674038963284127,0.6969351011455441,0.4772679469461212,0.4613686746501986,0.3908105344770043,0.5616050405122787
3507209,-0.03594869845814704,-0.060118746392814094,-0.008195123220326832,0.4808416296074829,0.3301711555788989,0.33937330905159935
3507308,-0.6418532209100969,-1.0734021721045097,-0.647266611363,0.4796113635182522,0.15269491296576754,0.17800045248306753
3507407,-0.1837233919077822,-0.30724951050427796,-0.06267461391662896,0.30707212666579936,0.30582336049746917,0.5181217896596962
3507456,-0.8034091096967312,-1.3435798954381404,-0.7916663854181819,0.38302750540022257,0.24039463523176022,0.11513975213913626
3507506,-0.5834683811848419,-0.9757623819820878,-0.5543468599577399,0.3405266299709316,0.2435847139939974,0.2891577001852517
3507605,-1.1571814676917547,-1.9352105130487391,-1.1271046097683295,0.2738352522860937,0.18009850716164533,0.10976124634309416
3507704,-0.44562962981891185,-0.7452479741762467,-0.35678376163377723,0.3135500516601218,0.3954459610752547,0.2586785360257165
3507753,0.16102096832763707,0.2692831499890013,0.16356187517727902,0.6013611058920829,0.41365797803284515,0.21038147547759842
3507803,0.08022323065213627,0.13416118705947222,0.16909431394264168,0.3583256764571461,0.3486138694737484,0.5489396530016348
3507902,-0.9985081343672773,-1.6698534265733351,-0.960517715347116,0.28747473183813105,0.19779916963728028,0.16824186465176796
3508009,0.051639266469267385,0.0863588418476741,0.11588107681747019,0.37776264796561637,0.3142382036932665,0.5418813751508905
3508108,-0.588441872796268,-0.9840797924502922,-0.5744364153050856,0.43304451048289905,0.2645483478924497,0.14814200779561643
3508207,-1.005838420982226,-1.68211221926659,-0.9493652180621834,0.30686293418044597,0.1412257497586234,0.20760174393532305
3508306,0.20774855876590922,0.34742795855213654,0.2417203653082476,0.5457051358095785,0.3655729575521535,0.363850648633772
3508405,-0.05589082116497191,-0.0934689223092465,-0.007408322181574476,0.4761926874461457,0.257708709361746,0.41304327377519123
3508504,-0.737089553534214,-1.2326704954090892,-0.69724691651321,0.33901533249345994,0.22816094415232682,0.22555342689303262
3508603,0.30241029208312875,0.505735351656445,0.38388574434621175,0.5046046147784572,0.3846646863052728,0.46589375412186157
3508702,-0.6603891078540302,-1.1044006319693525,-0.6355198352310961,0.4171136381892468,0.25853328375653867,0.14251610069429774
3508801,-0.4608260457794467,-0.7706616752668368,-0.40621136544510905,0.36419454929901,0.24854243888448954,0.3297911791842795
3508900,-0.16137362157288443,-0.26987290906025957,-0.17985025483479383,0.5892881928597286,0.15690877170073414,0.31063708107770477
3509007,-0.1533928800291806,-0.25652632914301665,-0.14304087062556992,0.5111225312679878,0.3080931050742834,0.254546675753176
3509106,0.36061142963242965,0.6030679277488278,0.3762312586148887,0.6203316395306137,0.3475845642678306,0.37692354543136547
3509205,0.15250683532058537,0.2550445537404735,0.17004297341618063,0.5610578928783204,0.3130587021997468,0.36767280973486244
3509254,-0.3096226460031023,-0.517796919802366,-0.29212825476626364,0.4879337544456454,0.32443957537831475,0.17807455736216618
3509304,-0.11643952009859958,-0.19472743879889332,-0.07243333288350465,0.44956453042571826,0.35463435205550503,0.3125694292356628
3509403,0.19329378453088766,0.32325454077423355,0.26379164901136476,0.45675778337817824,0.31357262520876955,0.5308828025014255
3509452,0.05133242600539361,0.08584569770555286,0.13216795908401285,0.39321027629678235,0.2982515970188751,0.5486313702850899
3509502,0.3075557735501762,0.5143403890751571,0.37535162666305616,0.4667955606062168,0.43542874248038727,0.4528501080580492
3509601,0.2064008048112893,0.34517404445585737,0.25465295948413513,0.5276075292118834,0.3634846574814519,0.39180688790571994
3509700,-0.6913240319985275,-1.1561346011835425,-0.5943551635271952,0.2744591936046114,0.1974407707586201,0.3791843279267731
3509809,0.03201546840521969,0.053541015620952565,0.11126387082017056,0.3993199230116737,0.3675256343238175,0.453183326612522
3509908,-0.5154136658629959,-0.861951191403587,-0.4694130035339079,0.3956557972974686,0.28732024959191915,0.22004867333173994
3509957,-0.5084231339302515,-0.8502605868910256,-0.44826232159657153,0.38665999247430055,0.3107781386633921,0.22121182523375138
3510005,-0.32346244557748094,-0.5409418857239593,-0.23473715619895671,0.37712915593370405,0.25188273428258906,0.40182535449252715
3510104,0.2768378291418313,0.46296928556374944,0.3899334328464985,0.3994022094347893,0.44802791847954254,0.5097638604477073
3510153,-0.27096620917374764,-0.4531498916241557,-0.21437429059961327,0.43312062344841734,0.280884798162798,0.32667567052643853
3510203,-0.07938460930309757,-0.13275872003382555,-0.030211156011662688,0.3709053196789925,0.29386090833549017,0.49500516168390835
3510302,-0.5592823056549083,-0.9353148385831418,-0.5232834342768247,0.3365621386297457,0.21527044038175094,0.338222894717454
3510401,-0.2978992140846487,-0.4981912578288319,-0.20278884124942165,0.30101243079944345,0.3506039590978555,0.3996229089849171
3510500,-0.7076223327400338,-1.1833910374646277,-0.6943549798451537,0.39655949211458336,0.2427761836387513,0.14910321068512306
3510609,0.4373847185610417,0.7314596104745613,0.47621944912239716,0.5770342696142683,0.3163794582095245,0.5135311611672657
3510708,-0.361802528377654,-0.605059859764845,-0.3347366648544821,0.5085590118440463,0.22554848125476668,0.23181737461289667
3510807,-0.7099260204544767,-1.1872436058026463,-0.6666733585466992,0.3292196019978509,0.2636480445623565,0.21477676444686286
3510906,-0.9779881328320124,-1.6355368359542062,-0.9598442985562597,0.3393513710928339,0.16946326033394102,0.14184502539068286
3511003,0.35153618365350453,0.5878909551500949,0.362046590565962,0.632131149138139,0.3400567492458779,0.36364836127815164
3511102,0.47498103690264903,0.7943337512536515,0.6161265827820162,0.32725592404334947,0.6733231014362954,0.47918837712982526
3511201,0.3853844550008073,0.6444970557390436,0.4635546105984203,0.4723962336703844,0.5273463391678881,0.3891042524842437
3511300,-0.6664992876645279,-1.1146189810667329,-0.6127697656506184,0.3504371284516818,0.19057077086828322,0.29050066648457196
3511409,-0.7500328546017928,-1.2543162035360065,-0.7072068713564789,0.30951949989182154,0.2745101382160324,0.20134265026543532
3511508,-0.7141135005575421,-1.1942465312252242,-0.6513420389286203,0.27889659910562253,0.2238036000380554,0.3173482772246641
3511607,-0.910142319159225,-1.522075001702901,-0.8441976536949422,0.2444703918981059,0.20092816269774463,0.271777241419833
3511706,-0.7288391707539636,-1.218872981416003,-0.6956756265162587,0.32394669236363344,0.3049395489868954,0.16519647399727963
3511904,-0.16262261853334276,-0.27196166706073654,-0.11634709959659734,0.4033047712343712,0.5065745551228227,0.17589351358166894
3512001,-0.41323480662060363,-0.6910725451946786,-0.3887976110073713,0.4766834084922344,0.2392419366581391,0.22657901215957796
3512100,-0.061927542058925616,-0.10356442250907522,-0.009474769322193932,0.5041269880400371,0.2435008194239315,0.40041168532165733
3512209,-0.4922582984542969,-0.8232273510259802,-0.4364998117146832,0.3247443383456045,0.2981089479835355,0.30791935355999295
3512308,-0.47890172494696953,-0.800890507418169,-0.4290470333466518,0.33436913451869127,0.2961539489536583,0.3048332847163241
3512407,-0.3860980681034446,-0.6456904654306346,-0.34161616755547697,0.3634732075827336,0.3260875132068268,0.2890521329538679
3512506,-0.40308249198496454,-0.6740943386097968,-0.35277050510522023,0.35393982168905297,0.39077524902251537,0.22402736369064655
3512605,-0.3433076789737568,-0.5741300289621891,-0.34010974307393554,0.5406237783199795,0.18050146440800682,0.24594106266420446
3512704,-0.945447026300664,-1.5811167702826403,-0.8926597027651655,0.24063221092020162,0.27651891570838366,0.17488503964497407
3512803,0.6660239139218888,1.1138239905746907,0.72077602140974,0.5395446563524795,0.5182579213573338,0.4758584742484304
3512902,-0.6754990264156934,-1.1296696792780412,-0.622355553940574,0.36877949134862514,0.26012027911538055,0.19343474038101852
3513009,-0.08181280137055495,-0.1368195030206274,-0.053701363742665625,0.4872246856803097,0.286337385208506,0.35167994838441713
3513108,-0.714795251479249,-1.1953866562512494,-0.6534251917329976,0.2879380843845459,0.21344830574534954,0.3200170403314493
3513207,-0.5608522957191879,-0.9379404088697421,-0.5327059043696685,0.3635140755568797,0.37069659527411086,0.13735928681430135
3513306,-0.7472771134036947,-1.2497076443024762,-0.6991552694179854,0.37995918140551765,0.15237571281247933,0.24965045130214766
3513405,-0.34262333873288964,-0.5729855736925501,-0.2663183478579845,0.3837258904826542,0.27852124505214554,0.35492155436157713
3513504,0.6310457844023107,1.0553283735405794,0.6803366253330825,0.6222534560222305,0.4140168000595228,0.4686850030390554
3513603,-0.3141499105183368,-0.5253680831244941,-0.3101240021405646,0.5269602469502227,0.26097006042442117,0.19606776894120184
3513702,-1.1953975777666705,-1.999121161507642,-1.1521719152179375,0.2480003978515495,0.14357921301700946,0.16183242676863333
3513801,1.1135222226159276,1.8621970467762063,1.1768577629755679,0.6356449983089547,0.5705825954233391,0.5626371324711611
3513850,-0.5256804483381291,-0.8791208280904709,-0.5194361798950023,0.47964075213169705,0.18206799834144058,0.2171593086644962
3513900,-1.0929088240954394,-1.8277242638633553,-1.0600468309364792,0.29848763794329125,0.18621943786847406,0.11404329142108256
3514007,0.35076381842590326,0.58659929143952,0.42525260481876287,0.4696972185644055,0.49385975225164475,0.4126058655185618
3514106,-0.9279423315088604,-1.5518428229074033,-0.8885160873036465,0.2788493335262629,0.2509173698285168,0.16023200283782246
3514205,-0.08340013876351489,-0.13947408408364673,-0.07511058571028356,0.6045872511258799,0.21421926858032803,0.28599079491216467
3514304,-0.7719568844296776,-1.2909808185474685,-0.7252681418994503,0.327931832203239,0.1963282197742354,0.2527666640080433
3514403,0.3616959385090588,0.6048816043744427,0.48642937733044866,0.3727896820268412,0.3562597203706379,0.69789978425433
3514502,-0.486357900332322,-0.8133598299883373,-0.46361616424790764,0.4045812517345089,0.23980464658185194,0.2685895272024209
3514601,-0.749213803571308,-1.2529464649002162,-0.722516163595652,0.3772408193214092,0.2154827261060902,0.1795358588157633
3514700,-0.02962081549385869,-0.0495363217863609,0.05629408698377472,0.4213988479609254,0.385951506632092,0.36947488609104934
3514809,-0.3729981524626921,-0.623782843181374,-0.3781713087916601,0.5284960969953726,0.2596115525986344,0.1569986103941857
3514908,0.032171477019032356,0.05380191636816091,0.10218116587286902,0.45979249415160434,0.3569937174252041,0.3836250887311041
3514924,0.33935939165530665,0.5675271171972412,0.4094831612142612,0.4769964060894285,0.4793765482814763,0.40636865990857984
3514957,-0.22980584594311027,-0.38431542627126586,-0.14160165709421127,0.4033593379298148,0.26525358604008686,0.40889475765036803
3515004,0.8218394847358959,1.374401902643603,0.903334743612951,0.5337797082080467,0.4781752990374482,0.6207405437849468
3515103,-0.11476428370507413,-0.1919258599876987,-0.09480544927244255,0.4931601137588406,0.31124044028484843,0.2962341182050834
3515129,0.287874593246088,0.48142659975423724,0.3078390042620944,0.5631299670011454,0.34828969184311404,0.4070783867845396
3515152,-0.17695099477250745,-0.2959237033593817,-0.17886795579747067,0.5303608168161912,0.2853120839505893,0.23842302868278478
3515186,-1.224397871059657,-2.0476197540179686,-1.197460756631355,0.3057527304466754,0.11093481210398919,0.106648225107137
3515194,0.15919796934158242,0.26623446065064954,0.18536671402641008,0.519013368601613,0.39515892731837515,0.3353707931195478
3515202,-1.18645609718964,-1.9841678912574658,-1.1876261186806618,0.3818923542802708,0.06200219719888032,0.08065648905855431
3515301,-0.6923829669777596,-1.157905509344155,-0.6930972854344825,0.4281738085165118,0.18335868616108675,0.1812388830727646
3515350,0.2254946720025756,0.3771056416642361,0.223631835163559,0.6313998722542672,0.2839140454265322,0.3534147694575516
3515400,-0.6749734271934521,-1.1287906942882795,-0.6420651807635701,0.3760368025052179,0.21906281856013368,0.2224945161274454
3515509,-0.6295970915779446,-1.0529056544924735,-0.6402996026491035,0.4818836499163,0.16773442540762581,0.16160031535049044
3515608,0.10060580190648792,0.16824794637568125,0.16353554545110466,0.4199382243615671,0.4984810056574544,0.3190665474012878
3515657,-0.5447002696939802,-0.9109285948684612,-0.5143670997218427,0.40755594064811634,0.23355357610440522,0.24363471444139248
3515707,0.82517739459044,1.3799840506665988,0.8777213690468504,0.5989087462927419,0.5840281029659372,0.4241366418597971
3515806,0.11141735055109547,0.18632862186482213,0.14065528810734548,0.5574914410208528,0.31134396208511256,0.35238161774066007
3515905,-0.3919698941546567,-0.6555102040130071,-0.3526429865531603,0.4278082212920189,0.2613438484617728,0.27425198654303745
3516002,0.3190059499176791,0.5334890725801338,0.3865713036427551,0.49165296638116723,0.3441764413424672,0.5265146335272327
3516101,-0.45854258620307903,-0.7668429354220628,-0.4343985529487989,0.522433549924285,0.16329235763162855,0.22537205520178957
3516200,-0.33623859604939266,-0.5623080598287473,-0.29188149440456657,0.3599301988554083,0.4949831565591625,0.13969587680557713
3516309,0.5900741668464186,0.9868095567045883,0.6077349923143316,0.6507181915778247,0.3994278796951896,0.41610429870739546
3516408,0.33173394979355336,0.5547747221152991,0.3470745399297514,0.5951684246110968,0.39201379066128567,0.3411052700942399
3516507,-0.8382782558866086,-1.4018932543811295,-0.7691234852799933,0.22301774505576,0.3743028805637172,0.1556690222096353
3516606,0.0861624517563541,0.1440936336472402,0.16361511671325804,0.4151326278447481,0.4096821911798208,0.4184504350668646
3516705,-0.30921489216625847,-0.5171150133479098,-0.22023574415079922,0.27527972393500816,0.4164778138598673,0.35711240358358426
3516804,0.03357341323782742,0.056146442084294056,0.06999242526137435,0.5378560322523288,0.2786494320360124,0.3663736632876555
3516853,-0.06288076193819991,-0.10515853819716886,-0.050942222658706585,0.5328056143516792,0.24692191170381292,0.3493027580364568
3516903,-0.41010335871041503,-0.6858356734627545,-0.3745098977005268,0.41650459326830247,0.2718571073102922,0.265451295163891
3517000,-0.4421924238906468,-0.7394997685286395,-0.4138107289839388,0.4181156765092193,0.270130237100934,0.2481207511393745
3517109,-0.05207208259095462,-0.08708266117272478,-0.01594219178923105,0.48584130597483294,0.41591626551514116,0.23417458680292783
3517208,-0.3091278148049031,-0.5169693896667081,-0.27315643143616036,0.4876060176301029,0.2564460998431898,0.2559565305606006
3517307,-0.0859553367136794,-0.14374726514827482,-0.04670768179798972,0.5068015237658346,0.30144483386498516,0.31548121982510774
3517406,-0.41280218860339946,-0.6903490571693323,-0.3952670774948442,0.42635190257254213,0.34435042693341744,0.17329390020626043
3517505,-0.3460510304911233,-0.5787178683336455,-0.29725616884496886,0.4444936896130847,0.1925687598652888,0.3572211756098396
3517604,0.43079918284319285,0.7204463007119529,0.45988313310452483,0.548416600080532,0.36350383007179143,0.4902252973293529
3517703,-0.46019829321915523,-0.7696118543111897,-0.48335935962983,0.5718541665531899,0.1474955017324048,0.1711005710396908
3517802,-0.2218641968344425,-0.3710342225230808,-0.20187225995208138,0.48232251054550773,0.26696814700055,0.2959537109261465
3517901,-0.3977071273791261,-0.6651048565042473,-0.38153549569625467,0.5331387194033635,0.16233019602828394,0.24635709200617972
3518008,0.3977574906399381,0.6651890814201452,0.4477945674596633,0.5312007794076813,0.46553147297243064,0.3900397323311711
3518107,0.09807917375913845,0.1640225439735249,0.174203829366356,0.41708331885531025,0.37698903250940646,0.45508994491493127
3518206,-0.8979010587416514,-1.501603350095561,-0.8881782967283819,0.3784849755420794,0.18866109075911494,0.11676603063872319
3518305,-1.090479708828117,-1.8236619369647868,-1.073313843213338,0.3615482109076123,0.13594590900353823,0.08650524858494718
3518404,0.09874299006782827,0.165132676079142,0.18623975558617853,0.3723871308653215,0.545510305890896,0.3351088608786701
3518503,0.1590692433631097,0.2660191859735154,0.2632011377685635,0.3622413017999708,0.325400602216589,0.6216349129564538
3518602,-0.3678396420051129,-0.6151560167519015,-0.3584906560279418,0.49930970661634483,0.2470578440964306,0.21065114835458076
3518701,0.33859374338948023,0.566246686586578,0.390905742462807,0.5730642123953649,0.3644704583023439,0.4146350240300795
3518800,0.4153075836715617,0.694538950466638,0.5006026062499053,0.46283063755757037,0.45715022441440056,0.49791080290964923
3518859,0.01761807501141268,0.029463558597923614,0.03045799399898561,0.5635758011636004,0.2778050241963124,0.32255340450571807
3518909,-0.14526296455355336,-0.24293027844751552,-0.14539484873576175,0.5614521653041386,0.23466867307164496,0.27516464147390396
3519006,0.3052292669526399,0.510449659615749,0.35158588814961456,0.5021983564079195,0.39323611616477067,0.44613756695818885
3519055,-0.843041934978644,-1.4098597852296455,-0.8065942563534954,0.3597042629366453,0.16357308664847636,0.2076125051767849
3519071,1.5655922740916843,2.6182156494552187,1.644656772482746,0.66549640477661,0.6648926924542228,0.6891463130416583
3519105,-0.6743218359788223,-1.1277010067984885,-0.6113495369673952,0.3183051772491131,0.22779147268523028,0.2890160854300187
3519204,-0.16045247666833445,-0.26833243390308115,-0.08419505253074758,0.3617667123357841,0.33119389956827944,0.4239645415425395
3519253,0.1760457264610444,0.2944097793963862,0.18090843118118544,0.544729641370728,0.4049403944874328,0.2997278137412991
3519303,-0.21049067080633965,-0.3520137250863892,-0.15275085590581097,0.41109939914667165,0.315678472360235,0.3490951097544534
3519402,-0.7946020923000531,-1.32885149446517,-0.7413016188540051,0.29784035856204333,0.2664251071085632,0.20173464376683148
3519501,-0.17099661765724405,-0.28596591064161586,-0.07536129703386152,0.33130185381020205,0.4418609124059342,0.3411998869170447
3519600,-0.48539691884724695,-0.8117527341916236,-0.42968192794139926,0.376885141145455,0.2226424739987666,0.33077235680288236
3519709,-1.0956396381376767,-1.8322911362090215,-1.0385557500232139,0.24326224729273369,0.1755792864284623,0.1960048334966941
3519808,-0.23520687881068122,-0.39334783465185813,-0.22022747827270403,0.514601362675565,0.23982541305944607,0.27794995692360003
3519907,-0.5920948011707623,-0.9901887611739586,-0.5516684783412374,0.3294849870857362,0.30056700096751815,0.24154015245930505
3520004,-0.5025049340273725,-0.840363295074539,-0.48954863399225385,0.4706195190598059,0.20030924109436873,0.22017242252704097
3520103,-0.07169612798230524,-0.11990090101685218,-0.04264271755773937,0.518765397695535,0.3019779424976438,0.30822228648834127
3520202,-0.8163069881588502,-1.3651496411459643,-0.7932472997161462,0.36376955662397553,0.18019718376014204,0.18930676273607885
3520301,-0.1585149844925833,-0.2650922720683584,-0.11881735414796582,0.46017154202784877,0.3494026361818017,0.2805469276011508
3520400,-0.8722738569342697,-1.4587457415507297,-0.8239837369673878,0.31979738974407024,0.1911394928239709,0.21016583708524417
3520426,-0.39122534387855523,-0.6542650565905557,-0.35737364569810753,0.4305816603711045,0.3034467738391374,0.23039035084303774
3520442,-0.08039592440164178,-0.1344499911657523,-0.06815960706318629,0.49666071814354673,0.3803105043879393,0.23642281169880097
3520509,0.7637265737472148,1.2772168720939103,0.8863438485726272,0.4586366819884217,0.570262567913249,0.5876937821195424
3520608,-0.3913778424070343,-0.6545200872523635,-0.3716608422689562,0.42540181408989675,0.26985472265157606,0.26232103133687157
3520707,-0.25287621696516316,-0.42289712308228355,-0.2117101543225497,0.4956242284534207,0.24402654083129272,0.29678722162324417
3520806,-0.6261604354994786,-1.047158368385268,-0.5731539336277581,0.3265895703756966,0.23299696433338754,0.2995124763229477
3520905,-0.28306991581820745,-0.4733915054065982,-0.20351076982121832,0.3448018871459297,0.3303359702190742,0.3739823386838925
3521002,0.12151609719572927,0.20321724410856934,0.1615552837910168,0.522159959542159,0.29790602717837217,0.4178444693855324
3521101,-0.7941998010645459,-1.3281787233830218,-0.7579640197563946,0.337965183744186,0.23741810617541836,0.1790740902612815
3521150,-0.33626330619826406,-0.5623493838053318,-0.26273535906401896,0.35739899223772936,0.2971946559308234,0.36109837292501773
3521200,0.08151837339794676,0.13632711688773916,0.06064460300111758,0.6770864729675052,0.29042460356748356,0.20026644256751383
3521309,-0.48995628826865184,-0.8193775881004715,-0.48987455648088957,0.5305421457764904,0.20190666466613935,0.1520833090113833
3521408,-0.29521133229777524,-0.4936961831693963,-0.24907326749104244,0.3779042407151619,0.34420070470237857,0.3061770002707227
3521507,0.04353809777206399,0.07281086577951133,0.12150014513794671,0.3695697097529694,0.5008578017222411,0.3492542606130673
3521606,0.18792732674599996,0.3142799539759654,0.26913824632681493,0.42167272447905996,0.3513883568472534,0.5330273459305533
3521705,0.23990804304173127,0.4012098188760304,0.2803156208425514,0.5102238223181349,0.2800095656938515,0.5178894016326211
3521804,-0.5502396467793853,-0.9201923629728712,-0.5411226638918963,0.440487437646502,0.20370423514250513,0.22306750456312732
3521903,-0.5556229889701128,-0.9291951863793119,-0.4577259357857102,0.26855530602830824,0.3621359462098228,0.2810297327416808
3522000,-1.0745376260985564,-1.7970012212866504,-1.0489251491628895,0.3023489495836434,0.19054458657804937,0.1115836430642635
3522109,-0.354014395037663,-0.5920353878584296,-0.3162186256682125,0.4309467773522493,0.2545723056518649,0.3030545757008652
3522158,-0.03532644157743411,-0.05907811612781804,-0.03426263374923271,0.5848500986636153,0.19626222258183038,0.34995447849797756
3522208,0.3070394316931342,0.5134768856247709,0.3443009322114332,0.5520963547554737,0.4002182347520205,0.37793409122935423
3522307,0.09197310195806115,0.15381106489890245,0.23196701660079055,0.2979961985224619,0.2665806014741803,0.7316332675525009
3522406,-0.035542361547154885,-0.059439209531961745,0.03615188814605094,0.33923926008423866,0.2692621230149242,0.5858413475797617
3522505,0.4388886684712283,0.7339747386187212,0.43747960192127683,0.6352530307747483,0.4678316873249185,0.27256382683737695
3522604,-1.1122715207935672,-1.8601054376527477,-1.0646145319925062,0.2846539593584351,0.17412353092534638,0.1356879119504101
3522653,0.5270301473440013,0.8813779949899943,0.5889067743773273,0.5485884953718939,0.4342848179061896,0.47992080789493835
3522703,-0.3561283721908313,-0.5955706940531584,-0.2589536208333105,0.33743060207463066,0.2901128609321935,0.389416682918356
3522802,-0.39313993382491047,-0.6574669179198377,-0.3402331107056204,0.33472269940105,0.2382398262707608,0.41558349866621985
3522901,-0.8325223594835002,-1.3922673905539686,-0.8144909251553717,0.3695126642278388,0.21995230480034741,0.13577723490249216
3523008,0.1613892388815544,0.26989902664057674,0.12372111368367407,0.710040940501758,0.26634493540670934,0.22767865836929232
3523107,0.12694106844840472,0.21228968580788735,0.13426283553730853,0.6115331007032422,0.33217390807166725,0.26737625005617427
3523206,-0.5229315576085621,-0.8745237252266551,-0.45543608298343347,0.3289431808129984,0.3201901215719421,0.260906717071691
3523305,-0.4312287397695026,-0.7211646695270062,-0.39731659787066365,0.41220570604371476,0.29240625716053215,0.24162521708423848
3523404,-0.37119391853940453,-0.6207655355646958,-0.2987760334560827,0.29106230969694624,0.3003548439326984,0.41903346255843177
3523503,-1.0045863641691908,-1.680018344126718,-0.9827336802596679,0.34145399617019256,0.13211191528906235,0.16453969362880774
3523602,-0.7201964403008382,-1.204419325441286,-0.6929022607923311,0.3815465837153747,0.21858815606952584,0.1891369146221674
3523701,-0.1516400964221651,-0.25359506437763635,-0.14916721682972184,0.5279891117339464,0.4094169465080511,0.1246447055125139
3523800,-0.652384105073719,-1.091013478813207,-0.6582479434759491,0.45669723623899605,0.18767395227012748,0.1606501587736394
3523909,-0.3198137879672871,-0.534840059205905,-0.24692223962995868,0.3667400085396822,0.20436441498425198,0.4586158870322934
3524006,-0.10055458649355992,-0.1681622963646018,-0.031937841910878666,0.4307969756965982,0.3147323970008084,0.39011989559495347
3524105,-0.40986417034886674,-0.6854356672020334,-0.38684759106049005,0.4582813997089352,0.24103999785124106,0.24757001418778599
3524204,-0.2571268142059225,-0.4300056023456627,-0.26778588803188774,0.5934062769446492,0.2082004043803105,0.19723805325450236
3524303,-0.6329401885833272,-1.0584964772385923,-0.550870282844363,0.3007773540009168,0.2810275771629289,0.2825471623606738
3524402,-0.18540839940345794,-0.3100674300019883,-0.14089252303512348,0.38118510672018485,0.29665050522974323,0.4134509730817637
3524501,-0.6692909368419243,-1.1192875909500364,-0.6429184167072958,0.44252225934943773,0.1070661347370696,0.26002046826219855
3524600,-0.7150553247771427,-1.1958215894007156,-0.6875258382007309,0.37936023151714376,0.26550212648271015,0.1453065382074432
3524709,-0.08753583105892507,-0.14639040225177036,-0.017412776331010335,0.37601713133446296,0.3385123475970682,0.4401748156044696
3524808,-0.6456836735131442,-1.0798080231781,-0.6077847663792284,0.3952441847525214,0.1763245849421715,0.2607650777931534
3524907,-0.5917981519999319,-0.989692660423898,-0.5158569153149234,0.3254723199735879,0.18668158078678854,0.37823043916495863
3525003,0.1783152006888292,0.298205130866595,0.22621346342703788,0.5324628443085023,0.3593944267805255,0.374496246118776
3525102,-0.1293134270132245,-0.21625709572892413,-0.05984407864583417,0.367083533115342,0.30884463873142576,0.4583991342560818
3525201,-0.528334677260712,-0.8835596234379857,-0.47693821436285,0.3699044027677183,0.2688698644450243,0.2633132664201061
3525300,-0.23929719723635356,-0.4001882719039924,-0.1773986401815992,0.285678408028018,0.5217559642480072,0.2607281685669524
3525409,-0.5666039823519802,-0.9475592324944792,-0.576160463695524,0.5173316713682673,0.17199355217500698,0.1523945099504407
3525508,-0.3831782024656542,-0.640807432961913,-0.289866851927527,0.2740274946511468,0.481928686339491,0.24088746294186833
3525607,-0.7439215099992184,-1.2440959065005235,-0.7516974811054974,0.48304418216608,0.142922479407292,0.12579589101419433
3525706,-0.32492581582642716,-0.543389150538779,-0.24005577247689402,0.35948641268240483,0.19928521729241855,0.47502063534996286
3525805,0.5641964131398339,0.9435329381056388,0.6261615187600138,0.55804637248903,0.411592505389861,0.5107524054279683
3525854,-1.0135768453431917,-1.6950535604441712,-0.9761922274523829,0.2858331153139622,0.1263230546412638,0.23315433889093087
3525904,-0.07477158145721566,-0.12504413054757632,-0.00499891046012353,0.40381765680606735,0.3691475372809736,0.37896462614237153
3526001,-0.11644664992724311,-0.1947393623560297,-0.05223827658909224,0.3959253285347948,0.3572035599590097,0.3789554764664213
3526100,-0.7169446053890822,-1.1989811247064595,-0.6946599422908495,0.40516244021357467,0.23469656519664328,0.14500765720669626
3526209,-0.1994185303755213,-0.3334972493547027,-0.16397755397627442,0.4429018110253184,0.3235839517341184,0.304726541538405
3526308,-0.8301245436021076,-1.388257407131678,-0.7668726040141475,0.29011532802609935,0.2334367690584861,0.23378576495894143
3526407,-1.0490029467636313,-1.7542983425455618,-0.9872936383551687,0.23468018640469782,0.20861175988630687,0.19615111267248864
3526506,-0.00209063100634375,-0.003496263304710683,0.00750559083397278,0.5517716711174572,0.3145279569381962,0.28536753133869713
3526605,-0.33422088970185027,-0.558933751956536,-0.28618983076446924,0.4240720461149396,0.33166665779623916,0.24634120626811773
3526704,-0.21094681524882053,-0.3527765574901249,-0.1718078468436223,0.4096000740193417,0.3194719193318009,0.33359387408937485
3526803,-0.7744394369384404,-1.2951325111283534,-0.6727285089567537,0.2886936316699988,0.16776312774897942,0.3458802725887155
3526902,-0.013441216900418704,-0.02247839684621303,0.034883434166601966,0.39906208244716107,0.4246694167105855,0.3543025447101224
3527009,-1.438707876602989,-2.4060207372330447,-1.4055878252760257,0.22139925884194542,0.13821065623589812,0.05907347466102203
3527108,-0.8804243556787589,-1.4723762146418589,-0.8032312241147489,0.29652110259313963,0.18252265448593555,0.2512549825458537
3527207,-0.10186269375427366,-0.17034990737791864,0.005736370457736438,0.3720497170067776,0.37117854535239275,0.4160531546556652
3527256,-0.6827747123641656,-1.1418371606370454,-0.6773646269256162,0.430415040774128,0.24024039887317591,0.12425685962652606
3527306,-0.4873604952786104,-0.8150365179880658,-0.43001073583086985,0.3749664909740152,0.30933978826969194,0.23980558713057265
3527405,0.24049079723636468,0.40218438688931474,0.31482170684672084,0.4195717178409164,0.3918109152632832,0.5189294932400575
3527504,-0.0630515549825786,-0.10544416366237487,-0.0333033716413158,0.47993346818621546,0.354259832664466,0.30178489934460656
3527603,-0.3342555224972419,-0.5589916700546126,-0.3422466281214287,0.5449519611659571,0.19982248219154589,0.22154175727423406
3527702,-0.22954374017353465,-0.3838770941211449,-0.1927733771005507,0.4518152027013744,0.3514176815784131,0.24474878912290113
3527801,0.41136137500668646,0.6879395149345571,0.4795870956035255,0.5197992278401379,0.4147259484363395,0.4679372149220349
3527900,0.16931269866280355,0.28314981149714574,0.2328241748454692,0.463124506246441,0.41798372148628293,0.3896825939789612
3528007,-0.2607821438940791,-0.4361185869022596,-0.18565021063924947,0.40264633219151075,0.24612287471991334,0.4105003078853387
3528106,-0.9504950457034542,-1.5895588171794333,-0.8761023429902539,0.25729768136930775,0.2377840117490125,0.19587540061446776
3528205,-0.5207956040598001,-0.8709516668431129,-0.517708962642771,0.4970917028519783,0.1869108800621341,0.19062346833590257
3528304,-0.4683116072024264,-0.7831801415284148,-0.4542865001378704,0.46833377604451454,0.2015626266099304,0.23835201090089497
3528403,-0.24733976853556172,-0.4136382527105616,-0.23655719714474172,0.5051511935552718,0.245853472512366,0.27545914753375295
3528502,-0.40694073062548175,-0.6805466576171807,-0.364184926784831,0.3695474604932405,0.347487245492107,0.24751974803331747
3528601,-0.3605405933638811,-0.6029494648323123,-0.30868785613945116,0.3418666650618334,0.34570719835709296,0.3105011172798967
3528700,0.18491447310849793,0.3092414131797658,0.20676027494879154,0.530685560965245,0.3591925009168802,0.37458028189467024
3528809,0.47623196093523773,0.7964257319900175,0.5689270478609174,0.48752660679527965,0.41425612431518205,0.5499119052864642
3528858,-0.3799159372892991,-0.6353517891913399,-0.31406497798316846,0.3397214659407413,0.3576839609718376,0.2906194278589454
3528908,0.04156409075482119,0.0695096384100303,0.08639054844381613,0.5195744984887626,0.25233437106771395,0.42827450804043926
3529005,0.6120247769127996,1.0235186231339248,0.7648547948805431,0.3307190953748108,0.5590298622308968,0.6784989303589447
3529104,-0.22060679346608383,-0.36893140608025926,-0.18608527712933112,0.4601965654538462,0.3652050249948073,0.2262059944284062
3529203,-0.6456762258770109,-1.079795568136134,-0.6053510117793947,0.34936675165495856,0.2803702846266937,0.20795952509811708
3529302,0.03868048498039014,0.06468724506380925,0.10433576341200099,0.41961202441149864,0.3922540241729678,0.39926158452862753
3529401,0.7953517421024343,1.330105170071959,0.8895777386173422,0.5417871846748885,0.47908025129036336,0.5979553967328722
3529500,0.23303887940063592,0.3897221844252159,0.30581061608085125,0.47377905984440366,0.32033630436740773,0.522181419748938
3529609,-0.589164136280399,-0.9852876685930632,-0.5820446054925441,0.5105717166915151,0.1324110839769215,0.1956121799246102
3529658,-0.618531264607347,-1.034399737065542,-0.5870841538739717,0.4266336678959462,0.1872900437431854,0.22543766099237514
3529708,-0.31329473243129613,-0.5239379274654417,-0.30797982721911943,0.5221875934764829,0.25681514371428477,0.2056245924138934
3529807,-0.5134580159277614,-0.8586806634698326,-0.4715145857041186,0.3632729867806804,0.30994565092773435,0.2330092778874592
3529906,-0.5208632598274853,-0.8710648108542712,-0.5164816221727099,0.47232643413860087,0.23430136131020796,0.17271775200312803
3530003,-0.3739842353674025,-0.625431917295687,-0.37091309882585066,0.5604849402866737,0.16562365605451876,0.22385436457222527
3530102,-0.4793228908505,-0.8015948435201596,-0.4644517303150643,0.42834640650073696,0.22638182987942423,0.2549461088026065
3530201,0.2776813665395955,0.46437997393534886,0.3015114880426128,0.5616052381858413,0.3452093076959482,0.40489278317138516
3530300,-0.4707847530411102,-0.7873161028801554,-0.4083057233937215,0.37780396552594847,0.1748048312220197,0.3894523769430693
3530409,-0.7354785897271172,-1.2299764027514757,-0.6863137652762101,0.3389472077170527,0.21903183907509116,0.23621601067261974
3530508,-1.229725497074069,-2.0565294005691253,-1.1969465482325459,0.2815581834756249,0.16835580968018812,0.07751716004741288
3530607,-0.40204582908828945,-0.6723606771296015,-0.34864947564003657,0.3741553618066929,0.32194329532172655,0.27328212486846426
3530706,-0.08793879709005151,-0.14706430182725608,-0.027604168724977136,0.4308690850147962,0.3367518334772832,0.36907361430504326
3530805,-0.6684763873370279,-1.1179253804331166,-0.605848180792663,0.27490353819699703,0.34318820013155343,0.22457032103170746
3530904,-0.706895579536649,-1.1821756529472907,-0.6520669835608814,0.3505915046737065,0.2044563674505562,0.2551105266497185
3531001,-0.7040799586184657,-1.177466953962941,-0.6999065347429657,0.414441889949093,0.20002084412527257,0.16780093439068422
3531100,-0.252696284298332,-0.4225962129845898,-0.22103681745040318,0.4592025986489443,0.28827808572294394,0.2878435769025797
3531209,-0.8466301658336001,-1.415860557163548,-0.8014338198658729,0.2952181494340215,0.2748309916988653,0.16279718024817147
3531308,-0.7059408375684547,-1.1805789917963097,-0.6507994187636192,0.33751754520322375,0.2566760785033483,0.21513869178125156
3531407,-0.3391987815639621,-0.567258521176695,-0.27939460341311917,0.40103877677269023,0.23925101327206022,0.36468219166577737
3531506,-0.7407983166163378,-1.2388728392136865,-0.6891528745009438,0.3670961587867818,0.1593324487065417,0.26398873553631225
3531605,0.563547938684381,0.9424484629229009,0.5832999155873824,0.6168375280324473,0.4139916256600659,0.4279111354930352
3531704,-0.5749842930109825,-0.961574031160643,-0.5273377286532746,0.38501732644126635,0.23816621006910807,0.2548759513838934
3531803,0.8197886244361516,1.370972149814277,0.8803402753880339,0.5849667908314161,0.4634773046354403,0.5692636778119131
3531902,0.24457540578246773,0.40901527523379777,0.29807467620841366,0.4863150548303568,0.3308514156365887,0.5037226395511005
3532009,-1.1064464464387884,-1.8503638841925596,-1.0632218912289724,0.2671626331889912,0.16602213946264802,0.16694026303777657
3532058,0.23607845860150836,0.3948054196731032,0.27812510320225586,0.5191184915371567,0.3916041274758612,0.39254269063520425
3532108,-0.47117926856257786,-0.7879758702597938,-0.45729753232677034,0.45338385183241253,0.23645175374195446,0.22018723141778665
3532157,-0.6526689836753019,-1.09148989507126,-0.6857898993980929,0.5440422599031766,0.11952272929284424,0.12152247413137122
3532207,-0.2880489884748209,-0.4817182493264884,-0.29529967786541067,0.5173470813901249,0.20136112015114024,0.28235244286895783
3532306,-0.14821053447001561,-0.2478596421208399,-0.0722858054121864,0.4131356989668474,0.2536874260816666,0.45845848391707306
3532405,-0.5240358595265959,-0.8763705027123175,-0.4763622339160294,0.3488117673993865,0.2519761633844471,0.3061672210545867
3532504,-0.5934225781904692,-0.992409266876186,-0.5658035479022581,0.4354413119760878,0.1636679458979408,0.25045808732792524
3532603,-0.8205077064943963,-1.37217470550473,-0.7682268618892208,0.3111871372080683,0.22726772677875604,0.2100528740963852
3532702,-0.6885633270512468,-1.1515177408322788,-0.6678208206175545,0.42611585366316057,0.18781212780553802,0.17830611088232673
3532801,-0.351853979315345,-0.5884224201994113,-0.3141064936344741,0.4141519899580089,0.2307113871688833,0.3461881196929688
3532827,0.09668842264984376,0.16169672365676002,0.13774076798375973,0.4565227132264713,0.24948108214499384,0.5371821734901526
3532843,-0.3914761622905379,-0.6546845123468799,-0.3829272061863659,0.5496216613036821,0.1782574110096626,0.21418089925346226
3532868,-0.9519089682364493,-1.5919233881882886,-0.9432973098527826,0.38425103462137766,0.12800559929504587,0.1431075009603081
3532900,-0.07461432950460643,-0.12478115050478854,-0.05233615721241742,0.5132766442742719,0.2757662355024116,0.3382369057857219
3533007,-0.322047370346677,-0.5385753870028304,-0.2835434114358663,0.45053241630199664,0.25664882995641225,0.29465067430337927
3533106,0.019778437169324228,0.03307643667859535,0.017897043394832564,0.5898103419791907,0.2551612966670981,0.3129019021712609
3533205,-0.2146751255430287,-0.35901159104251273,-0.22281853683757447,0.5145918606280285,0.28936496928461264,0.2306918049781723
3533254,-0.34514102084536924,-0.5771960152080922,-0.29965267396252104,0.44683652687193964,0.24600522770586952,0.2993279127002879
3533304,-0.4006443738733381,-0.6700169558194506,-0.3846686760402356,0.4710746567097182,0.1976894900881304,0.2830051079197439
3533403,0.4706426828550379,0.7870785120395191,0.5287358052804021,0.5573605957624753,0.34931321766500817,0.5223612841536894
3533502,-0.09203315968704294,-0.15391150234260512,-0.006617208171225513,0.37394481866955304,0.3514592070369808,0.42925061685852445
3533601,-0.5593264274134456,-0.9353886255330365,-0.4919498320738485,0.32101910082229956,0.20231633853065178,0.38385343414713785
3533700,0.24791040469892442,0.41459255515429877,0.32987239168852445,0.45677934592068886,0.358936023388788,0.5173434239313942
3533809,-0.4255758447052382,-0.7117110598184554,-0.36689300094663657,0.3055020807485551,0.4150069906083738,0.24846906631330945
3533908,-0.4599492531221263,-0.7691953725169363,-0.40003940244298053,0.3793693667066865,0.2731338779141918,0.28924039721333095
3534005,-0.13804907455183207,-0.23086614143782488,-0.11039109776836761,0.4955819232188888,0.28561337608264875,0.30973276270925654
3534104,0.013229587550261388,0.022124478852598144,0.08066374949765781,0.4064414628412211,0.3626962893036918,0.42999893732227346
3534203,-0.5944633876921005,-0.9941498629243198,-0.5729810395173571,0.4225088706642984,0.17271402274225203,0.2576353920073054
3534302,-0.703938336264092,-1.1772301120529047,-0.6549957864579383,0.351057620740322,0.235970655338813,0.22435537773177594
3534401,0.13979613010313782,0.23378782689871577,0.18637651020294183,0.5135202309123894,0.35778133710338933,0.37623405082440065
3534500,-0.5848179769453153,-0.9780193762193391,-0.516789113762004,0.3084971866923402,0.28470673223233084,0.2905747633819654
3534609,-0.5197530672013635,-0.8692081820526835,-0.45381288892108274,0.3414924282527176,0.21200097263142326,0.3678294910687754
3534708,-0.19061134865824164,-0.31876857358044614,-0.14586332831249668,0.38923622566481636,0.366762578801403,0.32415907161665275
3534757,-0.11387385240211136,-0.19043674867132196,-0.08288983085708691,0.5268387040470907,0.27094186108939494,0.303809142750496
3534807,0.6722751660648432,1.1242782617538645,0.7202204567583165,0.6079152825975546,0.3919936731266878,0.532427153171738
3534906,0.026771947654157743,0.04477202236781545,0.116946889534057,0.38318990115557033,0.3006846581238942,0.5438860173038491
3535002,-0.5768632857386533,-0.9647163615401503,-0.5003768164671296,0.35715671591927506,0.1636747421940836,0.3724548137075326
3535101,0.6063744367429728,1.01406928609886,0.6924319699330409,0.4924976241890166,0.4946322815480768,0.5265759311734021
3535200,-0.23401542887510518,-0.39135531532323703,-0.2296418071546763,0.508339058442063,0.2346612609741792,0.2881597924845044
3535309,-0.4839473211876238,-0.8093285019437729,-0.4208074303407299,0.359433176022079,0.327386029763186,0.24409439161927013
3535408,0.17134128920499753,0.28654232153427567,0.22905945084982487,0.4777144507007301,0.3736248247355189,0.4234710210567177
3535507,0.5119512924471742,0.8561608969498022,0.6048652618094459,0.48675654048811784,0.42845354132443475,0.5598280195516864
3535606,-0.5496594468491058,-0.9192220665793535,-0.528165587238653,0.43127491733892076,0.18956074366326,0.25378735888872533
3535705,0.14172787890324046,0.2370183838086746,0.2277083810990216,0.4006521333480244,0.4307562484541611,0.4424995613244482
3535804,-0.33673780146768323,-0.5631429051841381,-0.3265830809071939,0.4978842139112835,0.2242555142929243,0.2579739018360739
3535903,-0.295213637488327,-0.49370003825100184,-0.2380714544400241,0.4387276292633942,0.2705808516184662,0.3121656670763345
3536000,-0.11832604894991082,-0.19788237220230293,-0.06434629158053516,0.4337900580694016,0.2652057012953024,0.4269465788489261
3536109,-0.9877225853927795,-1.6518162315894884,-0.9758950898882974,0.36400388666014033,0.13004736208894274,0.14633513889104544
3536208,-0.6380690234855083,-1.0670736758020902,-0.6183887922888337,0.4205377184224412,0.24406746373933227,0.15940787712023888
3536257,-0.7513355655793252,-1.2564947900840726,-0.6875772994649068,0.35255899139340596,0.20242027124642495,0.23108279642604224
3536307,-0.709816067932308,-1.1870597268841034,-0.6715376532797559,0.3219728214471493,0.3754131618837091,0.10188714614485055
3536406,0.2293256452708324,0.38351236347142814,0.26757113670977406,0.49263197304798334,0.3517964889838711,0.4560524868015044
3536505,0.3213806430697616,0.5374603867443173,0.3915055548805914,0.5046995931716437,0.3771444668206109,0.4762866998438862
3536570,-0.9909556602990715,-1.657223059060214,-0.962830210136026,0.3296639587474433,0.15498141121699985,0.16005628725882393
3536604,-0.3789627359521578,-0.6337577045121516,-0.3622572706829874,0.4633789149467753,0.2583345680887171,0.23781316230719604
3536703,0.4708785758705604,0.7874730073337658,0.5714314259531155,0.4396621736890702,0.4622598450648867,0.5566666871716163
3536802,-0.43652776285701894,-0.7300264820206895,-0.4059351721195723,0.41296592156545936,0.37405831592550504,0.14851106564739006
3536901,-0.26977483071017755,-0.4511574918216254,-0.2560250333928739,0.5258181462804523,0.24716538142121944,0.2403036337014337
3537008,-0.4288562384385862,-0.7171970208513236,-0.43705480109829736,0.5216084084579623,0.2528219168098595,0.1392817337515075
3537107,0.2387230319728032,0.39922806757539553,0.3603290279510095,0.36936058790221055,0.4137041386794227,0.5711577079286552
3537156,-0.9707132895943549,-1.623370763901239,-0.9474501123487001,0.3971154333910232,0.13040052209112823,0.11859869190995477
3537206,-0.08695910867247543,-0.14542592152292308,-0.06344164375928191,0.5103502487012425,0.3550522982348527,0.24823704914525327
3537305,0.14452154230045056,0.24169036216915118,0.23366545493502022,0.418091726133204,0.3045859740442743,0.561848415220254
3537404,-0.44239337097837844,-0.73983582205836,-0.41440557051610993,0.43158388628028094,0.24964981613064932,0.25431628862868605
3537503,-0.7935088407768266,-1.3270231970889819,-0.7545806973349138,0.3527641462102158,0.1728580945145858,0.2319204130396176
3537602,-0.2555610316801025,-0.42738706852904446,-0.19841380252106885,0.40241896202123445,0.3512841090775369,0.29735773062691623
3537701,-0.4955677261067552,-0.8287618668854387,-0.4367357971798337,0.3518106069001296,0.36038315003354143,0.20890336801725107
3537800,-0.6224901242568732,-1.0410203294508744,-0.5725364709156562,0.32334027360424367,0.24630608108420657,0.29240780219019596
3537909,-0.5491241891332476,-0.9183269292237702,-0.5111232901616349,0.3484550114314811,0.20743923532919858,0.3388739569690189
3538006,-0.13320647757132306,-0.22276763238908212,-0.05676692217872987,0.35276772691973995,0.5125222910259756,0.2604665443974174
3538105,0.5328028845935895,0.8910320225789039,0.6473662433440678,0.39516057415192435,0.677692537010937,0.41825194474767974
3538204,-0.7483286434799186,-1.2514661688857935,-0.71599942125153,0.323288373019565,0.33874512624258246,0.11412098415802298
3538303,-0.17949557107038522,-0.3001791213213805,-0.20562873825736608,0.6239680473319121,0.19316744434396724,0.21829481877906443
3538501,-0.11041306182941578,-0.18464910128262002,-0.013440104138606721,0.3575451349079803,0.4219516550365019,0.36631687510272054
3538600,-0.6707781832034486,-1.1217747849422253,-0.6006035463750895,0.2774985957221903,0.3078315917806453,0.25699817611247966
3538709,-0.6156915553885396,-1.0296507540514956,-0.5607307799536407,0.34325668245023855,0.29451606542776104,0.2207499413015985
3538808,-0.7538281494385729,-1.260663258577345,-0.7104349461928963,0.35499846998318035,0.22291688176309474,0.19861206802841339
3538907,-0.6045209162810223,-1.0109695542207884,-0.5541743353563278,0.34881273377147787,0.31869550636450444,0.1898117958514447
3539004,-0.49652935781770513,-0.8303700500863186,-0.41951158526888094,0.31789221240772325,0.30810380622283184,0.3096462333516053
3539103,-0.2726328536703231,-0.4559371017907004,-0.25970793890652233,0.5080460643192959,0.19802864117550925,0.31157711897367185
3539202,-0.07942935875328659,-0.1328335567028155,-0.05490854354750606,0.4553510730232793,0.3449698609038203,0.32954041815956003
3539301,-1.0034220923395325,-1.6780712760585652,-0.9769772830517311,0.2991823014764198,0.16612343309014546,0.17914406454373763
3539400,-0.627682409886453,-1.0497036397333643,-0.5864414291335627,0.3503375759070821,0.2806879451435872,0.21579348966559345
3539509,-0.334767394248344,-0.5598476979307256,-0.3025899436306253,0.45416311449753666,0.22127574974735378,0.31805041330614947
3539608,-0.7238133794450936,-1.2104681076353032,-0.7328358811501844,0.4874572226251522,0.12704645430608474,0.1463838309619642
3539707,-0.38131574828300374,-0.637692760790809,-0.33465634621888474,0.45285201094278366,0.22681067738359018,0.29318881621199466
3539806,0.47577963124876854,0.7956692791871869,0.5342724262849494,0.544594327315143,0.43669201337177105,0.44947044173702905
3539905,-0.6066455740352377,-1.0145227221010082,-0.5258753458002318,0.3255119575231531,0.2320047347101527,0.31721722291040105
3540002,-0.2850891351604045,-0.4767683435329171,-0.18544520194355182,0.2767401879018195,0.3387277897675585,0.4518205054063204
3540101,-0.9036871020052887,-1.5112796299750522,-0.849133016013585,0.3010108484868728,0.23377066028641247,0.17098703276978078
3540200,-0.16103131441834168,-0.26930045225667426,-0.1297884479758997,0.46993961420503627,0.23610449533877412,0.37915177775877057
3540259,-0.10569288940100627,-0.1767553287310412,-0.07579648802523956,0.5142086841826616,0.3000391875360305,0.29318587277786645
3540309,-0.6111527827437198,-1.0220603451278945,-0.5778698780290257,0.43123954638536893,0.20833774646917302,0.20172998783291518
3540408,-0.5961429106082485,-0.9969586102945306,-0.6123530627628754,0.515767809953373,0.1799482699181959,0.12495096792357163
3540507,-0.5556983807029161,-0.9293212676189371,-0.5322339992607822,0.3860946374328566,0.2384389949335162,0.25419361125952306
3540606,-0.15231307381025308,-0.2547205169992288,-0.08227671624137788,0.36199133034783554,0.30927595241628963,0.44982033415313066
3540705,-0.6598651274344562,-1.1035243541815531,-0.6099696287507417,0.3071715771566328,0.31557631634772254,0.2166465794041195
3540754,-0.3044268896743994,-0.5091078053019393,-0.2696160660326408,0.4449026507077611,0.3347983267565118,0.23031044690821353
3540804,-0.4743241779080299,-0.7932352542007101,-0.42988406315083794,0.35891526392689727,0.17781705564040004,0.3990094772373513
3540853,-0.02676585180180662,-0.04476182797922078,0.013091211707224123,0.44138523372514316,0.3490202656084091,0.380034832579686
3540903,-0.49734389507849336,-0.8317322401268241,-0.5054308909874483,0.4965804600631958,0.19932949141656522,0.18851138510995627
3541000,-0.2440871696998306,-0.408198774428739,-0.19689801261136422,0.45927936949822046,0.32117078308741714,0.2600623346775008
3541059,-0.9615360935265643,-1.6080232952400586,-0.9381534619334163,0.33414368941677924,0.13707452655278055,0.1944776980068331
3541109,-0.12265995976005352,-0.205130180775606,-0.06258098723901578,0.40202234101573064,0.4511932952858917,0.2612927682679956
3541208,-0.037310759483875945,-0.06239658689579271,0.0006258236218547535,0.4403168775418765,0.3452260106309582,0.374192901703879
3541307,-0.08150358386820397,-0.1363023836421414,-0.06668513475603036,0.49264494229913575,0.31558274454741175,0.311303843573248
3541406,-0.2514933274886504,-0.42058445015409524,-0.2049638001878805,0.3775961224328075,0.39490472676750127,0.2758682876696099
3541505,-0.015533555274048854,-0.025977515463780586,0.06296105773168899,0.35932956657866627,0.37540820238207057,0.463338632932565
3541604,-0.08253254842427382,-0.1380231708151618,-0.06954648533134952,0.5297229371558588,0.3392755713329095,0.24017372555499872
3541653,-0.5579619520308587,-0.9331067473843607,-0.4899362857235893,0.2972661693485174,0.238427322247043,0.3715720949192047
3541703,-0.5757751428091826,-0.9628966075122779,-0.5280925767816749,0.37555967419499353,0.20123533665795493,0.30277310586224465
3541802,1.011550816565079,1.6916653345689645,1.0886903344793828,0.5210396909768127,0.6510726808525531,0.5543100983998173
3541901,-0.29169034150124884,-0.4878078600359664,-0.2818134943933892,0.5390427068445409,0.2540148529000567,0.20458614737889114
3542008,0.04295398433875483,0.07183402464567631,0.11033182990716536,0.428816997374667,0.30444173767099886,0.4827032031450666
3542107,-0.2605036387613705,-0.43565282930433435,-0.17842502645374514,0.3384950591541333,0.32246188036945606,0.40439251052105823
3542206,-0.7583779202450216,-1.2682720602583506,-0.7415494992059655,0.40012924064227445,0.18181111700373978,0.1823889736789572
3542305,-0.05771397385723164,-0.09651786869791608,0.06021961250740958,0.36124242459164574,0.2257212613248487,0.6113704204145697
3542404,-0.7271237276142952,-1.2160041629194145,-0.7048860741501658,0.3598166667605946,0.2026420481434782,0.2233697082396329
3542503,-0.696770396645829,-1.16524282009097,-0.6335721465914332,0.29142012211005613,0.29384949026186846,0.23929488499545648
3542602,-0.70309113792347,-1.1758133013095737,-0.6767049679224875,0.40052045102771805,0.23410530542266914,0.16141813226307575
3542701,-0.2758967616954835,-0.4613954929767552,-0.29496121557035904,0.5514683838568993,0.2692036060874711,0.1715699824990146
3542800,0.15009365525558505,0.2510088760511448,0.1762790087021264,0.5473433485479459,0.3147830494268899,0.3854178724866555
3542909,-0.12971795296364574,-0.21693360403286174,-0.07430941005130645,0.3911673837335646,0.41572014810413127,0.31307050963241495
3543006,0.7369159266178295,1.232380130722723,0.7774593079341261,0.5357720330310773,0.44036485287003213,0.5997506976722938
3543105,-0.27292390599193445,-0.45642384265922903,-0.24143460624965074,0.40379087493396604,0.4041005349516901,0.21756741789288878
3543204,0.06689904935939385,0.11187851451813233,0.08436551576732391,0.5272439925014852,0.3561363119173615,0.3112919419376876
3543238,-0.13356082797690821,-0.22336022970362374,-0.1343203574423095,0.5355696828596309,0.1752276126167959,0.3771598481955638
3543253,0.24300761737482113,0.40639338688402527,0.24860324476170095,0.5738190250587851,0.3199683566583733,0.39808134441948434
3543303,0.0626108553969029,0.10470716043936555,0.14427506185699424,0.4605972482665497,0.3126899420935298,0.4539593176289758
3543402,-0.3721352001216221,-0.6223396862614574,-0.3234141953282269,0.3714708093722902,0.33788804077888185,0.2771675633676883
3543501,0.45308538939072684,0.7577166013613337,0.505582646794762,0.5133954571149543,0.4098904159835442,0.4988194090901992
3543600,-0.8349750587965633,-1.3963691581924145,-0.8426124026390656,0.45268884161051975,0.1719494609802671,0.0783084604976811
3543709,0.09526940613187662,0.15932363373056418,0.1421184253092503,0.4641288583564271,0.38235991987699514,0.38622981626028885
3543808,-0.23735281266905614,-0.39693658358967004,-0.13897340281715667,0.3179811648880717,0.32464932835867827,0.44644242639498893
3543907,-0.5037563095605162,-0.8424560308771112,-0.4442074004036644,0.32663937096060547,0.3792820724707202,0.21452566367767287
3544004,-0.23854545936276134,-0.3989311043147685,-0.1669512145890558,0.40517808825781915,0.3158035787776244,0.3444138856085243
3544103,0.19598995288980048,0.3277634734687098,0.25318258925037923,0.5495065335030797,0.3219743205088901,0.4084985147813985
3544202,-0.4142740174471759,-0.6928104677012223,-0.35449637930761424,0.4178001222344858,0.2538044349156198,0.29153663616668785
3544251,0.38570848168249156,0.6450389412240872,0.37578477936318655,0.6553528465576893,0.3728412157796746,0.31684512073175136
3544301,-0.6741956583508909,-1.127489993851166,-0.6377276583872672,0.36911501705060473,0.2919987761216813,0.15863426005772707
3544400,-0.787815338085534,-1.3175016772825519,-0.7662188365447324,0.36239462229502034,0.2568094524982219,0.12615460939402665
3544509,-0.6415268067776326,-1.072856293970104,-0.6554537192801351,0.5162986854492834,0.18617555741320602,0.09435684796421469
3544608,-0.23004212532987814,-0.3847105677128256,-0.2314699951640069,0.558560794941204,0.26740980937231656,0.19336755424150423
3544707,-0.1258691070834731,-0.21049699299270078,-0.08352411418605782,0.476361751543993,0.2667795438398664,0.36599251664066984
3544806,-0.639279151142477,-1.069097430787182,-0.5818100397011233,0.32978808732104875,0.2756879240482734,0.24389274907739802
3544905,0.14794221666682633,0.24741092128658262,0.2558453596450609,0.3350922048968228,0.3596834846844552,0.6114109569997158
3545001,-0.8693265555386167,-1.4538168269377363,-0.8357386927205099,0.3258505774326136,0.23140971913550298,0.15874133708860955
3545100,-0.24072365606443072,-0.40257380796518816,-0.18135648620163833,0.4078654725258066,0.22939523410765647,0.4258381273913538
3545159,-1.1025714270769338,-1.8438835019736093,-1.0394572872563919,0.21722906891029403,0.26805669242781505,0.12383671800174574
3545209,0.7856656920518127,1.3139067202944412,0.87464703138841,0.4851213725084671,0.5680940725463725,0.5597354974633499
3545308,-0.19305800710635082,-0.32286023878838016,-0.16671516385463717,0.42426502742530375,0.30609074270583586,0.34267893145387435
3545407,-0.2505761912094066,-0.4190506788148158,-0.18753359841874917,0.39169809597782734,0.3160602151380717,0.35111970202731274
3545506,0.033678043205443174,0.056321419837536024,0.06707781772012789,0.506865403711661,0.40523820493366336,0.26908927313559944
3545605,-0.04486694623235441,-0.07503316330362562,0.028972541128018146,0.38858029487043794,0.46535761837366024,0.31068819641439965
3545704,-0.6465429679237701,-1.0812450627640902,-0.6219614123279613,0.3853476855996936,0.25774378661268865,0.1828292219496227
3545803,0.8467660089638179,1.4160877341976288,0.9190461909848442,0.5576514612024198,0.5333820460887666,0.5438759644394516
3546009,-0.6640003298293345,-1.1104398530653328,-0.6332026050653066,0.34710538677220054,0.2423798826496362,0.23653879382107534
3546108,-0.8706111052730668,-1.45596504156098,-0.8691102269662478,0.426337436776864,0.1798242936188209,0.0827520704546416
3546207,-0.9821146877348405,-1.642437873218962,-0.9730477813817432,0.35173520798204283,0.138072155761536,0.15105576570333612
3546256,-0.398265085767086,-0.6660379572912635,-0.3429137878938311,0.376603545128273,0.22791958214358257,0.3727000227731622
3546306,-0.8141040042220667,-1.3614654846039098,-0.7797215555651562,0.33533630466660097,0.19616391807341746,0.21769522536097086
3546405,-1.053318593143493,-1.7615156066291013,-1.0085038283552288,0.2568725423660812,0.20824799232612434,0.16307551828305408
3546504,-0.4419487401952616,-0.7390922445038134,-0.4339897680436843,0.5132626686472909,0.19448033546597432,0.20696915723009757
3546603,-1.1146737227874022,-1.8641227561829252,-1.0990409711866138,0.36696827394935255,0.11061194745100021,0.09057195180660894
3546702,-0.11652527907967349,-0.19487085768901227,-0.06461609082131269,0.44615881289249115,0.3209631562606651,0.3514029609326466
3546801,-0.6491354121633186,-1.0855805325991492,-0.6156072931675227,0.3889274975691262,0.2324632285524373,0.20704741341818808
3546900,0.5667813732640071,0.9478558918927316,0.5739311117239247,0.626460108977647,0.40033278823119406,0.4290401001950306
3547007,-0.7784140803402008,-1.3017794994456215,-0.7633243664871112,0.40117252062385705,0.18466034553556807,0.1632892364945888
3547106,0.23956484360678557,0.40063586986878946,0.28107994992104396,0.5354329184107347,0.3365845395231246,0.43192721593661343
3547205,-0.7484227124797621,-1.2516234850220538,-0.7350448740597029,0.43232798957920143,0.18584936105886882,0.13917049743911603
3547304,-0.5390802923134833,-0.9015300349938999,-0.5357523850435584,0.46887869613188893,0.18496950682745836,0.21666501222486415
3547403,-0.6072790181360322,-1.0155820612949997,-0.5808325038585963,0.4699396379837997,0.16531996256375328,0.20252892410160508
3547502,-1.053371289268434,-1.7616037329064655,-1.0198732884701684,0.30402217086189126,0.1563435737349472,0.15704226714195366
3547601,-0.2729345101051133,-0.45644157643036026,-0.22737196736090828,0.43238828984816835,0.253603687919839,0.3496517537269761
3547650,-0.7771088233968328,-1.2995966551558025,-0.7580052690464254,0.43031762099948684,0.13626953346396964,0.17992185674523997
3547700,-0.08382411099371857,-0.14018311334140654,-0.047109361559046936,0.4625745546482436,0.3467476810290237,0.3202925841730601
3547809,0.3070488591489218,0.5134926516148605,0.3828483833844243,0.45606434764518095,0.47295494269576627,0.42644393990900714
3547908,-0.2270045820608862,-0.3796307372522504,-0.19995857007010343,0.4505490355030178,0.3650428507343591,0.22919901902917106
3548005,-0.717978920274185,-1.2007108594933864,-0.663866002156825,0.34341980120134946,0.2218519630311847,0.23923568259828243
3548054,0.017351703453655665,0.029018092563994822,0.058819028959282135,0.5131895855622345,0.3071491667382843,0.359931665080036
3548104,-0.9651795467723233,-1.6141164182478602,-0.9431587857900171,0.3520823190695319,0.16648510806314565,0.13736716254933287
3548203,-0.6156293107949553,-1.0295466594083926,-0.5558951186521349,0.31131180654752993,0.2866871160832425,0.2710373671413285
3548302,-0.2639293841786054,-0.4413818689852804,-0.2701836452520842,0.5347058851889998,0.22863452251610691,0.24159020962061728
3548401,0.0019294116054443331,0.003226648306338826,0.05680784801540431,0.4483937090465131,0.42265599540186033,0.3063223123553839
3548500,-0.058327261023823906,-0.09754349847634196,0.03215204739094957,0.3747720350875221,0.3692647818254362,0.4290953060047625
3548609,-0.5196792504905897,-0.8690847347985436,-0.43243052705732254,0.28452640990992495,0.21891574671159097,0.4355931555241636
3548708,0.3974869954351684,0.664736719211957,0.457287518385458,0.5338343245258824,0.4607036476137441,0.3914904893666357
3548807,-0.6684147759473525,-1.1178223447275233,-0.6082551834818392,0.29241093567918425,0.2952172051322236,0.2521127473308791
3548906,-0.12009305605043534,-0.2008374236035216,-0.03784664242443996,0.33165605334167514,0.3655932865394987,0.4524325742861602
3549003,-0.21155970789765768,-0.3538015274974357,-0.17539237816179704,0.4973814164877255,0.30383477061468633,0.2503154943515304
3549102,-0.8784736378196184,-1.4691139348574007,-0.8505150859927842,0.3272973410181456,0.21600001432128066,0.16719792935454902
3549201,-0.23025837305812963,-0.38507220924340585,-0.21233038203688392,0.5488814157320964,0.15359574636901546,0.3314931955389851
3549250,-0.23812790798426658,-0.3982328129577415,-0.24022476710286858,0.5690642633295951,0.21847184128111083,0.23259954079832615
3549300,-0.2039318759040074,-0.3410451352823699,-0.18946582568039477,0.4887687596907408,0.2794055978129921,0.28966105219499866
3549409,-0.37292464033425793,-0.6236599052950059,-0.32560660408772024,0.41963630790080547,0.2920503537840267,0.26866909622064167
3549508,-0.5322451595438018,-0.8900993120145936,-0.5326365891896232,0.46959175440748485,0.2572777324449248,0.14179484720367316
3549607,-0.8499787956121785,-1.4214606326337673,-0.8324883072625057,0.3937121358602221,0.16295346580334316,0.1572129106575024
3549706,-0.9140968741873029,-1.5286883952616757,-0.890160502127416,0.36517695033564584,0.20701517505747521,0.11142528643494624
3549805,-0.0007551151955737266,-0.0012628156480520385,0.10786826697133026,0.3454379876015609,0.3233653687856484,0.5478738868921368
3549904,-0.5546344889904805,-0.9275420700737521,-0.5154591596950026,0.39572933029974827,0.24890336014299588,0.23714854072268995
3549953,-0.40064929321072645,-0.6700251826651934,-0.38340177096447,0.43153351016370917,0.3106711725856667,0.21024016969122514
3550001,-0.7276946151528235,-1.2169588857499938,-0.6680355518567684,0.3294020760093997,0.1881684636699418,0.29010770820357173
3550100,-0.6900032498924892,-1.1539257934136165,-0.614510814266327,0.3196139330605662,0.17973985454905791,0.33067161885922225
3550209,-0.4431358511604459,-0.7410775075624784,-0.37786146964874534,0.35783375870514433,0.2090135473564226,0.3966099263773093
3550308,-0.026384832162951323,-0.04412463041654151,0.03460530513277413,0.4270090690563703,0.3646704761809829,0.3820360697295315
3550407,-0.9090654990507486,-1.5202741833759859,-0.8567352882302992,0.25460887330852944,0.26095136004489344,0.19549369940885764
3550506,-0.027193846157849092,-0.04547758363247286,0.05576833871429813,0.3508241354028261,0.4410705556217389,0.39953941922751324
3550605,-0.5877649330165996,-0.9829477133296955,-0.5513198252924342,0.35939870628483406,0.27991724175808563,0.22765887428653955
3550704,-0.2682683251055987,-0.44863808966617685,-0.2593102893240633,0.49287685957096095,0.2917561472967977,0.22997921800376853
3550803,-0.8902534275159751,-1.4888138466675724,-0.8709562909907164,0.3588868357789523,0.1864461037030929,0.15281275499272773
3550902,-0.4334255654823228,-0.7248385273734039,-0.379542891397927,0.35903039513105756,0.1473184755959546,0.45984614691717485
3551009,0.847711147251658,1.4176683346496577,0.9463785780073474,0.5266007523719816,0.5711487547980058,0.5503166337626849
3551108,-0.3350247654693825,-0.5602781122664333,-0.30203272040986245,0.4426557490503085,0.2201668047138339,0.3353263918382328
3551207,-0.3862543577787954,-0.6459518362106412,-0.39485996816060864,0.5182688945794437,0.20886963037387532,0.21474444152201722
3551306,-1.1282392670180799,-1.8868090716342096,-1.0812276012625572,0.3028337250985083,0.09630251505496278,0.18404926987205028
3551405,0.450648210485394,0.7536407892510787,0.5040351357657809,0.4894798228880021,0.4465248631572906,0.4924541497462827
3551504,0.21239053345537606,0.3551909572443652,0.26145387476048565,0.43442663648615665,0.40845517213786064,0.46115984250337605
3551603,-1.0814641964771752,-1.808584859799988,-1.039628902861856,0.24738264670977372,0.2596891726757608,0.10370648966364283
3551702,-0.648079706714038,-1.0838150253376082,-0.6280826554880132,0.4567536528270939,0.15242215069251713,0.20516868469811503
3551801,-0.3311265395462392,-0.553758920593105,-0.32467158424894804,0.5265750620228519,0.23787316488881438,0.2119773183190353
3551900,-0.23534464853441692,-0.39357823362142075,-0.15301367390793316,0.4025746640975271,0.29286632355281855,0.37680175205809213
3552007,-0.7523937397613495,-1.2582644259267333,-0.701864787857889,0.4004612406244579,0.12580088833779063,0.2528375393583751
3552106,-0.8533072344050822,-1.4270269417424977,-0.7637469067938151,0.24442707460659663,0.20500705173413958,0.31035686784359157
3552205,-0.0357334910845158,-0.05975884469756182,0.02866595719207997,0.42047670038543616,0.3025746606901886,0.4512765343637561
3552304,-0.24197791968690333,-0.40467137365917155,-0.22888286095251179,0.5236826885636409,0.24518753950218855,0.2572815841784088
3552403,0.8315564995259109,1.3906521362518172,0.8787027570562276,0.5915518884112642,0.5583623888415113,0.46457748297629803
3552502,0.007786747575610847,0.013022154425647152,0.05087346038509961,0.47916121389367666,0.3870384153780073,0.3120465065304138
3552551,0.010061930265292937,0.016827052432665815,0.007513856029458964,0.5735186916664863,0.31580068501864844,0.262475355774715
3552601,-0.25941345344988026,-0.43382965970227055,-0.17525587278797236,0.3858177903488212,0.33833055807438844,0.33537847841362284
3552700,-0.39171073855341876,-0.6550768055720249,-0.338119547080731,0.39653548950135326,0.2754136356914409,0.30388196628177494
3552809,0.22537143092310616,0.3768995396488759,0.2588239678413833,0.5163413154419597,0.42697319011928153,0.3436555493402477
3552908,-0.0766717581767766,-0.12822188794087422,-0.05222021291635862,0.4938122706275803,0.24428689482006685,0.39040998068706917
3553005,-0.6368661825274399,-1.0650621067158492,-0.6129359633432254,0.41446254326557225,0.18385217138020862,0.23045958151286125
3553104,-0.5823988922756019,-0.973973823974087,-0.5504726906301156,0.44636346983031466,0.18983071319085562,0.21992596340718207
3553203,-0.8753884460783817,-1.463954419553097,-0.8164228894022306,0.32541584783075983,0.18331622241393605,0.21517195192336044
3553302,-0.8795839348659102,-1.470970738285887,-0.8544821028768879,0.3473707154990097,0.14247035441685033,0.2187006145810785
3553401,-0.18618713491073485,-0.31136974703923975,-0.07734754353457854,0.341243834256259,0.24345744482697332,0.5348189366852919
3553500,-0.6688290639452421,-1.1185151785753942,-0.6195116877043803,0.35451685204978456,0.18430327836982097,0.29748522511115233
3553609,-0.5337798614706548,-0.8926658682429494,-0.5368443558504359,0.5128646101173908,0.2109250259016524,0.13992369490679557
3553658,-0.5893263244347607,-0.9855589036846852,-0.558494851938745,0.438561994060563,0.22135315889611043,0.1912720045156561
3553708,-0.3231846470044737,-0.5404773097399816,-0.27180946496950203,0.45367861026048323,0.26843828416270593,0.28662034151858135
3553807,-0.45783721242300346,-0.7656633047479267,-0.44461249717588053,0.45011058377026947,0.1980441270441788,0.27215830435902827
3553856,-0.45866928441185223,-0.7670548189618946,-0.3953824942206966,0.335420840393595,0.19145552595815604,0.43015337116023583
3553906,-0.0051165230859470025,-0.008556608917987436,-0.009205134183206613,0.5646730413332129,0.34434983926576807,0.2350534958369883
3553955,0.00027207188767799424,0.00045499897124163044,0.05863890384897447,0.5164026926355476,0.3005610053832188,0.35689706050713127
3554003,-0.958822947700513,-1.6034859703065008,-0.9073380455306247,0.25533713408850156,0.1957149639322973,0.23437666969677848
3554102,0.11364168155992903,0.19004847814750297,0.21310366714592394,0.3669090979973771,0.34577179563939414,0.567566856875123
3554201,-0.2059842165273291,-0.3444773637283815,-0.1895214125475653,0.4888681918173794,0.24134353083947113,0.32479005652247506
3554300,0.20443987710059874,0.3418946902430505,0.257612711979486,0.5355525037192573,0.34046133229668446,0.409297760937096
3554409,-0.30946499498411134,-0.5175332723815749,-0.2618592469724676,0.4545170395303341,0.2025747388588558,0.3543658803663523
3554508,-0.9226180711334546,-1.5429388048770707,-0.8691726864492845,0.2379529723645597,0.25934703418144195,0.2103438092710025
3554607,-1.016590721372721,-1.7000938110359862,-1.0003606322291,0.36182056263903184,0.155071865573036,0.10820375514510168
3554656,-1.1747561834415121,-1.9646015598571671,-1.1602237061295293,0.317452471647457,0.08396602354932248,0.1440194473983437
3554706,-0.8310649594863235,-1.3898301100798187,-0.7924069250993079,0.3147285971875123,0.25863940724524387,0.1660861151186623
3554755,-0.9641117880022155,-1.6123307536351748,-0.970273679953964,0.436748911803542,0.08480470254374077,0.11603157203211863
3554805,-0.26219174475263235,-0.4384759305660119,-0.17377792427643005,0.3333975537537153,0.2792968837087387,0.46217411509290124
3554904,-0.6638543468217621,-1.110195718624134,-0.644908111603096,0.4482092414702444,0.1741625163692877,0.18296019202132133
3554953,-1.225768622823234,-2.04991212846201,-1.2090311952544517,0.2999960920123347,0.1590054564189619,0.06002418025273399
3555000,-0.5825234262800553,-0.9741820882104051,-0.5281504209454769,0.3299676632743331,0.22618473358889704,0.32672978837434125
3555109,-0.2177927676262938,-0.3642253746226218,-0.16767176903558034,0.41574874280098545,0.2783502209872631,0.37734979644737576
3555208,-1.1025224705328442,-1.8438016295780948,-1.0846170055358462,0.3478371962485675,0.156458145545044,0.07257900904557468
3555307,-0.5400679266237063,-0.9031817035986552,-0.5453037393452012,0.5170449863825032,0.1784992517900378,0.1590178086922204
3555356,-0.1399148290511092,-0.23398633288797938,-0.1259907868015152,0.5655066191138064,0.19109099184715753,0.32323503839611817
3555406,-0.4301569183938017,-0.7193722108225783,-0.38080576655495874,0.38014859582221444,0.32639868169183345,0.24768620696245672
3555505,-0.27632656846002224,-0.4621142796083575,-0.22098991704254792,0.36213245828787355,0.33824002841565287,0.3443218776912141
3555604,-0.46959811031136817,-0.7853316228742576,-0.4075037798061865,0.3827669997743411,0.2113823015103545,0.3458373640371057
3555703,-0.6676237422619609,-1.1164994608524477,-0.610656564256984,0.37281675121689833,0.19255787634943444,0.2610312183693316
3555802,-0.5681820142885821,-0.9501982515929531,-0.5668952137555995,0.48917955984463307,0.17138532041523438,0.18751313063203923
3555901,-0.874322025975,-1.462170993657496,-0.855205936706024,0.34877181841769284,0.24135460678582035,0.11266718524933161
3556008,-0.39583380128044077,-0.6619720027023489,-0.3415015423933871,0.3335274462086589,0.28687120494743884,0.3657320545708817
3556107,-0.8212630902842466,-1.3734379703359763,-0.7779668401452321,0.38403362704088995,0.12786989659941342,0.2274983459108724
3556206,-0.42234665630818735,-0.7063107319450294,-0.3625063440766576,0.3760673823707092,0.2837207962373162,0.30471547282289263
3556305,-0.371655518393017,-0.621537491316212,-0.3570207019884155,0.46971916345888615,0.25394439575712363,0.24036017406287105
3556354,-0.696588516020797,-1.1649386523286018,-0.6521657956814535,0.3391876207019367,0.28457977698786746,0.18771134107939413
3556404,-1.1415823186915726,-1.9091233020255778,-1.105285703057233,0.28977674843968193,0.1629063301707925,0.12360397531596229
3556453,-0.2956858798660642,-0.49448979201013094,-0.2820954287012805,0.4702059485049208,0.25426787956243474,0.28120902115309465
3556503,0.8418136914864791,1.4078057342575347,0.9159267503430608,0.5861332996830807,0.48165566443194946,0.5660519842293724
3556602,0.4933236558498808,0.8250089997039537,0.6015928861925407,0.40014109784799207,0.499825329631961,0.5780255652377778
3556701,-0.6485822076569208,-1.0846553819580986,-0.582000409864575,0.2981913151694788,0.3100856680321495,0.24443480217453004
3556800,-0.18710428646642013,-0.3129035439260509,-0.13488148019346355,0.4401144108982478,0.19550959572383583,0.4509697544879881
3556909,0.09385682331194765,0.15696130318863855,0.17324892746538956,0.40371785955711686,0.3709557455074896,0.47353028910171924
3556958,-0.6511011401083869,-1.0888679144759763,-0.6441901394443819,0.48976508253897766,0.1832384107135311,0.13455602815078888
3557006,0.5621505041378366,0.9401114655709084,0.627767161272942,0.509289765470176,0.4215314712507206,0.5578376586729786
3557105,-0.39349210042338195,-0.6580558631481657,-0.30897104662089064,0.3414120261744991,0.4297360835362322,0.21413841317942392
3557154,-0.026978037771828764,-0.045116676835146,0.018193102310858952,0.5155008313256141,0.34002860440603494,0.29907497303793523
3557204,-0.3387544246666054,-0.5665154016545463,-0.3039771509889515,0.4467984884546954,0.27874594491863397,0.26578669795647253
3557303,-0.20361378999684926,-0.3405131848417765,-0.17715493412961908,0.48700885056227067,0.3327486748024639,0.2316100612568963
4100103,-1.0653237885165243,-1.781592475249748,-1.0826355985387053,0.42748387370873214,0.07473677411011297,0.07816973873958209
4100202,0.33810742744431116,0.5654333969202374,0.3193578798912459,0.679098505566608,0.3781571398089812,0.25411879076081373
4100301,-0.6344581945270098,-1.0610351119671149,-0.6548911590699176,0.4965487964169797,0.19592253626398196,0.110751552732272
4100400,-0.1388244839455392,-0.23216289605455065,-0.12491543475705634,0.5352660464678213,0.27149549413669166,0.2748873476034594
4100459,-0.2149205268503514,-0.35942198751282095,-0.21549023285498736,0.5690052089112285,0.14259420283480154,0.32822850970617296
4100509,-0.7529912617573989,-1.259263690848284,-0.7623575641041545,0.441982327288824,0.09161203593430578,0.2216893140848808
4100608,-0.5645809877801027,-0.94417608086905,-0.5777437751627901,0.5146327592341954,0.1643808997867013,0.16354797469449925
4100707,-0.1738145314484661,-0.2906784441083984,-0.1888616941351747,0.5796804844836727,0.20550992560514078,0.2684263750952771
4100806,-0.43457893156064964,-0.7267673572263604,-0.4494832284080857,0.5307083653623995,0.19277106261665092,0.18890035493156868
4100905,-0.44343599551154383,-0.7415794534714769,-0.45415310896706196,0.49159729433008253,0.27613487539348597,0.14686196118465314
4101002,0.6777054861336921,1.1333596485370612,0.6835058311272042,0.6783163654860774,0.38574031284033977,0.44549723294330845
4101051,-0.2707946576457226,-0.4528629977100785,-0.25452524974738816,0.49734129069060334,0.15946700274464973,0.3657951890607914
4101101,-0.35306303425463337,-0.5904443812268649,-0.3812299582055434,0.53638419869307,0.16207554257262724,0.25698168365636714
4101150,-0.9673288538832112,-1.6177108084389316,-0.9607905573119377,0.4253569515122922,0.05289160995828438,0.16721412572382177
4101200,-0.5559687646872052,-0.9297734438277387,-0.5182070304468005,0.3982967493149548,0.31033068092203836,0.17101293315762858
4101309,-0.6537796730021229,-1.0933473545294403,-0.6337450093745508,0.4431522732982583,0.19039793828475635,0.1797823667284303
4101408,-0.8967739745903893,-1.4997184727798503,-0.8527995406209219,0.33230972218672433,0.2348056872155533,0.1388946966528293
4101507,-1.1523829765989875,-1.9271857644083925,-1.1267594100284886,0.3071319126474022,0.09474722370142198,0.1618777369595062
4101606,-0.6998651540943065,-1.1704183325899524,-0.6916379679358334,0.3843341592681985,0.09129455899495127,0.3256608594427027
4101655,-0.7637409544810815,-1.2772409216904006,-0.7969676917146171,0.560195969836208,0.09789960596801817,0.06445737971948513
4101705,-0.46840074988062247,-0.7833292191388179,-0.46800604140324314,0.4923454456786196,0.26957148150159765,0.1359450852321119
4101804,0.2958986200611166,0.49484556772336885,0.31590030294339677,0.5854598293628533,0.34741851377939587,0.38316856061412424
4101853,-0.5871402458148329,-0.981903018721306,-0.6241628395104909,0.5945544586518864,0.1574818019058353,0.05984332683308863
4101903,-0.8741755009375343,-1.4619259527535018,-0.830298796568408,0.31759380215991784,0.16213443259231491,0.24428937338302706
4102000,-0.9835589517217083,-1.6448531857080044,-0.9815515891423092,0.4285790272201658,0.07408392196574078,0.1304910750350991
4102109,-0.8423617105160804,-1.4087222129750434,-0.8080825696679755,0.39059709457010067,0.11879624466505175,0.21803851678436073
4102208,-0.4622608297979797,-0.7730611339465182,-0.4552075865331385,0.48108660109359036,0.23447732175167013,0.19253125663732626
4102307,-0.4622948401722597,-0.7731180111396784,-0.461987285794119,0.510442598691272,0.17741327228155043,0.21438698178728208
4102406,-0.741741184601279,-1.2404496429284186,-0.7545085718547965,0.47628050077547496,0.0894841285559937,0.18880194957431864
4102505,-0.5319200121680201,-0.8895555523386302,-0.5225136003096283,0.4568944576982497,0.26643895118478494,0.15015454375128168
4102604,-0.37984611623785675,-0.6352350240714725,-0.3952634647309785,0.5547930783809036,0.15362703888328547,0.23103142860491666
4102703,-0.14667584380509868,-0.24529310472636437,-0.12959804576070455,0.5483239045287482,0.255911765944042,0.27624627576060773
4102752,0.5261842381826818,0.879963340203537,0.5573643736828761,0.6181984955024368,0.38202586786635856,0.4452036185524726
4102802,-0.7608365058509027,-1.2723836718288521,-0.7387389768068731,0.392650404336593,0.18818151824459747,0.18279303563402757
4102901,-0.5440353815510233,-0.9098166702825807,-0.5559183949957899,0.5401331913859668,0.15677489158198823,0.15244820826902136
4103008,-1.1740435661642519,-1.9634098155324977,-1.17942793789943,0.3894058597788818,0.11016578270518969,0.03131749214043982
4103024,-0.11433801405788943,-0.19121298864845154,-0.14899207829389866,0.6665901825809338,0.17280762455657525,0.2244246781397855
4103040,0.027076118260044527,0.04528070157734917,0.019684379478540015,0.6309039466572087,0.29761925483799967,0.2237467744022783
4103057,-0.3779752699183104,-0.6321063173241146,-0.3953892180071684,0.594051246018669,0.14997378164315187,0.18929054518968688
4103107,-0.6055064121482933,-1.0126176466040107,-0.6085168474496392,0.4942150516444434,0.17444024372733188,0.15707522698427595
4103156,-0.31783109641420404,-0.5315243082672794,-0.3382237278172895,0.610833743589147,0.10939131890430871,0.24572581239142552
4103206,-0.7815643344070711,-1.3070478216225594,-0.7942278825944815,0.5271469661714867,0.03716712321535132,0.16502161120290978
4103222,-0.3525735215621939,-0.5896257454855155,-0.34464629214831444,0.511681793764622,0.2257906640087802,0.23078268618845968
4103305,-0.16432445439946394,-0.27480772945592036,-0.11641513193478664,0.4199095545313369,0.36727477253782514,0.3096789156816248
4103354,-0.40721963514709547,-0.6810130831324807,-0.40843173410106093,0.5500861114082186,0.15138692921525845,0.22755224520470807
4103370,-0.8769953233731431,-1.466641678138567,-0.927147224392751,0.56786507541646,0.045749211788038924,0.04008715971094668
4103404,0.06738875600240267,0.11269747461239553,0.05858828337574831,0.6869459329062987,0.1358806332412416,0.35236799310022243
4103453,-0.7282642006696864,-1.217911431146795,-0.7260887375306804,0.48409170201188206,0.06335915240496724,0.2186457377327783
4103479,-0.2764892633066306,-0.46238636206592004,-0.24986358199837014,0.47539730989084933,0.18600913284633455,0.36582551110049083
4103503,-1.175904828950188,-1.9665224952732778,-1.1607126392600635,0.36564467488475366,0.10583081513898573,0.06603910017628785
4103602,-0.87189473816733,-1.4581117229080536,-0.8698659787472227,0.4201871433960207,0.1539051685781654,0.12475033308133353
4103701,-0.572890626991351,-0.9580726922564813,-0.5440533593114683,0.424821363614112,0.2603956480091892,0.17543135547666888
4103800,-0.9048199056048637,-1.5131740722006866,-0.9174467800081412,0.47917424788027335,0.08897237318439612,0.09502696234252583
4103909,-0.5176156581819663,-0.8656336896152326,-0.4831996334293483,0.47246943337148045,0.1489459700956488,0.27447089949228165
4103958,-0.09329729919431047,-0.15602558395618663,-0.12341737924481506,0.6234855500005628,0.3269291909610756,0.1256661534717983
4104006,-0.2718010813226939,-0.4545460886812302,-0.2647707230285199,0.5171775689811996,0.20582102434640767,0.2890458560635206
4104055,-0.45380406767757403,-0.7589184818053583,-0.4775715785837514,0.5886673327359616,0.1627611755832082,0.13854815197715217
4104105,-0.9028902804056801,-1.5099470666912114,-0.8800448533132006,0.33604929933144706,0.13978780648428754,0.22197789191856118
4104204,-0.47125092088246967,-0.7880956978984229,-0.46330531150944687,0.4656091519429775,0.1997621931545488,0.24199862415613246
4104253,-0.2574479723581511,-0.43054269065021683,-0.252839544447115,0.52779044056684,0.21070061198559986,0.27867062152304256
4104303,-0.48727365647006216,-0.8148912932502566,-0.4739349980052341,0.46210353037262664,0.3174912685909462,0.11889625873901788
4104402,-0.42817754020750987,-0.7160620009874241,-0.4258463313286946,0.4892763028770489,0.2097356983253892,0.2307828228984532
4104428,-0.04665601929692574,-0.07802511668331198,-0.05070546200548934,0.5855964140855437,0.3253260965265075,0.2061444669374497
4104451,-0.38788433863943644,-0.6486777320062875,-0.40139528429252336,0.5685404628298274,0.17989231300681308,0.18299621816736275
4104501,0.6822359582656924,1.1409361761117809,0.7349372384064332,0.5872376635145313,0.3992879033080721,0.5591821348397553
4104600,0.16688981756533458,0.27909791030221753,0.17279014688692262,0.6166810859610994,0.20318994015602584,0.4232428825722085
4104659,-1.09154232935898,-1.8254390086515717,-1.063303714444972,0.31260233166592516,0.13992004942581682,0.1449664291214188
4104709,-0.8199787549122749,-1.3712901142014688,-0.8248842782835035,0.46147416239839184,0.11930097937595541,0.13178717494377754
4104808,-0.43017057155331107,-0.7193950436612959,-0.3990765154521357,0.46635637329601104,0.11365104828098266,0.3648445142635202
4104907,-0.8689341270861405,-1.4531605498644729,-0.8206021995171005,0.3712988955478864,0.1500310158778758,0.19621582050649786
4105003,-0.965953006673044,-1.6154099126332153,-0.9713159749831158,0.45825252159515323,0.050538031036958454,0.1269852268216785
4105102,-0.29023471732754735,-0.485373549357267,-0.3268047378429211,0.6543079161919642,0.1365821506165403,0.17915916770205673
4105201,-0.08121353940486209,-0.13581732826372228,-0.1148946558708632,0.6351098172500101,0.2884389462743801,0.15837574366083929
4105300,-0.7255800718579819,-1.2134226327691742,-0.7053060574730335,0.39817456815759483,0.16816251784100614,0.21847314007386723
4105409,0.4613505640061409,0.771538852455484,0.5091751909621686,0.552357906483248,0.3428189793097596,0.531210251396682
4105508,-0.9838699766190795,-1.6453733276805624,-0.9833542031003026,0.3513001803566234,0.2033976952469827,0.08401129699941817
4105607,-0.21391977325020287,-0.35774837888526323,-0.24247404797285604,0.579945426783268,0.35384758793114374,0.08562946796401776
4105706,-0.3474275037491669,-0.581019811109492,-0.36950947249325794,0.5728316080972233,0.1941141339681943,0.18792229519776918
4105805,-0.2469383506533278,-0.41296694217931507,-0.24646060194206823,0.5393954128905407,0.24265891342697787,0.23471241568958648
4105904,-0.5180948329082198,-0.866435036675934,-0.5274061978625625,0.5255703077274544,0.15844986398457392,0.18573874231808282
4106001,-0.20495665089494866,-0.34275891604307873,-0.2193937704313284,0.5880572344726671,0.1467653489086758,0.3005625819501695
4106100,-0.9241149038719074,-1.5454420306308563,-0.9537237754280038,0.505354536493457,0.07483999314089128,0.06467556650501852
4106209,-0.003975335996143722,-0.006648146576339326,0.031100562370973115,0.48707171655478376,0.35462150514958496,0.32627695570850346
4106308,-0.7151233427142389,-1.1959353390852894,-0.6707560179145211,0.4029911043018162,0.10741934113645162,0.28973986875326324
4106407,-0.6579849179337854,-1.1003799889337325,-0.6170722051427437,0.39882720022164486,0.18575476988169717,0.24400846152320044
4106456,0.22197349136951738,0.37121700105799627,0.21029729884895254,0.6128891481915423,0.2477575975745233,0.4052239611460416
4106506,0.20898176108506533,0.3494903024103625,0.2442320418343637,0.5528979843707131,0.26974076187095625,0.45906113992106734
4106555,-0.683164005231656,-1.1424881939199452,-0.7055013692424701,0.5558201572151684,0.1334938010314474,0.07839355281291539
4106571,-0.010207575051607035,-0.017070621250102617,-0.051937085493939404,0.6917917181721034,0.2244835679458389,0.19412750119861863
4106605,0.6748252040796346,1.128542813609108,0.70555830471321,0.5683962972183058,0.5863795115486451,0.37320358298532996
4106704,0.3858859633624663,0.6453357524179666,0.42256044008953236,0.5920819883275364,0.33028055787951005,0.4561687133802686
4106803,-0.5718059048671992,-0.9562586590067247,-0.5292332886180656,0.4002477434544931,0.28064906420998637,0.1903567472535472
4106852,-1.1070008241250207,-1.8512909967989652,-1.1146668741125931,0.42518721124053566,0.06970637966178983,0.06862444405897118
4106902,-0.4799652753900791,-0.8026691342421612,-0.42966510735771885,0.3725160351420591,0.28692781211161217,0.27045906103638273
4107009,-0.6326108230860741,-1.0579456633941644,-0.6272862906971254,0.4430300029718963,0.16135541297142433,0.2216649755696107
4107108,-0.7423753307487926,-1.2415101561890791,-0.7582223124690983,0.5006571841637198,0.13807644281365908,0.10815521120106364
4107124,-0.10150130986513436,-0.16974554762879146,-0.10899600864476859,0.619585310631839,0.23040560264192936,0.23462420758989788
4107157,0.04945710609096696,0.08270950954919809,0.059954613883400766,0.607422295734347,0.29219092069820946,0.27456868113225513
4107207,0.07620120255212617,0.12743495502047944,0.0705241245029935,0.5780940859335196,0.3064271050960485,0.3024884794657826
4107256,-0.1686032933312333,-0.28196343866453694,-0.1591762141508352,0.5249525899297399,0.21435860964829298,0.3360662505721151
4107306,-0.8247009649850232,-1.3791872944041865,-0.7989248893681667,0.39546042232016126,0.12090261628437358,0.21922558090545408
4107405,-0.2501870784642561,-0.41839994675921294,-0.2809825392247013,0.6078835366870122,0.12371256516568223,0.2707028295524696
4107504,-0.762344969168231,-1.2749063479619787,-0.7648320244956606,0.4618812277009738,0.1276402873419651,0.15795640841849368
4107520,-0.9943178205018774,-1.6628457621130055,-1.033645627527875,0.5092077844070388,0.03173924053821349,0.060136967624957516
4107538,-0.8174780507571335,-1.367108065744793,-0.8349248309321163,0.4879354023080357,0.14497565076527963,0.06717904567704823
4107546,-0.6115897395951436,-1.0227910891954701,-0.6216903168109976,0.5237555519856852,0.19467495794409687,0.09178493358176316
4107553,-0.7705352696414232,-1.2886033834082562,-0.7924189553099826,0.490836916796142,0.19822132293721487,0.04328075660588604
4107603,-0.6752522612412469,-1.129257001946805,-0.6388559720758317,0.3852712744610615,0.1693786091723657,0.2621387164396844
4107652,0.5124143254410297,0.8569352494110328,0.5195289809149044,0.6106767429280159,0.40889418851431225,0.4072715487937127
4107702,-0.858570241410992,-1.4358285228016916,-0.8665235065280602,0.4552241917009357,0.11293237845600734,0.12558979431417958
4107736,-0.9135117657727708,-1.5277098901726385,-0.9295685667376534,0.469938909993263,0.11068818551889359,0.07584057846187103
4107751,-0.5768276988583186,-0.9646568478796976,-0.6141706540835936,0.5741120226249812,0.11867144155132382,0.12766774246
4107801,-0.7577042096564967,-1.2671453814702205,-0.7644224545939675,0.47100876177500584,0.12816513361807316,0.14839761434184806
4107850,0.05557125606651602,0.09293449814553383,0.040355393636339776,0.6036100551420225,0.3076164649491486,0.25860876537330446
4107900,-0.7839488797217214,-1.311035612034514,-0.7450671761809722,0.38328831008248443,0.11700927128668293,0.26299030032571025
4108007,-0.21258914976415635,-0.3555231128997621,-0.21749468218707949,0.6169850630032403,0.1128608523478633,0.3038412134639183
4108106,-0.5477038581701118,-0.9159516410873714,-0.5818175490155547,0.6024831246950951,0.07703007550492184,0.15601096198725117
4108205,-0.23404739164953967,-0.3914087682161832,-0.17575350596049366,0.3926074582339809,0.33423272736056003,0.3402730082668803
4108304,0.14519291061837009,0.24281312386490955,0.177124257302323,0.5051441156141406,0.4081247917295812,0.3308663289533086
4108320,-0.5537016966321738,-0.9259821163165532,-0.5519355742455986,0.48988999414441375,0.20760720843915523,0.16052586256943083
4108403,0.2607160262979684,0.4360080152497893,0.2862935551459365,0.5756349930286088,0.2864909270133817,0.4426278332438169
4108452,-0.0045005553719423205,-0.007526496330531113,-0.03942027058055115,0.6994840645241373,0.23396012168858124,0.18275874515264792
4108502,-0.6550968579629194,-1.0955501466194724,-0.6702492751362467,0.5315597817319918,0.11830605241514465,0.14629533329320885
4108551,-0.8254410982503906,-1.3804250550460444,-0.8541782127327315,0.551764311034182,0.04769650611142056,0.09356962985466706
4108601,-0.9797288055419869,-1.6384478470809563,-0.9976600640180568,0.4633591651888673,0.07522233050616826,0.08459286362396834
4108650,0.16496453041737352,0.27587815952552747,0.14145934361103019,0.6744382718674721,0.3414867202231319,0.1975982194636211
4108700,-0.8084243490415964,-1.3519671226592942,-0.7912492698710857,0.43660893070835965,0.13678467207290484,0.1616133884502166
4108809,0.09166968132505819,0.15330363990528023,0.1503726918807806,0.5134922624392128,0.33008066953146437,0.38158080920624204
4108908,-1.1320425249586865,-1.8931694437590583,-1.1439277625827005,0.4040234509914588,0.10713977206872553,0.033646566538445714
4108957,-0.7764303531055949,-1.2984620164867147,-0.7815030385873296,0.45642467395653097,0.12427225426167515,0.15343380458580214
4109005,-1.1114886619217095,-1.8587962249135614,-1.1354295691205314,0.4608671630486188,0.0405266482070607,0.05057552967660021
4109104,-0.31634336276529046,-0.5290362993608311,-0.33710687993299343,0.5039726986870267,0.43955200681131945,0.028859825952675697
4109203,-1.1871982375998575,-1.985409008544693,-1.1952766348533208,0.4134805383503295,0.02340472578624842,0.08402700472509865
4109302,-0.9269545140438203,-1.5501908480039925,-0.938305329177878,0.4536496991724956,0.10096126517647148,0.09800710308319648
4109401,-0.21324470451025207,-0.35661942879484293,-0.16780174477517132,0.4948165397181598,0.29209263458401463,0.26869739345012533
4109500,-0.4515371594425742,-0.7551274215689382,-0.44604000395517635,0.5337926947250907,0.20810290049082047,0.17168725988392933
4109609,-0.5889445889608416,-0.9849205089964213,-0.5499285087729436,0.406949734766864,0.2103089919046893,0.24872296401006855
4109658,0.5354433217442738,0.8954477532795012,0.528037150554755,0.6618697312024701,0.33298201193374743,0.4365893789927771
4109708,-0.5604016953990929,-0.9371868481699062,-0.5485930088159863,0.4485029337466842,0.303550677606385,0.10383652997610567
4109757,-0.7422723527701544,-1.2413379411368706,-0.775301857898144,0.5556893873697718,0.09108160711952296,0.08371917920832167
4109807,-0.6607035026672358,-1.1049264096150808,-0.6100868195800495,0.3396805668063918,0.24777161238109224,0.24769137801332533
4109906,-0.6131091227473899,-1.0253320270964557,-0.607446463620827,0.46054324342972436,0.13213628436894256,0.2443563042846889
4110003,-0.4871112310142572,-0.8146196613079584,-0.4928261508079939,0.47991386491233295,0.16211983842391256,0.25577054408892946
4110052,-0.31621523067772445,-0.5288220178761723,-0.34081633503444514,0.5299110741459774,0.2716428143378719,0.1701870706447123
4110078,0.0700057364010132,0.1170739774524692,0.09393235667404348,0.5586239135531577,0.3271957779572631,0.3106997213142549
4110102,-0.925914477341001,-1.5484515443446734,-0.9006665129599356,0.3010703349680952,0.27000753752486456,0.10940886907945453
4110201,-0.7986006018177222,-1.335538395241894,-0.8264186218527024,0.524332956789955,0.10651465976257046,0.07794776940044482
4110300,-0.3175283075916159,-0.5310179398807591,-0.3553291736904998,0.621295783862371,0.23291574788982541,0.10345664548957006
4110409,-1.0577915579506416,-1.768995961924246,-1.0715795656844138,0.4180049863961986,0.12294325805847521,0.044681820494572165
4110508,-0.8458858582218546,-1.414615815560431,-0.8453370869237326,0.3954074026597614,0.1573497894619473,0.15198584209660548
4110607,-0.9282607936898679,-1.552375402608946,-0.9363722946948086,0.45729894055512355,0.0682796257469225,0.130592444818152
4110656,-0.7372592919684335,-1.2329543571987402,-0.7770673046330835,0.5846676641739758,0.042957443408442986,0.10518715679610667
4110706,-0.8048824074843214,-1.3460437625557873,-0.8018665793134059,0.402035187197024,0.24023145957586603,0.08584473278841603
4110805,-0.5942772422918786,-0.9938385629722184,-0.6135994047202005,0.546446199655653,0.09053904416921894,0.18791001794573922
4110904,-0.282203162837591,-0.4719419924934238,-0.27733554611056477,0.528693332460823,0.22329107106712323,0.25340309936877686
4110953,-0.1725373936332534,-0.28854262479602927,-0.19628532607114835,0.5824230085496108,0.1904458189535012,0.2734826621420882
4111001,-0.7958483551703647,-1.3309356801145134,-0.8195841558079725,0.4923438447704454,0.06692223134049072,0.16054559203403626
4111100,-0.3671280355189884,-0.6139659628221158,-0.34994249675874445,0.4642738203200009,0.21760417667106213,0.2926605273775208
4111209,0.6546792117701425,1.0948516966999378,0.6832986143667084,0.620437824969572,0.37932162093139166,0.5145503270297903
4111258,-0.19469625368624108,-0.32559995774593803,-0.2526790770012647,0.6954014444716837,0.16673839050307807,0.14299663904888124
4111308,-0.4113906439342188,-0.687988462777093,-0.4598751640223443,0.6125675923768658,0.2279664656665752,0.05876471509213868
4111407,-1.1697735630679098,-1.95626888291864,-1.159466639836014,0.3361165279485306,0.11431170261669948,0.09194341189608672
4111506,-0.4961529999068057,-0.829740648556674,-0.47391768850613186,0.4737735791935938,0.19627840228654292,0.23160673136457108
4111555,-0.341665752232874,-0.5713841554934838,-0.3644880543584834,0.6038374706326924,0.10682407351617645,0.24582724928648214
4111605,-0.24400255753771716,-0.4080572734194112,-0.21598901394872147,0.49085846498208546,0.1939725997816045,0.3567582758278725
4111704,-0.9694766853219343,-1.6213027307920993,-0.987820294528622,0.450648842502875,0.0741518441531306,0.10637917974539261
4111803,-0.33888147766549886,-0.5667278785270488,-0.3366000052709155,0.5146888286270888,0.24185286942144493,0.22222189399283457
4111902,-0.6783395904986372,-1.134420091922712,-0.6463781429547151,0.4107189979097563,0.12990737436673847,0.2748019127571178
4112009,-0.6976333793985317,-1.1666860278697302,-0.6871055570395925,0.42056054437666796,0.2034480850188204,0.16962126036085332
4112108,-1.065012773228875,-1.7810723493479925,-1.0647399141289253,0.39511461890252403,0.1099433076479658,0.08369433269186077
4112207,-0.6967481326747706,-1.1652055869758042,-0.7402701824847089,0.5831909567091155,0.12711050052320375,0.04151690434068539
4112306,-0.6722085170576466,-1.1241668013969432,-0.7136276279067514,0.5648526187460504,0.0658299532874052,0.14061581006181087
4112405,-0.9633155621398756,-1.6109991866315698,-0.9583899258918058,0.3716920337954393,0.2090929674577627,0.06594649840771893
4112504,-0.44230822001051157,-0.7396934199781219,-0.427002117607081,0.46245887213780573,0.23130976067650288,0.23489813099068726
4112603,0.2288976654665622,0.3827966321538083,0.22263976749747444,0.6170303872454017,0.40491640370596627,0.24815251093633753
4112702,-0.27053931682939397,-0.4524359789183282,-0.19717778830404653,0.3935252362914435,0.30099521561984494,0.3529133032734193
4112751,-0.9405575998933213,-1.572939946119407,-0.95092424079532,0.43593926995116833,0.08545552480031497,0.13127691082430362
4112801,-0.8605069768383949,-1.439067419089566,-0.8894534605084713,0.4779783708605015,0.07005175885734428,0.13602494829595382
4112900,-0.12302874129347535,-0.20574691196291037,-0.1462636604489219,0.615849057339657,0.21196272114971468,0.24705163450340595
4112959,-0.9396910576309506,-1.5714907856005422,-0.9244984762982149,0.40170520806480137,0.13319951875029182,0.12807527543529493
4113007,-0.9208874243512152,-1.5400445605939814,-0.9510814943626558,0.4966411502055341,0.0645639698290921,0.08429189479628857
4113106,-0.8376792605884902,-1.4008915255853014,-0.8325084744712196,0.42879558818202357,0.1523287746797443,0.131503199298309
4113205,-0.254590953321761,-0.42576475959137344,-0.21230471528122447,0.4492587601381955,0.2913928525989847,0.29833369246037084
4113254,-0.002730589535774484,-0.004566496892654265,-0.01587801895876759,0.684782279909637,0.1998678161562157,0.2449968668745656
4113304,-0.3069625749873669,-0.5133483544400328,-0.28819776594519053,0.5352277737910905,0.20726409160888704,0.2509050166821158
4113403,-0.7673156202649546,-1.2832190081001196,-0.7910058302434096,0.5256118985939063,0.12242488015686202,0.08142047795411868
4113429,-0.9620417917605321,-1.6088689988450053,-0.9757219550440751,0.4616448713707459,0.0851190975539887,0.0835704047626188
4113452,0.14257948639147186,0.2384425681827156,0.16066579314418478,0.6391225929334833,0.20965354872272277,0.379533500593947
4113502,-0.7949499133776285,-1.3294331724688169,-0.8077725881031692,0.4658079849857912,0.1930732833603738,0.06494222020875552
4113601,-0.5177332536156924,-0.8658303501442741,-0.5368849810408352,0.5946386757449983,0.0772867616048635,0.18716343964364626
4113700,-1.0422524819922248,-1.7430092139530957,-0.9853651730223382,0.24536737534061784,0.24515919523177318,0.1475572243155041
4113734,-0.6289639809662115,-1.0518468730083623,-0.6666458688281778,0.5647480769999099,0.17395897200543145,0.05160782437286981
4113759,-1.1414920944893934,-1.9089724157303307,-1.1568944528306366,0.42768135984681904,0.049577477103622584,0.06492303634095783
4113809,-0.4878947234347713,-0.8159299335611923,-0.4960470576846377,0.579025554981275,0.08031596764311563,0.22352996418294416
4113908,-0.3469895291561238,-0.5802873650234032,-0.3341512108027691,0.4479684927753365,0.3488266631190396,0.18323771287001625
4114005,-0.9978254118075581,-1.6687116766300878,-0.9908537437076786,0.3999266684959262,0.11958574419282586,0.11073097099700159
4114104,-0.10911252962870813,-0.18247415840837217,-0.08403027665624457,0.5203293159170418,0.24316578413522325,0.3438201684533546
4114203,-0.7422407465469055,-1.2412850845217098,-0.7342723862757181,0.44349591143349176,0.15113642355853343,0.16873271703170478
4114302,0.057719087707410556,0.0965264208368027,0.04445046499039946,0.5496522634553986,0.3721789538584523,0.25781324807765726
4114351,0.14005845054048108,0.23422651804812278,0.10540146383100486,0.7044891878835031,0.2404543658293622,0.2516578938967559
4114401,0.06618408687038545,0.11068284818247587,0.0480224049016574,0.6203313145105014,0.29139304167240015,0.26340027849696535
4114500,-0.9321067194742797,-1.5588071302317925,-0.8948141162522771,0.36499176950783996,0.10459711300426884,0.21615527009537336
4114609,-1.0247808317395442,-1.7137905285581922,-1.0373859488376618,0.4397714386150137,0.09643350901830437,0.0622339616613956
4114708,0.03819434856347813,0.06387425563125246,0.05146187723924328,0.5362059502599341,0.2393166032644992,0.4116941632996953
4114807,-0.8340352787756684,-1.3947975186292467,-0.8250879324641149,0.4091934750523592,0.15428093483301306,0.1538521659331989
4114906,-0.9232423511860446,-1.5439828185902083,-0.9145449442573583,0.39534481823022155,0.1921743312174656,0.08165335421629251
4115002,-0.4879262341516213,-0.8159826304563849,-0.5374162055539269,0.6270770607626458,0.14069329359641627,0.09043497306944158
4115101,-0.42643992962559213,-0.7131561108054638,-0.4508799272454859,0.5848033779752103,0.15314420010440002,0.1686487989732636
4115200,-0.41793734200804095,-0.6989368224699665,-0.3555315884877131,0.37443341641753963,0.23757814603112315,0.3578328467894543
4115309,0.0690389203656957,0.11545712425531023,0.09585651194329717,0.5306464939550909,0.26483132451548697,0.41195283000002236
4115358,-1.2535895320991133,-2.0964383800625046,-1.2338574322773574,0.3214848959497574,0.111204157739577,0.0696018083170975
4115408,0.5100535986036552,0.8529872917901453,0.5322388124852522,0.6155149131795177,0.3574666020475739,0.4599718310442659
4115457,-0.39946580250682906,-0.6680459739445023,-0.3943448842493018,0.5375378425659352,0.23438747917288946,0.1641747237653978
4115507,-1.0462966831647853,-1.749772527093285,-1.0637809996953793,0.4766497815554637,0.053720875770966015,0.0568387615088582
4115606,-0.8318311513922931,-1.391111449846176,-0.806204666653334,0.35145410738356603,0.16925041927208015,0.2080045767424993
4115705,-0.3626642921493394,-0.6065010289827177,-0.3237589328498427,0.45668646277403685,0.2800202939870247,0.24224715413946538
4115739,0.00452899921151975,0.0075740643385911,-0.01634393628123798,0.5950422220627557,0.2731530491816951,0.27975554731833346
4115754,-1.2412136782156096,-2.0757416412950884,-1.2385485527134288,0.369953095114738,0.07993221961865586,0.04669119126338376
4115804,-0.4528393323433931,-0.7573051082653026,-0.44150843901008613,0.47856955971152154,0.23527476912214026,0.1986291647801615
4115853,-0.981099174168604,-1.6407395807865361,-0.9823401157697147,0.4043976074487796,0.15256118663951926,0.07311495258620859
4115903,-0.08000367742675998,-0.13379401758624365,-0.10969731599665751,0.6285011110691235,0.37268084806791496,0.08094153146926127
4116000,-0.7485618951223978,-1.2518562468842014,-0.7513419148549612,0.5034693545037535,0.0758878138552371,0.1723422250818316
4116059,-0.5059947189927088,-0.8461994311878052,-0.5311979791155197,0.5542489488531124,0.13260572074577937,0.17916690648613706
4116109,-1.036933413325852,-1.7341138782687755,-1.052290333985617,0.43139019990527266,0.09395948573275882,0.07141501897227225
4116208,-0.7406411100766696,-1.2386099351171556,-0.721499769832034,0.42591662953671877,0.16601282981510965,0.18214495920060658
4116307,-0.382492794099732,-0.6396611914151054,-0.3699131549636262,0.49069381436928244,0.14104899368249887,0.33001141878498014
4116406,-0.39751952586251504,-0.6647911214183114,-0.423573115708788,0.5816905152746038,0.18227225792063306,0.16066826876472837
4116505,-0.4913709963454552,-0.8217434728122149,-0.5060391402830133,0.5132835787094597,0.2697569015296473,0.10129501222871895
4116604,-0.4421938846339356,-0.739502211400262,-0.4574114585474907,0.5351544231074054,0.14185132793629882,0.2356472757560648
4116703,-0.5596440677835834,-0.9359198308805309,-0.5324563029494327,0.46594678481080454,0.11560335591295268,0.2906339774114353
4116802,-0.541645911358269,-0.905820643758877,-0.569601350371045,0.577673436056668,0.1535974145437239,0.11035180139556265
4116901,-0.8537555583044923,-1.4277766954739675,-0.856259415125356,0.46764381632893537,0.10089057630504968,0.1273970331909804
4116950,0.08196656796494348,0.13707665433036126,0.04591876909014306,0.6916263612793334,0.14403307612068586,0.3360986119523963
4117008,-0.6550742203284119,-1.0955122886088555,-0.6715310044467715,0.4925356780220102,0.11575534401691569,0.1920029469503488
4117057,-0.025915241851685013,-0.04333931183638735,-0.0017736811570797035,0.5556211805134668,0.3185812105287597,0.2693031393399818
4117107,-0.7582995032187577,-1.2681409196742117,-0.7802718364329712,0.4959199110204749,0.1093253925945995,0.13463171925685583
4117206,-0.4157602389121013,-0.6952959477092797,-0.4367718803892685,0.5586670868686022,0.08770602226744018,0.275640622549608
4117214,-0.6439700615801457,-1.0769422670969564,-0.6646865509628923,0.5215369837694757,0.1491405495127318,0.12570196714587556
4117222,-1.4055129322771087,-2.350507227007505,-1.3942177527394215,0.30000706299953245,0.07416165906174303,0.045392585077632525
4117255,0.15545482389491697,0.2599746175555931,0.15602142393743879,0.6339422756520071,0.22079895597259389,0.3765630072958459
4117271,-0.46993435437175435,-0.785893940072361,-0.48907088638735835,0.5810926522761036,0.15532565647530808,0.15001586938260966
4117297,-1.1465192498961716,-1.9173795707579107,-1.1513250654282172,0.4082582164261533,0.07585123711192114,0.057351557314471946
4117305,-0.172424710206259,-0.28835417885331904,-0.18208396374800281,0.6242403241110847,0.16204058627267318,0.26070070464620565
4117404,0.7977508032963405,1.3341172360905718,0.8500061963347962,0.5854316254645568,0.4427395181755754,0.5796002346759637
4117453,-0.7125276520355209,-1.191594440073056,-0.7250084097996137,0.49651374068399207,0.1114466171775087,0.15735822518584097
4117503,-0.07249072177899896,-0.12122973863817382,-0.06862145481525422,0.5816400298082622,0.20993284819874178,0.3222342922790867
4117602,-0.09110365363817344,-0.15235704443955667,-0.10160887287556492,0.49243704178179176,0.2809198578813817,0.33765810179618433
4117701,-0.7751591088950731,-1.2963360533344,-0.742502927296279,0.37021352217415376,0.2323874940746586,0.15464019367977516
4117800,0.014678630830055947,0.02454778398425968,0.03878811756454866,0.6082742141986204,0.29103358481654507,0.2605380422293318
4117909,-0.6862581597730708,-1.147662698148299,-0.6583182745897116,0.4171021125310122,0.18363280167068216,0.20171656413315206
4118006,0.6314702208548745,1.056038179139835,0.6513451096632578,0.5727766736121818,0.5621952613857107,0.36502027579121094
4118105,-0.29351884382033355,-0.4908657528642062,-0.285899152775259,0.5233459495776431,0.23053985511813924,0.24681450056440535
4118204,-0.07166740288016384,-0.11985286263980893,0.018991952056976482,0.41502341007522325,0.40082130278628486,0.344179835734644
4118303,0.06013932163833119,0.1005738950471333,0.05447590463403255,0.615127920601885,0.31083068164025873,0.24873930935643118
4118402,-0.7004068079679342,-1.1713241665493994,-0.6920885475336365,0.38311210052889827,0.29134210775074604,0.12215087443631105
4118451,-0.9717771111495338,-1.6251498441190517,-0.9825226851702494,0.4276601176077727,0.10719934268637266,0.09346358461294318
4118501,-0.03702155206689446,-0.061912931350469616,-0.005191169562614038,0.506870227509304,0.2595128516127683,0.3860550938631715
4118600,-1.1296764011488634,-1.889212460520225,-1.1348233350205308,0.4198918386058965,0.06296540488381891,0.06646397640325895
4118709,-0.923442391334031,-1.544317355400746,-0.9192745382182113,0.42980856549927937,0.11791918236794452,0.11323501831841791
4118808,-0.44170555669502354,-0.738685556979514,-0.4377058013165556,0.48815037783884224,0.24704913053644942,0.1822472336483034
4118857,-0.457952999462513,-0.7658569410118918,-0.44731726457797283,0.4716555119093028,0.18603906166039655,0.26312246759960206
4118907,-0.5391379330303673,-0.9016264303514198,-0.5588752190358353,0.5357867494153224,0.14653251514269797,0.17180770892993283
4119004,0.4790938808266675,0.8012118589856786,0.5418598675727417,0.5436244880489388,0.3827683868897103,0.5136885867512945
4119103,-0.9604573599625246,-1.6062192769488977,-0.9609380855767067,0.36950824245445024,0.16236153843594,0.1148641539421692
4119152,0.39517252638937417,0.6608661207322897,0.46273174964075725,0.5056834640672928,0.37119401941240837,0.5237969070913898
4119202,-1.0018010749183428,-1.675360370256056,-1.0247978585209914,0.4612768405018035,0.04037448334216636,0.10433327635780147
4119251,0.26915093182161653,0.45011411554752134,0.2036703010774518,0.7969512908500866,0.22609497164237133,0.22152610827110455
4119301,-0.09152947246529579,-0.1530691618506184,-0.09391883034075205,0.610136276431362,0.23162388442087986,0.25080248685697754
4119400,-0.7785276061936569,-1.3019693542188313,-0.752364039698012,0.3677018220140482,0.2283909042426363,0.16296747638472345
4119509,0.33169378171106184,0.5547075470889986,0.35770763982032994,0.5760873245576499,0.28222692401050514,0.4867763182534827
4119608,-0.26924043315744417,-0.45026379295842117,-0.25469310682257323,0.5230132085977584,0.26601392634533405,0.22709969901415308
4119657,-1.1708550023779674,-1.9580774261596774,-1.1608925601178663,0.37652581242357624,0.028504566800851103,0.13703530962869606
4119707,-0.41473176649605,-0.6935759835658051,-0.44503500419170616,0.5765482506221291,0.21734620101376087,0.11838249593765472
4119806,1.4824444847623712,2.479163581530371,1.571304721728688,0.6514915821597042,0.6067599852571557,0.7244345456305346
4119905,-0.45217534758838246,-0.7561946944587596,-0.3891340243703492,0.3398337242772229,0.3270172370774294,0.2900259841463513
4119954,-0.34859233851022775,-0.5829678205950448,-0.3136543069398306,0.4772954527687223,0.2838401956650312,0.219822720928333
4120002,-0.18774903600667267,-0.31398178975301605,-0.19174134026701975,0.605693065432435,0.17847613335656978,0.26073232922937145
4120101,-1.0056084541008796,-1.6817276345330285,-0.9558723530566089,0.33142302419275294,0.09804107629367752,0.22054738208060878
4120150,0.2713453804115054,0.45378399801631764,0.32193198330429573,0.5468365588911245,0.38176428416196445,0.3893953088362429
4120200,-0.4286310920633767,-0.7168204976832251,-0.44806682193916575,0.6048124771301797,0.1623401412414068,0.14012330559031208
4120309,-1.0116299408564304,-1.6917976579467024,-1.0103874644792876,0.44096731728356175,0.06795479689727794,0.10658460459895763
4120333,-0.6598341417464576,-1.1034725353174915,-0.7143586329695178,0.6324718365003581,0.05372627932450943,0.07656201022946386
4120358,0.3011638406427092,0.5036508506521935,0.3381570895376231,0.5383559690742756,0.3851194926798273,0.40670468434608353
4120408,-0.2338660054969604,-0.3911054273840032,-0.26115232084274353,0.6622340514031445,0.11676858868048583,0.2232805750896477
4120507,-0.9414247287030084,-1.5743900875497059,-0.9250449478617772,0.40981641704692723,0.09507975346073531,0.16022846201585825
4120606,-0.7524054793500438,-1.2582840586084643,-0.7153851995756836,0.31935985379886533,0.1820158763351208,0.28400488247570155
4120655,-0.7464795056536162,-1.2483737663011978,-0.7815088631041471,0.5431972324292397,0.097102155284421,0.09415100079678822
4120705,-1.1364244903847216,-1.9004976163897471,-1.1453229073785005,0.39261317554660485,0.04675397221809366,0.11251583608027722
4120804,-0.3644221525033629,-0.609440783837558,-0.33223403240044996,0.42876527342477994,0.20182702209035552,0.35139368947104765
4120853,-1.064596892288101,-1.7803768515447245,-1.0545344479710967,0.3587463707499891,0.12518034131964248,0.11331925750524097
4120903,-0.30911806884235427,-0.5169530910223634,-0.2889699080621822,0.5058100996478442,0.33467128620119074,0.14178445004996806
4121000,-0.09046301472563109,-0.15128567301404203,-0.09647775688800497,0.6135665177084874,0.23931092716965865,0.24254709964013688
4121109,-0.4512790934656073,-0.7546958453593029,-0.465074371474165,0.5416758262527052,0.1884562074320589,0.1708506396923154
4121208,-0.6636660599233001,-1.1098808373409936,-0.6651491425483488,0.4291251956735809,0.24143575912823736,0.13153678667024601
4121257,0.02448421781727147,0.040946141159927923,0.05621378400807188,0.5549579011791579,0.2674452865971371,0.35843852282331606
4121307,-0.48665284185867247,-0.8138530749619771,-0.45699147551496316,0.45275343365467213,0.27989492465987503,0.17332877425234913
4121356,-0.794964689503792,-1.3294578832989605,-0.8149309437071722,0.5000013328712712,0.1035390497603647,0.11227390477622455
4121406,0.5802253378486957,0.9703388838241878,0.6230770198083213,0.5880083865496212,0.35569364443303697,0.5384934407150652
4121505,-0.37653278289163866,-0.6296939765315164,-0.34386300797023744,0.4462013867317253,0.2754285353648248,0.25011149525526827
4121604,0.4265049026940007,0.7132647684089254,0.45593097141794087,0.5813721713567191,0.3570673655882795,0.45531299635044437
4121703,-0.2298841991011644,-0.3844464600455099,-0.2152253203120379,0.5220330497547795,0.32456218543176735,0.17942550591608886
4121752,-0.2222891927774312,-0.371744963785223,-0.2521308457984562,0.6623946071683562,0.1710526359208762,0.17019021780599256
4121802,-0.554275915561999,-0.9269424103938562,-0.5706049998009646,0.4736441317549585,0.20799773630519444,0.1731819406838986
4121901,-0.37810650750165387,-0.6323257922794991,-0.41302669562338207,0.5981235687939458,0.12264537248557232,0.21126626253640912
4122008,-0.9564409534339998,-1.5995024461356782,-0.9526255181658839,0.38601017567903934,0.11958929898479985,0.1422577561939096
4122107,-1.0044588379365886,-1.6798050758426057,-0.9790721664904694,0.36233227100567333,0.15272721263044517,0.12324856756935691
4122156,0.6734316236844946,1.1262122617408405,0.717823241104817,0.6879906747586183,0.35990535207688473,0.4718843156522521
4122172,-0.9016343896737794,-1.5078467799034678,-0.9022805334565587,0.47583047969441167,0.07244747166633585,0.12514026628458547
4122206,-0.5248654026834519,-0.8777577878382862,-0.5572733389850075,0.5880791294637852,0.15281080551581636,0.10715445332225922
4122305,-1.1127358817194957,-1.8608820108789836,-1.0783737129824482,0.28944903906455327,0.16049316317294018,0.1384883953232217
4122404,-0.3941538466320443,-0.6591625333254266,-0.3075550025315701,0.3028745308493259,0.22474599384512703,0.4746823713947246
4122503,-0.22889131427740123,-0.38278601075312213,-0.2125541478245681,0.5299203622713906,0.1008552843783161,0.4159730615564521
4122602,-0.09435361239608896,-0.15779210759161216,-0.054114013197879056,0.4361676833652928,0.4161415169386558,0.2732486447063824
4122651,-0.5726664328745982,-0.9576977615962374,-0.5482007159810082,0.43306320937817766,0.31478813500064445,0.1082506636599
4122701,-1.0632986944054437,-1.7782058124634057,-1.0325347907662688,0.35385660812688374,0.046001697836765366,0.21072368758108528
4122800,-0.007594122401977311,-0.01270001803520068,-0.005585520433259306,0.5678589534367169,0.2898587909344626,0.28556164999494904
4122909,-0.7828511021684191,-1.3091997455594162,-0.8256012963658702,0.5427882227078374,0.05026339148316237,0.1196803003908039
4123006,0.264010596988102,0.44151768509288347,0.2425758407973474,0.6870173177556599,0.23935448477290402,0.34891093956813374
4123105,-0.9826145116186255,-1.6432737528640993,-0.9933848999735186,0.4590694287665315,0.04487715161145139,0.12437387422296119
4123204,-1.0321642700600817,-1.726138209418354,-1.023234503452946,0.3960591913289056,0.06256389661012056,0.15769409581319088
4123303,-0.404613697265877,-0.6766550472280988,-0.42683114486392515,0.5612552355335476,0.21537636741246868,0.14698966280720757
4123402,-0.5787957701157493,-0.967948148591077,-0.5680161488088546,0.47347046994006287,0.1476157519098968,0.2302328989581115
4123501,-0.34271734066076043,-0.5731427776611077,-0.3482643661106091,0.5643530860902177,0.18113495448226435,0.2140395036217778
4123600,-0.38733840884239706,-0.6477647472133972,-0.38817242762349835,0.4817157205498513,0.36792776752129774,0.1002441788931166
4123709,-0.7683313948266192,-1.284917737007818,-0.763236248126683,0.4429641977516145,0.21900703749284492,0.08452610854133136
4123808,0.045572313563877434,0.07621278319353594,0.04845556208562723,0.5973592777620192,0.2329294596216435,0.34263297974305096
4123824,-0.03898365640623279,-0.06519425329624894,-0.043458752075623996,0.5932392430994314,0.26771044680738126,0.26246373431819686
4123857,0.010383965769705725,0.017365607975693736,-0.0070923804146740205,0.6340234087810158,0.2867723887009724,0.2175972845326393
4123907,-0.5570109740828082,-0.93151638098624,-0.5833339107570976,0.5379156437044809,0.12892281029283018,0.178673873047866
4123956,0.13413706791887964,0.2243239036172463,0.1411476605961834,0.5818458440684916,0.3788262086813939,0.26412670963339563
4124004,-0.65752926073846,-1.099617971376971,-0.6970689710791583,0.5634822345676964,0.1420686230504433,0.07012346156489496
4124020,-0.6541885627807796,-1.094031160674308,-0.6472024421614124,0.5103663538164112,0.09077801126873236,0.20336768682320952
4124053,-0.35452852108456123,-0.5928951857023876,-0.31755007652739475,0.4248187392722557,0.2564703336429005,0.30519189573589317
4124103,-0.7409391405804663,-1.2391083459371173,-0.7394313349434861,0.4309630304495653,0.2047318314192658,0.13203202239857506
4124202,-0.6650404171154974,-1.1121792413176228,-0.7006011228589063,0.5774785477692684,0.12940444493591644,0.06564269784190017
4124301,-0.8284875965696006,-1.3855198614700364,-0.8309748021700051,0.447964287012027,0.0799742305820247,0.185651984670732
4124400,0.09387212953519332,0.15698690052576075,0.10033331595908111,0.6006053841281592,0.2868527959366816,0.31138538357421114
4124509,-0.40055850545483324,-0.669873353911825,-0.4050639129119487,0.5374141676855669,0.16895535320521113,0.23136994228855357
4124608,-0.49457199351826703,-0.8270966551384245,-0.4582671361037122,0.3782859450692233,0.2925785156155979,0.24503417197958863
4124707,-0.2716949275898363,-0.454368562661707,-0.2879855401856053,0.551484959019318,0.2221999969925236,0.2243807606369799
4124806,0.1478634399637444,0.24727917919751205,0.17025571216428984,0.5702267883725421,0.30092619562642103,0.3697341370817524
4124905,-0.09622635465949303,-0.1609239850175438,-0.12896030451503998,0.6212048428214806,0.24882147434279508,0.21259664753478766
4125001,-0.8792986191312786,-1.4704935909891033,-0.9123190385179595,0.521046093336286,0.06098902085572391,0.0849959211621303
4125100,-0.08371945994941976,-0.1400081003406085,-0.07153945009511771,0.5316398089226007,0.3549257286119176,0.22374038541587138
4125209,0.09888182619890457,0.1653648584532564,0.12492625168404804,0.5510678840941762,0.3634946722961628,0.29477521679393
4125308,-0.3959643191572589,-0.6621902740577164,-0.36601484718138977,0.42460104822717426,0.25070943056785383,0.29067811669247706
4125357,-0.7112034545322367,-1.1893799205691962,-0.7430877597156277,0.5411051502036421,0.13574110631951447,0.0752614371687692
4125407,-1.171867292392684,-1.9597703276910523,-1.1770956541501374,0.37574264929971185,0.0631559601327077,0.09561338742937227
4125456,-0.6432593017560343,-1.0757536290809875,-0.6848236131956771,0.5775396930272235,0.08893862389477254,0.11521851616416996
4125506,-0.14375438550214972,-0.24040740876669975,-0.13711282445770667,0.46860406189257203,0.35267775443731675,0.26463797508422343
4125555,-1.2954640592585853,-2.1664671762802654,-1.2938356010217942,0.323975532860548,0.11140664233467723,0.038289770886922064
4125605,-0.5012902401337496,-0.838331903751133,-0.4759182412071644,0.4511679027276485,0.24611872560542525,0.2011359834236859
4125704,-0.06384022444779842,-0.1067630937377574,-0.05024339952612665,0.5467056884898405,0.22169633877181694,0.35673158295274116
4125753,-0.5655914990060122,-0.9458660076459062,-0.5745510202552766,0.5148476620782431,0.17684023820787545,0.15068712159406294
4125803,-0.8256846879872577,-1.3808324219394983,-0.8522889705984962,0.5324444409295674,0.06708488908580258,0.09541139966983021
4125902,-0.9871561928058538,-1.6508690258837853,-1.0075546159878146,0.458527047109679,0.1306468301660124,0.028392995765065116
4126009,-0.39786163653537154,-0.6653632496360737,-0.41819793311069875,0.5569135697608281,0.14216867187573803,0.23372867425148644
4126108,-0.6865675260677878,-1.1481800663594521,-0.6648275420090628,0.3892695094154676,0.2408105877886372,0.17695183230825695
4126207,-0.133202463585374,-0.22276091960632094,-0.1333674124764019,0.5759056042220818,0.2990226274957426,0.199798864152675
4126256,0.06727586668535808,0.11250868434980055,0.07727692208150404,0.570317487618027,0.24807102494775943,0.3746776930379469
4126272,0.34948227569722656,0.5844561055774069,0.3496342566302638,0.6093899884612552,0.4061086365735329,0.31814984825745407
4126306,-1.1681261723471283,-1.953513871772191,-1.1740282015053458,0.39997149811882493,0.05509899016719346,0.07618128598001749
4126355,-0.2572562482111579,-0.43022206109018196,-0.1987562121103335,0.4303716524647483,0.23639522497355028,0.38023539044286053
4126405,-0.76300293835989,-1.2760067016511027,-0.7609309812883118,0.42097819894075245,0.16719096279493983,0.16726824482850336
4126504,-0.7231908857830275,-1.2094270813894028,-0.6707076440064585,0.3524615868073935,0.2031583413856406,0.2449908451975731
4126603,-0.4336779370273618,-0.7252605805092254,-0.42961581432174806,0.509907564686165,0.1908366392936667,0.22277147257009566
4126652,0.4407310956349231,0.7370559186378074,0.45872873309494877,0.6104764804089046,0.4615632486824917,0.3154788709174799
4126678,-0.6791145121312534,-1.1357160308329843,-0.6504512414187501,0.3960666249448988,0.23117758435282065,0.18344845535679513
4126702,-0.6457099829755627,-1.0798520217640493,-0.6381736505163502,0.42361759680515587,0.2979716419861065,0.09541545189723895
4126801,-0.2204705555949315,-0.36870356890183015,-0.24397149811995852,0.583984966562002,0.307169280146855,0.12701945293143194
4126900,-0.4979119028774289,-0.8326821470296597,-0.5032009180830951,0.5002303495562956,0.15587471395458838,0.2359784384195105
4127007,-0.7325241001422248,-1.2250354669821,-0.7345526778771174,0.44764743189181294,0.20904347314517366,0.10427311528899132
4127106,-0.2952832663274655,-0.4938164819249408,-0.2561318011419222,0.4919002105996468,0.2182077142219044,0.30376426093247477
4127205,-0.8901971703305703,-1.4887197650566328,-0.8868681203291655,0.38132936744026064,0.2179940522998752,0.08620147533770466
4127304,-0.846684878779314,-1.4159520562677954,-0.8543133450492252,0.45723413688232123,0.12859664264823192,0.11266944346553447
4127403,-0.4560760459304956,-0.7627180208778619,-0.4205411917340387,0.43650815697485995,0.19018573864110414,0.305219133092745
4127502,-0.7209987175070864,-1.2057610123998648,-0.7161286604108849,0.47607449215574205,0.14257807342948903,0.15369380229335747
4127601,-0.2279817456339291,-0.38126489513700546,-0.23208562378633385,0.49512142049597546,0.3337579996588045,0.20352513084082982
4127700,-0.41778425712197526,-0.6986808112140187,-0.402705238630295,0.4588843266607679,0.21758159385599363,0.26456075248866556
4127809,-0.9358210904891002,-1.5650188524533575,-0.9419845326971313,0.4297718046198724,0.10440734090606152,0.12040038527562134
4127858,-0.7338665176764804,-1.2272804567246114,-0.7439217176830591,0.4815603917544898,0.11714495143454613,0.15971083877580186
4127882,-0.783976001703546,-1.3110809694359473,-0.8211758939149375,0.5461823191529107,0.11717744166795631,0.04685703487458134
4127908,-0.44527921120351543,-0.7446619521845224,-0.4628330777247509,0.4929945283024755,0.3469199020742016,0.06771707619326596
4127957,-1.0669563653340797,-1.7843227123896452,-1.0760330736733992,0.42535747445162925,0.06550435513008847,0.09337564074903117
4127965,-0.13505287851313594,-0.2258554579494299,-0.13757079993671598,0.6030646461332596,0.2738262937317753,0.19013768263212447
4128005,-0.8428907935260818,-1.409607024071502,-0.8511975859386518,0.46863206561418025,0.07950176799292302,0.15329827893844578
4128104,-0.16369367965595066,-0.2737528543571622,-0.11507641559731097,0.42585710903338,0.19220714483715495,0.4863660871653603
4128203,-0.9311332335382942,-1.5571791226372862,-0.8900479670126776,0.3738455310104087,0.12761607419487722,0.18111030013312668
4128302,-0.50034987348339,-0.8367592831391504,-0.5086464875682658,0.5845259835713449,0.10433213168050398,0.18544367101322937
4128401,-0.4094859896652436,-0.6848032173614398,-0.3972465447469424,0.48003800306482275,0.32961962390033517,0.12849673353524724
4128500,-0.7121335527929967,-1.19093536885682,-0.6743941538063104,0.33832125450692824,0.29709048893097817,0.1667698511931608
4128534,-0.9649635402715271,-1.6137551801336156,-0.9778012815002136,0.4393903315261915,0.09346296979507596,0.10043066922147699
4128559,-0.0196088103651356,-0.032792761573241465,0.031826089283938146,0.4220443924480152,0.41307527268404337,0.34306356403181654
4128609,0.3326737118307608,0.5563463316034769,0.3293788034406714,0.6169043692990864,0.39090016702462355,0.31507156146609266
4128625,0.017617394159447918,0.029462419976266748,0.03702540946449795,0.5474027021101616,0.3082499634343245,0.31614758744529636
4128633,-0.5583600876468908,-0.9337725688231548,-0.6149352994870411,0.6220553147275285,0.12226729622040805,0.07069823504392515
4128658,-0.842295811835262,-1.4086120074251998,-0.829668330438025,0.4317495641399585,0.13495713096992243,0.1427260949547162
4128708,-0.38498539291181166,-0.6438296849147215,-0.3723210045894448,0.4628763355230651,0.2522014023989157,0.2427278418459676
4128807,-0.38707587893944195,-0.6473257057645206,-0.41034684067250093,0.5706967469005267,0.18297278053453003,0.1778554972212688
4200051,-0.9956882132947713,-1.6651375362330183,-1.007077431444114,0.4485733212969127,0.10611060767746831,0.06589263637654001
4200101,0.0254802155446211,0.042611796311478524,0.045422860123555515,0.5377918884425396,0.32931166408329754,0.3051586485108193
4200200,-0.5917626628794789,-0.9896333102520218,-0.5796917806371145,0.4292176965878607,0.198724353303946,0.22073960446398977
4200309,-0.9767538540166036,-1.633472691819253,-0.9680268042468368,0.3959653427363641,0.1086812365779234,0.13262209619137205
4200408,-0.7730468105187747,-1.292803554639392,-0.7709750789172533,0.45256099653171367,0.14008453920410094,0.15041543241671132
4200507,-0.015818820795168036,-0.02645457878607985,-0.02868197163414286,0.6346900925002683,0.2357569926388466,0.25665328354878425
4200556,-0.1210790198328601,-0.2024862985038773,-0.11701285237452083,0.567189676707737,0.2544454453781101,0.2625104570574637
4200606,-1.1490282786822308,-1.9215755408973298,-1.1509600402869493,0.3912692619724311,0.07956358615376169,0.07227472645322
4200705,-1.1256298050215936,-1.88244514218149,-1.1258257154911697,0.39200046451392273,0.07197665921449163,0.09382608477371333
4200754,-0.4731924713183825,-0.7913426465578131,-0.4683722432508126,0.5019303005786212,0.17229497926127138,0.22793265291199225
4200804,0.27811723139199257,0.46510889180015846,0.3127913823611055,0.544274908054443,0.41178888817151216,0.3597995365807576
4200903,-0.27762745398516986,-0.46428981336414804,-0.2876685299106141,0.5488826818224776,0.2539205388677595,0.1896600551855275
4201000,-0.2982352715287448,-0.4987532629394913,-0.29656830981726895,0.5470273249538723,0.23826253454784743,0.20641284276127816
4201109,-0.9214615131272228,-1.5410046370087631,-0.9511699271862378,0.5042196165307176,0.08547645968181966,0.053580118600911365
4201208,-1.205600010928444,-2.0161831837267883,-1.2005077427230733,0.36517544399482976,0.06966310282904546,0.0852563677666295
4201257,-0.8597326985087523,-1.4377725560059573,-0.8621283142299885,0.4436266918386563,0.11905915767382864,0.12685395949071926
4201273,-0.33587329661651016,-0.561697151926519,-0.34332506442071203,0.5179000148817049,0.2042228960044433,0.24507602130969938
4201307,-0.4924715365754303,-0.8235839594450757,-0.48964760546991726,0.5139709159989049,0.20400949089902823,0.16999116162622516
4201406,-0.1035086477120329,-0.1731025157561046,-0.08231946754514118,0.48863399162712606,0.4499582518580334,0.1638191386779646
4201505,-0.8575795994950347,-1.4341718244324622,-0.8758680287404697,0.4801741893327655,0.1166509654227738,0.08526935114957845
4201604,-1.1105772670899698,-1.857272055274517,-1.1246712656341473,0.40859956014285886,0.09453530780924997,0.05265238697017863
4201653,-0.05462242772259464,-0.09134772663432196,-0.04182247369147609,0.5694839941703914,0.2697993195885968,0.2832501780888857
4201703,-0.8205759224159821,-1.3722887862883373,-0.7833788032889787,0.34448557510403827,0.2012491215795188,0.19202357112363347
4201802,-1.228559740853501,-2.05457985008229,-1.2239851023500683,0.3326423713119578,0.07651887641791501,0.10138752973580213
4201901,-0.6111825841665469,-1.022110183488056,-0.6097688326716776,0.4720573649053099,0.1655866635937745,0.18689083310828813
4201950,-0.3481106347339328,-0.5821622440816905,-0.34333381807041274,0.5089651954655787,0.3104258835913048,0.14493361306659025
4202008,-0.7076803076471434,-1.1834879917046186,-0.6803730419213899,0.33585501387846195,0.2927271906931152,0.1685800091332763
4202057,-0.6859381933718807,-1.1471276028666222,-0.6666257045878274,0.41600047033549803,0.21758229593096956,0.1700054519458005
4202073,-0.6208145148183694,-1.0382181267785273,-0.6415985909522731,0.5475918275377359,0.1640295470299705,0.09449462069491053
4202081,0.1952060133601635,0.32645245349327406,0.2290353355084996,0.5328368142310229,0.41365974098734143,0.3259516566439098
4202099,-0.252895390191773,-0.42292918739608426,-0.2543898844669684,0.5507253033097577,0.2411935528165147,0.22244147393586236
4202107,-0.5908326590983385,-0.9880780199672334,-0.5701488039749316,0.3778993693454645,0.1997276883882223,0.284130082845103
4202131,-1.0053488387946425,-1.6812934673051516,-1.001979671830955,0.39610051585655653,0.0981680900492038,0.1293751942643788
4202156,-0.606713910638386,-1.014637004706227,-0.5985559046969445,0.46716919939295193,0.21524813631301143,0.1527314944571312
4202206,-1.291211732453038,-2.159355804582075,-1.2635157457756836,0.27146768846778757,0.1361808890120473,0.07815371917387927
4202305,-0.616343585764774,-1.0307411759724696,-0.5841471472787685,0.3976266988319741,0.2303704396802976,0.21808150846637642
4202404,-0.4264152199299558,-0.7131147875868462,-0.34552554366538357,0.3123168633310803,0.32859161147127985,0.3341126102043775
4202438,-1.1498607914638257,-1.9229677922703177,-1.1611906532591938,0.4328175633349538,0.038184987582628956,0.06848394263736979
4202453,-0.6676881456743401,-1.116607165792591,-0.6351568284832041,0.38488131525890296,0.23375844659809486,0.20174553520106941
4202503,-1.0722302805756445,-1.7931425358186899,-1.06964469248937,0.40232355307751516,0.07821323611535348,0.11148163087422573
4202537,-0.28642705119926204,-0.4790058052070469,-0.3238379441684094,0.6314936693161687,0.16817304320873927,0.17066720780599956
4202578,-0.5295440215734237,-0.8855820683986051,-0.5477353451836138,0.561140054580431,0.12701027392780673,0.16650716115209532
4202602,-1.070517661779242,-1.7902784406078895,-1.0567134064339385,0.36878992717720255,0.12851164774426582,0.1013734178171284
4202701,-0.9126122003308401,-1.5262055033940702,-0.9195612143731748,0.4594041891381946,0.10300825459754914,0.09442575571090801
4202800,-1.2503329240767436,-2.0909921970240397,-1.24006351269911,0.321781183700835,0.12163138776479931,0.05507139190034793
4202859,-1.1307548922017254,-1.891016073248219,-1.106453364676434,0.31908604310614236,0.09823455210135644,0.1524934124634845
4202875,-0.7421780775993557,-1.2411802802109546,-0.7803940978247805,0.5662903095901072,0.05725285299642129,0.10705476280964325
4202909,-0.5854097179778313,-0.9790089733560883,-0.4957166642124781,0.30019845595680067,0.3018465745429382,0.29083599636016877
4203006,-0.6185345187331708,-1.03440517909748,-0.609563908737677,0.473739743828995,0.19804884580060822,0.15045777518041153
4203105,-0.4410530335409498,-0.7375943109623357,-0.4521306229084067,0.5409944232275322,0.22425471034106617,0.13843135143845164
4203154,-0.34812398894036095,-0.5821845769667174,-0.35151571913970625,0.5156938707844009,0.22928815236202815,0.22410630056150163
4203204,-0.31163635589629185,-0.521164544210752,-0.297490715836636,0.47896856066201804,0.2977252500015668,0.21575347377905651
4203253,-1.2781713209995678,-2.1375476940619715,-1.2564926959117713,0.3163096270769438,0.08574646678884436,0.0927142472036742
4203303,-1.5549046813159824,-2.600342271358369,-1.5339809559481548,0.2491037910215462,0.04385971535021061,0.05575419836785254
4203402,-1.0550958228073224,-1.7644877537171506,-1.0493358146783736,0.417228671897218,0.06576925804269736,0.11726116919305835
4203501,0.3817643919856981,0.6384430493447723,0.3948701495779126,0.6218946180508981,0.4094455001094719,0.31952193512298227
4203600,-0.9830952108744893,-1.6440776494693723,-0.9741648681328962,0.38878735669602776,0.13806081013668933,0.11039923176724302
4203709,-0.9179379401293845,-1.535111995535241,-0.907355409420729,0.391473821450464,0.16336235502522253,0.11739051583281067
4203808,-0.9018616497466881,-1.508226837910417,-0.8709297351039554,0.333268146648995,0.19838191801384028,0.16456793820578794
4203907,-0.6943048727113109,-1.1611196052180512,-0.6981617388662331,0.460492705198625,0.1898141043375381,0.12604641646802126
4203956,-0.06049724347462126,-0.10117246503790542,-0.08150289744850137,0.6057743540288841,0.24696280187441608,0.252794439238977
4204004,-0.5831968836388065,-0.9753083435101421,-0.5914301063811729,0.49502372433659175,0.14528992370968238,0.1972610603168555
4204103,0.2992389218377494,0.5004317158733123,0.32673312308426516,0.5742669508483677,0.3533126373408726,0.3959710019937723
4204152,-0.5162658498999075,-0.8633763399678597,-0.5488536552864464,0.5859313301014343,0.1497510552827439,0.11871867761814037
4204178,-0.5759137390668896,-0.9631283887345599,-0.626256501002723,0.6191046036448024,0.09043897453585285,0.10287775885440849
4204194,-0.4574166646842261,-0.7649600024327381,-0.4562845830014598,0.4817524030126923,0.20231983377878646,0.23060688204507038
4204202,0.1344692729539102,0.22487946615797832,0.19416447276264454,0.47738892382751036,0.3881451948276949,0.3881714534563911
4204251,-0.6469249576379096,-1.0818838826305661,-0.6384619477970123,0.4651092439912073,0.1769345304105728,0.1667751944048315
4204301,0.26506977786685737,0.443289004483157,0.344150782238503,0.4218839206419373,0.39855624255857913,0.524635988418842
4204350,-0.09925649915748967,-0.1659914421556855,-0.09965425311322072,0.5885210813570395,0.2606842306601421,0.23975096019845235
4204400,-0.0028021475522470723,-0.004686166823116335,0.028678328629413958,0.5056117560681729,0.35608702887070476,0.3015540158486956
4204459,0.46727781612056196,0.7814512827229669,0.5287444061249524,0.516480362612385,0.4586383130845504,0.46021792187455235
4204509,-0.7871756729478258,-1.31643193434777,-0.7876523206075867,0.41684017090922415,0.13844361935195681,0.17860848290125184
4204558,-0.9780814252948445,-1.63569285345008,-0.9759799785648653,0.4275348242425041,0.08891909952240899,0.12146081339838262
4204608,-0.3491859410935463,-0.5839605308931991,-0.29927995886496567,0.4153139223502745,0.2659757860152234,0.3150464236988444
4204707,-1.1507375757828802,-1.924434081075733,-1.1481365256657081,0.3783107905111201,0.09602835840676106,0.07076530075017408
4204756,-0.6091848628065779,-1.0187692974767497,-0.6041518235288169,0.4799428545785995,0.14462942635905277,0.20545861162806514
4204806,-1.0309360301340365,-1.724084164410037,-1.0237547722625149,0.3578551365278968,0.14367003468087014,0.11391880740436529
4204905,0.2234744011800487,0.3737270450965272,0.2733084076154935,0.48577382616329867,0.41966061755707296,0.3942191665460974
4205001,0.529181820036131,0.8849763412569416,0.5847727833790992,0.5434271426915286,0.44442476010156257,0.4719025572358268
4205100,-0.3564020608675848,-0.5960283968589355,-0.35938457821923,0.512871797017132,0.24096535073551695,0.20251787038927746
4205159,-1.1840186876282015,-1.980091693409854,-1.1703507407569886,0.3158327953523301,0.12387410327264294,0.09502036264626122
4205175,-0.1447291793760092,-0.24203760368894583,-0.19455625286424735,0.7129270303557714,0.17412689123512184,0.14710675279900268
4205191,-1.0544066971943749,-1.76333529563843,-1.060727592721358,0.4119796196822639,0.11115075271606602,0.06925164456250411
4205209,-0.7865912502698438,-1.315454576049118,-0.7707815095929238,0.41441072861259226,0.17108459393033473,0.15766777988838318
4205308,0.29064161019024753,0.4860540159630387,0.28050650479934,0.6501659015581307,0.31767692358858884,0.32665552991256186
4205357,-0.1633460096984432,-0.2731714290789111,-0.18211622746360254,0.619353831136643,0.21822370246107248,0.2067178463052252
4205407,-0.4005811474156746,-0.6699112191575791,-0.3460987405548531,0.3915560475573008,0.287957359514861,0.29301338632285573
4205431,0.2876918953128042,0.48112106516776626,0.3093486725123562,0.6021363164643533,0.33003260215556335,0.37770904692445334
4205456,-0.28378968274801686,-0.4745952064408797,-0.25875810197252297,0.48035175581014417,0.2452726254888553,0.28589426422397796
4205506,-0.7228587294456962,-1.2088716002881876,-0.7270261640356639,0.44776479645559597,0.1901579150999723,0.12683220212908328
4205555,-0.6316726179975802,-1.056376657666592,-0.6306758309026258,0.4590975807553535,0.19406927212827166,0.1705021475844369
4205605,-0.23656386218963013,-0.39561718356064474,-0.23152760141627005,0.5357851766476237,0.260447712595246,0.2319512560285207
4205704,-0.6634363207130425,-1.1094966333528007,-0.6414746397132559,0.45227799427667986,0.14088728602455955,0.2185902534362484
4205803,-0.9094753587390652,-1.5209596115476685,-0.904012590194764,0.4085604914960115,0.1478492721557003,0.11787839242936515
4205902,-0.18124313638797204,-0.30310165928906796,-0.10903770100959526,0.36677093387350174,0.32303643868052034,0.41266654643733586
4206009,-1.0933954244808621,-1.8285380292128834,-1.0673829394212897,0.31613925747930954,0.1170143610452699,0.16399519592658907
4206108,-1.1846210373847894,-1.9810990320287538,-1.186256569744064,0.38125780281027327,0.0891596584720471,0.05412404208550614
4206207,-1.1499817171751887,-1.9231700221836554,-1.1456064452716943,0.37734534744745707,0.08842463509854383,0.0817442240914618
4206306,-0.7671859811556779,-1.2830022063501962,-0.7150141638137598,0.3664673631326063,0.20186386605852924,0.20119061706328134
4206405,0.46309016593724944,0.7744480728669692,0.536595760761237,0.49666348614086164,0.4469069687809106,0.49428391887651024
4206504,-0.25857417134804156,-0.43242608766777213,-0.21729797970921857,0.48045329570576406,0.2517717776117472,0.2977852628592815
4206603,-0.1603092545252096,-0.2680929165889736,-0.14517116982326947,0.511447475510933,0.289914172378301,0.2694692708513135
4206652,0.13947189600653082,0.2332455945436692,0.1581228091296965,0.5838579414915679,0.3146389073776691,0.33079505963809835
4206702,-0.6113001846175381,-1.0223068524077124,-0.5953241378846545,0.4520283409431387,0.11582906674863507,0.27022696293564735
4206751,-0.6223371295278723,-1.0407644689689448,-0.6186626693469517,0.47081117869897576,0.22467134135254227,0.12431450967884271
4206801,-0.9126183600193425,-1.5262158045389467,-0.9078928453649164,0.4256735855857528,0.12395807907827032,0.11888406236320166
4206900,-0.9605178373712746,-1.6063204162433669,-0.9583196728721691,0.4168449081858241,0.08734907025790524,0.13845934534158735
4207007,-0.3881021139592561,-0.6490419282020996,-0.39860071181675755,0.5533701195893618,0.2172531676647432,0.16145303066885042
4207106,-0.7797124293279626,-1.3039507912273114,-0.7578877005989985,0.3917399454760712,0.1770471631274496,0.18223054461017305
4207205,-0.42381549930368667,-0.708767149098493,-0.43877057345081116,0.5753969631008132,0.16212839848339936,0.1753784700944112
4207304,-0.2990015508728631,-0.500034748932892,-0.2923176796001693,0.5406934194926295,0.18513642513307302,0.26905946978979084
4207403,-0.7465143902407584,-1.2484321054827918,-0.7446295740366566,0.4625841028894884,0.0876017220723917,0.20822371086586036
4207502,-0.6269508241739485,-1.0484801735773959,-0.5807614220696875,0.3153978243126529,0.2555852284409893,0.2826675844385116
4207577,-1.0052180141884863,-1.6810746829914829,-1.0172313494694707,0.42315116345455256,0.09592089206092062,0.09501471123203091
4207601,0.18396639142891977,0.3076558903514333,0.20464117344893934,0.5470036955991417,0.3893237489200845,0.3214745812433335
4207650,-0.06363790119730213,-0.10642473878451429,-0.0404659882146561,0.4919544457540586,0.3463046000954095,0.289431604147483
4207684,0.3021493364894597,0.5052989430010986,0.27691228529462597,0.7050242651599471,0.28520843656424705,0.29801301590515467
4207700,0.2893342818889723,0.4838677076412502,0.3152892837746575,0.5265988949111188,0.42359461091905426,0.3703563494251519
4207759,-0.6233006880383197,-1.0423758744497764,-0.6193349174355487,0.4790470810225394,0.1782529720698606,0.16536030850809388
4207809,-0.2692935599294373,-0.4503526394276708,-0.26876379375499104,0.5489687568749345,0.20522107782391974,0.2542316885286038
4207858,0.14928971882431952,0.24966441429035346,0.20439739609548782,0.49273764090798794,0.388012527412352,0.37769676522346024
4207908,-0.7295048765038811,-1.2199862733255313,-0.7480045710065746,0.4931016206597296,0.1257170182274491,0.13438924505624103
4208005,-0.10890285367234537,-0.18212350716963763,-0.10127370271439112,0.5211258253378709,0.3069173378946121,0.27122478484337503
4208104,-1.0404176420099733,-1.7399407223443442,-1.0239104972582913,0.36770039779374913,0.09889608121463138,0.1458522846785385
4208203,-0.14611325098761999,-0.2443522535588096,-0.08405741567454643,0.3739617374546202,0.4211065714924401,0.31691653125415553
4208302,-0.7025584035878601,-1.1749223839247744,-0.6540373934683205,0.3297521419392848,0.252516669940534,0.23115830389381406
4208401,0.03716040952846317,0.06214514939659799,0.08955354943301816,0.4346475163532975,0.397405137277657,0.3692919825220314
4208450,-0.7404768754685345,-1.2383352776419512,-0.7350816867399232,0.4426384457869463,0.16850905982279293,0.1510852741822364
4208500,-0.9618736332913372,-1.6085877793072494,-0.9595963755179925,0.39507692465085387,0.10248833120265821,0.14801981370390835
4208609,-0.6546827510038988,-1.0948576155316545,-0.650340207700919,0.45171382757782697,0.1447723378240049,0.21515084603510445
4208708,-1.044949220388387,-1.7475190999484231,-1.0334192803385638,0.3600417564874417,0.16329352374761696,0.08565815856758824
4208807,-0.4878079589341622,-0.8157848330921421,-0.5105084249355775,0.5635292478960666,0.1695133054787761,0.14062670397907054
4208906,-0.2816052512660768,-0.47094207606598926,-0.24025189486292714,0.4473057875128829,0.3166047162518619,0.25763046356527625
4208955,-0.31913629320808695,-0.5337070519662067,-0.31011375592098767,0.5272217695900772,0.23160780883676388,0.222220064166753
4209003,-0.6438277673441873,-1.0767043015668636,-0.6086376804950864,0.3739867089356789,0.13251193905809702,0.3329734081750011
4209102,-0.5966688337654327,-0.9978381370163582,-0.553853597877251,0.38965473938572387,0.2585759157355299,0.21125470908933697
4209151,-0.8104745079227387,-1.3553957024723815,-0.8329473945610723,0.4925347949552752,0.09665647408000044,0.11622612021066354
4209177,-0.11834049635920876,-0.1979065333033405,-0.11155066155836393,0.5449728641406532,0.2500341918796601,0.297044678517925
4209201,-0.827587620106436,-1.3840147873207878,-0.8277062114881102,0.4297597559802009,0.1340708503588864,0.14969288412051723
4209300,-1.1055633360387949,-1.8488870159761515,-1.0694400811023774,0.3507011124912645,0.06866262880646949,0.17380566156554147
4209409,-0.5890124504224544,-0.9850339969994791,-0.5871678024529866,0.4949305759993659,0.19660612155695426,0.14780751799446962
4209458,-0.3466252637165095,-0.5796781863181063,-0.3704201406151839,0.5604567528910428,0.19824943675641224,0.19306440030217253
4209508,-0.6742052673615354,-1.1275060634642202,-0.657217990028107,0.4024162081371989,0.138502770441422,0.2704131661987143
4209607,-1.0648651175379662,-1.7808254175975833,-1.043003235777506,0.35516321867947287,0.1043434631702394,0.14417876929068238
4209706,-0.22171403393689207,-0.3707830978497924,-0.2218396771074637,0.5468800849235135,0.2088512018563249,0.280277355024465
4209805,-1.0125927266199086,-1.6934077711254185,-1.0497174616288758,0.5040633093154879,0.03847216878284776,0.049441924632670664
4209854,0.17039210303820956,0.28495495161858514,0.20823312784961573,0.4809947523555944,0.36471288204914304,0.42235132419264687
4209904,-0.5247303208044068,-0.8775318838813452,-0.5013908000048483,0.4287256089940438,0.18239490222218077,0.27515965574524676
4210001,-1.1594702086036524,-1.9390380851262492,-1.1414362937530844,0.325907486459248,0.10757784412121942,0.11676635884634827
4210035,-0.8452881776886373,-1.41361628550951,-0.8220748983407072,0.38071817749976095,0.10175870366655372,0.2388462510802968
4210050,-0.6327315790252239,-1.0581476093892226,-0.6696556553813644,0.5648713169509569,0.10688212223976422,0.1164306981078201
4210100,-0.7616296849634272,-1.2737101436054439,-0.663991044195725,0.2889934464800721,0.14849930394794672,0.37211706836498637
4210209,-0.648324638259567,-1.0842246362025578,-0.6423076012369244,0.4568597129411513,0.12077805247866107,0.2359363934858426
4210308,-0.9236738103593348,-1.5447043686248523,-0.9236773678922532,0.4200391505115559,0.10387545417595662,0.13874278925692252
4210407,-0.41551029641136783,-0.694877956781684,-0.4387262086861556,0.5707921935120036,0.21672799251759547,0.12377653548854894
4210506,-0.5290354358946282,-0.8847315359800776,-0.5306160230309065,0.5153980867037878,0.14376699239084612,0.2057327226932831
4210555,-0.49992777589478826,-0.8360533889351723,-0.5264751649082379,0.5758305304965857,0.13548114439195572,0.154061869781845
4210605,-1.0022182813174747,-1.6760580846874162,-0.9880397768776746,0.36804577276223666,0.1382378268234616,0.12135576815644424
4210704,-0.279024176358509,-0.4666256197144588,-0.2681288639066246,0.5143353193905829,0.25531932003234087,0.23899602449324578
4210803,-1.1193536323278417,-1.8719491951604188,-1.1082113873172281,0.3533422530107913,0.15348558386779917,0.06160821574535342
4210852,-1.0449097967661651,-1.747453169919023,-1.049033251736871,0.42251892084326853,0.07587065847640771,0.09810270857569033
4210902,-0.5940332949739314,-0.9934305980786369,-0.6078046081066124,0.5258224082729236,0.13953613212337757,0.160319350330543
4211009,-0.19613284228247477,-0.3280024343081516,-0.21169442859699883,0.5875604001615172,0.23858851158996108,0.2031835302667383
4211058,-0.7640768911642513,-1.2778027248467245,-0.7789849339594805,0.48196412910382175,0.16149403347035143,0.09145999833503653
4211108,-0.7598391560141137,-1.2707157554793176,-0.7627914193644958,0.44528846421054097,0.15758743136242004,0.14614783605732481
4211207,-0.8277385304196155,-1.3842671619333669,-0.8179712323648097,0.42181327544835856,0.13161303923111678,0.163214527410003
4211256,-1.2808035368482384,-2.141949675881748,-1.2837046770990161,0.36873648764789385,0.06131387740567168,0.04588675791001202
4211306,-0.5119427598420805,-0.8561466274617898,-0.5038050633856855,0.4297107552704678,0.2388111957832261,0.22076753286926956
4211405,-0.010886955947684756,-0.01820678276768777,0.01966099125512841,0.49178029538265094,0.36028348354470197,0.3079145598193603
4211454,0.1029252658424563,0.17212689805166773,0.11097986826370954,0.5856627828305933,0.3216023182051613,0.29608141900603735
4211504,-1.0035355566415167,-1.6782610278962724,-0.9983323896791908,0.405187337010606,0.0947330610754803,0.1200571929823961
4211603,-0.7735206079927602,-1.2935959090611593,-0.7689488458470689,0.44820254361232853,0.12635863393588367,0.16850079266079976
4211652,0.24571044202011635,0.41091345120802103,0.29923313700431237,0.4870557047131176,0.4126526878718244,0.4127801096584182
4211702,-1.2803295544525968,-2.1411570122065546,-1.2622294633749815,0.29886974403934125,0.1044182149890528,0.08473847282776516
4211751,-0.844007055085059,-1.41147380224291,-0.839799672928092,0.41309495908906174,0.13804665010537057,0.16050834952864027
4211801,-0.5684580987093286,-0.9506599609172335,-0.5497106332441164,0.4043305019518111,0.24464430810547275,0.2136595729884905
4211850,-0.6826960130608576,-1.1417055479873586,-0.6958668451137112,0.48098288061362454,0.15189587442594424,0.1508349240643778
4211876,0.041287700995676205,0.06904741845358449,0.05145719028866803,0.5675824002024649,0.2840866031929931,0.3231292547270297
4211892,-1.025905630669613,-1.715671584188021,-1.0328997507106932,0.46712096733622266,0.02898128509043993,0.10967938883824231
4211900,-0.5122589291061965,-0.8566753726075625,-0.48353264796319756,0.44039843211937874,0.24247614276545756,0.21092476219953868
4212007,0.28787851620565774,0.48143316030918354,0.2749167817954774,0.6630220516615668,0.29054322163772145,0.33436019909241077
4212056,-1.1213473768976085,-1.8752834305932096,-1.1235323817133627,0.3976586163017252,0.05600270894778195,0.10787214694973268
4212106,-0.5442121822584749,-0.9101123426531876,-0.5399472155960647,0.48217156735312144,0.24201667177233102,0.1340923454054955
4212205,-0.34029621022558687,-0.5690938041833729,-0.3420738749355829,0.5393195795000774,0.22407123465107515,0.19758792941997513
4212239,0.25970672342197715,0.43432010925491993,0.27100009457712143,0.57944568362168,0.3854762980488633,0.32565091547087405
4212254,-0.7130231398947405,-1.192423068374685,-0.7194267917532715,0.47271714814329435,0.18123952302724863,0.11585182758956496
4212270,0.16668967461067005,0.2787632015631016,0.1711716633889828,0.612607765377847,0.3166258239345957,0.30656645267113963
4212304,-0.8743496527634299,-1.462217195271421,-0.8923047621693441,0.4989542540393869,0.0860188828924104,0.0909429661333307
4212403,-0.9931432396689899,-1.6608814538003571,-1.005911321919355,0.4341771907941135,0.0905878223823649,0.09019387957448848
4212502,-0.8951494912092047,-1.497001770684878,-0.8672557507368004,0.3499382941607598,0.20585679914856966,0.14131360208058183
4212601,-0.6882025033075844,-1.150914317841513,-0.6703815492102891,0.4007234877262398,0.15514809872943983,0.24834602515011617
4212700,-1.043120519887246,-1.7444608756907491,-1.0583951354997527,0.4316916675462243,0.06002385608483029,0.10061687068492005
4212809,-0.8122347213456507,-1.3583393924780844,-0.7934118929110858,0.38982881586811297,0.17354864198872932,0.17185157667161122
4212908,-0.05224997236373842,-0.08738015483993823,-0.024505056055800507,0.5173440113987385,0.2974789483921642,0.3219836751921912
4213005,-1.021669907247397,-1.7085879791304754,-1.0270433983803389,0.4175887648686302,0.112121677968213,0.07597268055691879
4213104,-0.6032691171380653,-1.0088761099950456,-0.6199851910311543,0.5014031150379575,0.17363147930187672,0.14536489669941866
4213153,0.09800061373763674,0.16389116425153652,0.11078843360276198,0.5815433142039178,0.3116841364110718,0.3130838394713326
4213203,-0.8555326256550573,-1.4307485711176975,-0.8318187609046139,0.37128706661349886,0.17532007420677356,0.1624773256913802
4213302,-0.6582073807097303,-1.1007520241890405,-0.6260690924544133,0.3816134425668533,0.2086213710088166,0.24034453387060653
4213351,-1.0346429288243097,-1.7302833903020076,-1.0421592430864675,0.4318847149047227,0.08317523911202807,0.08572409062177422
4213401,-0.2528519739554112,-0.42285658032503265,-0.2726067001460183,0.5950360904575709,0.21678891636508943,0.18736439119658452
4213500,-0.7909525780615716,-1.322748235366216,-0.7585270432264791,0.3546575170696055,0.22717069898653977,0.1733087051322779
4213609,-0.806346977125559,-1.3484930331723213,-0.7545954929757884,0.3790557904535523,0.1444297621288438,0.23074107377609168
4213708,-0.8625522787497106,-1.4424878763571993,-0.8678166607785865,0.43995207646833207,0.11077056454388949,0.1399481818274711
4213807,-0.7854758270079464,-1.3135891998024445,-0.7892699342066956,0.46482982555762414,0.17068174827337015,0.0931281924979333
4213906,-0.6218503000889922,-1.0399503205622462,-0.5810018140888866,0.3803465582291796,0.20182990329881192,0.26474991121165103
4214003,-0.8236989198944693,-1.377511525954786,-0.827080747426394,0.44386666293676535,0.12760995435977632,0.13665207625168269
4214102,-0.5218790013943942,-0.8727634845832446,-0.5178830538633863,0.4789839279509163,0.19063603682344668,0.20147832378822336
4214151,-0.2867686643475062,-0.4795771013903468,-0.2981960240241795,0.5573801066726797,0.22211259325419852,0.20748307234034113
4214201,0.03761503936921476,0.06290544885863751,0.07390908703321221,0.5212757534884804,0.3205004858430884,0.3470044017954579
4214300,-0.9373234836061691,-1.5675313770971226,-0.9380160348952626,0.4003351473719902,0.12505018043282645,0.13387227955076234
4214409,-1.2886439537196188,-2.1550615840653844,-1.2868126887907438,0.3447539694760929,0.07824060296829861,0.04904439368199743
4214508,-0.9352082209057243,-1.5639939210195326,-0.9231121908307185,0.37099937124069865,0.1497655501620645,0.1461322531211572
4214607,-0.3433283433349589,-0.5741645869724582,-0.30919950582526884,0.43404816417398445,0.27923157000864324,0.2782212901166925
4214706,-1.082722106959442,-1.8106885243139148,-1.0597299444296782,0.3313465709614371,0.15834070542567577,0.09892103363264432
4214805,-0.4501986552998157,-0.7528889763802225,-0.3802001718368312,0.34065951304857006,0.276412159802014,0.33936600436837727
4214904,-1.085871780975767,-1.815955876444283,-1.0866135093903595,0.38094041664017647,0.07260709514120622,0.1236150031167309
4215000,-1.2405470589732188,-2.074626821707934,-1.186520244007054,0.24946245519345892,0.0776876482413844,0.20996003061445387
4215059,-1.0945924636737807,-1.8305398957267744,-1.0929940729763896,0.38501793149749464,0.09924444797432584,0.094453370449724
4215075,-0.22389972171296205,-0.3744383291860926,-0.2353927990403347,0.5876476652174142,0.2226162729179296,0.20911273369766145
4215109,-0.8057985816628174,-1.3475759249274728,-0.7545580019600204,0.29967104822319324,0.22909530860859248,0.2306365506225141
4215208,-0.2374955913570117,-0.3971753592922589,-0.25620265094649347,0.6018043462628707,0.23146653402315565,0.1734622730643284
4215307,-0.805551997005974,-1.3471635494845515,-0.7958516410762868,0.39861203012037055,0.1454923437685511,0.19128334529155666
4215356,0.33069129000100983,0.5530310317362194,0.32602100586230254,0.6719159227759762,0.3185609624987777,0.32270586376053895
4215406,-0.9008343537782434,-1.5065088411971508,-0.9149698092948803,0.44724699137219687,0.1292264421880841,0.08834350983581797
4215455,-0.7581422933506029,-1.2678780100112916,-0.783051049435765,0.5196310672740222,0.11385832440866815,0.09413611771949902
4215505,-0.8149045289056375,-1.3628042407340881,-0.765824024404461,0.32112919848642296,0.15635343203280905,0.27881976593328067
4215554,-0.2962996464643416,-0.4955162235653423,-0.2961048597312995,0.5432951559465178,0.24642381561658558,0.1984113592546959
4215604,-0.8393055039327334,-1.403611170951583,-0.8602647904785453,0.5027521197484762,0.07442255152685574,0.11340298718269472
4215653,-0.6966014557208765,-1.1649602920146223,-0.7185047543221426,0.5376036332369298,0.14379373626560685,0.08374867961418021
4215679,-0.6503577291608743,-1.0876246724078056,-0.6519596800800653,0.4646345947787182,0.1708208438002192,0.16572748793492867
4215687,-0.03508011317853042,-0.058666169237438136,-0.036691852643599386,0.5996274744393593,0.25956167338205244,0.266315237271662
4215695,-0.4055612933058327,-0.6782397578978121,-0.39372693471444387,0.503127059596359,0.21601661779081135,0.2186335216573625
4215703,-0.8147557689307295,-1.36255546223616,-0.8032721011663422,0.41495153907243076,0.1704386140718308,0.14141188192071463
4215752,0.05566251613040589,0.09308711676239904,0.047132995294603616,0.6337499984673886,0.27250805360512426,0.26131798899834063
4215802,-1.1162879875021048,-1.8668223691079122,-1.0996351360610006,0.32039465383803806,0.09760007927217419,0.15821742601939262
4215901,-1.4024750985784589,-2.345426910847372,-1.3915799619323792,0.30658361356921016,0.067421113024906,0.0469774527209679
4216008,-0.32005560990212634,-0.5352444697185623,-0.3030316592789515,0.4851462571329168,0.25834785572209956,0.24499134963026845
4216057,-0.9479943077454221,-1.585376712192549,-0.9553143929149827,0.4188701213024799,0.11288701946919023,0.11366787635272262
4216107,0.09997672759836086,0.16719591499722797,0.11229675022057702,0.5490540159262026,0.3290497363995683,0.33541813063856
4216206,-0.3896883211580824,-0.6516946191868294,-0.33592291514068395,0.40789934924200805,0.33795083505118756,0.23047286331509279
4216255,-0.4281314980512292,-0.7159850024635405,-0.4000233786705738,0.4170568072657987,0.2871465026487181,0.23507711134424844
4216305,-1.0824239252066918,-1.8101898605530164,-1.0580898638303478,0.34105960851262385,0.11728429348121178,0.13602591204548597
4216354,-1.187881150273188,-1.9865510764241239,-1.190333099801798,0.36303687461135997,0.053270515811650744,0.10853458941969009
4216404,-0.8801381070118031,-1.4718975071572462,-0.873620124066234,0.40716604418278113,0.1724925807684663,0.11093537606801801
4216503,-1.1714762932958391,-1.959116440998314,-1.150734112746152,0.3490652429185979,0.07186603351803009,0.12957877022115974
4216602,-0.4628631842460204,-0.7740684804111615,-0.4245955343911354,0.40682372834642583,0.2611495493317184,0.26239399591462864
4216701,-0.4756675835867259,-0.7954818964649417,-0.4831168272322846,0.5272379489637714,0.2067111143130109,0.15338919881788002
4216800,-0.6362695117163015,-1.0640642652719765,-0.649525066265629,0.5489361376563622,0.1083165589986207,0.14660205342438667
4216909,-0.14902917099105112,-0.24922868755243818,-0.12439357398782537,0.48902337825093456,0.31656424255668064,0.2799617223894741
4217006,-1.023139931686079,-1.7110463720684912,-1.0384999785257656,0.4341994021616977,0.10569845000739875,0.0583063709194993
4217105,-1.1765499560063655,-1.9676013724383752,-1.18865566142777,0.41096188530040334,0.05468420657912376,0.054716615883424115
4217154,-0.46301469421896285,-0.7743218578637531,-0.4941692642353298,0.5905223358434765,0.12535039139025542,0.1687602456060734
4217204,0.1524516735387189,0.254952304025829,0.20158058624977582,0.4918829700844422,0.44797709584267614,0.3124693439360187
4217253,-0.9607366188193924,-1.6066862950361738,-0.9459523425560687,0.3942673431495071,0.11600342780975269,0.1416013989421323
4217303,-0.0029275526660532993,-0.004895887857719466,0.04633430317992856,0.4847769703631934,0.31182625998085445,0.3785063140877441
4217402,-0.28699860959472445,-0.47996164994410995,-0.27579357478426003,0.5300005198968042,0.23741128995217212,0.2272535561856425
4217501,-0.0430362947638439,-0.07197167634889906,-0.02050807920128091,0.5080175370111182,0.32825025926797785,0.3034772830684405
4217550,-0.4101524018565111,-0.685917690686991,-0.429316932810369,0.5712691066086207,0.16643251060187325,0.177551428263881
4217600,-0.648622076525603,-1.08472205659468,-0.6234712119116236,0.4281812913868506,0.1697679219808623,0.22412086434661463
4217709,-0.7597714658574234,-1.2706025539577634,-0.7771348623087095,0.4950158419471684,0.16340288956498747,0.07864210497705983
4217758,-0.11944082962853063,-0.19974667382589523,-0.11004825947062383,0.5667452283506011,0.27196467956348797,0.2471582304153752
4217808,-1.170756480700009,-1.9579126635945383,-1.1608041733004728,0.34599068370467806,0.0816057988556343,0.11383945647819398
4217907,-1.0415941414123915,-1.7419082391735727,-1.034619734451808,0.3866483507025458,0.13372920016644949,0.08321940130240174
4217956,-0.42071715293258766,-0.703585634670702,-0.46286021704791214,0.6576106577721982,0.10464189173723541,0.13092448860017225
4218004,-0.6451360292705846,-1.0788921712350803,-0.6113308217256809,0.3765653871761978,0.23211433614038593,0.2255303731915784
4218103,-1.1137515130123667,-1.8625805001913525,-1.1367466461268902,0.45656642705192785,0.06757447416846309,0.022099349697255345
4218202,-1.0403274551693082,-1.7397898985305633,-0.982577828174599,0.2558828403250781,0.17881903885175757,0.2044833414376801
4218251,-0.619594732549693,-1.036178225919519,-0.6099603027650176,0.4307012203240537,0.21097458970594327,0.19268689146685913
4218301,-0.8014537546778479,-1.3403098607072579,-0.7864680032672723,0.41715085700129223,0.16528899449385884,0.1547130936293791
4218350,-0.8988378586184448,-1.503170005819671,-0.8736672514104344,0.3707575393721268,0.14051995163569342,0.18178923079372303
4218400,-1.046680442297889,-1.7504143060446387,-1.063130548334285,0.44000150670337024,0.07369485757375525,0.0704192126562396
4218509,-1.2578181444514192,-2.1035100929340507,-1.2443779751343729,0.31693311197821644,0.08951048266693591,0.09093179932251833
4218608,-0.8319232384380817,-1.3912654514648513,-0.8052959223939419,0.36628319198241305,0.14936904886445865,0.21405552242694892
4218707,-0.5355994123673031,-0.895708791174687,-0.5287071064413641,0.44330966576384084,0.24660652704249267,0.18446115214665537
4218756,-0.5035254851146991,-0.8420700119970259,-0.47017235653747186,0.4108662517866404,0.27299943270600374,0.2209703861229905
4218806,-1.1893665140175813,-1.9890351220246683,-1.1860652415232957,0.3671684484169757,0.11207247062079272,0.04533301169772972
4218855,-0.20582923565000044,-0.3442181817145819,-0.20004609168136117,0.55226477960424,0.2417062036822247,0.24685311036387866
4218905,-1.2072820305676126,-2.018996106487612,-1.2018921929435404,0.36311162896449584,0.07411201087758601,0.08328457134430296
4218954,-1.1102934416705408,-1.8567974003038965,-1.0934298442437245,0.3879655130242201,0.0672238565126625,0.12258594740152536
4219002,-0.8025404240674854,-1.3421271504632282,-0.7716513513083787,0.37821813248129504,0.1590985752654479,0.20781402271971047
4219101,-0.17686433985471361,-0.2957787861509714,-0.2030163877676069,0.6311948764726121,0.20895504271653306,0.1928053762766632
4219150,-0.8914905734329632,-1.4908827855951083,-0.923297006275533,0.524982381443819,0.05964205023950426,0.07367552224376311
4219176,-0.5581562889106341,-0.9334317463437413,-0.5699950772867042,0.5176652679952037,0.14720943764610359,0.18113337624460094
4219200,-0.749587333020543,-1.253571136256676,-0.7629565359564956,0.47824747242330634,0.1492184899834602,0.11736697373293392
4219309,-0.6954574354248932,-1.1630470915653064,-0.7055353990490487,0.4268842051465409,0.16349364445504153,0.1912050251805987
4219358,-0.5295206414772241,-0.8855429687334058,-0.5176497916038537,0.486836784711367,0.2029307176340093,0.18630793778978783
4219408,-0.7758731078622446,-1.2975301083259065,-0.7958712473846317,0.4896909707818928,0.10243676939274994,0.13343819121740488
4219507,-0.2052146783284314,-0.343190427794582,-0.220727654095973,0.5936121589373607,0.20444385722557734,0.22850050981785705
4219606,0.23416280964717132,0.39160178731357476,0.27942285019076607,0.5141368971851382,0.4128645180185204,0.3706621354446307
4219705,-0.14891508298471026,-0.24903789266378168,-0.1412914570501889,0.5637136576283024,0.2627700689211266,0.23914195745465994
4219853,-0.5269628024419513,-0.8812653708544661,-0.5364689567190872,0.5094231595541185,0.19471084016586138,0.1559105455515943
4300034,-0.17261761449037283,-0.2886767820137152,-0.12203392498301163,0.4298237714445405,0.2926819184920333,0.3721590685478633
4300059,-0.10239081379329401,-0.17123310805145045,-0.04283685996288056,0.4338400129331652,0.3041649696694748,0.39368972884245973
4300109,-0.16798595837310107,-0.28093103956862586,-0.15189683198591086,0.48800762196422953,0.33584902361891283,0.24523378428494622
4300208,-0.0781849981011895,-0.13075255222495608,-0.017072585320463043,0.40609757595380663,0.3775101706226218,0.36132550956459714
4300307,0.2632345038662814,0.44021978704457826,0.30630133886737404,0.5450506564391803,0.4091610099637344,0.3553636209205835
4300406,0.08550275816528723,0.14299039616161918,0.10156812417284931,0.5023366321526841,0.4612512355461549,0.24727022608006552
4300455,-0.17499726841485158,-0.2926563923174085,-0.1460670923162054,0.5287687498085646,0.2465282255386263,0.2935793488913023
4300471,-0.10038892687703027,-0.16788525577896637,-0.07305055136269606,0.49535910679905654,0.28170774238549173,0.34119478018302646
4300505,0.5271423562808599,0.8815656474199108,0.5555498610706494,0.61858641382179,0.41528301399198514,0.40454494862983453
4300554,0.7985121361580267,1.3353904498422606,0.891516180865729,0.48750261317793325,0.5158051457361817,0.6287586040417653
4300570,0.03858748437611164,0.06453171565710468,0.11524271602873447,0.34923034716641405,0.43696923287318284,0.43544843062878574
4300604,0.8700586784700034,1.4550411915108141,0.9763743734051439,0.4901685535311963,0.5818658180313118,0.6040118155400779
4300638,0.6868646302864043,1.1486769281079254,0.7489598256548496,0.5518654004222452,0.5011981949328389,0.4900164856314029
4300646,0.12208272924200125,0.204164850273714,0.1727199568861191,0.4777237912152564,0.3694217997388811,0.3994716961464136
4300661,-0.865450994062316,-1.447335538114589,-0.835107459491505,0.33084622757475535,0.18906010457421965,0.1982664934709251
4300703,-0.39966874400786045,-0.6683853628280049,-0.3431437611468622,0.3667479944826775,0.3048178176857695,0.3018514815176001
4300802,-0.6371625509757912,-1.0655577380001364,-0.5843901319145469,0.3122287565414101,0.2896246197791481,0.24749641724419336
4300851,-0.02966303880316203,-0.04960693386781993,0.020375253127142168,0.44797225722227574,0.33866171990734445,0.38409471871080364
4300877,-0.14054961859642193,-0.2350479221338848,-0.12319185043496256,0.5262132226554647,0.25839885153540043,0.2979983640845032
4300901,0.4790681007735507,0.8011687457564994,0.5408060269478234,0.4883943721101815,0.5071121285171175,0.4468535900233677
4301008,0.2066944793504867,0.34566517058562785,0.2495624097228934,0.46612255637769556,0.3657504593852381,0.4579392866181748
4301057,-0.053527034502432284,-0.0895158475948063,0.0001389851912493424,0.4086435726819097,0.35940342026741195,0.3930067577389679
4301073,-0.7230792415450982,-1.2092403733328065,-0.6731247045325758,0.2883737894278188,0.25646930184751987,0.26087758422782886
4301107,0.16092043123854732,0.26911501695439105,0.22644000746026327,0.4430948701887251,0.38530178533766496,0.456607316663872
4301206,-0.162321004893672,-0.27145726398942394,-0.17465338899411112,0.5656657093384166,0.2454175804481592,0.24235218436742137
4301305,0.35603632490769804,0.595416758931494,0.4298291140742057,0.48399798678849654,0.4325735548565235,0.471980494891935
4301404,0.6836403556853204,1.1432848178130552,0.7638849269745295,0.5162525615410927,0.5257180867090059,0.5151716016065274
4301503,0.20204932772919892,0.3378968589567243,0.26093160330845444,0.4847218048001638,0.3320996625944909,0.4758552333414218
4301552,-0.13043608115827232,-0.2181345645310714,-0.06823094792165052,0.4005160444748828,0.3523936413634707,0.3728093440142821
4301602,0.2874497580310877,0.48071612728528046,0.3593713070858706,0.47192116058962413,0.3802755621491249,0.49790342354689593
4301636,-0.07680137839525691,-0.12843865809880559,-0.018336100248818724,0.4264100432278021,0.38768295119265445,0.33226548599466116
4301651,-0.09125792159793418,-0.15261503420684103,-0.039273661755079306,0.41546311008736225,0.3223908200580492,0.402430715098167
4301701,0.3381855042956604,0.5655639686134207,0.4145430433163735,0.41962091384170286,0.4768536915251764,0.48359779514633966
4301750,-0.6930193471613182,-1.1589697586912995,-0.6671952723405651,0.355998994626387,0.24879213494308602,0.20314878276836124
4301800,-0.11253170199382774,-0.18819220565648775,-0.09681444497940507,0.5062843352958898,0.30390066816902034,0.2924292819734411
4301859,-0.19186431737672224,-0.32086397374388076,-0.17479758189295452,0.5150670079582486,0.2792782547287595,0.2603582101139619
4301875,0.6253743615513137,1.0458437789185386,0.69926305728835,0.48535146120680656,0.5890526656048404,0.45429626616936897
4301909,-0.15428529963281037,-0.2580187655907244,-0.11193546764854946,0.4369785519608261,0.4055107500518016,0.25704689800629227
4301925,0.7605261479345921,1.2718646452809679,0.8499171898208486,0.4780603079164028,0.5912772907370224,0.5364928726053239
4301958,0.8115312771135426,1.3571629886802996,0.9111777614728188,0.4848508441868593,0.576552037653615,0.5741433639034444
4302006,-0.14310507101946332,-0.23932152876580756,-0.1311973843490468,0.5116280605447878,0.23092756395974323,0.3439850914661567
4302055,1.4758639672931975,2.4681586640276323,1.5518158968093825,0.6450363163876754,0.7349101609532299,0.5916519723591516
4302105,-0.24096394743351546,-0.40297565883873804,-0.18168477292381355,0.36869280640857877,0.31338446278314586,0.3830696018600083
4302154,0.639993040239516,1.0702913020375544,0.7091864168558936,0.5221714384804513,0.546757483864265,0.45611329809493645
4302204,-0.31057565222650396,-0.5193906781834144,-0.29920672331622655,0.4869597023697288,0.29594645196600017,0.20566727217792746
4302220,-0.5212427264402921,-0.8716994112164077,-0.47116996855872995,0.3886374147371164,0.2341621045509995,0.28545974598795637
4302238,0.008855156844670791,0.014808906899179056,0.05452035001436359,0.4938815199651015,0.34146873122582916,0.34705637020813596
4302253,-0.26212128075233565,-0.4383580902116917,-0.20653879773214304,0.4118339585017738,0.2915150236114443,0.33959665416289786
4302303,-0.5724666159783077,-0.957363598140304,-0.5303538191259819,0.35435216367872185,0.2785899923109872,0.2490968234378339
4302352,-0.30281298648651855,-0.5064087969757346,-0.2662429025665577,0.3795090758256461,0.23411579959934495,0.41009846421569723
4302378,-0.010734009029343915,-0.017951002241836447,0.0008495351199439776,0.560152944206755,0.3128940605602751,0.2709691945592062
4302402,-0.34705448667690886,-0.5803959966258221,-0.31902741413803193,0.4066937216487723,0.3291885832051337,0.2520947998086629
4302451,0.6022269972530672,1.0071333225294565,0.646559224488207,0.5950930185723463,0.4196608358949818,0.47402011368753444
4302501,0.1255209587895228,0.2099147677692912,0.15764957709800045,0.5528406862581957,0.3239021667627897,0.35599783034591875
4302584,-0.144667127749139,-0.2419338317534079,-0.0753264163867521,0.42729178057226175,0.24812829085327234,0.4416546385248899
4302600,0.4494771880633177,0.7516824318408635,0.4994625894309015,0.5928826295463087,0.3860766831257429,0.4289326983966099
4302659,0.6706045814428795,1.1214844623251452,0.7259740836934979,0.5555727914766346,0.4361123353339882,0.5468942608981137
4302709,0.36040549232469116,0.6027235288329348,0.4290217504499158,0.4585083799325602,0.5467703878437683,0.3770930564078012
4302808,0.2981794731665289,0.4986599486407527,0.3416584739558483,0.5112904229594634,0.45198744477509756,0.3744174215786149
4302907,0.1256376352521678,0.21010989145856557,0.14400430412877122,0.5756941632521625,0.3351596678524443,0.31588489810748005
4303004,-0.09421435200729122,-0.1575592157107992,-0.044717812665631525,0.4443926577808656,0.19585264080646012,0.502374670327762
4303103,0.7357751511356784,1.230472356732451,0.8323026390051702,0.4609327069421469,0.6220111052965392,0.5151368983466792
4303202,0.10326046332415098,0.1726874650056278,0.18454615059602467,0.4126890755851229,0.3691324732377746,0.4765015843822376
4303301,0.13700576831135308,0.22912136997261007,0.14969553851990763,0.5796720725263934,0.32488558194277606,0.3217934572263736
4303400,0.04345246923573237,0.07266766503844134,0.08760225642321257,0.49552842694764077,0.32910862933743307,0.37390480204200105
4303509,0.12540773231693175,0.20972541366517589,0.1724256559111707,0.4396022965499622,0.42205795137182617,0.39359798274703867
4303558,-0.10009532526721057,-0.16739425161252006,-0.04478084531610943,0.37502327944092406,0.45614948563765845,0.30474181873801304
4303608,-0.7045805890999299,-1.1783041825203726,-0.6582234848685783,0.34753542509573404,0.23610018937544341,0.22649297661535783
4303673,-1.0243610165200923,-1.7130884512704858,-1.005122889937732,0.3161014856784547,0.18244957428363962,0.12450272672392056
4303707,0.7695554076399183,1.2869647128111275,0.849632298177604,0.5098549701792616,0.5395073071674678,0.5564846546308214
4303806,-0.33175245992837127,-0.5548056775086384,-0.2490768638530883,0.31509785406259333,0.31183009091590513,0.40755899255429817
4303905,0.1085666106333489,0.18156119167965395,0.16966447648663754,0.4589180517172487,0.45988149093878866,0.32111709633977603
4304002,0.27622401105750244,0.4619427679059251,0.29641579831627346,0.5950776929756098,0.408525645574022,0.29661580778008767
4304101,0.616121842892623,1.0303703446470804,0.6923485320682282,0.5163895457690468,0.4685012844315086,0.5350859947817809
4304200,-0.36695077537827686,-0.6136695221190567,-0.34940995368196476,0.47853806692627393,0.18622428562415327,0.30139540669309056
4304309,-0.5819508853871598,-0.973224600395385,-0.5411629441015298,0.37083021284969814,0.2361074684231077,0.26522203109628245
4304358,1.0425971988761547,1.7435857006636348,1.0949798468449559,0.6271971907125361,0.5483748223911308,0.55362350389621
4304408,-0.36579882594367197,-0.6117430613878848,-0.25612136214580206,0.2852754711151939,0.3252509325023712,0.41653858809455785
4304507,-0.6241259285815239,-1.043755964106923,-0.6148708585655913,0.43242017736349797,0.2808377098432764,0.1114671010236505
4304606,0.52964297822316,0.8857475583880775,0.595614118460374,0.5125442670136985,0.5156159123243546,0.44149837703691236
4304614,0.5258223912637214,0.8793582061072547,0.5369569264960413,0.6596368757185521,0.2930278483554654,0.4774007447452757
4304622,-0.1990953912253298,-0.33295684813148263,-0.16191228238894131,0.44564284957003014,0.3417838829078034,0.2824690996923763
4304630,0.1740865553956633,0.2911333629064564,0.24358654135651886,0.41421138919391515,0.45189428381205277,0.4252393346867895
4304655,0.0900961855332151,0.15067220682098909,0.1136518701065375,0.5461806719604342,0.33679458801967205,0.3273319541184289
4304663,0.6527505753589311,1.091626344788392,0.7130144960312185,0.5359020674501986,0.5259705136047386,0.47425654922463717
4304671,0.43987446065881836,0.735623326552739,0.5108342397716076,0.4608025546800483,0.4608605408997517,0.5102771453641799
4304689,0.39678736330507447,0.6635666905766685,0.4484221112398941,0.5313889951296377,0.45800999893143124,0.3975810156363797
4304697,0.5002326716604304,0.8365632808644234,0.5385185445160415,0.5474038565282028,0.4126797735431053,0.4791189156744
4304705,-0.3795064174522109,-0.6346669293692967,-0.35227061892667666,0.4611826886713836,0.2516619012700528,0.2564026994354675
4304713,-0.36190097967139095,-0.6052245046230479,-0.3377594977970822,0.4575494880389362,0.24536440341980983,0.2724711147957079
4304804,0.5762752282018494,0.9637329244913613,0.6761387762572544,0.4190154851501952,0.5021890318396854,0.59553191351138
4304853,0.6224085533876287,1.0408839145426447,0.7207576186690778,0.4871902490995578,0.47720116375218913,0.5721305225955872
4304903,-0.35618863896114916,-0.5956714810867939,-0.31570263079413274,0.387565482780911,0.3039324777896007,0.2985111279948132
4304952,-0.422019017853217,-0.705762806316906,-0.37405630037217846,0.3879436128255209,0.2735082559971434,0.3011650935472068
4305009,0.6390601994542832,1.0687312672936657,0.7405256647596333,0.4608081904251243,0.4771873982777007,0.6128174068326434
4305108,0.6637764853612659,1.1100655071394878,0.7933233082486668,0.3476377161284024,0.6501344398432746,0.5839521135691517
4305116,0.5990057106311933,1.0017462091766751,0.689077776941635,0.48871992172399975,0.49097544224934736,0.5421783448367745
4305124,-0.022219484413652683,-0.03715871799916961,-0.002921257122714682,0.5203419728760702,0.3834246839467021,0.24869385835248345
4305132,0.08225243109593595,0.13755471706454345,0.11244446218295459,0.5405864512639762,0.27253638467990543,0.3951080815684169
4305157,0.8860280881178373,1.4817476073155151,0.9389253276930923,0.6471524765286767,0.49965602189739244,0.49479379180824035
4305173,0.1817367756011348,0.3039271960105223,0.23249431876539214,0.46134801030277256,0.4305945610780304,0.3848005183760163
4305207,0.32684617211121914,0.5466006551946061,0.3533675396613463,0.570512296209866,0.36511335263003514,0.39949385299001633
4305306,-0.1630153980623514,-0.2726185312562582,-0.1176543682294252,0.45830820378864184,0.3029032778734139,0.3293255315698533
4305355,0.23559028886365255,0.3939890298196299,0.2995302084673084,0.47113300911711864,0.49432671432681224,0.3454822419490375
4305371,-0.24962570875400628,-0.4174611410530089,-0.18864888182305722,0.42208402457825006,0.2351194538048739,0.40034141647421095
4305405,-0.0749481500464218,-0.12533941473561944,-0.036256971319460825,0.49694914087417824,0.3190668846204285,0.312239856855094
4305439,0.5206219504210952,0.8706612574677184,0.5634617677810037,0.555143428818815,0.4513378678454579,0.4457997743447811
4305447,-0.5124035149239701,-0.8569171704607127,-0.4875418115183223,0.39526479553237115,0.24767881583081416,0.25586595426253694
4305454,0.13130362870964213,0.2195854062433309,0.17972872209481994,0.4563042612816659,0.43072936479833324,0.36570249594456444
4305504,-0.06780072791333662,-0.1133864351560777,-0.0411616418366859,0.4970312667932744,0.3251861503395715,0.30699828081939134
4305587,-0.622562851264252,-1.0411419543413445,-0.6020045682861808,0.41219805875207954,0.22222836341717636,0.1978355688868281
4305603,-0.27041634224356026,-0.4522303225731588,-0.18705472680232213,0.3359244528192791,0.31401650182357604,0.4150041628790442
4305702,0.04206696590553827,0.07035062083637338,0.07898585074254301,0.47289328765781935,0.345771766330841,0.3778150710176366
4305801,0.24338339257327704,0.40702181391547904,0.2976574396918459,0.48958299108835174,0.42755724288215013,0.3967519197202917
4305835,-0.5396668337008543,-0.9025109365126934,-0.48678075117987735,0.3509461076799815,0.23799340777004244,0.3166773870066672
4305850,-0.12929868670702066,-0.21623244480223053,-0.06701937535435395,0.4107009751187063,0.3350622295517269,0.37773573974025915
4305871,-0.01839872144938756,-0.030769071376966092,0.03735527109211109,0.43407515690644366,0.3041817274259102,0.4388974123240872
4305900,0.546585947479385,0.9140821049932106,0.594311363844112,0.5686260403647126,0.45330728004229215,0.44163047973768704
4305934,0.04419449192165748,0.07390858544964295,0.11056528741599943,0.3826131565860906,0.43664773676772,0.40052234151887983
4305959,0.06427719862133277,0.10749386677393605,0.13196265217700434,0.3628516301972396,0.4131949497921121,0.4608123244088714
4305975,0.580980641930568,0.9716020153559288,0.667982894319948,0.48937227906949793,0.4935069354393815,0.521724070682404
4306007,0.16228750286553068,0.271401236928088,0.1887768379101237,0.5512075348422281,0.42421290383650795,0.264863183202591
4306056,1.0697065430560528,1.7889219675530823,1.1606751991939683,0.5182173491379353,0.6463876327665212,0.6087806515533589
4306072,0.24405732242164396,0.4081488593824433,0.2655969634657138,0.5790291263019823,0.33650696821845055,0.37607600791801404
4306106,0.3328716040173569,0.5566772762743373,0.3924982679217795,0.48780893817668264,0.5040628456555891,0.3716780175347683
4306130,-0.22133547396295178,-0.3701500137036645,-0.16026945430207384,0.3855318434372941,0.3112324004185167,0.38309873687134693
4306205,0.4890342715051797,0.8178356548914671,0.5567812710299724,0.4780697094294512,0.5039906640006163,0.46761061094406786
4306304,-0.12936176783388997,-0.21633793842038876,-0.09940702125672535,0.48782907157549155,0.3253380066811387,0.2859489284224892
4306320,-0.6840554707514146,-1.1439790348070695,-0.6813802963051692,0.4727460190374439,0.1294687345160398,0.1878446725138875
4306353,-0.20327593775066297,-0.33994817819681095,-0.17617499621249444,0.503836878294751,0.2544731017589131,0.300573372172801
4306379,0.46339375189466403,0.7749557743405976,0.5436893818315053,0.4169719536376295,0.5366441523929124,0.5000854692519846
4306403,0.2206115482671453,0.3689393577639483,0.2624337998497974,0.4962352508706654,0.39210420697023,0.40330264633088914
4306429,0.15979514042017742,0.2672331387159757,0.18436584383048318,0.56331917361386,0.3384066104096461,0.3448319252042534
4306452,-0.14361516700941854,-0.24017458695070437,-0.09789059472326696,0.3953346077382471,0.346580654744668,0.36637682221175966
4306502,-0.061604881622095764,-0.1030248218613535,-0.03319339395508049,0.48639504845409015,0.3245468593849041,0.3241422456203906
4306551,0.40681967787440604,0.6803442152491895,0.4320001530334723,0.5989784624613951,0.3500435948558274,0.43038763852446155
4306601,-0.020373569099180797,-0.0340717045769021,-0.00660162207352829,0.5393578621945591,0.355389107778802,0.2518907177621768
4306700,-0.5800412806842052,-0.9700310761296567,-0.5601688009682542,0.4164606127128383,0.23159506259041907,0.21344285729896803
4306734,-0.048120047353562054,-0.08047348158173395,0.009116572458286232,0.4480019802617073,0.3759381086827071,0.3303004239918406
4306759,-0.12390013369822576,-0.20720418360935972,-0.11093455121544327,0.49300583010850985,0.3570119658648683,0.23878330784121768
4306767,0.6362013443616408,1.0639502657091864,0.6999996227992907,0.5148122886372757,0.5483361627210992,0.4652479953965354
4306809,-0.4641814386369244,-0.7762730609608646,-0.44776718402516164,0.4278339567144293,0.25419408597905213,0.2357707169733657
4306908,0.2862646168086987,0.47873415832272054,0.35810065550777215,0.48189835819548854,0.3689211376831784,0.49471991454926517
4306924,0.49543281081778046,0.8285362415251264,0.557623354106158,0.5349151460535175,0.4586796645800774,0.4549539759321977
4306932,0.49822160617385935,0.833200078825071,0.5475430753791579,0.59704012992295,0.3333332924975146,0.5094726384179463
4306957,0.25591394423515834,0.42797726125663227,0.3075699312587719,0.5108303855380848,0.394759825995709,0.4090426294302816
4306973,-0.011867757073154177,-0.01984702390722532,0.035615173904862574,0.4588635443282314,0.3790230298237416,0.3356893698827865
4307005,0.4528587380052427,0.7573375612917922,0.5386121443315507,0.44223868513924763,0.5488548931679985,0.4484382936787917
4307054,0.4788507173842417,0.8008052050050284,0.5497299673007732,0.48471554351508517,0.50403996996129,0.4559161222453656
4307104,0.6957606856815233,1.1635542316302836,0.7358460383386359,0.6093492281021787,0.5052239611498573,0.42406835874495535
4307203,0.7623867109925893,1.2749761548328866,0.8244769396191085,0.5354691958772366,0.648783981596997,0.40191431100208574
4307302,0.7098688448722087,1.1871479883122322,0.760829314368174,0.5674433176672992,0.5277714170731638,0.458578295787927
4307401,-0.30335097941739064,-0.5073085085636209,-0.2458682260391616,0.37402722115764564,0.33570665592497795,0.32073145024854727
4307450,-0.0687762059761022,-0.115017774280509,-0.06265276603337593,0.5520295287396763,0.32648959533550936,0.23374312690575216
4307500,0.633490884204209,1.0594174321491012,0.7392816280027781,0.4222991700366357,0.5241399294908593,0.6112480862066314
4307559,-0.22586471924023094,-0.3777244895499211,-0.14866885995632823,0.35260661670494403,0.333199376839528,0.3957246601382183
4307609,0.48896514542106934,0.8177200519990676,0.5627099608030046,0.44970583855167306,0.5364587496195895,0.4674552609799669
4307708,0.9991976796782034,1.6710065865332764,1.081091206602191,0.557474585611179,0.6009589163974735,0.5675529865592986
4307807,-0.2645469228467517,-0.4424146087552965,-0.24285172450523923,0.41995874875672906,0.2912280944025647,0.3189750845711628
4307815,-0.43565428924260585,-0.728565729866704,-0.4494126890700699,0.5339919717018453,0.2059391861486787,0.16807386641026836
4307831,-0.20824967209649278,-0.3482659946014938,-0.18137482007499128,0.49089390002207584,0.24925090467125313,0.31640335516388174
4307864,-0.12993814117608898,-0.21730183542566098,-0.06179953265375984,0.36791517748315794,0.3940975391293204,0.3617690178410085
4307906,-0.026258129062501894,-0.04391273869612301,0.038395705425187304,0.3592387488477393,0.49022273482912465,0.32980639914935833
4308003,0.3580047119262721,0.5987085877054992,0.4272611616725744,0.45331642301339264,0.4620838102666294,0.4679157394260862
4308052,-0.17565861455132128,-0.2937623934345999,-0.15347662071717919,0.498006058357021,0.307720513795613,0.26222182401832483
4308078,-0.24159354167935326,-0.4040285597341617,-0.23804214186110162,0.48476014922769844,0.3155439600067624,0.22619890629003395
4308102,0.06484623018488475,0.10844548576783415,0.11316068735954336,0.4110474699217164,0.29982735857529536,0.5159540972532269
4308201,0.15641729008883887,0.26158419630269053,0.27836098715119145,0.24498053186769195,0.5181632617813027,0.5544510460439228
4308250,0.5656979947067409,0.9460441055548331,0.6427604004839166,0.47752200809022427,0.5057690007062737,0.5159963006037581
4308300,0.47928410227250295,0.8015299755059184,0.5083723502239613,0.5846046217920466,0.4846474299925223,0.3495249731860887
4308409,-0.5339793128770353,-0.8929994204724365,-0.5126330523422761,0.42649434159849337,0.24307088542744312,0.22004718571314452
4308433,-0.3512536170246262,-0.5874184053157694,-0.3596356408001497,0.5358055268607801,0.2010714393203148,0.21759812790476984
4308458,0.19181809089366053,0.32078666696141006,0.2399436228159583,0.500037960970881,0.3475951716646208,0.4330427971342686
4308508,-0.12731102904358932,-0.21290838879717977,-0.08154764223122347,0.49494950167394464,0.237418414653585,0.37502962835612186
4308607,-0.0640567510894301,-0.10712520170866759,0.021536875975758176,0.3398017563056816,0.4093126854081141,0.42373385076890796
4308656,0.6233491775225022,1.0424569657584282,0.6378849582514298,0.6788380039866745,0.35383089276226204,0.45170613620190775
4308706,0.062399555157087935,0.10435379283288693,0.14181488921624086,0.3884604532804989,0.3929127071787724,0.45681484225849794
4308805,0.21916433967319088,0.3665191208661162,0.2612293793444153,0.5319056444826634,0.3758584341783478,0.38431909541244397
4308854,-0.09828129314449352,-0.16436055799323607,-0.023202586398711866,0.3756909966437081,0.3649063356565836,0.4051223450268088
4308904,-0.326893001669233,-0.5466789705284754,-0.25151100198674464,0.3257723743160636,0.32757816658299127,0.37597550623244586
4309001,0.2278390102490563,0.3810261918522557,0.2943666841841794,0.4785119143810154,0.38490934891725753,0.4476883358707194
4309050,-0.6888133916261514,-1.1519359359104127,-0.6436105407633153,0.33561252172628925,0.24216303598269176,0.2418567053862816
4309100,-0.8930493601917432,-1.4934896200522911,-0.8339712279036289,0.26293268141223763,0.2592415699423054,0.19788716796156983
4309126,0.7562444995936505,1.26470423776157,0.7784176414026653,0.6770956385498353,0.45439126991602735,0.4241926570134639
4309159,0.4551933022371565,0.761241765922721,0.49794970942417316,0.5515069676477347,0.37615017839972614,0.4889548687010859
4309209,0.5221373880084305,0.8731955970097526,0.6150594897173538,0.43505184543370845,0.5275546157460879,0.5233129190948275
4309258,-0.6268188633223055,-1.048259489065467,-0.5791075551390754,0.34103005834489625,0.2287522940129563,0.2831243073813526
4309308,-0.2279887944563021,-0.3812766832234393,-0.20351685471687775,0.4733093720403841,0.3612665234381967,0.21044578096835653
4309407,-0.373732501637741,-0.625010930809357,-0.3393848975014628,0.3903589858927565,0.34858187373700494,0.2356586313144126
4309506,0.5371547370406436,0.898309835819013,0.6037298525340258,0.5339122115943301,0.4789261058208938,0.4531138444074568
4309555,0.12043604077411356,0.2014110135387299,0.1806656444971967,0.4522693385176518,0.37908960681043274,0.4183896789386862
4309571,0.1631910839568273,0.27291233927122976,0.11707280714119116,0.74699236467684,0.17250589689122187,0.27832470671704046
4309605,0.028205747180862866,0.04716983463421719,0.08529543093717867,0.4538647115297696,0.40872770974881195,0.32828299070391004
4309654,0.944648706074147,1.579781700772569,1.0082667589717171,0.5754169299199335,0.5544593020573688,0.5595621361416822
4309704,-0.1634639192167538,-0.2733686148667879,-0.1480270886166453,0.5023407155870379,0.29423533719479456,0.27318947056501225
4309753,-0.4733075735672184,-0.7915351376132282,-0.5071386266519051,0.584305043587666,0.13727620643958469,0.15001161942256852
4309803,0.2862012349744451,0.47862816181706574,0.4005197630556129,0.35921097264950425,0.4612279501189384,0.5514610099061428
4309902,-0.3753828562631753,-0.6277708986368488,-0.3171023606944644,0.3767356961258443,0.34228982776892497,0.2670255781623956
4309951,0.33278777657561603,0.5565370875908264,0.3950790364060338,0.4938337298691398,0.4430442599254285,0.42479901120186203
4310009,0.172588158268241,0.28862752094936583,0.2438161976127525,0.4487842364338018,0.3289431702590684,0.510796434187755
4310108,0.19965487697350756,0.33389250319683256,0.27635488444438727,0.47651518028216433,0.3576173517157073,0.4613414976515416
4310207,0.7111914140988708,1.189359784770377,0.8045691459967296,0.5211693530616207,0.3408495819016093,0.724692212603767
4310306,0.10635155035627901,0.17785683928990056,0.16190568302749148,0.43064892677124345,0.42817108770771667,0.3868300769523012
4310330,0.10277909247190972,0.17188244525726395,0.1613450323605239,0.44606150927107785,0.42780173638278085,0.37070474539988757
4310363,-0.42618151883650507,-0.7127239579498499,-0.41577137890967625,0.4544164463076392,0.26741835113081425,0.2076616726682667
4310405,-0.4383909747407508,-0.7331424213319434,-0.40751925042718584,0.4458129980088879,0.2429724656834632,0.2475906190063499
4310413,0.248552603242466,0.41566653482613475,0.2787360636576038,0.5868779916908248,0.35946588063065094,0.3439753841290412
4310439,-0.44633169140166185,-0.7464220657026651,-0.38255836852927994,0.31385845908811905,0.33080900368006855,0.3134183802335849
4310462,-0.9865054109946161,-1.649780691998418,-0.9465260473788414,0.30263875903324955,0.1624797989743819,0.19667139602286707
4310504,0.28255612323043006,0.47253226522244934,0.3235722146663056,0.5560272640393742,0.33356525727230996,0.43301777577517137
4310538,-0.03309653362820017,-0.05534893325808514,0.03097097543526443,0.3746929971138009,0.4607265778025655,0.34425021640526005
4310553,0.4385312794627905,0.7333770597017261,0.4688956135708939,0.5572540609711703,0.41857517153095386,0.42832808593074967
4310579,0.21221301499940226,0.3548940845482047,0.24606165720835202,0.5264740735414611,0.4357796779705841,0.31591348668746705
4310603,0.323528054486744,0.5410516066748219,0.38107260480653615,0.5299276113119427,0.43964804538053676,0.3809614823329115
4310652,-0.36284022756788503,-0.6067952542888543,-0.3450872616393027,0.4914563599226119,0.22048704228736773,0.25861285173806814
4310702,1.3357006633375759,2.2337567945441696,1.4228061654367776,0.5965485415348843,0.6832529785096547,0.6281995022814515
4310751,0.14774535336127514,0.24708169726323553,0.20864720611506013,0.4387840597955424,0.41219259354037047,0.4190880735772891
4310801,-0.3770189490702272,-0.6305070157359637,-0.36023009051917004,0.44548482615673707,0.31271607579041916,0.2001713100330559
4310850,0.8505165759827639,1.4223599887468104,0.9122755940508088,0.5635655323794675,0.5212302416832318,0.5548450017415535
4310876,0.5100363348427864,0.8529584207682178,0.55204237684208,0.5925287949439002,0.4153232885218563,0.4319150291113441
4310900,0.13841194896197911,0.2314729938572937,0.22407935279086472,0.36905867541743653,0.4307441593842638,0.48433693159129626
4311007,0.4508723124906401,0.7540155658687967,0.5511293978929672,0.47063140647602325,0.5108358515069708,0.46383340072528184
4311106,-0.3354653325100488,-0.5610148938280158,-0.309115673793313,0.4609577619089196,0.24161182044625681,0.28820356174741685
4311122,0.05121637822979656,0.08565162540002304,0.12016913783542425,0.4170654168890007,0.4124551930456571,0.3904107730439475
4311130,-0.31726984445642775,-0.5305856994842296,-0.3306402807236721,0.5783739074466157,0.1833887230557745,0.21080140551619828
4311155,0.4245119530840495,0.7099318624258671,0.4626903267411392,0.5709362937956062,0.3927375135250772,0.4317782403375537
4311205,0.8340791272163425,1.3948708484964654,0.9212363498953171,0.5197793619800025,0.5955494138500901,0.5267752963622002
4311239,0.12417739246833397,0.20766785685485245,0.1465940645422906,0.5526645717453298,0.36613900413987555,0.30656076157826556
4311254,0.41781250153186983,0.6987280457061784,0.4384902720816113,0.621335830153389,0.3650491227581277,0.3966201581286626
4311270,-0.30287243523067836,-0.506508215984678,-0.22575500265891446,0.33743250033012906,0.2758672246900465,0.4330172228161719
4311304,-0.49027492924496924,-0.819910466810055,-0.45126823607935296,0.4028700116229123,0.29195376252385324,0.2215949757777783
4311403,0.4844667258851723,0.8101971275304132,0.5596723682136702,0.47169237926991686,0.5124915317782514,0.46534709341227193
4311429,1.220373022916574,2.040888805884608,1.2959838941064528,0.6266557349509092,0.6389048424589916,0.5645746118020897
4311502,0.30886152822258744,0.5165240657413184,0.3562671698625667,0.5192071541690866,0.3991037918859557,0.42557411880157064
4311601,0.46634844077904347,0.7798970434081407,0.5043846464877987,0.5620549243755686,0.4580762957940032,0.3974875135650448
4311627,0.29951199871059936,0.5008883955298434,0.31508724241448055,0.5962258734879378,0.41340516413473233,0.29733943206781216
4311643,0.46680930088930794,0.7806677620510927,0.5562763804521381,0.3753826556460551,0.49918100031138996,0.5868017157079706
4311700,-0.2049406233466075,-0.34273211239912643,-0.1807167155412107,0.5040678255731156,0.23963826371454688,0.31119335022320377
4311718,-0.034961807529685744,-0.05846832098131807,-0.012633104451942014,0.5333699493005198,0.3234589038200359,0.28601787860621786
4311734,-0.011498239223875651,-0.01922906134331616,0.010034998252668842,0.5548746606054452,0.2955309733605991,0.3012036666966404
4311759,0.2271712477973085,0.3799094604208241,0.23688333012890828,0.5870589749467207,0.35447586656147845,0.334688790211126
4311775,0.8461912630498738,1.4151265588193063,0.9008402743327356,0.599910425999349,0.48137117737634266,0.5469818254761409
4311791,-0.3706939539705903,-0.6199294206451826,-0.3632343742517012,0.47893932077251106,0.17772591197420792,0.30713641008587017
4311809,-0.3345913773210959,-0.5595533363136453,-0.2984400354865876,0.3763431006537232,0.3911015167456095,0.2310519591584407
4311908,0.6744233853895405,1.1278708327874996,0.7351981555351301,0.5257780174441783,0.5603045790439521,0.45645611160955335
4311981,-0.27160852383879686,-0.4542240654916028,-0.2166243033650694,0.3602118501768052,0.32723787976798896,0.362540466847713
4312005,0.9672206384987346,1.6175298346197344,1.0492717308186754,0.5605717424130476,0.5924511021310602,0.554796571696294
4312054,0.22254980527817106,0.37218079866967724,0.2693581905755933,0.49937844950448623,0.3824981692275566,0.4137233159723539
4312104,-0.42302422492678643,-0.7074438627033713,-0.405449959016149,0.4741494293910144,0.19331542829711326,0.2760601292402239
4312138,-0.1332225391145608,-0.22279449288434347,-0.06146231592679277,0.364494343572717,0.3795997836543658,0.380671993554746
4312153,0.3348015198712193,0.5599047678596838,0.3852535936988408,0.5183041629780193,0.4301164457443633,0.40269525189323563
4312179,-0.409395928027243,-0.6846526029301279,-0.4169554567740981,0.5373538732333082,0.22111267148666514,0.16356575479325627
4312203,-0.22315030086893814,-0.373185036477434,-0.17178039045714433,0.4085504353015817,0.34001771506380307,0.31708846487426784
4312252,-0.22588259471249136,-0.3777543835663826,-0.14322516903187474,0.3396059975974726,0.4053609615725248,0.34012384883385316
4312302,0.4885094060222035,0.8169578969693514,0.51187569718709,0.5941280665370281,0.40888792259818135,0.4173694616371046
4312351,-0.14830412934000048,-0.24801616534681536,-0.10256261816217206,0.4210358252404383,0.28822566799819166,0.3937760416023391
4312377,-0.5453062982653142,-0.9119420857471155,-0.4723192497953317,0.29162680535530433,0.3310683893195521,0.29053406888976624
4312385,-0.6325649777638049,-1.0578689940453143,-0.6009672132315254,0.373073126235631,0.2306949887424201,0.2376702863336386
4312401,0.6683659403056456,1.1177406745229088,0.757572885734298,0.49110930622328725,0.5197694191727126,0.5488542161718897
4312427,0.9703705781336596,1.6227976309569285,1.0866644480357563,0.47302840927644635,0.6954508573403343,0.5611880453579329
4312443,0.005075003145028636,0.008487173113483631,0.042091679493685676,0.5092984593663687,0.25426142934486246,0.4122699511917103
4312450,-0.4236186881526982,-0.7084380122957427,-0.41201844339458943,0.4535671322043071,0.28293869478818595,0.20412766207702224
4312476,-0.5905160129860815,-0.9875484773652611,-0.5453957886225183,0.35541193096704266,0.20229084128906716,0.31146240284298404
4312500,-0.09294321371494604,-0.15543342969057192,-0.0404236725392053,0.45199460000688535,0.2745362663294773,0.4148356960928057
4312609,-0.566555129492626,-0.9474775334959606,-0.5390849955658058,0.3700507836974915,0.24747478589177516,0.25931784263514324
4312617,-1.193420704038445,-1.9958151399987916,-1.1614193717775398,0.2609106208251609,0.1432362661128526,0.14282716891412994
4312625,0.018621383337775195,0.03114143961763873,0.06421934344606918,0.4823071784568677,0.3205956716989562,0.3863489819835346
4312658,0.23605341474309127,0.394763537617912,0.31084475179743976,0.4426023459678208,0.3917233800315479,0.48956530829500955
4312674,-0.6534933605019687,-1.092868540293484,-0.6143878068404676,0.3409688315189235,0.2776248747025627,0.2169419069769838
4312708,0.4874894496641998,0.8152521746414637,0.5444551970279826,0.545658225775,0.43806977606032166,0.4540307961111127
4312757,-0.6177105548355938,-1.0330272244365362,-0.6116261199990292,0.43778308506644176,0.23770500868666758,0.1519565284466571
4312807,-0.6730070965252258,-1.1255023044483765,-0.6361377285404674,0.3462687206401536,0.20368388063852746,0.2706478268842061
4312906,-0.30661218402248896,-0.5127623786896074,-0.24153558968157865,0.3518387902500469,0.3270927822553098,0.34824201208941163
4312955,-0.07053309011883756,-0.11795589657001643,-0.0066246820752938135,0.42411524495564823,0.3440467932482893,0.3865870428612997
4313003,-0.4966664886958643,-0.8305993806835382,-0.43750460121038376,0.3398690765772126,0.2670611666352285,0.32207991771150074
4313011,-0.36988629819896907,-0.6185787388517008,-0.36995831195827444,0.507061640223762,0.2707345144060471,0.17322160308391307
4313037,-0.37056647914931384,-0.6197162383387158,-0.3205535541381173,0.4013547473593744,0.29139759565727413,0.2920966600819391
4313060,0.461781809704235,0.7722600454852371,0.5155582646935457,0.5342705710327266,0.4526672425514265,0.4346518899713956
4313086,-0.6909632877195481,-1.155531311085408,-0.5957891815988958,0.16941688343607317,0.30578459613163117,0.3841795934041921
4313102,0.43437037876060774,0.7264185842962412,0.49933976424037,0.4886859373960691,0.4632862859438072,0.46840688111776857
4313201,0.09647681404475054,0.16134284035611848,0.1938822995323821,0.3252350928231779,0.4587365392941414,0.4829613784789233
4313300,0.01872700381326431,0.03131807384508402,0.09872848355113135,0.32776888720092545,0.44093936052782046,0.44848797999290374
4313334,-0.063854431501826,-0.1067868528810562,-0.0014671268789157033,0.41717206870588025,0.3647076945262005,0.3752538454749928
4313359,-0.12817469934352466,-0.2143527463944171,-0.06972469915432129,0.37213566299233136,0.41746568387174093,0.3331017442704204
4313375,0.565676491510431,0.9460081447200592,0.6126471954597855,0.5467685700712223,0.5398337108960044,0.3885221638899771
4313391,0.027357609910160226,0.04575145367271927,0.05092641275035971,0.5207862765281362,0.2819792100935382,0.37397120898902253
4313409,0.30752613696357295,0.514290826378582,0.37619067815996704,0.4410933987981487,0.49373908510337605,0.4213836969350319
4313425,-0.3539270933673186,-0.5918893890544613,-0.2934216285630799,0.3637292539285634,0.3341457736127212,0.3070536798609684
4313441,0.254938120390619,0.42634534386462375,0.2822254267757981,0.5627508877917023,0.383636541512069,0.3514055591489605
4313466,0.6767882483618026,1.1318257074667235,0.7392720751871634,0.5574596181962026,0.512692826425648,0.4721499911513701
4313490,0.4782154999042319,0.7997429001032403,0.5368385086919565,0.5375550351402523,0.4727286399439468,0.42355212485736304
4313508,0.5245056578564784,0.8771561691720606,0.5970725530241697,0.49855007144565305,0.4194520007986817,0.554878588702575
4313607,1.0531589955313685,1.761248703826504,1.157734812569493,0.5189376161804484,0.6005328321994886,0.6514808479721527
4313656,0.36258286092451164,0.6063648476085974,0.420330803421192,0.4840576971318937,0.46262878364728793,0.43459202989140294
4313706,0.44297552702526466,0.740809389760249,0.507904760319209,0.49426549320258745,0.4957623390969781,0.43436712126007593
4313805,0.2714249952187925,0.45391714170756914,0.27990839177796023,0.6016473463898356,0.3558199379391447,0.3397358595783111
4313904,-0.08904731998596066,-0.14891813825828512,-0.039991672013932805,0.4218524834968191,0.32286147890961675,0.39247467015577914
4313953,-0.050686633998761485,-0.0847657085116622,-0.03484253706372579,0.5479127393007142,0.23625652262505784,0.3501493930498101
4314001,-0.4261023760681408,-0.7125916036721099,-0.37446251379583073,0.33334919920851575,0.2870972490959423,0.34223667429816684
4314027,0.016874970325061973,0.028220828705100322,0.04988070701902479,0.48405063590559383,0.3138872709025296,0.382069534298967
4314035,0.16091363669895892,0.26910365411735127,0.2461159018641652,0.3999515170681207,0.44928302232993494,0.43805570098835894
4314050,0.7632938954141798,1.2764932831994842,0.8421361603336885,0.5726202030905184,0.4662255784451916,0.5534558811700735
4314068,-0.17199919597769373,-0.28764257083715034,-0.1962200936034139,0.6056259092135898,0.2003727853512777,0.2321770065622525
4314076,0.41218919758615197,0.6893239226557734,0.4446952164739202,0.5655708375663989,0.32443693542360447,0.49395150428378365
4314100,0.6793689790513414,1.1361415881658028,0.7624504916272687,0.4924550927192996,0.6095799771824165,0.4515338709205971
4314134,0.24694880931371388,0.4129844327027091,0.32536466118363716,0.4026672741440234,0.4780023977647989,0.4549675589982005
4314159,-0.2643856121133512,-0.44214484101716733,-0.2891863754087313,0.5854570047889315,0.21435047449579722,0.19489632349300198
4314175,0.6019455974485463,1.006662724031915,0.6493784005087567,0.5535430798075766,0.48547232743681895,0.46127556333879793
4314209,0.7104378331456909,1.1880995349100538,0.7759441480352786,0.5454557734676594,0.561905163822698,0.46017035860196587
4314308,-0.12935909308684823,-0.21633346531159864,-0.09930385288285076,0.5021483478796022,0.2979281273328576,0.298785484418283
4314407,0.5339245077204491,0.8929077671594898,0.6038010630659728,0.46782575187826864,0.5338200099159014,0.48072581622001026
4314423,-0.12103970383542821,-0.20242054846061663,-0.046936225205306076,0.37930432378395723,0.3420534425037807,0.41183413236509264
4314456,0.06249380772852551,0.10451141596479872,0.09181378692542515,0.5359314440647824,0.31664283016574984,0.34385755659516254
4314464,0.3179434349056944,0.5317121773576702,0.3552886379168467,0.5328537437980042,0.41582664386399415,0.3893614996804837
4314472,0.6589107604161732,1.1019283200774366,0.7109920993983626,0.5493961069263774,0.5328314117648602,0.4452567717263463
4314498,0.5659990165196671,0.9465475188856687,0.6111458342279747,0.586911472568806,0.37208591034049027,0.5180952297257212
4314506,0.2861141782691686,0.4784825726800235,0.31672414531426657,0.533752315526022,0.37585442771855054,0.41742101969266043
4314555,-0.07527191509450436,-0.12588086267814214,-0.06138538755058996,0.5468088489583041,0.2630138160367155,0.30779749719052
4314605,0.1887507885706628,0.31565706899610185,0.21999338272844193,0.5234917690021229,0.4116226175377367,0.3348668934270081
4314704,0.24817723455279914,0.41503878761898183,0.2990836725819427,0.5108530483420641,0.36406782102987395,0.4336909313841397
4314753,-0.27007007393305016,-0.4516512413369449,-0.25341751553826364,0.4733244415326617,0.24981679017608635,0.29888582823082427
4314779,1.149346433594741,1.9221076067389093,1.2608712615405497,0.5142583898501835,0.646651803386166,0.6642263652213288
4314787,-0.11712574735999672,-0.19587504982419374,-0.07348556727606093,0.4021629634247618,0.3373176457178686,0.3833715990055806
4314803,0.3743439979070704,0.6260335655837083,0.42359354523197684,0.5044762913293487,0.4556436812887838,0.41831033613313734
4314902,0.5357266570479043,0.8959215886057766,0.6211228216680155,0.4481032007226422,0.5538667765789888,0.4863824101656449
4315008,0.5569174297954149,0.9313599423519783,0.6292029742237015,0.5292003170940958,0.4608093157982534,0.4941060015075502
4315057,0.014886688108020336,0.024895728228852648,0.07777377647608685,0.44687628099118165,0.38208518749574094,0.3671000071799333
4315073,0.4531850102678708,0.7578832021704122,0.5026063183686029,0.5650496641765917,0.41630036808236426,0.4331615362806771
4315107,0.26666849113455626,0.4459626099714758,0.28664671121691726,0.575980990792695,0.35542647269672223,0.36861430351162533
4315131,0.5702332620887156,0.9536286524579145,0.6379632707648915,0.5032544036422003,0.5417857277190709,0.44601736428441824
4315149,-0.46390175778096887,-0.7758053371441124,-0.42339415463915764,0.3942281683921474,0.2766730453851486,0.2574245121740734
4315156,0.5408169979787124,0.9044344118399334,0.5866399767563643,0.5434255228233845,0.4915935177031823,0.42698870611276574
4315172,-0.9617926354643529,-1.6084523227252954,-0.9016701868310074,0.23771298646514785,0.1881019480592003,0.2637656981543444
4315206,-0.23951546165858004,-0.4005532860494053,-0.20013689335020027,0.41602464656083754,0.3052855757335728,0.3311973391878685
4315305,-0.09332163417452251,-0.15606628052008434,-0.0951294535501012,0.5317836108785419,0.41225316101587345,0.15489218342859548
4315313,0.2662276886105968,0.4452254345997976,0.3004582268890329,0.5212363654650797,0.3868265538999876,0.40477797017996037
4315321,-0.27293729532402716,-0.45644623428660297,-0.28400195312502574,0.5598495907559872,0.20741505469347787,0.23440544257930737
4315354,0.20113210115978963,0.3363629366208359,0.27986726414106344,0.450995154396789,0.26640086526345397,0.5931775134362852
4315404,0.45546170654289625,0.7616906314193758,0.49187231193559877,0.5812871847221891,0.44343423454592634,0.3825888847398999
4315453,-0.4984920032396958,-0.8336522769107764,-0.48087269106610797,0.41791971243370324,0.23376097606603663,0.25341435607121326
4315503,-0.35597126558126263,-0.5953079570745641,-0.3017836443249338,0.38046929583332956,0.2933689543467417,0.32687063716206466
4315552,0.7733945186796246,1.2933850438069399,0.8198264764533136,0.6128214463631458,0.4676348546473767,0.5049484497291501
4315602,0.44406044219007484,0.7426237458412315,0.45106250600687603,0.6009011020575675,0.42562138684000267,0.3669639281456927
4315701,-0.17042269551215422,-0.2850061128917739,-0.1779523873271329,0.5906226409549502,0.2675500821759777,0.18961467504672647
4315750,0.5684960827023182,0.9507234833850692,0.6524594666909801,0.49082334085500845,0.5313399645468374,0.4709827530099291
4315800,-0.3512932181313462,-0.5874846321610764,-0.33620881260763463,0.4656820856756351,0.26813510794336104,0.24120311514420098
4315909,0.1720824583033633,0.2877818144497346,0.20164345404791428,0.5231734025836547,0.37233397530906887,0.3632870235598639
4315958,0.4165997615694848,0.6966999220364456,0.4277929480701652,0.6274504850245499,0.3579058340962658,0.38939090038445007
4316006,0.16452247791041,0.2751388937468404,0.23214889718949505,0.42011460063840705,0.41757323622333514,0.44243030306301434
4316105,1.175722411881706,1.9662174303905933,1.2744512279792128,0.5336045760630684,0.6538811344094183,0.644291908374591
4316204,0.4774684900305171,0.7984936393767894,0.5498227246977678,0.4884547956013688,0.47711367775636004,0.4808250265152502
4316303,-0.1994370045037261,-0.33352814453244234,-0.19893633254251394,0.570960269600717,0.18177659946270128,0.2899019617741283
4316402,0.47323341037393735,0.7914111109196407,0.5201881571307369,0.49906813670033706,0.44080089915911275,0.5001331007631098
4316428,1.5180007403499889,2.538626026737915,1.6121799960998244,0.6189607001659828,0.7118109087889387,0.6726596837546999
4316436,-0.221495592787651,-0.370417788155249,-0.17997358672445865,0.4470305875465628,0.26724162060695006,0.349229684369297
4316451,0.37255035763413896,0.623033974240677,0.4225300567940688,0.5528484504124526,0.40081479661579317,0.4210705971478565
4316477,0.07240535914530906,0.1210869825789471,0.1338964380421065,0.4544055674532883,0.36960418175384374,0.40124782193335307
4316501,-0.43903719821573206,-0.7342231320912137,-0.40816262092247196,0.40639424143594244,0.2385775200075407,0.2973099567011008
4316600,0.09333038271443768,0.15608091112633812,0.18442204277932042,0.37782167106154657,0.35857885061093914,0.5239483143453674
4316709,0.39497947160140595,0.6605432658770216,0.47120126814844493,0.4624457533491279,0.47235593316602786,0.47225096144060474
4316733,0.35476301623877904,0.5932873432855943,0.45379023198097485,0.4305718033398245,0.40620951546076584,0.5592944584096446
4316758,-0.3703396442039833,-0.6193368912931689,-0.36597898642240617,0.482298296430088,0.24581254678062922,0.22755989396717244
4316808,-0.09243678352015137,-0.15458650199214716,-0.058989599432258726,0.4813068643309115,0.26215501585925954,0.37535606256204407
4316907,0.27917310847154697,0.46687468608730415,0.341333387626241,0.41901753436905437,0.5166493230240996,0.40791298280454386
4316956,-0.3698493132679754,-0.6185168871635415,-0.3355523246996228,0.46318298145961045,0.1537235099085668,0.3578205520427755
4316972,0.5976176849472375,0.9994249467204669,0.71394799218649,0.4174110636255128,0.5176695776944451,0.6086313234120414
4317004,0.03902290717526353,0.06525989425490114,0.05772365815996986,0.5437766283197653,0.32207249016277145,0.31501514778028944
4317103,0.6548731137814141,1.0951759684076956,0.6979320708550764,0.5622753006883996,0.5517557819456865,0.40976064905309756
4317202,-0.3049156568121606,-0.509925194216156,-0.2668416948359769,0.4384936492047573,0.2720583353194954,0.30475292820863936
4317251,0.41209159887828467,0.6891607036181391,0.5063565882162036,0.4437032937077152,0.48911768186361065,0.4865915957892116
4317301,0.7894749039445262,1.3202770495012457,0.861675935269344,0.4711934258234048,0.5852325915113435,0.5672942427389824
4317400,-0.6321504737175548,-1.0571757988893251,-0.632538177573348,0.47930004263333764,0.19196934673106872,0.1435385939025682
4317509,0.7031189273578331,1.1758597749241564,0.7834992344791643,0.5549503915919906,0.3999702938062521,0.6151465151494268
4317558,0.6370910697477765,1.0654381964867252,0.7185865782798295,0.48435059716384615,0.521392269660392,0.5304155982944648
4317608,-0.4979888506880132,-0.8328108305733876,-0.48246338181068066,0.45519722103648125,0.2250512878239801,0.21709983751306985
4317707,0.5676708128158565,0.9493433446557746,0.6104422550865798,0.5891415602216461,0.42459339039485017,0.45948935150998094
4317756,-0.09632708241645759,-0.16109243691525907,-0.020464774318562244,0.3788666763712673,0.35559934769408397,0.41715007370312507
4317806,0.11277780549193774,0.18860377643439769,0.12746581004181518,0.5728951703533921,0.37270388245344094,0.2629176207614546
4317905,0.4978273522952748,0.8325407490034753,0.5638244240322551,0.5070195726613484,0.49456455081529077,0.4485178660187789
4317954,-0.33346251377892555,-0.557665483236493,-0.29686758823273923,0.46066724457359837,0.21921258986935688,0.31530465278966796
4318002,0.3378952766077501,0.5650786068196977,0.35542455249918337,0.5922292945051423,0.4258345453253832,0.3182302872861924
4318051,0.029225019485169413,0.04887441298603614,0.06814416079530528,0.4680959040525827,0.36862079564425304,0.35166591813864945
4318101,-0.05915581573269754,-0.09892913057296261,-0.04628817827919354,0.5417467925682108,0.2932084130710431,0.29047614738151745
4318200,0.2096611250215847,0.3506264355656583,0.2882126349197567,0.4160068791093056,0.4750331435734256,0.42304328374486894
4318309,0.8838483340302649,1.478102299173357,0.9898084119441763,0.4794316462175762,0.5452451247917982,0.6640253185071638
4318408,0.03228941050328079,0.05399914223543416,0.08147633658830859,0.4539257013120932,0.4130020965426084,0.3358060992556002
4318424,0.4198553011133699,0.7021443182066844,0.504275379072427,0.49523961199580163,0.4278809103375008,0.4938538221765458
4318432,-0.1968976983340896,-0.3292815400606888,-0.14114013156946947,0.38362813674053764,0.3510468839748135,0.3530406631020642
4318440,-0.35921504248331126,-0.6007326820101878,-0.32598991641716296,0.42146752017425243,0.2822113475949702,0.27748004093206635
4318457,0.8543049910001471,1.4286955383335624,0.9010425650459758,0.6389030988194727,0.4841293644577584,0.4989279527282508
4318465,0.31374951042336036,0.524698474688084,0.34101779716798597,0.5663678532814618,0.4132570824663748,0.3509869990855697
4318481,-0.3962672666432733,-0.6626969077847551,-0.3766407260764041,0.4351844508919854,0.25277954677340975,0.2638254236867879
4318499,-0.448421588927112,-0.749917102371817,-0.4458876321882619,0.5260067525861801,0.17936115835002875,0.2022237519584141
4318507,-0.04727239127523577,-0.07905590534151054,-0.027315805843730414,0.5266777671541351,0.3207246405688085,0.29244666404901065
4318606,-0.2530344349578519,-0.4231617186806001,-0.19237306786831715,0.3864673701153008,0.24858777542652324,0.4250808477912469
4318614,-0.12391977688905041,-0.20723703386703754,-0.07381353628537715,0.44040348179047456,0.24797179184940665,0.43116826144595066
4318622,-0.5703985759351309,-0.9539051147954707,-0.5558983384060627,0.4315141961038235,0.2243908066416016,0.2027937008996994
4318705,0.8445330924064968,1.4123535198871386,0.9129086439667016,0.533858438122429,0.5777014530902315,0.5281339171612047
4318804,1.308932882959686,2.1889917413139264,1.4122970415594613,0.4990259395324698,0.7320562775191591,0.6796334503381138
4318903,0.6045946825852464,1.0110929171776186,0.6621421924722951,0.5668194545414103,0.4251627773298115,0.51114487518405
4319000,-0.7324032396380618,-1.224833346117915,-0.6617327888047032,0.2342085680019718,0.3352321868447394,0.24398959951986976
4319109,-0.38324994013462677,-0.6409274033339362,-0.3719944047878628,0.496752659300933,0.24063670012505015,0.21066673128276894
4319125,-0.0200268963136643,-0.0334919469175804,0.0426867958612868,0.38903949596863524,0.42630429598972325,0.3696050700866808
4319158,0.6210748191828179,1.0386534463517647,0.6699160794664111,0.5881858608854111,0.4292742255417243,0.48865720891703557
4319208,0.10370013758389424,0.1734227535265106,0.1098702252957001,0.6130638134561841,0.2757146507405493,0.3153687547730673
4319307,0.37781576925471616,0.6318395766532315,0.41301537562202334,0.554459490933137,0.4007189516038913,0.4148914175903536
4319356,-0.3981787379631223,-0.6658935536841589,-0.36846006770462175,0.4412090089391992,0.2065463668457118,0.3113389755162656
4319364,0.6446131720455893,1.078017771819877,0.6937226174496274,0.5592791397265411,0.4961707482673791,0.4658063286872151
4319372,0.4866091357780147,0.8137799831702968,0.5558064604644731,0.4816035133288759,0.46533328522250494,0.5062169813514227
4319406,0.019780052816372587,0.03307913860326374,0.063539441951326,0.42328793890460203,0.4019494871399449,0.3720178934799609
4319505,-0.13490138192012072,-0.22560210287273744,-0.10122831003543811,0.4587697037132576,0.3178248208595427,0.32543546677130714
4319604,0.17985747770677357,0.3007843552860051,0.20826750272670294,0.5195825389359324,0.4228327253828541,0.32212057385571663
4319703,0.055950071809653584,0.09356801002685568,0.11586406139200649,0.43071915254172416,0.4488771573849774,0.33837461444769196
4319711,0.12027645708050563,0.20114413401274056,0.1842264316079892,0.41073622365290174,0.4153838983362885,0.4314802192486907
4319737,0.41543895872526543,0.6947586553203521,0.4369867196136167,0.6255503772783803,0.40818459067472684,0.33884308393951484
4319752,-0.5859585458489944,-0.9799268047384451,-0.5783910061854404,0.41562430906320835,0.17464491984758798,0.2606359506291189
4319802,-0.19672201223889568,-0.3289877317100471,-0.1859773489283054,0.5146706825182478,0.2793454487599849,0.25897651467047916
4319901,0.23054453277920575,0.38555076797952403,0.2919448754087067,0.5054082152060732,0.3397457536958491,0.4632355046760443
4320008,0.9548663703554519,1.5968691947292653,1.009184926092881,0.615604513904337,0.5903714709599909,0.47586872489815796
4320107,0.2678558705946198,0.4479483220471077,0.34305351443057397,0.44891661055131865,0.46188354516412633,0.4237275372158234
4320206,-0.15872816229172326,-0.2654487796080679,-0.14080554939913192,0.5143262092841479,0.26749738018380304,0.29540866173830627
4320230,-0.004860156147328081,-0.008127874092322554,0.02730465201612595,0.5059729731100951,0.3715582508142437,0.28270291892500615
4320263,-0.2305865551652031,-0.3856210440472244,-0.24694852404990153,0.5754197716491828,0.21325355461388285,0.22495001942065074
4320305,-0.4933697749916162,-0.825086126974335,-0.4446511289450965,0.37509879305306565,0.22871199510790907,0.3220183158617908
4320321,-0.4441966519788775,-0.7428515360561894,-0.3803240603018471,0.3469573264437856,0.2739066649192085,0.3411498647001958
4320354,-0.18340852815073577,-0.3067229486210932,-0.15881674448748562,0.4580113072254524,0.3364768685105475,0.2788953728818299
4320404,-0.40915370471771345,-0.6842475211791713,-0.3644718729169934,0.3953389897591897,0.2647989143743732,0.301917158924208
4320453,0.7261729803355583,1.2144141822807393,0.7615799074338064,0.6155132651583123,0.4433607362704102,0.4931726869467477
4320503,-0.29679461859726053,-0.49634398939294544,-0.24369448265366855,0.4119914030206555,0.31501227211345545,0.2955325726412039
4320552,-0.5454219111606863,-0.9121354307814207,-0.507826955711595,0.3745571153918301,0.2508766382171475,0.2629415916590175
4320578,0.5657573642291198,0.9461433920773624,0.6410523621761639,0.5297710259626033,0.4530329888534694,0.5083158815520658
4320602,0.406955592707458,0.6805715121953859,0.4746184320407721,0.48042253686111874,0.46587322945836385,0.4617349854693569
4320651,0.1829881972001884,0.3060200088513428,0.23946181081272389,0.4500488149951403,0.44446001803605034,0.3861811221751612
4320677,0.11791850146053494,0.1972008108326936,0.11033015474100767,0.6234910259347611,0.2108204477318519,0.36604325429232115
4320701,-0.4410604833564694,-0.7376067696489949,-0.4197021717117269,0.42920957874876703,0.24244182398654432,0.26258669277521174
4320800,0.7774507418198975,1.3001684618649438,0.8925700644311654,0.4686326315594136,0.6694014045217079,0.4864165157933607
4320859,0.05305972709059941,0.08873434681774309,0.08040811345220153,0.4955148387670782,0.3805221940805556,0.3224787640516527
4320909,0.3941257278923459,0.659115508997612,0.5372533478633336,0.3160833759297452,0.4857765866492019,0.6455929128200835
4321006,0.48621318440331124,0.813117814543875,0.5613039227651387,0.49464102474659916,0.37740592734020667,0.5865866256237611
4321105,0.16008147971473263,0.26771199776150423,0.20702525458812826,0.45659709323467884,0.47077649996508025,0.3419009950622541
4321204,-0.21694407004430974,-0.3628060566254794,-0.1547721085410895,0.42478938113450165,0.32969444070963,0.3149398851057812
4321303,0.3530765359222522,0.5904669607183702,0.41131352220970474,0.49064114585026325,0.540151178922886,0.3423238067060322
4321329,0.45999340633422814,0.7692692120681477,0.5321133701768304,0.5150042763102355,0.4642669478592367,0.45390451390165126
4321352,0.022269650389889345,0.03724261298653448,0.032463485748274706,0.5713040616028037,0.2504992766514605,0.3499686220522005
4321402,0.11785189186803606,0.1970894163908773,0.1631280822308526,0.5142074422421486,0.3371553966159302,0.3866776226078256
4321436,-0.3579761448563241,-0.598660813613333,-0.33854518776634246,0.47967777232313313,0.2210046720440141,0.2730102806468049
4321451,-0.1518054956756134,-0.25387166954550344,-0.1429356795886304,0.488337270781015,0.3558065324739963,0.22833559872015577
4321469,0.9860030189533995,1.6489405174994491,1.0830642831790713,0.5072923332611681,0.5928287600326964,0.6288689615592533
4321477,0.5833481275522056,0.975561276018497,0.6262697223983286,0.5627789567043137,0.5021210595253518,0.4155430313014386
4321493,-0.726503476351505,-1.2149668867462335,-0.7120909734555889,0.4115502302510703,0.18104206704706235,0.18720968498363644
4321501,0.36652565668503934,0.6129585755757391,0.4472008875062588,0.44766404779187696,0.4438632109509382,0.5058844853201898
4321600,-0.02663544499232308,-0.044543742367126514,0.015946883367419267,0.47662070539333173,0.3829450910995263,0.30262111913699136
4321626,0.3852882868034246,0.6443362290132517,0.4390270282435185,0.5091591140668815,0.39874321705096283,0.4817256540899744
4321634,0.5107199901781289,0.8541017306372355,0.5874640623853993,0.4825861283789879,0.48455015234549875,0.497752763086516
4321667,0.11185721736356265,0.18706423240093423,0.15058612238001817,0.4963458032337064,0.3646739024334557,0.3689627557598923
4321709,-0.06739493584589042,-0.11270780946342804,-0.016853598938972845,0.43832490815440145,0.3361244288977944,0.3706671723740405
4321808,-0.16870349733982734,-0.28213101467253127,-0.08838095118892975,0.406044897235647,0.33238000530396444,0.36539477232287254
4321832,-0.3220678609943474,-0.5386096545035621,-0.3277574532956038,0.545652195353417,0.2042948068874307,0.22602264242739986
4321857,0.9494616282884057,1.5878305832750672,1.034607730313957,0.5357713497564444,0.6345334201239858,0.5284431674108525
4321907,-0.11551707908569873,-0.19318479609705863,-0.10938267172615176,0.536503377419793,0.3397094010695935,0.20999760841867565
4321956,1.287773398505551,2.153605712493388,1.3765340863326392,0.5928234789832053,0.6512442116698515,0.6367708488996212
4322004,0.5122430262452247,0.8566487774843264,0.604219389046784,0.43138503354419394,0.5735780525030715,0.4758681379589325
4322103,-0.5454205085716691,-0.9121330851639983,-0.49331505444219975,0.369793140978573,0.271707279586574,0.2545696663372156
4322152,0.3175280759573122,0.5310175525075147,0.31333483816148,0.6548281173843903,0.36893783143278086,0.2836229748032732
4322186,-0.26824877913706446,-0.44860540199803545,-0.22484939006358828,0.451224705065337,0.2533257692085697,0.3309128714156764
4322202,0.4179137834724366,0.698897424391924,0.47862080709599236,0.48097171933961996,0.4375539905299837,0.4988957064209633
4322251,-0.7043579398067515,-1.1779318353432777,-0.6844100950262235,0.37685820634814365,0.17334112069778487,0.2455141202372987
4322301,-0.2513422003199103,-0.4203317128834781,-0.21095341298515619,0.4211071981043097,0.30965063203918985,0.3143595044129934
4322327,-0.5416395567926233,-0.9058100167115325,-0.5020376661069377,0.36016539022093763,0.2750554207664702,0.26070295633053314
4322343,-0.6435292963762759,-1.0762051541374684,-0.5901166322257443,0.3389167561039095,0.25324783800896555,0.2558160973547333
4322350,0.04157579941907271,0.06952921937532047,0.1077991403793119,0.38732560565645224,0.47818485378916314,0.3468416298251015
4322376,-0.6717797669425697,-1.1234497818513203,-0.6821319651069945,0.48694838574281096,0.14833642472602673,0.15418226910228486
4322400,-0.5988188911868768,-1.0014337819880468,-0.5828732794595006,0.44222230523782863,0.23109231142683065,0.17412382202305374
4322509,-0.7009281474606569,-1.1721960277875483,-0.6549980110787094,0.309143893306746,0.33149119045531933,0.17017871029185727
4322525,0.04211232582021525,0.07042647841463981,0.07967018437648027,0.4989871667965189,0.3044980898146769,0.38831830942515294
4322533,0.246618571669303,0.4124321603244251,0.24856372002177984,0.6267049708562381,0.28433535927617964,0.3585494694305303
4322541,0.38258722646492926,0.6398191152248138,0.44594767581441463,0.41962136276805984,0.47855654571973144,0.5023990281728974
4322558,-0.29709371529425704,-0.4968441832593408,-0.2653176257372894,0.4528139197743421,0.24106240770358311,0.31906478564452234
4322608,0.6073124327092112,1.0156379421011748,0.6588917923389644,0.5646780173677851,0.43028752758285965,0.5026425555105615
4322707,0.1271080842290188,0.21256899437228574,0.14115700930733743,0.5624857936348756,0.2566405135001344,0.40250962202608515
4322806,-0.5766943075104125,-0.96443377107971,-0.5006386115248213,0.2506261978237702,0.3807294474058254,0.2665637487437236
4322855,-1.1524709415923797,-1.9273328725195622,-1.1317041573816875,0.30671420925851195,0.11551869058234482,0.13824848998818462
4322905,0.02889428280207633,0.048321306041237494,0.07562405855505043,0.43631759471181636,0.37236806200311384,0.39194092063851027
4323002,0.6864368542908902,1.1479615376295416,0.7690571413036464,0.48792577859435804,0.5645963887603666,0.5145312450627074
4323101,-0.01636296374404577,-0.027364575346403294,0.02764395786520362,0.4990881258880928,0.2900353684847737,0.37924730417586444
4323200,0.5138976264346493,0.8594158453737336,0.624270243268944,0.38767919518271204,0.4994582867479713,0.607990157815122
4323309,-0.5552610919067293,-0.9285899684240865,-0.49488094578375613,0.28942035473902183,0.3302663642933646,0.280479424742419
4323358,0.07348273367970722,0.12288872809913517,0.15745209391324,0.4175840064298553,0.3535760290975564,0.46890252036929764
4323408,-0.13200782257029764,-0.2207630636811768,-0.0805813409438346,0.3944621751622472,0.37696757541343756,0.34542431799176304
4323457,0.3631480773362235,0.6073100863396275,0.4329665312785375,0.501319842822643,0.39301105874403675,0.49079073619157126
4323507,0.3129984449696202,0.5234424316190873,0.3329928575702734,0.6154857929097385,0.3149553366660969,0.3949606929838439
4323606,-0.5962654796053038,-0.9971635883539774,-0.5667275506476371,0.39208149210420057,0.22097303313058045,0.23833534616957316
4323705,-0.16024098722321212,-0.2679787498794198,-0.1430949380757257,0.5501794024321347,0.21771429468723014,0.3020904411037681
4323754,0.8042873756833407,1.3450486621078406,0.8582328693706173,0.5981616683629992,0.45329249254104736,0.5524269086818375
4323770,0.40881210603941553,0.6836762491946622,0.43284950739395095,0.5082251986809424,0.514576480100546,0.3641588967114385
4323804,-0.018462948348959184,-0.030876481126207462,0.0523372072990315,0.38858171751422593,0.40123142760902414,0.39931482866004525
5000203,0.2573977900750413,0.43045876839208025,0.2962645256545565,0.5096507305676832,0.5505851422093169,0.24421066293513224
5000252,-0.44547915645224245,-0.7449963302904408,-0.39311798768108464,0.36812533852370377,0.41830947816013264,0.15397999085129635
5000609,0.025491281441510288,0.0426303023458337,0.05591775941580094,0.49218506538241696,0.5130994878638434,0.1730050422267606
5000708,0.5201659659753433,0.8698986926342476,0.5752973919678882,0.5457201194985692,0.5034250151021998,0.4034226442593281
5000807,-0.7477447039411634,-1.2504896185642282,-0.73122222850064,0.4443179067062954,0.1744289108878995,0.142476345997312
5000856,0.41603743355922096,0.6957595137187985,0.5215795681913197,0.4809038421783191,0.5159390474155945,0.42187916610459003
5000906,0.16995702410281419,0.284227348080773,0.22434407280432925,0.45054801425601393,0.5597560037479229,0.25806364135257576
5001003,-0.1948050068495741,-0.3257818309187164,-0.1494211210596823,0.4154366075639266,0.3685006656541305,0.28810982396307666
5001102,0.4757504583298908,0.7956204919045655,0.5305162399904115,0.5212767290502023,0.47130616788763,0.439615975593674
5001243,-0.0443961976675645,-0.0742459077201075,-0.03778345769610113,0.5450579482083003,0.38789621865117657,0.19423809895443597
5001508,0.14971031239942448,0.2503677932598486,0.19250385087531846,0.4908887178960959,0.5527855346489198,0.20087968711522472
5001904,0.1146224519483094,0.1916886678839205,0.17665217545199294,0.46669187740455625,0.4143192822764252,0.36712655603807237
5002001,0.011519045674552298,0.019263856976683248,0.06402844046790895,0.5081993590102024,0.3630975173917051,0.3083167803286695
5002100,0.05878352456461603,0.09830653005394176,0.10291154163358036,0.46500181462662954,0.443950229289507,0.2971289881849036
5002159,0.024135097055020212,0.04036228963076379,0.045281260450503166,0.5368541599296014,0.41046311090046617,0.21935112021750688
5002209,0.07098197368783014,0.11870658626398671,0.12699993441723517,0.48376684966670186,0.4007068215118557,0.3293966153652986
5002308,-0.2887132894380949,-0.4828291919433974,-0.24843742384984915,0.4571036355890064,0.35189823048091223,0.20382059278510326
5002407,-0.08684266341743602,-0.1452311844933054,-0.04284521391730559,0.4920294673753527,0.3678100070939379,0.26405647741272104
5002605,-0.1512977839350468,-0.2530225986561272,-0.118401661598397,0.4478649828812906,0.4097849578292713,0.23387486529591558
5002704,-0.4695577499728179,-0.7852641263288554,-0.42170957283603727,0.3990104641553314,0.2834374278482183,0.24720947171928653
5002803,-0.011689635325827757,-0.0195491422977693,0.037227801163159664,0.4636290098675612,0.4828950774393082,0.21868620082168375
5002902,-0.2887814231723332,-0.48294313528113014,-0.18613809425662756,0.30961843874860945,0.42358158129521195,0.32344797927399793
5002951,-0.6794607850737628,-1.1362951198155147,-0.6447703840974809,0.3741699905612827,0.284695603417182,0.15246137231526072
5003108,0.06034328465761407,0.1009149922649938,0.14851948617632482,0.42647163097864604,0.49737837304488935,0.30189363831047433
5003157,0.11653685028474602,0.19489020877467214,0.15001848899617587,0.578300178876634,0.43107783767475444,0.20277298140437808
5003207,1.0884265456781257,1.8202283329676596,1.191413386660545,0.597461605861714,0.5867966932043042,0.5892255324877229
5003256,-0.30896083620296955,-0.5166901432780147,-0.24185929335640768,0.39864622661584836,0.2782711954035295,0.3504723638200679
5003306,0.2372214175855872,0.3967168452392116,0.2909798021966462,0.4668177618948901,0.5280017371943636,0.3156198945991127
5003454,-0.4325038633461509,-0.7232971203308445,-0.38126942214754933,0.42829448634551204,0.24478945395250518,0.2774798116883762
5003488,0.728556010422189,1.2183994387036217,0.7947244214180356,0.5940049265873112,0.5665128162182976,0.4024226777720215
5003504,-0.4395025104066378,-0.7350012961638606,-0.37867245113991416,0.42693877803988606,0.25010662963402025,0.2747986010570841
5003702,-0.40144003828242514,-0.6713475838776369,-0.34003883831513926,0.38181448924500233,0.24437696704970877,0.3535302372016109
5003751,-0.14598689702451909,-0.24414094571765832,-0.025160094686501502,0.36331858104189324,0.41722093532433974,0.35593425421788494
5003801,-0.5430423231234672,-0.9081559306641772,-0.5174892011739605,0.41126188854987844,0.34134655782970785,0.12625836785455616
5003900,-0.7391617210318874,-1.2361358812956211,-0.7070861090217476,0.3578631339357911,0.2819215475324073,0.14350437868065224
5004007,-0.34830668358499833,-0.582490106053426,-0.2955508554084158,0.42625982463002415,0.31747796850735027,0.2484243972241139
5004106,-0.06595104936677115,-0.1102931282988444,-0.019361240522539798,0.4726357763500803,0.44115551216922816,0.22214778669146676
5004304,-0.3460516983389553,-0.5787189852078625,-0.27339034163679293,0.38956624248221394,0.37036591682875275,0.24314876350279332
5004403,-0.22528789738392468,-0.3767598424728237,-0.16105461301451965,0.35971048103454045,0.5410035407269554,0.16313890308459356
5004502,-0.43436778139969506,-0.7264142406040157,-0.40313504525443816,0.4422153961755537,0.2389681943847367,0.26121318176705033
5004601,0.36686564009647527,0.613527146271384,0.45265184560667,0.49846740195527833,0.4756676541522998,0.41237494982219314
5004700,-0.2839287562053841,-0.47482778570722417,-0.24050204711027437,0.4512129714735549,0.35087270459062253,0.21867222401524686
5004809,0.8854065241423394,1.4807081358294092,0.9735230237578324,0.5731811999694743,0.6460514054390248,0.43970073518036096
5004908,-0.25533822787904803,-0.4270144629609584,-0.21707746817051515,0.47635512271975333,0.31767922372641627,0.23641444003762843
5005004,0.07082187807021201,0.11843885062272586,0.13171597051373607,0.47975782845995146,0.41902618995329427,0.31825148586904484
5005103,-0.16256210818348482,-0.2718604726772602,-0.10504642951184151,0.4519521182647956,0.4270013263419514,0.2114766289036373
5005152,-0.08581486102134098,-0.1435123408565962,-0.05504351686893161,0.5538320641194422,0.2886909591938303,0.27416258014319966
5005202,1.274242216821748,2.13097686319052,1.3891626204313345,0.6083722812893626,0.6309985182743785,0.6390216658339086
5005251,-0.3830670642785686,-0.6406215711986079,-0.34346799067636535,0.44983053647476706,0.27135321380031535,0.24803736475447477
5005400,0.18430467919180468,0.3082216253320293,0.2332285937153284,0.49442555505767394,0.39231045723294483,0.38924983602765445
5005608,0.3494801632026111,0.5844525727505316,0.3814579086144194,0.5488929878273194,0.5029128144612903,0.29812366130429907
5005681,0.4552689268514925,0.7613682366213922,0.5567019260921314,0.4332619411323102,0.5004657066351984,0.515566886589904
5005707,0.0030988872226778963,0.005182418920034319,0.09215130220616942,0.46440084343585086,0.3819724826465916,0.34584104469242033
5005806,0.1288301057956313,0.21544881429029095,0.19071773182147067,0.5135938978020945,0.41490740269238885,0.31443529197303904
5006002,0.16552706547150006,0.27681891409263576,0.2032417852442666,0.5304603265417535,0.39972866840427645,0.3266408287294671
5006200,-0.2049269316968591,-0.3427092151913212,-0.16541341348569424,0.4558946053895916,0.37206371230024365,0.23485055156860243
5006259,0.07123774662181247,0.1191343277069803,0.14276190850588044,0.4696967579379419,0.4493378811810897,0.3052931321321111
5006309,0.12212891931635737,0.20424209616814643,0.2147816651308145,0.3922655129708989,0.5867672647590562,0.2813050929767966
5006358,0.08487475067572381,0.14194014887542586,0.12008727123403916,0.5449474366020978,0.43260772909880213,0.22921849677326078
5006408,0.01746940980387768,0.029214938584054762,0.08980930736919686,0.4196563218505635,0.4821821230174523,0.29800955035909443
5006606,-0.17848458329920405,-0.29848839759482787,-0.1257039971211507,0.4498697989019307,0.35051679676820396,0.27810482087108884
5006903,0.29392850254573594,0.4915508449558921,0.34933223470433183,0.48254662754725336,0.5246163186682314,0.3253046735047476
5007109,-0.35740360814651306,-0.5977033327938874,-0.3382187348705558,0.496237855522667,0.2737525087072586,0.19853056354732454
5007208,-0.20857966564797584,-0.3488178587713739,-0.17903362383766472,0.48332557834617434,0.27548833149438784,0.29905060268150613
5007307,-0.3294357881774889,-0.5509313953387611,-0.27934768185588227,0.44454627248884354,0.3613043498094312,0.19305651532527904
5007406,0.18778441728703477,0.31404095957869493,0.23292742520906845,0.4678777014757151,0.4686728358433716,0.33985301903952325
5007505,-0.43693121697604415,-0.7307011978491652,-0.3571655010774257,0.30729513798819413,0.38474343653952436,0.2752528898482382
5007554,-0.17445024482204044,-0.29174157831696873,-0.12795900715839642,0.4331308755953855,0.43731745911612824,0.21112374075353105
5007695,-0.33930091390772904,-0.5674293220328255,-0.29333766847261267,0.396990687471881,0.39394047687672124,0.2045982595781494
5007703,-0.03582263552375188,-0.059907925253037356,0.035359962896242686,0.4631983803752479,0.45378242026759824,0.2428628942722264
5007802,0.5441564805948789,0.9100191900682263,0.5888147579226781,0.5802527164796477,0.6065868091309424,0.26133954727258696
5007901,0.34113780336740346,0.570501241081755,0.389692406605073,0.5422855976345137,0.4798613253044756,0.3237956895778327
5007935,0.363858686070005,0.6084984716799331,0.42807503893909754,0.5178901263900999,0.5353903760333215,0.3157395231630355
5007950,0.6095670185907818,1.0194083950702235,0.6333198587874986,0.6520889580609871,0.5977899386423442,0.21916771105098967
5007976,-0.41056483216487394,-0.6866074178308553,-0.38937472323982275,0.4753063442186749,0.33772677605452817,0.1304173669024274
5008008,0.17087123804014873,0.2857562322463953,0.2293079851792309,0.47768263613231277,0.43066038511827004,0.3646814434779369
5008305,0.1074067730235461,0.17962153917174017,0.1494107367506715,0.5166509497959008,0.3420584686451124,0.36875982780846056
5008404,-0.3602434574852762,-0.60245255013731,-0.31186074700659694,0.4450335987888419,0.3176825747700686,0.22223795649842026
5100102,-0.12655750958789225,-0.21164824178207034,-0.19118533996604484,0.7265942540106437,0.22460013942726154,0.0829411999591587
5100201,-0.908105041062572,-1.518667963048444,-0.8844224822468086,0.33210075924201,0.25093492369808396,0.10345621536043197
5100250,-0.4652444864930099,-0.7780508472842786,-0.40596690124776,0.39723348337206416,0.16580310219263505,0.3860423797367056
5100300,-0.8748950871288539,-1.463129351530069,-0.8677787647930324,0.40122806660111826,0.21051320532604134,0.0857933951476134
5100359,-1.4346066417335712,-2.399162043884273,-1.4075597491000638,0.2359443090774771,0.08362629906315948,0.09657623029945223
5100409,-0.8792393772624845,-1.4703945179478353,-0.8826138546883597,0.4075104329916139,0.22840113767620632,0.04930229571928638
5100508,-0.26727784784725606,-0.4469816666618369,-0.2715479621830719,0.574915588197381,0.2457967712102506,0.18178174737584296
5100607,-0.4611420337699992,-0.7711901172600655,-0.377269673309078,0.33601071485111933,0.29166365900909974,0.3329302095744251
5100805,-1.007888780241421,-1.6855411341815822,-1.0119465447635312,0.44667205252793557,0.06779065350909595,0.10280937661807495
5101001,-0.574797693428784,-0.9612619716580642,-0.6048336315734726,0.5343644398464117,0.17450851916777274,0.12008990904613413
5101209,-0.5386476819367347,-0.9008065597460567,-0.5847102547656756,0.607607033427222,0.13742885951327052,0.09170470403213715
5101258,-0.963673636175653,-1.6115980111529031,-0.9662579223589268,0.4260741926042256,0.16294058749211793,0.049948503620751594
5101308,-0.6145873219081347,-1.0278040910173887,-0.5971007025865115,0.429150736744854,0.2637016737905331,0.1454233060800129
5101407,-0.36258543716963393,-0.6063691559878653,-0.3338788738088232,0.40329988837317376,0.3385685739350805,0.2399142230836405
5101605,0.20757918657583824,0.34714470925028135,0.14983205432856472,0.7543009973659885,0.34045042503199197,0.12002098032196662
5101704,-0.18639036718265853,-0.31170962219296305,-0.20130324377781725,0.5905484032408576,0.30277521639051747,0.1417090096410736
5101803,-0.44665668381609486,-0.7469655662292735,-0.45310175871930763,0.520147577918773,0.1355820355090747,0.2582423137888025
5101852,-0.5050596004020499,-0.8446355871597806,-0.4912711869974971,0.4375089850173684,0.26018976447920034,0.20133462784071954
5101902,-0.24406425072240498,-0.4081604459147585,-0.19509677791727117,0.4169996788002299,0.37530279735911276,0.25894059544539466
5102504,0.1578843838316854,0.2640376880963743,0.18873450871943803,0.5854092029833823,0.32209612303767887,0.3412629148183976
5102603,-0.6481259850552292,-1.0838924188449361,-0.6504815616721342,0.44295392331982475,0.18626889986296638,0.18646852672585265
5102637,-0.6452300955451675,-1.0790494828137556,-0.641922532604799,0.43780507943703356,0.2486352578099095,0.12159452274352191
5102678,-0.16764935197952838,-0.2803681164232175,-0.13012524589674646,0.4888725251421064,0.285224194487225,0.30554530067450125
5102686,-0.7044922145405821,-1.1781563894722544,-0.6873584444205993,0.40114658513350365,0.23643133870880692,0.15412114893923323
5102694,-0.7109399031126648,-1.1889391707886956,-0.6651607298113835,0.30608036236949826,0.23561580888871866,0.27049089473222987
5102702,-0.9530424019829545,-1.5938188842390995,-0.9315346054507343,0.3397137877586967,0.21451604490377454,0.1073192322454289
5102793,-0.345861940605392,-0.5784016441760738,-0.2969162985209212,0.442403973133456,0.21256219083292302,0.3459603526910109
5102850,0.4304169812334014,0.719807126482134,0.5100030089759856,0.4635244508887287,0.5154061945820338,0.44725856754481347
5103007,-0.07610785950769781,-0.12727885293455649,-0.08796567473458307,0.608756361505685,0.3109030997860697,0.17734382941309626
5103056,-1.1588413981482748,-1.9379864950015049,-1.1305556945870985,0.311656830990627,0.11788234120426584,0.128820439997528
5103106,-0.24377203694967442,-0.40767176269537214,-0.27834060040429764,0.6278101596673643,0.26833435163430724,0.09557195759744093
5103205,-1.5915162718070068,-2.6615696041456745,-1.5669380908447907,0.23272289206147626,0.07008681856277854,0.028825218206403717
5103254,-0.08811902887777143,-0.1473657121592733,-0.06511305483874691,0.5234209638174286,0.2810646750840133,0.3176499313209596
5103304,-0.6127067410459976,-1.0246591047238343,-0.5613325807352363,0.3623591593327546,0.28023624694786875,0.21693121955144815
5103353,-0.2070353614077098,-0.346235244130068,-0.1569850269708053,0.42011639918750215,0.31686941168495014,0.3324497385782299
5103361,-0.7080599549248314,-1.1841228942013702,-0.6757468029834721,0.39177554536625764,0.22150222441733827,0.18340712218200025
5103379,-0.22314202344485293,-0.3731711937409593,-0.20099561461320328,0.510145730451779,0.302481332914555,0.22703497829809402
5103403,0.00421788193224908,0.007053767871316444,0.028749686309341566,0.5139326627829165,0.4262612964220173,0.2238837683154532
5103437,-0.876660588785135,-1.4660818853040978,-0.8626189883203986,0.4265075541652183,0.1281256548188782,0.14248402154397774
5103452,-0.4002607202848948,-0.6693753533755354,-0.40348429518750895,0.5430577056577185,0.18931966846246326,0.2025757771473682
5103502,-0.14960267404419716,-0.25018778443456124,-0.08086327159975792,0.47090272867722355,0.2678233102317111,0.3668285317255777
5103601,-0.567968034189747,-0.9498404023286757,-0.5536686980367664,0.47215917496430587,0.18095045919691755,0.2077816761384622
5103700,-0.9867080766561961,-1.6501196195822705,-0.9848094672329339,0.436662878517277,0.0972230933375821,0.09568077782916999
5103809,-1.4653159120872836,-2.4505186413547664,-1.4510353071236912,0.29631320233856123,0.05971389671391949,0.03346860614049404
5103858,-0.9680501814932786,-1.6189171194742604,-0.9285960005541375,0.29644923356557734,0.13950010265034404,0.23155239767437355
5103908,-0.18204904326811544,-0.30444941632678024,-0.19951336003496245,0.5837390653638983,0.24251614106792027,0.21894054618299685
5103957,-0.6913213243741713,-1.1561300730924298,-0.6885525067839986,0.47394565559782187,0.17402382359647317,0.13779523344167052
5104104,-1.0979142506338408,-1.8360950806538539,-1.0872336452303832,0.36814786612447675,0.1148016390087487,0.09671597707665858
5104203,-0.620471699582421,-1.037644820285844,-0.5601080199860964,0.40446471682970736,0.1828516478816733,0.2695616396931093
5104500,-0.4740540251917691,-0.7927834647526131,-0.4723750877794226,0.5818173865998214,0.11049864816101533,0.19844715820638312
5104526,-0.5120950929994786,-0.8564013815655439,-0.4652147502128754,0.37752502605474686,0.23734277711470222,0.2975271747913611
5104542,-0.7997908172427686,-1.3375288500388733,-0.7659547944537464,0.39259645151630235,0.16096801904298386,0.19364306311400847
5104559,-0.9273558769464472,-1.5508620665901842,-0.9205361002038717,0.3728906243137906,0.21753101744858605,0.07597341297125444
5104609,-0.754797868967139,-1.2622849674266345,-0.7631343531320609,0.4544851429738925,0.22679779110724987,0.06457895900782352
5104807,-0.4459624029716638,-0.7458044868077102,-0.40533565708817154,0.41759485735118645,0.27501067399496737,0.24947008330306156
5104906,-0.3786812001193221,-0.6332868785278829,-0.4147098523900555,0.6297371995769447,0.16074737311220133,0.13172689980106309
5105002,-0.8918187772766198,-1.4914316567500658,-0.886294250004172,0.41512310208970593,0.17679030053074726,0.09050947674765174
5105101,-0.5553063731451188,-0.9286656944281937,-0.5112905994302763,0.31054148116138425,0.23409312211070668,0.35612429142929286
5105150,0.26132004129126923,0.4370181387245511,0.35561136854141223,0.4054078770455834,0.4742217311563672,0.4706968361208501
5105176,-0.5697881210935868,-0.9528842216511534,-0.5409403792900445,0.4391613517208442,0.21303641874001059,0.2125736509244728
5105200,-0.45665600414454144,-0.7636879130376363,-0.4544398162559023,0.5275962528248798,0.18581105468900125,0.19324356480157448
5105234,-0.7969904083713732,-1.3328455908958028,-0.7899558216190176,0.43596200784394784,0.14579693079320052,0.15436394120492775
5105259,0.40986267512475005,0.6854331666664557,0.5262520164128874,0.4456177286032359,0.3549211263899558,0.6349538836487275
5105309,-0.8118879874320617,-1.3577595325913319,-0.8149429756369103,0.43984112418546634,0.15614784656637234,0.11805634817993393
5105507,-0.40640068705556004,-0.6796435166464723,-0.37947387030592183,0.45650789608896614,0.3643652989448785,0.12364706855705902
5105580,-1.5093160328003017,-2.5241021704352096,-1.4928935446480591,0.27943464057149786,0.058120011473503576,0.035666290085822894
5105606,-0.6637411862034237,-1.110006474651269,-0.6537515175962313,0.4378801627061711,0.18193947146014663,0.18977834256854964
5105622,-0.6445062325815303,-1.0778389317840784,-0.6393898367013875,0.47617961321394436,0.20436611344313685,0.13131104035249697
5105903,-0.7417643008250697,-1.2404883013070314,-0.7295023148452305,0.4273742421775099,0.2140167083500222,0.12600862856389175
5106000,-0.5847163920143694,-0.9778494908281341,-0.5991851727159034,0.5217149019260064,0.21793888381166918,0.08977960083331067
5106109,-0.07663150514937554,-0.12815457085709483,-0.12729948863111187,0.715603881877036,0.21712222987118937,0.13886929580027027
5106158,-0.5373949182257055,-0.8987115024264942,-0.4823228282820257,0.38382487938834425,0.22687505410261957,0.28937150740492074
5106174,-0.583319816469862,-0.9755139300267771,-0.5686977219719291,0.4281457408700491,0.2412307972637638,0.18565907255303704
5106182,-0.28320600466726825,-0.47361909336817914,-0.2908026187517385,0.5539696314520914,0.261620165996296,0.17667971678601066
5106190,-1.1203890084869321,-1.873680704767143,-1.13971453384534,0.44963040648653707,0.05992835419866288,0.03640884339384253
5106208,-0.25095744907477274,-0.4196882747752063,-0.23789079662400858,0.43406340872999655,0.3411516472439125,0.25773841084451476
5106216,-1.167977103106535,-1.9532645760743053,-1.1356902189369162,0.30063598770387934,0.13309468521544462,0.12491485413518318
5106224,-0.3406261260628607,-0.5696455383880237,-0.2698316642268755,0.393571458198372,0.3022751170860498,0.3142177196999365
5106232,-0.013856570107234128,-0.02317301209446883,-0.018472195315652175,0.6372924830790266,0.2922658337051829,0.19777593080883357
5106240,-0.22774088983723245,-0.3808621003438726,-0.23274072058963913,0.5348945866576722,0.3382212817111446,0.14511319805740694
5106257,-0.8175277293933171,-1.367191145729826,-0.787822435468377,0.42997661372609447,0.09298839751270577,0.21088447526656817
5106265,-0.4768618309985119,-0.7974790941482744,-0.47182813690111103,0.5074833396619862,0.193789453918781,0.19607149961787
5106273,-0.45805725408833464,-0.7660312910629055,-0.4136629630706514,0.3515773923576863,0.2798731925925386,0.3147548282195827
5106281,-1.0665976729469215,-1.7837228537694032,-1.062560249421272,0.35394867804718405,0.0808521440616084,0.16204127853768094
5106299,-0.6406033869501442,-1.0713120143493131,-0.6041996475362328,0.3796175181086934,0.19294179968378575,0.27125944301897387
5106307,-0.8770949630180146,-1.4668083103338234,-0.8505691142329106,0.33936761157745776,0.16518262448116613,0.20543760166902358
5106315,-0.7347491888240426,-1.2287565903579425,-0.7222555226645715,0.38869138577030976,0.2318627878927698,0.15460428197016393
5106372,-0.6293745290095459,-1.0525334523494203,-0.6373064499088886,0.499079472623244,0.19278962668684332,0.12125570712897299
5106422,-0.5878943327279289,-0.9831641147228577,-0.6098641392773394,0.5304437285220639,0.1490503284151846,0.1491324519931215
5106455,-0.5106536174385377,-0.8539907322959872,-0.5145100861973441,0.5275995562605621,0.16681311477876595,0.17959872095760235
5106505,-0.03621142067913519,-0.06055810946443494,-0.07721621933134029,0.6821902024296781,0.2907784312367672,0.12674917136772432
5106653,-0.4615848029455841,-0.7719305815583359,-0.48696093017873626,0.5565835413335994,0.1322600220195901,0.20292296301137613
5106703,-0.695505674747583,-1.1631277645167992,-0.7089314642297961,0.486043099846376,0.2259082967307271,0.06294700393473397
5106752,-0.4794878578234854,-0.8018707257645098,-0.4252004561500373,0.3738863288774259,0.16810828163558425,0.39846343084884844
5106778,-0.6837545494184489,-1.1434757895137297,-0.6650521140211867,0.3967831084910345,0.22802622140397463,0.17765173846487511
5106802,-0.3717580688611549,-0.6217089914219426,-0.2884224046006453,0.31775506496121425,0.2625906350337781,0.4369953189022049
5106828,-0.1864680263756138,-0.3118394954158221,-0.1824330631196175,0.5378319743029315,0.3583075622324306,0.14706312544136824
5106851,0.15089820652077984,0.2523543660284405,0.12900418423659732,0.6973692237799091,0.2678910547372129,0.24366896227194976
5107008,-0.4141371433103679,-0.6925815664649766,-0.43211830364340886,0.5459019872564764,0.2008534545163929,0.17492363224820415
5107040,-0.4249385316252323,-0.7106452503434808,-0.391224909429916,0.3752369484911944,0.23104738290974455,0.35163435567179074
5107065,-0.5280985294932101,-0.8831647021096877,-0.493409646562573,0.40428733666784605,0.15868010934797802,0.3286927216891253
5107107,-0.23734103994049094,-0.39691689548653086,-0.222448799264123,0.5206335894634014,0.40800176162992857,0.09150667189244756
5107156,-0.8692666315735358,-1.4537166131938717,-0.8830843999633521,0.4956771881620978,0.12379852687525124,0.061896749707651556
5107180,-1.0590967798992317,-1.771178747690606,-1.02980400802114,0.30347917485707326,0.17003205330531065,0.13927413391233198
5107198,-0.27123955149839796,-0.453607015208566,-0.2883670744916094,0.541207460726505,0.35999472238706987,0.09256833218422089
5107206,-0.3553842945786586,-0.5943263370894464,-0.32213968379859015,0.47003823417664164,0.35729815051816055,0.14790199320418973
5107248,-0.9307047717950915,-1.5564625853498897,-0.9214954958177953,0.3803594870870464,0.11384630382902598,0.1752910039134368
5107263,-0.7382394172999573,-1.234593468175391,-0.7441295082531726,0.47754920441635185,0.1926562450332102,0.0853644928539044
5107297,-0.4392543531386451,-0.7345862907672853,-0.44154074135490823,0.5276357640936683,0.23463882314934068,0.15334283667248214
5107305,-0.8094627121889978,-1.3537036275509788,-0.7663874677002737,0.3852231511042783,0.18120356147009598,0.18034515261720427
5107354,-0.9841266551576678,-1.6458025836099206,-0.9738954565515717,0.3606992718077599,0.18184535577945019,0.0977892030888378
5107404,-0.23628609577789733,-0.3951526613615212,-0.2064865127047223,0.5221923322413441,0.23681991338764885,0.2859692191140814
5107578,-0.12592037072112605,-0.21058272365231892,-0.14331948815214554,0.5826315657300158,0.30754394842895183,0.18502019693274274
5107602,-0.3703650147005577,-0.6193793196011421,-0.38143011716237346,0.5305454602186795,0.29439340902010985,0.1183000949850797
5107701,-0.3458936899520715,-0.578454740143467,-0.3686075678400169,0.5678620356379542,0.2731282647554117,0.11040848700996299
5107743,-0.7470270180183322,-1.2492893976985238,-0.7050404573871636,0.3170957196606206,0.24600736044968877,0.2277680446635336
5107750,-0.9884073271692339,-1.6529613583665024,-0.9778732182869495,0.4054512146319524,0.11533657569630944,0.11334765186677721
5107768,-0.6312255282480078,-1.0556289678635615,-0.5754664560438235,0.34853117177094955,0.2531512755232736,0.2509086713448672
5107776,-0.17604115522210545,-0.29440213469250903,-0.19749665082073914,0.576777825944578,0.27605158017134757,0.18649889405808087
5107792,-0.8493202760095514,-1.4203593584657714,-0.8440578587926798,0.39206876511075417,0.14042162134318611,0.17932153037842538
5107800,0.12172704912027188,0.20357002921057848,0.10284671221907289,0.6693322189534309,0.31236248447717313,0.2145955476705921
5107859,-0.808995481698487,-1.352922255413161,-0.8169326077073215,0.436690539625942,0.17540775678843054,0.10699597392083611
5107875,-0.6291880232498086,-1.0522215497506795,-0.624751087169219,0.44610927489993984,0.2646815164239326,0.10880930053518435
5107883,-0.8171972213630089,-1.3666384211721339,-0.7931292384108202,0.33482067583257086,0.2506693516010558,0.15697460373960895
5107909,-0.8268323975247119,-1.3827517920856847,-0.7941161403572865,0.3795264662015611,0.21424700036577227,0.13253787376116735
5107925,-0.38230555315872694,-0.6393480593371876,-0.3886790278603018,0.453929306835039,0.3652913788557612,0.12771055455883107
5107941,-0.43975338126061314,-0.7354208396214645,-0.3735907918104646,0.35859865500659605,0.27667569310687723,0.32683588199418195
5107958,-1.1550576461541124,-1.9316587436139219,-1.1537958621333833,0.35466126940742426,0.1544617561407622,0.03235695146171242
5108006,-0.6779190773466799,-1.1337168474487347,-0.6376546504370701,0.4000852748945167,0.15187858637377408,0.2667073550904265
5108055,-0.2500945140540505,-0.4182451468209445,-0.26625417217016767,0.5687561550135353,0.24962099569777849,0.18802494437797612
5108105,-0.7641821218481635,-1.2779787072068711,-0.7707242709936404,0.4725393023381847,0.1573608405783331,0.11584802883723555
5108204,-0.7437070442221928,-1.2437372450131279,-0.7583963361582481,0.5145471461728671,0.12398503947149564,0.10815126264267975
5108303,-0.7765322066731358,-1.2986323511318847,-0.781577074229289,0.4490669967217307,0.14790784129187384,0.1385177679478514
5108352,-0.8833331378970739,-1.4772407117723574,-0.8470277728455654,0.37232477644260253,0.13559511968702342,0.19930641888495051
5108402,-0.13705166889095738,-0.22919813173097292,-0.14971851933965546,0.6064925930315374,0.2814516032387067,0.1770579642473957
5108501,-0.7319165271556944,-1.224019393303247,-0.7233139100110535,0.4204378876449349,0.21220799815265776,0.1370639884300047
5108600,-0.6729672459856001,-1.1254356604643623,-0.6445820800088613,0.38584215982101294,0.1919433241325339,0.23549594349148675
5108808,-0.17424926176396596,-0.29140546463230504,-0.15130417469930998,0.5129997976367098,0.3405155323025159,0.20898943034730724
5108857,-0.5944326186302601,-0.9940984063346555,-0.5820503880795947,0.4450216947685721,0.2961813431878301,0.09596204247701101
5108907,-0.9449820309787655,-1.5803391361253534,-0.9362694571716376,0.41572907410109394,0.12123619222008104,0.12252059710900666
5108956,-0.5523939481018073,-0.9237951052253391,-0.5324407275490612,0.4461012054162608,0.1700385255588881,0.2589259712312904
5200050,-0.7701852499876356,-1.2880180286193186,-0.7723484294368551,0.46669998297316706,0.12324716089151172,0.15114661708230157
5200100,-0.9623930619791202,-1.6094564450139184,-0.9497290475101815,0.39858994657291413,0.12781911379167119,0.12359792029586329
5200134,-1.0538307019682356,-1.7623720309749247,-1.077800036978924,0.47334312671450757,0.05888943907904253,0.04716805027306373
5200159,-0.844684106055533,-1.4126060673132665,-0.8639224373187313,0.504602330103277,0.0923915741812335,0.09303491026987809
5200175,-1.1651346511745064,-1.9485110062883408,-1.1745571568118347,0.41294746915443953,0.04432936408643185,0.0718596438336035
5200209,-1.0144932979921342,-1.6965861885154474,-1.042043307168509,0.5156307106431055,0.03050944756267486,0.04993006090531521
5200258,-0.2828189381542743,-0.47297178332553796,-0.31136160546746205,0.6569921715778714,0.14474292417899717,0.1712739316869306
5200308,-1.0695775759916477,-1.7887062896962878,-1.0575423115595928,0.3804656013246676,0.13368086965447018,0.08153499222500109
5200506,-0.8921873842315314,-1.4920480959812874,-0.9250774799075747,0.5167995118717124,0.06154928351320579,0.08072294455354294
5200555,-0.8368169278469655,-1.3994494048516593,-0.8571501849544827,0.46830869180383283,0.17913712636430876,0.05288642279124803
5200605,-0.6808671414191485,-1.1386470375230389,-0.6917884482907044,0.5112048572031272,0.1676394842820106,0.10230619216247257
5200803,-0.8791291774918462,-1.4702102255437233,-0.8808761684690412,0.4354831618251908,0.1084516596982228,0.1471940495402459
5200829,-0.30043766803672595,-0.5024364370959601,-0.32953982096308915,0.5883561346879397,0.29128312212209134,0.08711012945510516
5200852,-0.7363140067599577,-1.2313735110442292,-0.7537174452079654,0.5011073264994425,0.149306689460752,0.09919156005973738
5200902,-0.586688839181111,-0.9811481095842102,-0.6000646721442869,0.4877406794049564,0.13191126798154407,0.21893585755029962
5201108,-0.19733299314027203,-0.3300095046096546,-0.14201073768785782,0.3925764047845508,0.42680997838068313,0.2610357144148931
5201207,-0.7812372089688004,-1.3065007539370652,-0.817869603445075,0.5253759698953854,0.167753109749858,0.023405005693886188
5201306,-0.5506954316783294,-0.920954594094568,-0.5497962418694526,0.5282622788240211,0.13413278483895322,0.1941663636543273
5201405,-0.6374795897875172,-1.0660879373324161,-0.663241544822261,0.5596403055027518,0.09965741963733321,0.13443351279121799
5201454,-0.596360010994939,-0.9973216777670406,-0.637899151741107,0.5770412852797254,0.152620813811163,0.07833463053607069
5201504,-0.8176024362329927,-1.3673160815895622,-0.8428493249136018,0.4552433531687048,0.07516317824909619,0.18577862961222832
5201603,-0.5599752400018243,-0.9364736661918135,-0.5697340910379841,0.47885643942134637,0.2893696861701205,0.08251699800696852
5201702,0.15926928587418546,0.26635372673596186,0.17197955874886375,0.5866600653683893,0.41493907990016665,0.23257914525901002
5201801,-0.532800844545679,-0.8910286109081554,-0.5491273343459633,0.5270415921460615,0.20326766860031784,0.12723457590701137
5202155,-1.0042711213769338,-1.679491148364626,-1.0378157869500875,0.5097319856032251,0.044850741738336745,0.04601192682715469
5202353,-0.5057506105764127,-0.8457911968816663,-0.5508776030724553,0.6143411895850109,0.1744392392451044,0.06341357788085294
5202502,-0.8932979436754258,-1.4939053382299703,-0.9351665656699368,0.5616735409730147,0.04515622825762582,0.04117624332429356
5202601,-0.21863698844810248,-0.3656372059172913,-0.243638975630622,0.6323644406554636,0.21444118176535917,0.16643515441691828
5202809,-0.9442060571878581,-1.5790414376399033,-0.9489533408434787,0.41569706925516225,0.18379070192985905,0.05222928775503292
5203104,0.5098552671039291,0.8526556124346989,0.4947101604868269,0.6723009096679409,0.45903156599837963,0.2745541632353276
5203203,-0.6223141154421856,-1.0407259814008212,-0.6541513681194658,0.5623543126366778,0.11837078197131645,0.11539859924894892
5203302,-0.8303053935727364,-1.38855985128086,-0.8266852808023099,0.42558776687029415,0.11753228121832311,0.17466269039148263
5203401,-0.5685053969955352,-0.9507390601279205,-0.6121449898531214,0.5929542825972764,0.14798003434473594,0.08055959663608836
5203500,-0.5290098695368909,-0.8846887801240125,-0.543690833389198,0.48196227580467244,0.23438762357031082,0.1496003543686468
5203559,-0.7947079159709641,-1.329028468506143,-0.8055789422801702,0.49893234202503106,0.056772620719240934,0.16557435266617482
5203575,-0.1509858124954392,-0.2525008737352262,-0.18153645303540072,0.6456813565252092,0.24915617259353917,0.15238325010901732
5203609,-0.6487042296693083,-1.084859445268641,-0.6724144345863525,0.5328220045804785,0.15167382463623263,0.10774235795678304
5203807,-1.0024389175354351,-1.6764270653015012,-1.032278287652444,0.5107336725757375,0.045435528179702665,0.04388550000578525
5203906,-1.1050068349280737,-1.8479563522643148,-1.1185085851493932,0.4171405515103463,0.08586805530325414,0.0598312593583599
5203939,-0.6642334730889661,-1.1108297498098645,-0.6893436740602041,0.5432207259958982,0.15406747990546166,0.08219206979262307
5203962,-0.9920016278872239,-1.6589722812258079,-0.9820410469832801,0.3860685501698733,0.1704310368811269,0.0803606224800556
5204003,-0.46272035730989286,-0.773829624020822,-0.4787444537773904,0.5472461973563228,0.21005745850099208,0.13508602547848747
5204102,-0.4707612813752105,-0.7872768500785197,-0.4915380241154346,0.5194855930983987,0.17249075542909242,0.20541651742645928
5204201,-1.0884004745232492,-1.820184732914934,-1.102926051895282,0.4722174158349712,0.03929302350331214,0.0559280358279887
5204250,-0.6487871852992472,-1.0849981759791274,-0.6826089028204586,0.5357367736414236,0.20869624351323401,0.041650751107349844
5204300,-0.846133486853506,-1.4150299368928954,-0.8319711803024088,0.40698712687279226,0.08135871396823258,0.22644379856453445
5204409,-0.4264768102663881,-0.7132177880840835,-0.4475478526643444,0.5238783665273661,0.3097067430152502,0.07750749062016025
5204508,-0.9648070495269511,-1.6134934730958228,-0.970969239106461,0.4486577733392389,0.06966620126334629,0.11844315912880254
5204557,-0.5093203913843705,-0.8517611139099951,-0.511335105851044,0.4981468500934514,0.15069874746679965,0.2331548828639128
5204607,-0.41517450564493596,-0.6943163976489751,-0.41083703430147817,0.4880606789765503,0.305939174765663,0.14283143008715068
5204656,-0.0686558714548705,-0.11481653304300904,-0.07732050717397564,0.6536936961969609,0.09881878260805177,0.3505304000770231
5204706,-0.7368539694399143,-1.2322765167387384,-0.773185560246555,0.5379713351683035,0.11210791692681554,0.08576038008799125
5204805,-0.8214090111567178,-1.3736820008656414,-0.8496427800788209,0.4824672085609585,0.16142486590527996,0.05843167078139135
5204854,-0.6877001146969302,-1.1500741490796391,-0.6860218539563945,0.46403556936742896,0.19556969988473769,0.12763667582280366
5204904,-0.6670828603352246,-1.1155949178571074,-0.7203568293163498,0.6404670160284104,0.02966888335250351,0.0907414866152609
5204953,-0.12777315095291938,-0.21368121760771164,-0.1855640212032833,0.7166226878057941,0.18791602132668037,0.13759253902135296
5205000,-0.9076034297891735,-1.517829094265244,-0.9258601029638043,0.5011019040855301,0.0554466820259163,0.1047428759734798
5205059,-0.9134919797132537,-1.5276768009887391,-0.9641603705547818,0.5714361717847227,0.03678452474460269,0.02690277154077964
5205109,-0.8616371887102976,-1.4409575270437156,-0.9010830814668053,0.5361290619698138,0.11107562209119337,0.02367729750212674
5205208,-0.7290884946955333,-1.2192899378972046,-0.7640980484369445,0.5475182295420981,0.11285044556452435,0.08058952569815599
5205307,0.41283788351724443,0.6904087514994472,0.3716321883190793,0.7532029284368948,0.3246026222512121,0.2598960395162459
5205406,-0.25387581696264955,-0.42456880248433776,-0.21267204471420198,0.45544184865532067,0.22980372163970997,0.3584158264061919
5205455,-0.5809159274671528,-0.9714937902301,-0.5969002038973791,0.5416578301069879,0.17462805317185218,0.11503386522579388
5205471,-0.8608817470243175,-1.4396941653899724,-0.8776799662135464,0.46886463769420744,0.08582101112770545,0.1329036036274758
5205497,-0.19199338603351224,-0.3210798214985318,-0.20302771843648917,0.6456549036002476,0.15897021022795385,0.2256659656684914
5205513,-0.4951546628995053,-0.8280710813141678,-0.4929217197661212,0.4985333650369272,0.21425612611877265,0.17442896989346768
5205521,-0.3709493603513533,-0.6203565490835063,-0.44310407049916184,0.6918006930779023,0.10570169026639564,0.10940481363878424
5205703,-1.0865311635635995,-1.8170585938241595,-1.0911788939260114,0.4138428218327635,0.05568785073100955,0.1037530747166242
5205802,-1.1194774650861652,-1.8721562866689314,-1.1103280058183498,0.38005802760122465,0.10481587447281966,0.0827351666565045
5205901,-0.8246541062638828,-1.3791089302994106,-0.8573772223586519,0.5226418825510217,0.14227288702524235,0.03003010234990346
5206206,-1.1063985282081805,-1.8502837482188785,-1.1152374312572566,0.3696185006960479,0.07949129708207248,0.11977871924477528
5206305,-1.0526571519419257,-1.7604094465299513,-1.0561195087043838,0.38816531649755953,0.15197828162834695,0.05625405449339568
5206404,-0.042276290172197875,-0.07070068392741441,-0.07850360996364539,0.6725221926173458,0.12258955997512744,0.3112642762314475
5206503,-0.7538868399219599,-1.2607614095101394,-0.7758577560714133,0.49084150917830655,0.1793719877821279,0.0701936450941336
5206602,-0.7013984596720456,-1.1729825536361778,-0.7471343097717945,0.5755363132825888,0.14214787585689417,0.032120387822881485
5206701,-0.5753222261549846,-0.9621391730949369,-0.5679738898347533,0.3846605566929007,0.4323360632630584,0.04329106613808172
5206800,-1.0330635041023781,-1.7276420419812917,-1.050642744417456,0.46544499724297367,0.042959035703852504,0.0854598242260467
5206909,-0.354820078937829,-0.5933827719959456,-0.38907932976039106,0.560602804551502,0.2744190313862796,0.10861112653936256
5207105,-0.3049437477899258,-0.5099721721163478,-0.3127480738220717,0.5643132637836527,0.10185055660665333,0.32197028884394197
5207253,-0.269322781740657,-0.45040150847531935,-0.2930398595489986,0.5591713884388565,0.32340218445917074,0.1079478621115156
5207352,-0.7738073499002878,-1.294075441415826,-0.8026381645815485,0.5210074850376953,0.13505898672749225,0.06792722988773241
5207402,-0.7813613463056109,-1.306708354806907,-0.7838157543460549,0.4569806217355737,0.18223952193534676,0.09855954160857389
5207501,-0.861445141406764,-1.440636357053375,-0.9027002266543922,0.5465818109014551,0.060418807683538155,0.05970859289117462
5207535,-0.4948241181271227,-0.8275182953109282,-0.5378508070069197,0.6159204857705027,0.14512556586963168,0.09969418478547908
5207600,-0.6349732781257046,-1.0618965111712357,-0.6563678742589066,0.5480526629725229,0.14997327207079433,0.09878896714273983
5207808,-0.68532054070013,-1.1460946724428671,-0.692927327541874,0.47326636764232743,0.2134994748911773,0.0968316015478018
5207907,-0.37882841196966077,-0.6335330680222488,-0.39333760985979865,0.5862345307704958,0.17619601735065407,0.1712009226606436
5208004,-0.7439804816155685,-1.244194527585564,-0.7506184701185667,0.49399042134001975,0.10299022188018081,0.15292145904370372
5208103,-0.3463754711337479,-0.5792604461055828,-0.38194101045908874,0.5809020412265719,0.2393508822835264,0.1258241544022063
5208152,-0.7283947271022977,-1.2181297168104288,-0.7484828907830139,0.4755569129704414,0.11601573912706399,0.16818740462526607
5208301,-0.5965978908365327,-0.9977194957265806,-0.6494670230737943,0.5951778255665724,0.10325731828043255,0.10737296442120188
5208400,-1.0189611070220383,-1.7040579215550467,-1.023727703776984,0.4304326919532486,0.0744575921863548,0.10801296014981639
5208509,-0.41113313516241073,-0.6875578184085833,-0.4465847951218028,0.5426745972464647,0.18268521523777995,0.19559525986025703
5208608,-0.4534478408773082,-0.7583227465052768,-0.461420454139029,0.5411189897818085,0.14079377633252885,0.222954794166592
5208707,-0.6897183342010227,-1.153449315128358,-0.666473853608029,0.41794259276815815,0.17586501362389761,0.20613014224528106
5208806,-0.44526626657021595,-0.7446403042484396,-0.45295865061994905,0.5461172796762854,0.1386468646478108,0.2265620428988072
5208905,-0.4889716159710765,-0.817730873012667,-0.5086672452037897,0.5537499439477261,0.1744039483143908,0.14973325575962024
5209101,-1.065743219796615,-1.782293910457099,-1.0750406067700036,0.42243714246035774,0.09844691211551515,0.058632751739293144
5209150,-0.47279754897268517,-0.7906821988263473,-0.49637554681825474,0.5496808347818165,0.24734081919541437,0.08463145449378878
5209200,-0.6824301949882684,-1.1412610075734346,-0.6980848648353412,0.5214771419548048,0.12500277227212322,0.13501003347561416
5209291,-0.5642540556298767,-0.9436293364284974,-0.5931156385600092,0.5639579261423961,0.18585495859024012,0.08078907156141579
5209408,-0.3933301269108745,-0.6577849870124934,-0.404216644854495,0.5507730919285024,0.10928789578429121,0.2827084051910451
5209457,-0.5738524708340869,-0.9596812302156025,-0.6094451307298052,0.5770483782096898,0.13843623738347519,0.10631804452008055
5209606,-0.8500684998711524,-1.4216106494028553,-0.8773484210377303,0.5255518829267385,0.06346805308080158,0.09419172837013486
5209705,-0.6541319330367482,-1.0939364560155656,-0.6470817371938412,0.47624152863636837,0.08707849564721033,0.24708962434903167
5209804,-0.7850227175291895,-1.3128314429152717,-0.82450042486799,0.5527141128791008,0.09433382020422469,0.06517925769733092
5209903,-0.5547689806115963,-0.9277669869138216,-0.5794755019723551,0.5470864409870381,0.06912493031065332,0.23353993494411843
5209937,-0.9213678153415029,-1.5408479416718284,-0.9671047662537107,0.5412514301138698,0.03835840603434302,0.05648209248355319
5209952,-0.320247225655921,-0.535564918007411,-0.367825836586126,0.6378768788884027,0.2125067683228975,0.09823512929990103
5210000,-0.8849787000455719,-1.4799926649089734,-0.8993323589379872,0.47456524036083403,0.10639983337270353,0.09211988297350122
5210109,-0.7481628361221787,-1.2511888812253897,-0.7752176918621009,0.45542147052526794,0.13507646211994556,0.1580018543075257
5210158,-0.3727191547042315,-0.6233162617415875,-0.3966751587814444,0.5636732827189114,0.16181024555854764,0.2147361306120069
5210208,-0.2355379866680639,-0.3939015623293659,-0.23267116947949798,0.5248775049914568,0.2676265439661275,0.23722681168298232
5210307,-0.29883078928369056,-0.4997491760717479,-0.2862601533198408,0.5206580441335839,0.26619037305923143,0.2148321853059052
5210406,-0.5788374138731617,-0.9680177914598899,-0.610696192711291,0.5307942098079472,0.08373292265875033,0.2171479886139421
5210562,-0.14923116331306313,-0.24956648907797804,-0.1874838969939182,0.6323810535348212,0.2592055719031044,0.1524928864892522
5210604,-0.6196644760293465,-1.0362948613123335,-0.6562527131116536,0.6091750366505485,0.05720294283177604,0.1290935829922252
5210802,-0.8418000411894133,-1.4077829062058196,-0.8564522001042473,0.44623982619749253,0.15627000874927297,0.09837170891764924
5210901,-0.6205627649131414,-1.0377971132410153,-0.6452375577890386,0.563103752462763,0.08215854384651747,0.15887725289376153
5211008,-0.960380113062199,-1.6060900932229358,-0.978999423074813,0.47741762972859886,0.09273728680736766,0.06196596351307112
5211206,-0.39718746953955897,-0.6642358075759711,-0.40821184140591144,0.6094800491588379,0.12142867547908291,0.19539289022479897
5211305,-0.9539530563515298,-1.5953418155657961,-0.9333296747523298,0.42900696307918346,0.029864021964282783,0.2001513550151347
5211404,-0.5067079599182869,-0.8473922184697071,-0.5158808065735503,0.5068941539027031,0.1218182258960037,0.25359819443865655
5211503,-0.8622662445738578,-1.442009527576428,-0.8481822319167781,0.42659862405248866,0.10676706766757948,0.1714476010090388
5211602,-0.632148693533833,-1.057172821802023,-0.6693821177195209,0.5899873908296774,0.11263118370072146,0.08629519213778221
5211701,-0.5704643239314362,-0.9540150683483183,-0.5954383830699803,0.5239215906013772,0.24065386501750077,0.06889746393534202
5211800,-0.5978690266080361,-0.9998452775310822,-0.5449792783730127,0.4570066288428065,0.05629944568465217,0.3489010245958879
5211909,-0.9088399259627302,-1.5198969465954273,-0.9294652382343559,0.48146464245812437,0.08328859855785388,0.09142410507489056
5212006,-0.25274192743692525,-0.42267254421190403,-0.2879299060741755,0.6365108442791917,0.24247209971083142,0.11036023004872349
5212055,-0.9969185480806593,-1.6671950845767274,-1.0060474150798207,0.44496200167986766,0.10436491483433652,0.062128143376679705
5212105,-0.8338441682296945,-1.3944779152238613,-0.8397660188930014,0.454328520764975,0.1323788454208535,0.12265503527271458
5212204,-0.9621913516497711,-1.6091191150783417,-0.9718395990804287,0.47057569282111733,0.09418549043524398,0.07169555389888843
5212253,-0.8617444897233186,-1.441136971715322,-0.8186430412478585,0.42481751710341964,0.0467892129851623,0.24793757786310558
5212303,-0.46422725308830937,-0.7763496786828425,-0.462260820710554,0.4896331261434748,0.1970689598460694,0.2220232114680479
5212501,-0.6083562590755233,-1.0173835833979659,-0.6064485989570977,0.5040932987318265,0.12267098022645696,0.20212574346810977
5212600,-0.867600393676126,-1.450930083002769,-0.8569439029433344,0.3769766876515716,0.17169056836955557,0.15752393286161792
5212709,-0.8068279110944753,-1.3492973222995792,-0.7825571980988347,0.3529113422035763,0.31280079031865576,0.08052491145190603
5212808,-0.5380977187030684,-0.8998868296420962,-0.5810236441376191,0.5792032475623764,0.2011486370438389,0.05846342118031303
5212907,-0.9621813418362095,-1.6091023751831923,-0.9939342988966318,0.5138566415474611,0.05413315885119511,0.05529185891128591
5212956,-0.9463771434629037,-1.5826722501801223,-0.9605410715194955,0.47682561968079584,0.09187913935465664,0.07130076466520768
5213004,-0.7777949503433299,-1.3007440984196457,-0.8197782667535481,0.5873763224255505,0.04286720077291028,0.0776251979874374
5213053,-0.9493322791962042,-1.5876142665347193,-0.9868351652676056,0.5399855349716322,0.05847226482457296,0.02756837917495471
5213087,0.14855099441150316,0.2484290097407286,0.11476541140311863,0.6500666464150054,0.20644222069575732,0.3489687439901741
5213103,-0.4966999171429355,-0.8306552846916936,-0.5058735695858859,0.4987083036059749,0.10045076541313396,0.29045355454544336
5213400,-0.85043038666615,-1.4222158501857627,-0.8403361727028593,0.4182951507270687,0.1609591872273687,0.13133522954435545
5213509,-0.6228350072423915,-1.04159709394113,-0.6762365428340396,0.6354819223832061,0.06421022825352585,0.08617361954187734
5213707,-0.7163070088635747,-1.197914841211869,-0.7552675223066464,0.5729053661752358,0.09698488530338019,0.07350761480486964
5213756,-0.5915392191611517,-0.9892596345193435,-0.5469607179955426,0.3485508958327923,0.24344011487266992,0.28427526994206354
5213772,-0.5100818618102262,-0.8530345577168953,-0.5383732541785985,0.5985273585255843,0.1727999286110741,0.08538848409905712
5213806,-0.46854646619321844,-0.7835729075731142,-0.4363635193145167,0.5086836926826432,0.07718962446601817,0.33421771386037014
5213855,-1.1239922031286202,-1.879706501365031,-1.1537244401058457,0.4751948150422561,0.03208394679886104,0.028410623418101435
5213905,-0.3772788413590222,-0.6309416461751631,-0.39631507589859705,0.5744628744677472,0.18603116953908005,0.17810343355500458
5214002,-0.9018247336697921,-1.508165101370294,-0.9365487411541511,0.5238052459762625,0.08641167303339503,0.04191087086722536
5214051,-0.6711401593213375,-1.122380135104122,-0.7040647203425856,0.5880693584653974,0.10578738744297256,0.07635723444225599
5214101,-0.9464770977981153,-1.5828394086472486,-0.9818807168703175,0.5222928038417057,0.035990844303160796,0.0672223031876472
5214408,-0.573496416482312,-0.9590857833094695,-0.5841558584979547,0.47434100612553703,0.2874059315497224,0.08221127644290764
5214507,-0.862859225301982,-1.4430011979160768,-0.887230050363204,0.5072642344625952,0.08785158856313331,0.08251208214574486
5214606,-0.5212897063177411,-0.8717779779367357,-0.5677159158039686,0.6134239853847243,0.1182887810711755,0.11099720839718465
5214705,-0.9070796934726616,-1.5169532247027966,-0.9227741102190817,0.46108312935824625,0.14786583818123608,0.05466520431420573
5214804,-0.6726775176189211,-1.1249511337096745,-0.6885491283898939,0.4932257214572973,0.21697573479383747,0.07764150412818455
5214838,-0.7444886526528337,-1.245044366579014,-0.784404846250311,0.5700278275259584,0.06839731240526441,0.09060264092656423
5214861,-0.57894942468058,-0.9682051125483647,-0.6148430643153586,0.6040051830695279,0.08779421906593256,0.1263174990338343
5214879,-0.8103027579373855,-1.35510847666852,-0.8541210103501186,0.5406894149296144,0.1078867854720964,0.04094032221965377
5214903,-0.8532191148753496,-1.4268795751927348,-0.8886484406485015,0.548502990722045,0.03748475850355803,0.0902326296254952
5215009,-0.6352320493839414,-1.0623292668568358,-0.6475476861893982,0.495752476579242,0.18872133635303798,0.1242394698688714
5215207,-0.959339396642412,-1.6043496528400703,-0.9943550028871024,0.522133858677086,0.05214520363013317,0.04663981043444495
5215231,-0.488020884574109,-0.8161409189338422,-0.5125470107524073,0.6121571827287903,0.100826526786373,0.15790482314082224
5215256,-0.43947354129580324,-0.734952849719283,-0.493924980029819,0.6323577939726777,0.13261983569305555,0.11824139620956099
5215306,-0.7409110964247301,-1.239061446339668,-0.7370069631140724,0.42078898746646315,0.10033849781867943,0.24742689834613318
5215405,-0.8406881757214147,-1.4059234798298867,-0.8086023063973161,0.374222897604541,0.18647871738029123,0.1683105442784508
5215504,-0.7820413086494092,-1.3078454887076256,-0.8290171995834144,0.5798627472101141,0.07003608913410404,0.05571198979334671
5215603,-0.5016398419960649,-0.8389165598471935,-0.5147870659042715,0.5055410874173879,0.23334140107050017,0.14291308972169534
5215652,-0.5478320038714568,-0.9161659453390109,-0.5667707563297593,0.49701886280875124,0.28537477546267914,0.06867274616448044
5215702,-1.2105266773910113,-2.0244222862347665,-1.2047670837940399,0.3771861835947706,0.06575220976706458,0.07316858886099688
5215801,-0.9927378125409783,-1.660203438413567,-0.9988384068754915,0.4397570101336183,0.07575977526454415,0.10574374120244985
5215900,-0.9627014550003158,-1.6099721855727083,-0.9696166627928372,0.42079397549030945,0.16140628356478118,0.059517265433797394
5216007,-1.032861122247547,-1.7273035890211863,-1.0569697918503507,0.46490599900060164,0.07204067518091978,0.05320863822242742
5216304,-0.4041215466618471,-0.6758319999796653,-0.44239147599429013,0.5970580912417002,0.22789059676195675,0.084884163583269
5216403,-0.7257650307490582,-1.2137319484646687,-0.7506099072578957,0.5329392811304814,0.13603314827760005,0.0806543917402544
5216452,-0.22447552842621724,-0.375401278590388,-0.2330030930942545,0.574542174619057,0.20946908085574392,0.2378903701656909
5216809,-0.8666648184188975,-1.4493654752691623,-0.8524094515299764,0.4030309110424008,0.09243255425298454,0.20751996514414625
5216908,-0.6468816048244425,-1.0818113816246875,-0.6687753368953835,0.577630982143578,0.07559631564058007,0.13856091376747795
5217104,-0.5347367478736039,-0.8942661156358446,-0.5413751912224165,0.5133271057925243,0.16782893195681947,0.18148636676301802
5217203,-0.5704812382578103,-0.9540433549940467,-0.6067794996802706,0.6076359072867242,0.1318905116879638,0.08034375526785852
5217302,-0.7755710596033769,-1.2970249784198988,-0.7734199856496122,0.4550436992527118,0.11427199218167723,0.18041681651824737
5217401,-1.1582590749663024,-1.9370126477915315,-1.173831887284733,0.410904487569173,0.04617968163806735,0.07496402867881176
5217609,-0.5066717051859158,-0.8473315879280062,-0.5281388481094704,0.6185647473076391,0.08719081849284459,0.1539641054652315
5217708,-0.5936870319554216,-0.9928515256924908,-0.6263243010252487,0.5410080456204097,0.09474940235428903,0.18611353910033612
5218003,-0.21666172810971757,-0.36233388255827176,-0.25674221643672335,0.6313884370614398,0.2300142871720997,0.14696443957088615
5218052,-0.27437496162668823,-0.45885051314937736,-0.323465928116739,0.6152722442472168,0.2832899462672222,0.07228549706061581
5218102,-0.7549456442431537,-1.2625320991649978,-0.7870539448684145,0.5205242004637074,0.0609416954005689,0.15196375711530852
5218300,-0.8758844793239632,-1.4647839599307055,-0.8687991544163229,0.46418341524067014,0.03756896303438229,0.19241601879223855
5218391,-0.2523213519084795,-0.42196919542270955,-0.2563653283198778,0.5682911777177225,0.24155214822105853,0.20261200379859848
5218508,-0.7972940055563057,-1.3333533111457523,-0.8138215512283841,0.5009500257306556,0.13606766396468042,0.0765970107108968
5218607,-0.5245609408923655,-0.8772486216656655,-0.5255676221485122,0.4950150268880074,0.15497442228568328,0.2253076521689157
5218706,-1.0618421540313763,-1.7757699695785403,-1.069991916277914,0.42733983423943117,0.0638529671930335,0.09336095562635216
5218789,-0.8793591636007717,-1.470594842432495,-0.8675709205774675,0.42143208727453235,0.1261194615566317,0.14655418615981147
5218805,-0.980265670244099,-1.6393456718773425,-0.981662328969938,0.4124776199294016,0.0640400988414688,0.1598536233968405
5218904,-0.9366345472151838,-1.5663792354634374,-0.9346200695154186,0.44596029885613886,0.09021708285049485,0.11930327126684193
5219001,-0.8119796764938857,-1.3579128686421824,-0.8410868827212354,0.5475326914126005,0.06471634233138675,0.08498703841690651
5219100,-0.5153661056582539,-0.8618716541738706,-0.5290461160445129,0.49552545975033196,0.28608625531109794,0.09175185329258695
5219209,-1.146825461449377,-1.9178916631423162,-1.143595991027836,0.3939571805523791,0.061586334814390305,0.09275767445583123
5219258,-0.4324359528379935,-0.7231835503048789,-0.4468741198587727,0.5985569084068255,0.20998997033871714,0.09514688649511822
5219308,-0.992730047742152,-1.6601904529650962,-1.0346546389486326,0.528316371254404,0.03934919251999009,0.02912809911875282
5219357,-0.8872869232516178,-1.4838528181688708,-0.9081224151838422,0.47937240363861416,0.07602841769314779,0.11429702952106002
5219407,-1.1046319075438926,-1.8473293430736606,-1.1184380964018288,0.44133840762878757,0.03377606532143465,0.08784558051075286
5219456,-0.38515539361149964,-0.6441139853035949,-0.4230526701456532,0.6467430055665887,0.09478990553966275,0.1746916491328323
5219506,-0.6270194487112629,-1.0485949377088408,-0.6370139191098584,0.4979812798950576,0.16582903162173526,0.1491484958555803
5219605,-0.8392557052347155,-1.40352789018134,-0.8719368612903886,0.5210930455535622,0.09789877099245263,0.06523097288865544
5219704,-0.3945705428951568,-0.6598593946316589,-0.42475759009602626,0.6112222008756495,0.14521323584342596,0.16393700848562467
5219712,-0.927000076763703,-1.5502670447432092,-0.9724152729240283,0.5386830086626815,0.022652256625244057,0.07176724939970883
5219738,-0.4737409591412353,-0.7922599092609406,-0.5012594196772328,0.5986955084785787,0.11188205522183754,0.16765017660551962
5219753,-0.31948879937659785,-0.5342965650739283,-0.3340396146638689,0.571410961720177,0.09906467290574524,0.30526004993080275
5219803,-0.6995419908407812,-1.169877891057562,-0.74086900827697,0.5828819429140311,0.05988161549750948,0.10986321862540904
5219902,-1.0125698476737868,-1.6933695095577228,-1.0277602931639622,0.4489431781513447,0.05266856869637406,0.10528031189309267
5220009,-0.8219775486116793,-1.3746327935378555,-0.8361605101199273,0.48271419740455584,0.09957368989259748,0.12504576535078124
5220058,-0.9322462934818577,-1.5590405465924537,-0.9434855132204729,0.4799946359303217,0.05908518928800208,0.1123305029435906
5220108,-0.05381284113534929,-0.08999381584452543,0.020682221839426418,0.42588829874755296,0.25615348224906304,0.489864733753353
5220157,-0.8726695543839711,-1.4594074855260943,-0.9155655875315555,0.553833499945689,0.0509353287562316,0.05816271368281948
5220207,-0.675202062756754,-1.1291730525943118,-0.6484872650934169,0.4697654603908472,0.12560155695018912,0.21236091679284244
5220264,-0.6274677619183333,-1.0493446735589937,-0.6286939341804101,0.4786948407772418,0.10068359052771873,0.24448172440956406
5220280,-1.0506197848386731,-1.757002259025455,-1.068798348079737,0.4662012106665326,0.0415274062180778,0.07676108217903883
5220405,-0.4654811661151631,-0.7784466580588227,-0.520752742874308,0.6652689903607328,0.1016229331230546,0.09762603054494641
5220454,-0.20539165226746425,-0.3434863898687372,-0.20440631051944785,0.5819024155503053,0.11283754057183404,0.34786805230387613
5220504,-0.7921336214977122,-1.324723351402723,-0.8350430911886977,0.5354604798411144,0.0956873189893959,0.0750223094517473
5220603,-0.5477503580175955,-0.9160294050303812,-0.5655801727144003,0.4528392326303725,0.1415167099122616,0.2697037277147654
5220686,-0.7905010131439103,-1.321993061523236,-0.817432505678721,0.5182967325803217,0.13742003532301608,0.06344882430558377
5220702,-0.5155185744133973,-0.8621266350442899,-0.5086320675081222,0.503384790199311,0.22581702732437817,0.15067669732328262
5221007,-0.987699222685174,-1.6517771610040757,-1.009308754642061,0.4607342496244689,0.0799772220374268,0.07533076774736198
5221080,-0.22477778360448292,-0.3759067545377085,-0.22625282319303977,0.6127684683861926,0.18133829833324253,0.22611704288994305
5221197,-0.49085886677163587,-0.8208870137667074,-0.501197555282707,0.5576138115394348,0.12957975066023888,0.1938352536065114
5221304,-0.6725272509929434,-1.1246998355663222,-0.7103205190838577,0.5533546085121089,0.18164710512606785,0.03570972338110609
5221403,-0.29167255270220993,-0.4877781109673235,-0.2987885932858696,0.5225996593453673,0.3506754809343069,0.11838696692471591
5221452,-0.34004986823149735,-0.5686818345571064,-0.35751408375686233,0.5542541400502379,0.22104048984044292,0.18525260523828982
5221502,-0.6413033603717447,-1.072482613742888,-0.6431245948124574,0.46393468561654094,0.2708409671877599,0.07431899437862659
5221551,-0.776368874292709,-1.2983592024956956,-0.813003715487642,0.5248220154488449,0.05361737831637748,0.14252322083439517
5221577,-0.278866224788906,-0.46636146966834885,-0.3232977327053245,0.6956057082503403,0.09331356077657461,0.17850132758663384
5221601,-0.5364327817484166,-0.8971024750804625,-0.5831232880729933,0.5800571836133711,0.07037273465938214,0.1902883760112087
5221700,-0.8816640971121065,-1.4744494941768846,-0.903869979531851,0.5095257188026425,0.0549342164848636,0.10652188883679348
5221809,-1.041515229805885,-1.7417762714789833,-1.073880407379339,0.48553960938916335,0.0447300723893121,0.04919227908245335
5221858,-0.11208079601560947,-0.18743813378979504,-0.13015289809161498,0.6326588875848739,0.19557369435072672,0.2459910113853181
5221908,-0.8891324008288027,-1.4869390995419107,-0.8827460894700669,0.3700052475126238,0.1881764451339197,0.1364043793967794
5222005,-1.1937446111188184,-1.996356825468781,-1.1858912738819005,0.32383359387148514,0.09039921121191415,0.12062638323478288
5222054,-1.0763297946468156,-1.7999983513933608,-1.1125809092070214,0.5054162672331899,0.025657060329900994,0.026003909543748958
5222203,-0.32276941892937344,-0.5397829037555427,-0.3332850345592099,0.6095319696576077,0.15428461556475678,0.2038246145530396
5222302,-0.2926574763742855,-0.4894252464408575,-0.30646146474995317,0.5756351006598585,0.15243512053799924,0.26210184771847617
