year,state,municipality_id,pct_mayor_R,pct_mayor_C,pct_mayor_L,pct_mayor_IDK,treated_bvr_2016,gdp_pc,log_gdp_pc,gdp_split,gdp_median_cutoff,baseline_gdp_year,treat_bvr2016_x_2016
2012,RO,1100015,0.0,1.0,0.0,0.0,0,13670.239727450247,9.522976466319916,above_or_equal_median,12884.130129618063,2012,0
2016,RO,1100015,0.7242058979607308,0.2757941020392692,0.0,0.0,0,13670.239727450247,9.522976466319916,above_or_equal_median,12884.130129618063,2012,0
2012,RO,1100080,0.448649473523577,0.0,0.551350526476423,0.0,0,9341.065830721003,9.142175639350532,below_median,12884.130129618063,2012,0
2016,RO,1100080,0.6373001230012301,0.36269987699877,0.0,0.0,0,9341.065830721003,9.142175639350532,below_median,12884.130129618063,2012,0
2012,RO,1100114,0.16386731051858072,0.34530058086640075,0.4908321086150185,0.0,0,19413.966966096785,9.873748032720131,above_or_equal_median,12884.130129618063,2012,0
2016,RO,1100114,0.2193979447329242,0.7806020552670758,0.0,0.0,0,19413.966966096785,9.873748032720131,above_or_equal_median,12884.130129618063,2012,0
2012,RO,1100122,0.0,1.0,0.0,0.0,1,19634.937167632015,9.885065766988248,above_or_equal_median,12884.130129618063,2012,0
2016,RO,1100122,0.34703688221486223,0.6529631177851378,0.0,0.0,1,19634.937167632015,9.885065766988248,above_or_equal_median,12884.130129618063,2012,1
2012,RO,1100148,0.0,1.0,0.0,0.0,0,10858.2776129908,9.292682981737629,below_median,12884.130129618063,2012,0
2016,RO,1100148,0.7395952653684612,0.26040473463153874,0.0,0.0,0,10858.2776129908,9.292682981737629,below_median,12884.130129618063,2012,0
2012,RO,1100155,0.7541107899350803,0.0,0.24588921006491968,0.0,0,14086.494850861747,9.552971805375618,above_or_equal_median,12884.130129618063,2012,0
2016,RO,1100155,1.0,0.0,0.0,0.0,0,14086.494850861747,9.552971805375618,above_or_equal_median,12884.130129618063,2012,0
2012,RO,1100320,0.0904156064461408,0.3734520780322307,0.5361323155216285,0.0,0,15229.306334655903,9.630976898867447,above_or_equal_median,12884.130129618063,2012,0
2016,RO,1100320,0.6356228172293364,0.0,0.36437718277066355,0.0,0,15229.306334655903,9.630976898867447,above_or_equal_median,12884.130129618063,2012,0
2012,RO,1100346,0.7694713794182045,0.23052862058179543,0.0,0.0,0,11242.80663252865,9.32748379268063,below_median,12884.130129618063,2012,0
2016,RO,1100346,0.3877068557919622,0.6122931442080378,0.0,0.0,0,11242.80663252865,9.32748379268063,below_median,12884.130129618063,2012,0
2012,RO,1101005,0.48210170533108004,0.51789829466892,0.0,0.0,0,11826.195219123507,9.37807228386532,below_median,12884.130129618063,2012,0
2016,RO,1101005,0.17817633255112303,0.8218236674488769,0.0,0.0,0,11826.195219123507,9.37807228386532,below_median,12884.130129618063,2012,0
2012,RO,1101302,0.0,1.0,0.0,0.0,0,11178.504193051514,9.3217479446499,below_median,12884.130129618063,2012,0
2016,RO,1101302,0.09021177255294313,0.9097882274470569,0.0,0.0,0,11178.504193051514,9.3217479446499,below_median,12884.130129618063,2012,0
2012,RO,1101435,0.5597706219673577,0.4402293780326423,0.0,0.0,0,11516.391221891086,9.351526623184474,below_median,12884.130129618063,2012,0
2016,RO,1101435,0.357057843370626,0.4920257081647227,0.15091644846465127,0.0,0,11516.391221891086,9.351526623184474,below_median,12884.130129618063,2012,0
2012,RO,1101492,0.9203302834188797,0.07966971658112029,0.0,0.0,0,13408.812214474634,9.503667397742369,above_or_equal_median,12884.130129618063,2012,0
2016,RO,1101492,0.0,0.8288310718287066,0.17116892817129342,0.0,0,13408.812214474634,9.503667397742369,above_or_equal_median,12884.130129618063,2012,0
2012,RO,1101500,0.0,1.0,0.0,0.0,0,12215.336948102246,9.410447568092579,below_median,12884.130129618063,2012,0
2016,RO,1101500,0.2886047491920753,0.7113952508079247,0.0,0.0,0,12215.336948102246,9.410447568092579,below_median,12884.130129618063,2012,0
2012,RO,1101559,0.5342019543973942,0.0,0.46579804560260585,0.0,0,13243.407283382168,9.491255144070237,above_or_equal_median,12884.130129618063,2012,0
2016,RO,1101559,0.37445072190834905,0.0,0.625549278091651,0.0,0,13243.407283382168,9.491255144070237,above_or_equal_median,12884.130129618063,2012,0
2012,RO,1101609,0.0,0.7704112952731738,0.22958870472682627,0.0,0,11895.602836879432,9.383924101308232,below_median,12884.130129618063,2012,0
2016,RO,1101609,0.0,1.0,0.0,0.0,0,11895.602836879432,9.383924101308232,below_median,12884.130129618063,2012,0
2012,RO,1101708,0.3761467889908257,0.6238532110091743,0.0,0.0,0,10152.991250886735,9.225523645573947,below_median,12884.130129618063,2012,0
2016,RO,1101708,1.0,0.0,0.0,0.0,0,10152.991250886735,9.225523645573947,below_median,12884.130129618063,2012,0
2012,RO,1101807,0.4044615103309563,0.5955384896690437,0.0,0.0,0,12049.616882301218,9.396788144413462,below_median,12884.130129618063,2012,0
2016,RO,1101807,0.47593020811435777,0.5240697918856422,0.0,0.0,0,12049.616882301218,9.396788144413462,below_median,12884.130129618063,2012,0
2012,AC,1200336,0.2589476179189381,0.37319269969187013,0.36785968238919176,0.0,0,7663.058527375708,8.944166468599558,below_median,12884.130129618063,2012,0
2016,AC,1200336,0.4365461007735731,0.0,0.563453899226427,0.0,0,7663.058527375708,8.944166468599558,below_median,12884.130129618063,2012,0
2012,AC,1200344,0.6675263271007952,0.3324736728992048,0.0,0.0,0,8047.057392996109,8.993061762343403,below_median,12884.130129618063,2012,0
2016,AC,1200344,0.21768982229402262,0.43760096930533116,0.3447092084006462,0.0,0,8047.057392996109,8.993061762343403,below_median,12884.130129618063,2012,0
2012,AC,1200351,0.0,0.390625,0.609375,0.0,0,7915.691331085102,8.976602312920912,below_median,12884.130129618063,2012,0
2016,AC,1200351,0.0,0.5651573716178907,0.43484262838210935,0.0,0,7915.691331085102,8.976602312920912,below_median,12884.130129618063,2012,0
2012,AC,1200435,0.0,0.5198279980888677,0.48017200191113235,0.0,0,7440.624382533097,8.914710046689333,below_median,12884.130129618063,2012,0
2016,AC,1200435,0.6978090119884249,0.0,0.302190988011575,0.0,0,7440.624382533097,8.914710046689333,below_median,12884.130129618063,2012,0
2012,AC,1200450,0.13870462845643586,0.46142952970112544,0.3998658418424387,0.0,1,12453.613755585779,9.42976612126797,below_median,12884.130129618063,2012,0
2016,AC,1200450,0.7026853306670475,0.2973146693329524,0.0,0.0,1,12453.613755585779,9.42976612126797,below_median,12884.130129618063,2012,1
2012,AC,1200708,0.0,0.588228584464469,0.411771415535531,0.0,1,8858.104453392632,9.089088076397433,below_median,12884.130129618063,2012,0
2016,AC,1200708,0.3861683848797251,0.19995704467353953,0.41387457044673537,0.0,1,8858.104453392632,9.089088076397433,below_median,12884.130129618063,2012,1
2012,AC,1200807,0.0,0.6767973171242926,0.3232026828757074,0.0,1,9235.48345564568,9.130808241630804,below_median,12884.130129618063,2012,0
2016,AC,1200807,0.7831103849688553,0.09905034208107832,0.11783927295006637,0.0,1,9235.48345564568,9.130808241630804,below_median,12884.130129618063,2012,1
2012,AM,1300029,0.4692393736017897,0.5307606263982103,0.0,0.0,0,5432.23697934775,8.600106294823695,below_median,12884.130129618063,2012,0
2016,AM,1300029,0.684870188003581,0.315129811996419,0.0,0.0,0,5432.23697934775,8.600106294823695,below_median,12884.130129618063,2012,0
2012,AM,1300060,0.0,0.4774980930587338,0.5225019069412662,0.0,0,5213.498060036757,8.559006322125763,below_median,12884.130129618063,2012,0
2016,AM,1300060,0.4407315421088282,0.5592684578911719,0.0,0.0,0,5213.498060036757,8.559006322125763,below_median,12884.130129618063,2012,0
2012,AM,1300086,0.5713739728645136,0.0,0.4286260271354863,0.0,0,6294.2597064833735,8.747393339322072,below_median,12884.130129618063,2012,0
2016,AM,1300086,0.4967325808367988,0.4908766867521005,0.012390732411100738,0.0,0,6294.2597064833735,8.747393339322072,below_median,12884.130129618063,2012,0
2012,AM,1300102,0.6650013502565487,0.3349986497434513,0.0,0.0,0,8054.065135895033,8.993932228775646,below_median,12884.130129618063,2012,0
2016,AM,1300102,0.0,1.0,0.0,0.0,0,8054.065135895033,8.993932228775646,below_median,12884.130129618063,2012,0
2012,AM,1300144,0.3521858317703073,0.3263598326359833,0.3214543355937094,0.0,0,7325.605109214834,8.899131039239881,below_median,12884.130129618063,2012,0
2016,AM,1300144,0.9581537606005839,0.025163353260114,0.0166828861393021,0.0,0,7325.605109214834,8.899131039239881,below_median,12884.130129618063,2012,0
2012,AM,1300201,0.3511092150170648,0.5885238907849829,0.06036689419795222,0.0,0,5317.947751821151,8.578842746974926,below_median,12884.130129618063,2012,0
2016,AM,1300201,0.0,0.8032478632478632,0.19675213675213676,0.0,0,5317.947751821151,8.578842746974926,below_median,12884.130129618063,2012,0
2012,AM,1300300,0.5897435897435898,0.41025641025641024,0.0,0.0,1,5319.854707012488,8.579201271250808,below_median,12884.130129618063,2012,0
2016,AM,1300300,1.0,0.0,0.0,0.0,1,5319.854707012488,8.579201271250808,below_median,12884.130129618063,2012,1
2012,AM,1300409,0.0,0.5436816235928333,0.45631837640716666,0.0,0,4688.5694465854785,8.452882792861633,below_median,12884.130129618063,2012,0
2016,AM,1300409,0.32098765432098764,0.6455418381344308,0.03347050754458162,0.0,0,4688.5694465854785,8.452882792861633,below_median,12884.130129618063,2012,0
2012,AM,1300508,0.4464601059560122,0.5535398940439878,0.0,0.0,0,5633.757167788582,8.63653184629845,below_median,12884.130129618063,2012,0
2016,AM,1300508,0.4291305563321219,0.5708694436678781,0.0,0.0,0,5633.757167788582,8.63653184629845,below_median,12884.130129618063,2012,0
2012,AM,1300607,0.9879535350638176,0.012046464936182418,0.0,0.0,0,5227.982832618026,8.561780791000777,below_median,12884.130129618063,2012,0
2016,AM,1300607,0.9521113930639599,0.04788860693604008,0.0,0.0,0,5227.982832618026,8.561780791000777,below_median,12884.130129618063,2012,0
2012,AM,1300631,0.548717316230883,0.0,0.4512826837691169,0.0,0,5477.286792919916,8.60836514655321,below_median,12884.130129618063,2012,0
2016,AM,1300631,0.33055555555555555,0.6532051282051282,0.01623931623931624,0.0,0,5477.286792919916,8.60836514655321,below_median,12884.130129618063,2012,0
2012,AM,1300680,0.004707266843189173,0.7071197411003236,0.2881729920564872,0.0,0,5259.403537901526,8.56777290346575,below_median,12884.130129618063,2012,0
2016,AM,1300680,0.5730231465162731,0.42697685348372694,0.0,0.0,0,5259.403537901526,8.56777290346575,below_median,12884.130129618063,2012,0
2012,AM,1300706,0.7073282793475764,0.29267172065242364,0.0,0.0,0,6706.618331141125,8.810850128433282,below_median,12884.130129618063,2012,0
2016,AM,1300706,0.381395959065862,0.618604040934138,0.0,0.0,0,6706.618331141125,8.810850128433282,below_median,12884.130129618063,2012,0
2012,AM,1300805,1.0,0.0,0.0,0.0,0,5915.977616303349,8.685412040237216,below_median,12884.130129618063,2012,0
2016,AM,1300805,0.604639371276461,0.3953606287235391,0.0,0.0,0,5915.977616303349,8.685412040237216,below_median,12884.130129618063,2012,0
2012,AM,1300839,0.7125844294347672,0.28741557056523287,0.0,0.0,0,8387.596213394674,9.03450925225971,below_median,12884.130129618063,2012,0
2016,AM,1300839,0.7516906010181598,0.2483093989818403,0.0,0.0,0,8387.596213394674,9.03450925225971,below_median,12884.130129618063,2012,0
2012,AM,1300904,1.0,0.0,0.0,0.0,0,5030.816530816531,8.523337582089628,below_median,12884.130129618063,2012,0
2016,AM,1300904,1.0,0.0,0.0,0.0,0,5030.816530816531,8.523337582089628,below_median,12884.130129618063,2012,0
2012,AM,1301001,0.5319559450116569,0.4680440549883431,0.0,0.0,0,6196.479142747799,8.731736529526183,below_median,12884.130129618063,2012,0
2016,AM,1301001,0.4128586609989373,0.5384089873994231,0.04873235160163959,0.0,0,6196.479142747799,8.731736529526183,below_median,12884.130129618063,2012,0
2012,AM,1301100,0.4322405782137326,0.43236964377903975,0.13538977800722768,0.0,1,5116.358862666706,8.540198305404179,below_median,12884.130129618063,2012,0
2016,AM,1301100,0.950771340418238,0.001988344189235516,0.04724031539252657,0.0,1,5116.358862666706,8.540198305404179,below_median,12884.130129618063,2012,1
2012,AM,1301209,0.9991269573053959,0.0,0.0008730426946040329,0.0,0,54433.23200310459,10.90473012874134,above_or_equal_median,12884.130129618063,2012,0
2016,AM,1301209,0.9686559098278391,0.03134409017216089,0.0,0.0,0,54433.23200310459,10.90473012874134,above_or_equal_median,12884.130129618063,2012,0
2012,AM,1301308,0.44700074515648286,0.1612332339791356,0.3917660208643815,0.0,0,18548.92591515353,9.828167164211129,above_or_equal_median,12884.130129618063,2012,0
2016,AM,1301308,0.6671670787707524,0.3328329212292476,0.0,0.0,0,18548.92591515353,9.828167164211129,above_or_equal_median,12884.130129618063,2012,0
2012,AM,1301407,0.3778685480876346,0.6221314519123654,0.0,0.0,0,9022.28669812524,9.107453095131945,below_median,12884.130129618063,2012,0
2016,AM,1301407,0.636390165608813,0.363609834391187,0.0,0.0,0,9022.28669812524,9.107453095131945,below_median,12884.130129618063,2012,0
2012,AM,1301506,0.0,1.0,0.0,0.0,0,6719.257814808249,8.81273298319282,below_median,12884.130129618063,2012,0
2016,AM,1301506,0.540193351873924,0.459806648126076,0.0,0.0,0,6719.257814808249,8.81273298319282,below_median,12884.130129618063,2012,0
2012,AM,1301605,0.3993008351136143,0.3581277918042338,0.24257137308215188,0.0,0,5264.54866798862,8.568750697814558,below_median,12884.130129618063,2012,0
2016,AM,1301605,0.46570272828987,0.53429727171013,0.0,0.0,0,5264.54866798862,8.568750697814558,below_median,12884.130129618063,2012,0
2012,AM,1301654,0.0,0.8505180069067587,0.14948199309324126,0.0,0,5381.217004723534,8.590669836630838,below_median,12884.130129618063,2012,0
2016,AM,1301654,0.6869806094182825,0.31301939058171746,0.0,0.0,0,5381.217004723534,8.590669836630838,below_median,12884.130129618063,2012,0
2012,AM,1301704,0.3586275982970198,0.6275982970197846,0.013774104683195593,0.0,0,6693.32375854115,8.808865854639693,below_median,12884.130129618063,2012,0
2016,AM,1301704,0.5719931982168298,0.4127947056390459,0.015212096144124271,0.0,0,6693.32375854115,8.808865854639693,below_median,12884.130129618063,2012,0
2012,AM,1301803,1.0,0.0,0.0,0.0,0,3606.5643648763853,8.190510898693217,below_median,12884.130129618063,2012,0
2016,AM,1301803,0.4259826782145236,0.5740173217854764,0.0,0.0,0,3606.5643648763853,8.190510898693217,below_median,12884.130129618063,2012,0
2012,AM,1301951,0.36323658751099386,0.6367634124890061,0.0,0.0,0,7221.721157459601,8.884848590936874,below_median,12884.130129618063,2012,0
2016,AM,1301951,0.5041224970553593,0.4958775029446408,0.0,0.0,0,7221.721157459601,8.884848590936874,below_median,12884.130129618063,2012,0
2012,AM,1302009,0.4847463639588507,0.5152536360411494,0.0,0.0,0,10649.496885481552,9.273267929221836,below_median,12884.130129618063,2012,0
2016,AM,1302009,0.9812916870017895,0.01870831299821051,0.0,0.0,0,10649.496885481552,9.273267929221836,below_median,12884.130129618063,2012,0
2012,AM,1302108,0.3287101248266297,0.07385575589459084,0.5974341192787794,0.0,0,6155.880773361976,8.72516312722118,below_median,12884.130129618063,2012,0
2016,AM,1302108,0.46719012899607404,0.532809871003926,0.0,0.0,0,6155.880773361976,8.72516312722118,below_median,12884.130129618063,2012,0
2012,AM,1302207,1.0,0.0,0.0,0.0,0,6869.656438499869,8.834869375013922,below_median,12884.130129618063,2012,0
2016,AM,1302207,0.48098974049487025,0.5190102595051298,0.0,0.0,0,6869.656438499869,8.834869375013922,below_median,12884.130129618063,2012,0
2012,AM,1302306,0.0,0.9099763095551461,0.09002369044485391,0.0,0,7524.845569343464,8.925965567060107,below_median,12884.130129618063,2012,0
2016,AM,1302306,0.47835304619504576,0.5216469538049543,0.0,0.0,0,7524.845569343464,8.925965567060107,below_median,12884.130129618063,2012,0
2012,AM,1302405,0.38394121216207105,0.548034787298591,0.06802400053933796,0.0,0,8156.629593562606,9.006586322629051,below_median,12884.130129618063,2012,0
2016,AM,1302405,0.2831067472306143,0.7168932527693856,0.0,0.0,0,8156.629593562606,9.006586322629051,below_median,12884.130129618063,2012,0
2012,AM,1302553,0.5240878855069543,0.47591211449304577,0.0,0.0,0,6472.353545734841,8.775295084214012,below_median,12884.130129618063,2012,0
2016,AM,1302553,0.35274960454080206,0.6291057969665953,0.018144598492602585,0.0,0,6472.353545734841,8.775295084214012,below_median,12884.130129618063,2012,0
2012,AM,1302603,0.1990977140196914,0.594953882110126,0.20594840387018262,0.0,1,29837.095386387,10.3035077099816,above_or_equal_median,12884.130129618063,2012,0
2016,AM,1302603,0.3603477388292278,0.5231153694001409,0.11653689177063131,0.0,1,29837.095386387,10.3035077099816,above_or_equal_median,12884.130129618063,2012,1
2012,AM,1302702,0.514418207984649,0.485581792015351,0.0,0.0,0,7749.260951357162,8.955352756685027,below_median,12884.130129618063,2012,0
2016,AM,1302702,0.6222441592629154,0.37775584073708457,0.0,0.0,0,7749.260951357162,8.955352756685027,below_median,12884.130129618063,2012,0
2012,AM,1302801,0.6414435389988359,0.3585564610011641,0.0,0.0,0,4873.834962491475,8.491636372818155,below_median,12884.130129618063,2012,0
2016,AM,1302801,0.28173547935619314,0.7182645206438069,0.0,0.0,0,4873.834962491475,8.491636372818155,below_median,12884.130129618063,2012,0
2012,AM,1302900,0.18352561144439317,0.46479003230272264,0.3516843562528842,0.0,0,5497.8642356552455,8.612114975014565,below_median,12884.130129618063,2012,0
2016,AM,1302900,0.6989079563182528,0.05958571676200381,0.24150632691974347,0.0,0,5497.8642356552455,8.612114975014565,below_median,12884.130129618063,2012,0
2012,AM,1303007,0.0,1.0,0.0,0.0,0,5700.373931623932,8.648287053710208,below_median,12884.130129618063,2012,0
2016,AM,1303007,0.5016682113067655,0.49833178869323447,0.0,0.0,0,5700.373931623932,8.648287053710208,below_median,12884.130129618063,2012,0
2012,AM,1303106,0.02247582542033278,0.3935882916630368,0.5839358829166303,0.0,0,4787.709849129106,8.473807465244539,below_median,12884.130129618063,2012,0
2016,AM,1303106,0.46263290751931463,0.5373670924806854,0.0,0.0,0,4787.709849129106,8.473807465244539,below_median,12884.130129618063,2012,0
2012,AM,1303304,0.4193754799078577,0.5806245200921423,0.0,0.0,0,4957.477607889261,8.508652343568674,below_median,12884.130129618063,2012,0
2016,AM,1303304,0.2484557309540151,0.7515442690459849,0.0,0.0,0,4957.477607889261,8.508652343568674,below_median,12884.130129618063,2012,0
2012,AM,1303403,0.4637359254046446,0.4536857846586911,0.08257828993666431,0.0,0,7819.345455946373,8.964356128750579,below_median,12884.130129618063,2012,0
2016,AM,1303403,0.0,0.9954086317722681,0.004591368227731864,0.0,0,7819.345455946373,8.964356128750579,below_median,12884.130129618063,2012,0
2012,AM,1303502,0.2707563834912478,0.7292436165087522,0.0,0.0,0,5320.530307163512,8.579328259165443,below_median,12884.130129618063,2012,0
2016,AM,1303502,0.49905261623670016,0.5009473837632998,0.0,0.0,0,5320.530307163512,8.579328259165443,below_median,12884.130129618063,2012,0
2012,AM,1303601,0.31386525638077717,0.6861347436192228,0.0,0.0,0,4471.542608335061,8.405488730609239,below_median,12884.130129618063,2012,0
2016,AM,1303601,0.47912360479537,0.52087639520463,0.0,0.0,0,4471.542608335061,8.405488730609239,below_median,12884.130129618063,2012,0
2012,AM,1303700,0.26220241330579414,0.6558321556690945,0.08196543102511143,0.0,0,4330.534351145038,8.373446220113507,below_median,12884.130129618063,2012,0
2016,AM,1303700,1.0,0.0,0.0,0.0,0,4330.534351145038,8.373446220113507,below_median,12884.130129618063,2012,0
2012,AM,1303809,0.31129150459439653,0.29201195106826766,0.3966965443373358,0.0,0,4799.652147223572,8.47629872494153,below_median,12884.130129618063,2012,0
2016,AM,1303809,0.5766883116883117,0.05246753246753247,0.37084415584415586,0.0,0,4799.652147223572,8.47629872494153,below_median,12884.130129618063,2012,0
2012,AM,1303908,0.615874400348888,0.3841255996511121,0.0,0.0,0,4375.524068916975,8.383781578798827,below_median,12884.130129618063,2012,0
2016,AM,1303908,0.9439956501475842,0.0,0.05600434985241572,0.0,0,4375.524068916975,8.383781578798827,below_median,12884.130129618063,2012,0
2012,AM,1303957,0.3576144366197183,0.3019366197183099,0.3404489436619718,0.0,0,5382.79512498888,8.59096305820243,below_median,12884.130129618063,2012,0
2016,AM,1303957,0.4654205607476635,0.5345794392523364,0.0,0.0,0,5382.79512498888,8.59096305820243,below_median,12884.130129618063,2012,0
2012,AM,1304005,0.6011780353410602,0.372031160934828,0.026790803724111724,0.0,0,7300.795880149813,8.89573864587178,below_median,12884.130129618063,2012,0
2016,AM,1304005,0.6329241634437531,0.36707583655624687,0.0,0.0,0,7300.795880149813,8.89573864587178,below_median,12884.130129618063,2012,0
2012,AM,1304062,0.2896484375,0.698193359375,0.012158203125,0.0,0,5059.808963997061,8.529084007418026,below_median,12884.130129618063,2012,0
2016,AM,1304062,0.9618225005398402,0.023493845821636796,0.014683653638522998,0.0,0,5059.808963997061,8.529084007418026,below_median,12884.130129618063,2012,0
2012,AM,1304104,0.25764667464896046,0.6698595841950582,0.07249374115598128,0.0,0,7183.097804837178,8.87948601813652,below_median,12884.130129618063,2012,0
2016,AM,1304104,0.27201904349707856,0.7279809565029215,0.0,0.0,0,7183.097804837178,8.87948601813652,below_median,12884.130129618063,2012,0
2012,AM,1304203,0.39668225339568025,0.6033177466043198,0.0,0.0,0,9152.311475409837,9.121761746629812,below_median,12884.130129618063,2012,0
2016,AM,1304203,0.7702261010209926,0.22977389897900732,0.0,0.0,0,9152.311475409837,9.121761746629812,below_median,12884.130129618063,2012,0
2012,AM,1304237,1.0,0.0,0.0,0.0,0,4722.915222915223,8.460181519897038,below_median,12884.130129618063,2012,0
2016,AM,1304237,0.9653592128319181,0.03464078716808195,0.0,0.0,0,4722.915222915223,8.460181519897038,below_median,12884.130129618063,2012,0
2012,AM,1304260,0.0,1.0,0.0,0.0,0,7207.430595600956,8.882867799997024,below_median,12884.130129618063,2012,0
2016,AM,1304260,0.6468652295540562,0.3531347704459437,0.0,0.0,0,7207.430595600956,8.882867799997024,below_median,12884.130129618063,2012,0
2012,AM,1304302,0.5008418453249524,0.4959030194185655,0.003255135256482209,0.0,0,13472.60679209561,9.508413776448762,above_or_equal_median,12884.130129618063,2012,0
2016,AM,1304302,0.4209013448311262,0.5790986551688738,0.0,0.0,0,13472.60679209561,9.508413776448762,above_or_equal_median,12884.130129618063,2012,0
2012,AM,1304401,0.4389930369576861,0.15715050883770756,0.4038564542046063,0.0,0,5304.7272337919585,8.576353632910351,below_median,12884.130129618063,2012,0
2016,AM,1304401,0.0,0.35404595404595407,0.6459540459540459,0.0,0,5304.7272337919585,8.576353632910351,below_median,12884.130129618063,2012,0
2012,PA,1500107,0.0,0.5031063135823561,0.49689368641764387,0.0,0,5526.108783713603,8.617239191086487,below_median,12884.130129618063,2012,0
2016,PA,1500107,0.02442156354554451,0.7757763536119882,0.19980208284246737,0.0,0,5526.108783713603,8.617239191086487,below_median,12884.130129618063,2012,0
2012,PA,1500305,0.45004344048653344,0.3074428033593976,0.24251375615406892,0.0,1,6472.811393851556,8.775365820758358,below_median,12884.130129618063,2012,0
2016,PA,1500305,0.58418510043224,0.0,0.41581489956775997,0.0,1,6472.811393851556,8.775365820758358,below_median,12884.130129618063,2012,1
2012,PA,1500503,0.0,0.4894165617317263,0.5105834382682737,0.0,0,13931.144414980783,9.54188221810004,above_or_equal_median,12884.130129618063,2012,0
2016,PA,1500503,0.6402666365382442,0.3597333634617557,0.0,0.0,0,13931.144414980783,9.54188221810004,above_or_equal_median,12884.130129618063,2012,0
2012,PA,1500602,0.2547913595282354,0.7452086404717646,0.0,0.0,0,21560.59525321712,9.97862263378917,above_or_equal_median,12884.130129618063,2012,0
2016,PA,1500602,0.0,0.9580258482683222,0.041974151731677796,0.0,0,21560.59525321712,9.97862263378917,above_or_equal_median,12884.130129618063,2012,0
2012,PA,1500701,0.8258608462690096,0.17413915373099045,0.0,0.0,0,5066.145894057751,8.530335628816065,below_median,12884.130129618063,2012,0
2016,PA,1500701,0.6009449263098512,0.3990550736901488,0.0,0.0,0,5066.145894057751,8.530335628816065,below_median,12884.130129618063,2012,0
2012,PA,1500859,0.0,0.5737632508833922,0.42623674911660775,0.0,0,8057.007874015748,8.994297535065504,below_median,12884.130129618063,2012,0
2016,PA,1500859,0.009900990099009901,0.5193651718112988,0.4707338380896913,0.0,0,8057.007874015748,8.994297535065504,below_median,12884.130129618063,2012,0
2012,PA,1500958,0.5087017873941675,0.4678582627783004,0.02343994982753214,0.0,0,6397.338265158109,8.763637286769962,below_median,12884.130129618063,2012,0
2016,PA,1500958,0.5919297768100164,0.40807022318998365,0.0,0.0,0,6397.338265158109,8.763637286769962,below_median,12884.130129618063,2012,0
2012,PA,1501006,0.8673984355286399,0.13260156447136007,0.0,0.0,0,4274.042392603308,8.360315354548506,below_median,12884.130129618063,2012,0
2016,PA,1501006,0.3967625899280576,0.5890887290167865,0.014148681055155876,0.0,0,4274.042392603308,8.360315354548506,below_median,12884.130129618063,2012,0
2012,PA,1501105,0.6003709360680777,0.3996290639319223,0.0,0.0,0,4035.9870855972913,8.303006181665925,below_median,12884.130129618063,2012,0
2016,PA,1501105,0.6195962843872812,0.3611111111111111,0.01929260450160772,0.0,0,4035.9870855972913,8.303006181665925,below_median,12884.130129618063,2012,0
2012,PA,1501204,0.0,0.5577960008986744,0.4422039991013255,0.0,0,5175.075771082189,8.551609259781392,below_median,12884.130129618063,2012,0
2016,PA,1501204,0.4116081482239738,0.5805097758214761,0.007882075954550108,0.0,0,5175.075771082189,8.551609259781392,below_median,12884.130129618063,2012,0
2012,PA,1501451,0.3527511078286558,0.29218980797636634,0.35505908419497784,0.0,1,9076.904517763436,9.113488501330995,below_median,12884.130129618063,2012,0
2016,PA,1501451,0.6518890057438719,0.1610711107515573,0.18703988350457082,0.0,1,9076.904517763436,9.113488501330995,below_median,12884.130129618063,2012,1
2012,PA,1501501,0.0,0.9580130304388293,0.04198696956117067,0.0,0,14688.016567128303,9.594787240795931,above_or_equal_median,12884.130129618063,2012,0
2016,PA,1501501,0.10123734533183353,0.8987626546681665,0.0,0.0,0,14688.016567128303,9.594787240795931,above_or_equal_median,12884.130129618063,2012,0
2012,PA,1501709,0.0,0.39089121249294156,0.6091087875070584,0.0,1,6511.604283599049,8.781341138575383,below_median,12884.130129618063,2012,0
2016,PA,1501709,0.14509896324222432,0.8549010367577757,0.0,0.0,1,6511.604283599049,8.781341138575383,below_median,12884.130129618063,2012,1
2012,PA,1501782,0.0,1.0,0.0,0.0,0,7380.288539471551,8.906568014319602,below_median,12884.130129618063,2012,0
2016,PA,1501782,0.47674914675767915,0.5027730375426621,0.020477815699658702,0.0,0,7380.288539471551,8.906568014319602,below_median,12884.130129618063,2012,0
2012,PA,1501808,0.0,1.0,0.0,0.0,0,5307.336013251881,8.576845295926628,below_median,12884.130129618063,2012,0
2016,PA,1501808,0.2212307488928548,0.7579483111904289,0.02082093991671624,0.0,0,5307.336013251881,8.576845295926628,below_median,12884.130129618063,2012,0
2012,PA,1501907,0.0,0.6051721845499268,0.3948278154500731,0.0,0,10895.30303030303,9.296087060695738,below_median,12884.130129618063,2012,0
2016,PA,1501907,0.8534320639398213,0.13734132581100142,0.009226610249177244,0.0,0,10895.30303030303,9.296087060695738,below_median,12884.130129618063,2012,0
2012,PA,1501956,0.004271765663140765,0.9957282343368592,0.0,0.0,0,3573.8287216282456,8.181392771131794,below_median,12884.130129618063,2012,0
2016,PA,1501956,1.0,0.0,0.0,0.0,0,3573.8287216282456,8.181392771131794,below_median,12884.130129618063,2012,0
2012,PA,1502004,0.3618574312781488,0.6381425687218513,0.0,0.0,0,5670.21326902161,8.642982009598484,below_median,12884.130129618063,2012,0
2016,PA,1502004,0.0,1.0,0.0,0.0,0,5670.21326902161,8.642982009598484,below_median,12884.130129618063,2012,0
2012,PA,1502103,0.0,0.4100270665463709,0.5899729334536291,0.0,0,4961.908512912845,8.509545726539017,below_median,12884.130129618063,2012,0
2016,PA,1502103,0.5577558676279861,0.09102319159914653,0.35122094077286736,0.0,0,4961.908512912845,8.509545726539017,below_median,12884.130129618063,2012,0
2012,PA,1502152,0.017879948914431672,0.9766922094508301,0.005427841634738187,0.0,1,110230.81681041888,11.610331780985417,above_or_equal_median,12884.130129618063,2012,0
2016,PA,1502152,0.0,1.0,0.0,0.0,1,110230.81681041888,11.610331780985417,above_or_equal_median,12884.130129618063,2012,1
2012,PA,1502608,0.4184552114124149,0.5815447885875852,0.0,0.0,0,4250.978686385385,8.354904514557791,below_median,12884.130129618063,2012,0
2016,PA,1502608,0.2339383807021734,0.7660616192978266,0.0,0.0,0,4250.978686385385,8.354904514557791,below_median,12884.130129618063,2012,0
2012,PA,1502756,0.0,0.5233490097370338,0.47665099026296615,0.0,0,6625.046907515437,8.798612731209046,below_median,12884.130129618063,2012,0
2016,PA,1502756,0.0,0.37662104822805237,0.6233789517719477,0.0,0,6625.046907515437,8.798612731209046,below_median,12884.130129618063,2012,0
2012,PA,1502772,0.385393437400446,0.614606562599554,0.0,0.0,0,10921.52639717252,9.298491019491442,below_median,12884.130129618063,2012,0
2016,PA,1502772,0.41484126984126984,0.5851587301587302,0.0,0.0,0,10921.52639717252,9.298491019491442,below_median,12884.130129618063,2012,0
2012,PA,1502806,0.0,0.47850918942666765,0.5214908105733324,0.0,0,4062.1355318721094,8.30946410738186,below_median,12884.130129618063,2012,0
2016,PA,1502806,0.016461162921699943,0.7038242473555736,0.2797145897227264,0.0,0,4062.1355318721094,8.30946410738186,below_median,12884.130129618063,2012,0
2012,PA,1502939,0.0,0.5337507708362981,0.46624922916370193,0.0,0,7009.905838041432,8.855079547419365,below_median,12884.130129618063,2012,0
2016,PA,1502939,0.0,1.0,0.0,0.0,0,7009.905838041432,8.855079547419365,below_median,12884.130129618063,2012,0
2012,PA,1502954,0.03480197675227953,0.6679195378297488,0.29727848541797175,0.0,0,7387.731589599875,8.907576010068995,below_median,12884.130129618063,2012,0
2016,PA,1502954,0.2715165970979925,0.7284834029020075,0.0,0.0,0,7387.731589599875,8.907576010068995,below_median,12884.130129618063,2012,0
2012,PA,1503002,0.0,1.0,0.0,0.0,0,5193.11130809168,8.555088277870661,below_median,12884.130129618063,2012,0
2016,PA,1503002,0.04359233097880928,0.9564076690211907,0.0,0.0,0,5193.11130809168,8.555088277870661,below_median,12884.130129618063,2012,0
2012,PA,1503077,0.0,0.9824061768242516,0.01759382317574837,0.0,0,5635.846881583655,8.636902704726104,below_median,12884.130129618063,2012,0
2016,PA,1503077,0.0,1.0,0.0,0.0,0,5635.846881583655,8.636902704726104,below_median,12884.130129618063,2012,0
2012,PA,1503093,0.34811034008143604,0.651889659918564,0.0,0.0,0,6413.892744836964,8.766221658073523,below_median,12884.130129618063,2012,0
2016,PA,1503093,0.26934548933535934,0.7306545106646407,0.0,0.0,0,6413.892744836964,8.766221658073523,below_median,12884.130129618063,2012,0
2012,PA,1503101,0.10290688636716928,0.3914969687548578,0.505596144877973,0.0,0,4468.778159730334,8.40487030790058,below_median,12884.130129618063,2012,0
2016,PA,1503101,0.17645417770958294,0.46373273817826755,0.3598130841121495,0.0,0,4468.778159730334,8.40487030790058,below_median,12884.130129618063,2012,0
2012,PA,1503200,0.4672076329751661,0.5327923670248339,0.0,0.0,0,5823.1174822870325,8.669591047193794,below_median,12884.130129618063,2012,0
2016,PA,1503200,0.2829398480804763,0.7170601519195237,0.0,0.0,0,5823.1174822870325,8.669591047193794,below_median,12884.130129618063,2012,0
2012,PA,1503309,0.3044488859278999,0.2837515730253905,0.4117995410467096,0.0,0,5456.878989542306,8.604632291668652,below_median,12884.130129618063,2012,0
2016,PA,1503309,0.3215019221654642,0.42782663647374797,0.25067144136078784,0.0,0,5456.878989542306,8.604632291668652,below_median,12884.130129618063,2012,0
2012,PA,1503457,0.0,0.49373673762748993,0.5062632623725101,0.0,0,8545.094921367488,9.053112703898465,below_median,12884.130129618063,2012,0
2016,PA,1503457,0.10472279260780287,0.2474001457243161,0.6478770616678811,0.0,0,8545.094921367488,9.053112703898465,below_median,12884.130129618063,2012,0
2012,PA,1503507,0.3263596093291349,0.6736403906708651,0.0,0.0,0,3851.1685507430457,8.25613190090257,below_median,12884.130129618063,2012,0
2016,PA,1503507,0.7811736550830134,0.21882634491698658,0.0,0.0,0,3851.1685507430457,8.25613190090257,below_median,12884.130129618063,2012,0
2012,PA,1503606,0.5183654064780173,0.4816345935219827,0.0,0.0,0,9495.393634840872,9.158562079452981,below_median,12884.130129618063,2012,0
2016,PA,1503606,0.20909021668761188,0.7909097833123881,0.0,0.0,0,9495.393634840872,9.158562079452981,below_median,12884.130129618063,2012,0
2012,PA,1503705,0.0,0.4956217162872154,0.5043782837127846,0.0,0,5734.904872029073,8.654326442159828,below_median,12884.130129618063,2012,0
2016,PA,1503705,0.406462438688581,0.593537561311419,0.0,0.0,0,5734.904872029073,8.654326442159828,below_median,12884.130129618063,2012,0
2012,PA,1503754,0.32294418031343547,0.19193519985913013,0.48512061982743443,0.0,0,9834.019108724458,9.193602991098373,below_median,12884.130129618063,2012,0
2016,PA,1503754,0.5859478568272205,0.10399175136249816,0.31006039181028133,0.0,0,9834.019108724458,9.193602991098373,below_median,12884.130129618063,2012,0
2012,PA,1503804,0.03868565878925218,0.4471511816121722,0.5141631595985756,0.0,0,6509.576736550111,8.781029715661871,below_median,12884.130129618063,2012,0
2016,PA,1503804,0.4979607843137255,0.4745098039215686,0.027529411764705882,0.0,0,6509.576736550111,8.781029715661871,below_median,12884.130129618063,2012,0
2012,PA,1503903,0.4538867519456123,0.5461132480543877,0.0,0.0,0,11478.296892050277,9.34821330451694,below_median,12884.130129618063,2012,0
2016,PA,1503903,0.46440289362374987,0.04431355496699213,0.491283551409258,0.0,0,11478.296892050277,9.34821330451694,below_median,12884.130129618063,2012,0
2012,PA,1504000,0.5558041768375372,0.0,0.4441958231624627,0.0,0,11084.190977327245,9.313275135835088,below_median,12884.130129618063,2012,0
2016,PA,1504000,0.0,0.4460496343364105,0.5539503656635895,0.0,0,11084.190977327245,9.313275135835088,below_median,12884.130129618063,2012,0
2012,PA,1504059,0.04432927165462866,0.41054198599547886,0.5451287423498925,0.0,0,6952.13856486391,8.846804598401357,below_median,12884.130129618063,2012,0
2016,PA,1504059,0.06510088272383355,0.62489491382934,0.3100042034468264,0.0,0,6952.13856486391,8.846804598401357,below_median,12884.130129618063,2012,0
2012,PA,1504109,0.0,1.0,0.0,0.0,0,5914.048172148185,8.685085845821959,below_median,12884.130129618063,2012,0
2016,PA,1504109,0.047560676636430495,0.9524393233635695,0.0,0.0,0,5914.048172148185,8.685085845821959,below_median,12884.130129618063,2012,0
2012,PA,1504208,0.10044516093575394,0.8912012017513328,0.008353637312913331,0.0,0,17121.272831026796,9.748076994538792,above_or_equal_median,12884.130129618063,2012,0
2016,PA,1504208,0.4140772353130351,0.5655144240380353,0.020408340648929605,0.0,0,17121.272831026796,9.748076994538792,above_or_equal_median,12884.130129618063,2012,0
2012,PA,1504422,0.4168635022689183,0.5257715792259215,0.0573649185051602,0.0,1,8145.695305814579,9.00524488336132,below_median,12884.130129618063,2012,0
2016,PA,1504422,0.6595030784974919,0.329273407485698,0.011223514016810106,0.0,1,8145.695305814579,9.00524488336132,below_median,12884.130129618063,2012,1
2012,PA,1504455,0.32511158092553444,0.25338657896797434,0.4215018401064913,0.0,0,9046.303184893895,9.110111465383051,below_median,12884.130129618063,2012,0
2016,PA,1504455,0.5139123412377946,0.3235445268335658,0.1625431319286396,0.0,0,9046.303184893895,9.110111465383051,below_median,12884.130129618063,2012,0
2012,PA,1504505,0.44674279296143765,0.5532572070385623,0.0,0.0,0,4025.735004335146,8.300462782954236,below_median,12884.130129618063,2012,0
2016,PA,1504505,0.0062688064192577735,0.9937311935807422,0.0,0.0,0,4025.735004335146,8.300462782954236,below_median,12884.130129618063,2012,0
2012,PA,1504604,0.9138255349165295,0.08617446508347049,0.0,0.0,0,6742.2829465770255,8.816153862664352,below_median,12884.130129618063,2012,0
2016,PA,1504604,0.5264705882352941,0.45236344537815126,0.021165966386554623,0.0,0,6742.2829465770255,8.816153862664352,below_median,12884.130129618063,2012,0
2012,PA,1504703,0.09196114317893847,0.5264817682669295,0.38155708855413206,0.0,0,7747.937242585782,8.955181924672939,below_median,12884.130129618063,2012,0
2016,PA,1504703,0.08546325878594249,0.895986829236487,0.018549911977570582,0.0,0,7747.937242585782,8.955181924672939,below_median,12884.130129618063,2012,0
2012,PA,1504802,0.4234394637620444,0.00932132383745287,0.5672392124005027,0.0,0,7434.180345494947,8.913843610112972,below_median,12884.130129618063,2012,0
2016,PA,1504802,0.03028885510466612,0.9697111448953338,0.0,0.0,0,7434.180345494947,8.913843610112972,below_median,12884.130129618063,2012,0
2012,PA,1504901,0.3397859523948769,0.3323001345107901,0.327913913094333,0.0,0,5387.7941673235,8.591891334744766,below_median,12884.130129618063,2012,0
2016,PA,1504901,0.6795884060924049,0.29896592124700727,0.021445672660587847,0.0,0,5387.7941673235,8.591891334744766,below_median,12884.130129618063,2012,0
2012,PA,1504950,0.0,0.5611568055187053,0.4388431944812948,0.0,0,5259.16461916462,8.567727475469585,below_median,12884.130129618063,2012,0
2016,PA,1504950,0.39054202141111016,0.6094579785888898,0.0,0.0,0,5259.16461916462,8.567727475469585,below_median,12884.130129618063,2012,0
2012,PA,1505031,0.6305220883534136,0.36947791164658633,0.0,0.0,0,13166.394974354896,9.48542302714908,above_or_equal_median,12884.130129618063,2012,0
2016,PA,1505031,0.5117303111239443,0.4882696888760557,0.0,0.0,0,13166.394974354896,9.48542302714908,above_or_equal_median,12884.130129618063,2012,0
2012,PA,1505064,0.5805112663064963,0.41948873369350376,0.0,0.0,0,7771.956501704912,8.95827721368611,below_median,12884.130129618063,2012,0
2016,PA,1505064,0.0,1.0,0.0,0.0,0,7771.956501704912,8.95827721368611,below_median,12884.130129618063,2012,0
2012,PA,1505106,0.07134275179185483,0.9286572482081452,0.0,0.0,0,7683.982075035669,8.946893191120978,below_median,12884.130129618063,2012,0
2016,PA,1505106,0.45285631852279284,0.5471436814772072,0.0,0.0,0,7683.982075035669,8.946893191120978,below_median,12884.130129618063,2012,0
2012,PA,1505205,0.4883612040133779,0.20869565217391303,0.30294314381270904,0.0,0,7246.615876470988,8.888289863215876,below_median,12884.130129618063,2012,0
2016,PA,1505205,0.21430244816680333,0.7856975518331967,0.0,0.0,0,7246.615876470988,8.888289863215876,below_median,12884.130129618063,2012,0
2012,PA,1505304,0.4624077644086951,0.537592235591305,0.0,0.0,0,19456.46218720182,9.875934539993699,above_or_equal_median,12884.130129618063,2012,0
2016,PA,1505304,0.6996371052394805,0.284677443541373,0.015685451219146447,0.0,0,19456.46218720182,9.875934539993699,above_or_equal_median,12884.130129618063,2012,0
2012,PA,1505403,0.577433628318584,0.4225663716814159,0.0,0.0,0,6819.649418709716,8.827563344634958,below_median,12884.130129618063,2012,0
2016,PA,1505403,0.6337957546381414,0.3662042453618586,0.0,0.0,0,6819.649418709716,8.827563344634958,below_median,12884.130129618063,2012,0
2012,PA,1505437,0.548886910062333,0.45111308993766697,0.0,0.0,0,16810.759693180626,9.729774418313117,above_or_equal_median,12884.130129618063,2012,0
2016,PA,1505437,1.0,0.0,0.0,0.0,0,16810.759693180626,9.729774418313117,above_or_equal_median,12884.130129618063,2012,0
2012,PA,1505486,0.0,1.0,0.0,0.0,0,7838.839007058145,8.966846016544244,below_median,12884.130129618063,2012,0
2016,PA,1505486,0.0,1.0,0.0,0.0,0,7838.839007058145,8.966846016544244,below_median,12884.130129618063,2012,0
2012,PA,1505536,0.6232675346493071,0.03685710069582392,0.33987536465486906,0.0,1,114705.81693138233,11.650126016141757,above_or_equal_median,12884.130129618063,2012,0
2016,PA,1505536,0.5342878976792824,0.4657121023207175,0.0,0.0,1,114705.81693138233,11.650126016141757,above_or_equal_median,12884.130129618063,2012,1
2012,PA,1505551,0.0,1.0,0.0,0.0,0,8070.369739308229,8.995954576733437,below_median,12884.130129618063,2012,0
2016,PA,1505551,0.0,1.0,0.0,0.0,0,8070.369739308229,8.995954576733437,below_median,12884.130129618063,2012,0
2012,PA,1505635,0.0,1.0,0.0,0.0,0,9097.945043697348,9.115803847629989,below_median,12884.130129618063,2012,0
2016,PA,1505635,0.0,1.0,0.0,0.0,0,9097.945043697348,9.115803847629989,below_median,12884.130129618063,2012,0
2012,PA,1505650,0.5472316384180791,0.4527683615819209,0.0,0.0,0,5131.904724594531,8.543232160597205,below_median,12884.130129618063,2012,0
2016,PA,1505650,0.4839884331155617,0.5160115668844383,0.0,0.0,0,5131.904724594531,8.543232160597205,below_median,12884.130129618063,2012,0
2012,PA,1505700,0.0,0.9763418079096046,0.02365819209039548,0.0,1,5206.656089731764,8.557693103301947,below_median,12884.130129618063,2012,0
2016,PA,1505700,0.06778069846038302,0.9069345349856052,0.025284766554011767,0.0,1,5206.656089731764,8.557693103301947,below_median,12884.130129618063,2012,1
2012,PA,1505809,0.850039573536943,0.14996042646305693,0.0,0.0,0,6977.332154826355,8.850421909918904,below_median,12884.130129618063,2012,0
2016,PA,1505809,0.6405043603843804,0.35949563961561964,0.0,0.0,0,6977.332154826355,8.850421909918904,below_median,12884.130129618063,2012,0
2012,PA,1505908,0.0,1.0,0.0,0.0,0,5033.859663936502,8.523942297661957,below_median,12884.130129618063,2012,0
2016,PA,1505908,0.0,0.7758362456315526,0.22416375436844732,0.0,0,5033.859663936502,8.523942297661957,below_median,12884.130129618063,2012,0
2012,PA,1506005,0.0,1.0,0.0,0.0,0,6723.307757885763,8.813335538289635,below_median,12884.130129618063,2012,0
2016,PA,1506005,0.0,0.9750870021543391,0.02491299784566094,0.0,0,6723.307757885763,8.813335538289635,below_median,12884.130129618063,2012,0
2012,PA,1506104,0.4584269662921348,0.5415730337078651,0.0,0.0,1,4263.427357032458,8.35782865969579,below_median,12884.130129618063,2012,0
2016,PA,1506104,0.04610643593694441,0.9538935640630556,0.0,0.0,1,4263.427357032458,8.35782865969579,below_median,12884.130129618063,2012,1
2012,PA,1506112,0.046546546546546545,0.9534534534534534,0.0,0.0,1,4428.119313236807,8.395730238640944,below_median,12884.130129618063,2012,0
2016,PA,1506112,0.7113002127393317,0.24640220247778752,0.04229758478288074,0.0,1,4428.119313236807,8.395730238640944,below_median,12884.130129618063,2012,1
2012,PA,1506138,0.6489838613269575,0.35101613867304243,0.0,0.0,0,12467.97132338694,9.430918340867494,below_median,12884.130129618063,2012,0
2016,PA,1506138,0.011725755276589875,0.9882742447234101,0.0,0.0,0,12467.97132338694,9.430918340867494,below_median,12884.130129618063,2012,0
2012,PA,1506161,0.0,1.0,0.0,0.0,0,12877.425541516246,9.46323109936255,below_median,12884.130129618063,2012,0
2016,PA,1506161,0.0,1.0,0.0,0.0,0,12877.425541516246,9.46323109936255,below_median,12884.130129618063,2012,0
2012,PA,1506187,0.2043524172443873,0.7956475827556126,0.0,0.0,0,7131.651261553835,8.87229808008052,below_median,12884.130129618063,2012,0
2016,PA,1506187,0.5325874535860856,0.4674125464139144,0.0,0.0,0,7131.651261553835,8.87229808008052,below_median,12884.130129618063,2012,0
2012,PA,1506195,0.24452324665090622,0.7554767533490938,0.0,0.0,0,4253.601150482118,8.35552123266266,below_median,12884.130129618063,2012,0
2016,PA,1506195,0.02236043240041463,0.9776395675995854,0.0,0.0,0,4253.601150482118,8.35552123266266,below_median,12884.130129618063,2012,0
2012,PA,1506302,0.5138610811643308,0.4861389188356692,0.0,0.0,0,4791.34046209662,8.474565497204576,below_median,12884.130129618063,2012,0
2016,PA,1506302,0.015380351946792296,0.9846196480532077,0.0,0.0,0,4791.34046209662,8.474565497204576,below_median,12884.130129618063,2012,0
2012,PA,1506401,0.0,0.44014466546112113,0.5598553345388788,0.0,0,6070.638892121494,8.711219132570983,below_median,12884.130129618063,2012,0
2016,PA,1506401,0.0,0.5332010104655359,0.4667989895344641,0.0,0,6070.638892121494,8.711219132570983,below_median,12884.130129618063,2012,0
2012,PA,1506500,0.5880917675391343,0.39828252740984854,0.013625705051017175,0.0,0,6685.815339395016,8.807743447602972,below_median,12884.130129618063,2012,0
2016,PA,1506500,0.9170529852835941,0.08294701471640584,0.0,0.0,0,6685.815339395016,8.807743447602972,below_median,12884.130129618063,2012,0
2012,PA,1506559,0.5044466403162056,0.4955533596837945,0.0,0.0,0,4834.3113032736255,8.483493957881198,below_median,12884.130129618063,2012,0
2016,PA,1506559,0.4602484945498895,0.5295373122951444,0.01021419315496608,0.0,0,4834.3113032736255,8.483493957881198,below_median,12884.130129618063,2012,0
2012,PA,1506708,0.0,1.0,0.0,0.0,0,7069.460438258316,8.86353943890029,below_median,12884.130129618063,2012,0
2016,PA,1506708,0.20963651732882502,0.7858954232580606,0.004468059413114358,0.0,0,7069.460438258316,8.86353943890029,below_median,12884.130129618063,2012,0
2012,PA,1506807,0.03983214367637732,0.6055646260339221,0.3546032302897006,0.0,1,11445.255115136726,9.34533052267006,below_median,12884.130129618063,2012,0
2016,PA,1506807,0.548499300339835,0.33496301796270384,0.11653768169746123,0.0,1,11445.255115136726,9.34533052267006,below_median,12884.130129618063,2012,1
2012,PA,1507003,0.3581655353374023,0.6418344646625976,0.0,0.0,0,5857.436748836034,8.675467372002869,below_median,12884.130129618063,2012,0
2016,PA,1507003,0.0,1.0,0.0,0.0,0,5857.436748836034,8.675467372002869,below_median,12884.130129618063,2012,0
2012,PA,1507102,0.1114776870984546,0.8885223129015454,0.0,0.0,0,5176.68402879382,8.551919981389247,below_median,12884.130129618063,2012,0
2016,PA,1507102,0.31103789126853376,0.6889621087314662,0.0,0.0,0,5176.68402879382,8.551919981389247,below_median,12884.130129618063,2012,0
2012,PA,1507151,0.0,1.0,0.0,0.0,0,6121.091432929413,8.71949569831987,below_median,12884.130129618063,2012,0
2016,PA,1507151,0.2495758398371225,0.7504241601628775,0.0,0.0,0,6121.091432929413,8.71949569831987,below_median,12884.130129618063,2012,0
2012,PA,1507300,0.20161290322580644,0.7198871762275544,0.07849992054663912,0.0,0,7330.904359141184,8.899854165052165,below_median,12884.130129618063,2012,0
2016,PA,1507300,0.0,1.0,0.0,0.0,0,7330.904359141184,8.899854165052165,below_median,12884.130129618063,2012,0
2012,PA,1507409,0.46077513574237033,0.5392248642576296,0.0,0.0,0,6139.488935721813,8.722496782452485,below_median,12884.130129618063,2012,0
2016,PA,1507409,0.9578004002436266,0.04219959975637345,0.0,0.0,0,6139.488935721813,8.722496782452485,below_median,12884.130129618063,2012,0
2012,PA,1507458,0.0,1.0,0.0,0.0,0,10243.027257981565,9.234352485565628,below_median,12884.130129618063,2012,0
2016,PA,1507458,0.3758086253369272,0.5735849056603773,0.050606469002695414,0.0,0,10243.027257981565,9.234352485565628,below_median,12884.130129618063,2012,0
2012,PA,1507474,0.00022343040142995457,0.9997765695985701,0.0,0.0,1,4491.266272189349,8.409889961508133,below_median,12884.130129618063,2012,0
2016,PA,1507474,0.32699592595239796,0.673004074047602,0.0,0.0,1,4491.266272189349,8.409889961508133,below_median,12884.130129618063,2012,1
2012,PA,1507508,0.0,1.0,0.0,0.0,0,5884.977055593169,8.680158120892074,below_median,12884.130129618063,2012,0
2016,PA,1507508,0.05215646940822467,0.9478435305917753,0.0,0.0,0,5884.977055593169,8.680158120892074,below_median,12884.130129618063,2012,0
2012,PA,1507607,0.11732395913435131,0.8826760408656487,0.0,0.0,0,7448.576485651879,8.915778217364883,below_median,12884.130129618063,2012,0
2016,PA,1507607,0.31766666666666665,0.6396666666666667,0.042666666666666665,0.0,0,7448.576485651879,8.915778217364883,below_median,12884.130129618063,2012,0
2012,PA,1507706,0.17407006139400505,0.22506319971108704,0.6008667388949079,0.0,0,5550.303848750844,8.621607952764563,below_median,12884.130129618063,2012,0
2016,PA,1507706,0.2685892538833715,0.4342373312961548,0.29717341482047366,0.0,0,5550.303848750844,8.621607952764563,below_median,12884.130129618063,2012,0
2012,PA,1507904,0.4447416584541743,0.0,0.5552583415458258,0.0,0,5876.049614253442,8.678639980800233,below_median,12884.130129618063,2012,0
2016,PA,1507904,0.4459434255517563,0.36338203294995336,0.19067454149829033,0.0,0,5876.049614253442,8.678639980800233,below_median,12884.130129618063,2012,0
2012,PA,1507953,0.7522546585802722,0.24774534141972787,0.0,0.0,0,5950.308887536856,8.691198411063937,below_median,12884.130129618063,2012,0
2016,PA,1507953,0.9517426273458445,0.04825737265415549,0.0,0.0,0,5950.308887536856,8.691198411063937,below_median,12884.130129618063,2012,0
2012,PA,1507979,0.5111514246078327,0.4888485753921673,0.0,0.0,0,19995.49263218723,9.903262158746218,above_or_equal_median,12884.130129618063,2012,0
2016,PA,1507979,0.49011339143472965,0.5098866085652703,0.0,0.0,0,19995.49263218723,9.903262158746218,above_or_equal_median,12884.130129618063,2012,0
2012,PA,1508001,0.0,1.0,0.0,0.0,0,7512.190489346272,8.924282378573283,below_median,12884.130129618063,2012,0
2016,PA,1508001,0.21400189214758752,0.5602270577105014,0.22577105014191107,0.0,0,7512.190489346272,8.924282378573283,below_median,12884.130129618063,2012,0
2012,PA,1508035,0.4570597627737226,0.5315351277372263,0.011405109489051095,0.0,1,4751.446728441084,8.466204425063967,below_median,12884.130129618063,2012,0
2016,PA,1508035,0.6726141924959217,0.3273858075040783,0.0,0.0,1,4751.446728441084,8.466204425063967,below_median,12884.130129618063,2012,1
2012,PA,1508050,0.26876896688217444,0.7312310331178256,0.0,0.0,0,8963.069987863377,9.100868079857879,below_median,12884.130129618063,2012,0
2016,PA,1508050,0.32045480914259195,0.679545190857408,0.0,0.0,0,8963.069987863377,9.100868079857879,below_median,12884.130129618063,2012,0
2012,PA,1508084,0.3955670603462223,0.6044329396537778,0.0,0.0,0,13535.129877560361,9.513043797684695,above_or_equal_median,12884.130129618063,2012,0
2016,PA,1508084,0.1213279078999603,0.8584755855498214,0.02019650655021834,0.0,0,13535.129877560361,9.513043797684695,above_or_equal_median,12884.130129618063,2012,0
2012,PA,1508100,0.0,0.6714235604703971,0.3285764395296029,0.0,0,29038.211244796377,10.276367870788038,above_or_equal_median,12884.130129618063,2012,0
2016,PA,1508100,0.0,1.0,0.0,0.0,0,29038.211244796377,10.276367870788038,above_or_equal_median,12884.130129618063,2012,0
2012,PA,1508126,0.0,1.0,0.0,0.0,0,17626.68426318142,9.777169184146375,above_or_equal_median,12884.130129618063,2012,0
2016,PA,1508126,0.7231204828254229,0.27687951717457715,0.0,0.0,0,17626.68426318142,9.777169184146375,above_or_equal_median,12884.130129618063,2012,0
2012,PA,1508159,0.0022890934236253517,0.9977109065763746,0.0,0.0,0,7475.395175173832,8.919372263105508,below_median,12884.130129618063,2012,0
2016,PA,1508159,0.0,1.0,0.0,0.0,0,7475.395175173832,8.919372263105508,below_median,12884.130129618063,2012,0
2012,PA,1508209,0.0,1.0,0.0,0.0,0,5143.005667223876,8.545392947703897,below_median,12884.130129618063,2012,0
2016,PA,1508209,0.3507240049479735,0.6492759950520265,0.0,0.0,0,5143.005667223876,8.545392947703897,below_median,12884.130129618063,2012,0
2012,PA,1508308,0.8991859095796426,0.0,0.10081409042035738,0.0,0,5606.868637737553,8.631747667587687,below_median,12884.130129618063,2012,0
2016,PA,1508308,0.5259965062728283,0.47400349372717165,0.0,0.0,0,5606.868637737553,8.631747667587687,below_median,12884.130129618063,2012,0
2012,PA,1508407,0.0,1.0,0.0,0.0,0,13773.283069933788,9.530485985231637,above_or_equal_median,12884.130129618063,2012,0
2016,PA,1508407,0.35730223550709383,0.6426977644929062,0.0,0.0,0,13773.283069933788,9.530485985231637,above_or_equal_median,12884.130129618063,2012,0
2012,TO,1700400,0.42242019302152933,0.5775798069784707,0.0,0.0,1,11231.749865807837,9.326499856235552,below_median,12884.130129618063,2012,0
2016,TO,1700400,0.29808177688036347,0.7019182231196366,0.0,0.0,1,11231.749865807837,9.326499856235552,below_median,12884.130129618063,2012,1
2012,TO,1701101,0.0,1.0,0.0,0.0,1,12035.887937022459,9.395648127057079,below_median,12884.130129618063,2012,0
2016,TO,1701101,1.0,0.0,0.0,0.0,1,12035.887937022459,9.395648127057079,below_median,12884.130129618063,2012,1
2012,TO,1702406,1.0,0.0,0.0,0.0,1,11355.767415518218,9.337481036185357,below_median,12884.130129618063,2012,0
2016,TO,1702406,0.5132802124833997,0.4867197875166003,0.0,0.0,1,11355.767415518218,9.337481036185357,below_median,12884.130129618063,2012,1
2012,TO,1702703,0.0011627906976744186,0.9988372093023256,0.0,0.0,1,7777.0791654758505,8.9589361180794,below_median,12884.130129618063,2012,0
2016,TO,1702703,0.0,1.0,0.0,0.0,1,7777.0791654758505,8.9589361180794,below_median,12884.130129618063,2012,1
2012,TO,1703107,0.5488347735009165,0.4511652264990835,0.0,0.0,1,8658.441558441558,9.066290026752467,below_median,12884.130129618063,2012,0
2016,TO,1703107,0.0,1.0,0.0,0.0,1,8658.441558441558,9.066290026752467,below_median,12884.130129618063,2012,1
2012,TO,1703206,0.4076256499133449,0.47694974003466206,0.11542461005199307,0.0,1,10461.278703286807,9.255435977115509,below_median,12884.130129618063,2012,0
2016,TO,1703206,0.3973906911142454,0.6026093088857546,0.0,0.0,1,10461.278703286807,9.255435977115509,below_median,12884.130129618063,2012,1
2012,TO,1703602,0.5288461538461539,0.47115384615384615,0.0,0.0,1,12743.048897411314,9.452741217402698,below_median,12884.130129618063,2012,0
2016,TO,1703602,1.0,0.0,0.0,0.0,1,12743.048897411314,9.452741217402698,below_median,12884.130129618063,2012,1
2012,TO,1703701,1.0,0.0,0.0,0.0,1,13011.085626911316,9.473557013598668,above_or_equal_median,12884.130129618063,2012,0
2016,TO,1703701,0.44356796116504854,0.5564320388349514,0.0,0.0,1,13011.085626911316,9.473557013598668,above_or_equal_median,12884.130129618063,2012,1
2012,TO,1704600,0.5461031833150384,0.45389681668496157,0.0,0.0,1,10118.2156133829,9.222092604506516,below_median,12884.130129618063,2012,0
2016,TO,1704600,0.4296600234466589,0.5703399765533411,0.0,0.0,1,10118.2156133829,9.222092604506516,below_median,12884.130129618063,2012,1
2012,TO,1705102,0.8841539098055441,0.11584609019445594,0.0,0.0,1,12466.442953020134,9.430795749628592,below_median,12884.130129618063,2012,0
2016,TO,1705102,0.8255560401221108,0.17444395987788922,0.0,0.0,1,12466.442953020134,9.430795749628592,below_median,12884.130129618063,2012,1
2012,TO,1705508,0.45104617824681265,0.0,0.5489538217531873,0.0,1,12844.356748224152,9.460659830300484,below_median,12884.130129618063,2012,0
2016,TO,1705508,0.6150652431791221,0.013318235738164564,0.37161652108271326,0.0,1,12844.356748224152,9.460659830300484,below_median,12884.130129618063,2012,1
2012,TO,1705557,0.5107960038672252,0.4892039961327747,0.0,0.0,1,8483.479002344915,9.04587590436293,below_median,12884.130129618063,2012,0
2016,TO,1705557,0.21166237113402062,0.7883376288659794,0.0,0.0,1,8483.479002344915,9.04587590436293,below_median,12884.130129618063,2012,1
2012,TO,1705607,0.37824897400820795,0.6217510259917921,0.0,0.0,1,7331.567541536238,8.899944624887315,below_median,12884.130129618063,2012,0
2016,TO,1705607,0.5959699453551912,0.40403005464480873,0.0,0.0,1,7331.567541536238,8.899944624887315,below_median,12884.130129618063,2012,1
2012,TO,1706100,0.6439813788516958,0.3560186211483041,0.0,0.0,1,9377.596233730268,9.14607874409803,below_median,12884.130129618063,2012,0
2016,TO,1706100,0.46630076838638856,0.5336992316136114,0.0,0.0,1,9377.596233730268,9.14607874409803,below_median,12884.130129618063,2012,1
2012,TO,1707009,0.39784608950230027,0.36836051861145963,0.23379339188624007,0.0,1,15567.2377853475,9.65292384288209,above_or_equal_median,12884.130129618063,2012,0
2016,TO,1707009,0.0,0.6482520925652387,0.3517479074347612,0.0,1,15567.2377853475,9.65292384288209,above_or_equal_median,12884.130129618063,2012,1
2012,TO,1707207,0.0,1.0,0.0,0.0,1,8228.13156053184,9.01531424001447,below_median,12884.130129618063,2012,0
2016,TO,1707207,0.4623921085080148,0.5376078914919852,0.0,0.0,1,8228.13156053184,9.01531424001447,below_median,12884.130129618063,2012,1
2012,TO,1707553,0.4710467706013363,0.5289532293986637,0.0,0.0,1,9921.295077652014,9.202438743940387,below_median,12884.130129618063,2012,0
2016,TO,1707553,0.6065318818040435,0.39346811819595645,0.0,0.0,1,9921.295077652014,9.202438743940387,below_median,12884.130129618063,2012,1
2012,TO,1708254,1.0,0.0,0.0,0.0,1,32458.70809484873,10.387724040364306,above_or_equal_median,12884.130129618063,2012,0
2016,TO,1708254,0.051969823973176864,0.9480301760268232,0.0,0.0,1,32458.70809484873,10.387724040364306,above_or_equal_median,12884.130129618063,2012,1
2012,TO,1709302,0.38025242419578265,0.5132368785593351,0.10651069724488225,0.0,1,14765.2126177104,9.600029194190183,above_or_equal_median,12884.130129618063,2012,0
2016,TO,1709302,0.36782049318425486,0.6321795068157451,0.0,0.0,1,14765.2126177104,9.600029194190183,above_or_equal_median,12884.130129618063,2012,1
2012,TO,1709807,0.4429530201342282,0.5570469798657718,0.0,0.0,1,14586.791350087668,9.587871696157743,above_or_equal_median,12884.130129618063,2012,0
2016,TO,1709807,0.12937812723373837,0.8706218727662616,0.0,0.0,1,14586.791350087668,9.587871696157743,above_or_equal_median,12884.130129618063,2012,1
2012,TO,1711803,0.36152471709350803,0.2870756402620607,0.3513996426444312,0.0,1,8007.220216606498,8.988098940705111,below_median,12884.130129618063,2012,0
2016,TO,1711803,0.4307347167694896,0.5692652832305104,0.0,0.0,1,8007.220216606498,8.988098940705111,below_median,12884.130129618063,2012,1
2012,TO,1711902,0.5502366217692027,0.4497633782307972,0.0,0.0,1,24119.5822936882,10.09077933285071,above_or_equal_median,12884.130129618063,2012,0
2016,TO,1711902,1.0,0.0,0.0,0.0,1,24119.5822936882,10.09077933285071,above_or_equal_median,12884.130129618063,2012,1
2012,TO,1711951,0.0,1.0,0.0,0.0,1,6199.945593035909,8.73229579567789,below_median,12884.130129618063,2012,0
2016,TO,1711951,0.09991532599491956,0.9000846740050804,0.0,0.0,1,6199.945593035909,8.73229579567789,below_median,12884.130129618063,2012,1
2012,TO,1712009,1.0,0.0,0.0,0.0,1,12374.559548978154,9.423397994801716,below_median,12884.130129618063,2012,0
2016,TO,1712009,0.289440734557596,0.710559265442404,0.0,0.0,1,12374.559548978154,9.423397994801716,below_median,12884.130129618063,2012,1
2012,TO,1712157,0.4992378048780488,0.5007621951219512,0.0,0.0,1,31667.867867867866,10.363057813864653,above_or_equal_median,12884.130129618063,2012,0
2016,TO,1712157,0.0,1.0,0.0,0.0,1,31667.867867867866,10.363057813864653,above_or_equal_median,12884.130129618063,2012,1
2012,TO,1712405,0.5852498017446471,0.4147501982553529,0.0,0.0,1,5842.572658772874,8.672926502582646,below_median,12884.130129618063,2012,0
2016,TO,1712405,1.0,0.0,0.0,0.0,1,5842.572658772874,8.672926502582646,below_median,12884.130129618063,2012,1
2012,TO,1713205,0.7397399949018608,0.2602600050981392,0.0,0.0,1,24330.019386588458,10.09946623259552,above_or_equal_median,12884.130129618063,2012,0
2016,TO,1713205,0.15382646531865882,0.8461735346813412,0.0,0.0,1,24330.019386588458,10.09946623259552,above_or_equal_median,12884.130129618063,2012,1
2012,TO,1713304,0.6450069260798388,0.35499307392016116,0.0,0.0,1,9476.190476190477,9.156537665983207,below_median,12884.130129618063,2012,0
2016,TO,1713304,0.0,1.0,0.0,0.0,1,9476.190476190477,9.156537665983207,below_median,12884.130129618063,2012,1
2012,TO,1713601,0.459552495697074,0.4037373985738874,0.1367101057290386,0.0,1,10503.023322775698,9.25941843020259,below_median,12884.130129618063,2012,0
2016,TO,1713601,0.4996166624073601,0.5003833375926399,0.0,0.0,1,10503.023322775698,9.25941843020259,below_median,12884.130129618063,2012,1
2012,TO,1714203,0.1641991924629879,0.750432609113632,0.08536819842338011,0.0,1,9039.35262166057,9.109342838173747,below_median,12884.130129618063,2012,0
2016,TO,1714203,0.7526315789473684,0.24736842105263157,0.0,0.0,1,9039.35262166057,9.109342838173747,below_median,12884.130129618063,2012,1
2012,TO,1715002,0.37958236658932715,0.6204176334106729,0.0,0.0,1,7193.623639191291,8.88095030695589,below_median,12884.130129618063,2012,0
2016,TO,1715002,0.4077181208053691,0.5922818791946308,0.0,0.0,1,7193.623639191291,8.88095030695589,below_median,12884.130129618063,2012,1
2012,TO,1715101,0.23152553124008882,0.7684744687599112,0.0,0.0,1,7466.528818816231,8.918185487238917,below_median,12884.130129618063,2012,0
2016,TO,1715101,0.2438880706921944,0.7561119293078056,0.0,0.0,1,7466.528818816231,8.918185487238917,below_median,12884.130129618063,2012,1
2012,TO,1715150,0.5127701375245579,0.48722986247544203,0.0,0.0,1,7900.349650349651,8.97466229701362,below_median,12884.130129618063,2012,0
2016,TO,1715150,0.421968787515006,0.578031212484994,0.0,0.0,1,7900.349650349651,8.97466229701362,below_median,12884.130129618063,2012,1
2012,TO,1715259,0.5838252656434475,0.41617473435655256,0.0,0.0,1,20600.638977635783,9.933077372628448,above_or_equal_median,12884.130129618063,2012,0
2016,TO,1715259,0.49468382764409624,0.5053161723559038,0.0,0.0,1,20600.638977635783,9.933077372628448,above_or_equal_median,12884.130129618063,2012,1
2012,TO,1715507,0.0,1.0,0.0,0.0,1,13388.941849380362,9.502184410124183,above_or_equal_median,12884.130129618063,2012,0
2016,TO,1715507,0.6152841280209014,0.3847158719790986,0.0,0.0,1,13388.941849380362,9.502184410124183,above_or_equal_median,12884.130129618063,2012,1
2012,TO,1715754,1.0,0.0,0.0,0.0,1,9827.913279132792,9.192981909745077,below_median,12884.130129618063,2012,0
2016,TO,1715754,0.5855405992184107,0.4144594007815892,0.0,0.0,1,9827.913279132792,9.192981909745077,below_median,12884.130129618063,2012,1
2012,TO,1716208,0.27560771165129927,0.7243922883487007,0.0,0.0,1,29224.26648591072,10.282754687168511,above_or_equal_median,12884.130129618063,2012,0
2016,TO,1716208,0.502558536207164,0.4974414637928361,0.0,0.0,1,29224.26648591072,10.282754687168511,above_or_equal_median,12884.130129618063,2012,1
2012,TO,1717503,0.4896519285042333,0.4574317968015052,0.05291627469426152,0.0,1,10780.026204687727,9.285450275321605,below_median,12884.130129618063,2012,0
2016,TO,1717503,0.27335279399499585,0.7266472060050042,0.0,0.0,1,10780.026204687727,9.285450275321605,below_median,12884.130129618063,2012,1
2012,TO,1717800,0.5621401964104301,0.43785980358956994,0.0,0.0,1,6496.696035242291,8.77904902438392,below_median,12884.130129618063,2012,0
2016,TO,1717800,0.49314586994727594,0.5068541300527241,0.0,0.0,1,6496.696035242291,8.77904902438392,below_median,12884.130129618063,2012,1
2012,TO,1718006,0.43266630611141155,0.5673336938885885,0.0,0.0,1,6988.0994049702485,8.851963896248686,below_median,12884.130129618063,2012,0
2016,TO,1718006,0.5010593220338984,0.4231991525423729,0.07574152542372882,0.0,1,6988.0994049702485,8.851963896248686,below_median,12884.130129618063,2012,1
2012,TO,1718204,0.008043093270365998,0.6852863046044865,0.3066706021251476,0.0,1,17408.727448065256,9.7647269369297,above_or_equal_median,12884.130129618063,2012,0
2016,TO,1718204,0.0,0.9879822290408157,0.012017770959184326,0.0,1,17408.727448065256,9.7647269369297,above_or_equal_median,12884.130129618063,2012,1
2012,TO,1718402,0.4480240549828179,0.0,0.5519759450171822,0.0,1,14811.716621253407,9.603173810150071,above_or_equal_median,12884.130129618063,2012,0
2016,TO,1718402,0.6790890269151139,0.32091097308488614,0.0,0.0,1,14811.716621253407,9.603173810150071,above_or_equal_median,12884.130129618063,2012,1
2012,TO,1718659,0.0,1.0,0.0,0.0,1,7143.8127090301,8.874001905671536,below_median,12884.130129618063,2012,0
2016,TO,1718659,0.5227544910179641,0.0,0.47724550898203594,0.0,1,7143.8127090301,8.874001905671536,below_median,12884.130129618063,2012,1
2012,TO,1718709,0.44680851063829785,0.5531914893617021,0.0,0.0,1,9667.048929663608,9.1764783639666,below_median,12884.130129618063,2012,0
2016,TO,1718709,0.04016477857878476,0.9598352214212152,0.0,0.0,1,9667.048929663608,9.1764783639666,below_median,12884.130129618063,2012,1
2012,TO,1718899,0.5316455696202531,0.46835443037974683,0.0,0.0,1,13159.447004608295,9.484895183069982,above_or_equal_median,12884.130129618063,2012,0
2016,TO,1718899,0.5626156693399136,0.43738433066008636,0.0,0.0,1,13159.447004608295,9.484895183069982,above_or_equal_median,12884.130129618063,2012,1
2012,TO,1718907,0.0,1.0,0.0,0.0,1,14137.39960929021,9.556579019376366,above_or_equal_median,12884.130129618063,2012,0
2016,TO,1718907,0.5051805337519624,0.4948194662480377,0.0,0.0,1,14137.39960929021,9.556579019376366,above_or_equal_median,12884.130129618063,2012,1
2012,TO,1719004,0.293282876064333,0.706717123935667,0.0,0.0,1,7711.798839458414,8.950506751855063,below_median,12884.130129618063,2012,0
2016,TO,1719004,0.0,1.0,0.0,0.0,1,7711.798839458414,8.950506751855063,below_median,12884.130129618063,2012,1
2012,TO,1720150,0.5369068541300527,0.46309314586994726,0.0,0.0,1,8644.565960355434,9.06468618984199,below_median,12884.130129618063,2012,0
2016,TO,1720150,0.8201144726083401,0.17988552739165986,0.0,0.0,1,8644.565960355434,9.06468618984199,below_median,12884.130129618063,2012,1
2012,TO,1720259,1.0,0.0,0.0,0.0,1,7766.689373297003,8.95759927448188,below_median,12884.130129618063,2012,0
2016,TO,1720259,0.44753086419753085,0.5524691358024691,0.0,0.0,1,7766.689373297003,8.95759927448188,below_median,12884.130129618063,2012,1
2012,TO,1720655,0.0,1.0,0.0,0.0,1,15831.0546875,9.669728776524257,above_or_equal_median,12884.130129618063,2012,0
2016,TO,1720655,0.5539160045402951,0.4460839954597049,0.0,0.0,1,15831.0546875,9.669728776524257,above_or_equal_median,12884.130129618063,2012,1
2012,TO,1720903,0.5492159227985525,0.45078407720144753,0.0,0.0,1,9991.914449660928,9.209531489885347,below_median,12884.130129618063,2012,0
2016,TO,1720903,0.266516923553559,0.7334830764464411,0.0,0.0,1,9991.914449660928,9.209531489885347,below_median,12884.130129618063,2012,1
2012,TO,1720937,0.4581806064645118,0.5418193935354881,0.0,0.0,1,7430.590610802625,8.913360624566453,below_median,12884.130129618063,2012,0
2016,TO,1720937,0.36065573770491804,0.639344262295082,0.0,0.0,1,7430.590610802625,8.913360624566453,below_median,12884.130129618063,2012,1
2012,TO,1721109,0.5268222275679577,0.47317777243204234,0.0,0.0,1,6281.25,8.745324284241486,below_median,12884.130129618063,2012,0
2016,TO,1721109,0.3012134189864383,0.6987865810135617,0.0,0.0,1,6281.25,8.745324284241486,below_median,12884.130129618063,2012,1
2012,TO,1721307,0.0,1.0,0.0,0.0,1,12019.021739130434,9.394245818681533,below_median,12884.130129618063,2012,0
2016,TO,1721307,0.6375305623471883,0.36246943765281175,0.0,0.0,1,12019.021739130434,9.394245818681533,below_median,12884.130129618063,2012,1
2012,MA,2100055,0.0,0.9130799878508513,0.08692001214914867,0.0,1,12210.727105297778,9.410070115315158,below_median,12884.130129618063,2012,0
2016,MA,2100055,0.027248192104079444,0.3403515449292412,0.6324002629666794,0.0,1,12210.727105297778,9.410070115315158,below_median,12884.130129618063,2012,1
2012,MA,2100154,0.0,1.0,0.0,0.0,0,3641.2136536030343,8.200072326377766,below_median,12884.130129618063,2012,0
2016,MA,2100154,0.0,0.8934445216585591,0.10655547834144082,0.0,0,3641.2136536030343,8.200072326377766,below_median,12884.130129618063,2012,0
2012,MA,2100436,0.0,0.9987021414665801,0.0012978585334198572,0.0,0,5679.854694780068,8.644680929483057,below_median,12884.130129618063,2012,0
2016,MA,2100436,0.0,1.0,0.0,0.0,0,5679.854694780068,8.644680929483057,below_median,12884.130129618063,2012,0
2012,MA,2100477,0.5292908530318602,0.47070914696813976,0.0,0.0,0,4012.1192689964732,8.29707487670488,below_median,12884.130129618063,2012,0
2016,MA,2100477,0.42678681138644275,0.5732131886135572,0.0,0.0,0,4012.1192689964732,8.29707487670488,below_median,12884.130129618063,2012,0
2012,MA,2100550,0.6324719394413991,0.3675280605586009,0.0,0.0,0,4408.020659273887,8.39118103758989,below_median,12884.130129618063,2012,0
2016,MA,2100550,0.42300194931773877,0.5769980506822612,0.0,0.0,0,4408.020659273887,8.39118103758989,below_median,12884.130129618063,2012,0
2012,MA,2100808,0.5959861300830094,0.4040138699169907,0.0,0.0,0,5411.330389180237,8.596250254581205,below_median,12884.130129618063,2012,0
2016,MA,2100808,0.4156426760288668,0.5843573239711333,0.0,0.0,0,5411.330389180237,8.596250254581205,below_median,12884.130129618063,2012,0
2012,MA,2100832,0.08763328839318545,0.9123667116068146,0.0,0.0,0,3643.5465191095095,8.200712804727337,below_median,12884.130129618063,2012,0
2016,MA,2100832,0.0,0.513317191283293,0.48668280871670705,0.0,0,3643.5465191095095,8.200712804727337,below_median,12884.130129618063,2012,0
2012,MA,2100873,1.0,0.0,0.0,0.0,0,3098.0773235232873,8.03853697984006,below_median,12884.130129618063,2012,0
2016,MA,2100873,0.6061114842175958,0.0,0.3938885157824043,0.0,0,3098.0773235232873,8.03853697984006,below_median,12884.130129618063,2012,0
2012,MA,2100907,0.8978354170554208,0.07977234558686322,0.02239223735771599,0.0,0,3995.9911117219895,8.293046915472173,below_median,12884.130129618063,2012,0
2016,MA,2100907,0.7832442221455674,0.0,0.21675577785443256,0.0,0,3995.9911117219895,8.293046915472173,below_median,12884.130129618063,2012,0
2012,MA,2101202,0.4652233393411652,0.5347766606588348,0.0,0.0,1,7446.454864370769,8.91549334098623,below_median,12884.130129618063,2012,0
2016,MA,2101202,0.4299920832233781,0.5680634453256295,0.0019444714509923749,0.0,1,7446.454864370769,8.91549334098623,below_median,12884.130129618063,2012,1
2012,MA,2101301,1.0,0.0,0.0,0.0,0,3548.660893502323,8.174325598208767,below_median,12884.130129618063,2012,0
2016,MA,2101301,0.3924233661075766,0.5092539039907461,0.09832272990167727,0.0,0,3548.660893502323,8.174325598208767,below_median,12884.130129618063,2012,0
2012,MA,2101350,0.0,1.0,0.0,0.0,1,4451.085947651754,8.400903378569202,below_median,12884.130129618063,2012,0
2016,MA,2101350,0.0,1.0,0.0,0.0,1,4451.085947651754,8.400903378569202,below_median,12884.130129618063,2012,1
2012,MA,2101400,0.5732890333220159,0.4193141582189455,0.007396808459038657,0.0,1,23928.966079694914,10.08284497393871,above_or_equal_median,12884.130129618063,2012,0
2016,MA,2101400,0.39062039576580454,0.6093796042341955,0.0,0.0,1,23928.966079694914,10.08284497393871,above_or_equal_median,12884.130129618063,2012,1
2012,MA,2101509,0.5678987942281083,0.4321012057718917,0.0,0.0,0,6221.587728137946,8.735780414917997,below_median,12884.130129618063,2012,0
2016,MA,2101509,0.0,0.45892791803878524,0.5410720819612148,0.0,0,6221.587728137946,8.735780414917997,below_median,12884.130129618063,2012,0
2012,MA,2101731,0.2928505957836847,0.28528872593950505,0.4218606782768103,0.0,1,4188.51989693673,8.340102703955443,below_median,12884.130129618063,2012,0
2016,MA,2101731,0.4741532976827095,0.4864329570211923,0.039413745296098236,0.0,1,4188.51989693673,8.340102703955443,below_median,12884.130129618063,2012,1
2012,MA,2101939,0.0,0.5478329809725159,0.45216701902748413,0.0,0,5407.952871870398,8.595625903163823,below_median,12884.130129618063,2012,0
2016,MA,2101939,0.0,0.5414364640883977,0.4585635359116022,0.0,0,5407.952871870398,8.595625903163823,below_median,12884.130129618063,2012,0
2012,MA,2102036,0.45719623131903836,0.5328135152696556,0.009990253411306042,0.0,0,5910.968637430186,8.68456499501266,below_median,12884.130129618063,2012,0
2016,MA,2102036,0.0,0.4919567510548523,0.5080432489451476,0.0,0,5910.968637430186,8.68456499501266,below_median,12884.130129618063,2012,0
2012,MA,2102309,0.0,1.0,0.0,0.0,0,3770.9243479389247,8.235075435518784,below_median,12884.130129618063,2012,0
2016,MA,2102309,0.0,0.5356095359855606,0.46439046401443934,0.0,0,3770.9243479389247,8.235075435518784,below_median,12884.130129618063,2012,0
2012,MA,2102358,0.5584277148567621,0.4295802798134577,0.011992005329780146,0.0,0,3449.430676490288,8.145964475100728,below_median,12884.130129618063,2012,0
2016,MA,2102358,0.0,0.6433898305084745,0.3566101694915254,0.0,0,3449.430676490288,8.145964475100728,below_median,12884.130129618063,2012,0
2012,MA,2102374,0.626945885841364,0.37305411415863604,0.0,0.0,0,3804.8100383408855,8.244021344829001,below_median,12884.130129618063,2012,0
2016,MA,2102374,0.4960225389459728,0.5039774610540272,0.0,0.0,0,3804.8100383408855,8.244021344829001,below_median,12884.130129618063,2012,0
2012,MA,2102556,0.011620051344412918,0.38778543440075663,0.6005945142548305,0.0,0,4963.367279654187,8.509839676406473,below_median,12884.130129618063,2012,0
2016,MA,2102556,0.2979744136460554,0.0,0.7020255863539445,0.0,0,4963.367279654187,8.509839676406473,below_median,12884.130129618063,2012,0
2012,MA,2102705,0.5828343313373253,0.4171656686626746,0.0,0.0,0,3897.2172996791032,8.268018064543464,below_median,12884.130129618063,2012,0
2016,MA,2102705,0.6149829282988551,0.3757782687286604,0.009238802972484434,0.0,0,3897.2172996791032,8.268018064543464,below_median,12884.130129618063,2012,0
2012,MA,2102754,0.5718076802997191,0.4274118014361536,0.0007805182641273806,0.0,0,5388.640179071069,8.592048346186976,below_median,12884.130129618063,2012,0
2016,MA,2102754,0.0,0.3067394189647545,0.6932605810352456,0.0,0,5388.640179071069,8.592048346186976,below_median,12884.130129618063,2012,0
2012,MA,2102804,0.08629164391043145,0.9137083560895686,0.0,0.0,0,8092.089334168232,8.998642238039876,below_median,12884.130129618063,2012,0
2016,MA,2102804,0.0,1.0,0.0,0.0,0,8092.089334168232,8.998642238039876,below_median,12884.130129618063,2012,0
2012,MA,2102903,0.833420868347339,0.02774859943977591,0.13883053221288516,0.0,0,4772.1277257183465,8.470547548517272,below_median,12884.130129618063,2012,0
2016,MA,2102903,0.9344749394010478,0.06552506059895223,0.0,0.0,0,4772.1277257183465,8.470547548517272,below_median,12884.130129618063,2012,0
2012,MA,2103000,0.05868904489093305,0.8807929207348234,0.06051803437424352,0.0,1,7970.125079875236,8.983455465497405,below_median,12884.130129618063,2012,0
2016,MA,2103000,0.507856865033061,0.49214313496693896,0.0,0.0,1,7970.125079875236,8.983455465497405,below_median,12884.130129618063,2012,1
2012,MA,2103158,1.0,0.0,0.0,0.0,0,4111.194590533433,8.321468919889412,below_median,12884.130129618063,2012,0
2016,MA,2103158,1.0,0.0,0.0,0.0,0,4111.194590533433,8.321468919889412,below_median,12884.130129618063,2012,0
2012,MA,2103307,0.14884543578657758,0.839225705021126,0.011928859192296354,0.0,1,6359.895531537886,8.75776723034044,below_median,12884.130129618063,2012,0
2016,MA,2103307,0.07836089144500359,0.8033429187634795,0.11829618979151689,0.0,1,6359.895531537886,8.75776723034044,below_median,12884.130129618063,2012,1
2012,MA,2103604,0.0,0.5364859087770069,0.4635140912229932,0.0,1,4278.452721148166,8.361346709463565,below_median,12884.130129618063,2012,0
2016,MA,2103604,0.00413065582104728,0.46765378749364517,0.5282155566853076,0.0,1,4278.452721148166,8.361346709463565,below_median,12884.130129618063,2012,1
2012,MA,2103703,0.38262327302156196,0.617376726978438,0.0,0.0,0,4218.210361067504,8.347166232025465,below_median,12884.130129618063,2012,0
2016,MA,2103703,0.0,0.3776770538243626,0.6223229461756374,0.0,0,4218.210361067504,8.347166232025465,below_median,12884.130129618063,2012,0
2012,MA,2104008,0.0,1.0,0.0,0.0,1,4695.681625740897,8.454398562306062,below_median,12884.130129618063,2012,0
2016,MA,2104008,0.0,0.44583096993760635,0.5541690300623936,0.0,1,4695.681625740897,8.454398562306062,below_median,12884.130129618063,2012,1
2012,MA,2104073,0.4461011484988918,0.5538988515011082,0.0,0.0,1,5407.790626902009,8.59559590153362,below_median,12884.130129618063,2012,0
2016,MA,2104073,0.0,0.0,1.0,0.0,1,5407.790626902009,8.59559590153362,below_median,12884.130129618063,2012,1
2012,MA,2104107,1.0,0.0,0.0,0.0,1,9314.155696408256,9.13929063978743,below_median,12884.130129618063,2012,0
2016,MA,2104107,0.0,1.0,0.0,0.0,1,9314.155696408256,9.13929063978743,below_median,12884.130129618063,2012,1
2012,MA,2104206,0.4981098510117856,0.0,0.5018901489882144,0.0,0,4442.599182812706,8.398994885680027,below_median,12884.130129618063,2012,0
2016,MA,2104206,0.0,0.5646970830216903,0.43530291697830964,0.0,0,4442.599182812706,8.398994885680027,below_median,12884.130129618063,2012,0
2012,MA,2104404,0.43170838823012736,0.0,0.5682916117698726,0.0,0,4017.953833000855,8.298528055264283,below_median,12884.130129618063,2012,0
2016,MA,2104404,0.0,0.5063265512703715,0.4936734487296285,0.0,0,4017.953833000855,8.298528055264283,below_median,12884.130129618063,2012,0
2012,MA,2104503,0.0,1.0,0.0,0.0,0,3722.425761666024,8.222130821220553,below_median,12884.130129618063,2012,0
2016,MA,2104503,0.0,0.5643146796431467,0.4356853203568532,0.0,0,3722.425761666024,8.222130821220553,below_median,12884.130129618063,2012,0
2012,MA,2104552,0.5749139203148057,0.39370388588293165,0.03138219380226267,0.0,0,11904.510239625248,9.38467261902603,below_median,12884.130129618063,2012,0
2016,MA,2104552,0.17842430484037075,0.3846549948506694,0.43692070030895985,0.0,0,11904.510239625248,9.38467261902603,below_median,12884.130129618063,2012,0
2012,MA,2104628,1.0,0.0,0.0,0.0,0,3614.178504422407,8.192619862412318,below_median,12884.130129618063,2012,0
2016,MA,2104628,1.0,0.0,0.0,0.0,0,3614.178504422407,8.192619862412318,below_median,12884.130129618063,2012,0
2012,MA,2104651,1.0,0.0,0.0,0.0,0,4293.822545740704,8.364932651488065,below_median,12884.130129618063,2012,0
2016,MA,2104651,0.3696102104173853,0.018799586064160056,0.6115902035184546,0.0,0,4293.822545740704,8.364932651488065,below_median,12884.130129618063,2012,0
2012,MA,2104677,0.0,0.5114166074109189,0.4885833925890811,0.0,0,5861.943687556766,8.676236514871364,below_median,12884.130129618063,2012,0
2016,MA,2104677,0.3617591653383568,0.05897695986088972,0.5792638748007535,0.0,0,5861.943687556766,8.676236514871364,below_median,12884.130129618063,2012,0
2012,MA,2104701,0.0,1.0,0.0,0.0,0,3928.9430894308944,8.276125734707028,below_median,12884.130129618063,2012,0
2016,MA,2104701,0.43955094991364424,0.5604490500863558,0.0,0.0,0,3928.9430894308944,8.276125734707028,below_median,12884.130129618063,2012,0
2012,MA,2105005,0.5990886960863866,0.4009113039136134,0.0,0.0,0,3626.740429955816,8.196089570677215,below_median,12884.130129618063,2012,0
2016,MA,2105005,0.0,1.0,0.0,0.0,0,3626.740429955816,8.196089570677215,below_median,12884.130129618063,2012,0
2012,MA,2105302,0.32547366396306865,0.6358237425063316,0.038702593530599814,0.0,1,17568.82065719439,9.77388105640097,above_or_equal_median,12884.130129618063,2012,0
2016,MA,2105302,0.21335482801741673,0.7827203832883853,0.0039247886941979416,0.0,1,17568.82065719439,9.77388105640097,above_or_equal_median,12884.130129618063,2012,1
2012,MA,2105658,0.5151905252317199,0.4848094747682801,0.0,0.0,1,7138.976793248945,8.87332473879665,below_median,12884.130129618063,2012,0
2016,MA,2105658,0.4422000486736432,0.0,0.5577999513263567,0.0,1,7138.976793248945,8.87332473879665,below_median,12884.130129618063,2012,1
2012,MA,2105807,0.461439588688946,0.0,0.538560411311054,0.0,0,3816.106764841233,8.246986010384665,below_median,12884.130129618063,2012,0
2016,MA,2105807,0.0,0.45508803342285886,0.5449119665771411,0.0,0,3816.106764841233,8.246986010384665,below_median,12884.130129618063,2012,0
2012,MA,2105922,0.0,0.621050591199845,0.3789494088001551,0.0,0,3679.0506617982655,8.210410025544961,below_median,12884.130129618063,2012,0
2016,MA,2105922,0.3819990373816782,0.6180009626183218,0.0,0.0,0,3679.0506617982655,8.210410025544961,below_median,12884.130129618063,2012,0
2012,MA,2105948,0.39231966787752987,0.6076803321224702,0.0,0.0,0,5216.038223140496,8.559493431635715,below_median,12884.130129618063,2012,0
2016,MA,2105948,0.5854027861901878,0.41050878255602663,0.004088431253785585,0.0,0,5216.038223140496,8.559493431635715,below_median,12884.130129618063,2012,0
2012,MA,2105963,0.4349320418684581,0.0349945321043587,0.5300734260271832,0.0,0,4423.886089112871,8.394773794478468,below_median,12884.130129618063,2012,0
2016,MA,2105963,0.5229451060121987,0.0,0.4770548939878013,0.0,0,4423.886089112871,8.394773794478468,below_median,12884.130129618063,2012,0
2012,MA,2106003,1.0,0.0,0.0,0.0,0,4798.004338394794,8.475955347608233,below_median,12884.130129618063,2012,0
2016,MA,2106003,0.7205234343704099,0.0,0.27947656562959006,0.0,0,4798.004338394794,8.475955347608233,below_median,12884.130129618063,2012,0
2012,MA,2106201,0.0,0.968915343915344,0.031084656084656083,0.0,0,3996.832101372756,8.293257351667608,below_median,12884.130129618063,2012,0
2016,MA,2106201,0.0,0.5436953807740325,0.45630461922596754,0.0,0,3996.832101372756,8.293257351667608,below_median,12884.130129618063,2012,0
2012,MA,2106300,0.4688677154885885,0.5311322845114115,0.0,0.0,0,3917.4372161733327,8.273192947598453,below_median,12884.130129618063,2012,0
2016,MA,2106300,0.0,0.504119464469619,0.49588053553038103,0.0,0,3917.4372161733327,8.273192947598453,below_median,12884.130129618063,2012,0
2012,MA,2106326,0.5272854711124462,0.47271452888755383,0.0,0.0,1,4828.2797807613015,8.482245530157567,below_median,12884.130129618063,2012,0
2016,MA,2106326,1.0,0.0,0.0,0.0,1,4828.2797807613015,8.482245530157567,below_median,12884.130129618063,2012,1
2012,MA,2106375,0.90597961930398,0.09402038069601999,0.0,0.0,0,3901.9553841916827,8.269233087030472,below_median,12884.130129618063,2012,0
2016,MA,2106375,0.8496087104457298,0.0,0.15039128955427017,0.0,0,3901.9553841916827,8.269233087030472,below_median,12884.130129618063,2012,0
2012,MA,2106508,0.5217391304347826,0.4782608695652174,0.0,0.0,1,4133.088037332855,8.326780115357419,below_median,12884.130129618063,2012,0
2016,MA,2106508,0.3363272752789278,0.0,0.6636727247210722,0.0,1,4133.088037332855,8.326780115357419,below_median,12884.130129618063,2012,1
2012,MA,2106607,0.283144285888523,0.716855714111477,0.0,0.0,1,3222.3429351874843,8.077863993575075,below_median,12884.130129618063,2012,0
2016,MA,2106607,0.0,1.0,0.0,0.0,1,3222.3429351874843,8.077863993575075,below_median,12884.130129618063,2012,1
2012,MA,2106672,0.7029037676985841,0.0,0.2970962323014159,0.0,0,4222.208663819402,8.34811365016648,below_median,12884.130129618063,2012,0
2016,MA,2106672,0.524442538593482,0.0,0.475557461406518,0.0,0,4222.208663819402,8.34811365016648,below_median,12884.130129618063,2012,0
2012,MA,2106755,0.0,0.9786570969874397,0.021342903012560203,0.0,0,9832.911490985554,9.193490353517795,below_median,12884.130129618063,2012,0
2016,MA,2106755,0.0,0.5981440704624096,0.4018559295375904,0.0,0,9832.911490985554,9.193490353517795,below_median,12884.130129618063,2012,0
2012,MA,2106904,0.5524077376869255,0.4475922623130745,0.0,0.0,1,3857.5842608065077,8.257796427370499,below_median,12884.130129618063,2012,0
2016,MA,2106904,0.08025065696381646,0.4923522673674281,0.42739707566875546,0.0,1,3857.5842608065077,8.257796427370499,below_median,12884.130129618063,2012,1
2012,MA,2107258,0.504563605248146,0.49486594409583573,0.0005704506560182544,0.0,1,7387.763210170839,8.907580290205992,below_median,12884.130129618063,2012,0
2016,MA,2107258,0.5632121540965817,0.43678784590341835,0.0,0.0,1,7387.763210170839,8.907580290205992,below_median,12884.130129618063,2012,1
2012,MA,2107357,0.6354101111810363,0.3645898888189637,0.0,0.0,0,4968.309680044763,8.510834956623222,below_median,12884.130129618063,2012,0
2016,MA,2107357,0.0,1.0,0.0,0.0,0,4968.309680044763,8.510834956623222,below_median,12884.130129618063,2012,0
2012,MA,2107407,0.9950910978948362,0.0,0.004908902105163787,0.0,0,4950.573979591837,8.507258804313517,below_median,12884.130129618063,2012,0
2016,MA,2107407,0.0,0.6218413147199152,0.37815868528008484,0.0,0,4950.573979591837,8.507258804313517,below_median,12884.130129618063,2012,0
2012,MA,2107803,0.4074864554260384,0.5925135445739615,0.0,0.0,0,3909.73892898512,8.27122588066966,below_median,12884.130129618063,2012,0
2016,MA,2107803,0.6453096259963212,0.3546903740036787,0.0,0.0,0,3909.73892898512,8.27122588066966,below_median,12884.130129618063,2012,0
2012,MA,2108058,0.5622787610619469,0.4377212389380531,0.0,0.0,0,3802.1508249281947,8.243322192153233,below_median,12884.130129618063,2012,0
2016,MA,2108058,0.5518272104907916,0.0007713817375373638,0.447401407771671,0.0,0,3802.1508249281947,8.243322192153233,below_median,12884.130129618063,2012,0
2012,MA,2108108,0.0,0.5313626532083634,0.4686373467916366,0.0,1,4951.647599491542,8.507475648563132,below_median,12884.130129618063,2012,0
2016,MA,2108108,0.0,0.4572890928344511,0.5427109071655489,0.0,1,4951.647599491542,8.507475648563132,below_median,12884.130129618063,2012,1
2012,MA,2108207,0.5463321363615166,0.45366786363848344,0.0,0.0,0,7935.137467949532,8.979055957063695,below_median,12884.130129618063,2012,0
2016,MA,2108207,0.3746159842266954,0.6253840157733046,0.0,0.0,0,7935.137467949532,8.979055957063695,below_median,12884.130129618063,2012,0
2012,MA,2108454,0.10561638996820912,0.4841045566937478,0.4102790533380431,0.0,1,4569.887537296305,8.42724387467873,below_median,12884.130129618063,2012,0
2016,MA,2108454,1.0,0.0,0.0,0.0,1,4569.887537296305,8.42724387467873,below_median,12884.130129618063,2012,1
2012,MA,2108504,0.523766765811774,0.47623323418822605,0.0,0.0,1,5129.140434686324,8.542693367534282,below_median,12884.130129618063,2012,0
2016,MA,2108504,0.010748722271984826,0.45924442805205756,0.5300068496759577,0.0,1,5129.140434686324,8.542693367534282,below_median,12884.130129618063,2012,1
2012,MA,2108702,0.5041628769327643,0.4768767928356538,0.018960330231581893,0.0,0,4623.548922056385,8.438917854135367,below_median,12884.130129618063,2012,0
2016,MA,2108702,0.01204418418951291,0.4012509981368113,0.5867048176736758,0.0,0,4623.548922056385,8.438917854135367,below_median,12884.130129618063,2012,0
2012,MA,2108900,1.0,0.0,0.0,0.0,1,5305.139577354553,8.57643136123063,below_median,12884.130129618063,2012,0
2016,MA,2108900,0.0,0.44001047851903596,0.559989521480964,0.0,1,5305.139577354553,8.57643136123063,below_median,12884.130129618063,2012,1
2012,MA,2109205,0.5751272074229272,0.4006285543250524,0.024244238252020354,0.0,0,5364.6297385895605,8.587582638440812,below_median,12884.130129618063,2012,0
2016,MA,2109205,1.0,0.0,0.0,0.0,0,5364.6297385895605,8.587582638440812,below_median,12884.130129618063,2012,0
2012,MA,2109239,0.0,1.0,0.0,0.0,0,4566.422912858014,8.426485444977097,below_median,12884.130129618063,2012,0
2016,MA,2109239,0.5783822476735863,0.0,0.42161775232641374,0.0,0,4566.422912858014,8.426485444977097,below_median,12884.130129618063,2012,0
2012,MA,2109403,0.0,0.5466237942122186,0.4533762057877814,0.0,0,3435.1097178683385,8.141804145301608,below_median,12884.130129618063,2012,0
2016,MA,2109403,0.5823336968375137,0.0,0.4176663031624864,0.0,0,3435.1097178683385,8.141804145301608,below_median,12884.130129618063,2012,0
2012,MA,2109502,0.3364835781790961,0.6048470103864508,0.058669411434453075,0.0,1,10768.625889613299,9.284392175159407,below_median,12884.130129618063,2012,0
2016,MA,2109502,0.542356715512009,0.45764328448799096,0.0,0.0,1,10768.625889613299,9.284392175159407,below_median,12884.130129618063,2012,1
2012,MA,2109551,0.3115914307574598,0.6822876817138485,0.00612088752869166,0.0,0,6264.911337990327,8.742719715273177,below_median,12884.130129618063,2012,0
2016,MA,2109551,0.33840155945419104,0.3064327485380117,0.3551656920077973,0.0,0,6264.911337990327,8.742719715273177,below_median,12884.130129618063,2012,0
2012,MA,2109908,0.0,1.0,0.0,0.0,1,9973.695908958125,9.207706497267328,below_median,12884.130129618063,2012,0
2016,MA,2109908,0.0,0.9863645093143845,0.013635490685615518,0.0,1,9973.695908958125,9.207706497267328,below_median,12884.130129618063,2012,1
2012,MA,2110039,0.5683778234086242,0.4119917864476386,0.019630390143737166,0.0,0,6406.034295637074,8.764995683828996,below_median,12884.130129618063,2012,0
2016,MA,2110039,0.5123789020452099,0.4876210979547901,0.0,0.0,0,6406.034295637074,8.764995683828996,below_median,12884.130129618063,2012,0
2012,MA,2110104,0.4852039096730704,0.27671048196831816,0.2380856083586114,0.0,0,4077.1598533582346,8.313155910625117,below_median,12884.130129618063,2012,0
2016,MA,2110104,0.00668364099299809,0.9916613621896881,0.001654996817313813,0.0,0,4077.1598533582346,8.313155910625117,below_median,12884.130129618063,2012,0
2012,MA,2110237,1.0,0.0,0.0,0.0,0,3205.113496681144,8.07250278110878,below_median,12884.130129618063,2012,0
2016,MA,2110237,0.4746434231378764,0.0,0.5253565768621236,0.0,0,3205.113496681144,8.07250278110878,below_median,12884.130129618063,2012,0
2012,MA,2110278,0.5960677966101695,0.4039322033898305,0.0,0.0,0,3000.2767017155506,8.006459797302146,below_median,12884.130129618063,2012,0
2016,MA,2110278,0.5395131310708718,0.0,0.4604868689291282,0.0,0,3000.2767017155506,8.006459797302146,below_median,12884.130129618063,2012,0
2012,MA,2110302,0.5639871382636656,0.4360128617363344,0.0,0.0,0,10447.810270043376,9.254147691899124,below_median,12884.130129618063,2012,0
2016,MA,2110302,0.0,0.5110398534127347,0.4889601465872652,0.0,0,10447.810270043376,9.254147691899124,below_median,12884.130129618063,2012,0
2012,MA,2110500,0.005365393213771176,0.9946346067862288,0.0,0.0,1,3889.622888102084,8.266067487980498,below_median,12884.130129618063,2012,0
2016,MA,2110500,0.0034882624681813897,0.5988498161591402,0.3976619213726784,0.0,1,3889.622888102084,8.266067487980498,below_median,12884.130129618063,2012,1
2012,MA,2110807,1.0,0.0,0.0,0.0,0,5636.32441760138,8.636987433037152,below_median,12884.130129618063,2012,0
2016,MA,2110807,0.0,0.49291338582677163,0.5070866141732283,0.0,0,5636.32441760138,8.636987433037152,below_median,12884.130129618063,2012,0
2012,MA,2110906,0.3332830871269219,0.3858908652396744,0.2808260476334037,0.0,0,2873.6171639289305,7.963326851060856,below_median,12884.130129618063,2012,0
2016,MA,2110906,0.38833977940123193,0.0,0.6116602205987681,0.0,0,2873.6171639289305,7.963326851060856,below_median,12884.130129618063,2012,0
2012,MA,2111029,0.5038319238900634,0.4961680761099366,0.0,0.0,0,4641.801548205489,8.442857834564526,below_median,12884.130129618063,2012,0
2016,MA,2111029,1.0,0.0,0.0,0.0,0,4641.801548205489,8.442857834564526,below_median,12884.130129618063,2012,0
2012,MA,2111052,0.38761835396941,0.40975965040058265,0.2026219956300073,0.0,0,5777.522514243705,8.661730239024319,below_median,12884.130129618063,2012,0
2016,MA,2111052,0.0,0.3603057839319198,0.6396942160680802,0.0,0,5777.522514243705,8.661730239024319,below_median,12884.130129618063,2012,0
2012,MA,2111102,0.4361665400814748,0.5567216736863909,0.007111786232134226,0.0,0,5984.63441890166,8.696950533236155,below_median,12884.130129618063,2012,0
2016,MA,2111102,0.41645935587978217,0.5835406441202179,0.0,0.0,0,5984.63441890166,8.696950533236155,below_median,12884.130129618063,2012,0
2012,MA,2111573,0.0,1.0,0.0,0.0,0,8290.459206419973,9.02286063940824,below_median,12884.130129618063,2012,0
2016,MA,2111573,0.0,1.0,0.0,0.0,0,8290.459206419973,9.02286063940824,below_median,12884.130129618063,2012,0
2012,MA,2111722,0.0,1.0,0.0,0.0,0,3189.7619047619046,8.067701554987663,below_median,12884.130129618063,2012,0
2016,MA,2111722,0.0,0.5066878258898209,0.4933121741101791,0.0,0,3189.7619047619046,8.067701554987663,below_median,12884.130129618063,2012,0
2012,MA,2111748,0.0,1.0,0.0,0.0,0,4006.469412995909,8.29566568684377,below_median,12884.130129618063,2012,0
2016,MA,2111748,0.0,0.44251555846708157,0.5574844415329184,0.0,0,4006.469412995909,8.29566568684377,below_median,12884.130129618063,2012,0
2012,MA,2111789,0.0,0.5057565789473685,0.4942434210526316,0.0,0,3338.833570412518,8.113376794560189,below_median,12884.130129618063,2012,0
2016,MA,2111789,0.36077189808533094,0.6392281019146691,0.0,0.0,0,3338.833570412518,8.113376794560189,below_median,12884.130129618063,2012,0
2012,MA,2111904,0.0,1.0,0.0,0.0,0,4162.617180026784,8.333899285250244,below_median,12884.130129618063,2012,0
2016,MA,2111904,0.004470272686633884,0.9955297273133661,0.0,0.0,0,4162.617180026784,8.333899285250244,below_median,12884.130129618063,2012,0
2012,MA,2111953,0.4473919523099851,0.5526080476900149,0.0,0.0,0,3920.417124039517,8.273953336317206,below_median,12884.130129618063,2012,0
2016,MA,2111953,0.5690123829658713,0.4309876170341287,0.0,0.0,0,3920.417124039517,8.273953336317206,below_median,12884.130129618063,2012,0
2012,MA,2112001,0.07355338223308884,0.9264466177669112,0.0,0.0,0,80492.13286713287,11.29591473027233,above_or_equal_median,12884.130129618063,2012,0
2016,MA,2112001,0.6018485602559545,0.3981514397440455,0.0,0.0,0,80492.13286713287,11.29591473027233,above_or_equal_median,12884.130129618063,2012,0
2012,MA,2112209,0.06367806860633494,0.9253093856094623,0.011012545784202778,0.0,1,6709.5584777169515,8.811288427162463,below_median,12884.130129618063,2012,0
2016,MA,2112209,0.4386676655333372,0.5613323344666629,0.0,0.0,1,6709.5584777169515,8.811288427162463,below_median,12884.130129618063,2012,1
2012,MA,2112233,0.0,0.531732261893891,0.46826773810610905,0.0,0,5297.326645638347,8.574957565801139,below_median,12884.130129618063,2012,0
2016,MA,2112233,0.0,1.0,0.0,0.0,0,5297.326645638347,8.574957565801139,below_median,12884.130129618063,2012,0
2012,MA,2112274,0.0,1.0,0.0,0.0,1,4730.3132188993095,8.461746698934,below_median,12884.130129618063,2012,0
2016,MA,2112274,0.0035495957404851116,0.544468546637744,0.45198185762177084,0.0,1,4730.3132188993095,8.461746698934,below_median,12884.130129618063,2012,1
2012,MA,2112456,0.0,1.0,0.0,0.0,0,4085.7601080442305,8.315263062945322,below_median,12884.130129618063,2012,0
2016,MA,2112456,0.4502040059347181,0.0,0.5497959940652819,0.0,0,4085.7601080442305,8.315263062945322,below_median,12884.130129618063,2012,0
2012,MA,2112605,0.0,0.37738264580369846,0.6226173541963016,0.0,1,3814.0085186938004,8.246436019690591,below_median,12884.130129618063,2012,0
2016,MA,2112605,0.0,0.44311562771099267,0.5568843722890073,0.0,1,3814.0085186938004,8.246436019690591,below_median,12884.130129618063,2012,1
2012,MA,2112803,1.0,0.0,0.0,0.0,1,4767.415484410132,8.469559609873317,below_median,12884.130129618063,2012,0
2016,MA,2112803,0.0,0.9969744993516785,0.0030255006483215674,0.0,1,4767.415484410132,8.469559609873317,below_median,12884.130129618063,2012,1
2012,MA,2112902,0.0,1.0,0.0,0.0,0,4972.837786501203,8.511745939341228,below_median,12884.130129618063,2012,0
2016,MA,2112902,0.29844178702697105,0.7015582129730289,0.0,0.0,0,4972.837786501203,8.511745939341228,below_median,12884.130129618063,2012,0
2012,PI,2200301,0.0,1.0,0.0,0.0,1,3757.0188133140377,8.231381053097774,below_median,12884.130129618063,2012,0
2016,PI,2200301,1.0,0.0,0.0,0.0,1,3757.0188133140377,8.231381053097774,below_median,12884.130129618063,2012,1
2012,PI,2200400,0.17709465628940388,0.8229053437105961,0.0,0.0,1,5004.0273246329525,8.517998332130038,below_median,12884.130129618063,2012,0
2016,PI,2200400,0.0,0.29521112889326606,0.7047888711067339,0.0,1,5004.0273246329525,8.517998332130038,below_median,12884.130129618063,2012,1
2012,PI,2200509,0.5025876940770557,0.4974123059229442,0.0,0.0,1,4924.241541955395,8.501925540113298,below_median,12884.130129618063,2012,0
2016,PI,2200509,0.48546787408365677,0.06890901250539025,0.445623113410953,0.0,1,4924.241541955395,8.501925540113298,below_median,12884.130129618063,2012,1
2012,PI,2200707,0.007358636715724245,0.9926413632842758,0.0,0.0,1,4088.2258923814597,8.315866387788768,below_median,12884.130129618063,2012,0
2016,PI,2200707,0.0,1.0,0.0,0.0,1,4088.2258923814597,8.315866387788768,below_median,12884.130129618063,2012,1
2012,PI,2200806,0.4430683180183779,0.556931681981622,0.0,0.0,1,41455.01955671447,10.632364252307884,above_or_equal_median,12884.130129618063,2012,0
2016,PI,2200806,0.4348355663824604,0.5651644336175395,0.0,0.0,1,41455.01955671447,10.632364252307884,above_or_equal_median,12884.130129618063,2012,1
2012,PI,2200954,0.0,1.0,0.0,0.0,1,4620.393120393121,8.438235071449933,below_median,12884.130129618063,2012,0
2016,PI,2200954,0.46830748482805123,0.5316925151719487,0.0,0.0,1,4620.393120393121,8.438235071449933,below_median,12884.130129618063,2012,1
2012,PI,2201051,0.3958468526930565,0.5797101449275363,0.024443002379407313,0.0,1,3755.2042160737815,8.23089794782562,below_median,12884.130129618063,2012,0
2016,PI,2201051,0.535515873015873,0.464484126984127,0.0,0.0,1,3755.2042160737815,8.23089794782562,below_median,12884.130129618063,2012,1
2012,PI,2201200,0.5469603968721096,0.4530396031278904,0.0,0.0,1,4784.236930117937,8.473081819930444,below_median,12884.130129618063,2012,0
2016,PI,2201200,0.4779481562614093,0.5220518437385907,0.0,0.0,1,4784.236930117937,8.473081819930444,below_median,12884.130129618063,2012,1
2012,PI,2201507,0.0,1.0,0.0,0.0,1,4258.386811666603,8.356645684837643,below_median,12884.130129618063,2012,0
2016,PI,2201507,0.5732546705998034,0.42674532940019666,0.0,0.0,1,4258.386811666603,8.356645684837643,below_median,12884.130129618063,2012,1
2012,PI,2201770,0.481317141522653,0.5186828584773471,0.0,0.0,1,3748.1057677439308,8.229005862742408,below_median,12884.130129618063,2012,0
2016,PI,2201770,0.5319600764493523,0.025483117434699512,0.44255680611594816,0.0,1,3748.1057677439308,8.229005862742408,below_median,12884.130129618063,2012,1
2012,PI,2201903,0.4365431272483895,0.5523299590061073,0.01112691374550322,0.0,1,16389.222570002537,9.70437923742207,above_or_equal_median,12884.130129618063,2012,0
2016,PI,2201903,0.4137622877569258,0.5784182305630027,0.007819481680071492,0.0,1,16389.222570002537,9.70437923742207,above_or_equal_median,12884.130129618063,2012,1
2012,PI,2201919,0.5140126004779492,0.48598739952205083,0.0,0.0,1,4660.440170149805,8.446865179772592,below_median,12884.130129618063,2012,0
2016,PI,2201919,0.9492999575731863,0.050700042426813745,0.0,0.0,1,4660.440170149805,8.446865179772592,below_median,12884.130129618063,2012,1
2012,PI,2201929,0.0,1.0,0.0,0.0,1,3971.3032352403584,8.286849590653553,below_median,12884.130129618063,2012,0
2016,PI,2201929,0.5328449328449328,0.46715506715506716,0.0,0.0,1,3971.3032352403584,8.286849590653553,below_median,12884.130129618063,2012,1
2012,PI,2201960,0.0,0.5647537805350911,0.4352462194649089,0.0,1,3629.3905920317734,8.196820032182325,below_median,12884.130129618063,2012,0
2016,PI,2201960,1.0,0.0,0.0,0.0,1,3629.3905920317734,8.196820032182325,below_median,12884.130129618063,2012,1
2012,PI,2201988,0.3593232806178742,0.6406767193821258,0.0,0.0,1,5105.531686358754,8.538079875294766,below_median,12884.130129618063,2012,0
2016,PI,2201988,0.794587092297016,0.0,0.20541290770298404,0.0,1,5105.531686358754,8.538079875294766,below_median,12884.130129618063,2012,1
2012,PI,2202000,0.5101319306717255,0.48986806932827454,0.0,0.0,1,5002.862794087029,8.517765586384384,below_median,12884.130129618063,2012,0
2016,PI,2202000,0.44772495888479913,0.5522750411152009,0.0,0.0,1,5002.862794087029,8.517765586384384,below_median,12884.130129618063,2012,1
2012,PI,2202026,0.8185553633217993,0.18144463667820068,0.0,0.0,1,3861.121425919049,8.2587129451142,below_median,12884.130129618063,2012,0
2016,PI,2202026,0.6277011730808808,0.0,0.37229882691911914,0.0,1,3861.121425919049,8.2587129451142,below_median,12884.130129618063,2012,1
2012,PI,2202059,0.5651660516605166,0.4348339483394834,0.0,0.0,1,3639.294164037855,8.199545030849011,below_median,12884.130129618063,2012,0
2016,PI,2202059,0.562131762185324,0.43786823781467593,0.0,0.0,1,3639.294164037855,8.199545030849011,below_median,12884.130129618063,2012,1
2012,PI,2202075,0.0,0.48631673396141767,0.5136832660385823,0.0,1,4101.670084969235,8.319149507550256,below_median,12884.130129618063,2012,0
2016,PI,2202075,0.46910324039186135,0.0,0.5308967596081386,0.0,1,4101.670084969235,8.319149507550256,below_median,12884.130129618063,2012,1
2012,PI,2202109,0.0,1.0,0.0,0.0,1,4509.084235639567,8.413849359914263,below_median,12884.130129618063,2012,0
2016,PI,2202109,0.5297245045915902,0.47027549540840985,0.0,0.0,1,4509.084235639567,8.413849359914263,below_median,12884.130129618063,2012,1
2012,PI,2202208,0.039934618670827295,0.38106913332590364,0.5789962480032691,0.0,1,7194.623348647045,8.881089268909799,below_median,12884.130129618063,2012,0
2016,PI,2202208,0.01972707858254606,0.463966409671698,0.5163065117457559,0.0,1,7194.623348647045,8.881089268909799,below_median,12884.130129618063,2012,1
2012,PI,2202307,0.4037830367939195,0.5962169632060805,0.0,0.0,1,6022.674846625767,8.703286766301018,below_median,12884.130129618063,2012,0
2016,PI,2202307,0.5032919409950829,0.4317026418868239,0.06500541711809317,0.0,1,6022.674846625767,8.703286766301018,below_median,12884.130129618063,2012,1
2012,PI,2202539,0.41354194766657676,0.5864580523334233,0.0,0.0,1,4663.116790912318,8.447439342797974,below_median,12884.130129618063,2012,0
2016,PI,2202539,0.0,0.3541179527149909,0.6458820472850091,0.0,1,4663.116790912318,8.447439342797974,below_median,12884.130129618063,2012,1
2012,PI,2202604,0.5252831534825649,0.02024435922589851,0.4544724872915366,0.0,1,5342.87739965096,8.583519625718644,below_median,12884.130129618063,2012,0
2016,PI,2202604,0.41970926301555106,0.0,0.580290736984449,0.0,1,5342.87739965096,8.583519625718644,below_median,12884.130129618063,2012,1
2012,PI,2202653,0.0,0.41089108910891087,0.5891089108910891,0.0,1,5162.930034789331,8.549259533517121,below_median,12884.130129618063,2012,0
2016,PI,2202653,0.09726156751652502,0.4922096317280453,0.41052880075542963,0.0,1,5162.930034789331,8.549259533517121,below_median,12884.130129618063,2012,1
2012,PI,2202737,0.0,1.0,0.0,0.0,1,4680.268595041322,8.451110779367676,below_median,12884.130129618063,2012,0
2016,PI,2202737,0.0,0.3727227966518956,0.6272772033481043,0.0,1,4680.268595041322,8.451110779367676,below_median,12884.130129618063,2012,1
2012,PI,2202778,0.0,0.3383441258094357,0.6616558741905643,0.0,1,4176.6519233346735,8.337265229287922,below_median,12884.130129618063,2012,0
2016,PI,2202778,0.5054575986565911,0.0,0.4945424013434089,0.0,1,4176.6519233346735,8.337265229287922,below_median,12884.130129618063,2012,1
2012,PI,2202851,0.3860322333077513,0.6139677666922486,0.0,0.0,1,3642.622231966674,8.200459094669453,below_median,12884.130129618063,2012,0
2016,PI,2202851,0.4933024214322514,0.5066975785677486,0.0,0.0,1,3642.622231966674,8.200459094669453,below_median,12884.130129618063,2012,1
2012,PI,2202901,0.0,1.0,0.0,0.0,1,6937.483001126782,8.844694307763657,below_median,12884.130129618063,2012,0
2016,PI,2202901,0.5582517672648178,0.0,0.44174823273518216,0.0,1,6937.483001126782,8.844694307763657,below_median,12884.130129618063,2012,1
2012,PI,2203230,0.0,1.0,0.0,0.0,1,17368.718592964826,9.762426085239582,above_or_equal_median,12884.130129618063,2012,0
2016,PI,2203230,0.46033570935847323,0.5385146010577144,0.0011496895838123706,0.0,1,17368.718592964826,9.762426085239582,above_or_equal_median,12884.130129618063,2012,1
2012,PI,2203354,0.5324043353240433,0.46759566467595665,0.0,0.0,1,4137.283877641496,8.327794783309903,below_median,12884.130129618063,2012,0
2016,PI,2203354,0.0,0.5434589800443459,0.4565410199556541,0.0,1,4137.283877641496,8.327794783309903,below_median,12884.130129618063,2012,1
2012,PI,2203404,0.458948164964056,0.5380249716231555,0.003026863412788498,0.0,1,6359.65175622936,8.757728899525192,below_median,12884.130129618063,2012,0
2016,PI,2203404,0.4998048399687744,0.5001951600312255,0.0,0.0,1,6359.65175622936,8.757728899525192,below_median,12884.130129618063,2012,1
2012,PI,2203420,0.0,1.0,0.0,0.0,1,3998.3571931471483,8.293638854027767,below_median,12884.130129618063,2012,0
2016,PI,2203420,0.006533700137551582,0.9934662998624484,0.0,0.0,1,3998.3571931471483,8.293638854027767,below_median,12884.130129618063,2012,1
2012,PI,2203453,0.0,0.9151175026306559,0.08488249736934408,0.0,1,3395.4388984509465,8.13018830953137,below_median,12884.130129618063,2012,0
2016,PI,2203453,0.5647733381114496,0.4352266618885504,0.0,0.0,1,3395.4388984509465,8.13018830953137,below_median,12884.130129618063,2012,1
2012,PI,2203503,0.0,1.0,0.0,0.0,1,5057.24607475337,8.52857736012023,below_median,12884.130129618063,2012,0
2016,PI,2203503,0.0,1.0,0.0,0.0,1,5057.24607475337,8.52857736012023,below_median,12884.130129618063,2012,1
2012,PI,2203701,0.08224828545870191,0.5637610575489514,0.35399065699234666,0.0,1,5305.385940191013,8.576477798673544,below_median,12884.130129618063,2012,0
2016,PI,2203701,0.0,0.4494401679496151,0.5505598320503848,0.0,1,5305.385940191013,8.576477798673544,below_median,12884.130129618063,2012,1
2012,PI,2203750,0.0,1.0,0.0,0.0,1,3373.660627313462,8.123753673373985,below_median,12884.130129618063,2012,0
2016,PI,2203750,0.6183559950556242,0.0,0.3816440049443758,0.0,1,3373.660627313462,8.123753673373985,below_median,12884.130129618063,2012,1
2012,PI,2203859,0.0,1.0,0.0,0.0,1,4682.5842696629215,8.451605430880901,below_median,12884.130129618063,2012,0
2016,PI,2203859,0.0,1.0,0.0,0.0,1,4682.5842696629215,8.451605430880901,below_median,12884.130129618063,2012,1
2012,PI,2204352,0.5021527305687741,0.4978472694312259,0.0,0.0,1,5487.110941378652,8.610157155804576,below_median,12884.130129618063,2012,0
2016,PI,2204352,0.5458395087867881,0.4416684310819394,0.012492060131272496,0.0,1,5487.110941378652,8.610157155804576,below_median,12884.130129618063,2012,1
2012,PI,2204709,0.0,1.0,0.0,0.0,1,4602.9914816553755,8.434461693208398,below_median,12884.130129618063,2012,0
2016,PI,2204709,0.0,0.5238636363636363,0.47613636363636364,0.0,1,4602.9914816553755,8.434461693208398,below_median,12884.130129618063,2012,1
2012,PI,2205276,0.5288859821233922,0.0,0.4711140178766078,0.0,1,5380.841121495327,8.590599983221026,below_median,12884.130129618063,2012,0
2016,PI,2205276,0.4850171232876712,0.0,0.5149828767123288,0.0,1,5380.841121495327,8.590599983221026,below_median,12884.130129618063,2012,1
2012,PI,2205458,0.0,1.0,0.0,0.0,1,3870.7326428845417,8.261199081513164,below_median,12884.130129618063,2012,0
2016,PI,2205458,0.0,1.0,0.0,0.0,1,3870.7326428845417,8.261199081513164,below_median,12884.130129618063,2012,1
2012,PI,2205516,0.0,0.44763332619404583,0.5523666738059542,0.0,1,5105.779261422908,8.538128365653245,below_median,12884.130129618063,2012,0
2016,PI,2205516,0.6009142857142857,0.39908571428571427,0.0,0.0,1,5105.779261422908,8.538128365653245,below_median,12884.130129618063,2012,1
2012,PI,2205532,0.0,0.3762287756925827,0.6237712243074174,0.0,1,4763.513513513513,8.46874080803029,below_median,12884.130129618063,2012,0
2016,PI,2205532,0.0,0.48836587322813585,0.5116341267718642,0.0,1,4763.513513513513,8.46874080803029,below_median,12884.130129618063,2012,1
2012,PI,2205557,0.5545844327176781,0.4454155672823219,0.0,0.0,1,3939.149560117302,8.278720131307551,below_median,12884.130129618063,2012,0
2016,PI,2205557,0.5525151564804195,0.4474848435195805,0.0,0.0,1,3939.149560117302,8.278720131307551,below_median,12884.130129618063,2012,1
2012,PI,2205573,0.0,1.0,0.0,0.0,1,4097.590916065675,8.318154498551372,below_median,12884.130129618063,2012,0
2016,PI,2205573,0.0,1.0,0.0,0.0,1,4097.590916065675,8.318154498551372,below_median,12884.130129618063,2012,1
2012,PI,2205599,0.0,0.4203767123287671,0.5796232876712328,0.0,1,4394.312222670432,8.388066307013336,below_median,12884.130129618063,2012,0
2016,PI,2205599,0.0,0.45322434150772023,0.5467756584922797,0.0,1,4394.312222670432,8.388066307013336,below_median,12884.130129618063,2012,1
2012,PI,2205607,0.0,1.0,0.0,0.0,1,8893.28743545611,9.09305205041741,below_median,12884.130129618063,2012,0
2016,PI,2205607,0.0,1.0,0.0,0.0,1,8893.28743545611,9.09305205041741,below_median,12884.130129618063,2012,1
2012,PI,2205805,0.014885361552028218,0.9851146384479718,0.0,0.0,1,4658.878504672897,8.446530033922125,below_median,12884.130129618063,2012,0
2016,PI,2205805,0.5407475894861973,0.4506009774138159,0.008651433099986791,0.0,1,4658.878504672897,8.446530033922125,below_median,12884.130129618063,2012,1
2012,PI,2205854,1.0,0.0,0.0,0.0,1,3646.977677451718,8.201654069992504,below_median,12884.130129618063,2012,0
2016,PI,2205854,0.5779569892473119,0.4220430107526882,0.0,0.0,1,3646.977677451718,8.201654069992504,below_median,12884.130129618063,2012,1
2012,PI,2205904,0.0,0.7767019667170953,0.22329803328290468,0.0,1,5312.081179398813,8.57773897330584,below_median,12884.130129618063,2012,0
2016,PI,2205904,0.0,1.0,0.0,0.0,1,5312.081179398813,8.57773897330584,below_median,12884.130129618063,2012,1
2012,PI,2206209,0.5028598109022995,0.49714018909770047,0.0,0.0,1,4126.370261497948,8.325153428213254,below_median,12884.130129618063,2012,0
2016,PI,2206209,0.26038923869490554,0.09089868345735547,0.648712077847739,0.0,1,4126.370261497948,8.325153428213254,below_median,12884.130129618063,2012,1
2012,PI,2206357,0.0,1.0,0.0,0.0,1,3882.814814814815,8.26431563732858,below_median,12884.130129618063,2012,0
2016,PI,2206357,0.4923800986104886,0.0,0.5076199013895114,0.0,1,3882.814814814815,8.26431563732858,below_median,12884.130129618063,2012,1
2012,PI,2206670,0.0,0.5895593869731801,0.41044061302681994,0.0,1,4008.062062671129,8.2960631273432,below_median,12884.130129618063,2012,0
2016,PI,2206670,0.5068627450980392,0.0,0.4931372549019608,0.0,1,4008.062062671129,8.2960631273432,below_median,12884.130129618063,2012,1
2012,PI,2206753,0.31997918834547345,0.0,0.6800208116545265,0.0,1,3298.004720017164,8.10107293429413,below_median,12884.130129618063,2012,0
2016,PI,2206753,0.0,0.0,1.0,0.0,1,3298.004720017164,8.10107293429413,below_median,12884.130129618063,2012,1
2012,PI,2206902,0.0,1.0,0.0,0.0,1,4072.1473912370334,8.311925753851574,below_median,12884.130129618063,2012,0
2016,PI,2206902,0.631553279687881,0.368446720312119,0.0,0.0,1,4072.1473912370334,8.311925753851574,below_median,12884.130129618063,2012,1
2012,PI,2206951,0.40243122200895715,0.5975687779910429,0.0,0.0,1,4746.770802042655,8.46521983468979,below_median,12884.130129618063,2012,0
2016,PI,2206951,0.32253440366972475,0.0,0.6774655963302753,0.0,1,4746.770802042655,8.46521983468979,below_median,12884.130129618063,2012,1
2012,PI,2207355,0.0,1.0,0.0,0.0,1,4583.5760046592895,8.430234759496111,below_median,12884.130129618063,2012,0
2016,PI,2207355,0.6196660482374768,0.3803339517625232,0.0,0.0,1,4583.5760046592895,8.430234759496111,below_median,12884.130129618063,2012,1
2012,PI,2207504,0.0,1.0,0.0,0.0,1,4037.108537108537,8.303284006076998,below_median,12884.130129618063,2012,0
2016,PI,2207504,0.0,0.9771505376344086,0.0228494623655914,0.0,1,4037.108537108537,8.303284006076998,below_median,12884.130129618063,2012,1
2012,PI,2207793,0.5756168359941944,0.4243831640058055,0.0,0.0,1,4015.811301192328,8.297994673512754,below_median,12884.130129618063,2012,0
2016,PI,2207793,0.4708531398548912,0.22491868901676257,0.30422817112834627,0.0,1,4015.811301192328,8.297994673512754,below_median,12884.130129618063,2012,1
2012,PI,2207900,0.0,1.0,0.0,0.0,1,4687.281120662209,8.452607974929727,below_median,12884.130129618063,2012,0
2016,PI,2207900,0.5392408309823031,0.006540138497050526,0.4542190305206463,0.0,1,4687.281120662209,8.452607974929727,below_median,12884.130129618063,2012,1
2012,PI,2208551,0.0,1.0,0.0,0.0,1,7458.173445894091,8.91706581682314,below_median,12884.130129618063,2012,0
2016,PI,2208551,0.44314689612784264,0.5568531038721574,0.0,0.0,1,7458.173445894091,8.91706581682314,below_median,12884.130129618063,2012,1
2012,PI,2208700,0.0,0.5407791210900019,0.4592208789099981,0.0,1,5089.945844125265,8.535022469826918,below_median,12884.130129618063,2012,0
2016,PI,2208700,0.9367015098722415,0.06329849012775841,0.0,0.0,1,5089.945844125265,8.535022469826918,below_median,12884.130129618063,2012,1
2012,PI,2208809,0.0,1.0,0.0,0.0,1,5232.625647447208,8.562668466921904,below_median,12884.130129618063,2012,0
2016,PI,2208809,0.5255494505494506,0.47445054945054943,0.0,0.0,1,5232.625647447208,8.562668466921904,below_median,12884.130129618063,2012,1
2012,PI,2209351,0.36088709677419356,0.6391129032258065,0.0,0.0,1,4166.406772109602,8.334809257983204,below_median,12884.130129618063,2012,0
2016,PI,2209351,0.08288173414089894,0.9069174370417596,0.010200828817341408,0.0,1,4166.406772109602,8.334809257983204,below_median,12884.130129618063,2012,1
2012,PI,2209377,0.0,0.5565322825098514,0.4434677174901485,0.0,1,4336.637512147716,8.374854560021312,below_median,12884.130129618063,2012,0
2016,PI,2209377,0.48931383577052867,0.0,0.5106861642294713,0.0,1,4336.637512147716,8.374854560021312,below_median,12884.130129618063,2012,1
2012,PI,2209500,0.0,0.5385751199704688,0.4614248800295312,0.0,1,4330.524599075836,8.373443968178897,below_median,12884.130129618063,2012,0
2016,PI,2209500,0.0,1.0,0.0,0.0,1,4330.524599075836,8.373443968178897,below_median,12884.130129618063,2012,1
2012,PI,2209559,0.2012965964343598,0.7987034035656402,0.0,0.0,1,3893.351800554017,8.267025710995842,below_median,12884.130129618063,2012,0
2016,PI,2209559,0.38423318979794635,0.6157668102020537,0.0,0.0,1,3893.351800554017,8.267025710995842,below_median,12884.130129618063,2012,1
2012,PI,2209708,0.0,0.49169829222011385,0.5083017077798861,0.0,1,4516.852146263911,8.415570602390055,below_median,12884.130129618063,2012,0
2016,PI,2209708,0.0,0.5463540546354054,0.4536459453645945,0.0,1,4516.852146263911,8.415570602390055,below_median,12884.130129618063,2012,1
2012,PI,2209872,0.5172774869109947,0.4827225130890052,0.0,0.0,1,4478.139209513816,8.406962884106004,below_median,12884.130129618063,2012,0
2016,PI,2209872,0.4327197303603837,0.5672802696396163,0.0,0.0,1,4478.139209513816,8.406962884106004,below_median,12884.130129618063,2012,1
2012,PI,2209906,0.0,1.0,0.0,0.0,1,4482.48067116302,8.407931893403738,below_median,12884.130129618063,2012,0
2016,PI,2209906,0.3098914858096828,0.6901085141903172,0.0,0.0,1,4482.48067116302,8.407931893403738,below_median,12884.130129618063,2012,1
2012,PI,2209955,0.0,1.0,0.0,0.0,1,3706.5842744513106,8.217866050773761,below_median,12884.130129618063,2012,0
2016,PI,2209955,0.9255559136319691,0.07444408636803093,0.0,0.0,1,3706.5842744513106,8.217866050773761,below_median,12884.130129618063,2012,1
2012,PI,2210052,0.0,1.0,0.0,0.0,1,5457.506263249181,8.604747236064151,below_median,12884.130129618063,2012,0
2016,PI,2210052,0.0,0.3335923335923336,0.6664076664076664,0.0,1,5457.506263249181,8.604747236064151,below_median,12884.130129618063,2012,1
2012,PI,2210201,0.0,1.0,0.0,0.0,1,4434.590812290843,8.3971906271931,below_median,12884.130129618063,2012,0
2016,PI,2210201,0.5746596858638744,0.42534031413612566,0.0,0.0,1,4434.590812290843,8.3971906271931,below_median,12884.130129618063,2012,1
2012,PI,2210359,0.5069605568445475,0.49303944315545245,0.0,0.0,1,4071.4446191866996,8.311753158748289,below_median,12884.130129618063,2012,0
2016,PI,2210359,1.0,0.0,0.0,0.0,1,4071.4446191866996,8.311753158748289,below_median,12884.130129618063,2012,1
2012,PI,2210391,0.39841033283656235,0.36462990561351216,0.23695976154992549,0.0,1,4429.388029589778,8.396016711191864,below_median,12884.130129618063,2012,0
2016,PI,2210391,0.5368226030569708,0.4631773969430292,0.0,0.0,1,4429.388029589778,8.396016711191864,below_median,12884.130129618063,2012,1
2012,PI,2210409,0.0,1.0,0.0,0.0,1,4284.201186713248,8.362689392816307,below_median,12884.130129618063,2012,0
2016,PI,2210409,0.0,1.0,0.0,0.0,1,4284.201186713248,8.362689392816307,below_median,12884.130129618063,2012,1
2012,PI,2210607,0.533606217001839,0.4457495402503411,0.020644242747819896,0.0,1,7082.11656811874,8.865328092310286,below_median,12884.130129618063,2012,0
2016,PI,2210607,1.0,0.0,0.0,0.0,1,7082.11656811874,8.865328092310286,below_median,12884.130129618063,2012,1
2012,PI,2210623,0.0,0.494552752293578,0.505447247706422,0.0,1,6516.258992805755,8.782055716139794,below_median,12884.130129618063,2012,0
2016,PI,2210623,0.0,1.0,0.0,0.0,1,6516.258992805755,8.782055716139794,below_median,12884.130129618063,2012,1
2012,PI,2210656,0.596907699515852,0.40309230048414807,0.0,0.0,1,4080.7747784875337,8.314042146058235,below_median,12884.130129618063,2012,0
2016,PI,2210656,0.45766833865329076,0.5423316613467092,0.0,0.0,1,4080.7747784875337,8.314042146058235,below_median,12884.130129618063,2012,1
2012,PI,2210938,0.4774680360511423,0.5225319639488577,0.0,0.0,1,5406.927757840537,8.595436328434701,below_median,12884.130129618063,2012,0
2016,PI,2210938,0.5057900635039223,0.4942099364960777,0.0,0.0,1,5406.927757840537,8.595436328434701,below_median,12884.130129618063,2012,1
2012,PI,2210953,0.0,1.0,0.0,0.0,1,4249.554367201426,8.354569401644682,below_median,12884.130129618063,2012,0
2016,PI,2210953,0.0,0.575046904315197,0.424953095684803,0.0,1,4249.554367201426,8.354569401644682,below_median,12884.130129618063,2012,1
2012,PI,2211100,0.5119814779085472,0.08601196218406329,0.40200655990738954,0.0,1,5863.038180341186,8.676423209025765,below_median,12884.130129618063,2012,0
2016,PI,2211100,0.9960742194733528,0.0,0.003925780526647161,0.0,1,5863.038180341186,8.676423209025765,below_median,12884.130129618063,2012,1
2012,PI,2211209,0.0,0.8198594768475408,0.18014052315245915,0.0,1,37707.80196867575,10.537622300796398,above_or_equal_median,12884.130129618063,2012,0
2016,PI,2211209,0.569897342995169,0.4301026570048309,0.0,0.0,1,37707.80196867575,10.537622300796398,above_or_equal_median,12884.130129618063,2012,1
2012,PI,2211308,0.0,1.0,0.0,0.0,1,6325.013485019369,8.75226744561232,below_median,12884.130129618063,2012,0
2016,PI,2211308,0.5743146886388845,0.42568531136111554,0.0,0.0,1,6325.013485019369,8.75226744561232,below_median,12884.130129618063,2012,1
2012,PI,2211357,0.0,1.0,0.0,0.0,1,3933.948717948718,8.277398963263815,below_median,12884.130129618063,2012,0
2016,PI,2211357,0.109997051017399,0.890002948982601,0.0,0.0,1,3933.948717948718,8.277398963263815,below_median,12884.130129618063,2012,1
2012,CE,2300101,0.0,0.5384310618066561,0.4615689381933439,0.0,1,3983.2639852057328,8.289856858968216,below_median,12884.130129618063,2012,0
2016,CE,2300101,0.4880382775119617,0.0,0.5119617224880383,0.0,1,3983.2639852057328,8.289856858968216,below_median,12884.130129618063,2012,1
2012,CE,2300606,0.0,1.0,0.0,0.0,1,4831.792975970425,8.482972894319822,below_median,12884.130129618063,2012,0
2016,CE,2300606,0.0,0.45885604933021473,0.5411439506697853,0.0,1,4831.792975970425,8.482972894319822,below_median,12884.130129618063,2012,1
2012,CE,2300754,0.011552584890869333,0.47996864298386765,0.508478772125263,0.0,1,7167.800566122064,8.877354131461074,below_median,12884.130129618063,2012,0
2016,CE,2300754,0.0037418524181218314,0.6035648185402752,0.392693329041603,0.0,1,7167.800566122064,8.877354131461074,below_median,12884.130129618063,2012,1
2012,CE,2301406,0.46820058997050146,0.5317994100294985,0.0,0.0,1,6212.293931953701,8.734285499947902,below_median,12884.130129618063,2012,0
2016,CE,2301406,0.610898347740453,0.389101652259547,0.0,0.0,1,6212.293931953701,8.734285499947902,below_median,12884.130129618063,2012,1
2012,CE,2301851,0.5024696901661428,0.4975303098338572,0.0,0.0,1,5437.442817932297,8.601064159099307,below_median,12884.130129618063,2012,0
2016,CE,2301851,0.03825273532113923,0.9617472646788607,0.0,0.0,1,5437.442817932297,8.601064159099307,below_median,12884.130129618063,2012,1
2012,CE,2301901,0.0,0.45025401533558423,0.5497459846644157,0.0,1,10444.358031674208,9.253817210318587,below_median,12884.130129618063,2012,0
2016,CE,2301901,0.0,0.5109493406527835,0.4890506593472164,0.0,1,10444.358031674208,9.253817210318587,below_median,12884.130129618063,2012,1
2012,CE,2302107,0.6375719567557449,0.36242804324425515,0.0,0.0,1,6469.096063550188,8.774791665763715,below_median,12884.130129618063,2012,0
2016,CE,2302107,0.27080430021899266,0.5105016922158073,0.21869400756520008,0.0,1,6469.096063550188,8.774791665763715,below_median,12884.130129618063,2012,1
2012,CE,2302206,0.4941230346511983,0.4392917111891314,0.06658525415967027,0.0,0,8498.312286553888,9.047622868240778,below_median,12884.130129618063,2012,0
2016,CE,2302206,1.0,0.0,0.0,0.0,0,8498.312286553888,9.047622868240778,below_median,12884.130129618063,2012,0
2012,CE,2302305,0.0010960906101571063,0.9415418341249543,0.05736207526488856,0.0,1,4250.9037397229595,8.354886883953492,below_median,12884.130129618063,2012,0
2016,CE,2302305,0.0,1.0,0.0,0.0,1,4250.9037397229595,8.354886883953492,below_median,12884.130129618063,2012,1
2012,CE,2302503,0.20612891580762904,0.793871084192371,0.0,0.0,1,6646.41720951371,8.801833222976965,below_median,12884.130129618063,2012,0
2016,CE,2302503,0.0,1.0,0.0,0.0,1,6646.41720951371,8.801833222976965,below_median,12884.130129618063,2012,1
2012,CE,2302602,0.4914761826453982,0.5056734089787864,0.0028504083758153814,0.0,1,8920.387711516347,9.096094690046092,below_median,12884.130129618063,2012,0
2016,CE,2302602,0.0294688499494273,0.9705311500505727,0.0,0.0,1,8920.387711516347,9.096094690046092,below_median,12884.130129618063,2012,1
2012,CE,2302909,0.3728293352717874,0.6271706647282126,0.0,0.0,1,4545.576095802814,8.421909752330995,below_median,12884.130129618063,2012,0
2016,CE,2302909,0.44851904090267986,0.5514809590973202,0.0,0.0,1,4545.576095802814,8.421909752330995,below_median,12884.130129618063,2012,1
2012,CE,2303006,0.4570835992342055,0.14207083599234205,0.40084556477345246,0.0,1,3899.647121380577,8.268641346326735,below_median,12884.130129618063,2012,0
2016,CE,2303006,0.0,1.0,0.0,0.0,1,3899.647121380577,8.268641346326735,below_median,12884.130129618063,2012,1
2012,CE,2303105,0.7376266644334646,0.26237333556653547,0.0,0.0,1,4271.817736936545,8.359794715155093,below_median,12884.130129618063,2012,0
2016,CE,2303105,0.0,1.0,0.0,0.0,1,4271.817736936545,8.359794715155093,below_median,12884.130129618063,2012,1
2012,CE,2303204,0.0,1.0,0.0,0.0,1,4187.261531487288,8.339802226807212,below_median,12884.130129618063,2012,0
2016,CE,2303204,0.018076527574822754,0.9819234724251773,0.0,0.0,1,4187.261531487288,8.339802226807212,below_median,12884.130129618063,2012,1
2012,CE,2303303,1.0,0.0,0.0,0.0,1,3743.8394490476703,8.22786695447921,below_median,12884.130129618063,2012,0
2016,CE,2303303,0.4834442595673877,0.4834442595673877,0.03311148086522463,0.0,1,3743.8394490476703,8.22786695447921,below_median,12884.130129618063,2012,1
2012,CE,2304202,0.0,0.8885265387604577,0.11147346123954222,0.0,1,8815.816009615772,9.084302661122255,below_median,12884.130129618063,2012,0
2016,CE,2304202,0.5878321547615339,0.38383539453599574,0.028332450702470327,0.0,1,8815.816009615772,9.084302661122255,below_median,12884.130129618063,2012,1
2012,CE,2304269,0.0,0.5907749077490775,0.4092250922509225,0.0,0,4324.894056285993,8.37214292340954,below_median,12884.130129618063,2012,0
2016,CE,2304269,0.0,0.7226002865329513,0.2773997134670487,0.0,0,4324.894056285993,8.37214292340954,below_median,12884.130129618063,2012,0
2012,CE,2304301,0.4057753164556962,0.007357594936708861,0.586867088607595,0.0,1,4902.592926454213,8.497519512802478,below_median,12884.130129618063,2012,0
2016,CE,2304301,0.3713274627602666,0.0,0.6286725372397334,0.0,1,4902.592926454213,8.497519512802478,below_median,12884.130129618063,2012,1
2012,CE,2304509,0.0,1.0,0.0,0.0,1,5825.776562618668,8.6700475850192,below_median,12884.130129618063,2012,0
2016,CE,2304509,0.33608345833901543,0.6639165416609846,0.0,0.0,1,5825.776562618668,8.6700475850192,below_median,12884.130129618063,2012,1
2012,CE,2304806,0.5615739616225407,0.4384260383774593,0.0,0.0,1,5369.14963744232,8.58842482066975,below_median,12884.130129618063,2012,0
2016,CE,2304806,1.0,0.0,0.0,0.0,1,5369.14963744232,8.58842482066975,below_median,12884.130129618063,2012,1
2012,CE,2304905,0.4266304347826087,0.0,0.5733695652173914,0.0,1,4277.166108185735,8.3610459450191,below_median,12884.130129618063,2012,0
2016,CE,2304905,0.0,0.5490278360609876,0.45097216393901246,0.0,1,4277.166108185735,8.3610459450191,below_median,12884.130129618063,2012,1
2012,CE,2305233,0.0,1.0,0.0,0.0,1,19545.568146804068,9.880503846456607,above_or_equal_median,12884.130129618063,2012,0
2016,CE,2305233,0.0,0.9693284979497025,0.03067150205029747,0.0,1,19545.568146804068,9.880503846456607,above_or_equal_median,12884.130129618063,2012,1
2012,CE,2305308,0.3350237717908082,0.6649762282091918,0.0,0.0,1,5464.668717266606,8.606058779791827,below_median,12884.130129618063,2012,0
2016,CE,2305308,0.599608492696883,0.400391507303117,0.0,0.0,1,5464.668717266606,8.606058779791827,below_median,12884.130129618063,2012,1
2012,CE,2305506,0.5886262204985285,0.4113737795014714,0.0,0.0,1,11084.870284701135,9.313336420105637,below_median,12884.130129618063,2012,0
2016,CE,2305506,0.3991317427978446,0.6008682572021554,0.0,0.0,1,11084.870284701135,9.313336420105637,below_median,12884.130129618063,2012,1
2012,CE,2306108,1.0,0.0,0.0,0.0,1,4878.946442705127,8.492684582650675,below_median,12884.130129618063,2012,0
2016,CE,2306108,1.0,0.0,0.0,0.0,1,4878.946442705127,8.492684582650675,below_median,12884.130129618063,2012,1
2012,CE,2306256,0.5488962044926413,0.45110379550735863,0.0,0.0,1,7593.74151138154,8.935079701679573,below_median,12884.130129618063,2012,0
2016,CE,2306256,0.29286868220632356,0.7071313177936764,0.0,0.0,1,7593.74151138154,8.935079701679573,below_median,12884.130129618063,2012,1
2012,CE,2306306,0.43708500427322333,0.5629149957267767,0.0,0.0,1,7811.093018522288,8.963300184196704,below_median,12884.130129618063,2012,0
2016,CE,2306306,0.4050134659208618,0.5949865340791382,0.0,0.0,1,7811.093018522288,8.963300184196704,below_median,12884.130129618063,2012,1
2012,CE,2306405,0.0,0.35967624166912643,0.6403237583308735,0.0,1,7778.017096882333,8.95905671282106,below_median,12884.130129618063,2012,0
2016,CE,2306405,0.06851659605510507,0.5453270110266266,0.3861563929182683,0.0,1,7778.017096882333,8.95905671282106,below_median,12884.130129618063,2012,1
2012,CE,2306504,0.0,1.0,0.0,0.0,1,3857.1729180914303,8.257689789480043,below_median,12884.130129618063,2012,0
2016,CE,2306504,0.0,0.9496442255062945,0.05035577449370553,0.0,1,3857.1729180914303,8.257689789480043,below_median,12884.130129618063,2012,1
2012,CE,2306553,0.0,1.0,0.0,0.0,1,6450.87814875347,8.771971547616205,below_median,12884.130129618063,2012,0
2016,CE,2306553,0.2031136271734735,0.5441164577436313,0.25276991508289526,0.0,1,6450.87814875347,8.771971547616205,below_median,12884.130129618063,2012,1
2012,CE,2306702,1.0,0.0,0.0,0.0,0,5284.993553450306,8.57262667852125,below_median,12884.130129618063,2012,0
2016,CE,2306702,1.0,0.0,0.0,0.0,0,5284.993553450306,8.57262667852125,below_median,12884.130129618063,2012,0
2012,CE,2306801,0.16183574879227053,0.8381642512077294,0.0,0.0,0,9514.269620728503,9.160548015956714,below_median,12884.130129618063,2012,0
2016,CE,2306801,0.12626920072897682,0.8737307992710232,0.0,0.0,0,9514.269620728503,9.160548015956714,below_median,12884.130129618063,2012,0
2012,CE,2307106,0.4819554800752108,0.5180445199247893,0.0,0.0,1,4618.069584736251,8.43773205795515,below_median,12884.130129618063,2012,0
2016,CE,2307106,0.0,0.36118514845348043,0.6388148515465195,0.0,1,4618.069584736251,8.43773205795515,below_median,12884.130129618063,2012,1
2012,CE,2307205,1.0,0.0,0.0,0.0,1,4448.541911860861,8.400331661211949,below_median,12884.130129618063,2012,0
2016,CE,2307205,1.0,0.0,0.0,0.0,1,4448.541911860861,8.400331661211949,below_median,12884.130129618063,2012,1
2012,CE,2307403,0.0,1.0,0.0,0.0,1,4900.646237231603,8.497122360551943,below_median,12884.130129618063,2012,0
2016,CE,2307403,0.4489384489384489,0.5510615510615511,0.0,0.0,1,4900.646237231603,8.497122360551943,below_median,12884.130129618063,2012,1
2012,CE,2307601,0.9871208028885793,0.0014499758337361043,0.011429221277684587,0.0,1,10236.40565283086,9.23370582650917,below_median,12884.130129618063,2012,0
2016,CE,2307601,0.26090969398056013,0.7199965388941767,0.01909376712526319,0.0,1,10236.40565283086,9.23370582650917,below_median,12884.130129618063,2012,1
2012,CE,2307650,0.9925992962988024,0.0,0.007400703701197645,0.0,1,24935.03401998088,10.124029082325828,above_or_equal_median,12884.130129618063,2012,0
2016,CE,2307650,0.720979926230671,0.27902007376932897,0.0,0.0,1,24935.03401998088,10.124029082325828,above_or_equal_median,12884.130129618063,2012,1
2012,CE,2307809,1.0,0.0,0.0,0.0,1,7767.722592607203,8.957732297774168,below_median,12884.130129618063,2012,0
2016,CE,2307809,1.0,0.0,0.0,0.0,1,7767.722592607203,8.957732297774168,below_median,12884.130129618063,2012,1
2012,CE,2308005,0.0,1.0,0.0,0.0,0,3975.860155382908,8.287996394970511,below_median,12884.130129618063,2012,0
2016,CE,2308005,0.4607876712328767,0.5392123287671233,0.0,0.0,0,3975.860155382908,8.287996394970511,below_median,12884.130129618063,2012,0
2012,CE,2308203,0.5669370272487013,0.0,0.4330629727512986,0.0,1,4213.538330130258,8.346058032152223,below_median,12884.130129618063,2012,0
2016,CE,2308203,0.4816213214880622,0.22021099389228208,0.29816768461965576,0.0,1,4213.538330130258,8.346058032152223,below_median,12884.130129618063,2012,1
2012,CE,2308302,0.0,0.5244730260807431,0.47552697391925686,0.0,1,4942.986810381506,8.505725044960592,below_median,12884.130129618063,2012,0
2016,CE,2308302,0.0,1.0,0.0,0.0,1,4942.986810381506,8.505725044960592,below_median,12884.130129618063,2012,1
2012,CE,2308351,1.0,0.0,0.0,0.0,0,5401.316796815189,8.594398054087552,below_median,12884.130129618063,2012,0
2016,CE,2308351,0.53015941404567,0.46984058595433004,0.0,0.0,0,5401.316796815189,8.594398054087552,below_median,12884.130129618063,2012,0
2012,CE,2308377,0.5342814689025684,0.46571853109743155,0.0,0.0,1,4477.284956568529,8.406772105214456,below_median,12884.130129618063,2012,0
2016,CE,2308377,1.0,0.0,0.0,0.0,1,4477.284956568529,8.406772105214456,below_median,12884.130129618063,2012,1
2012,CE,2308401,0.003382291618403373,0.4885789741926516,0.508038734188945,0.0,1,5727.127921457326,8.652969448700595,below_median,12884.130129618063,2012,0
2016,CE,2308401,0.0,0.5348858489271172,0.46511415107288284,0.0,1,5727.127921457326,8.652969448700595,below_median,12884.130129618063,2012,1
2012,CE,2309102,0.0,1.0,0.0,0.0,1,6287.554732233075,8.746327519297832,below_median,12884.130129618063,2012,0
2016,CE,2309102,1.0,0.0,0.0,0.0,1,6287.554732233075,8.746327519297832,below_median,12884.130129618063,2012,1
2012,CE,2309201,0.5182717334721499,0.48172826652785006,0.0,0.0,1,5582.202111613877,8.62733862118243,below_median,12884.130129618063,2012,0
2016,CE,2309201,0.6095563847429519,0.0,0.39044361525704807,0.0,1,5582.202111613877,8.62733862118243,below_median,12884.130129618063,2012,1
2012,CE,2309458,0.44332644403350374,0.07968019145001631,0.47699336451647995,0.0,1,3886.8009682845773,8.265341725086529,below_median,12884.130129618063,2012,0
2016,CE,2309458,0.5179466410165544,0.48205335898344553,0.0,0.0,1,3886.8009682845773,8.265341725086529,below_median,12884.130129618063,2012,1
2012,CE,2310258,0.45985281195079086,0.5401471880492091,0.0,0.0,1,7313.864575537696,8.897527082751429,below_median,12884.130129618063,2012,0
2016,CE,2310258,0.0,1.0,0.0,0.0,1,7313.864575537696,8.897527082751429,below_median,12884.130129618063,2012,1
2012,CE,2310407,0.0,0.551501375762651,0.448498624237349,0.0,1,4550.0,8.422882511944996,below_median,12884.130129618063,2012,0
2016,CE,2310407,0.5118120130686102,0.4881879869313898,0.0,0.0,1,4550.0,8.422882511944996,below_median,12884.130129618063,2012,1
2012,CE,2310605,0.0,1.0,0.0,0.0,1,6687.374749498998,8.807976661981993,below_median,12884.130129618063,2012,0
2016,CE,2310605,0.0,1.0,0.0,0.0,1,6687.374749498998,8.807976661981993,below_median,12884.130129618063,2012,1
2012,CE,2311108,0.0,0.5698436712052446,0.4301563287947554,0.0,1,4826.798477055641,8.481938685680966,below_median,12884.130129618063,2012,0
2016,CE,2311108,0.3063394276629571,0.6936605723370429,0.0,0.0,1,4826.798477055641,8.481938685680966,below_median,12884.130129618063,2012,1
2012,CE,2311355,0.0,0.0,1.0,0.0,1,5647.240292401582,8.638922260990215,below_median,12884.130129618063,2012,0
2016,CE,2311355,0.0217823571945047,0.46646782357194505,0.5117498192335502,0.0,1,5647.240292401582,8.638922260990215,below_median,12884.130129618063,2012,1
2012,CE,2311405,0.5393996915411081,0.46060030845889194,0.0,0.0,0,7484.528260987373,8.92059327028341,below_median,12884.130129618063,2012,0
2016,CE,2311405,0.0,1.0,0.0,0.0,0,7484.528260987373,8.92059327028341,below_median,12884.130129618063,2012,0
2012,CE,2311504,0.47506857022294113,0.5249314297770589,0.0,0.0,1,13667.707832772705,9.522791237002375,above_or_equal_median,12884.130129618063,2012,0
2016,CE,2311504,0.0,1.0,0.0,0.0,1,13667.707832772705,9.522791237002375,above_or_equal_median,12884.130129618063,2012,1
2012,CE,2312106,1.0,0.0,0.0,0.0,1,4757.767582321854,8.467533841902231,below_median,12884.130129618063,2012,0
2016,CE,2312106,0.509738507579846,0.49026149242015404,0.0,0.0,1,4757.767582321854,8.467533841902231,below_median,12884.130129618063,2012,1
2012,CE,2312809,0.0,1.0,0.0,0.0,0,4427.354069024286,8.39555740898376,below_median,12884.130129618063,2012,0
2016,CE,2312809,1.0,0.0,0.0,0.0,0,4427.354069024286,8.39555740898376,below_median,12884.130129618063,2012,0
2012,CE,2313005,0.4675393130106299,0.46630940876746024,0.06615127822190986,0.0,0,4815.848716794237,8.479667573869488,below_median,12884.130129618063,2012,0
2016,CE,2313005,0.9705933229545062,0.0,0.029406677045493858,0.0,0,4815.848716794237,8.479667573869488,below_median,12884.130129618063,2012,0
2012,CE,2313351,0.0,1.0,0.0,0.0,1,3748.0587201723065,8.22899331030397,below_median,12884.130129618063,2012,0
2016,CE,2313351,0.45909512174572414,0.5409048782542758,0.0,0.0,1,3748.0587201723065,8.22899331030397,below_median,12884.130129618063,2012,1
2012,CE,2313401,0.0,1.0,0.0,0.0,1,7697.3357721156435,8.948629544347366,below_median,12884.130129618063,2012,0
2016,CE,2313401,0.502487319150322,0.4784364491992542,0.01907623165042378,0.0,1,7697.3357721156435,8.948629544347366,below_median,12884.130129618063,2012,1
2012,CE,2313609,1.0,0.0,0.0,0.0,1,7259.016494337765,8.889999629542594,below_median,12884.130129618063,2012,0
2016,CE,2313609,0.46525936140871965,0.5347406385912804,0.0,0.0,1,7259.016494337765,8.889999629542594,below_median,12884.130129618063,2012,1
2012,CE,2314003,1.0,0.0,0.0,0.0,1,4958.898131033066,8.508938844038386,below_median,12884.130129618063,2012,0
2016,CE,2314003,0.0,1.0,0.0,0.0,1,4958.898131033066,8.508938844038386,below_median,12884.130129618063,2012,1
2012,CE,2314102,0.0,0.5749559647718174,0.42504403522818257,0.0,1,4367.680958967266,8.38198747422768,below_median,12884.130129618063,2012,0
2016,CE,2314102,0.0,0.9724969278483235,0.02750307215167652,0.0,1,4367.680958967266,8.38198747422768,below_median,12884.130129618063,2012,1
2012,RN,2400307,0.5016997907949791,0.49830020920502094,0.0,0.0,1,5423.300433539342,8.598459845184719,below_median,12884.130129618063,2012,0
2016,RN,2400307,0.4742065923293714,0.5257934076706287,0.0,0.0,1,5423.300433539342,8.598459845184719,below_median,12884.130129618063,2012,1
2012,RN,2400703,0.5088960342979636,0.49110396570203646,0.0,0.0,1,32364.914761568074,10.384830237315338,above_or_equal_median,12884.130129618063,2012,0
2016,RN,2400703,0.9982510578279267,0.0017489421720733426,0.0,0.0,1,32364.914761568074,10.384830237315338,above_or_equal_median,12884.130129618063,2012,1
2012,RN,2401404,0.4649298597194389,0.5350701402805611,0.0,0.0,1,12313.802233222055,9.418476045022393,below_median,12884.130129618063,2012,0
2016,RN,2401404,0.5518108651911469,0.44818913480885314,0.0,0.0,1,12313.802233222055,9.418476045022393,below_median,12884.130129618063,2012,1
2012,RN,2402006,0.1960441481805267,0.8039558518194733,0.0,0.0,1,12549.275613094022,9.437418222821872,below_median,12884.130129618063,2012,0
2016,RN,2402006,0.2168022473225259,0.6570492187042781,0.126148533973196,0.0,1,12549.275613094022,9.437418222821872,below_median,12884.130129618063,2012,1
2012,RN,2402204,1.0,0.0,0.0,0.0,1,10124.135085380562,9.222677464659814,below_median,12884.130129618063,2012,0
2016,RN,2402204,0.40895953757225434,0.5066577208918249,0.08438274153592072,0.0,1,10124.135085380562,9.222677464659814,below_median,12884.130129618063,2012,1
2012,RN,2402600,0.698708607607658,0.3012913923923421,0.0,0.0,1,8390.189116730671,9.034818339937924,below_median,12884.130129618063,2012,0
2016,RN,2402600,0.5105634923160138,0.47405262655509245,0.015383881128893696,0.0,1,8390.189116730671,9.034818339937924,below_median,12884.130129618063,2012,1
2012,RN,2403251,0.0,0.9467444342787436,0.05325556572125648,0.0,1,16415.272713691473,9.705967443485868,above_or_equal_median,12884.130129618063,2012,0
2016,RN,2403251,0.7779847344152968,0.18204079506082788,0.03997447052387527,0.0,1,16415.272713691473,9.705967443485868,above_or_equal_median,12884.130129618063,2012,1
2012,RN,2403509,0.41736066623959,0.58263933376041,0.0,0.0,1,4432.800076635693,8.396786734841466,below_median,12884.130129618063,2012,0
2016,RN,2403509,0.4358843537414966,0.5641156462585034,0.0,0.0,1,4432.800076635693,8.396786734841466,below_median,12884.130129618063,2012,1
2012,RN,2404101,1.0,0.0,0.0,0.0,1,23458.844133099825,10.063002851304836,above_or_equal_median,12884.130129618063,2012,0
2016,RN,2404101,0.6682166937921413,0.3317833062078586,0.0,0.0,1,23458.844133099825,10.063002851304836,above_or_equal_median,12884.130129618063,2012,1
2012,RN,2404200,0.0,0.7813151275601868,0.21868487243981316,0.0,1,8749.967684949805,9.076805286196247,below_median,12884.130129618063,2012,0
2016,RN,2404200,1.0,0.0,0.0,0.0,1,8749.967684949805,9.076805286196247,below_median,12884.130129618063,2012,1
2012,RN,2405603,1.0,0.0,0.0,0.0,1,7881.106661812887,8.972223612307603,below_median,12884.130129618063,2012,0
2016,RN,2405603,0.6167615947925142,0.38323840520748575,0.0,0.0,1,7881.106661812887,8.972223612307603,below_median,12884.130129618063,2012,1
2012,RN,2406155,0.3493039818711557,0.6506960181288443,0.0,0.0,1,5557.083906464924,8.622828772403814,below_median,12884.130129618063,2012,0
2016,RN,2406155,1.0,0.0,0.0,0.0,1,5557.083906464924,8.622828772403814,below_median,12884.130129618063,2012,1
2012,RN,2406304,0.5731500659009603,0.4268499340990397,0.0,0.0,1,5269.388331685266,8.56966956870534,below_median,12884.130129618063,2012,0
2016,RN,2406304,0.7633050694569727,0.23669493054302723,0.0,0.0,1,5269.388331685266,8.56966956870534,below_median,12884.130129618063,2012,1
2012,RN,2409902,0.4391219723183391,0.560878027681661,0.0,0.0,1,23881.650775165588,10.08086569305557,above_or_equal_median,12884.130129618063,2012,0
2016,RN,2409902,0.4976079248044127,0.5023920751955874,0.0,0.0,1,23881.650775165588,10.08086569305557,above_or_equal_median,12884.130129618063,2012,1
2012,RN,2410405,0.0,0.47086247086247085,0.5291375291375291,0.0,1,6183.805668016194,8.729689164808443,below_median,12884.130129618063,2012,0
2016,RN,2410405,0.40084183260482437,0.5909017322324753,0.00825643516270034,0.0,1,6183.805668016194,8.729689164808443,below_median,12884.130129618063,2012,1
2012,RN,2412005,1.0,0.0,0.0,0.0,1,14809.827830397451,9.6030462819679,above_or_equal_median,12884.130129618063,2012,0
2016,RN,2412005,0.48370947077954074,0.5162905292204593,0.0,0.0,1,14809.827830397451,9.6030462819679,above_or_equal_median,12884.130129618063,2012,1
2012,RN,2413102,0.5519287833827893,0.44807121661721067,0.0,0.0,1,5498.516320474778,8.612233574915136,below_median,12884.130129618063,2012,0
2016,RN,2413102,0.4349754844734999,0.5650245155265001,0.0,0.0,1,5498.516320474778,8.612233574915136,below_median,12884.130129618063,2012,1
2012,RN,2414209,0.6854379977246872,0.31456200227531284,0.0,0.0,1,15344.113950565563,9.638487223488081,above_or_equal_median,12884.130129618063,2012,0
2016,RN,2414209,1.0,0.0,0.0,0.0,1,15344.113950565563,9.638487223488081,above_or_equal_median,12884.130129618063,2012,1
2012,RN,2415008,0.6173913043478261,0.3826086956521739,0.0,0.0,1,7730.164158686731,8.952885377926057,below_median,12884.130129618063,2012,0
2016,RN,2415008,0.44701429772918416,0.0,0.5529857022708158,0.0,1,7730.164158686731,8.952885377926057,below_median,12884.130129618063,2012,1
2012,PB,2500403,0.0,1.0,0.0,0.0,1,8450.602045443095,9.041992965794634,below_median,12884.130129618063,2012,0
2016,PB,2500403,0.0,1.0,0.0,0.0,1,8450.602045443095,9.041992965794634,below_median,12884.130129618063,2012,1
2012,PB,2500536,0.0,1.0,0.0,0.0,1,5214.312760318061,8.559162577412131,below_median,12884.130129618063,2012,0
2016,PB,2500536,0.522364635103322,0.477635364896678,0.0,0.0,1,5214.312760318061,8.559162577412131,below_median,12884.130129618063,2012,1
2012,PB,2500577,0.6219715956558062,0.3780284043441938,0.0,0.0,1,7289.539748953975,8.894195688435419,below_median,12884.130129618063,2012,0
2016,PB,2500577,0.5004055150040552,0.49959448499594483,0.0,0.0,1,7289.539748953975,8.894195688435419,below_median,12884.130129618063,2012,1
2012,PB,2500734,0.48138572905894517,0.5186142709410548,0.0,0.0,1,6458.706937234545,8.77318441222628,below_median,12884.130129618063,2012,0
2016,PB,2500734,0.5071393402264894,0.49286065977351057,0.0,0.0,1,6458.706937234545,8.77318441222628,below_median,12884.130129618063,2012,1
2012,PB,2500775,0.5651770814018172,0.0,0.43482291859818284,0.0,1,6246.169560776302,8.7397236845729,below_median,12884.130129618063,2012,0
2016,PB,2500775,0.5120492524186455,0.4879507475813544,0.0,0.0,1,6246.169560776302,8.7397236845729,below_median,12884.130129618063,2012,1
2012,PB,2500809,0.9576500096469226,0.0,0.04234999035307737,0.0,1,5995.612238928216,8.698783187172694,below_median,12884.130129618063,2012,0
2016,PB,2500809,0.41268478779208395,0.587315212207916,0.0,0.0,1,5995.612238928216,8.698783187172694,below_median,12884.130129618063,2012,1
2012,PB,2501153,0.49754601226993866,0.5024539877300613,0.0,0.0,1,6662.809047869542,8.804296453570084,below_median,12884.130129618063,2012,0
2016,PB,2501153,0.5262492093611638,0.4737507906388362,0.0,0.0,1,6662.809047869542,8.804296453570084,below_median,12884.130129618063,2012,1
2012,PB,2501203,0.48898167478543264,0.5110183252145674,0.0,0.0,1,5188.3414932680535,8.554169366953175,below_median,12884.130129618063,2012,0
2016,PB,2501203,0.0,1.0,0.0,0.0,1,5188.3414932680535,8.554169366953175,below_median,12884.130129618063,2012,1
2012,PB,2501351,0.6438213914849429,0.3561786085150571,0.0,0.0,1,6642.639312448017,8.801264650307983,below_median,12884.130129618063,2012,0
2016,PB,2501351,0.34425686858656074,0.6557431314134392,0.0,0.0,1,6642.639312448017,8.801264650307983,below_median,12884.130129618063,2012,1
2012,PB,2501500,0.47301638291037584,0.5269836170896242,0.0,0.0,1,6299.177124994254,8.748174288768455,below_median,12884.130129618063,2012,0
2016,PB,2501500,0.0,1.0,0.0,0.0,1,6299.177124994254,8.748174288768455,below_median,12884.130129618063,2012,1
2012,PB,2501575,0.548645425115011,0.4513545748849889,0.0,0.0,1,4819.924307166402,8.480513503013952,below_median,12884.130129618063,2012,0
2016,PB,2501575,1.0,0.0,0.0,0.0,1,4819.924307166402,8.480513503013952,below_median,12884.130129618063,2012,1
2012,PB,2501708,0.20710526315789474,0.7928947368421052,0.0,0.0,1,5393.731290720198,8.592992686129582,below_median,12884.130129618063,2012,0
2016,PB,2501708,0.0,1.0,0.0,0.0,1,5393.731290720198,8.592992686129582,below_median,12884.130129618063,2012,1
2012,PB,2501807,0.08693702670386608,0.913062973296134,0.0,0.0,1,9120.296788438778,9.11825762513085,below_median,12884.130129618063,2012,0
2016,PB,2501807,0.6125081502105838,0.3874918497894162,0.0,0.0,1,9120.296788438778,9.11825762513085,below_median,12884.130129618063,2012,1
2012,PB,2502102,0.5378043571123452,0.46219564288765486,0.0,0.0,1,4875.9111111111115,8.492062260556224,below_median,12884.130129618063,2012,0
2016,PB,2502102,0.5635673624288425,0.4364326375711575,0.0,0.0,1,4875.9111111111115,8.492062260556224,below_median,12884.130129618063,2012,1
2012,PB,2502508,0.5322595078299777,0.4677404921700224,0.0,0.0,1,7551.546089303526,8.929507601318702,below_median,12884.130129618063,2012,0
2016,PB,2502508,0.712926452940168,0.287073547059832,0.0,0.0,1,7551.546089303526,8.929507601318702,below_median,12884.130129618063,2012,1
2012,PB,2502706,0.535287421741605,0.464712578258395,0.0,0.0,1,7602.437608821822,8.936224212851856,below_median,12884.130129618063,2012,0
2016,PB,2502706,0.0,1.0,0.0,0.0,1,7602.437608821822,8.936224212851856,below_median,12884.130129618063,2012,1
2012,PB,2503100,0.4689325544344132,0.5310674455655868,0.0,0.0,1,6267.871017871018,8.743192025387831,below_median,12884.130129618063,2012,0
2016,PB,2503100,0.4613395396948539,0.5386604603051461,0.0,0.0,1,6267.871017871018,8.743192025387831,below_median,12884.130129618063,2012,1
2012,PB,2503407,0.0,1.0,0.0,0.0,1,5652.367688022284,8.639829796186394,below_median,12884.130129618063,2012,0
2016,PB,2503407,0.0,1.0,0.0,0.0,1,5652.367688022284,8.639829796186394,below_median,12884.130129618063,2012,1
2012,PB,2503555,0.0,1.0,0.0,0.0,1,4788.425185400611,8.473956865032712,below_median,12884.130129618063,2012,0
2016,PB,2503555,0.0,0.9344599223567024,0.06554007764329756,0.0,1,4788.425185400611,8.473956865032712,below_median,12884.130129618063,2012,1
2012,PB,2503753,0.4155405405405405,0.5844594594594594,0.0,0.0,1,6689.643907219863,8.808315924085285,below_median,12884.130129618063,2012,0
2016,PB,2503753,0.0,1.0,0.0,0.0,1,6689.643907219863,8.808315924085285,below_median,12884.130129618063,2012,1
2012,PB,2503902,1.0,0.0,0.0,0.0,1,5929.915415156223,8.687765228004075,below_median,12884.130129618063,2012,0
2016,PB,2503902,0.4793756967670011,0.5206243032329989,0.0,0.0,1,5929.915415156223,8.687765228004075,below_median,12884.130129618063,2012,1
2012,PB,2504074,1.0,0.0,0.0,0.0,1,5799.544419134397,8.665534645024318,below_median,12884.130129618063,2012,0
2016,PB,2504074,0.0,1.0,0.0,0.0,1,5799.544419134397,8.665534645024318,below_median,12884.130129618063,2012,1
2012,PB,2504355,1.0,0.0,0.0,0.0,1,10124.184428012179,9.222682338410603,below_median,12884.130129618063,2012,0
2016,PB,2504355,0.5624198923352987,0.43758010766470135,0.0,0.0,1,10124.184428012179,9.222682338410603,below_median,12884.130129618063,2012,1
2012,PB,2504702,0.0,1.0,0.0,0.0,1,7052.642796248934,8.861157690278251,below_median,12884.130129618063,2012,0
2016,PB,2504702,0.28791036998436687,0.7120896300156332,0.0,0.0,1,7052.642796248934,8.861157690278251,below_median,12884.130129618063,2012,1
2012,PB,2504850,0.5483221476510067,0.45167785234899327,0.0,0.0,1,6934.517203107658,8.84426671289332,below_median,12884.130129618063,2012,0
2016,PB,2504850,0.5594315245478036,0.0,0.4405684754521964,0.0,1,6934.517203107658,8.84426671289332,below_median,12884.130129618063,2012,1
2012,PB,2505006,0.3666158536585366,0.6333841463414634,0.0,0.0,1,5929.384637555844,8.68767571553734,below_median,12884.130129618063,2012,0
2016,PB,2505006,0.2858252427184466,0.7141747572815534,0.0,0.0,1,5929.384637555844,8.68767571553734,below_median,12884.130129618063,2012,1
2012,PB,2505204,0.4243667068757539,0.575633293124246,0.0,0.0,1,4823.822066139889,8.481321852598201,below_median,12884.130129618063,2012,0
2016,PB,2505204,0.0,1.0,0.0,0.0,1,4823.822066139889,8.481321852598201,below_median,12884.130129618063,2012,1
2012,PB,2505279,1.0,0.0,0.0,0.0,1,6365.947611710323,8.758718378419285,below_median,12884.130129618063,2012,0
2016,PB,2505279,0.0,1.0,0.0,0.0,1,6365.947611710323,8.758718378419285,below_median,12884.130129618063,2012,1
2012,PB,2505303,0.0,1.0,0.0,0.0,1,5380.456547857429,8.590528509751955,below_median,12884.130129618063,2012,0
2016,PB,2505303,0.44938820912124583,0.5506117908787542,0.0,0.0,1,5380.456547857429,8.590528509751955,below_median,12884.130129618063,2012,1
2012,PB,2505402,0.4733992906477506,0.5266007093522493,0.0,0.0,1,5028.375855631612,8.522852319428562,below_median,12884.130129618063,2012,0
2016,PB,2505402,0.511521580102414,0.48847841989758595,0.0,0.0,1,5028.375855631612,8.522852319428562,below_median,12884.130129618063,2012,1
2012,PB,2505600,0.0009269988412514484,0.9990730011587485,0.0,0.0,1,5479.835641454877,8.608830387057038,below_median,12884.130129618063,2012,0
2016,PB,2505600,0.0,1.0,0.0,0.0,1,5479.835641454877,8.608830387057038,below_median,12884.130129618063,2012,1
2012,PB,2505709,0.38344390832328107,0.616556091676719,0.0,0.0,1,5146.196589384939,8.546013194479844,below_median,12884.130129618063,2012,0
2016,PB,2505709,0.5024211298606016,0.4975788701393984,0.0,0.0,1,5146.196589384939,8.546013194479844,below_median,12884.130129618063,2012,1
2012,PB,2506004,0.5093359311576554,0.49066406884234454,0.0,0.0,1,9308.675248906082,9.138702066795872,below_median,12884.130129618063,2012,0
2016,PB,2506004,0.44286293182048425,0.5571370681795158,0.0,0.0,1,9308.675248906082,9.138702066795872,below_median,12884.130129618063,2012,1
2012,PB,2506301,0.0,1.0,0.0,0.0,1,11012.951748039373,9.306827290791446,below_median,12884.130129618063,2012,0
2016,PB,2506301,0.0,0.9855673222390318,0.01443267776096823,0.0,1,11012.951748039373,9.306827290791446,below_median,12884.130129618063,2012,1
2012,PB,2506509,1.0,0.0,0.0,0.0,1,6355.832037325039,8.757128101461786,below_median,12884.130129618063,2012,0
2016,PB,2506509,0.7092198581560284,0.0,0.2907801418439716,0.0,1,6355.832037325039,8.757128101461786,below_median,12884.130129618063,2012,1
2012,PB,2506707,0.540109389243391,0.4457611668185962,0.014129443938012761,0.0,1,4672.677930491114,8.449487618966609,below_median,12884.130129618063,2012,0
2016,PB,2506707,0.5363558597091531,0.4636441402908469,0.0,0.0,1,4672.677930491114,8.449487618966609,below_median,12884.130129618063,2012,1
2012,PB,2507002,0.03330285017527816,0.9666971498247219,0.0,0.0,1,7599.574558604552,8.935847545576552,below_median,12884.130129618063,2012,0
2016,PB,2507002,0.0,1.0,0.0,0.0,1,7599.574558604552,8.935847545576552,below_median,12884.130129618063,2012,1
2012,PB,2507309,0.44187000205044086,0.5581299979495592,0.0,0.0,1,5482.810378100207,8.609373091202194,below_median,12884.130129618063,2012,0
2016,PB,2507309,0.0,1.0,0.0,0.0,1,5482.810378100207,8.609373091202194,below_median,12884.130129618063,2012,1
2012,PB,2507705,0.4724517906336088,0.5275482093663911,0.0,0.0,1,5563.232536333802,8.623934609729053,below_median,12884.130129618063,2012,0
2016,PB,2507705,0.0,1.0,0.0,0.0,1,5563.232536333802,8.623934609729053,below_median,12884.130129618063,2012,1
2012,PB,2507804,0.5146856356126663,0.48531436438733366,0.0,0.0,1,6252.3350630096365,8.74071028303712,below_median,12884.130129618063,2012,0
2016,PB,2507804,0.0,1.0,0.0,0.0,1,6252.3350630096365,8.74071028303712,below_median,12884.130129618063,2012,1
2012,PB,2508109,0.0,1.0,0.0,0.0,1,5228.902727077518,8.561956731429046,below_median,12884.130129618063,2012,0
2016,PB,2508109,0.24890265943712883,0.7510973405628711,0.0,0.0,1,5228.902727077518,8.561956731429046,below_median,12884.130129618063,2012,1
2012,PB,2508208,0.5281035179943389,0.47189648200566114,0.0,0.0,1,6064.616214757858,8.710226540688065,below_median,12884.130129618063,2012,0
2016,PB,2508208,0.6053348909657321,0.39466510903426794,0.0,0.0,1,6064.616214757858,8.710226540688065,below_median,12884.130129618063,2012,1
2012,PB,2508406,0.0,1.0,0.0,0.0,1,6329.642857142857,8.752999092873981,below_median,12884.130129618063,2012,0
2016,PB,2508406,0.0,1.0,0.0,0.0,1,6329.642857142857,8.752999092873981,below_median,12884.130129618063,2012,1
2012,PB,2508505,0.5548357242017584,0.03979639055992596,0.4053678852383156,0.0,1,4822.3675059118095,8.4810202702525,below_median,12884.130129618063,2012,0
2016,PB,2508505,0.5631590273294599,0.4368409726705401,0.0,0.0,1,4822.3675059118095,8.4810202702525,below_median,12884.130129618063,2012,1
2012,PB,2508604,0.0,0.9856299717731588,0.01437002822684116,0.0,1,9223.04430958517,9.129460447472814,below_median,12884.130129618063,2012,0
2016,PB,2508604,0.28673873488172963,0.7132612651182704,0.0,0.0,1,9223.04430958517,9.129460447472814,below_median,12884.130129618063,2012,1
2012,PB,2508703,0.0,1.0,0.0,0.0,1,5328.082020505126,8.580746606340686,below_median,12884.130129618063,2012,0
2016,PB,2508703,0.0,1.0,0.0,0.0,1,5328.082020505126,8.580746606340686,below_median,12884.130129618063,2012,1
2012,PB,2509156,0.0,1.0,0.0,0.0,1,5278.088540834266,8.5713192923743,below_median,12884.130129618063,2012,0
2016,PB,2509156,0.450329717081472,0.5496702829185279,0.0,0.0,1,5278.088540834266,8.5713192923743,below_median,12884.130129618063,2012,1
2012,PB,2509339,0.4144144144144144,0.5855855855855856,0.0,0.0,1,6435.620840027542,8.76960359401322,below_median,12884.130129618063,2012,0
2016,PB,2509339,0.5375036200405444,0.46249637995945553,0.0,0.0,1,6435.620840027542,8.76960359401322,below_median,12884.130129618063,2012,1
2012,PB,2509396,0.44061302681992337,0.5593869731800766,0.0,0.0,1,5232.554312047399,8.56265483401734,below_median,12884.130129618063,2012,0
2016,PB,2509396,0.0,1.0,0.0,0.0,1,5232.554312047399,8.56265483401734,below_median,12884.130129618063,2012,1
2012,PB,2509503,0.4459858323494687,0.5540141676505312,0.0,0.0,1,5028.377065111759,8.522852559959508,below_median,12884.130129618063,2012,0
2016,PB,2509503,0.5281954887218046,0.4718045112781955,0.0,0.0,1,5028.377065111759,8.522852559959508,below_median,12884.130129618063,2012,1
2012,PB,2509701,0.0,1.0,0.0,0.0,1,7691.605489945739,8.947884817034788,below_median,12884.130129618063,2012,0
2016,PB,2509701,0.0,1.0,0.0,0.0,1,7691.605489945739,8.947884817034788,below_median,12884.130129618063,2012,1
2012,PB,2510006,0.0,1.0,0.0,0.0,1,5402.7854384997245,8.594669921506352,below_median,12884.130129618063,2012,0
2016,PB,2510006,0.5006708836496071,0.49932911635039295,0.0,0.0,1,5402.7854384997245,8.594669921506352,below_median,12884.130129618063,2012,1
2012,PB,2510501,0.4861299052774019,0.4996617050067659,0.014208389715832206,0.0,1,5890.874627673978,8.681159759284354,below_median,12884.130129618063,2012,0
2016,PB,2510501,0.5226768157310498,0.4773231842689502,0.0,0.0,1,5890.874627673978,8.681159759284354,below_median,12884.130129618063,2012,1
2012,PB,2510659,0.4517114914425428,0.5482885085574573,0.0,0.0,1,7044.0528634361235,8.859938974334689,below_median,12884.130129618063,2012,0
2016,PB,2510659,0.0,1.0,0.0,0.0,1,7044.0528634361235,8.859938974334689,below_median,12884.130129618063,2012,1
2012,PB,2510709,0.0,1.0,0.0,0.0,1,6905.80985915493,8.840118344868173,below_median,12884.130129618063,2012,0
2016,PB,2510709,0.0,1.0,0.0,0.0,1,6905.80985915493,8.840118344868173,below_median,12884.130129618063,2012,1
2012,PB,2510808,0.44302382846535593,0.5380725082395726,0.01890366329507141,0.0,1,10201.578121936875,9.23029770514174,below_median,12884.130129618063,2012,0
2016,PB,2510808,0.0,0.9620892518481248,0.037910748151875215,0.0,1,10201.578121936875,9.23029770514174,below_median,12884.130129618063,2012,1
2012,PB,2510907,0.4556898288016113,0.5443101711983888,0.0,0.0,1,6047.863824049886,8.707460401741116,below_median,12884.130129618063,2012,0
2016,PB,2510907,0.5620437956204379,0.43795620437956206,0.0,0.0,1,6047.863824049886,8.707460401741116,below_median,12884.130129618063,2012,1
2012,PB,2511004,0.0,1.0,0.0,0.0,1,5682.769726247987,8.645194020723928,below_median,12884.130129618063,2012,0
2016,PB,2511004,0.6099003735990037,0.39009962640099627,0.0,0.0,1,5682.769726247987,8.645194020723928,below_median,12884.130129618063,2012,1
2012,PB,2511608,0.3967760730238881,0.6032239269761118,0.0,0.0,1,6457.5430405602565,8.773004190152623,below_median,12884.130129618063,2012,0
2016,PB,2511608,0.0,1.0,0.0,0.0,1,6457.5430405602565,8.773004190152623,below_median,12884.130129618063,2012,1
2012,PB,2511707,0.48809225369766857,0.5119077463023314,0.0,0.0,1,5807.587016034416,8.666920447921797,below_median,12884.130129618063,2012,0
2016,PB,2511707,0.0,1.0,0.0,0.0,1,5807.587016034416,8.666920447921797,below_median,12884.130129618063,2012,1
2012,PB,2512101,0.0,0.4960899565550728,0.5039100434449272,0.0,1,7494.803012385635,8.921965127654365,below_median,12884.130129618063,2012,0
2016,PB,2512101,0.0,0.5106169296987088,0.48938307030129125,0.0,1,7494.803012385635,8.921965127654365,below_median,12884.130129618063,2012,1
2012,PB,2512606,0.30058177117000645,0.6994182288299935,0.0,0.0,1,7164.866401364412,8.87694469408207,below_median,12884.130129618063,2012,0
2016,PB,2512606,0.3838782412626832,0.6161217587373168,0.0,0.0,1,7164.866401364412,8.87694469408207,below_median,12884.130129618063,2012,1
2012,PB,2512705,0.4409694288012872,0.5590305711987128,0.0,0.0,1,6009.792531120332,8.701145506321145,below_median,12884.130129618063,2012,0
2016,PB,2512705,0.4163901179941003,0.5836098820058997,0.0,0.0,1,6009.792531120332,8.701145506321145,below_median,12884.130129618063,2012,1
2012,PB,2512721,0.0,1.0,0.0,0.0,1,5385.130494505494,8.591396822259828,below_median,12884.130129618063,2012,0
2016,PB,2512721,0.0,1.0,0.0,0.0,1,5385.130494505494,8.591396822259828,below_median,12884.130129618063,2012,1
2012,PB,2512788,0.492814371257485,0.5071856287425149,0.0,0.0,1,7485.682201010668,8.920747435120106,below_median,12884.130129618063,2012,0
2016,PB,2512788,0.0,1.0,0.0,0.0,1,7485.682201010668,8.920747435120106,below_median,12884.130129618063,2012,1
2012,PB,2513000,0.4129881154499151,0.5870118845500849,0.0,0.0,1,4701.550387596899,8.45564760300457,below_median,12884.130129618063,2012,0
2016,PB,2513000,0.0,1.0,0.0,0.0,1,4701.550387596899,8.45564760300457,below_median,12884.130129618063,2012,1
2012,PB,2513208,0.0,0.3796015591165007,0.6203984408834994,0.0,1,5910.832946994282,8.684542039046947,below_median,12884.130129618063,2012,0
2016,PB,2513208,0.3655846858094049,0.634415314190595,0.0,0.0,1,5910.832946994282,8.684542039046947,below_median,12884.130129618063,2012,1
2012,PB,2513406,0.5674853537629563,0.4325146462370437,0.0,0.0,1,7643.53163361662,8.941615031062291,below_median,12884.130129618063,2012,0
2016,PB,2513406,0.426696305705515,0.5245051339049434,0.048798560389541654,0.0,1,7643.53163361662,8.941615031062291,below_median,12884.130129618063,2012,1
2012,PB,2513703,0.5151951496779082,0.3973929518757105,0.08741189844638121,0.0,1,13750.709051264816,9.52884566912988,above_or_equal_median,12884.130129618063,2012,0
2016,PB,2513703,0.0009347592994803838,0.9351167074478322,0.06394853325268743,0.0,1,13750.709051264816,9.52884566912988,above_or_equal_median,12884.130129618063,2012,1
2012,PB,2513802,0.7239715591670899,0.2760284408329101,0.0,0.0,1,6067.119982452292,8.710639303987445,below_median,12884.130129618063,2012,0
2016,PB,2513802,0.0,1.0,0.0,0.0,1,6067.119982452292,8.710639303987445,below_median,12884.130129618063,2012,1
2012,PB,2513851,0.4496964440589766,0.5503035559410234,0.0,0.0,1,6861.689587426326,8.83370898593736,below_median,12884.130129618063,2012,0
2016,PB,2513851,0.4017447199265381,0.5982552800734618,0.0,0.0,1,6861.689587426326,8.83370898593736,below_median,12884.130129618063,2012,1
2012,PB,2513927,0.47968855788761,0.52031144211239,0.0,0.0,1,5965.647950722578,8.693772954068171,below_median,12884.130129618063,2012,0
2016,PB,2513927,0.4522944866292506,0.5477055133707495,0.0,0.0,1,5965.647950722578,8.693772954068171,below_median,12884.130129618063,2012,1
2012,PB,2513943,0.0,1.0,0.0,0.0,1,6046.4358452138495,8.707224260934005,below_median,12884.130129618063,2012,0
2016,PB,2513943,0.0,1.0,0.0,0.0,1,6046.4358452138495,8.707224260934005,below_median,12884.130129618063,2012,1
2012,PB,2513968,0.0,1.0,0.0,0.0,1,5596.768649020282,8.62994468321845,below_median,12884.130129618063,2012,0
2016,PB,2513968,0.559437751004016,0.44056224899598395,0.0,0.0,1,5596.768649020282,8.62994468321845,below_median,12884.130129618063,2012,1
2012,PB,2513984,0.0,1.0,0.0,0.0,1,6202.44849208719,8.732699411152142,below_median,12884.130129618063,2012,0
2016,PB,2513984,0.0,1.0,0.0,0.0,1,6202.44849208719,8.732699411152142,below_median,12884.130129618063,2012,1
2012,PB,2514008,0.46001202645820805,0.539987973541792,0.0,0.0,1,6695.2889301462055,8.809159413302545,below_median,12884.130129618063,2012,0
2016,PB,2514008,0.5440023235550392,0.4559976764449608,0.0,0.0,1,6695.2889301462055,8.809159413302545,below_median,12884.130129618063,2012,1
2012,PB,2514107,0.54341164453524,0.45658835546475995,0.0,0.0,1,4966.46897810219,8.510464399406604,below_median,12884.130129618063,2012,0
2016,PB,2514107,0.2668377164849262,0.7331622835150737,0.0,0.0,1,4966.46897810219,8.510464399406604,below_median,12884.130129618063,2012,1
2012,PB,2514206,0.5730584467574059,0.4269415532425941,0.0,0.0,1,5429.2328042328045,8.599553114590925,below_median,12884.130129618063,2012,0
2016,PB,2514206,0.5087623220153341,0.49123767798466594,0.0,0.0,1,5429.2328042328045,8.599553114590925,below_median,12884.130129618063,2012,1
2012,PB,2514305,0.0,1.0,0.0,0.0,1,4900.528750826174,8.497098386608904,below_median,12884.130129618063,2012,0
2016,PB,2514305,0.5121822033898306,0.4878177966101695,0.0,0.0,1,4900.528750826174,8.497098386608904,below_median,12884.130129618063,2012,1
2012,PB,2514404,0.0,1.0,0.0,0.0,1,6353.228547153781,8.756718395301307,below_median,12884.130129618063,2012,0
2016,PB,2514404,0.0,1.0,0.0,0.0,1,6353.228547153781,8.756718395301307,below_median,12884.130129618063,2012,1
2012,PB,2514602,0.0,1.0,0.0,0.0,1,5052.3766273085075,8.5276140308319,below_median,12884.130129618063,2012,0
2016,PB,2514602,0.0,0.9729458917835672,0.027054108216432865,0.0,1,5052.3766273085075,8.5276140308319,below_median,12884.130129618063,2012,1
2012,PB,2514701,0.0,1.0,0.0,0.0,1,6626.272659548051,8.79879773196009,below_median,12884.130129618063,2012,0
2016,PB,2514701,1.0,0.0,0.0,0.0,1,6626.272659548051,8.79879773196009,below_median,12884.130129618063,2012,1
2012,PB,2514800,0.0,1.0,0.0,0.0,1,5085.467781073065,8.534142296596377,below_median,12884.130129618063,2012,0
2016,PB,2514800,0.0,0.9064,0.0936,0.0,1,5085.467781073065,8.534142296596377,below_median,12884.130129618063,2012,1
2012,PB,2514909,0.5257462686567164,0.4742537313432836,0.0,0.0,1,6395.173845355474,8.76329889821819,below_median,12884.130129618063,2012,0
2016,PB,2514909,1.0,0.0,0.0,0.0,1,6395.173845355474,8.76329889821819,below_median,12884.130129618063,2012,1
2012,PB,2515104,0.013531598513011153,0.9864684014869889,0.0,0.0,1,4983.028137561411,8.513793044976563,below_median,12884.130129618063,2012,0
2016,PB,2515104,0.11265213699405605,0.8873478630059439,0.0,0.0,1,4983.028137561411,8.513793044976563,below_median,12884.130129618063,2012,1
2012,PB,2515203,0.5763327948303716,0.4236672051696284,0.0,0.0,1,5456.951627623973,8.604645602866931,below_median,12884.130129618063,2012,0
2016,PB,2515203,1.0,0.0,0.0,0.0,1,5456.951627623973,8.604645602866931,below_median,12884.130129618063,2012,1
2012,PB,2515401,0.5196374622356495,0.48036253776435045,0.0,0.0,1,4308.942307692308,8.36844774873352,below_median,12884.130129618063,2012,0
2016,PB,2515401,0.0,1.0,0.0,0.0,1,4308.942307692308,8.36844774873352,below_median,12884.130129618063,2012,1
2012,PB,2515500,0.0,0.6813086548488009,0.3186913451511992,0.0,1,6037.096404854591,8.705678447669186,below_median,12884.130129618063,2012,0
2016,PB,2515500,0.193004064539968,0.45054809705628773,0.3564478384037443,0.0,1,6037.096404854591,8.705678447669186,below_median,12884.130129618063,2012,1
2012,PB,2515708,0.0,1.0,0.0,0.0,1,9793.921175684703,9.189517184004911,below_median,12884.130129618063,2012,0
2016,PB,2515708,0.0,1.0,0.0,0.0,1,9793.921175684703,9.189517184004911,below_median,12884.130129618063,2012,1
2012,PB,2516102,0.0,0.49727488151658766,0.5027251184834123,0.0,1,7991.281354963196,8.986106395735144,below_median,12884.130129618063,2012,0
2016,PB,2516102,0.47303383762559187,0.4507448897101282,0.07622127266427994,0.0,1,7991.281354963196,8.986106395735144,below_median,12884.130129618063,2012,1
2012,PB,2516201,0.4869675607055074,0.5072522486022203,0.0057801906922723715,0.0,1,11133.996418736928,9.317758447092325,below_median,12884.130129618063,2012,0
2016,PB,2516201,0.0,1.0,0.0,0.0,1,11133.996418736928,9.317758447092325,below_median,12884.130129618063,2012,1
2012,PB,2516300,0.0,1.0,0.0,0.0,1,6514.770274437249,8.781827227914583,below_median,12884.130129618063,2012,0
2016,PB,2516300,0.4853103379123634,0.5146896620876367,0.0,0.0,1,6514.770274437249,8.781827227914583,below_median,12884.130129618063,2012,1
2012,PB,2516508,0.0,1.0,0.0,0.0,1,5686.374974718533,8.645828237049995,below_median,12884.130129618063,2012,0
2016,PB,2516508,0.0,1.0,0.0,0.0,1,5686.374974718533,8.645828237049995,below_median,12884.130129618063,2012,1
2012,PB,2516706,0.010921004732435385,0.9890789952675646,0.0,0.0,1,6524.665551839465,8.783344974454169,below_median,12884.130129618063,2012,0
2016,PB,2516706,0.0,1.0,0.0,0.0,1,6524.665551839465,8.783344974454169,below_median,12884.130129618063,2012,1
2012,PB,2516755,0.44549315714959886,0.5545068428504011,0.0,0.0,1,7334.729493891798,8.900375811082018,below_median,12884.130129618063,2012,0
2016,PB,2516755,0.0,1.0,0.0,0.0,1,7334.729493891798,8.900375811082018,below_median,12884.130129618063,2012,1
2012,PB,2517100,0.5715604801477377,0.42843951985226225,0.0,0.0,1,7931.597357170618,8.97860972652204,below_median,12884.130129618063,2012,0
2016,PB,2517100,0.6066907775768535,0.3933092224231465,0.0,0.0,1,7931.597357170618,8.97860972652204,below_median,12884.130129618063,2012,1
2012,PB,2517209,0.0,1.0,0.0,0.0,1,5063.504508036064,8.52981411307234,below_median,12884.130129618063,2012,0
2016,PB,2517209,0.8224619911721432,0.17753800882785678,0.0,0.0,1,5063.504508036064,8.52981411307234,below_median,12884.130129618063,2012,1
2012,PB,2517407,0.5491017964071856,0.0,0.45089820359281435,0.0,1,5924.134660976766,8.686789906556877,below_median,12884.130129618063,2012,0
2016,PB,2517407,0.0,1.0,0.0,0.0,1,5924.134660976766,8.686789906556877,below_median,12884.130129618063,2012,1
2012,PE,2600054,0.0,0.31652944048761594,0.683470559512384,0.0,0,11691.746375061684,9.366638433818444,below_median,12884.130129618063,2012,0
2016,PE,2600054,0.0,1.0,0.0,0.0,0,11691.746375061684,9.366638433818444,below_median,12884.130129618063,2012,0
2012,PE,2600203,0.4501378676470588,0.5498621323529411,0.0,0.0,0,6026.759388038943,8.70396473034316,below_median,12884.130129618063,2012,0
2016,PE,2600203,0.0,1.0,0.0,0.0,0,6026.759388038943,8.70396473034316,below_median,12884.130129618063,2012,0
2012,PE,2600500,0.0,0.43309198176454816,0.5669080182354519,0.0,0,5432.757859630193,8.600202177111825,below_median,12884.130129618063,2012,0
2016,PE,2600500,0.0,0.46110586223961847,0.5388941377603815,0.0,0,5432.757859630193,8.600202177111825,below_median,12884.130129618063,2012,0
2012,PE,2600609,0.31011460999221097,0.671636808723712,0.018248581284077,0.0,0,6306.236809548068,8.74929439245225,below_median,12884.130129618063,2012,0
2016,PE,2600609,0.0,1.0,0.0,0.0,0,6306.236809548068,8.74929439245225,below_median,12884.130129618063,2012,0
2012,PE,2600906,0.4032210182573846,0.29189550244916135,0.30488347929345405,0.0,1,6215.339233038348,8.734775585405876,below_median,12884.130129618063,2012,0
2016,PE,2600906,0.5703005044966001,0.42969949550339986,0.0,0.0,1,6215.339233038348,8.734775585405876,below_median,12884.130129618063,2012,1
2012,PE,2601003,0.6575254073237619,0.2868204549120826,0.05565413776415551,0.0,0,6053.9915156189745,8.708473088130232,below_median,12884.130129618063,2012,0
2016,PE,2601003,0.47807486631016044,0.5219251336898396,0.0,0.0,0,6053.9915156189745,8.708473088130232,below_median,12884.130129618063,2012,0
2012,PE,2601052,0.0,1.0,0.0,0.0,1,4281.140892732449,8.36197481677658,below_median,12884.130129618063,2012,0
2016,PE,2601052,0.4874007860060106,0.5125992139939893,0.0,0.0,1,4281.140892732449,8.36197481677658,below_median,12884.130129618063,2012,1
2012,PE,2601904,0.22119761876969768,0.6814520835765145,0.09735029765378779,0.0,1,8559.78187007339,9.054829986343043,below_median,12884.130129618063,2012,0
2016,PE,2601904,0.0,1.0,0.0,0.0,1,8559.78187007339,9.054829986343043,below_median,12884.130129618063,2012,1
2012,PE,2602100,0.0,0.8795306843459676,0.12046931565403236,0.0,0,7062.936302546594,8.862616150898285,below_median,12884.130129618063,2012,0
2016,PE,2602100,0.0,1.0,0.0,0.0,0,7062.936302546594,8.862616150898285,below_median,12884.130129618063,2012,0
2012,PE,2602209,0.5726526240628347,0.4273473759371653,0.0,0.0,1,5390.36601754987,8.592368568378534,below_median,12884.130129618063,2012,0
2016,PE,2602209,0.9688888888888889,0.026243386243386242,0.004867724867724868,0.0,1,5390.36601754987,8.592368568378534,below_median,12884.130129618063,2012,1
2012,PE,2602308,0.43473229783256934,0.5652677021674307,0.0,0.0,1,6905.591518154452,8.840086727366874,below_median,12884.130129618063,2012,0
2016,PE,2602308,0.0,1.0,0.0,0.0,1,6905.591518154452,8.840086727366874,below_median,12884.130129618063,2012,1
2012,PE,2602407,0.0,1.0,0.0,0.0,1,7807.222096445551,8.962804494088328,below_median,12884.130129618063,2012,0
2016,PE,2602407,0.0,1.0,0.0,0.0,1,7807.222096445551,8.962804494088328,below_median,12884.130129618063,2012,1
2012,PE,2602605,0.21897375969404015,0.7810262403059598,0.0,0.0,0,4844.944646254973,8.485691099338027,below_median,12884.130129618063,2012,0
2016,PE,2602605,0.5253768946320452,0.4746231053679548,0.0,0.0,0,4844.944646254973,8.485691099338027,below_median,12884.130129618063,2012,0
2012,PE,2602803,0.5557532141990782,0.41145791218565536,0.03278887361526644,0.0,0,6076.729701335735,8.71222195218213,below_median,12884.130129618063,2012,0
2016,PE,2602803,0.0,0.9842568778738991,0.01574312212610085,0.0,0,6076.729701335735,8.71222195218213,below_median,12884.130129618063,2012,0
2012,PE,2603207,0.0,1.0,0.0,0.0,0,5148.0368143694795,8.54637071988887,below_median,12884.130129618063,2012,0
2016,PE,2603207,0.0,1.0,0.0,0.0,0,5148.0368143694795,8.54637071988887,below_median,12884.130129618063,2012,0
2012,PE,2603504,0.0,1.0,0.0,0.0,1,6173.111174949727,8.727958232105319,below_median,12884.130129618063,2012,0
2016,PE,2603504,0.5125909813435957,0.48740901865640424,0.0,0.0,1,6173.111174949727,8.727958232105319,below_median,12884.130129618063,2012,1
2012,PE,2603801,0.5158236170772332,0.4841763829227667,0.0,0.0,0,6042.553191489362,8.706581915433285,below_median,12884.130129618063,2012,0
2016,PE,2603801,0.4728498861446838,0.5271501138553162,0.0,0.0,0,6042.553191489362,8.706581915433285,below_median,12884.130129618063,2012,0
2012,PE,2604304,0.0,1.0,0.0,0.0,0,5311.838744983583,8.577693333952945,below_median,12884.130129618063,2012,0
2016,PE,2604304,0.5585035818519501,0.4414964181480499,0.0,0.0,0,5311.838744983583,8.577693333952945,below_median,12884.130129618063,2012,0
2012,PE,2604700,0.4999458933015907,0.5000541066984092,0.0,0.0,0,5308.161620812709,8.577000843521466,below_median,12884.130129618063,2012,0
2016,PE,2604700,0.4743341157260945,0.5256658842739055,0.0,0.0,0,5308.161620812709,8.577000843521466,below_median,12884.130129618063,2012,0
2012,PE,2604908,0.5184462725807819,0.48155372741921804,0.0,0.0,0,5251.058958214081,8.566185041572176,below_median,12884.130129618063,2012,0
2016,PE,2604908,1.0,0.0,0.0,0.0,0,5251.058958214081,8.566185041572176,below_median,12884.130129618063,2012,0
2012,PE,2605152,0.0,1.0,0.0,0.0,0,7795.559666975023,8.961309577115282,below_median,12884.130129618063,2012,0
2016,PE,2605152,0.0,1.0,0.0,0.0,0,7795.559666975023,8.961309577115282,below_median,12884.130129618063,2012,0
2012,PE,2605400,0.0,0.5175902506323292,0.4824097493676707,0.0,0,5371.051368218915,8.588778953855055,below_median,12884.130129618063,2012,0
2016,PE,2605400,0.5264318698738714,0.4735681301261286,0.0,0.0,0,5371.051368218915,8.588778953855055,below_median,12884.130129618063,2012,0
2012,PE,2605707,0.0,0.9959807529012171,0.004019247098782904,0.0,0,11171.0539485537,9.32108124289888,below_median,12884.130129618063,2012,0
2016,PE,2605707,0.9390607226044093,0.0,0.060939277395590706,0.0,0,11171.0539485537,9.32108124289888,below_median,12884.130129618063,2012,0
2012,PE,2606101,0.0,1.0,0.0,0.0,1,5710.509216511064,8.650063478448043,below_median,12884.130129618063,2012,0
2016,PE,2606101,0.6211650143720303,0.37883498562796974,0.0,0.0,1,5710.509216511064,8.650063478448043,below_median,12884.130129618063,2012,1
2012,PE,2606408,0.02752886438049285,0.9724711356195072,0.0,0.0,0,9669.458539405228,9.176727593022875,below_median,12884.130129618063,2012,0
2016,PE,2606408,0.08170318205529473,0.9146018083811511,0.0036950095635541647,0.0,0,9669.458539405228,9.176727593022875,below_median,12884.130129618063,2012,0
2012,PE,2606507,0.453027758569594,0.546972241430406,0.0,0.0,0,5138.717365399199,8.54455878750337,below_median,12884.130129618063,2012,0
2016,PE,2606507,0.47727484834344375,0.5227251516565562,0.0,0.0,0,5138.717365399199,8.54455878750337,below_median,12884.130129618063,2012,0
2012,PE,2606606,1.0,0.0,0.0,0.0,0,6470.98614208929,8.775083793514144,below_median,12884.130129618063,2012,0
2016,PE,2606606,1.0,0.0,0.0,0.0,0,6470.98614208929,8.775083793514144,below_median,12884.130129618063,2012,0
2012,PE,2606903,0.5668503480278422,0.43314965197215777,0.0,0.0,1,4608.1698240866035,8.435586055882089,below_median,12884.130129618063,2012,0
2016,PE,2606903,0.0,1.0,0.0,0.0,1,4608.1698240866035,8.435586055882089,below_median,12884.130129618063,2012,1
2012,PE,2607000,0.0,1.0,0.0,0.0,0,5883.900385829534,8.679975151909348,below_median,12884.130129618063,2012,0
2016,PE,2607000,0.5050167224080268,0.49020544672718586,0.004777830864787387,0.0,0,5883.900385829534,8.679975151909348,below_median,12884.130129618063,2012,0
2012,PE,2607109,0.0,1.0,0.0,0.0,1,6248.551047703968,8.740104883485804,below_median,12884.130129618063,2012,0
2016,PE,2607109,0.0,1.0,0.0,0.0,1,6248.551047703968,8.740104883485804,below_median,12884.130129618063,2012,1
2012,PE,2607307,0.9780262392554773,0.021973760744522716,0.0,0.0,0,6153.667739813757,8.724803563493934,below_median,12884.130129618063,2012,0
2016,PE,2607307,0.0,1.0,0.0,0.0,0,6153.667739813757,8.724803563493934,below_median,12884.130129618063,2012,0
2012,PE,2607901,0.36581828170221886,0.629301104084039,0.0048806142137420945,0.0,0,16012.060428903489,9.681097494081328,above_or_equal_median,12884.130129618063,2012,0
2016,PE,2607901,0.47717572610183484,0.5046412050968996,0.018183068801265627,0.0,0,16012.060428903489,9.681097494081328,above_or_equal_median,12884.130129618063,2012,0
2012,PE,2608008,0.0,1.0,0.0,0.0,0,5578.765645230902,8.626722820372601,below_median,12884.130129618063,2012,0
2016,PE,2608008,0.03301024140453548,0.9669897585954645,0.0,0.0,0,5578.765645230902,8.626722820372601,below_median,12884.130129618063,2012,0
2012,PE,2608057,0.0,0.42687116564417177,0.5731288343558282,0.0,1,5748.6334918719385,8.656717451959818,below_median,12884.130129618063,2012,0
2016,PE,2608057,0.29254093389933294,0.6960582171012735,0.011400848999393571,0.0,1,5748.6334918719385,8.656717451959818,below_median,12884.130129618063,2012,1
2012,PE,2608206,0.4811060814800236,0.5188939185199763,0.0,0.0,0,9599.454002920449,9.169461501142715,below_median,12884.130129618063,2012,0
2016,PE,2608206,0.0,1.0,0.0,0.0,0,9599.454002920449,9.169461501142715,below_median,12884.130129618063,2012,0
2012,PE,2608255,0.0,1.0,0.0,0.0,1,5968.06926084528,8.694178747185772,below_median,12884.130129618063,2012,0
2016,PE,2608255,0.0,1.0,0.0,0.0,1,5968.06926084528,8.694178747185772,below_median,12884.130129618063,2012,1
2012,PE,2608305,0.34738521134784095,0.652614788652159,0.0,0.0,1,6162.169940283474,8.72618425753054,below_median,12884.130129618063,2012,0
2016,PE,2608305,0.5931874528403579,0.4068125471596421,0.0,0.0,1,6162.169940283474,8.72618425753054,below_median,12884.130129618063,2012,1
2012,PE,2608503,0.003544842254519674,0.9964551577454803,0.0,0.0,0,10576.279361404524,9.266368976398859,below_median,12884.130129618063,2012,0
2016,PE,2608503,0.02927880937478267,0.9707211906252173,0.0,0.0,0,10576.279361404524,9.266368976398859,below_median,12884.130129618063,2012,0
2012,PE,2608602,0.0,1.0,0.0,0.0,0,5221.174941090437,8.560477740049052,below_median,12884.130129618063,2012,0
2016,PE,2608602,0.4184432325235498,0.5815567674764501,0.0,0.0,0,5221.174941090437,8.560477740049052,below_median,12884.130129618063,2012,0
2012,PE,2608701,0.0,1.0,0.0,0.0,0,4740.0673828745785,8.463806630384402,below_median,12884.130129618063,2012,0
2016,PE,2608701,0.0,1.0,0.0,0.0,0,4740.0673828745785,8.463806630384402,below_median,12884.130129618063,2012,0
2012,PE,2608750,0.4176669302091569,0.5823330697908431,0.0,0.0,0,8877.89600137292,9.091319871129933,below_median,12884.130129618063,2012,0
2016,PE,2608750,0.0,0.9854101221640489,0.014589877835951134,0.0,0,8877.89600137292,9.091319871129933,below_median,12884.130129618063,2012,0
2012,PE,2608800,0.5751871172601497,0.4248128827398503,0.0,0.0,1,7168.463105963106,8.877446559984525,below_median,12884.130129618063,2012,0
2016,PE,2608800,0.5504682622268471,0.449531737773153,0.0,0.0,1,7168.463105963106,8.877446559984525,below_median,12884.130129618063,2012,1
2012,PE,2608909,0.04333254241309764,0.9566674575869024,0.0,0.0,1,8616.97052924489,9.061488855162535,below_median,12884.130129618063,2012,0
2016,PE,2608909,0.0,1.0,0.0,0.0,1,8616.97052924489,9.061488855162535,below_median,12884.130129618063,2012,1
2012,PE,2609154,0.0,1.0,0.0,0.0,0,4152.225818432642,8.331399811235892,below_median,12884.130129618063,2012,0
2016,PE,2609154,0.3458207016024253,0.6541792983975747,0.0,0.0,0,4152.225818432642,8.331399811235892,below_median,12884.130129618063,2012,0
2012,PE,2609204,0.48350398179749715,0.5164960182025028,0.0,0.0,0,5047.654878354652,8.526679033887547,below_median,12884.130129618063,2012,0
2016,PE,2609204,0.0,1.0,0.0,0.0,0,5047.654878354652,8.526679033887547,below_median,12884.130129618063,2012,0
2012,PE,2609501,0.0,1.0,0.0,0.0,1,10314.866737568082,9.241341506136205,below_median,12884.130129618063,2012,0
2016,PE,2609501,0.2761246368099389,0.7238753631900611,0.0,0.0,1,10314.866737568082,9.241341506136205,below_median,12884.130129618063,2012,1
2012,PE,2609600,0.09116776802446,0.40436926718611305,0.504462964789427,0.0,1,11613.416264359785,9.359916283291184,below_median,12884.130129618063,2012,0
2016,PE,2609600,0.0,0.7627290883754156,0.23727091162458433,0.0,1,11613.416264359785,9.359916283291184,below_median,12884.130129618063,2012,1
2012,PE,2609709,0.5959154929577465,0.4040845070422535,0.0,0.0,0,7677.20473125761,8.946010792605385,below_median,12884.130129618063,2012,0
2016,PE,2609709,0.5753763662610848,0.42462363373891526,0.0,0.0,0,7677.20473125761,8.946010792605385,below_median,12884.130129618063,2012,0
2012,PE,2609907,0.0055411672589291095,0.9928928506896344,0.0015659820514364873,0.0,0,5805.754846588307,8.666604919543664,below_median,12884.130129618063,2012,0
2016,PE,2609907,0.32331747885278117,0.6766825211472188,0.0,0.0,0,5805.754846588307,8.666604919543664,below_median,12884.130129618063,2012,0
2012,PE,2610103,0.0,1.0,0.0,0.0,0,5322.197748409202,8.579641607632231,below_median,12884.130129618063,2012,0
2016,PE,2610103,0.0,1.0,0.0,0.0,0,5322.197748409202,8.579641607632231,below_median,12884.130129618063,2012,0
2012,PE,2610202,0.0,1.0,0.0,0.0,0,4863.872332243799,8.48959017581876,below_median,12884.130129618063,2012,0
2016,PE,2610202,0.38781943792340196,0.612180562076598,0.0,0.0,0,4863.872332243799,8.48959017581876,below_median,12884.130129618063,2012,0
2012,PE,2610301,0.0,0.6476618452464542,0.35233815475354585,0.0,1,5927.8378378378375,8.687414811311246,below_median,12884.130129618063,2012,0
2016,PE,2610301,0.0,1.0,0.0,0.0,1,5927.8378378378375,8.687414811311246,below_median,12884.130129618063,2012,1
2012,PE,2610400,0.9868899180619879,0.0,0.013110081938012113,0.0,0,6718.28641370869,8.81258840303967,below_median,12884.130129618063,2012,0
2016,PE,2610400,0.0,1.0,0.0,0.0,0,6718.28641370869,8.81258840303967,below_median,12884.130129618063,2012,0
2012,PE,2610509,0.4797349360456157,0.5202650639543843,0.0,0.0,1,5082.691230036425,8.533596169986316,below_median,12884.130129618063,2012,0
2016,PE,2610509,1.0,0.0,0.0,0.0,1,5082.691230036425,8.533596169986316,below_median,12884.130129618063,2012,1
2012,PE,2610608,0.04981397271599835,0.9501860272840017,0.0,0.0,0,8320.458152475285,9.026472598702435,below_median,12884.130129618063,2012,0
2016,PE,2610608,0.6142368666459435,0.3857631333540566,0.0,0.0,0,8320.458152475285,9.026472598702435,below_median,12884.130129618063,2012,0
2012,PE,2610707,0.09381957249197569,0.5544287372806119,0.35175169022741243,0.0,1,11279.729231090749,9.330762520428015,below_median,12884.130129618063,2012,0
2016,PE,2610707,0.038193654764612235,0.9482886058676371,0.013517739367750739,0.0,1,11279.729231090749,9.330762520428015,below_median,12884.130129618063,2012,1
2012,PE,2610806,0.48929708910451075,0.5107029108954892,0.0,0.0,0,5984.323040380047,8.696898502217959,below_median,12884.130129618063,2012,0
2016,PE,2610806,0.0,1.0,0.0,0.0,0,5984.323040380047,8.696898502217959,below_median,12884.130129618063,2012,0
2012,PE,2610905,0.5288058103533089,0.4711941896466912,0.0,0.0,0,7668.036335584628,8.944815842754286,below_median,12884.130129618063,2012,0
2016,PE,2610905,0.7945205479452054,0.16566156795399178,0.039817884100802746,0.0,0,7668.036335584628,8.944815842754286,below_median,12884.130129618063,2012,0
2012,PE,2611101,0.0,0.7777204600906239,0.2222795399093761,0.0,1,14544.85970290026,9.584992925155746,above_or_equal_median,12884.130129618063,2012,0
2016,PE,2611101,0.0,0.735317506124386,0.26468249387561404,0.0,1,14544.85970290026,9.584992925155746,above_or_equal_median,12884.130129618063,2012,1
2012,PE,2611200,0.36216068749147456,0.6378393125085254,0.0,0.0,0,5428.325324145435,8.599385953599706,below_median,12884.130129618063,2012,0
2016,PE,2611200,0.021505376344086023,0.978494623655914,0.0,0.0,0,5428.325324145435,8.599385953599706,below_median,12884.130129618063,2012,0
2012,PE,2611408,0.9858619159322893,0.014138084067710645,0.0,0.0,0,9233.637358628237,9.130608329892487,below_median,12884.130129618063,2012,0
2016,PE,2611408,0.2504623208506704,0.7495376791493297,0.0,0.0,0,9233.637358628237,9.130608329892487,below_median,12884.130129618063,2012,0
2012,PE,2611507,0.47444287962886256,0.5255571203711374,0.0,0.0,0,5687.283119003879,8.645987929609733,below_median,12884.130129618063,2012,0
2016,PE,2611507,0.4703776041666667,0.5296223958333334,0.0,0.0,0,5687.283119003879,8.645987929609733,below_median,12884.130129618063,2012,0
2012,PE,2611533,0.7445008460236887,0.25549915397631134,0.0,0.0,1,5039.422790836061,8.525046828879088,below_median,12884.130129618063,2012,0
2016,PE,2611533,0.5704752275025278,0.4295247724974722,0.0,0.0,1,5039.422790836061,8.525046828879088,below_median,12884.130129618063,2012,1
2012,PE,2612307,0.0,1.0,0.0,0.0,0,5333.37675024422,8.581739853191465,below_median,12884.130129618063,2012,0
2016,PE,2612307,0.010094360324775072,0.9899056396752249,0.0,0.0,0,5333.37675024422,8.581739853191465,below_median,12884.130129618063,2012,0
2012,PE,2612455,1.0,0.0,0.0,0.0,0,4850.351355227305,8.486806425684327,below_median,12884.130129618063,2012,0
2016,PE,2612455,0.6354269428915926,0.3645730571084073,0.0,0.0,0,4850.351355227305,8.486806425684327,below_median,12884.130129618063,2012,0
2012,PE,2612505,0.0,1.0,0.0,0.0,1,11074.631900839038,9.31241235741642,below_median,12884.130129618063,2012,0
2016,PE,2612505,0.0,0.9949193530494975,0.005080646950502518,0.0,1,11074.631900839038,9.31241235741642,below_median,12884.130129618063,2012,1
2012,PE,2612554,0.40740291262135925,0.5671116504854369,0.025485436893203883,0.0,0,4321.362731361994,8.371326078569723,below_median,12884.130129618063,2012,0
2016,PE,2612554,1.0,0.0,0.0,0.0,0,4321.362731361994,8.371326078569723,below_median,12884.130129618063,2012,0
2012,PE,2612604,0.3834608593290171,0.6165391406709829,0.0,0.0,0,8608.800482218203,9.060540270900749,below_median,12884.130129618063,2012,0
2016,PE,2612604,0.2304424778761062,0.7695575221238938,0.0,0.0,0,8608.800482218203,9.060540270900749,below_median,12884.130129618063,2012,0
2012,PE,2612703,0.0,1.0,0.0,0.0,1,5385.849413545214,8.591530314114221,below_median,12884.130129618063,2012,0
2016,PE,2612703,0.0,1.0,0.0,0.0,1,5385.849413545214,8.591530314114221,below_median,12884.130129618063,2012,1
2012,PE,2612901,0.5316067473164082,0.4683932526835918,0.0,0.0,0,4706.128717018009,8.456620920595793,below_median,12884.130129618063,2012,0
2016,PE,2612901,0.5741279069767442,0.4258720930232558,0.0,0.0,0,4706.128717018009,8.456620920595793,below_median,12884.130129618063,2012,0
2012,PE,2613008,0.39956478733926803,0.600435212660732,0.0,0.0,0,10944.647548362207,9.300605807370143,below_median,12884.130129618063,2012,0
2016,PE,2613008,0.006038553843771773,0.9939614461562283,0.0,0.0,0,10944.647548362207,9.300605807370143,below_median,12884.130129618063,2012,0
2012,PE,2614006,0.686337395766517,0.0,0.313662604233483,0.0,0,5316.8637615422,8.578638889994227,below_median,12884.130129618063,2012,0
2016,PE,2614006,0.5110688914587808,0.48893110854121924,0.0,0.0,0,5316.8637615422,8.578638889994227,below_median,12884.130129618063,2012,0
2012,PE,2614105,0.0,1.0,0.0,0.0,0,6186.0506024802835,8.730052133373258,below_median,12884.130129618063,2012,0
2016,PE,2614105,0.0,0.9804307208181728,0.01956927918182712,0.0,0,6186.0506024802835,8.730052133373258,below_median,12884.130129618063,2012,0
2012,PE,2614402,0.38482384823848237,0.6151761517615176,0.0,0.0,1,5136.7491777739315,8.544175702678741,below_median,12884.130129618063,2012,0
2016,PE,2614402,0.48715132879420164,0.5128486712057984,0.0,0.0,1,5136.7491777739315,8.544175702678741,below_median,12884.130129618063,2012,1
2012,PE,2614808,0.43773062730627305,0.5622693726937269,0.0,0.0,1,4402.559270783119,8.389941303262841,below_median,12884.130129618063,2012,0
2016,PE,2614808,0.0,1.0,0.0,0.0,1,4402.559270783119,8.389941303262841,below_median,12884.130129618063,2012,1
2012,PE,2615003,0.0,0.5716287661634499,0.4283712338365501,0.0,0,6973.8717339667455,8.849925835034162,below_median,12884.130129618063,2012,0
2016,PE,2615003,0.9722664381045671,0.02773356189543284,0.0,0.0,0,6973.8717339667455,8.849925835034162,below_median,12884.130129618063,2012,0
2012,PE,2615102,1.0,0.0,0.0,0.0,0,5075.701896222255,8.532220099021114,below_median,12884.130129618063,2012,0
2016,PE,2615102,0.4500825082508251,0.5499174917491749,0.0,0.0,0,5075.701896222255,8.532220099021114,below_median,12884.130129618063,2012,0
2012,PE,2615201,0.6270646189510287,0.37293538104897134,0.0,0.0,0,5312.460667086218,8.57781040936267,below_median,12884.130129618063,2012,0
2016,PE,2615201,0.7319772659288064,0.26802273407119354,0.0,0.0,0,5312.460667086218,8.57781040936267,below_median,12884.130129618063,2012,0
2012,PE,2615409,0.3816215722954784,0.6183784277045216,0.0,0.0,0,14034.359969174351,9.549263885274815,above_or_equal_median,12884.130129618063,2012,0
2016,PE,2615409,0.0,1.0,0.0,0.0,0,14034.359969174351,9.549263885274815,above_or_equal_median,12884.130129618063,2012,0
2012,PE,2615607,0.5769993390614673,0.4230006609385327,0.0,0.0,0,7999.626154248757,8.987150088851154,below_median,12884.130129618063,2012,0
2016,PE,2615607,0.48447488584474885,0.5155251141552512,0.0,0.0,0,7999.626154248757,8.987150088851154,below_median,12884.130129618063,2012,0
2012,PE,2616001,1.0,0.0,0.0,0.0,0,6320.156928015217,8.751499317214789,below_median,12884.130129618063,2012,0
2016,PE,2616001,0.6793215659205206,0.3206784340794793,0.0,0.0,0,6320.156928015217,8.751499317214789,below_median,12884.130129618063,2012,0
2012,PE,2616407,0.5090137308951612,0.4660351231380466,0.0249511459667922,0.0,1,17087.501058449507,9.746102542975114,above_or_equal_median,12884.130129618063,2012,0
2016,PE,2616407,0.5759448102525166,0.42405518974748335,0.0,0.0,1,17087.501058449507,9.746102542975114,above_or_equal_median,12884.130129618063,2012,1
2012,BA,2900603,0.5225487343613616,0.0,0.4774512656386383,0.0,1,8252.425044091711,9.018262380873825,below_median,12884.130129618063,2012,0
2016,BA,2900603,1.0,0.0,0.0,0.0,1,8252.425044091711,9.018262380873825,below_median,12884.130129618063,2012,1
2012,BA,2900702,0.0728811768745213,0.6108866175421915,0.31623220558328713,0.0,1,16474.773456015613,9.709585608503213,above_or_equal_median,12884.130129618063,2012,0
2016,BA,2900702,0.3693306839852241,0.4084441303159214,0.22222518569885447,0.0,1,16474.773456015613,9.709585608503213,above_or_equal_median,12884.130129618063,2012,1
2012,BA,2902054,0.0,0.3586698337292161,0.6413301662707839,0.0,1,32135.371929221783,10.377712631698943,above_or_equal_median,12884.130129618063,2012,0
2016,BA,2902054,0.0,0.5606906400103856,0.43930935998961446,0.0,1,32135.371929221783,10.377712631698943,above_or_equal_median,12884.130129618063,2012,1
2012,BA,2902203,0.03663380903339709,0.9633661909666029,0.0,0.0,1,5165.601449966613,8.549776822008868,below_median,12884.130129618063,2012,0
2016,BA,2902203,0.4765764528094518,0.5234235471905482,0.0,0.0,1,5165.601449966613,8.549776822008868,below_median,12884.130129618063,2012,1
2012,BA,2910008,0.3529800231137527,0.6470199768862473,0.0,0.0,1,3904.5592207579602,8.2699001802967,below_median,12884.130129618063,2012,0
2016,BA,2910008,0.0,1.0,0.0,0.0,1,3904.5592207579602,8.2699001802967,below_median,12884.130129618063,2012,1
2012,BA,2914208,0.5875350140056023,0.41246498599439774,0.0,0.0,1,5037.893840476866,8.524743384931286,below_median,12884.130129618063,2012,0
2016,BA,2914208,0.5704475491356855,0.4295524508643145,0.0,0.0,1,5037.893840476866,8.524743384931286,below_median,12884.130129618063,2012,1
2012,BA,2915106,0.2928442573662057,0.35333734215273604,0.35381840048105834,0.0,1,6175.322139789145,8.72831632852236,below_median,12884.130129618063,2012,0
2016,BA,2915106,0.0,0.6432154171066525,0.3567845828933474,0.0,1,6175.322139789145,8.72831632852236,below_median,12884.130129618063,2012,1
2012,BA,2915205,0.002632783882783883,0.38587454212454214,0.611492673992674,0.0,1,37303.022269353125,10.526829628337499,above_or_equal_median,12884.130129618063,2012,0
2016,BA,2915205,0.5141222738648552,0.018233821952091528,0.4676439041830533,0.0,1,37303.022269353125,10.526829628337499,above_or_equal_median,12884.130129618063,2012,1
2012,BA,2916708,0.0,1.0,0.0,0.0,1,5733.453747903496,8.654073376454193,below_median,12884.130129618063,2012,0
2016,BA,2916708,0.0,1.0,0.0,0.0,1,5733.453747903496,8.654073376454193,below_median,12884.130129618063,2012,1
2012,BA,2917607,0.5324350107321727,0.0,0.46756498926782736,0.0,1,6578.28991962816,8.791530099907922,below_median,12884.130129618063,2012,0
2016,BA,2917607,0.5619294932326094,0.4380705067673906,0.0,0.0,1,6578.28991962816,8.791530099907922,below_median,12884.130129618063,2012,1
2012,BA,2918308,0.0,0.0,1.0,0.0,1,6489.231927710844,8.77789945565464,below_median,12884.130129618063,2012,0
2016,BA,2918308,0.0,0.6722113502935421,0.32778864970645794,0.0,1,6489.231927710844,8.77789945565464,below_median,12884.130129618063,2012,1
2012,BA,2919926,0.0,0.3315634218289086,0.6684365781710915,0.0,1,18170.543914645546,9.807557095705281,above_or_equal_median,12884.130129618063,2012,0
2016,BA,2919926,0.9210418878092594,0.07895811219074059,0.0,0.0,1,18170.543914645546,9.807557095705281,above_or_equal_median,12884.130129618063,2012,1
2012,BA,2929206,0.0,0.2312355771111198,0.7687644228888803,0.0,1,31188.862268450885,10.347816331490263,above_or_equal_median,12884.130129618063,2012,0
2016,BA,2929206,0.9116617746669677,0.08833822533303229,0.0,0.0,1,31188.862268450885,10.347816331490263,above_or_equal_median,12884.130129618063,2012,1
2012,MG,3100302,0.4451348052812604,0.0,0.5548651947187396,0.0,1,9081.316699233428,9.113974472011062,below_median,12884.130129618063,2012,0
2016,MG,3100302,0.42669762042948345,0.0,0.5733023795705166,0.0,1,9081.316699233428,9.113974472011062,below_median,12884.130129618063,2012,1
2012,MG,3100807,0.0,0.6169531022429362,0.3830468977570638,0.0,0,9940.179220150158,9.204340329684271,below_median,12884.130129618063,2012,0
2016,MG,3100807,0.46305732484076434,0.5369426751592357,0.0,0.0,0,9940.179220150158,9.204340329684271,below_median,12884.130129618063,2012,0
2012,MG,3101003,0.3835671883432272,0.4778737182946573,0.1385590933621155,0.0,0,17412.684824902724,9.764954232527218,above_or_equal_median,12884.130129618063,2012,0
2016,MG,3101003,0.0,1.0,0.0,0.0,0,17412.684824902724,9.764954232527218,above_or_equal_median,12884.130129618063,2012,0
2012,MG,3101904,0.2306093607116136,0.7333942971153047,0.035996342173081716,0.0,0,13061.467742797584,9.477421781109742,above_or_equal_median,12884.130129618063,2012,0
2016,MG,3101904,1.0,0.0,0.0,0.0,0,13061.467742797584,9.477421781109742,above_or_equal_median,12884.130129618063,2012,0
2012,MG,3102050,0.41337295690936104,0.586627043090639,0.0,0.0,0,9870.548961424332,9.197310750072766,below_median,12884.130129618063,2012,0
2016,MG,3102050,0.3270748299319728,0.6729251700680272,0.0,0.0,0,9870.548961424332,9.197310750072766,below_median,12884.130129618063,2012,0
2012,MG,3102100,0.0,1.0,0.0,0.0,0,7388.0534319079225,8.907619573549058,below_median,12884.130129618063,2012,0
2016,MG,3102100,0.0213007310310058,0.9786992689689942,0.0,0.0,0,7388.0534319079225,8.907619573549058,below_median,12884.130129618063,2012,0
2012,MG,3102704,0.36818437324339515,0.0,0.6318156267566049,0.0,0,7836.7867036011085,8.966584170094649,below_median,12884.130129618063,2012,0
2016,MG,3102704,0.0,0.3922437673130194,0.6077562326869806,0.0,0,7836.7867036011085,8.966584170094649,below_median,12884.130129618063,2012,0
2012,MG,3103603,0.5648637657584384,0.4351362342415616,0.0,0.0,1,12919.957310565635,9.466528473195348,above_or_equal_median,12884.130129618063,2012,0
2016,MG,3103603,0.5201543739279588,0.0,0.4798456260720412,0.0,1,12919.957310565635,9.466528473195348,above_or_equal_median,12884.130129618063,2012,1
2012,MG,3103801,0.48173352435530087,0.5182664756446992,0.0,0.0,1,25297.841726618706,10.138474363828468,above_or_equal_median,12884.130129618063,2012,0
2016,MG,3103801,0.007063572149344097,0.992936427850656,0.0,0.0,1,25297.841726618706,10.138474363828468,above_or_equal_median,12884.130129618063,2012,1
2012,MG,3104908,0.491690635985938,0.508309364014062,0.0,0.0,0,9860.577444914794,9.196300010274834,below_median,12884.130129618063,2012,0
2016,MG,3104908,0.4973354103468066,0.5026645896531934,0.0,0.0,0,9860.577444914794,9.196300010274834,below_median,12884.130129618063,2012,0
2012,MG,3105509,0.5540209400757407,0.4459790599242593,0.0,0.0,0,5401.20503278398,8.594377361876422,below_median,12884.130129618063,2012,0
2016,MG,3105509,0.5653982116864213,0.4346017883135787,0.0,0.0,0,5401.20503278398,8.594377361876422,below_median,12884.130129618063,2012,0
2012,MG,3106309,0.012931323283082077,0.5235510887772195,0.4635175879396985,0.0,0,40560.665443629085,10.610554044531593,above_or_equal_median,12884.130129618063,2012,0
2016,MG,3106309,0.0,0.6460974197284602,0.3539025802715398,0.0,0,40560.665443629085,10.610554044531593,above_or_equal_median,12884.130129618063,2012,0
2012,MG,3106408,0.0,1.0,0.0,0.0,1,13080.365417714815,9.478867561755115,above_or_equal_median,12884.130129618063,2012,0
2016,MG,3106408,0.0,0.8653968253968254,0.1346031746031746,0.0,1,13080.365417714815,9.478867561755115,above_or_equal_median,12884.130129618063,2012,1
2012,MG,3107901,0.0,1.0,0.0,0.0,0,8202.507416977702,9.012195169068642,below_median,12884.130129618063,2012,0
2016,MG,3107901,0.0,0.733751425313569,0.26624857468643104,0.0,0,8202.507416977702,9.012195169068642,below_median,12884.130129618063,2012,0
2012,MG,3108800,0.49185367353212417,0.5081463264678758,0.0,0.0,0,16176.553388296803,9.69131815112865,above_or_equal_median,12884.130129618063,2012,0
2016,MG,3108800,0.7388825541619156,0.2611174458380844,0.0,0.0,0,16176.553388296803,9.69131815112865,above_or_equal_median,12884.130129618063,2012,0
2012,MG,3108909,0.08999072260591691,0.38037315740645294,0.5296361199876302,0.0,0,9281.659238944121,9.135795607097927,below_median,12884.130129618063,2012,0
2016,MG,3108909,0.6162129215765949,0.1531897602600569,0.23059731816334822,0.0,0,9281.659238944121,9.135795607097927,below_median,12884.130129618063,2012,0
2012,MG,3110004,0.046700706991358996,0.953299293008641,0.0,0.0,0,11748.83518818048,9.371509381737502,below_median,12884.130129618063,2012,0
2016,MG,3110004,0.0,1.0,0.0,0.0,0,11748.83518818048,9.371509381737502,below_median,12884.130129618063,2012,0
2012,MG,3110608,0.0,0.35846663378197446,0.6415333662180255,0.0,0,20128.0162842339,9.909867968533717,above_or_equal_median,12884.130129618063,2012,0
2016,MG,3110608,0.23723477070499657,0.5879534565366188,0.17481177275838466,0.0,0,20128.0162842339,9.909867968533717,above_or_equal_median,12884.130129618063,2012,0
2012,MG,3111200,0.09360066486598795,0.906399335134012,0.0,0.0,0,13624.682080924855,9.519638285749112,above_or_equal_median,12884.130129618063,2012,0
2016,MG,3111200,0.18657972987496865,0.7956865976426755,0.01773367248235589,0.0,0,13624.682080924855,9.519638285749112,above_or_equal_median,12884.130129618063,2012,0
2012,MG,3111507,0.8632566508160905,0.1367433491839095,0.0,0.0,0,15398.099334073251,9.641999360919488,above_or_equal_median,12884.130129618063,2012,0
2016,MG,3111507,0.018605870020964362,0.9813941299790356,0.0,0.0,0,15398.099334073251,9.641999360919488,above_or_equal_median,12884.130129618063,2012,0
2012,MG,3112208,0.4953742640874685,0.0,0.5046257359125316,0.0,0,6746.613039796783,8.81679588605498,below_median,12884.130129618063,2012,0
2016,MG,3112208,0.5763742071881607,0.4236257928118393,0.0,0.0,0,6746.613039796783,8.81679588605498,below_median,12884.130129618063,2012,0
2012,MG,3112406,0.3676683937823834,0.4770984455958549,0.15523316062176165,0.0,0,11021.309845148458,9.307585936364806,below_median,12884.130129618063,2012,0
2016,MG,3112406,0.33196544276457884,0.6680345572354212,0.0,0.0,0,11021.309845148458,9.307585936364806,below_median,12884.130129618063,2012,0
2012,MG,3112802,0.3504316069057105,0.0,0.6495683930942895,0.0,0,16909.46551933099,9.7356288340206,above_or_equal_median,12884.130129618063,2012,0
2016,MG,3112802,0.35172883665474364,0.0,0.6482711633452564,0.0,0,16909.46551933099,9.7356288340206,above_or_equal_median,12884.130129618063,2012,0
2012,MG,3113107,0.0,0.4661144578313253,0.5338855421686747,0.0,0,6734.9693251533745,8.815068534291164,below_median,12884.130129618063,2012,0
2016,MG,3113107,0.0,1.0,0.0,0.0,0,6734.9693251533745,8.815068534291164,below_median,12884.130129618063,2012,0
2012,MG,3113206,0.49711160275319566,0.48801622418879054,0.014872173058013766,0.0,0,17868.900894816816,9.790817100655705,above_or_equal_median,12884.130129618063,2012,0
2016,MG,3113206,0.4011794030032221,0.5988205969967779,0.0,0.0,0,17868.900894816816,9.790817100655705,above_or_equal_median,12884.130129618063,2012,0
2012,MG,3114709,0.0,0.4829059829059829,0.5170940170940171,0.0,1,11539.05325443787,9.353492496353258,below_median,12884.130129618063,2012,0
2016,MG,3114709,0.5823485967503693,0.0,0.41765140324963074,0.0,1,11539.05325443787,9.353492496353258,below_median,12884.130129618063,2012,1
2012,MG,3115102,0.5697909024211298,0.0,0.43020909757887016,0.0,0,13963.345379452761,9.544190987969143,above_or_equal_median,12884.130129618063,2012,0
2016,MG,3115102,0.4725132103457866,0.4095670714749235,0.11791971817928988,0.0,0,13963.345379452761,9.544190987969143,above_or_equal_median,12884.130129618063,2012,0
2012,MG,3115508,0.46925316889345664,0.27714970880438505,0.25359712230215825,0.0,0,11538.145187375814,9.353413798146905,below_median,12884.130129618063,2012,0
2016,MG,3115508,0.30306461352657005,0.6807065217391305,0.016228864734299516,0.0,0,11538.145187375814,9.353413798146905,below_median,12884.130129618063,2012,0
2012,MG,3115607,0.5573294629898403,0.4426705370101596,0.0,0.0,1,9909.924937447873,9.20129205287031,below_median,12884.130129618063,2012,0
2016,MG,3115607,0.5061525840853158,0.4938474159146842,0.0,0.0,1,9909.924937447873,9.20129205287031,below_median,12884.130129618063,2012,1
2012,MG,3115904,1.0,0.0,0.0,0.0,1,9446.42857142857,9.153392020105287,below_median,12884.130129618063,2012,0
2016,MG,3115904,1.0,0.0,0.0,0.0,1,9446.42857142857,9.153392020105287,below_median,12884.130129618063,2012,1
2012,MG,3116209,0.47588192944564434,0.0,0.5241180705543557,0.0,1,8401.232330554549,9.036133680089527,below_median,12884.130129618063,2012,0
2016,MG,3116209,0.45942647956070776,0.0,0.5405735204392923,0.0,1,8401.232330554549,9.036133680089527,below_median,12884.130129618063,2012,1
2012,MG,3116308,0.0,1.0,0.0,0.0,0,4925.965339008817,8.502275542319719,below_median,12884.130129618063,2012,0
2016,MG,3116308,1.0,0.0,0.0,0.0,0,4925.965339008817,8.502275542319719,below_median,12884.130129618063,2012,0
2012,MG,3116407,0.5566343042071198,0.44336569579288027,0.0,0.0,0,16711.639058413253,9.72386070525384,above_or_equal_median,12884.130129618063,2012,0
2016,MG,3116407,0.20303698261082537,0.7969630173891746,0.0,0.0,0,16711.639058413253,9.72386070525384,above_or_equal_median,12884.130129618063,2012,0
2012,MG,3116506,0.0,1.0,0.0,0.0,1,9217.453319502074,9.128854065761553,below_median,12884.130129618063,2012,0
2016,MG,3116506,0.0,1.0,0.0,0.0,1,9217.453319502074,9.128854065761553,below_median,12884.130129618063,2012,1
2012,MG,3117207,0.0,1.0,0.0,0.0,0,12359.709618874773,9.422197237117157,below_median,12884.130129618063,2012,0
2016,MG,3117207,0.4745114698385726,0.5254885301614274,0.0,0.0,0,12359.709618874773,9.422197237117157,below_median,12884.130129618063,2012,0
2012,MG,3117702,0.6296684576071289,0.3703315423928712,0.0,0.0,0,10904.842169782409,9.296962205333596,below_median,12884.130129618063,2012,0
2016,MG,3117702,0.6744916659394362,0.32550833406056373,0.0,0.0,0,10904.842169782409,9.296962205333596,below_median,12884.130129618063,2012,0
2012,MG,3117801,0.476994918280456,0.5230050817195441,0.0,0.0,1,11126.49637100575,9.317084603248363,below_median,12884.130129618063,2012,0
2016,MG,3117801,0.43143170597915526,0.5685682940208447,0.0,0.0,1,11126.49637100575,9.317084603248363,below_median,12884.130129618063,2012,1
2012,MG,3118007,0.06362127306390858,0.8660218348975293,0.07035689203856221,0.0,0,62823.766526926796,11.048088728743952,above_or_equal_median,12884.130129618063,2012,0
2016,MG,3118007,0.0,0.9841119129003671,0.015888087099632867,0.0,0,62823.766526926796,11.048088728743952,above_or_equal_median,12884.130129618063,2012,0
2012,MG,3118502,0.5032894736842105,0.4967105263157895,0.0,0.0,0,10106.812933025403,9.220965023248523,below_median,12884.130129618063,2012,0
2016,MG,3118502,0.0,1.0,0.0,0.0,0,10106.812933025403,9.220965023248523,below_median,12884.130129618063,2012,0
2012,MG,3118700,0.0,1.0,0.0,0.0,0,12005.08602965047,9.39308567478132,below_median,12884.130129618063,2012,0
2016,MG,3118700,0.31626984126984126,0.6837301587301587,0.0,0.0,0,12005.08602965047,9.39308567478132,below_median,12884.130129618063,2012,0
2012,MG,3118809,1.0,0.0,0.0,0.0,0,11695.387093063384,9.366949777492612,below_median,12884.130129618063,2012,0
2016,MG,3118809,0.9408959718910779,0.04743380599824319,0.01167022211067888,0.0,0,11695.387093063384,9.366949777492612,below_median,12884.130129618063,2012,0
2012,MG,3119005,0.8587550054605023,0.0,0.14124499453949763,0.0,1,10599.941978532057,9.268603806361787,below_median,12884.130129618063,2012,0
2016,MG,3119005,0.6321603927986906,0.3678396072013093,0.0,0.0,1,10599.941978532057,9.268603806361787,below_median,12884.130129618063,2012,1
2012,MG,3119906,1.0,0.0,0.0,0.0,0,6520.452099031217,8.782698992858979,below_median,12884.130129618063,2012,0
2016,MG,3119906,1.0,0.0,0.0,0.0,0,6520.452099031217,8.782698992858979,below_median,12884.130129618063,2012,0
2012,MG,3119955,0.39886363636363636,0.44522727272727275,0.1559090909090909,0.0,0,26275.19972802992,10.176380797163642,above_or_equal_median,12884.130129618063,2012,0
2016,MG,3119955,0.5443919982018431,0.4556080017981569,0.0,0.0,0,26275.19972802992,10.176380797163642,above_or_equal_median,12884.130129618063,2012,0
2012,MG,3120003,1.0,0.0,0.0,0.0,1,6913.770491803279,8.841270425224694,below_median,12884.130129618063,2012,0
2016,MG,3120003,1.0,0.0,0.0,0.0,1,6913.770491803279,8.841270425224694,below_median,12884.130129618063,2012,1
2012,MG,3120201,0.5086756636511939,0.10158683078748332,0.38973750556132286,0.0,0,11033.670907989266,9.308706868119266,below_median,12884.130129618063,2012,0
2016,MG,3120201,0.394961763382816,0.605038236617184,0.0,0.0,0,11033.670907989266,9.308706868119266,below_median,12884.130129618063,2012,0
2012,MG,3120508,0.8555231616456106,0.14447683835438938,0.0,0.0,0,12833.480522029242,9.459812700791026,below_median,12884.130129618063,2012,0
2016,MG,3120508,1.0,0.0,0.0,0.0,0,12833.480522029242,9.459812700791026,below_median,12884.130129618063,2012,0
2012,MG,3121209,0.0,1.0,0.0,0.0,0,16836.657446498764,9.731313779169533,above_or_equal_median,12884.130129618063,2012,0
2016,MG,3121209,0.4286542923433875,0.5713457076566125,0.0,0.0,0,16836.657446498764,9.731313779169533,above_or_equal_median,12884.130129618063,2012,0
2012,MG,3121704,1.0,0.0,0.0,0.0,1,7339.686684073107,8.901051434603902,below_median,12884.130129618063,2012,0
2016,MG,3121704,0.7424892703862661,0.2575107296137339,0.0,0.0,1,7339.686684073107,8.901051434603902,below_median,12884.130129618063,2012,1
2012,MG,3122355,1.0,0.0,0.0,0.0,0,9312.107178299702,9.139070679602115,below_median,12884.130129618063,2012,0
2016,MG,3122355,0.5429708222811671,0.4570291777188329,0.0,0.0,0,9312.107178299702,9.139070679602115,below_median,12884.130129618063,2012,0
2012,MG,3122454,0.5047887323943662,0.4952112676056338,0.0,0.0,0,5227.462303496952,8.561681220085386,below_median,12884.130129618063,2012,0
2016,MG,3122454,0.0,1.0,0.0,0.0,0,5227.462303496952,8.561681220085386,below_median,12884.130129618063,2012,0
2012,MG,3122801,0.0,0.3505674653215637,0.6494325346784363,0.0,0,6870.147255689424,8.834940819584848,below_median,12884.130129618063,2012,0
2016,MG,3122801,0.40264572137246796,0.597354278627532,0.0,0.0,0,6870.147255689424,8.834940819584848,below_median,12884.130129618063,2012,0
2012,MG,3123403,0.0,0.5477826358525921,0.4522173641474079,0.0,0,14116.231086657497,9.555080555209301,above_or_equal_median,12884.130129618063,2012,0
2016,MG,3123403,0.0,1.0,0.0,0.0,0,14116.231086657497,9.555080555209301,above_or_equal_median,12884.130129618063,2012,0
2012,MG,3123502,0.0,1.0,0.0,0.0,1,18319.45945945946,9.815719132304805,above_or_equal_median,12884.130129618063,2012,0
2016,MG,3123502,0.5261363636363636,0.4738636363636364,0.0,0.0,1,18319.45945945946,9.815719132304805,above_or_equal_median,12884.130129618063,2012,1
2012,MG,3123528,0.0,1.0,0.0,0.0,0,9357.018832643249,9.143882017953512,below_median,12884.130129618063,2012,0
2016,MG,3123528,0.0,1.0,0.0,0.0,0,9357.018832643249,9.143882017953512,below_median,12884.130129618063,2012,0
2012,MG,3124302,0.504153425879467,0.0,0.49584657412053296,0.0,1,6203.378942635061,8.732849413327251,below_median,12884.130129618063,2012,0
2016,MG,3124302,0.0,0.0,1.0,0.0,1,6203.378942635061,8.732849413327251,below_median,12884.130129618063,2012,1
2012,MG,3126109,0.25142717138306997,0.5348033811098861,0.213769447507044,0.0,0,16744.210558474886,9.72580783920652,above_or_equal_median,12884.130129618063,2012,0
2016,MG,3126109,0.846157994068482,0.0,0.15384200593151792,0.0,0,16744.210558474886,9.72580783920652,above_or_equal_median,12884.130129618063,2012,0
2012,MG,3126307,0.5402985074626866,0.4597014925373134,0.0,0.0,0,74935.18072289157,11.224378761804907,above_or_equal_median,12884.130129618063,2012,0
2016,MG,3126307,0.0,1.0,0.0,0.0,0,74935.18072289157,11.224378761804907,above_or_equal_median,12884.130129618063,2012,0
2012,MG,3126950,0.0,1.0,0.0,0.0,1,6052.537313432836,8.708232853755264,below_median,12884.130129618063,2012,0
2016,MG,3126950,0.0,1.0,0.0,0.0,1,6052.537313432836,8.708232853755264,below_median,12884.130129618063,2012,1
2012,MG,3127404,0.37025948103792417,0.13739188290086493,0.49234863606121093,0.0,0,9542.857142857143,9.163548210469424,below_median,12884.130129618063,2012,0
2016,MG,3127404,0.5957860615883306,0.0,0.40421393841166936,0.0,0,9542.857142857143,9.163548210469424,below_median,12884.130129618063,2012,0
2012,MG,3128105,0.17235494880546076,0.8276450511945392,0.0,0.0,0,10450.57867874344,9.254412631816075,below_median,12884.130129618063,2012,0
2016,MG,3128105,0.09217945574895808,0.44496200049031626,0.46285854376072566,0.0,0,10450.57867874344,9.254412631816075,below_median,12884.130129618063,2012,0
2012,MG,3128253,0.44242561889620713,0.5575743811037929,0.0,0.0,1,44355.130361648444,10.6999836600023,above_or_equal_median,12884.130129618063,2012,0
2016,MG,3128253,0.0,1.0,0.0,0.0,1,44355.130361648444,10.6999836600023,above_or_equal_median,12884.130129618063,2012,1
2012,MG,3128303,0.528668363019508,0.47133163698049196,0.0,0.0,0,18046.29679072996,9.800695778763547,above_or_equal_median,12884.130129618063,2012,0
2016,MG,3128303,0.3927809540063145,0.6072190459936855,0.0,0.0,0,18046.29679072996,9.800695778763547,above_or_equal_median,12884.130129618063,2012,0
2012,MG,3128600,0.0,1.0,0.0,0.0,0,41724.5115995116,10.638844043237121,above_or_equal_median,12884.130129618063,2012,0
2016,MG,3128600,0.0,1.0,0.0,0.0,0,41724.5115995116,10.638844043237121,above_or_equal_median,12884.130129618063,2012,0
2012,MG,3128709,0.33178784685634,0.3881278538812785,0.28008429926238143,0.0,0,29347.063785347043,10.28694777886666,above_or_equal_median,12884.130129618063,2012,0
2016,MG,3128709,0.3549965565986444,0.5299575917938308,0.11504585160752474,0.0,0,29347.063785347043,10.28694777886666,above_or_equal_median,12884.130129618063,2012,0
2012,MG,3128808,0.3879598662207358,0.6120401337792643,0.0,0.0,1,11262.283640424344,9.329214691114917,below_median,12884.130129618063,2012,0
2016,MG,3128808,0.3736821554080437,0.6263178445919563,0.0,0.0,1,11262.283640424344,9.329214691114917,below_median,12884.130129618063,2012,1
2012,MG,3129202,0.6309327036599763,0.0,0.3690672963400236,0.0,0,10960.917312661499,9.302091253410378,below_median,12884.130129618063,2012,0
2016,MG,3129202,0.8170072821235612,0.0,0.1829927178764388,0.0,0,10960.917312661499,9.302091253410378,below_median,12884.130129618063,2012,0
2012,MG,3129608,0.6486696445911827,0.35133035540881724,0.0,0.0,0,6904.263370332997,8.839894379534652,below_median,12884.130129618063,2012,0
2016,MG,3129608,0.43342498036135113,0.5665750196386489,0.0,0.0,0,6904.263370332997,8.839894379534652,below_median,12884.130129618063,2012,0
2012,MG,3129707,0.0,0.7401051757542209,0.25989482424577914,0.0,0,42460.70569366479,10.656334355318492,above_or_equal_median,12884.130129618063,2012,0
2016,MG,3129707,0.3910877759827679,0.28150242326332797,0.32740980075390413,0.0,0,42460.70569366479,10.656334355318492,above_or_equal_median,12884.130129618063,2012,0
2012,MG,3129905,0.4129353233830846,0.5870646766169154,0.0,0.0,1,10560.824742268042,9.264906654804124,below_median,12884.130129618063,2012,0
2016,MG,3129905,0.6975102920995884,0.3024897079004117,0.0,0.0,1,10560.824742268042,9.264906654804124,below_median,12884.130129618063,2012,1
2012,MG,3130101,0.0,1.0,0.0,0.0,0,22598.65797651459,10.025645801927071,above_or_equal_median,12884.130129618063,2012,0
2016,MG,3130101,0.35649756775538566,0.5669611833614613,0.07654124888315299,0.0,0,22598.65797651459,10.025645801927071,above_or_equal_median,12884.130129618063,2012,0
2012,MG,3130507,0.0,0.6027505950806665,0.3972494049193335,0.0,0,10925.384681509498,9.298844230466045,below_median,12884.130129618063,2012,0
2016,MG,3130507,0.3633942161339422,0.38406900050735665,0.25253678335870117,0.0,0,10925.384681509498,9.298844230466045,below_median,12884.130129618063,2012,0
2012,MG,3131604,0.0,1.0,0.0,0.0,1,24245.23119182054,10.095975225143423,above_or_equal_median,12884.130129618063,2012,0
2016,MG,3131604,0.45923528221727694,0.5407647177827231,0.0,0.0,1,24245.23119182054,10.095975225143423,above_or_equal_median,12884.130129618063,2012,1
2012,MG,3132909,0.0,1.0,0.0,0.0,0,13994.170795686388,9.546396150153928,above_or_equal_median,12884.130129618063,2012,0
2016,MG,3132909,0.6188916188916189,0.38110838110838113,0.0,0.0,0,13994.170795686388,9.546396150153928,above_or_equal_median,12884.130129618063,2012,0
2012,MG,3133105,0.0,0.9914592998734711,0.008540700126528892,0.0,0,23726.64624808576,10.074354009820503,above_or_equal_median,12884.130129618063,2012,0
2016,MG,3133105,0.2674648620510151,0.732535137948985,0.0,0.0,0,23726.64624808576,10.074354009820503,above_or_equal_median,12884.130129618063,2012,0
2012,MG,3133501,0.9798810840707964,0.0,0.020118915929203538,0.0,0,13169.353708117202,9.485647720497306,above_or_equal_median,12884.130129618063,2012,0
2016,MG,3133501,1.0,0.0,0.0,0.0,0,13169.353708117202,9.485647720497306,above_or_equal_median,12884.130129618063,2012,0
2012,MG,3133758,1.0,0.0,0.0,0.0,0,41050.28080607863,10.622552955443746,above_or_equal_median,12884.130129618063,2012,0
2016,MG,3133758,1.0,0.0,0.0,0.0,0,41050.28080607863,10.622552955443746,above_or_equal_median,12884.130129618063,2012,0
2012,MG,3134103,0.5214659685863874,0.47853403141361256,0.0,0.0,1,8982.932240996757,9.103081638174682,below_median,12884.130129618063,2012,0
2016,MG,3134103,0.0,1.0,0.0,0.0,1,8982.932240996757,9.103081638174682,below_median,12884.130129618063,2012,1
2012,MG,3134806,0.0,1.0,0.0,0.0,0,10335.63829787234,9.243353231009168,below_median,12884.130129618063,2012,0
2016,MG,3134806,0.21232339089481947,0.7876766091051806,0.0,0.0,0,10335.63829787234,9.243353231009168,below_median,12884.130129618063,2012,0
2012,MG,3135605,0.6486486486486487,0.0,0.35135135135135137,0.0,0,7120.739896110477,8.870766916999965,below_median,12884.130129618063,2012,0
2016,MG,3135605,0.7008530053560802,0.29914699464391986,0.0,0.0,0,7120.739896110477,8.870766916999965,below_median,12884.130129618063,2012,0
2012,MG,3135902,0.0,1.0,0.0,0.0,0,9334.033613445377,9.141422527686625,below_median,12884.130129618063,2012,0
2016,MG,3135902,1.0,0.0,0.0,0.0,0,9334.033613445377,9.141422527686625,below_median,12884.130129618063,2012,0
2012,MG,3136108,0.0,0.6441136671177267,0.35588633288227334,0.0,0,8020.205871139916,8.989719370249293,below_median,12884.130129618063,2012,0
2016,MG,3136108,0.2772981208735399,0.7227018791264601,0.0,0.0,0,8020.205871139916,8.989719370249293,below_median,12884.130129618063,2012,0
2012,MG,3136405,0.5411479944674965,0.45885200553250344,0.0,0.0,1,7478.380233356212,8.919771501176227,below_median,12884.130129618063,2012,0
2016,MG,3136405,0.3814827706230421,0.6185172293769579,0.0,0.0,1,7478.380233356212,8.919771501176227,below_median,12884.130129618063,2012,1
2012,MG,3136603,0.3425047438330171,0.6574952561669829,0.0,0.0,0,8201.076233183856,9.012020672589337,below_median,12884.130129618063,2012,0
2016,MG,3136603,0.0,1.0,0.0,0.0,0,8201.076233183856,9.012020672589337,below_median,12884.130129618063,2012,0
2012,MG,3136801,0.6060070671378092,0.39399293286219084,0.0,0.0,1,18675.108538350218,9.83494682194398,above_or_equal_median,12884.130129618063,2012,0
2016,MG,3136801,0.7157485875706214,0.0,0.2842514124293785,0.0,1,18675.108538350218,9.83494682194398,above_or_equal_median,12884.130129618063,2012,1
2012,MG,3137106,0.4751596877217885,0.5248403122782115,0.0,0.0,0,14401.635021097047,9.575097022250297,above_or_equal_median,12884.130129618063,2012,0
2016,MG,3137106,0.44450499545867395,0.555495004541326,0.0,0.0,0,14401.635021097047,9.575097022250297,above_or_equal_median,12884.130129618063,2012,0
2012,MG,3137304,1.0,0.0,0.0,0.0,0,23033.6435218325,10.044711187936155,above_or_equal_median,12884.130129618063,2012,0
2016,MG,3137304,0.9804478082623778,0.019552191737622203,0.0,0.0,0,23033.6435218325,10.044711187936155,above_or_equal_median,12884.130129618063,2012,0
2012,MG,3137536,0.5078836720392431,0.4921163279607568,0.0,0.0,0,15929.205554290917,9.675909530617863,above_or_equal_median,12884.130129618063,2012,0
2016,MG,3137536,0.44194508766126367,0.5580549123387364,0.0,0.0,0,15929.205554290917,9.675909530617863,above_or_equal_median,12884.130129618063,2012,0
2012,MG,3137601,0.08807131057268723,0.9119286894273128,0.0,0.0,0,22356.062267046702,10.014852805635607,above_or_equal_median,12884.130129618063,2012,0
2016,MG,3137601,0.0,1.0,0.0,0.0,0,22356.062267046702,10.014852805635607,above_or_equal_median,12884.130129618063,2012,0
2012,MG,3137809,0.0,0.5546072257209148,0.4453927742790852,0.0,0,11364.31753746456,9.338233684986422,below_median,12884.130129618063,2012,0
2016,MG,3137809,0.2531252553313179,0.6096903341776289,0.13718441049105318,0.0,0,11364.31753746456,9.338233684986422,below_median,12884.130129618063,2012,0
2012,MG,3138005,0.47323888232979144,0.5267611176702086,0.0,0.0,0,8409.544268835354,9.037122562299581,below_median,12884.130129618063,2012,0
2016,MG,3138005,1.0,0.0,0.0,0.0,0,8409.544268835354,9.037122562299581,below_median,12884.130129618063,2012,0
2012,MG,3138104,0.23585787751285647,0.0,0.7641421224871435,0.0,0,14593.605189990732,9.588338711060542,above_or_equal_median,12884.130129618063,2012,0
2016,MG,3138104,0.0,1.0,0.0,0.0,0,14593.605189990732,9.588338711060542,above_or_equal_median,12884.130129618063,2012,0
2012,MG,3138609,0.019522365428354813,0.5517437452615618,0.4287338893100834,0.0,0,9328.81105081401,9.140862852796582,below_median,12884.130129618063,2012,0
2016,MG,3138609,1.0,0.0,0.0,0.0,0,9328.81105081401,9.140862852796582,below_median,12884.130129618063,2012,0
2012,MG,3139102,0.6736577181208053,0.3263422818791946,0.0,0.0,1,15944.016227180527,9.67683887965306,above_or_equal_median,12884.130129618063,2012,0
2016,MG,3139102,0.0,1.0,0.0,0.0,1,15944.016227180527,9.67683887965306,above_or_equal_median,12884.130129618063,2012,1
2012,MG,3139508,0.3070110701107011,0.4010660106601066,0.2919229192291923,0.0,0,13738.87061657479,9.527984365642164,above_or_equal_median,12884.130129618063,2012,0
2016,MG,3139508,0.44588254327778676,0.12101601682575636,0.4331014398964569,0.0,0,13738.87061657479,9.527984365642164,above_or_equal_median,12884.130129618063,2012,0
2012,MG,3139805,0.0,1.0,0.0,0.0,1,9827.632461435278,9.192953335855425,below_median,12884.130129618063,2012,0
2016,MG,3139805,0.0,1.0,0.0,0.0,1,9827.632461435278,9.192953335855425,below_median,12884.130129618063,2012,1
2012,MG,3139904,0.6605263157894737,0.0,0.3394736842105263,0.0,0,7489.934308116126,8.921315305860803,below_median,12884.130129618063,2012,0
2016,MG,3139904,0.6728192914557904,0.12622804406073235,0.20095266448347723,0.0,0,7489.934308116126,8.921315305860803,below_median,12884.130129618063,2012,0
2012,MG,3140530,0.0,1.0,0.0,0.0,0,10764.936469316031,9.284049508184767,below_median,12884.130129618063,2012,0
2016,MG,3140530,0.0,1.0,0.0,0.0,0,10764.936469316031,9.284049508184767,below_median,12884.130129618063,2012,0
2012,MG,3141702,0.0,0.7594132029339853,0.24058679706601466,0.0,0,5438.034546369277,8.601172977943344,below_median,12884.130129618063,2012,0
2016,MG,3141702,1.0,0.0,0.0,0.0,0,5438.034546369277,8.601172977943344,below_median,12884.130129618063,2012,0
2012,MG,3142106,0.0,1.0,0.0,0.0,1,9615.362262688881,9.171117334139844,below_median,12884.130129618063,2012,0
2016,MG,3142106,0.4674043062200957,0.5325956937799043,0.0,0.0,1,9615.362262688881,9.171117334139844,below_median,12884.130129618063,2012,1
2012,MG,3143609,1.0,0.0,0.0,0.0,1,15120.841300191205,9.623829289732628,above_or_equal_median,12884.130129618063,2012,0
2016,MG,3143609,0.5725031341412453,0.4274968658587547,0.0,0.0,1,15120.841300191205,9.623829289732628,above_or_equal_median,12884.130129618063,2012,1
2012,MG,3144409,0.38463735008566535,0.0,0.6153626499143346,0.0,0,11327.612100407638,9.334998572798451,below_median,12884.130129618063,2012,0
2016,MG,3144409,0.46674514420247204,0.0,0.533254855797528,0.0,0,11327.612100407638,9.334998572798451,below_median,12884.130129618063,2012,0
2012,MG,3144607,0.3059442889510862,0.07910169265627083,0.614954018392643,0.0,0,12189.439913416567,9.40832527502242,below_median,12884.130129618063,2012,0
2016,MG,3144607,0.6907428409413099,0.3092571590586901,0.0,0.0,0,12189.439913416567,9.40832527502242,below_median,12884.130129618063,2012,0
2012,MG,3144672,0.6691558441558442,0.0,0.33084415584415583,0.0,1,11018.523638374343,9.307333102622568,below_median,12884.130129618063,2012,0
2016,MG,3144672,0.0,1.0,0.0,0.0,1,11018.523638374343,9.307333102622568,below_median,12884.130129618063,2012,1
2012,MG,3144904,0.5745441544511977,0.4254558455488023,0.0,0.0,1,7862.9807692307695,8.969921046259257,below_median,12884.130129618063,2012,0
2016,MG,3144904,0.0,1.0,0.0,0.0,1,7862.9807692307695,8.969921046259257,below_median,12884.130129618063,2012,1
2012,MG,3145059,0.0,1.0,0.0,0.0,1,8819.864864864865,9.08476182743957,below_median,12884.130129618063,2012,0
2016,MG,3145059,0.29178145087235996,0.70821854912764,0.0,0.0,1,8819.864864864865,9.08476182743957,below_median,12884.130129618063,2012,1
2012,MG,3145406,1.0,0.0,0.0,0.0,0,7860.923715620135,8.969659399589457,below_median,12884.130129618063,2012,0
2016,MG,3145406,1.0,0.0,0.0,0.0,0,7860.923715620135,8.969659399589457,below_median,12884.130129618063,2012,0
2012,MG,3145505,0.6034214618973561,0.0,0.3965785381026439,0.0,0,10069.848661233993,9.217300956923806,below_median,12884.130129618063,2012,0
2016,MG,3145505,0.5149393090569561,0.0,0.4850606909430439,0.0,0,10069.848661233993,9.217300956923806,below_median,12884.130129618063,2012,0
2012,MG,3146701,1.0,0.0,0.0,0.0,0,7126.088950022925,8.871517828549695,below_median,12884.130129618063,2012,0
2016,MG,3146701,1.0,0.0,0.0,0.0,0,7126.088950022925,8.871517828549695,below_median,12884.130129618063,2012,0
2012,MG,3147303,0.0,0.5252533441426834,0.47474665585731657,0.0,0,14970.60618388934,9.613843969839625,above_or_equal_median,12884.130129618063,2012,0
2016,MG,3147303,0.5148358059676613,0.0,0.48516419403233874,0.0,0,14970.60618388934,9.613843969839625,above_or_equal_median,12884.130129618063,2012,0
2012,MG,3147501,0.4793014230271669,0.5206985769728332,0.0,0.0,1,7730.304772857964,8.952903568082107,below_median,12884.130129618063,2012,0
2016,MG,3147501,1.0,0.0,0.0,0.0,1,7730.304772857964,8.952903568082107,below_median,12884.130129618063,2012,1
2012,MG,3147600,0.0,1.0,0.0,0.0,0,15470.494519500382,9.646689909410458,above_or_equal_median,12884.130129618063,2012,0
2016,MG,3147600,0.39259021994448,0.6074097800555199,0.0,0.0,0,15470.494519500382,9.646689909410458,above_or_equal_median,12884.130129618063,2012,0
2012,MG,3148707,0.9760025013679355,0.02399749863206441,0.0,0.0,0,7945.0029320599815,8.980298448015429,below_median,12884.130129618063,2012,0
2016,MG,3148707,1.0,0.0,0.0,0.0,0,7945.0029320599815,8.980298448015429,below_median,12884.130129618063,2012,0
2012,MG,3148756,1.0,0.0,0.0,0.0,1,7511.79700252263,8.924229997429602,below_median,12884.130129618063,2012,0
2016,MG,3148756,0.791484942886812,0.20851505711318796,0.0,0.0,1,7511.79700252263,8.924229997429602,below_median,12884.130129618063,2012,1
2012,MG,3148905,0.4882775867458581,0.5117224132541419,0.0,0.0,1,16083.655083655083,9.685558823100273,above_or_equal_median,12884.130129618063,2012,0
2016,MG,3148905,0.4269314303443996,0.5730685696556004,0.0,0.0,1,16083.655083655083,9.685558823100273,above_or_equal_median,12884.130129618063,2012,1
2012,MG,3149101,0.25705713896086185,0.11264148370380472,0.6303013773353334,0.0,0,9500.26348146847,9.159074812095445,below_median,12884.130129618063,2012,0
2016,MG,3149101,0.2335975943138327,0.47731000546746855,0.28909240021869875,0.0,0,9500.26348146847,9.159074812095445,below_median,12884.130129618063,2012,0
2012,MG,3149200,0.8450405930109425,0.0,0.15495940698905752,0.0,0,21000.0,9.95227771670556,above_or_equal_median,12884.130129618063,2012,0
2016,MG,3149200,0.515516611902154,0.4844833880978459,0.0,0.0,0,21000.0,9.95227771670556,above_or_equal_median,12884.130129618063,2012,0
2012,MG,3149408,0.0,1.0,0.0,0.0,0,8458.823529411764,9.042965380212868,below_median,12884.130129618063,2012,0
2016,MG,3149408,0.0,1.0,0.0,0.0,0,8458.823529411764,9.042965380212868,below_median,12884.130129618063,2012,0
2012,MG,3149804,0.0,1.0,0.0,0.0,0,34942.90763270577,10.461470798105019,above_or_equal_median,12884.130129618063,2012,0
2016,MG,3149804,0.42459142261708893,0.5754085773829111,0.0,0.0,0,34942.90763270577,10.461470798105019,above_or_equal_median,12884.130129618063,2012,0
2012,MG,3150109,0.5794753086419753,0.42052469135802467,0.0,0.0,1,11883.167613636364,9.382878191520545,below_median,12884.130129618063,2012,0
2016,MG,3150109,0.47236789027833803,0.527632109721662,0.0,0.0,1,11883.167613636364,9.382878191520545,below_median,12884.130129618063,2012,1
2012,MG,3150505,0.5434936350777935,0.45650636492220653,0.0,0.0,0,13068.562477406917,9.477964814142915,above_or_equal_median,12884.130129618063,2012,0
2016,MG,3150505,0.0,1.0,0.0,0.0,0,13068.562477406917,9.477964814142915,above_or_equal_median,12884.130129618063,2012,0
2012,MG,3150901,0.0,0.8900160170848905,0.10998398291510945,0.0,0,7239.43661971831,8.887298667395987,below_median,12884.130129618063,2012,0
2016,MG,3150901,0.6966751918158568,0.20895140664961637,0.09437340153452685,0.0,0,7239.43661971831,8.887298667395987,below_median,12884.130129618063,2012,0
2012,MG,3151008,0.0,0.4731843575418994,0.5268156424581005,0.0,0,8054.747225647349,8.994016914069313,below_median,12884.130129618063,2012,0
2016,MG,3151008,0.6460276016411787,0.0,0.3539723983588213,0.0,0,8054.747225647349,8.994016914069313,below_median,12884.130129618063,2012,0
2012,MG,3151503,0.40155218464949854,0.53338708864587,0.06506072670463135,0.0,0,19944.207467853612,9.900694027669024,above_or_equal_median,12884.130129618063,2012,0
2016,MG,3151503,0.4118803366300141,0.5881196633699859,0.0,0.0,0,19944.207467853612,9.900694027669024,above_or_equal_median,12884.130129618063,2012,0
2012,MG,3152907,0.4558332007003024,0.5086742002228235,0.035492599076874104,0.0,0,13656.643036816831,9.52198135159185,above_or_equal_median,12884.130129618063,2012,0
2016,MG,3152907,0.5714993394980185,0.0,0.4285006605019815,0.0,0,13656.643036816831,9.52198135159185,above_or_equal_median,12884.130129618063,2012,0
2012,MG,3153004,1.0,0.0,0.0,0.0,0,16789.6479085164,9.728517779542974,above_or_equal_median,12884.130129618063,2012,0
2016,MG,3153004,1.0,0.0,0.0,0.0,0,16789.6479085164,9.728517779542974,above_or_equal_median,12884.130129618063,2012,0
2012,MG,3153400,0.250980090706434,0.749019909293566,0.0,0.0,0,17187.61364851856,9.751944266664509,above_or_equal_median,12884.130129618063,2012,0
2016,MG,3153400,0.0,1.0,0.0,0.0,0,17187.61364851856,9.751944266664509,above_or_equal_median,12884.130129618063,2012,0
2012,MG,3153509,0.0,1.0,0.0,0.0,0,8343.497649752922,9.029237789900925,below_median,12884.130129618063,2012,0
2016,MG,3153509,0.2510072522159549,0.7489927477840451,0.0,0.0,0,8343.497649752922,9.029237789900925,below_median,12884.130129618063,2012,0
2012,MG,3153608,0.40036351619299404,0.0,0.599636483807006,0.0,1,9824.263502454993,9.192610472345514,below_median,12884.130129618063,2012,0
2016,MG,3153608,0.5152459016393443,0.018524590163934426,0.4662295081967213,0.0,1,9824.263502454993,9.192610472345514,below_median,12884.130129618063,2012,1
2012,MG,3154002,0.7461894799760909,0.25381052002390914,0.0,0.0,0,8436.45780697322,9.04031780837812,below_median,12884.130129618063,2012,0
2016,MG,3154002,0.5053870252922747,0.49461297470772525,0.0,0.0,0,8436.45780697322,9.04031780837812,below_median,12884.130129618063,2012,0
2012,MG,3154101,0.0,1.0,0.0,0.0,0,6721.015897634742,8.812994597334635,below_median,12884.130129618063,2012,0
2016,MG,3154101,0.0,1.0,0.0,0.0,0,6721.015897634742,8.812994597334635,below_median,12884.130129618063,2012,0
2012,MG,3155207,0.4939083820662768,0.5060916179337231,0.0,0.0,0,4620.979962956727,8.438362074777059,below_median,12884.130129618063,2012,0
2016,MG,3155207,0.5021040974529347,0.49789590254706534,0.0,0.0,0,4620.979962956727,8.438362074777059,below_median,12884.130129618063,2012,0
2012,MG,3156403,0.4011432414256893,0.0,0.5988567585743106,0.0,1,50533.146853146856,10.830384773274332,above_or_equal_median,12884.130129618063,2012,0
2016,MG,3156403,0.0,1.0,0.0,0.0,1,50533.146853146856,10.830384773274332,above_or_equal_median,12884.130129618063,2012,1
2012,MG,3157278,1.0,0.0,0.0,0.0,1,8903.576437587657,9.094208321921343,below_median,12884.130129618063,2012,0
2016,MG,3157278,0.4793569601753745,0.5206430398246255,0.0,0.0,1,8903.576437587657,9.094208321921343,below_median,12884.130129618063,2012,1
2012,MG,3158409,0.4874047066622473,0.5125952933377528,0.0,0.0,1,7670.671764063353,8.94515947384597,below_median,12884.130129618063,2012,0
2016,MG,3158409,0.025218914185639228,0.9747810858143607,0.0,0.0,1,7670.671764063353,8.94515947384597,below_median,12884.130129618063,2012,1
2012,MG,3158706,0.4723646723646724,0.5276353276353276,0.0,0.0,0,7757.149142102948,8.956370167082236,below_median,12884.130129618063,2012,0
2016,MG,3158706,0.6502564102564102,0.34974358974358977,0.0,0.0,0,7757.149142102948,8.956370167082236,below_median,12884.130129618063,2012,0
2012,MG,3159308,0.5388095238095238,0.4611904761904762,0.0,0.0,1,8013.508064516129,8.988883904799396,below_median,12884.130129618063,2012,0
2016,MG,3159308,0.7412458532989311,0.25875414670106894,0.0,0.0,1,8013.508064516129,8.988883904799396,below_median,12884.130129618063,2012,1
2012,MG,3159605,0.86836487142164,0.0,0.13163512857836002,0.0,0,28863.556565291474,10.270335059845625,above_or_equal_median,12884.130129618063,2012,0
2016,MG,3159605,0.7770628993071178,0.22293710069288222,0.0,0.0,0,28863.556565291474,10.270335059845625,above_or_equal_median,12884.130129618063,2012,0
2012,MG,3159704,1.0,0.0,0.0,0.0,0,14532.860228324591,9.58416758704222,above_or_equal_median,12884.130129618063,2012,0
2016,MG,3159704,0.4529532967032967,0.5470467032967034,0.0,0.0,0,14532.860228324591,9.58416758704222,above_or_equal_median,12884.130129618063,2012,0
2012,MG,3159803,0.0,1.0,0.0,0.0,0,25089.318700423773,10.130197484763956,above_or_equal_median,12884.130129618063,2012,0
2016,MG,3159803,0.0,1.0,0.0,0.0,0,25089.318700423773,10.130197484763956,above_or_equal_median,12884.130129618063,2012,0
2012,MG,3160603,0.0,1.0,0.0,0.0,1,9425.492033739456,9.151173216124864,below_median,12884.130129618063,2012,0
2016,MG,3160603,0.4573295222539812,0.5426704777460187,0.0,0.0,1,9425.492033739456,9.151173216124864,below_median,12884.130129618063,2012,1
2012,MG,3160801,0.0,0.5422680412371134,0.4577319587628866,0.0,1,8911.56462585034,9.095105108398599,below_median,12884.130129618063,2012,0
2016,MG,3160801,0.0,0.6689778129952456,0.33102218700475433,0.0,1,8911.56462585034,9.095105108398599,below_median,12884.130129618063,2012,1
2012,MG,3160959,0.42381056785792587,0.5761894321420741,0.0,0.0,1,7587.024444036023,8.934194757164441,below_median,12884.130129618063,2012,0
2016,MG,3160959,0.5512129380053908,0.44878706199460916,0.0,0.0,1,7587.024444036023,8.934194757164441,below_median,12884.130129618063,2012,1
2012,MG,3162203,0.0,1.0,0.0,0.0,0,15503.366279902593,9.648812458675872,above_or_equal_median,12884.130129618063,2012,0
2016,MG,3162203,0.28837393543275897,0.7116260645672411,0.0,0.0,0,15503.366279902593,9.648812458675872,above_or_equal_median,12884.130129618063,2012,0
2012,MG,3162252,0.0,0.6851296043656208,0.31487039563437924,0.0,0,47039.19062832801,10.758736376394042,above_or_equal_median,12884.130129618063,2012,0
2016,MG,3162252,0.4490316004077472,0.5509683995922529,0.0,0.0,0,47039.19062832801,10.758736376394042,above_or_equal_median,12884.130129618063,2012,0
2012,MG,3162658,0.6068515497553018,0.0,0.3931484502446982,0.0,0,14451.699029126214,9.578567266498933,above_or_equal_median,12884.130129618063,2012,0
2016,MG,3162658,0.45068664169787764,0.0,0.5493133583021224,0.0,0,14451.699029126214,9.578567266498933,above_or_equal_median,12884.130129618063,2012,0
2012,MG,3162922,0.573923847109552,0.42074106555579915,0.005335087334648834,0.0,0,16805.087607398793,9.729436953320196,above_or_equal_median,12884.130129618063,2012,0
2016,MG,3162922,0.6166746855453983,0.3833253144546017,0.0,0.0,0,16805.087607398793,9.729436953320196,above_or_equal_median,12884.130129618063,2012,0
2012,MG,3162948,1.0,0.0,0.0,0.0,0,104467.91521486643,11.556635271806517,above_or_equal_median,12884.130129618063,2012,0
2016,MG,3162948,0.0,1.0,0.0,0.0,0,104467.91521486643,11.556635271806517,above_or_equal_median,12884.130129618063,2012,0
2012,MG,3163201,1.0,0.0,0.0,0.0,0,7626.428216592151,8.939374891029882,below_median,12884.130129618063,2012,0
2016,MG,3163201,0.4157374960178401,0.58426250398216,0.0,0.0,0,7626.428216592151,8.939374891029882,below_median,12884.130129618063,2012,0
2012,MG,3163904,0.0,0.4893192822557676,0.5106807177442324,0.0,0,15604.885927720574,9.6553393446955,above_or_equal_median,12884.130129618063,2012,0
2016,MG,3163904,0.0,1.0,0.0,0.0,0,15604.885927720574,9.6553393446955,above_or_equal_median,12884.130129618063,2012,0
2012,MG,3164407,0.42139303482587065,0.0,0.5786069651741294,0.0,0,14400.991080277503,9.57505230821503,above_or_equal_median,12884.130129618063,2012,0
2016,MG,3164407,0.17304678755316769,0.0,0.8269532124468323,0.0,0,14400.991080277503,9.57505230821503,above_or_equal_median,12884.130129618063,2012,0
2012,MG,3164431,0.0,1.0,0.0,0.0,1,11474.223163841807,9.347858334496976,below_median,12884.130129618063,2012,0
2016,MG,3164431,0.45901639344262296,0.5409836065573771,0.0,0.0,1,11474.223163841807,9.347858334496976,below_median,12884.130129618063,2012,1
2012,MG,3164605,0.49759384023099135,0.5024061597690087,0.0,0.0,0,38500.836120401334,10.558435237453077,above_or_equal_median,12884.130129618063,2012,0
2016,MG,3164605,0.0,1.0,0.0,0.0,0,38500.836120401334,10.558435237453077,above_or_equal_median,12884.130129618063,2012,0
2012,MG,3164704,0.41203935300983824,0.5879606469901617,0.0,0.0,0,18808.362633365665,9.842056870838247,above_or_equal_median,12884.130129618063,2012,0
2016,MG,3164704,0.2509878487180249,0.43456430672331325,0.31444784455866187,0.0,0,18808.362633365665,9.842056870838247,above_or_equal_median,12884.130129618063,2012,0
2012,MG,3165107,0.527392879982946,0.4726071200170539,0.0,0.0,0,14731.662418578306,9.597754362462487,above_or_equal_median,12884.130129618063,2012,0
2016,MG,3165107,0.4221652786675208,0.5778347213324792,0.0,0.0,0,14731.662418578306,9.597754362462487,above_or_equal_median,12884.130129618063,2012,0
2012,MG,3165206,0.0,0.3401495162708883,0.6598504837291117,0.0,1,10260.856632956573,9.236091607730351,below_median,12884.130129618063,2012,0
2016,MG,3165206,0.4221867517956903,0.1300877893056664,0.44772545889864324,0.0,1,10260.856632956573,9.236091607730351,below_median,12884.130129618063,2012,1
2012,MG,3165404,0.0,1.0,0.0,0.0,0,14537.5786163522,9.584492204643919,above_or_equal_median,12884.130129618063,2012,0
2016,MG,3165404,0.0,1.0,0.0,0.0,0,14537.5786163522,9.584492204643919,above_or_equal_median,12884.130129618063,2012,0
2012,MG,3165578,0.5902048975512244,0.4097951024487756,0.0,0.0,0,7598.509459201223,8.935707383250325,below_median,12884.130129618063,2012,0
2016,MG,3165578,0.44532130777903045,0.5546786922209695,0.0,0.0,0,7598.509459201223,8.935707383250325,below_median,12884.130129618063,2012,0
2012,MG,3165602,0.6235693090292497,0.3764306909707503,0.0,0.0,1,8003.019627579265,8.987574202891748,below_median,12884.130129618063,2012,0
2016,MG,3165602,0.0,0.97246850209986,0.027531497900139992,0.0,1,8003.019627579265,8.987574202891748,below_median,12884.130129618063,2012,1
2012,MG,3165800,0.0,1.0,0.0,0.0,1,11385.945343000558,9.34013500913068,below_median,12884.130129618063,2012,0
2016,MG,3165800,0.4785972150593089,0.521402784940691,0.0,0.0,1,11385.945343000558,9.34013500913068,below_median,12884.130129618063,2012,1
2012,MG,3166006,1.0,0.0,0.0,0.0,1,6712.478031634447,8.81172346605712,below_median,12884.130129618063,2012,0
2016,MG,3166006,0.5664221678891606,0.43357783211083945,0.0,0.0,1,6712.478031634447,8.81172346605712,below_median,12884.130129618063,2012,1
2012,MG,3166402,0.5108898568761667,0.4891101431238332,0.0,0.0,1,11820.255982192542,9.377569947425464,below_median,12884.130129618063,2012,0
2016,MG,3166402,1.0,0.0,0.0,0.0,1,11820.255982192542,9.377569947425464,below_median,12884.130129618063,2012,1
2012,MG,3167004,0.0,0.4461805555555556,0.5538194444444444,0.0,1,9213.709677419354,9.12844783614546,below_median,12884.130129618063,2012,0
2016,MG,3167004,0.4273789649415693,0.14468558708959378,0.4279354479688369,0.0,1,9213.709677419354,9.12844783614546,below_median,12884.130129618063,2012,1
2012,MG,3167400,0.0,0.43980778958017197,0.560192210419828,0.0,0,12635.222203865851,9.44424360604406,below_median,12884.130129618063,2012,0
2016,MG,3167400,0.0,1.0,0.0,0.0,0,12635.222203865851,9.44424360604406,below_median,12884.130129618063,2012,0
2012,MG,3168051,0.4593481989708405,0.516295025728988,0.024356775300171527,0.0,1,8032.0102432778485,8.991190117239194,below_median,12884.130129618063,2012,0
2016,MG,3168051,0.0,1.0,0.0,0.0,1,8032.0102432778485,8.991190117239194,below_median,12884.130129618063,2012,1
2012,MG,3168200,0.0,0.9785107446276862,0.02148925537231384,0.0,1,33176.56500802568,10.40959903240652,above_or_equal_median,12884.130129618063,2012,0
2016,MG,3168200,0.4633991088478676,0.5366008911521324,0.0,0.0,1,33176.56500802568,10.40959903240652,above_or_equal_median,12884.130129618063,2012,1
2012,MG,3168309,0.4197952218430034,0.5802047781569966,0.0,0.0,0,10754.166666666666,9.283048555358759,below_median,12884.130129618063,2012,0
2016,MG,3168309,0.46225129463068954,0.5377487053693104,0.0,0.0,0,10754.166666666666,9.283048555358759,below_median,12884.130129618063,2012,0
2012,MG,3169356,0.3393389947211384,0.6606610052788616,0.0,0.0,0,32674.54194792671,10.39435151996805,above_or_equal_median,12884.130129618063,2012,0
2016,MG,3169356,0.029397219627452058,0.970602780372548,0.0,0.0,0,32674.54194792671,10.39435151996805,above_or_equal_median,12884.130129618063,2012,0
2012,MG,3170438,0.0,1.0,0.0,0.0,1,18326.11174458381,9.816082193104725,above_or_equal_median,12884.130129618063,2012,0
2016,MG,3170438,1.0,0.0,0.0,0.0,1,18326.11174458381,9.816082193104725,above_or_equal_median,12884.130129618063,2012,1
2012,MG,3170479,0.0,1.0,0.0,0.0,1,11121.943670690189,9.316675343060181,below_median,12884.130129618063,2012,0
2016,MG,3170479,0.0,1.0,0.0,0.0,1,11121.943670690189,9.316675343060181,below_median,12884.130129618063,2012,1
2012,MG,3170602,0.0,1.0,0.0,0.0,0,12987.012987012988,9.47170513611059,above_or_equal_median,12884.130129618063,2012,0
2016,MG,3170602,0.0,1.0,0.0,0.0,0,12987.012987012988,9.47170513611059,above_or_equal_median,12884.130129618063,2012,0
2012,MG,3170800,0.9899621763165551,0.010037823683444864,0.0,0.0,0,16536.842394138148,9.713346043105787,above_or_equal_median,12884.130129618063,2012,0
2016,MG,3170800,0.9911903298504405,0.008809670149559516,0.0,0.0,0,16536.842394138148,9.713346043105787,above_or_equal_median,12884.130129618063,2012,0
2012,MG,3171006,1.0,0.0,0.0,0.0,0,22358.14351945172,10.014945896963964,above_or_equal_median,12884.130129618063,2012,0
2016,MG,3171006,1.0,0.0,0.0,0.0,0,22358.14351945172,10.014945896963964,above_or_equal_median,12884.130129618063,2012,0
2012,MG,3171154,0.0,1.0,0.0,0.0,0,7612.704482685363,8.937573773093892,below_median,12884.130129618063,2012,0
2016,MG,3171154,0.5597964376590331,0.4402035623409669,0.0,0.0,0,7612.704482685363,8.937573773093892,below_median,12884.130129618063,2012,0
2012,MG,3171402,0.0,0.38678955453149,0.61321044546851,0.0,1,8802.32558139535,9.082771236166078,below_median,12884.130129618063,2012,0
2016,MG,3171402,0.0,0.4519921619856303,0.5480078380143697,0.0,1,8802.32558139535,9.082771236166078,below_median,12884.130129618063,2012,1
2012,MG,3171709,0.0,1.0,0.0,0.0,0,11080.120761727821,9.31290785931479,below_median,12884.130129618063,2012,0
2016,MG,3171709,0.0,1.0,0.0,0.0,0,11080.120761727821,9.31290785931479,below_median,12884.130129618063,2012,0
2012,ES,3200102,0.0,1.0,0.0,0.0,0,10427.633493968111,9.252214628095901,below_median,12884.130129618063,2012,0
2016,ES,3200102,0.0,0.8209407358448998,0.17905926415510023,0.0,0,10427.633493968111,9.252214628095901,below_median,12884.130129618063,2012,0
2012,ES,3200136,0.0,1.0,0.0,0.0,1,13109.919007047438,9.481124398786521,above_or_equal_median,12884.130129618063,2012,0
2016,ES,3200136,0.6154851830331203,0.3845148169668797,0.0,0.0,1,13109.919007047438,9.481124398786521,above_or_equal_median,12884.130129618063,2012,1
2012,ES,3200169,0.5004998333888704,0.333622125958014,0.16587804065311562,0.0,1,9924.380591878871,9.202749694729173,below_median,12884.130129618063,2012,0
2016,ES,3200169,0.6071599616858238,0.39284003831417624,0.0,0.0,1,9924.380591878871,9.202749694729173,below_median,12884.130129618063,2012,1
2012,ES,3200300,0.36409966024915064,0.6359003397508494,0.0,0.0,0,19727.85036053402,9.889786640244276,above_or_equal_median,12884.130129618063,2012,0
2016,ES,3200300,0.0,1.0,0.0,0.0,0,19727.85036053402,9.889786640244276,above_or_equal_median,12884.130129618063,2012,0
2012,ES,3200359,0.344937975190076,0.36474589835934373,0.29031612645058025,0.0,0,9699.091032424365,9.179787452103117,below_median,12884.130129618063,2012,0
2016,ES,3200359,0.0,1.0,0.0,0.0,0,9699.091032424365,9.179787452103117,below_median,12884.130129618063,2012,0
2012,ES,3200607,0.0,0.6590952880477832,0.34090471195221683,0.0,0,59452.68805742103,10.99293611652855,above_or_equal_median,12884.130129618063,2012,0
2016,ES,3200607,0.0282402318377136,0.9717597681622864,0.0,0.0,0,59452.68805742103,10.99293611652855,above_or_equal_median,12884.130129618063,2012,0
2012,ES,3200706,0.6930579460699943,0.30694205393000573,0.0,0.0,0,19301.785714285714,9.867952894669145,above_or_equal_median,12884.130129618063,2012,0
2016,ES,3200706,0.0,1.0,0.0,0.0,0,19301.785714285714,9.867952894669145,above_or_equal_median,12884.130129618063,2012,0
2012,ES,3200904,1.0,0.0,0.0,0.0,0,15491.72950620287,9.648061580257764,above_or_equal_median,12884.130129618063,2012,0
2016,ES,3200904,0.3779754651068324,0.0,0.6220245348931676,0.0,0,15491.72950620287,9.648061580257764,above_or_equal_median,12884.130129618063,2012,0
2012,ES,3201159,0.0,1.0,0.0,0.0,0,15798.912133891214,9.667696364359264,above_or_equal_median,12884.130129618063,2012,0
2016,ES,3201159,0.0,1.0,0.0,0.0,0,15798.912133891214,9.667696364359264,above_or_equal_median,12884.130129618063,2012,0
2012,ES,3201209,0.48212927756653995,0.0,0.5178707224334601,0.0,0,20971.752118070734,9.950931673961628,above_or_equal_median,12884.130129618063,2012,0
2016,ES,3201209,0.008197209376178472,0.9645316872754699,0.027271103348351627,0.0,0,20971.752118070734,9.950931673961628,above_or_equal_median,12884.130129618063,2012,0
2012,ES,3201308,0.04353778602012709,0.729937000572722,0.22652521340715084,0.0,0,19515.910915895594,9.87898535625507,above_or_equal_median,12884.130129618063,2012,0
2016,ES,3201308,0.0,1.0,0.0,0.0,0,19515.910915895594,9.87898535625507,above_or_equal_median,12884.130129618063,2012,0
2012,ES,3201506,0.0,0.36185735825807813,0.6381426417419219,0.0,0,22497.26679286005,10.021149104940834,above_or_equal_median,12884.130129618063,2012,0
2016,ES,3201506,0.23362203998894315,0.7601431247888448,0.006234835222211984,0.0,0,22497.26679286005,10.021149104940834,above_or_equal_median,12884.130129618063,2012,0
2012,ES,3201605,0.0,0.9259707192870783,0.07402928071292171,0.0,0,13859.801704644286,9.536747965617327,above_or_equal_median,12884.130129618063,2012,0
2016,ES,3201605,0.510742978140375,0.4716323098959955,0.01762471196362957,0.0,0,13859.801704644286,9.536747965617327,above_or_equal_median,12884.130129618063,2012,0
2012,ES,3201704,0.35454545454545455,0.6454545454545455,0.0,0.0,0,12678.165790812001,9.447636563806407,below_median,12884.130129618063,2012,0
2016,ES,3201704,0.3021562187633871,0.6978437812366128,0.0,0.0,0,12678.165790812001,9.447636563806407,below_median,12884.130129618063,2012,0
2012,ES,3201803,0.0,1.0,0.0,0.0,1,10327.667188548423,9.242581707815598,below_median,12884.130129618063,2012,0
2016,ES,3201803,0.0,1.0,0.0,0.0,1,10327.667188548423,9.242581707815598,below_median,12884.130129618063,2012,1
2012,ES,3202108,0.46456858484614844,0.0,0.5354314151538515,0.0,0,14545.482097242066,9.585035715601192,above_or_equal_median,12884.130129618063,2012,0
2016,ES,3202108,0.739468438538206,0.15847176079734218,0.10205980066445183,0.0,0,14545.482097242066,9.585035715601192,above_or_equal_median,12884.130129618063,2012,0
2012,ES,3202207,0.24215204236006052,0.45537065052950076,0.30247730711043874,0.0,0,24235.76451905626,10.095584693853965,above_or_equal_median,12884.130129618063,2012,0
2016,ES,3202207,0.5783132530120482,0.42168674698795183,0.0,0.0,0,24235.76451905626,10.095584693853965,above_or_equal_median,12884.130129618063,2012,0
2012,ES,3202256,0.0,1.0,0.0,0.0,0,13652.169998199171,9.521653762205087,above_or_equal_median,12884.130129618063,2012,0
2016,ES,3202256,0.0,1.0,0.0,0.0,0,13652.169998199171,9.521653762205087,above_or_equal_median,12884.130129618063,2012,0
2012,ES,3202306,0.11379991084506146,0.8862000891549385,0.0,0.0,0,13884.71355643789,9.538543769815313,above_or_equal_median,12884.130129618063,2012,0
2016,ES,3202306,0.0,1.0,0.0,0.0,0,13884.71355643789,9.538543769815313,above_or_equal_median,12884.130129618063,2012,0
2012,ES,3202405,0.7010373338744039,0.298962666125596,0.0,0.0,0,15238.55669720687,9.631584119848158,above_or_equal_median,12884.130129618063,2012,0
2016,ES,3202405,0.4693966071199075,0.5037430921475389,0.026860300732553657,0.0,0,15238.55669720687,9.631584119848158,above_or_equal_median,12884.130129618063,2012,0
2012,ES,3202553,1.0,0.0,0.0,0.0,1,10755.465859401278,9.283169356375199,below_median,12884.130129618063,2012,0
2016,ES,3202553,0.0,1.0,0.0,0.0,1,10755.465859401278,9.283169356375199,below_median,12884.130129618063,2012,1
2012,ES,3202603,0.0,1.0,0.0,0.0,0,19395.079252424886,9.872774666095411,above_or_equal_median,12884.130129618063,2012,0
2016,ES,3202603,0.0,1.0,0.0,0.0,0,19395.079252424886,9.872774666095411,above_or_equal_median,12884.130129618063,2012,0
2012,ES,3202652,0.009869298479594559,0.9901307015204054,0.0,0.0,0,13344.006705783739,9.498822627130156,above_or_equal_median,12884.130129618063,2012,0
2016,ES,3202652,0.185456595264938,0.814543404735062,0.0,0.0,0,13344.006705783739,9.498822627130156,above_or_equal_median,12884.130129618063,2012,0
2012,ES,3203007,0.41532132394190613,0.5846786760580939,0.0,0.0,0,11990.7676650189,9.39189227141146,below_median,12884.130129618063,2012,0
2016,ES,3203007,0.08735987630459992,0.9126401236954,0.0,0.0,0,11990.7676650189,9.39189227141146,below_median,12884.130129618063,2012,0
2012,ES,3203056,0.5738320176006212,0.4261679823993788,0.0,0.0,0,27946.806002985777,10.238058196668192,above_or_equal_median,12884.130129618063,2012,0
2016,ES,3203056,0.42131216549401646,0.5786878345059835,0.0,0.0,0,27946.806002985777,10.238058196668192,above_or_equal_median,12884.130129618063,2012,0
2012,ES,3203106,0.0,1.0,0.0,0.0,0,11171.340131099782,9.32110686079328,below_median,12884.130129618063,2012,0
2016,ES,3203106,0.42830954563310203,0.571690454366898,0.0,0.0,0,11171.340131099782,9.32110686079328,below_median,12884.130129618063,2012,0
2012,ES,3203130,0.44518678836924813,0.0,0.5548132116307518,0.0,1,15638.801460405388,9.657510378196438,above_or_equal_median,12884.130129618063,2012,0
2016,ES,3203130,0.8042346407497397,0.19576535925026034,0.0,0.0,1,15638.801460405388,9.657510378196438,above_or_equal_median,12884.130129618063,2012,1
2012,ES,3203163,0.0421130402659771,0.9578869597340229,0.0,0.0,1,9356.336725254394,9.143809117357247,below_median,12884.130129618063,2012,0
2016,ES,3203163,0.0,1.0,0.0,0.0,1,9356.336725254394,9.143809117357247,below_median,12884.130129618063,2012,1
2012,ES,3203205,0.0,0.984899723760328,0.015100276239671981,0.0,0,34889.19863498102,10.459932565587465,above_or_equal_median,12884.130129618063,2012,0
2016,ES,3203205,0.21351277394960075,0.7680788079305455,0.018408418119853727,0.0,0,34889.19863498102,10.459932565587465,above_or_equal_median,12884.130129618063,2012,0
2012,ES,3203304,0.0,0.5699001426533523,0.43009985734664763,0.0,0,8079.487921307681,8.99708377343101,below_median,12884.130129618063,2012,0
2016,ES,3203304,0.0,0.5589622641509434,0.4410377358490566,0.0,0,8079.487921307681,8.99708377343101,below_median,12884.130129618063,2012,0
2012,ES,3203320,0.0,1.0,0.0,0.0,0,84605.45061283345,11.345753971566594,above_or_equal_median,12884.130129618063,2012,0
2016,ES,3203320,0.668415136755339,0.3315848632446609,0.0,0.0,0,84605.45061283345,11.345753971566594,above_or_equal_median,12884.130129618063,2012,0
2012,ES,3203346,0.43904390439043905,0.560956095609561,0.0,0.0,1,16766.0537870472,9.727111513295197,above_or_equal_median,12884.130129618063,2012,0
2016,ES,3203346,0.5322498211182664,0.46775017888173365,0.0,0.0,1,16766.0537870472,9.727111513295197,above_or_equal_median,12884.130129618063,2012,1
2012,ES,3203353,0.4923799702074023,0.5076200297925977,0.0,0.0,1,22813.485734538364,10.035107119672444,above_or_equal_median,12884.130129618063,2012,0
2016,ES,3203353,0.5156007172743574,0.48439928272564253,0.0,0.0,1,22813.485734538364,10.035107119672444,above_or_equal_median,12884.130129618063,2012,1
2012,ES,3203403,0.0,1.0,0.0,0.0,1,13366.927063191275,9.500538805473552,above_or_equal_median,12884.130129618063,2012,0
2016,ES,3203403,0.36847485783656,0.63152514216344,0.0,0.0,1,13366.927063191275,9.500538805473552,above_or_equal_median,12884.130129618063,2012,1
2012,ES,3203502,0.6433410672853829,0.3566589327146172,0.0,0.0,0,15450.050172817482,9.645367529752171,above_or_equal_median,12884.130129618063,2012,0
2016,ES,3203502,0.6498322604043885,0.33012965817390516,0.020038081421706412,0.0,0,15450.050172817482,9.645367529752171,above_or_equal_median,12884.130129618063,2012,0
2012,ES,3203809,0.07284984233989344,0.9271501576601066,0.0,0.0,0,9340.272990486696,9.142090758899256,below_median,12884.130129618063,2012,0
2016,ES,3203809,0.08566524886202523,0.8737407656145064,0.0405939855234684,0.0,0,9340.272990486696,9.142090758899256,below_median,12884.130129618063,2012,0
2012,ES,3203908,0.4104420593050755,0.5895579406949245,0.0,0.0,0,15273.087099619248,9.633847545403608,above_or_equal_median,12884.130129618063,2012,0
2016,ES,3203908,0.31901393042083,0.68098606957917,0.0,0.0,0,15273.087099619248,9.633847545403608,above_or_equal_median,12884.130129618063,2012,0
2012,ES,3204005,0.5657883140918304,0.4268969771745836,0.00731470873358597,0.0,0,8134.103673694872,9.003820832106976,below_median,12884.130129618063,2012,0
2016,ES,3204005,0.04382276843467012,0.9561772315653299,0.0,0.0,0,8134.103673694872,9.003820832106976,below_median,12884.130129618063,2012,0
2012,ES,3204054,0.1827199001871491,0.6898315658140985,0.12744853399875233,0.0,0,10402.808358605791,9.249831083158043,below_median,12884.130129618063,2012,0
2016,ES,3204054,0.536283185840708,0.38327433628318586,0.0804424778761062,0.0,0,10402.808358605791,9.249831083158043,below_median,12884.130129618063,2012,0
2012,ES,3204104,0.0,1.0,0.0,0.0,0,14785.661340800527,9.601413161810413,above_or_equal_median,12884.130129618063,2012,0
2016,ES,3204104,0.5372580410420609,0.4627419589579392,0.0,0.0,0,14785.661340800527,9.601413161810413,above_or_equal_median,12884.130129618063,2012,0
2012,ES,3204203,0.3343239227340267,0.412982912332838,0.2526931649331352,0.0,0,25439.10308114212,10.144042760588128,above_or_equal_median,12884.130129618063,2012,0
2016,ES,3204203,0.0,0.9700401606425703,0.02995983935742972,0.0,0,25439.10308114212,10.144042760588128,above_or_equal_median,12884.130129618063,2012,0
2012,ES,3204252,0.0,1.0,0.0,0.0,1,9243.227990970654,9.13164645329949,below_median,12884.130129618063,2012,0
2016,ES,3204252,0.012366186784791436,0.9876338132152086,0.0,0.0,1,9243.227990970654,9.13164645329949,below_median,12884.130129618063,2012,1
2012,ES,3204351,0.5097427245887811,0.0,0.4902572754112189,0.0,0,13756.901710608028,9.529295919753348,above_or_equal_median,12884.130129618063,2012,0
2016,ES,3204351,0.20151632635478592,0.7984836736452141,0.0,0.0,0,13756.901710608028,9.529295919753348,above_or_equal_median,12884.130129618063,2012,0
2012,ES,3204559,0.0,1.0,0.0,0.0,0,20790.92363968907,9.942271806978676,above_or_equal_median,12884.130129618063,2012,0
2016,ES,3204559,0.0,1.0,0.0,0.0,0,20790.92363968907,9.942271806978676,above_or_equal_median,12884.130129618063,2012,0
2012,ES,3204658,0.0,1.0,0.0,0.0,1,15349.93804213135,9.638866716663962,above_or_equal_median,12884.130129618063,2012,0
2016,ES,3204658,0.7198226309738873,0.2801773690261127,0.0,0.0,1,15349.93804213135,9.638866716663962,above_or_equal_median,12884.130129618063,2012,1
2012,ES,3204708,0.9066081569437274,0.0,0.09339184305627259,0.0,0,13973.112846424743,9.544890251081956,above_or_equal_median,12884.130129618063,2012,0
2016,ES,3204708,0.5625857432914448,0.4374142567085551,0.0,0.0,0,13973.112846424743,9.544890251081956,above_or_equal_median,12884.130129618063,2012,0
2012,ES,3204906,0.0,1.0,0.0,0.0,0,15335.154517490522,9.637903152629999,above_or_equal_median,12884.130129618063,2012,0
2016,ES,3204906,0.25274982027318477,0.7472501797268153,0.0,0.0,0,15335.154517490522,9.637903152629999,above_or_equal_median,12884.130129618063,2012,0
2012,ES,3204955,0.0,0.5212912950634342,0.47870870493656575,0.0,1,14557.425916184464,9.585856514650375,above_or_equal_median,12884.130129618063,2012,0
2016,ES,3204955,0.0,1.0,0.0,0.0,1,14557.425916184464,9.585856514650375,above_or_equal_median,12884.130129618063,2012,1
2012,ES,3205002,0.0,0.9895684227268049,0.010431577273195056,0.0,0,35432.49031519113,10.47538448370979,above_or_equal_median,12884.130129618063,2012,0
2016,ES,3205002,0.03917471806928794,0.9201072216681634,0.04071806026254868,0.0,0,35432.49031519113,10.47538448370979,above_or_equal_median,12884.130129618063,2012,0
2012,ES,3205010,0.0,1.0,0.0,0.0,0,14395.381810816285,9.574662726544215,above_or_equal_median,12884.130129618063,2012,0
2016,ES,3205010,0.03933865450399088,0.9606613454960091,0.0,0.0,0,14395.381810816285,9.574662726544215,above_or_equal_median,12884.130129618063,2012,0
2012,ES,3205036,0.30968237704918034,0.6903176229508197,0.0,0.0,0,15507.811291569993,9.649099130259858,above_or_equal_median,12884.130129618063,2012,0
2016,ES,3205036,0.06804414571404863,0.9319558542859514,0.0,0.0,0,15507.811291569993,9.649099130259858,above_or_equal_median,12884.130129618063,2012,0
2012,ES,3205069,0.49477886977886976,0.5052211302211302,0.0,0.0,0,18800.227552858632,9.841624252620248,above_or_equal_median,12884.130129618063,2012,0
2016,ES,3205069,1.0,0.0,0.0,0.0,0,18800.227552858632,9.841624252620248,above_or_equal_median,12884.130129618063,2012,0
2012,ES,3205150,0.0,1.0,0.0,0.0,1,17280.490600641908,9.757333433195875,above_or_equal_median,12884.130129618063,2012,0
2016,ES,3205150,0.0,1.0,0.0,0.0,1,17280.490600641908,9.757333433195875,above_or_equal_median,12884.130129618063,2012,1
2012,ES,3205176,0.0,0.4012399496270464,0.5987600503729535,0.0,1,16165.436921296296,9.690630718640305,above_or_equal_median,12884.130129618063,2012,0
2016,ES,3205176,0.5674360930942388,0.0,0.4325639069057612,0.0,1,16165.436921296296,9.690630718640305,above_or_equal_median,12884.130129618063,2012,1
2012,ES,3205309,0.01694906260115576,0.7583033956497052,0.22474754174913902,0.0,1,73003.88699791692,11.198267965259788,above_or_equal_median,12884.130129618063,2012,0
2016,ES,3205309,0.0,0.9346434460238601,0.06535655397613993,0.0,1,73003.88699791692,11.198267965259788,above_or_equal_median,12884.130129618063,2012,1
2012,SP,3500105,0.39154693131881696,0.5112822791685182,0.09717078951266479,0.0,0,21974.529444789172,9.997639309117703,above_or_equal_median,12884.130129618063,2012,0
2016,SP,3500105,0.8147098154586788,0.1852901845413212,0.0,0.0,0,21974.529444789172,9.997639309117703,above_or_equal_median,12884.130129618063,2012,0
2012,SP,3500204,1.0,0.0,0.0,0.0,0,15036.743923120406,9.618252079592143,above_or_equal_median,12884.130129618063,2012,0
2016,SP,3500204,0.29123494819378326,0.7087650518062167,0.0,0.0,0,15036.743923120406,9.618252079592143,above_or_equal_median,12884.130129618063,2012,0
2012,SP,3500402,0.904507100226384,0.0,0.09549289977361597,0.0,0,13219.652423886058,9.489459821372153,above_or_equal_median,12884.130129618063,2012,0
2016,SP,3500402,0.4693743139407245,0.5306256860592755,0.0,0.0,0,13219.652423886058,9.489459821372153,above_or_equal_median,12884.130129618063,2012,0
2012,SP,3500501,0.8634382107657316,0.0,0.13656178923426837,0.0,0,16025.69101961234,9.681948402207837,above_or_equal_median,12884.130129618063,2012,0
2016,SP,3500501,0.08959864330130017,0.8905219521386848,0.019879404560015076,0.0,0,16025.69101961234,9.681948402207837,above_or_equal_median,12884.130129618063,2012,0
2012,SP,3500550,0.3372629420809841,0.39056893900563816,0.2721681189133778,0.0,0,16895.19264757865,9.734784401721951,above_or_equal_median,12884.130129618063,2012,0
2016,SP,3500550,0.8112865648459746,0.18871343515402536,0.0,0.0,0,16895.19264757865,9.734784401721951,above_or_equal_median,12884.130129618063,2012,0
2012,SP,3500709,0.0,1.0,0.0,0.0,0,55365.28579220854,10.92170806608418,above_or_equal_median,12884.130129618063,2012,0
2016,SP,3500709,1.0,0.0,0.0,0.0,0,55365.28579220854,10.92170806608418,above_or_equal_median,12884.130129618063,2012,0
2012,SP,3500758,0.0,1.0,0.0,0.0,0,11931.571682113981,9.386943248419271,below_median,12884.130129618063,2012,0
2016,SP,3500758,0.0,1.0,0.0,0.0,0,11931.571682113981,9.386943248419271,below_median,12884.130129618063,2012,0
2012,SP,3500808,0.7322022621423819,0.2677977378576181,0.0,0.0,0,13591.685794440195,9.517213546136377,above_or_equal_median,12884.130129618063,2012,0
2016,SP,3500808,0.5151702786377709,0.4848297213622291,0.0,0.0,0,13591.685794440195,9.517213546136377,above_or_equal_median,12884.130129618063,2012,0
2012,SP,3500907,1.0,0.0,0.0,0.0,0,24004.40528634361,10.085992646083833,above_or_equal_median,12884.130129618063,2012,0
2016,SP,3500907,1.0,0.0,0.0,0.0,0,24004.40528634361,10.085992646083833,above_or_equal_median,12884.130129618063,2012,0
2012,SP,3501103,0.39375193318898855,0.6062480668110114,0.0,0.0,0,19654.977930358018,9.886085915004047,above_or_equal_median,12884.130129618063,2012,0
2016,SP,3501103,0.0,1.0,0.0,0.0,0,19654.977930358018,9.886085915004047,above_or_equal_median,12884.130129618063,2012,0
2012,SP,3501202,0.4490155744930943,0.5509844255069056,0.0,0.0,0,29167.970787689097,10.280826495398781,above_or_equal_median,12884.130129618063,2012,0
2016,SP,3501202,0.4716263915286451,0.5283736084713548,0.0,0.0,0,29167.970787689097,10.280826495398781,above_or_equal_median,12884.130129618063,2012,0
2012,SP,3501301,0.0,1.0,0.0,0.0,0,13287.62372049742,9.494588333650876,above_or_equal_median,12884.130129618063,2012,0
2016,SP,3501301,0.12163024405806348,0.8783697559419366,0.0,0.0,0,13287.62372049742,9.494588333650876,above_or_equal_median,12884.130129618063,2012,0
2012,SP,3501400,0.3299373040752351,0.44200626959247646,0.2280564263322884,0.0,0,7953.085376162299,8.98131522998845,below_median,12884.130129618063,2012,0
2016,SP,3501400,0.5068233510235026,0.4931766489764973,0.0,0.0,0,7953.085376162299,8.98131522998845,below_median,12884.130129618063,2012,0
2012,SP,3501509,0.0,1.0,0.0,0.0,0,11428.429752066115,9.343859367829651,below_median,12884.130129618063,2012,0
2016,SP,3501509,0.6431739773287334,0.3568260226712666,0.0,0.0,0,11428.429752066115,9.343859367829651,below_median,12884.130129618063,2012,0
2012,SP,3501608,0.16900258616260283,0.6826784195292385,0.14831899430815867,0.0,0,40759.35087237578,10.61544056160572,above_or_equal_median,12884.130129618063,2012,0
2016,SP,3501608,0.03564575266422232,0.9643542473357777,0.0,0.0,0,40759.35087237578,10.61544056160572,above_or_equal_median,12884.130129618063,2012,0
2012,SP,3501707,0.0,0.8618554658477389,0.13814453415226113,0.0,0,15216.47417615,9.630133947295803,above_or_equal_median,12884.130129618063,2012,0
2016,SP,3501707,0.0,1.0,0.0,0.0,0,15216.47417615,9.630133947295803,above_or_equal_median,12884.130129618063,2012,0
2012,SP,3501806,0.5008468424872974,0.4991531575127026,0.0,0.0,0,11020.793290232396,9.307539066525482,below_median,12884.130129618063,2012,0
2016,SP,3501806,0.3598027127003699,0.6401972872996301,0.0,0.0,0,11020.793290232396,9.307539066525482,below_median,12884.130129618063,2012,0
2012,SP,3502101,0.0,0.3230827518706785,0.6769172481293215,0.0,0,33633.3881252145,10.423274546766848,above_or_equal_median,12884.130129618063,2012,0
2016,SP,3502101,0.38871883170716154,0.1601619794655953,0.45111918882724317,0.0,0,33633.3881252145,10.423274546766848,above_or_equal_median,12884.130129618063,2012,0
2012,SP,3502200,0.0,0.8669149596523898,0.13308504034761018,0.0,0,27580.883002207505,10.22487816686842,above_or_equal_median,12884.130129618063,2012,0
2016,SP,3502200,0.0,1.0,0.0,0.0,0,27580.883002207505,10.22487816686842,above_or_equal_median,12884.130129618063,2012,0
2012,SP,3502309,0.4790118058592042,0.5209881941407958,0.0,0.0,0,17659.39539677087,9.779023237828456,above_or_equal_median,12884.130129618063,2012,0
2016,SP,3502309,1.0,0.0,0.0,0.0,0,17659.39539677087,9.779023237828456,above_or_equal_median,12884.130129618063,2012,0
2012,SP,3502408,0.28632938643702904,0.7136706135629709,0.0,0.0,0,14000.26399155227,9.54683146495906,above_or_equal_median,12884.130129618063,2012,0
2016,SP,3502408,0.42794316644113667,0.5720568335588633,0.0,0.0,0,14000.26399155227,9.54683146495906,above_or_equal_median,12884.130129618063,2012,0
2012,SP,3502507,0.30226408858039994,0.6905470170219798,0.007188894397620228,0.0,0,19044.656368672015,9.854541835624277,above_or_equal_median,12884.130129618063,2012,0
2016,SP,3502507,0.6647456550347144,0.33525434496528567,0.0,0.0,0,19044.656368672015,9.854541835624277,above_or_equal_median,12884.130129618063,2012,0
2012,SP,3502606,0.5217521752175217,0.43234323432343236,0.04590459045904591,0.0,0,13906.557002513136,9.54011573469018,above_or_equal_median,12884.130129618063,2012,0
2016,SP,3502606,0.5453134698944755,0.4546865301055245,0.0,0.0,0,13906.557002513136,9.54011573469018,above_or_equal_median,12884.130129618063,2012,0
2012,SP,3502705,0.033128155474099176,0.230444705719621,0.7364271388062799,0.0,0,19643.448220454728,9.885499137803867,above_or_equal_median,12884.130129618063,2012,0
2016,SP,3502705,0.3681612791101842,0.5625304136253041,0.06930830726451165,0.0,0,19643.448220454728,9.885499137803867,above_or_equal_median,12884.130129618063,2012,0
2012,SP,3502804,0.02399097908079944,0.4161190605801384,0.5598899603390621,0.0,0,29562.938492485322,10.294276777851062,above_or_equal_median,12884.130129618063,2012,0
2016,SP,3502804,0.0,0.9827365532494394,0.0172634467505606,0.0,0,29562.938492485322,10.294276777851062,above_or_equal_median,12884.130129618063,2012,0
2012,SP,3503000,0.5475392939963927,0.4524607060036073,0.0,0.0,0,18111.11111111111,9.80428090245268,above_or_equal_median,12884.130129618063,2012,0
2016,SP,3503000,0.48903290129611166,0.5109670987038883,0.0,0.0,0,18111.11111111111,9.80428090245268,above_or_equal_median,12884.130129618063,2012,0
2012,SP,3503109,0.8263583815028902,0.17364161849710982,0.0,0.0,0,10837.247227658187,9.290744296955955,below_median,12884.130129618063,2012,0
2016,SP,3503109,0.8945297127115309,0.0,0.1054702872884691,0.0,0,10837.247227658187,9.290744296955955,below_median,12884.130129618063,2012,0
2012,SP,3503158,0.0,1.0,0.0,0.0,0,9660.60606060606,9.175811664431716,below_median,12884.130129618063,2012,0
2016,SP,3503158,0.07094918504314478,0.835091083413231,0.09395973154362416,0.0,0,9660.60606060606,9.175811664431716,below_median,12884.130129618063,2012,0
2012,SP,3503208,0.06528849455176278,0.5361137714812338,0.3985977339670034,0.0,0,32586.895685669537,10.39166551370984,above_or_equal_median,12884.130129618063,2012,0
2016,SP,3503208,0.026794025984538793,0.5002934391063262,0.47291253490913504,0.0,0,32586.895685669537,10.39166551370984,above_or_equal_median,12884.130129618063,2012,0
2012,SP,3503307,0.11386817775126752,0.3265284819564569,0.5596033402922755,0.0,0,33349.65924579737,10.41480283377425,above_or_equal_median,12884.130129618063,2012,0
2016,SP,3503307,0.4439908007958862,0.5560091992041138,0.0,0.0,0,33349.65924579737,10.41480283377425,above_or_equal_median,12884.130129618063,2012,0
2012,SP,3503356,0.0,1.0,0.0,0.0,0,18792.06349206349,9.841189905008195,above_or_equal_median,12884.130129618063,2012,0
2016,SP,3503356,0.0,1.0,0.0,0.0,0,18792.06349206349,9.841189905008195,above_or_equal_median,12884.130129618063,2012,0
2012,SP,3503406,0.0,1.0,0.0,0.0,0,16380.736258194655,9.703861305004635,above_or_equal_median,12884.130129618063,2012,0
2016,SP,3503406,0.0,1.0,0.0,0.0,0,16380.736258194655,9.703861305004635,above_or_equal_median,12884.130129618063,2012,0
2012,SP,3503604,0.48636166835041134,0.5136383316495887,0.0,0.0,0,9757.955187347015,9.185838147963825,below_median,12884.130129618063,2012,0
2016,SP,3503604,0.5271127776175367,0.4728872223824632,0.0,0.0,0,9757.955187347015,9.185838147963825,below_median,12884.130129618063,2012,0
2012,SP,3503703,0.0,1.0,0.0,0.0,0,60757.492249397175,11.014645682806558,above_or_equal_median,12884.130129618063,2012,0
2016,SP,3503703,0.0,1.0,0.0,0.0,0,60757.492249397175,11.014645682806558,above_or_equal_median,12884.130129618063,2012,0
2012,SP,3503802,0.6811054660126139,0.2347582340574632,0.08413629992992291,0.0,0,15565.969420027483,9.652842362981074,above_or_equal_median,12884.130129618063,2012,0
2016,SP,3503802,0.3966395499125675,0.6033604500874326,0.0,0.0,0,15565.969420027483,9.652842362981074,above_or_equal_median,12884.130129618063,2012,0
2012,SP,3503901,0.7976265537740947,0.0,0.20237344622590525,0.0,0,30465.54691442695,10.324351714742921,above_or_equal_median,12884.130129618063,2012,0
2016,SP,3503901,0.4203818201540297,0.5796181798459703,0.0,0.0,0,30465.54691442695,10.324351714742921,above_or_equal_median,12884.130129618063,2012,0
2012,SP,3503950,0.5826575171553338,0.0,0.41734248284466624,0.0,0,12107.658157602664,9.401593436971556,below_median,12884.130129618063,2012,0
2016,SP,3503950,0.5086053412462908,0.4913946587537092,0.0,0.0,0,12107.658157602664,9.401593436971556,below_median,12884.130129618063,2012,0
2012,SP,3504008,0.28168240273482015,0.4822562265993814,0.23606137066579846,0.0,0,23272.992443115763,10.055048844638549,above_or_equal_median,12884.130129618063,2012,0
2016,SP,3504008,0.2485884132699806,0.7366458568597788,0.014765729870240555,0.0,0,23272.992443115763,10.055048844638549,above_or_equal_median,12884.130129618063,2012,0
2012,SP,3504107,0.7122814333800006,0.2877185666199994,0.0,0.0,0,34398.30429588718,10.445762548422305,above_or_equal_median,12884.130129618063,2012,0
2016,SP,3504107,0.15539864844389223,0.8446013515561077,0.0,0.0,0,34398.30429588718,10.445762548422305,above_or_equal_median,12884.130129618063,2012,0
2012,SP,3504305,0.0,1.0,0.0,0.0,0,28398.883127243716,10.254105096870488,above_or_equal_median,12884.130129618063,2012,0
2016,SP,3504305,0.7780562517404622,0.22194374825953772,0.0,0.0,0,28398.883127243716,10.254105096870488,above_or_equal_median,12884.130129618063,2012,0
2012,SP,3504404,0.0,1.0,0.0,0.0,0,14356.354300385108,9.571947931566271,above_or_equal_median,12884.130129618063,2012,0
2016,SP,3504404,0.9260988568668491,0.07390114313315087,0.0,0.0,0,14356.354300385108,9.571947931566271,above_or_equal_median,12884.130129618063,2012,0
2012,SP,3504503,0.2827546347752634,0.7172453652247366,0.0,0.0,0,20387.033726611848,9.92265437611528,above_or_equal_median,12884.130129618063,2012,0
2016,SP,3504503,0.0,1.0,0.0,0.0,0,20387.033726611848,9.92265437611528,above_or_equal_median,12884.130129618063,2012,0
2012,SP,3504602,0.0,1.0,0.0,0.0,0,15997.743113176237,9.68020293584618,above_or_equal_median,12884.130129618063,2012,0
2016,SP,3504602,0.0,1.0,0.0,0.0,0,15997.743113176237,9.68020293584618,above_or_equal_median,12884.130129618063,2012,0
2012,SP,3504701,0.0,1.0,0.0,0.0,0,5758.306669948314,8.658398729557327,below_median,12884.130129618063,2012,0
2016,SP,3504701,0.0,1.0,0.0,0.0,0,5758.306669948314,8.658398729557327,below_median,12884.130129618063,2012,0
2012,SP,3504800,0.0,0.5523792923130556,0.4476207076869444,0.0,0,18248.43070980203,9.811834366809416,above_or_equal_median,12884.130129618063,2012,0
2016,SP,3504800,0.47304516755706655,0.5269548324429335,0.0,0.0,0,18248.43070980203,9.811834366809416,above_or_equal_median,12884.130129618063,2012,0
2012,SP,3504909,0.23973448595245447,0.7602655140475455,0.0,0.0,0,14083.487040093194,9.55275825814711,above_or_equal_median,12884.130129618063,2012,0
2016,SP,3504909,0.2605717689100655,0.7394282310899345,0.0,0.0,0,14083.487040093194,9.55275825814711,above_or_equal_median,12884.130129618063,2012,0
2012,SP,3505005,0.5750845002414292,0.42491549975857074,0.0,0.0,0,10559.873617693524,9.264816589167188,below_median,12884.130129618063,2012,0
2016,SP,3505005,0.0,0.5464352720450282,0.4535647279549719,0.0,0,10559.873617693524,9.264816589167188,below_median,12884.130129618063,2012,0
2012,SP,3505104,0.641223053233612,0.35877694676638805,0.0,0.0,0,12214.818127608825,9.410405094314422,below_median,12884.130129618063,2012,0
2016,SP,3505104,0.7036613272311213,0.2963386727688787,0.0,0.0,0,12214.818127608825,9.410405094314422,below_median,12884.130129618063,2012,0
2012,SP,3505203,0.03151862464183381,0.9684813753581661,0.0,0.0,0,24799.358295433307,10.118573056634164,above_or_equal_median,12884.130129618063,2012,0
2016,SP,3505203,0.18354505053683093,0.8164549494631691,0.0,0.0,0,24799.358295433307,10.118573056634164,above_or_equal_median,12884.130129618063,2012,0
2012,SP,3505302,0.3651991427040543,0.3378728344347205,0.2969280228612252,0.0,0,28787.759159329737,10.26770554658359,above_or_equal_median,12884.130129618063,2012,0
2016,SP,3505302,0.0,0.9834006077373123,0.01659939226268765,0.0,0,28787.759159329737,10.26770554658359,above_or_equal_median,12884.130129618063,2012,0
2012,SP,3505351,0.4315557998900495,0.5684442001099506,0.0,0.0,0,6451.837888784165,8.772120313198533,below_median,12884.130129618063,2012,0
2016,SP,3505351,0.4961618981158409,0.0,0.5038381018841591,0.0,0,6451.837888784165,8.772120313198533,below_median,12884.130129618063,2012,0
2012,SP,3505401,0.32557259133068334,0.06416808631459398,0.6102593223547227,0.0,0,8025.677789363921,8.990401404165516,below_median,12884.130129618063,2012,0
2016,SP,3505401,0.003586258965647414,0.9964137410343525,0.0,0.0,0,8025.677789363921,8.990401404165516,below_median,12884.130129618063,2012,0
2012,SP,3505500,0.0,0.9472727272727273,0.05272727272727273,0.0,0,27209.67371931744,10.2113278405006,above_or_equal_median,12884.130129618063,2012,0
2016,SP,3505500,0.07329168431455597,0.9149724692926726,0.011735846392771424,0.0,0,27209.67371931744,10.2113278405006,above_or_equal_median,12884.130129618063,2012,0
2012,SP,3505609,0.0,0.41239721695129666,0.5876027830487034,0.0,0,10791.964040625859,9.286557065842183,below_median,12884.130129618063,2012,0
2016,SP,3505609,0.0,0.9831550950296448,0.016844904970355182,0.0,0,10791.964040625859,9.286557065842183,below_median,12884.130129618063,2012,0
2012,SP,3505708,0.5582885328826318,0.4121102061120401,0.029601261005328106,0.0,0,161067.14376434957,11.989576599043342,above_or_equal_median,12884.130129618063,2012,0
2016,SP,3505708,0.020117118182893648,0.8667751094286053,0.11310777238850113,0.0,0,161067.14376434957,11.989576599043342,above_or_equal_median,12884.130129618063,2012,0
2012,SP,3505807,0.0,1.0,0.0,0.0,0,28405.99294947121,10.254355421235424,above_or_equal_median,12884.130129618063,2012,0
2016,SP,3505807,0.14418817779135482,0.8558118222086452,0.0,0.0,0,28405.99294947121,10.254355421235424,above_or_equal_median,12884.130129618063,2012,0
2012,SP,3506003,0.05320073586263897,0.9431892713360173,0.003609992801343749,0.0,0,27842.14955794408,10.234306322600778,above_or_equal_median,12884.130129618063,2012,0
2016,SP,3506003,0.5268626619169102,0.4454291342929701,0.027708203790119654,0.0,0,27842.14955794408,10.234306322600778,above_or_equal_median,12884.130129618063,2012,0
2012,SP,3506102,0.33081442117836335,0.6691855788216367,0.0,0.0,0,26086.85342817941,10.169186766341536,above_or_equal_median,12884.130129618063,2012,0
2016,SP,3506102,0.7002498154772043,0.29975018452279567,0.0,0.0,0,26086.85342817941,10.169186766341536,above_or_equal_median,12884.130129618063,2012,0
2012,SP,3506201,0.7156435643564356,0.0,0.28435643564356433,0.0,0,41889.216047110785,10.642783699206658,above_or_equal_median,12884.130129618063,2012,0
2016,SP,3506201,0.0,1.0,0.0,0.0,0,41889.216047110785,10.642783699206658,above_or_equal_median,12884.130129618063,2012,0
2012,SP,3506300,0.2704066034851727,0.4582696423112198,0.27132375420360744,0.0,0,13779.20994065282,9.530916209154254,above_or_equal_median,12884.130129618063,2012,0
2016,SP,3506300,0.45901379419692406,0.540986205803076,0.0,0.0,0,13779.20994065282,9.530916209154254,above_or_equal_median,12884.130129618063,2012,0
2012,SP,3506359,0.5202113725667314,0.4797886274332686,0.0,0.0,0,26104.862436386768,10.169876876203753,above_or_equal_median,12884.130129618063,2012,0
2016,SP,3506359,0.0,1.0,0.0,0.0,0,26104.862436386768,10.169876876203753,above_or_equal_median,12884.130129618063,2012,0
2012,SP,3506508,0.0,0.9459116426653649,0.0540883573346351,0.0,0,20807.811950553165,9.943083769724769,above_or_equal_median,12884.130129618063,2012,0
2016,SP,3506508,0.3930358705161855,0.546246719160105,0.06071741032370954,0.0,0,20807.811950553165,9.943083769724769,above_or_equal_median,12884.130129618063,2012,0
2012,SP,3506706,0.0,0.3033590834128982,0.6966409165871018,0.0,0,16758.745563844426,9.726675524208908,above_or_equal_median,12884.130129618063,2012,0
2016,SP,3506706,0.4724462365591398,0.5275537634408602,0.0,0.0,0,16758.745563844426,9.726675524208908,above_or_equal_median,12884.130129618063,2012,0
2012,SP,3506805,0.0,0.5253922967189729,0.4746077032810271,0.0,0,30662.241488304884,10.330787257656517,above_or_equal_median,12884.130129618063,2012,0
2016,SP,3506805,0.0,1.0,0.0,0.0,0,30662.241488304884,10.330787257656517,above_or_equal_median,12884.130129618063,2012,0
2012,SP,3506904,0.0,0.4599696612169223,0.5400303387830777,0.0,0,13609.236947791165,9.518504028518391,above_or_equal_median,12884.130129618063,2012,0
2016,SP,3506904,0.0,1.0,0.0,0.0,0,13609.236947791165,9.518504028518391,above_or_equal_median,12884.130129618063,2012,0
2012,SP,3507001,0.0,1.0,0.0,0.0,0,43923.879412931376,10.690213401356658,above_or_equal_median,12884.130129618063,2012,0
2016,SP,3507001,0.0,1.0,0.0,0.0,0,43923.879412931376,10.690213401356658,above_or_equal_median,12884.130129618063,2012,0
2012,SP,3507100,0.0,0.9709594845087828,0.02904051549121723,0.0,0,16820.83776724388,9.730373740089417,above_or_equal_median,12884.130129618063,2012,0
2016,SP,3507100,0.0,1.0,0.0,0.0,0,16820.83776724388,9.730373740089417,above_or_equal_median,12884.130129618063,2012,0
2012,SP,3507159,0.0,0.57661444401987,0.42338555598012995,0.0,0,11598.123102401325,9.358598562486051,below_median,12884.130129618063,2012,0
2016,SP,3507159,0.0,1.0,0.0,0.0,0,11598.123102401325,9.358598562486051,below_median,12884.130129618063,2012,0
2012,SP,3507209,0.0,0.0,1.0,0.0,0,89459.72738537795,11.401543829646828,above_or_equal_median,12884.130129618063,2012,0
2016,SP,3507209,1.0,0.0,0.0,0.0,0,89459.72738537795,11.401543829646828,above_or_equal_median,12884.130129618063,2012,0
2012,SP,3507308,0.4963087248322148,0.40570469798657716,0.09798657718120805,0.0,0,42476.770929162834,10.656712639118021,above_or_equal_median,12884.130129618063,2012,0
2016,SP,3507308,0.0,1.0,0.0,0.0,0,42476.770929162834,10.656712639118021,above_or_equal_median,12884.130129618063,2012,0
2012,SP,3507407,0.0,1.0,0.0,0.0,0,17626.97712307379,9.777185798584755,above_or_equal_median,12884.130129618063,2012,0
2016,SP,3507407,0.4939419899645086,0.5060580100354913,0.0,0.0,0,17626.97712307379,9.777185798584755,above_or_equal_median,12884.130129618063,2012,0
2012,SP,3507456,0.5073529411764706,0.4813348416289593,0.011312217194570135,0.0,0,19961.243611584327,9.901547853114163,above_or_equal_median,12884.130129618063,2012,0
2016,SP,3507456,0.3778825995807128,0.6221174004192872,0.0,0.0,0,19961.243611584327,9.901547853114163,above_or_equal_median,12884.130129618063,2012,0
2012,SP,3507605,0.38047641289117234,0.22126342830453058,0.39826015880429705,0.0,0,27598.528225672064,10.225517725126595,above_or_equal_median,12884.130129618063,2012,0
2016,SP,3507605,0.7119429715208765,0.2593320925659304,0.028724935913193105,0.0,0,27598.528225672064,10.225517725126595,above_or_equal_median,12884.130129618063,2012,0
2012,SP,3507704,0.0,1.0,0.0,0.0,0,12086.752637749121,9.399865308501463,below_median,12884.130129618063,2012,0
2016,SP,3507704,0.0,1.0,0.0,0.0,0,12086.752637749121,9.399865308501463,below_median,12884.130129618063,2012,0
2012,SP,3507753,0.0,1.0,0.0,0.0,0,49708.875286916606,10.813938773343251,above_or_equal_median,12884.130129618063,2012,0
2016,SP,3507753,0.0,1.0,0.0,0.0,0,49708.875286916606,10.813938773343251,above_or_equal_median,12884.130129618063,2012,0
2012,SP,3507803,0.0,0.40959933222036726,0.5904006677796327,0.0,0,16837.287510941173,9.73135120065034,above_or_equal_median,12884.130129618063,2012,0
2016,SP,3507803,0.0,1.0,0.0,0.0,0,16837.287510941173,9.73135120065034,above_or_equal_median,12884.130129618063,2012,0
2012,SP,3507902,0.41971602434077077,0.34052738336713995,0.23975659229208926,0.0,0,22490.15327238823,10.02083286006523,above_or_equal_median,12884.130129618063,2012,0
2016,SP,3507902,0.402088567839196,0.597911432160804,0.0,0.0,0,22490.15327238823,10.02083286006523,above_or_equal_median,12884.130129618063,2012,0
2012,SP,3508009,0.32763880414887125,0.6723611958511287,0.0,0.0,0,11557.711841753542,9.355108185069572,below_median,12884.130129618063,2012,0
2016,SP,3508009,0.5296264855687606,0.47037351443123937,0.0,0.0,0,11557.711841753542,9.355108185069572,below_median,12884.130129618063,2012,0
2012,SP,3508108,0.0,1.0,0.0,0.0,0,27925.199616735867,10.237284772228266,above_or_equal_median,12884.130129618063,2012,0
2016,SP,3508108,1.0,0.0,0.0,0.0,0,27925.199616735867,10.237284772228266,above_or_equal_median,12884.130129618063,2012,0
2012,SP,3508207,0.4892110586648685,0.5107889413351315,0.0,0.0,0,32542.69034298224,10.390308055381887,above_or_equal_median,12884.130129618063,2012,0
2016,SP,3508207,0.45859085290482077,0.5414091470951793,0.0,0.0,0,32542.69034298224,10.390308055381887,above_or_equal_median,12884.130129618063,2012,0
2012,SP,3508405,0.0,1.0,0.0,0.0,0,56568.02443516986,10.943199165244984,above_or_equal_median,12884.130129618063,2012,0
2016,SP,3508405,0.14560091536921255,0.8543990846307875,0.0,0.0,0,56568.02443516986,10.943199165244984,above_or_equal_median,12884.130129618063,2012,0
2012,SP,3508504,0.23146712483761472,0.5708209361773456,0.1977119389850396,0.0,0,38462.39570502243,10.557436308024995,above_or_equal_median,12884.130129618063,2012,0
2016,SP,3508504,0.10588706201120758,0.8756696840938482,0.01844325389494427,0.0,0,38462.39570502243,10.557436308024995,above_or_equal_median,12884.130129618063,2012,0
2012,SP,3508603,0.24392064846416384,0.2246160409556314,0.5314633105802048,0.0,0,12912.995053559145,9.465989451787578,above_or_equal_median,12884.130129618063,2012,0
2016,SP,3508603,0.4185310487831496,0.534595656444396,0.04687329477245444,0.0,0,12912.995053559145,9.465989451787578,above_or_equal_median,12884.130129618063,2012,0
2012,SP,3508702,0.0,0.5671131639722864,0.4328868360277136,0.0,0,14613.478424823574,9.589699561610491,above_or_equal_median,12884.130129618063,2012,0
2016,SP,3508702,0.2274498886414254,0.7725501113585747,0.0,0.0,0,14613.478424823574,9.589699561610491,above_or_equal_median,12884.130129618063,2012,0
2012,SP,3508801,0.415141765533883,0.5452443193243515,0.039613915141765536,0.0,0,17347.04124327555,9.761177237303723,above_or_equal_median,12884.130129618063,2012,0
2016,SP,3508801,0.33428981348637016,0.6657101865136298,0.0,0.0,0,17347.04124327555,9.761177237303723,above_or_equal_median,12884.130129618063,2012,0
2012,SP,3509007,0.6513009845288327,0.08459915611814346,0.26409985935302394,0.0,0,27321.338120912642,10.21542329202087,above_or_equal_median,12884.130129618063,2012,0
2016,SP,3509007,0.399309006578636,0.5653130768138578,0.03537791660750627,0.0,0,27321.338120912642,10.21542329202087,above_or_equal_median,12884.130129618063,2012,0
2012,SP,3509106,0.0534711964549483,0.7663220088626292,0.18020679468242246,0.0,0,12781.88503967486,9.455784216246675,below_median,12884.130129618063,2012,0
2016,SP,3509106,0.0,1.0,0.0,0.0,0,12781.88503967486,9.455784216246675,below_median,12884.130129618063,2012,0
2012,SP,3509205,0.009542242426970339,0.10852050231804473,0.8819372552549849,0.0,0,106701.15377054634,11.577787250451124,above_or_equal_median,12884.130129618063,2012,0
2016,SP,3509205,1.0,0.0,0.0,0.0,0,106701.15377054634,11.577787250451124,above_or_equal_median,12884.130129618063,2012,0
2012,SP,3509254,0.0,1.0,0.0,0.0,0,34261.197464858546,10.441768723539873,above_or_equal_median,12884.130129618063,2012,0
2016,SP,3509254,0.4323941056785252,0.4983044577347555,0.06930143658671928,0.0,0,34261.197464858546,10.441768723539873,above_or_equal_median,12884.130129618063,2012,0
2012,SP,3509304,0.5040770941438102,0.49592290585618976,0.0,0.0,0,9681.578413471292,9.17798022622081,below_median,12884.130129618063,2012,0
2016,SP,3509304,0.458376924226573,0.5416230757734269,0.0,0.0,0,9681.578413471292,9.17798022622081,below_median,12884.130129618063,2012,0
2012,SP,3509403,0.11232896339279318,0.8777133032452181,0.009957733361988682,0.0,0,16539.704582754704,9.713519107641556,above_or_equal_median,12884.130129618063,2012,0
2016,SP,3509403,0.37926054303870593,0.6207394569612941,0.0,0.0,0,16539.704582754704,9.713519107641556,above_or_equal_median,12884.130129618063,2012,0
2012,SP,3509452,0.030671602326811213,0.88841882601798,0.08090957165520889,0.0,0,15236.392742796157,9.63144210455664,above_or_equal_median,12884.130129618063,2012,0
2016,SP,3509452,0.06415191172696946,0.9358480882730306,0.0,0.0,0,15236.392742796157,9.63144210455664,above_or_equal_median,12884.130129618063,2012,0
2012,SP,3509502,0.008149415000902686,0.6607684677042062,0.3310821172948912,0.0,0,44090.073091031554,10.693989936119527,above_or_equal_median,12884.130129618063,2012,0
2016,SP,3509502,0.15827837486163415,0.6587589874555054,0.18296263768286045,0.0,0,44090.073091031554,10.693989936119527,above_or_equal_median,12884.130129618063,2012,0
2012,SP,3509601,0.38577232061347455,0.2987036698922768,0.3155240094942487,0.0,0,18731.573171860335,9.837965784001778,above_or_equal_median,12884.130129618063,2012,0
2016,SP,3509601,0.4671744558500845,0.5328255441499155,0.0,0.0,0,18731.573171860335,9.837965784001778,above_or_equal_median,12884.130129618063,2012,0
2012,SP,3509700,0.2226811465194944,0.44878048780487806,0.32853836567562755,0.0,0,16719.870043870542,9.724353114112706,above_or_equal_median,12884.130129618063,2012,0
2016,SP,3509700,0.21881421721592206,0.7811857827840779,0.0,0.0,0,16719.870043870542,9.724353114112706,above_or_equal_median,12884.130129618063,2012,0
2012,SP,3509809,0.0,1.0,0.0,0.0,0,20342.83848498041,9.920484211733372,above_or_equal_median,12884.130129618063,2012,0
2016,SP,3509809,0.0,1.0,0.0,0.0,0,20342.83848498041,9.920484211733372,above_or_equal_median,12884.130129618063,2012,0
2012,SP,3509957,0.0,1.0,0.0,0.0,0,18696.57929808974,9.836095860873973,above_or_equal_median,12884.130129618063,2012,0
2016,SP,3509957,0.0,1.0,0.0,0.0,0,18696.57929808974,9.836095860873973,above_or_equal_median,12884.130129618063,2012,0
2012,SP,3510005,0.16945629581008642,0.8305437041899135,0.0,0.0,0,20083.70029356819,9.907663834396777,above_or_equal_median,12884.130129618063,2012,0
2016,SP,3510005,0.7376316253897288,0.2623683746102712,0.0,0.0,0,20083.70029356819,9.907663834396777,above_or_equal_median,12884.130129618063,2012,0
2012,SP,3510104,0.0,1.0,0.0,0.0,0,21262.23384385506,9.964687718994028,above_or_equal_median,12884.130129618063,2012,0
2016,SP,3510104,0.0,1.0,0.0,0.0,0,21262.23384385506,9.964687718994028,above_or_equal_median,12884.130129618063,2012,0
2012,SP,3510203,0.7595837685195931,0.24041623148040694,0.0,0.0,0,11545.351990454496,9.354038209886367,below_median,12884.130129618063,2012,0
2016,SP,3510203,0.31830258578752385,0.6745874340455787,0.007109980166897429,0.0,0,11545.351990454496,9.354038209886367,below_median,12884.130129618063,2012,0
2012,SP,3510302,0.0,1.0,0.0,0.0,0,9671.972932497643,9.176987593748285,below_median,12884.130129618063,2012,0
2016,SP,3510302,0.06746846582575536,0.9325315341742446,0.0,0.0,0,9671.972932497643,9.176987593748285,below_median,12884.130129618063,2012,0
2012,SP,3510401,0.0,1.0,0.0,0.0,0,29090.715005035247,10.27817433025337,above_or_equal_median,12884.130129618063,2012,0
2016,SP,3510401,0.45656565656565656,0.5271202591957309,0.01631408423861254,0.0,0,29090.715005035247,10.27817433025337,above_or_equal_median,12884.130129618063,2012,0
2012,SP,3510500,0.07545622308796392,0.8389658321993774,0.08557794471265867,0.0,0,21123.370139222276,9.958135296076005,above_or_equal_median,12884.130129618063,2012,0
2016,SP,3510500,0.05518920564066146,0.9381488620608028,0.006661932298535727,0.0,0,21123.370139222276,9.958135296076005,above_or_equal_median,12884.130129618063,2012,0
2012,SP,3510609,0.003475693455232965,0.3164227810727513,0.6801015254720157,0.0,0,10104.66897722829,9.22075287098629,below_median,12884.130129618063,2012,0
2016,SP,3510609,0.37891899402528834,0.6074864526886202,0.013594553286091427,0.0,0,10104.66897722829,9.22075287098629,below_median,12884.130129618063,2012,0
2012,SP,3510708,0.34982420894023103,0.650175791059769,0.0,0.0,0,14145.657316661034,9.55716295255071,above_or_equal_median,12884.130129618063,2012,0
2016,SP,3510708,0.747074122236671,0.252925877763329,0.0,0.0,0,14145.657316661034,9.55716295255071,above_or_equal_median,12884.130129618063,2012,0
2012,SP,3510807,0.5396694214876033,0.46033057851239667,0.0,0.0,0,16938.42649377957,9.73734007686578,above_or_equal_median,12884.130129618063,2012,0
2016,SP,3510807,0.4302411055571891,0.5697588944428109,0.0,0.0,0,16938.42649377957,9.73734007686578,above_or_equal_median,12884.130129618063,2012,0
2012,SP,3510906,0.0,1.0,0.0,0.0,0,30754.520969603695,10.33379228582953,above_or_equal_median,12884.130129618063,2012,0
2016,SP,3510906,0.0,1.0,0.0,0.0,0,30754.520969603695,10.33379228582953,above_or_equal_median,12884.130129618063,2012,0
2012,SP,3511003,0.379073756432247,0.6209262435677531,0.0,0.0,0,22982.724072569727,10.042498085394275,above_or_equal_median,12884.130129618063,2012,0
2016,SP,3511003,1.0,0.0,0.0,0.0,0,22982.724072569727,10.042498085394275,above_or_equal_median,12884.130129618063,2012,0
2012,SP,3511201,0.0,1.0,0.0,0.0,0,13527.585250901026,9.512486231541093,above_or_equal_median,12884.130129618063,2012,0
2016,SP,3511201,0.04343870821014328,0.9565612917898567,0.0,0.0,0,13527.585250901026,9.512486231541093,above_or_equal_median,12884.130129618063,2012,0
2012,SP,3511300,0.08304115150396753,0.9169588484960325,0.0,0.0,0,22982.608695652172,10.042493065223177,above_or_equal_median,12884.130129618063,2012,0
2016,SP,3511300,0.0,1.0,0.0,0.0,0,22982.608695652172,10.042493065223177,above_or_equal_median,12884.130129618063,2012,0
2012,SP,3511409,0.8967196819085487,0.08021868787276341,0.023061630218687873,0.0,0,23370.03297378863,10.059209838477079,above_or_equal_median,12884.130129618063,2012,0
2016,SP,3511409,0.5414492753623188,0.45855072463768115,0.0,0.0,0,23370.03297378863,10.059209838477079,above_or_equal_median,12884.130129618063,2012,0
2012,SP,3511607,0.0,1.0,0.0,0.0,0,15449.629908418015,9.645340327891285,above_or_equal_median,12884.130129618063,2012,0
2016,SP,3511607,0.23959893972571164,0.6970150973838884,0.06338596289039991,0.0,0,15449.629908418015,9.645340327891285,above_or_equal_median,12884.130129618063,2012,0
2012,SP,3511706,0.0,0.47696476964769646,0.5230352303523035,0.0,0,15475.544007794739,9.647016250911953,above_or_equal_median,12884.130129618063,2012,0
2016,SP,3511706,0.11819011869737242,0.8818098813026276,0.0,0.0,0,15475.544007794739,9.647016250911953,above_or_equal_median,12884.130129618063,2012,0
2012,SP,3511904,0.5008058945429427,0.49919410545705734,0.0,0.0,0,11632.039365773648,9.361518584032847,below_median,12884.130129618063,2012,0
2016,SP,3511904,0.5186885245901639,0.48131147540983604,0.0,0.0,0,11632.039365773648,9.361518584032847,below_median,12884.130129618063,2012,0
2012,SP,3512001,0.0,1.0,0.0,0.0,0,36473.223480947476,10.504333667090323,above_or_equal_median,12884.130129618063,2012,0
2016,SP,3512001,0.0,1.0,0.0,0.0,0,36473.223480947476,10.504333667090323,above_or_equal_median,12884.130129618063,2012,0
2012,SP,3512100,0.46087704213241615,0.5391229578675838,0.0,0.0,0,36093.15114147642,10.493858407249357,above_or_equal_median,12884.130129618063,2012,0
2016,SP,3512100,0.43536859301613234,0.5646314069838677,0.0,0.0,0,36093.15114147642,10.493858407249357,above_or_equal_median,12884.130129618063,2012,0
2012,SP,3512209,1.0,0.0,0.0,0.0,0,16503.533086082374,9.711329763396115,above_or_equal_median,12884.130129618063,2012,0
2016,SP,3512209,0.1368909512761021,0.8631090487238979,0.0,0.0,0,16503.533086082374,9.711329763396115,above_or_equal_median,12884.130129618063,2012,0
2012,SP,3512308,0.0,0.8346664065548186,0.16533359344518142,0.0,0,15381.40267927502,9.64091444041436,above_or_equal_median,12884.130129618063,2012,0
2016,SP,3512308,0.0,1.0,0.0,0.0,0,15381.40267927502,9.64091444041436,above_or_equal_median,12884.130129618063,2012,0
2012,SP,3512407,0.3128254014812642,0.3664295666202244,0.3207450318985114,0.0,0,71274.54065812005,11.174294469117806,above_or_equal_median,12884.130129618063,2012,0
2016,SP,3512407,0.029045337265020274,0.9709546627349798,0.0,0.0,0,71274.54065812005,11.174294469117806,above_or_equal_median,12884.130129618063,2012,0
2012,SP,3512506,0.3307404206280611,0.1331028522039758,0.5361567271679631,0.0,0,18457.478552778815,9.823224908953982,above_or_equal_median,12884.130129618063,2012,0
2016,SP,3512506,0.5189173457508731,0.0,0.4810826542491269,0.0,0,18457.478552778815,9.823224908953982,above_or_equal_median,12884.130129618063,2012,0
2012,SP,3512803,0.0,0.6736858144141399,0.3263141855858601,0.0,0,16713.09393080163,9.723947758897006,above_or_equal_median,12884.130129618063,2012,0
2016,SP,3512803,0.020990764063811923,0.5930052315442743,0.38600400439191374,0.0,0,16713.09393080163,9.723947758897006,above_or_equal_median,12884.130129618063,2012,0
2012,SP,3512902,0.0,1.0,0.0,0.0,0,29730.218328466137,10.299919259674096,above_or_equal_median,12884.130129618063,2012,0
2016,SP,3512902,0.46773877230829575,0.5322612276917043,0.0,0.0,0,29730.218328466137,10.299919259674096,above_or_equal_median,12884.130129618063,2012,0
2012,SP,3513009,0.0,0.717011444098455,0.28298855590154504,0.0,0,41334.143436015445,10.629444154985439,above_or_equal_median,12884.130129618063,2012,0
2016,SP,3513009,0.4108104450051722,0.5571894003113006,0.03200015468352717,0.0,0,41334.143436015445,10.629444154985439,above_or_equal_median,12884.130129618063,2012,0
2012,SP,3513108,0.0,1.0,0.0,0.0,0,24416.62783111194,10.103019647675275,above_or_equal_median,12884.130129618063,2012,0
2016,SP,3513108,0.0,1.0,0.0,0.0,0,24416.62783111194,10.103019647675275,above_or_equal_median,12884.130129618063,2012,0
2012,SP,3513207,0.190039554117224,0.8099604458827759,0.0,0.0,0,21031.520475390775,9.953777566387092,above_or_equal_median,12884.130129618063,2012,0
2016,SP,3513207,0.4558025555750044,0.5441974444249956,0.0,0.0,0,21031.520475390775,9.953777566387092,above_or_equal_median,12884.130129618063,2012,0
2012,SP,3513306,1.0,0.0,0.0,0.0,0,22001.798561151078,9.998879481778472,above_or_equal_median,12884.130129618063,2012,0
2016,SP,3513306,0.5141242937853108,0.4858757062146893,0.0,0.0,0,22001.798561151078,9.998879481778472,above_or_equal_median,12884.130129618063,2012,0
2012,SP,3513405,0.5645254122769701,0.43547458772302994,0.0,0.0,0,19936.255236867546,9.9002952243176,above_or_equal_median,12884.130129618063,2012,0
2016,SP,3513405,0.2802572150348312,0.7197427849651687,0.0,0.0,0,19936.255236867546,9.9002952243176,above_or_equal_median,12884.130129618063,2012,0
2012,SP,3513504,0.0,0.4335969419553204,0.5664030580446796,0.0,0,49832.799913544426,10.816428679011448,above_or_equal_median,12884.130129618063,2012,0
2016,SP,3513504,0.0,0.943814485647155,0.05618551435284503,0.0,0,49832.799913544426,10.816428679011448,above_or_equal_median,12884.130129618063,2012,0
2012,SP,3513801,0.016191460024562072,0.5140744221927634,0.46973411778267443,0.0,0,30687.72315719474,10.331617956435316,above_or_equal_median,12884.130129618063,2012,0
2016,SP,3513801,0.3426793674243007,0.48528589528543364,0.17203473729026567,0.0,0,30687.72315719474,10.331617956435316,above_or_equal_median,12884.130129618063,2012,0
2012,SP,3513850,0.44248985115020295,0.557510148849797,0.0,0.0,0,20387.87522071807,9.922695651209601,above_or_equal_median,12884.130129618063,2012,0
2016,SP,3513850,0.5163826998689384,0.4836173001310616,0.0,0.0,0,20387.87522071807,9.922695651209601,above_or_equal_median,12884.130129618063,2012,0
2012,SP,3514007,0.0,0.19847499439336175,0.8015250056066383,0.0,0,8036.757425742574,8.991780975567675,below_median,12884.130129618063,2012,0
2016,SP,3514007,0.1661031276415892,0.768385460693153,0.06551141166525781,0.0,0,8036.757425742574,8.991780975567675,below_median,12884.130129618063,2012,0
2012,SP,3514106,0.0,1.0,0.0,0.0,0,21394.581673306773,9.970892976115094,above_or_equal_median,12884.130129618063,2012,0
2016,SP,3514106,0.0,1.0,0.0,0.0,0,21394.581673306773,9.970892976115094,above_or_equal_median,12884.130129618063,2012,0
2012,SP,3514205,0.4892996108949416,0.5107003891050583,0.0,0.0,0,13597.701149425287,9.517656024305941,above_or_equal_median,12884.130129618063,2012,0
2016,SP,3514205,0.0,1.0,0.0,0.0,0,13597.701149425287,9.517656024305941,above_or_equal_median,12884.130129618063,2012,0
2012,SP,3514304,0.862557497700092,0.0,0.137442502299908,0.0,0,26138.55981416957,10.171166890563619,above_or_equal_median,12884.130129618063,2012,0
2016,SP,3514304,0.16741431903822,0.83258568096178,0.0,0.0,0,26138.55981416957,10.171166890563619,above_or_equal_median,12884.130129618063,2012,0
2012,SP,3514403,0.5489758508009883,0.45102414919901174,0.0,0.0,0,19807.78477389811,9.893830309810292,above_or_equal_median,12884.130129618063,2012,0
2016,SP,3514403,0.6202846664338106,0.3797153335661893,0.0,0.0,0,19807.78477389811,9.893830309810292,above_or_equal_median,12884.130129618063,2012,0
2012,SP,3514502,0.46091982910278967,0.5390801708972104,0.0,0.0,0,12833.442461941399,9.459809735099512,below_median,12884.130129618063,2012,0
2016,SP,3514502,0.0,1.0,0.0,0.0,0,12833.442461941399,9.459809735099512,below_median,12884.130129618063,2012,0
2012,SP,3514601,1.0,0.0,0.0,0.0,0,17224.676404227528,9.754098309303508,above_or_equal_median,12884.130129618063,2012,0
2016,SP,3514601,0.0,1.0,0.0,0.0,0,17224.676404227528,9.754098309303508,above_or_equal_median,12884.130129618063,2012,0
2012,SP,3514700,0.0,1.0,0.0,0.0,0,15107.657801986543,9.622957033455796,above_or_equal_median,12884.130129618063,2012,0
2016,SP,3514700,0.1446291242867775,0.8553708757132226,0.0,0.0,0,15107.657801986543,9.622957033455796,above_or_equal_median,12884.130129618063,2012,0
2012,SP,3514809,0.0,0.9961381677751555,0.003861832224844454,0.0,0,14535.127055306428,9.584323554289922,above_or_equal_median,12884.130129618063,2012,0
2016,SP,3514809,0.8212045911726423,0.1787954088273577,0.0,0.0,0,14535.127055306428,9.584323554289922,above_or_equal_median,12884.130129618063,2012,0
2012,SP,3514908,0.12449322654009691,0.8755067734599031,0.0,0.0,0,26568.119551681197,10.187467262883901,above_or_equal_median,12884.130129618063,2012,0
2016,SP,3514908,0.0,1.0,0.0,0.0,0,26568.119551681197,10.187467262883901,above_or_equal_median,12884.130129618063,2012,0
2012,SP,3514957,0.5657298277425205,0.4342701722574796,0.0,0.0,0,13857.142857142857,9.536556108430206,above_or_equal_median,12884.130129618063,2012,0
2016,SP,3514957,0.5236270753512133,0.4763729246487867,0.0,0.0,0,13857.142857142857,9.536556108430206,above_or_equal_median,12884.130129618063,2012,0
2012,SP,3515103,0.24603929910989195,0.7180204892795163,0.03594021161059172,0.0,0,11995.805382307197,9.39231231618838,below_median,12884.130129618063,2012,0
2016,SP,3515103,0.12227934875749785,0.8696943730362754,0.008026278206226792,0.0,0,11995.805382307197,9.39231231618838,below_median,12884.130129618063,2012,0
2012,SP,3515152,0.0,0.9718635170603674,0.028136482939632546,0.0,0,21784.55971049457,9.988956727674573,above_or_equal_median,12884.130129618063,2012,0
2016,SP,3515152,0.0,1.0,0.0,0.0,0,21784.55971049457,9.988956727674573,above_or_equal_median,12884.130129618063,2012,0
2012,SP,3515194,0.0,0.5816259087904825,0.4183740912095175,0.0,0,16327.482678983833,9.700605020926997,above_or_equal_median,12884.130129618063,2012,0
2016,SP,3515194,0.38432188692334374,0.6156781130766562,0.0,0.0,0,16327.482678983833,9.700605020926997,above_or_equal_median,12884.130129618063,2012,0
2012,SP,3515202,0.7339025257915333,0.26609747420846674,0.0,0.0,0,44420.924277527134,10.70146590492053,above_or_equal_median,12884.130129618063,2012,0
2016,SP,3515202,1.0,0.0,0.0,0.0,0,44420.924277527134,10.70146590492053,above_or_equal_median,12884.130129618063,2012,0
2012,SP,3515301,0.017035775127768313,0.9829642248722317,0.0,0.0,0,15884.716485167104,9.673112698585076,above_or_equal_median,12884.130129618063,2012,0
2016,SP,3515301,0.0,1.0,0.0,0.0,0,15884.716485167104,9.673112698585076,above_or_equal_median,12884.130129618063,2012,0
2012,SP,3515350,0.6306894243641231,0.3693105756358768,0.0,0.0,0,8041.93446422927,8.99242493823591,below_median,12884.130129618063,2012,0
2016,SP,3515350,0.7176143279429664,0.2823856720570336,0.0,0.0,0,8041.93446422927,8.99242493823591,below_median,12884.130129618063,2012,0
2012,SP,3515400,0.044189852700491,0.955810147299509,0.0,0.0,0,14664.410750309104,9.593178799923011,above_or_equal_median,12884.130129618063,2012,0
2016,SP,3515400,0.4416649787320235,0.44591857403281343,0.11241644723516306,0.0,0,14664.410750309104,9.593178799923011,above_or_equal_median,12884.130129618063,2012,0
2012,SP,3515509,1.0,0.0,0.0,0.0,0,21015.608453427874,9.953020700311912,above_or_equal_median,12884.130129618063,2012,0
2016,SP,3515509,0.913053579207202,0.08694642079279803,0.0,0.0,0,21015.608453427874,9.953020700311912,above_or_equal_median,12884.130129618063,2012,0
2012,SP,3515608,0.0,1.0,0.0,0.0,0,20419.63963963964,9.924252444140786,above_or_equal_median,12884.130129618063,2012,0
2016,SP,3515608,0.0,1.0,0.0,0.0,0,20419.63963963964,9.924252444140786,above_or_equal_median,12884.130129618063,2012,0
2012,SP,3515657,0.6144638403990025,0.3855361596009975,0.0,0.0,0,16746.683512318385,9.725955518384197,above_or_equal_median,12884.130129618063,2012,0
2016,SP,3515657,1.0,0.0,0.0,0.0,0,16746.683512318385,9.725955518384197,above_or_equal_median,12884.130129618063,2012,0
2012,SP,3515707,0.0,0.992744818148572,0.0072551818514280325,0.0,0,14369.331444298638,9.572851453585672,above_or_equal_median,12884.130129618063,2012,0
2016,SP,3515707,0.37536289979714055,0.588474666861023,0.03616243334183643,0.0,0,14369.331444298638,9.572851453585672,above_or_equal_median,12884.130129618063,2012,0
2012,SP,3515806,0.5304948216340621,0.46950517836593786,0.0,0.0,0,16888.03317535545,9.734360553959876,above_or_equal_median,12884.130129618063,2012,0
2016,SP,3515806,0.2164366373902133,0.7835633626097867,0.0,0.0,0,16888.03317535545,9.734360553959876,above_or_equal_median,12884.130129618063,2012,0
2012,SP,3516002,0.0,1.0,0.0,0.0,0,12655.811470408786,9.445871793436998,below_median,12884.130129618063,2012,0
2016,SP,3516002,0.0,1.0,0.0,0.0,0,12655.811470408786,9.445871793436998,below_median,12884.130129618063,2012,0
2012,SP,3516101,0.37973086627417996,0.62026913372582,0.0,0.0,0,27428.725314183124,10.219346112351793,above_or_equal_median,12884.130129618063,2012,0
2016,SP,3516101,0.4333198216457235,0.5666801783542764,0.0,0.0,0,27428.725314183124,10.219346112351793,above_or_equal_median,12884.130129618063,2012,0
2012,SP,3516200,0.2989094777905843,0.5803528681620711,0.12073765404734463,0.0,0,20569.6041223976,9.931569737075206,above_or_equal_median,12884.130129618063,2012,0
2016,SP,3516200,0.22562977776344226,0.7564816308099216,0.01788859142663613,0.0,0,20569.6041223976,9.931569737075206,above_or_equal_median,12884.130129618063,2012,0
2012,SP,3516309,0.0,1.0,0.0,0.0,0,6861.703140168652,8.833710961067357,below_median,12884.130129618063,2012,0
2016,SP,3516309,0.3805235761237129,0.6007447091454843,0.018731714730802842,0.0,0,6861.703140168652,8.833710961067357,below_median,12884.130129618063,2012,0
2012,SP,3516408,0.0,0.0,1.0,0.0,0,14405.164631890491,9.57534207625516,above_or_equal_median,12884.130129618063,2012,0
2016,SP,3516408,0.24906372934697088,0.0,0.7509362706530291,0.0,0,14405.164631890491,9.57534207625516,above_or_equal_median,12884.130129618063,2012,0
2012,SP,3516606,0.0,1.0,0.0,0.0,0,13960.633352701918,9.543996744391938,above_or_equal_median,12884.130129618063,2012,0
2016,SP,3516606,0.5733763014377788,0.4266236985622211,0.0,0.0,0,13960.633352701918,9.543996744391938,above_or_equal_median,12884.130129618063,2012,0
2012,SP,3516705,0.29056417431381426,0.6953623307682811,0.014073494917904612,0.0,0,19926.579753178063,9.899809785493098,above_or_equal_median,12884.130129618063,2012,0
2016,SP,3516705,0.43575906015193655,0.5501681265307817,0.014072813317281746,0.0,0,19926.579753178063,9.899809785493098,above_or_equal_median,12884.130129618063,2012,0
2012,SP,3516853,0.6644941030415891,0.33550589695841093,0.0,0.0,0,19493.951612903227,9.877859522740756,above_or_equal_median,12884.130129618063,2012,0
2016,SP,3516853,0.4993961352657005,0.4489734299516908,0.051630434782608696,0.0,0,19493.951612903227,9.877859522740756,above_or_equal_median,12884.130129618063,2012,0
2012,SP,3517000,0.0,0.8847540983606558,0.11524590163934426,0.0,0,12588.545034642033,9.440542555200736,below_median,12884.130129618063,2012,0
2016,SP,3517000,0.0,1.0,0.0,0.0,0,12588.545034642033,9.440542555200736,below_median,12884.130129618063,2012,0
2012,SP,3517109,0.0,0.6100056850483229,0.3899943149516771,0.0,0,16962.930658525947,9.738785692680137,above_or_equal_median,12884.130129618063,2012,0
2016,SP,3517109,0.0,1.0,0.0,0.0,0,16962.930658525947,9.738785692680137,above_or_equal_median,12884.130129618063,2012,0
2012,SP,3517208,0.0,0.5519845733569018,0.4480154266430982,0.0,0,11766.320815352126,9.372996561358319,below_median,12884.130129618063,2012,0
2016,SP,3517208,0.764894419306184,0.23510558069381599,0.0,0.0,0,11766.320815352126,9.372996561358319,below_median,12884.130129618063,2012,0
2012,SP,3517307,0.0,1.0,0.0,0.0,0,8242.762916819347,9.017090872140452,below_median,12884.130129618063,2012,0
2016,SP,3517307,0.18033635187580854,0.8196636481241915,0.0,0.0,0,8242.762916819347,9.017090872140452,below_median,12884.130129618063,2012,0
2012,SP,3517406,0.43875636558563386,0.0,0.5612436344143661,0.0,0,31777.639718712,10.366518167940276,above_or_equal_median,12884.130129618063,2012,0
2016,SP,3517406,0.0,0.9376545802417285,0.0623454197582715,0.0,0,31777.639718712,10.366518167940276,above_or_equal_median,12884.130129618063,2012,0
2012,SP,3517505,0.0,1.0,0.0,0.0,0,15641.342660376335,9.657672858264736,above_or_equal_median,12884.130129618063,2012,0
2016,SP,3517505,0.5107129313613955,0.4892870686386045,0.0,0.0,0,15641.342660376335,9.657672858264736,above_or_equal_median,12884.130129618063,2012,0
2012,SP,3517604,0.263985514152292,0.0,0.736014485847708,0.0,0,11266.602773706167,9.329598121814096,below_median,12884.130129618063,2012,0
2016,SP,3517604,0.0,1.0,0.0,0.0,0,11266.602773706167,9.329598121814096,below_median,12884.130129618063,2012,0
2012,SP,3517802,0.5337586390217969,0.0,0.46624136097820307,0.0,0,22523.906287353573,10.022332525797285,above_or_equal_median,12884.130129618063,2012,0
2016,SP,3517802,0.0,1.0,0.0,0.0,0,22523.906287353573,10.022332525797285,above_or_equal_median,12884.130129618063,2012,0
2012,SP,3517901,0.0,1.0,0.0,0.0,0,20093.525179856115,9.908152911796622,above_or_equal_median,12884.130129618063,2012,0
2016,SP,3517901,0.5009628203229152,0.4990371796770849,0.0,0.0,0,20093.525179856115,9.908152911796622,above_or_equal_median,12884.130129618063,2012,0
2012,SP,3518107,0.0,1.0,0.0,0.0,0,13423.71824840268,9.504778439839724,above_or_equal_median,12884.130129618063,2012,0
2016,SP,3518107,0.0,0.7879545454545455,0.21204545454545454,0.0,0,13423.71824840268,9.504778439839724,above_or_equal_median,12884.130129618063,2012,0
2012,SP,3518404,0.0,0.7626054601969101,0.23739453980308992,0.0,0,30262.807042328135,10.317674747161904,above_or_equal_median,12884.130129618063,2012,0
2016,SP,3518404,0.12497913220318405,0.858888163785646,0.016132704011169962,0.0,0,30262.807042328135,10.317674747161904,above_or_equal_median,12884.130129618063,2012,0
2012,SP,3518503,0.0,0.41150245207311636,0.5884975479268837,0.0,0,11066.600985221676,9.311686931148527,below_median,12884.130129618063,2012,0
2016,SP,3518503,0.36914001862775536,0.6308599813722446,0.0,0.0,0,11066.600985221676,9.311686931148527,below_median,12884.130129618063,2012,0
2012,SP,3518602,0.2752866185649152,0.5013500951706432,0.2233632862644416,0.0,0,18086.138696025006,9.802901105966422,above_or_equal_median,12884.130129618063,2012,0
2016,SP,3518602,0.400170221287674,0.4873835986782818,0.11244618003404426,0.0,0,18086.138696025006,9.802901105966422,above_or_equal_median,12884.130129618063,2012,0
2012,SP,3518701,0.05967498860941388,0.8840613572905592,0.05626365410002687,0.0,0,19248.41432251102,9.86518396346653,above_or_equal_median,12884.130129618063,2012,0
2016,SP,3518701,0.03391224325964796,0.903960997004288,0.06212675973606407,0.0,0,19248.41432251102,9.86518396346653,above_or_equal_median,12884.130129618063,2012,0
2012,SP,3519006,0.0,0.8117117117117117,0.18828828828828828,0.0,0,18584.005452686582,9.830056567857788,above_or_equal_median,12884.130129618063,2012,0
2016,SP,3519006,0.38887908208296557,0.6111209179170344,0.0,0.0,0,18584.005452686582,9.830056567857788,above_or_equal_median,12884.130129618063,2012,0
2012,SP,3519055,0.0,1.0,0.0,0.0,0,42158.17739363934,10.649183951579616,above_or_equal_median,12884.130129618063,2012,0
2016,SP,3519055,0.0,1.0,0.0,0.0,0,42158.17739363934,10.649183951579616,above_or_equal_median,12884.130129618063,2012,0
2012,SP,3519071,0.33876405670847903,0.0,0.6612359432915209,0.0,0,41556.108433371235,10.63479980351831,above_or_equal_median,12884.130129618063,2012,0
2016,SP,3519071,0.0,0.7386997893223368,0.2613002106776632,0.0,0,41556.108433371235,10.63479980351831,above_or_equal_median,12884.130129618063,2012,0
2012,SP,3519105,0.4930999663412992,0.46028273308650286,0.046617300572197914,0.0,0,28170.316301703162,10.246024089124852,above_or_equal_median,12884.130129618063,2012,0
2016,SP,3519105,0.4113367687177933,0.5886632312822068,0.0,0.0,0,28170.316301703162,10.246024089124852,above_or_equal_median,12884.130129618063,2012,0
2012,SP,3519204,0.0,1.0,0.0,0.0,0,17009.897879025924,9.741550681787285,above_or_equal_median,12884.130129618063,2012,0
2016,SP,3519204,0.0,1.0,0.0,0.0,0,17009.897879025924,9.741550681787285,above_or_equal_median,12884.130129618063,2012,0
2012,SP,3519253,0.6088984571223538,0.3598851811984212,0.031216361679224973,0.0,0,9472.084908403605,9.156104321230949,below_median,12884.130129618063,2012,0
2016,SP,3519253,0.0,0.9603399433427762,0.039660056657223795,0.0,0,9472.084908403605,9.156104321230949,below_median,12884.130129618063,2012,0
2012,SP,3519303,0.05525001809103408,0.9447499819089659,0.0,0.0,0,15357.010834926705,9.639327380662118,above_or_equal_median,12884.130129618063,2012,0
2016,SP,3519303,0.0,1.0,0.0,0.0,0,15357.010834926705,9.639327380662118,above_or_equal_median,12884.130129618063,2012,0
2012,SP,3519402,0.0,1.0,0.0,0.0,0,14051.28205128205,9.550468919800506,above_or_equal_median,12884.130129618063,2012,0
2016,SP,3519402,0.0,1.0,0.0,0.0,0,14051.28205128205,9.550468919800506,above_or_equal_median,12884.130129618063,2012,0
2012,SP,3519501,0.3581754735792622,0.6418245264207378,0.0,0.0,0,18339.68023255814,9.81682231013818,above_or_equal_median,12884.130129618063,2012,0
2016,SP,3519501,0.3367768595041322,0.6632231404958677,0.0,0.0,0,18339.68023255814,9.81682231013818,above_or_equal_median,12884.130129618063,2012,0
2012,SP,3519600,0.0,1.0,0.0,0.0,0,19816.05289402726,9.894247640424174,above_or_equal_median,12884.130129618063,2012,0
2016,SP,3519600,0.0,1.0,0.0,0.0,0,19816.05289402726,9.894247640424174,above_or_equal_median,12884.130129618063,2012,0
2012,SP,3519709,0.12298266943192925,0.4902619847910558,0.3867553457770149,0.0,0,14261.62299824219,9.565327502235371,above_or_equal_median,12884.130129618063,2012,0
2016,SP,3519709,0.5248859010731467,0.47511409892685336,0.0,0.0,0,14261.62299824219,9.565327502235371,above_or_equal_median,12884.130129618063,2012,0
2012,SP,3519808,0.792396109637489,0.20760389036251106,0.0,0.0,0,16895.863618342803,9.734824114642374,above_or_equal_median,12884.130129618063,2012,0
2016,SP,3519808,0.7604881769641495,0.2395118230358505,0.0,0.0,0,16895.863618342803,9.734824114642374,above_or_equal_median,12884.130129618063,2012,0
2012,SP,3519907,0.0,0.5746691871455577,0.42533081285444235,0.0,0,18936.36955107352,9.848839666797302,above_or_equal_median,12884.130129618063,2012,0
2016,SP,3519907,0.36583876221498374,0.6341612377850163,0.0,0.0,0,18936.36955107352,9.848839666797302,above_or_equal_median,12884.130129618063,2012,0
2012,SP,3520004,0.045827184784390886,0.9541728152156091,0.0,0.0,0,8987.092651757188,9.103544677136464,below_median,12884.130129618063,2012,0
2016,SP,3520004,0.0,1.0,0.0,0.0,0,8987.092651757188,9.103544677136464,below_median,12884.130129618063,2012,0
2012,SP,3520103,0.07688614128803793,0.7469539643478783,0.1761598943640838,0.0,0,23316.35938992887,10.056910512922478,above_or_equal_median,12884.130129618063,2012,0
2016,SP,3520103,0.2332921556516368,0.7667078443483631,0.0,0.0,0,23316.35938992887,10.056910512922478,above_or_equal_median,12884.130129618063,2012,0
2012,SP,3520202,0.6165663604687995,0.3834336395312005,0.0,0.0,0,13654.886121395713,9.521852694172972,above_or_equal_median,12884.130129618063,2012,0
2016,SP,3520202,0.30791215403128763,0.6920878459687124,0.0,0.0,0,13654.886121395713,9.521852694172972,above_or_equal_median,12884.130129618063,2012,0
2012,SP,3520301,0.0,1.0,0.0,0.0,0,38656.65117879883,10.562474126630637,above_or_equal_median,12884.130129618063,2012,0
2016,SP,3520301,0.29567291763302633,0.6427009475846531,0.06162613478232059,0.0,0,38656.65117879883,10.562474126630637,above_or_equal_median,12884.130129618063,2012,0
2012,SP,3520400,0.1869926285341047,0.8130073714658953,0.0,0.0,0,39475.02388426368,10.583423444171505,above_or_equal_median,12884.130129618063,2012,0
2016,SP,3520400,0.04624309700451833,0.942935237351481,0.01082166564400067,0.0,0,39475.02388426368,10.583423444171505,above_or_equal_median,12884.130129618063,2012,0
2012,SP,3520426,0.0,0.7226264726264726,0.2773735273735274,0.0,0,149218.8566552901,11.913169343854952,above_or_equal_median,12884.130129618063,2012,0
2016,SP,3520426,0.0,1.0,0.0,0.0,0,149218.8566552901,11.913169343854952,above_or_equal_median,12884.130129618063,2012,0
2012,SP,3520442,0.5073832646002394,0.0,0.49261673539976053,0.0,0,17466.22532307936,9.768024313559156,above_or_equal_median,12884.130129618063,2012,0
2016,SP,3520442,0.5777109296662369,0.42228907033376306,0.0,0.0,0,17466.22532307936,9.768024313559156,above_or_equal_median,12884.130129618063,2012,0
2012,SP,3520509,0.17816103072042094,0.6509808094095798,0.17085815986999922,0.0,0,43953.5926503033,10.690889643806667,above_or_equal_median,12884.130129618063,2012,0
2016,SP,3520509,0.0034771339654841977,0.9851970832230568,0.011325782811459028,0.0,0,43953.5926503033,10.690889643806667,above_or_equal_median,12884.130129618063,2012,0
2012,SP,3520905,1.0,0.0,0.0,0.0,0,19192.10469235775,9.862254259504535,above_or_equal_median,12884.130129618063,2012,0
2016,SP,3520905,1.0,0.0,0.0,0.0,0,19192.10469235775,9.862254259504535,above_or_equal_median,12884.130129618063,2012,0
2012,SP,3521002,0.0,0.9129140662506001,0.08708593374939991,0.0,0,12203.000201355795,9.409437118632356,below_median,12884.130129618063,2012,0
2016,SP,3521002,0.0,1.0,0.0,0.0,0,12203.000201355795,9.409437118632356,below_median,12884.130129618063,2012,0
2012,SP,3521150,0.0,1.0,0.0,0.0,0,11042.2718404509,9.309486081310279,below_median,12884.130129618063,2012,0
2016,SP,3521150,0.0,1.0,0.0,0.0,0,11042.2718404509,9.309486081310279,below_median,12884.130129618063,2012,0
2012,SP,3521200,0.0,1.0,0.0,0.0,0,6751.8779342723,8.817575957657445,below_median,12884.130129618063,2012,0
2016,SP,3521200,0.0,1.0,0.0,0.0,0,6751.8779342723,8.817575957657445,below_median,12884.130129618063,2012,0
2012,SP,3521309,0.0,1.0,0.0,0.0,0,18852.746342809827,9.844413876842504,above_or_equal_median,12884.130129618063,2012,0
2016,SP,3521309,0.0,1.0,0.0,0.0,0,18852.746342809827,9.844413876842504,above_or_equal_median,12884.130129618063,2012,0
2012,SP,3521408,0.0724601799125196,0.38095238095238093,0.5465874391350994,0.0,0,23637.478869838204,10.070588819040907,above_or_equal_median,12884.130129618063,2012,0
2016,SP,3521408,0.42098051157125455,0.5790194884287454,0.0,0.0,0,23637.478869838204,10.070588819040907,above_or_equal_median,12884.130129618063,2012,0
2012,SP,3521507,0.0,1.0,0.0,0.0,0,11985.344008685031,9.39143984972606,below_median,12884.130129618063,2012,0
2016,SP,3521507,0.3076923076923077,0.6923076923076923,0.0,0.0,0,11985.344008685031,9.39143984972606,below_median,12884.130129618063,2012,0
2012,SP,3521606,0.6271676300578035,0.37283236994219654,0.0,0.0,0,8541.709183673469,9.052716405361007,below_median,12884.130129618063,2012,0
2016,SP,3521606,0.5638703527168732,0.4361296472831268,0.0,0.0,0,8541.709183673469,9.052716405361007,below_median,12884.130129618063,2012,0
2012,SP,3521705,0.5929562836370503,0.3099801718440185,0.09706354451893116,0.0,0,16792.813153285497,9.728706285368837,above_or_equal_median,12884.130129618063,2012,0
2016,SP,3521705,0.44438133106125155,0.5556186689387485,0.0,0.0,0,16792.813153285497,9.728706285368837,above_or_equal_median,12884.130129618063,2012,0
2012,SP,3521804,0.4505974025974026,0.5494025974025974,0.0,0.0,0,15856.728135094247,9.67134917725444,above_or_equal_median,12884.130129618063,2012,0
2016,SP,3521804,0.2571137414752685,0.7428862585247316,0.0,0.0,0,15856.728135094247,9.67134917725444,above_or_equal_median,12884.130129618063,2012,0
2012,SP,3521903,0.4552996291235604,0.5447003708764396,0.0,0.0,0,20477.47501026975,9.927080781038372,above_or_equal_median,12884.130129618063,2012,0
2016,SP,3521903,0.0,1.0,0.0,0.0,0,20477.47501026975,9.927080781038372,above_or_equal_median,12884.130129618063,2012,0
2012,SP,3522000,0.7695473251028807,0.23045267489711935,0.0,0.0,0,15790.892750149791,9.66718864460961,above_or_equal_median,12884.130129618063,2012,0
2016,SP,3522000,1.0,0.0,0.0,0.0,0,15790.892750149791,9.66718864460961,above_or_equal_median,12884.130129618063,2012,0
2012,SP,3522109,0.09670841829303815,0.8957804502517581,0.007511131455203695,0.0,0,12302.926163077062,9.417592412504085,below_median,12884.130129618063,2012,0
2016,SP,3522109,0.006935228391626354,0.9662870842073719,0.026777687401001754,0.0,0,12302.926163077062,9.417592412504085,below_median,12884.130129618063,2012,0
2012,SP,3522158,1.0,0.0,0.0,0.0,0,7971.198513471663,8.983590138580448,below_median,12884.130129618063,2012,0
2016,SP,3522158,1.0,0.0,0.0,0.0,0,7971.198513471663,8.983590138580448,below_median,12884.130129618063,2012,0
2012,SP,3522208,0.0,0.6382226980728052,0.36177730192719487,0.0,0,16883.50621808466,9.73409246092182,above_or_equal_median,12884.130129618063,2012,0
2016,SP,3522208,0.1621972003321146,0.7689181512286783,0.068884648439207,0.0,0,16883.50621808466,9.73409246092182,above_or_equal_median,12884.130129618063,2012,0
2012,SP,3522307,0.0,0.934821486848117,0.06517851315188304,0.0,0,21220.902193331025,9.962741927443783,above_or_equal_median,12884.130129618063,2012,0
2016,SP,3522307,0.32705316634518733,0.5482354858866039,0.12471134776820886,0.0,0,21220.902193331025,9.962741927443783,above_or_equal_median,12884.130129618063,2012,0
2012,SP,3522406,0.2911330650079278,0.7088669349920722,0.0,0.0,0,16929.213140319356,9.736795996806642,above_or_equal_median,12884.130129618063,2012,0
2016,SP,3522406,0.33254180076929113,0.6674581992307088,0.0,0.0,0,16929.213140319356,9.736795996806642,above_or_equal_median,12884.130129618063,2012,0
2012,SP,3522505,0.38783597019397115,0.6041906271443621,0.00797340266166678,0.0,0,34315.63531792523,10.44335636946321,above_or_equal_median,12884.130129618063,2012,0
2016,SP,3522505,0.6638613384689456,0.3217621569571497,0.01437650457390467,0.0,0,34315.63531792523,10.44335636946321,above_or_equal_median,12884.130129618063,2012,0
2012,SP,3522604,0.0,1.0,0.0,0.0,0,34649.78288154421,10.453046738553518,above_or_equal_median,12884.130129618063,2012,0
2016,SP,3522604,0.4364085239085239,0.4487785862785863,0.11481288981288981,0.0,0,34649.78288154421,10.453046738553518,above_or_equal_median,12884.130129618063,2012,0
2012,SP,3522653,0.49325337331334335,0.0,0.5067466266866567,0.0,0,6380.030565461029,8.760928167151972,below_median,12884.130129618063,2012,0
2016,SP,3522653,0.44165170556552963,0.0,0.5583482944344704,0.0,0,6380.030565461029,8.760928167151972,below_median,12884.130129618063,2012,0
2012,SP,3522703,0.0,1.0,0.0,0.0,0,29077.10586895715,10.277706403618954,above_or_equal_median,12884.130129618063,2012,0
2016,SP,3522703,0.7618900873138161,0.23810991268618387,0.0,0.0,0,29077.10586895715,10.277706403618954,above_or_equal_median,12884.130129618063,2012,0
2012,SP,3522802,0.0,0.9837547191396865,0.016245280860313464,0.0,0,9594.210851224363,9.168915159225593,below_median,12884.130129618063,2012,0
2016,SP,3522802,0.49444444444444446,0.39861111111111114,0.10694444444444444,0.0,0,9594.210851224363,9.168915159225593,below_median,12884.130129618063,2012,0
2012,SP,3522901,0.0,1.0,0.0,0.0,0,33917.965611441425,10.431700112029414,above_or_equal_median,12884.130129618063,2012,0
2016,SP,3522901,0.0,1.0,0.0,0.0,0,33917.965611441425,10.431700112029414,above_or_equal_median,12884.130129618063,2012,0
2012,SP,3523008,0.35826257348138474,0.44676681907250165,0.19497060744611366,0.0,0,15137.51127141569,9.624931132463264,above_or_equal_median,12884.130129618063,2012,0
2016,SP,3523008,0.5568219912839424,0.1320817968488099,0.31109621186724773,0.0,0,15137.51127141569,9.624931132463264,above_or_equal_median,12884.130129618063,2012,0
2012,SP,3523107,0.45805888369850606,0.5377128002658171,0.004228316035676824,0.0,0,12369.616338137716,9.422998449395253,below_median,12884.130129618063,2012,0
2016,SP,3523107,0.18721086770285156,0.806363970138294,0.006425162158854485,0.0,0,12369.616338137716,9.422998449395253,below_median,12884.130129618063,2012,0
2012,SP,3523206,0.13276327632763277,0.40745949594959496,0.4597772277227723,0.0,0,11930.581808362587,9.386860282416025,below_median,12884.130129618063,2012,0
2016,SP,3523206,0.33321327090086844,0.6667867290991315,0.0,0.0,0,11930.581808362587,9.386860282416025,below_median,12884.130129618063,2012,0
2012,SP,3523305,0.3736975499859195,0.6263024500140806,0.0,0.0,0,8242.064499746064,9.017006137607776,below_median,12884.130129618063,2012,0
2016,SP,3523305,0.10382035578885973,0.8961796442111403,0.0,0.0,0,8242.064499746064,9.017006137607776,below_median,12884.130129618063,2012,0
2012,SP,3523404,0.0,1.0,0.0,0.0,0,37512.536710895125,10.532430468379136,above_or_equal_median,12884.130129618063,2012,0
2016,SP,3523404,0.20284106632229498,0.797158933677705,0.0,0.0,0,37512.536710895125,10.532430468379136,above_or_equal_median,12884.130129618063,2012,0
2012,SP,3523701,0.5266200915442062,0.3717176583955673,0.10166225006022646,0.0,0,11600.50083472454,9.358803551569713,below_median,12884.130129618063,2012,0
2016,SP,3523701,0.5273224043715847,0.4726775956284153,0.0,0.0,0,11600.50083472454,9.358803551569713,below_median,12884.130129618063,2012,0
2012,SP,3523800,0.4713763702801462,0.5286236297198539,0.0,0.0,0,10456.144992723905,9.254945122147843,below_median,12884.130129618063,2012,0
2016,SP,3523800,0.0,1.0,0.0,0.0,0,10456.144992723905,9.254945122147843,below_median,12884.130129618063,2012,0
2012,SP,3523909,0.40751455670707143,0.5924854432929285,0.0,0.0,0,38922.74959709013,10.56933418121178,above_or_equal_median,12884.130129618063,2012,0
2016,SP,3523909,0.47045330555968856,0.46861826117145267,0.0609284332688588,0.0,0,38922.74959709013,10.56933418121178,above_or_equal_median,12884.130129618063,2012,0
2012,SP,3524105,0.6569216757741347,0.3430783242258652,0.0,0.0,0,21941.580052224668,9.996138748201696,above_or_equal_median,12884.130129618063,2012,0
2016,SP,3524105,0.02481116741562291,0.975188832584377,0.0,0.0,0,21941.580052224668,9.996138748201696,above_or_equal_median,12884.130129618063,2012,0
2012,SP,3524204,0.0,1.0,0.0,0.0,0,16193.411906920519,9.69235976609451,above_or_equal_median,12884.130129618063,2012,0
2016,SP,3524204,0.6542814960629921,0.34571850393700787,0.0,0.0,0,16193.411906920519,9.69235976609451,above_or_equal_median,12884.130129618063,2012,0
2012,SP,3524303,0.04374313653715421,0.7008576060241594,0.2553992574386864,0.0,0,27855.169075444297,10.234773832278329,above_or_equal_median,12884.130129618063,2012,0
2016,SP,3524303,0.3606524652807483,0.5969144779992586,0.04243305671999316,0.0,0,27855.169075444297,10.234773832278329,above_or_equal_median,12884.130129618063,2012,0
2012,SP,3524402,0.0,0.50636682396984,0.49363317603016005,0.0,0,35719.97871377023,10.483465439071171,above_or_equal_median,12884.130129618063,2012,0
2016,SP,3524402,0.36417886266673866,0.6285215387661788,0.007299598567082501,0.0,0,35719.97871377023,10.483465439071171,above_or_equal_median,12884.130129618063,2012,0
2012,SP,3524501,1.0,0.0,0.0,0.0,0,50922.58064516129,10.838061731771292,above_or_equal_median,12884.130129618063,2012,0
2016,SP,3524501,0.7297781761147211,0.27022182388527893,0.0,0.0,0,50922.58064516129,10.838061731771292,above_or_equal_median,12884.130129618063,2012,0
2012,SP,3524600,0.0,0.7599167100468506,0.2400832899531494,0.0,0,16467.21596843449,9.709126772358477,above_or_equal_median,12884.130129618063,2012,0
2016,SP,3524600,0.36257747381919214,0.6374225261808079,0.0,0.0,0,16467.21596843449,9.709126772358477,above_or_equal_median,12884.130129618063,2012,0
2012,SP,3524709,0.005421927877442597,0.9945780721225574,0.0,0.0,0,89546.21451443061,11.402510134283025,above_or_equal_median,12884.130129618063,2012,0
2016,SP,3524709,0.02840664851697951,0.9715933514830205,0.0,0.0,0,89546.21451443061,11.402510134283025,above_or_equal_median,12884.130129618063,2012,0
2012,SP,3524808,0.46182856724396765,0.5381714327560324,0.0,0.0,0,19458.40846893099,9.87603456765397,above_or_equal_median,12884.130129618063,2012,0
2016,SP,3524808,1.0,0.0,0.0,0.0,0,19458.40846893099,9.87603456765397,above_or_equal_median,12884.130129618063,2012,0
2012,SP,3525003,0.01369391269117796,0.9234072723589588,0.06289881494986327,0.0,0,21786.660291225347,9.989053148235316,above_or_equal_median,12884.130129618063,2012,0
2016,SP,3525003,0.0,0.8733779666754429,0.12662203332455713,0.0,0,21786.660291225347,9.989053148235316,above_or_equal_median,12884.130129618063,2012,0
2012,SP,3525102,0.019249900517309987,0.8391862315957024,0.14156386788698766,0.0,0,17711.14498294926,9.781949380462834,above_or_equal_median,12884.130129618063,2012,0
2016,SP,3525102,0.09365608436697448,0.9063439156330255,0.0,0.0,0,17711.14498294926,9.781949380462834,above_or_equal_median,12884.130129618063,2012,0
2012,SP,3525201,0.0,0.8229428275963954,0.17705717240360466,0.0,0,28420.020100502512,10.25484910891694,above_or_equal_median,12884.130129618063,2012,0
2016,SP,3525201,0.8061530265698874,0.19384697343011253,0.0,0.0,0,28420.020100502512,10.25484910891694,above_or_equal_median,12884.130129618063,2012,0
2012,SP,3525300,0.12051717238619586,0.2812573305184143,0.5982254970953899,0.0,0,24040.896191187454,10.087511667121824,above_or_equal_median,12884.130129618063,2012,0
2016,SP,3525300,0.20521568052910275,0.7774545302329475,0.017329789237949728,0.0,0,24040.896191187454,10.087511667121824,above_or_equal_median,12884.130129618063,2012,0
2012,SP,3525508,0.27176616915422885,0.32545605306799336,0.4027777777777778,0.0,0,10702.021045598798,9.278187885380136,below_median,12884.130129618063,2012,0
2016,SP,3525508,0.582750249892903,0.417249750107097,0.0,0.0,0,10702.021045598798,9.278187885380136,below_median,12884.130129618063,2012,0
2012,SP,3525706,0.32008555511341025,0.3211798647035416,0.35873458018304816,0.0,0,26201.79775280899,10.17358330391461,above_or_equal_median,12884.130129618063,2012,0
2016,SP,3525706,0.4336635634987803,0.5663364365012197,0.0,0.0,0,26201.79775280899,10.17358330391461,above_or_equal_median,12884.130129618063,2012,0
2012,SP,3525805,0.6590322580645162,0.34096774193548385,0.0,0.0,0,7772.259507829977,8.958316200036391,below_median,12884.130129618063,2012,0
2016,SP,3525805,0.0,0.7431252021999353,0.2568747978000647,0.0,0,7772.259507829977,8.958316200036391,below_median,12884.130129618063,2012,0
2012,SP,3525854,0.0,1.0,0.0,0.0,0,20995.15403253721,9.952046929720922,above_or_equal_median,12884.130129618063,2012,0
2016,SP,3525854,0.0,1.0,0.0,0.0,0,20995.15403253721,9.952046929720922,above_or_equal_median,12884.130129618063,2012,0
2012,SP,3526100,0.08408819005298239,0.9159118099470176,0.0,0.0,0,12735.869850432957,9.452177689001873,below_median,12884.130129618063,2012,0
2016,SP,3526100,0.10195043814190144,0.8980495618580986,0.0,0.0,0,12735.869850432957,9.452177689001873,below_median,12884.130129618063,2012,0
2012,SP,3526209,0.0025323910482921083,0.9974676089517079,0.0,0.0,0,12162.477218802655,9.406110853423865,below_median,12884.130129618063,2012,0
2016,SP,3526209,0.4442001735608909,0.49777263523286086,0.05802719120624819,0.0,0,12162.477218802655,9.406110853423865,below_median,12884.130129618063,2012,0
2012,SP,3526407,0.3974367272962651,0.0,0.6025632727037349,0.0,0,25808.988764044945,10.158478111939095,above_or_equal_median,12884.130129618063,2012,0
2016,SP,3526407,0.031014359714117107,0.9689856402858829,0.0,0.0,0,25808.988764044945,10.158478111939095,above_or_equal_median,12884.130129618063,2012,0
2012,SP,3526506,0.0,1.0,0.0,0.0,0,12353.912111468382,9.421728062054433,below_median,12884.130129618063,2012,0
2016,SP,3526506,0.3693488768837077,0.6306511231162923,0.0,0.0,0,12353.912111468382,9.421728062054433,below_median,12884.130129618063,2012,0
2012,SP,3526605,0.0,0.574345883854499,0.42565411614550097,0.0,0,13692.422881102126,9.524597884442061,above_or_equal_median,12884.130129618063,2012,0
2016,SP,3526605,0.0,1.0,0.0,0.0,0,13692.422881102126,9.524597884442061,above_or_equal_median,12884.130129618063,2012,0
2012,SP,3526704,0.29958346683755205,0.0,0.7004165331624479,0.0,0,22466.992089234293,10.019802492811406,above_or_equal_median,12884.130129618063,2012,0
2016,SP,3526704,0.9453350018870548,0.0,0.054664998112945194,0.0,0,22466.992089234293,10.019802492811406,above_or_equal_median,12884.130129618063,2012,0
2012,SP,3526803,0.0,0.922974849560253,0.07702515043974695,0.0,0,30946.45232638277,10.340013645577669,above_or_equal_median,12884.130129618063,2012,0
2016,SP,3526803,0.048761815023114746,0.9447896116133212,0.0064485733635640885,0.0,0,30946.45232638277,10.340013645577669,above_or_equal_median,12884.130129618063,2012,0
2012,SP,3526902,0.42265061977515134,0.5773493802248486,0.0,0.0,0,33629.02005026848,10.423144665156283,above_or_equal_median,12884.130129618063,2012,0
2016,SP,3526902,0.5286481551486794,0.44425503384426646,0.027096811007054158,0.0,0,33629.02005026848,10.423144665156283,above_or_equal_median,12884.130129618063,2012,0
2012,SP,3527009,0.0,1.0,0.0,0.0,0,13807.725694444445,9.53298354742806,above_or_equal_median,12884.130129618063,2012,0
2016,SP,3527009,0.2871987618837055,0.7128012381162945,0.0,0.0,0,13807.725694444445,9.53298354742806,above_or_equal_median,12884.130129618063,2012,0
2012,SP,3527207,0.3551191851307361,0.638454268612832,0.006426546256431797,0.0,0,18727.782851100645,9.837763414224234,above_or_equal_median,12884.130129618063,2012,0
2016,SP,3527207,0.0,1.0,0.0,0.0,0,18727.782851100645,9.837763414224234,above_or_equal_median,12884.130129618063,2012,0
2012,SP,3527256,0.3910645339216768,0.6089354660783233,0.0,0.0,0,13674.429436422915,9.523282903306251,above_or_equal_median,12884.130129618063,2012,0
2016,SP,3527256,0.5361262902246509,0.46387370977534914,0.0,0.0,0,13674.429436422915,9.523282903306251,above_or_equal_median,12884.130129618063,2012,0
2012,SP,3527504,1.0,0.0,0.0,0.0,0,12487.632508833922,9.432494034218541,below_median,12884.130129618063,2012,0
2016,SP,3527504,1.0,0.0,0.0,0.0,0,12487.632508833922,9.432494034218541,below_median,12884.130129618063,2012,0
2012,SP,3527603,0.0,1.0,0.0,0.0,0,86972.54408060454,11.3733477625488,above_or_equal_median,12884.130129618063,2012,0
2016,SP,3527603,0.3310446957458266,0.4691707054388799,0.19978459881529348,0.0,0,86972.54408060454,11.3733477625488,above_or_equal_median,12884.130129618063,2012,0
2012,SP,3527702,0.0,1.0,0.0,0.0,0,10421.185617103985,9.251596091666059,below_median,12884.130129618063,2012,0
2016,SP,3527702,0.43192064923354373,0.5680793507664562,0.0,0.0,0,10421.185617103985,9.251596091666059,below_median,12884.130129618063,2012,0
2012,SP,3527801,0.0,1.0,0.0,0.0,0,11162.625800548947,9.320326495047247,below_median,12884.130129618063,2012,0
2016,SP,3527801,0.15873015873015872,0.8412698412698413,0.0,0.0,0,11162.625800548947,9.320326495047247,below_median,12884.130129618063,2012,0
2012,SP,3527900,0.0,1.0,0.0,0.0,0,22019.72459992557,9.999693903383092,above_or_equal_median,12884.130129618063,2012,0
2016,SP,3527900,0.5234445446348062,0.4765554553651939,0.0,0.0,0,22019.72459992557,9.999693903383092,above_or_equal_median,12884.130129618063,2012,0
2012,SP,3528007,0.7588638963019443,0.24113610369805566,0.0,0.0,0,19500.73457394711,9.87820741430115,above_or_equal_median,12884.130129618063,2012,0
2016,SP,3528007,1.0,0.0,0.0,0.0,0,19500.73457394711,9.87820741430115,above_or_equal_median,12884.130129618063,2012,0
2012,SP,3528106,0.5896607431340872,0.38408723747980617,0.026252019386106624,0.0,0,16710.837118754054,9.723812717208006,above_or_equal_median,12884.130129618063,2012,0
2016,SP,3528106,0.0,1.0,0.0,0.0,0,16710.837118754054,9.723812717208006,above_or_equal_median,12884.130129618063,2012,0
2012,SP,3528502,0.016514493838247768,0.9798433368258245,0.0036421693359277555,0.0,0,15427.886901930942,9.64393198859934,above_or_equal_median,12884.130129618063,2012,0
2016,SP,3528502,0.22435917746585976,0.7546338835905073,0.021006938943632966,0.0,0,15427.886901930942,9.64393198859934,above_or_equal_median,12884.130129618063,2012,0
2012,SP,3528601,0.0,0.7999286733238231,0.20007132667617689,0.0,0,10899.791231732777,9.296498914981774,below_median,12884.130129618063,2012,0
2016,SP,3528601,0.0,1.0,0.0,0.0,0,10899.791231732777,9.296498914981774,below_median,12884.130129618063,2012,0
2012,SP,3528700,0.0,1.0,0.0,0.0,0,21633.607709295324,9.982003296961917,above_or_equal_median,12884.130129618063,2012,0
2016,SP,3528700,0.3265669515669516,0.6734330484330484,0.0,0.0,0,21633.607709295324,9.982003296961917,above_or_equal_median,12884.130129618063,2012,0
2012,SP,3528809,0.5706159063559786,0.42938409364402147,0.0,0.0,0,29155.731579733972,10.280406796112283,above_or_equal_median,12884.130129618063,2012,0
2016,SP,3528809,0.5297062750333779,0.47029372496662214,0.0,0.0,0,29155.731579733972,10.280406796112283,above_or_equal_median,12884.130129618063,2012,0
2012,SP,3528858,0.0,1.0,0.0,0.0,0,37721.50018566654,10.53798550758077,above_or_equal_median,12884.130129618063,2012,0
2016,SP,3528858,0.3720538720538721,0.6279461279461279,0.0,0.0,0,37721.50018566654,10.53798550758077,above_or_equal_median,12884.130129618063,2012,0
2012,SP,3528908,0.0,1.0,0.0,0.0,0,9419.765664798777,9.150565490912662,below_median,12884.130129618063,2012,0
2016,SP,3528908,0.5478095238095239,0.4521904761904762,0.0,0.0,0,9419.765664798777,9.150565490912662,below_median,12884.130129618063,2012,0
2012,SP,3529005,0.0,0.7975857154832761,0.20241428451672394,0.0,0,26267.69520722558,10.176095144046712,above_or_equal_median,12884.130129618063,2012,0
2016,SP,3529005,0.0,0.9809185811298945,0.019081418870105477,0.0,0,26267.69520722558,10.176095144046712,above_or_equal_median,12884.130129618063,2012,0
2012,SP,3529104,0.0,0.8825283243887895,0.1174716756112105,0.0,0,10550.690147548787,9.263946553593893,below_median,12884.130129618063,2012,0
2016,SP,3529104,0.0,1.0,0.0,0.0,0,10550.690147548787,9.263946553593893,below_median,12884.130129618063,2012,0
2012,SP,3529302,0.1990206218207147,0.39552947632817614,0.4054499018511092,0.0,0,38093.20919196348,10.547791308797388,above_or_equal_median,12884.130129618063,2012,0
2016,SP,3529302,0.0,1.0,0.0,0.0,0,38093.20919196348,10.547791308797388,above_or_equal_median,12884.130129618063,2012,0
2012,SP,3529401,0.0718037137757343,0.5620707056547702,0.36612558056949546,0.0,0,21862.741639206997,9.992539171945342,above_or_equal_median,12884.130129618063,2012,0
2016,SP,3529401,0.04425039567756372,0.7046444359548109,0.25110516836762536,0.0,0,21862.741639206997,9.992539171945342,above_or_equal_median,12884.130129618063,2012,0
2012,SP,3529500,0.5449606085302907,0.45503939146970934,0.0,0.0,0,34870.548806032675,10.459397878175977,above_or_equal_median,12884.130129618063,2012,0
2016,SP,3529500,0.06623081296191018,0.9337691870380899,0.0,0.0,0,34870.548806032675,10.459397878175977,above_or_equal_median,12884.130129618063,2012,0
2012,SP,3529658,0.0,1.0,0.0,0.0,0,22001.59574468085,9.99887026355913,above_or_equal_median,12884.130129618063,2012,0
2016,SP,3529658,0.3700384122919334,0.6299615877080665,0.0,0.0,0,22001.59574468085,9.99887026355913,above_or_equal_median,12884.130129618063,2012,0
2012,SP,3529807,0.3649859943977591,0.6350140056022409,0.0,0.0,0,10027.610648644193,9.21309763210282,below_median,12884.130129618063,2012,0
2016,SP,3529807,0.450199203187251,0.549800796812749,0.0,0.0,0,10027.610648644193,9.21309763210282,below_median,12884.130129618063,2012,0
2012,SP,3529906,0.2508063147173655,0.7491936852826345,0.0,0.0,0,15530.804054719023,9.65058068909219,above_or_equal_median,12884.130129618063,2012,0
2016,SP,3529906,0.21541811846689896,0.784581881533101,0.0,0.0,0,15530.804054719023,9.65058068909219,above_or_equal_median,12884.130129618063,2012,0
2012,SP,3530003,0.6441501103752759,0.0,0.3558498896247241,0.0,0,11901.541695865451,9.384423224982598,below_median,12884.130129618063,2012,0
2016,SP,3530003,0.0,1.0,0.0,0.0,0,11901.541695865451,9.384423224982598,below_median,12884.130129618063,2012,0
2012,SP,3530102,1.0,0.0,0.0,0.0,0,16759.786412670925,9.72673763008082,above_or_equal_median,12884.130129618063,2012,0
2016,SP,3530102,0.8364783207887204,0.1582741439626842,0.005247535248595356,0.0,0,16759.786412670925,9.72673763008082,above_or_equal_median,12884.130129618063,2012,0
2012,SP,3530300,0.0,1.0,0.0,0.0,0,22971.767549159616,10.04202124305608,above_or_equal_median,12884.130129618063,2012,0
2016,SP,3530300,0.4443469409245674,0.5556530590754326,0.0,0.0,0,22971.767549159616,10.04202124305608,above_or_equal_median,12884.130129618063,2012,0
2012,SP,3530409,0.0,0.0,1.0,0.0,0,13917.561087006166,9.540906709270676,above_or_equal_median,12884.130129618063,2012,0
2016,SP,3530409,0.5906239683063718,0.40937603169362824,0.0,0.0,0,13917.561087006166,9.540906709270676,above_or_equal_median,12884.130129618063,2012,0
2012,SP,3530508,0.5443647650647544,0.45563523493524566,0.0,0.0,0,21297.64002469917,9.966351548596599,above_or_equal_median,12884.130129618063,2012,0
2016,SP,3530508,0.6471241394625805,0.3528758605374195,0.0,0.0,0,21297.64002469917,9.966351548596599,above_or_equal_median,12884.130129618063,2012,0
2012,SP,3530706,0.0,0.7263044946945912,0.27369550530540876,0.0,0,31839.754042424807,10.368470915130267,above_or_equal_median,12884.130129618063,2012,0
2016,SP,3530706,0.35664444759608566,0.6433555524039143,0.0,0.0,0,31839.754042424807,10.368470915130267,above_or_equal_median,12884.130129618063,2012,0
2012,SP,3530805,0.0,0.7918327129406613,0.20816728705933873,0.0,0,136682.19008548575,11.82541372955334,above_or_equal_median,12884.130129618063,2012,0
2016,SP,3530805,0.2141403987458414,0.6984275148991168,0.08743208635504177,0.0,0,136682.19008548575,11.82541372955334,above_or_equal_median,12884.130129618063,2012,0
2012,SP,3530904,0.45511319281811086,0.3797814207650273,0.16510538641686182,0.0,0,16864.175022789426,9.732946829773322,above_or_equal_median,12884.130129618063,2012,0
2016,SP,3530904,0.6865188138549714,0.3134811861450287,0.0,0.0,0,16864.175022789426,9.732946829773322,above_or_equal_median,12884.130129618063,2012,0
2012,SP,3531100,0.0,1.0,0.0,0.0,0,12021.340446815606,9.394438719909429,below_median,12884.130129618063,2012,0
2016,SP,3531100,0.45805578684429643,0.5419442131557036,0.0,0.0,0,12021.340446815606,9.394438719909429,below_median,12884.130129618063,2012,0
2012,SP,3531308,0.0,1.0,0.0,0.0,0,27774.394904458597,10.231869828652469,above_or_equal_median,12884.130129618063,2012,0
2016,SP,3531308,0.3424,0.6131121951219513,0.04448780487804878,0.0,0,27774.394904458597,10.231869828652469,above_or_equal_median,12884.130129618063,2012,0
2012,SP,3531407,0.42283806862288464,0.5771619313771154,0.0,0.0,0,23349.303370786518,10.058322428424436,above_or_equal_median,12884.130129618063,2012,0
2016,SP,3531407,0.6349664534248712,0.3650335465751287,0.0,0.0,0,23349.303370786518,10.058322428424436,above_or_equal_median,12884.130129618063,2012,0
2012,SP,3531605,0.0,0.43141973186662086,0.5685802681333791,0.0,0,16966.50246305419,9.738996235811149,above_or_equal_median,12884.130129618063,2012,0
2016,SP,3531605,0.25259515570934254,0.7474048442906575,0.0,0.0,0,16966.50246305419,9.738996235811149,above_or_equal_median,12884.130129618063,2012,0
2012,SP,3531704,0.2557277628032345,0.7442722371967655,0.0,0.0,0,10155.587324279248,9.225779308312434,below_median,12884.130129618063,2012,0
2016,SP,3531704,0.28653391832602093,0.7134660816739791,0.0,0.0,0,10155.587324279248,9.225779308312434,below_median,12884.130129618063,2012,0
2012,SP,3531803,0.0,0.9247994164843181,0.07520058351568198,0.0,0,51729.044219162955,10.85377468649134,above_or_equal_median,12884.130129618063,2012,0
2016,SP,3531803,0.0,1.0,0.0,0.0,0,51729.044219162955,10.85377468649134,above_or_equal_median,12884.130129618063,2012,0
2012,SP,3531902,0.0,0.5847167816949574,0.4152832183050426,0.0,0,30888.922589559534,10.338152906364865,above_or_equal_median,12884.130129618063,2012,0
2016,SP,3531902,0.36104624007473146,0.6389537599252686,0.0,0.0,0,30888.922589559534,10.338152906364865,above_or_equal_median,12884.130129618063,2012,0
2012,SP,3532009,0.0,1.0,0.0,0.0,0,31079.66804979253,10.344309123915941,above_or_equal_median,12884.130129618063,2012,0
2016,SP,3532009,0.5840153452685422,0.4159846547314578,0.0,0.0,0,31079.66804979253,10.344309123915941,above_or_equal_median,12884.130129618063,2012,0
2012,SP,3532058,0.0,0.5910585141354372,0.4089414858645628,0.0,0,14451.309141019752,9.578540287431274,above_or_equal_median,12884.130129618063,2012,0
2016,SP,3532058,0.4139372822299652,0.0,0.5860627177700348,0.0,0,14451.309141019752,9.578540287431274,above_or_equal_median,12884.130129618063,2012,0
2012,SP,3532108,0.0,0.6413934426229508,0.35860655737704916,0.0,0,11678.359800900687,9.365492818516204,below_median,12884.130129618063,2012,0
2016,SP,3532108,0.0,1.0,0.0,0.0,0,11678.359800900687,9.365492818516204,below_median,12884.130129618063,2012,0
2012,SP,3532157,0.0,0.0,1.0,0.0,0,25634.462869502524,10.151692930984924,above_or_equal_median,12884.130129618063,2012,0
2016,SP,3532157,0.45539033457249073,0.0,0.5446096654275093,0.0,0,25634.462869502524,10.151692930984924,above_or_equal_median,12884.130129618063,2012,0
2012,SP,3532207,0.464025633556656,0.5359743664433441,0.0,0.0,0,36279.798673072524,10.499016354959886,above_or_equal_median,12884.130129618063,2012,0
2016,SP,3532207,0.4586038961038961,0.5413961038961039,0.0,0.0,0,36279.798673072524,10.499016354959886,above_or_equal_median,12884.130129618063,2012,0
2012,SP,3532306,0.4789272030651341,0.5210727969348659,0.0,0.0,0,7307.217116166943,8.896617784798112,below_median,12884.130129618063,2012,0
2016,SP,3532306,0.0,1.0,0.0,0.0,0,7307.217116166943,8.896617784798112,below_median,12884.130129618063,2012,0
2012,SP,3532405,0.0,0.35415421398685,0.64584578601315,0.0,0,14414.06951007956,9.575960057873171,above_or_equal_median,12884.130129618063,2012,0
2016,SP,3532405,0.1808671159843074,0.8191328840156926,0.0,0.0,0,14414.06951007956,9.575960057873171,above_or_equal_median,12884.130129618063,2012,0
2012,SP,3532504,0.5032530904359142,0.4967469095640859,0.0,0.0,0,16236.174588665448,9.694997031083126,above_or_equal_median,12884.130129618063,2012,0
2016,SP,3532504,0.3187787821934163,0.6812212178065836,0.0,0.0,0,16236.174588665448,9.694997031083126,above_or_equal_median,12884.130129618063,2012,0
2012,SP,3532702,0.6724619683328159,0.3275380316671841,0.0,0.0,0,16808.222272419247,9.729623466641304,above_or_equal_median,12884.130129618063,2012,0
2016,SP,3532702,0.5427375971309025,0.4572624028690974,0.0,0.0,0,16808.222272419247,9.729623466641304,above_or_equal_median,12884.130129618063,2012,0
2012,SP,3532801,0.0,0.5079509313948205,0.49204906860517944,0.0,0,13565.913215640983,9.515315544289704,above_or_equal_median,12884.130129618063,2012,0
2016,SP,3532801,0.6594150350495528,0.3405849649504472,0.0,0.0,0,13565.913215640983,9.515315544289704,above_or_equal_median,12884.130129618063,2012,0
2012,SP,3532827,0.040657592363443525,0.9593424076365564,0.0,0.0,0,34576.4367816092,10.450927711175241,above_or_equal_median,12884.130129618063,2012,0
2016,SP,3532827,0.0,1.0,0.0,0.0,0,34576.4367816092,10.450927711175241,above_or_equal_median,12884.130129618063,2012,0
2012,SP,3532843,0.8047520661157025,0.0,0.1952479338842975,0.0,0,11376.881981544439,9.33933867906097,below_median,12884.130129618063,2012,0
2016,SP,3532843,0.0,0.7968580715059588,0.20314192849404117,0.0,0,11376.881981544439,9.33933867906097,below_median,12884.130129618063,2012,0
2012,SP,3532900,0.0,0.5800324675324675,0.4199675324675325,0.0,0,27361.420685345278,10.216889296022362,above_or_equal_median,12884.130129618063,2012,0
2016,SP,3532900,0.138262599469496,0.861737400530504,0.0,0.0,0,27361.420685345278,10.216889296022362,above_or_equal_median,12884.130129618063,2012,0
2012,SP,3533007,0.5061025894771565,0.0,0.49389741052284347,0.0,0,13419.336648382632,9.504451979228156,above_or_equal_median,12884.130129618063,2012,0
2016,SP,3533007,0.0,1.0,0.0,0.0,0,13419.336648382632,9.504451979228156,above_or_equal_median,12884.130129618063,2012,0
2012,SP,3533106,0.0,1.0,0.0,0.0,0,9604.290278411685,9.169965181625294,below_median,12884.130129618063,2012,0
2016,SP,3533106,0.0,1.0,0.0,0.0,0,9604.290278411685,9.169965181625294,below_median,12884.130129618063,2012,0
2012,SP,3533254,0.07823960880195599,0.5623471882640587,0.3594132029339853,0.0,0,10934.152948530944,9.299646467699064,below_median,12884.130129618063,2012,0
2016,SP,3533254,0.5024263992235523,0.49757360077644774,0.0,0.0,0,10934.152948530944,9.299646467699064,below_median,12884.130129618063,2012,0
2012,SP,3533403,0.1193092105263158,0.8806907894736842,0.0,0.0,0,37718.96555000285,10.537918311928147,above_or_equal_median,12884.130129618063,2012,0
2016,SP,3533403,0.4594472862979764,0.5316732619116559,0.008879451790367724,0.0,0,37718.96555000285,10.537918311928147,above_or_equal_median,12884.130129618063,2012,0
2012,SP,3533502,0.12794014496142156,0.8720598550385784,0.0,0.0,0,19402.53076137768,9.873158788160753,above_or_equal_median,12884.130129618063,2012,0
2016,SP,3533502,0.4140691615348176,0.5859308384651823,0.0,0.0,0,19402.53076137768,9.873158788160753,above_or_equal_median,12884.130129618063,2012,0
2012,SP,3533809,0.6125,0.3875,0.0,0.0,0,14922.285714285714,9.61061106003256,above_or_equal_median,12884.130129618063,2012,0
2016,SP,3533809,0.0,1.0,0.0,0.0,0,14922.285714285714,9.61061106003256,above_or_equal_median,12884.130129618063,2012,0
2012,SP,3533908,0.7864577705744642,0.21354222942553575,0.0,0.0,0,27615.14912107446,10.226119782323405,above_or_equal_median,12884.130129618063,2012,0
2016,SP,3533908,0.839427036705461,0.14080572963294538,0.019767233661593553,0.0,0,27615.14912107446,10.226119782323405,above_or_equal_median,12884.130129618063,2012,0
2012,SP,3534005,0.0,0.9024966261808367,0.0975033738191633,0.0,0,40574.31749241658,10.610890571352018,above_or_equal_median,12884.130129618063,2012,0
2016,SP,3534005,1.0,0.0,0.0,0.0,0,40574.31749241658,10.610890571352018,above_or_equal_median,12884.130129618063,2012,0
2012,SP,3534203,0.0,0.5950873638895923,0.4049126361104077,0.0,0,57436.31436314363,10.958432036676392,above_or_equal_median,12884.130129618063,2012,0
2016,SP,3534203,0.0,1.0,0.0,0.0,0,57436.31436314363,10.958432036676392,above_or_equal_median,12884.130129618063,2012,0
2012,SP,3534302,0.0,0.9794571404999588,0.02054285950004125,0.0,0,32438.664750198255,10.387106346784147,above_or_equal_median,12884.130129618063,2012,0
2016,SP,3534302,0.17163126817661056,0.8191151846302988,0.009253547193090685,0.0,0,32438.664750198255,10.387106346784147,above_or_equal_median,12884.130129618063,2012,0
2012,SP,3534401,0.20389288284928847,0.1596957845169235,0.636411332633788,0.0,0,74841.06644420425,11.223122029941822,above_or_equal_median,12884.130129618063,2012,0
2016,SP,3534401,0.44731819015130003,0.502579181779294,0.050102628069406054,0.0,0,74841.06644420425,11.223122029941822,above_or_equal_median,12884.130129618063,2012,0
2012,SP,3534500,0.43389683571738186,0.5661031642826181,0.0,0.0,0,21208.28402366864,9.962147140168351,above_or_equal_median,12884.130129618063,2012,0
2016,SP,3534500,1.0,0.0,0.0,0.0,0,21208.28402366864,9.962147140168351,above_or_equal_median,12884.130129618063,2012,0
2012,SP,3534609,0.0,1.0,0.0,0.0,0,24239.448391140828,10.09573668378327,above_or_equal_median,12884.130129618063,2012,0
2016,SP,3534609,0.44457652303120354,0.5554234769687965,0.0,0.0,0,24239.448391140828,10.09573668378327,above_or_equal_median,12884.130129618063,2012,0
2012,SP,3534708,0.0,0.7873788855671217,0.2126211144328783,0.0,0,21569.90997893124,9.979054565935979,above_or_equal_median,12884.130129618063,2012,0
2016,SP,3534708,0.6746218120255584,0.26082682540549396,0.06455136256894763,0.0,0,21569.90997893124,9.979054565935979,above_or_equal_median,12884.130129618063,2012,0
2012,SP,3534807,0.6445943184140609,0.3554056815859391,0.0,0.0,0,11822.50917837701,9.377760550865965,below_median,12884.130129618063,2012,0
2016,SP,3534807,0.34477254588986433,0.6552274541101357,0.0,0.0,0,11822.50917837701,9.377760550865965,below_median,12884.130129618063,2012,0
2012,SP,3534906,0.9473610133708655,0.05263898662913441,0.0,0.0,0,10195.304882622066,9.229682587673919,below_median,12884.130129618063,2012,0
2016,SP,3534906,0.43901351953647305,0.560986480463527,0.0,0.0,0,10195.304882622066,9.229682587673919,below_median,12884.130129618063,2012,0
2012,SP,3535002,0.5557004201071998,0.4442995798928002,0.0,0.0,0,18838.79781420765,9.843673735808173,above_or_equal_median,12884.130129618063,2012,0
2016,SP,3535002,0.7521605798717591,0.24783942012824087,0.0,0.0,0,18838.79781420765,9.843673735808173,above_or_equal_median,12884.130129618063,2012,0
2012,SP,3535101,0.42324018394057306,0.5767598160594269,0.0,0.0,0,8177.510608203677,9.009143056654581,below_median,12884.130129618063,2012,0
2016,SP,3535101,0.8716160106294636,0.12838398937053647,0.0,0.0,0,8177.510608203677,9.009143056654581,below_median,12884.130129618063,2012,0
2012,SP,3535200,0.0,0.5183530162783275,0.48164698372167253,0.0,0,12910.37686055104,9.465786674781866,above_or_equal_median,12884.130129618063,2012,0
2016,SP,3535200,0.5117878192534381,0.48821218074656186,0.0,0.0,0,12910.37686055104,9.465786674781866,above_or_equal_median,12884.130129618063,2012,0
2012,SP,3535309,0.4368619022031166,0.5631380977968834,0.0,0.0,0,20416.556914393226,9.92410146410286,above_or_equal_median,12884.130129618063,2012,0
2016,SP,3535309,0.5325030376670717,0.4674969623329283,0.0,0.0,0,20416.556914393226,9.92410146410286,above_or_equal_median,12884.130129618063,2012,0
2012,SP,3535408,0.23845517892996337,0.7615448210700366,0.0,0.0,0,14982.546689303905,9.614641248583377,above_or_equal_median,12884.130129618063,2012,0
2016,SP,3535408,0.0,1.0,0.0,0.0,0,14982.546689303905,9.614641248583377,above_or_equal_median,12884.130129618063,2012,0
2012,SP,3535507,0.7806593596271684,0.13148355916112886,0.08785708121170277,0.0,0,21417.619493908154,9.971969203087635,above_or_equal_median,12884.130129618063,2012,0
2016,SP,3535507,0.40532738485763026,0.5946726151423698,0.0,0.0,0,21417.619493908154,9.971969203087635,above_or_equal_median,12884.130129618063,2012,0
2012,SP,3535606,0.7128292268479184,0.0,0.28717077315208156,0.0,0,12643.413963086094,9.44489172324887,below_median,12884.130129618063,2012,0
2016,SP,3535606,0.06670966553026812,0.9332903344697319,0.0,0.0,0,12643.413963086094,9.44489172324887,below_median,12884.130129618063,2012,0
2012,SP,3535804,0.0,1.0,0.0,0.0,0,17466.593225006884,9.768045376957005,above_or_equal_median,12884.130129618063,2012,0
2016,SP,3535804,0.26031050576245357,0.7238784646156777,0.015811029621868748,0.0,0,17466.593225006884,9.768045376957005,above_or_equal_median,12884.130129618063,2012,0
2012,SP,3535903,0.0,1.0,0.0,0.0,0,14437.939110070258,9.577614681351957,above_or_equal_median,12884.130129618063,2012,0
2016,SP,3535903,1.0,0.0,0.0,0.0,0,14437.939110070258,9.577614681351957,above_or_equal_median,12884.130129618063,2012,0
2012,SP,3536000,1.0,0.0,0.0,0.0,0,21099.583526145303,9.95700858117198,above_or_equal_median,12884.130129618063,2012,0
2016,SP,3536000,1.0,0.0,0.0,0.0,0,21099.583526145303,9.95700858117198,above_or_equal_median,12884.130129618063,2012,0
2012,SP,3536208,0.7465861588481189,0.2534138411518811,0.0,0.0,0,18717.994290946302,9.837240601713752,above_or_equal_median,12884.130129618063,2012,0
2016,SP,3536208,1.0,0.0,0.0,0.0,0,18717.994290946302,9.837240601713752,above_or_equal_median,12884.130129618063,2012,0
2012,SP,3536257,0.610443864229765,0.389556135770235,0.0,0.0,0,12700.244498777505,9.449376524133612,below_median,12884.130129618063,2012,0
2016,SP,3536257,0.5387038703870387,0.4612961296129613,0.0,0.0,0,12700.244498777505,9.449376524133612,below_median,12884.130129618063,2012,0
2012,SP,3536307,0.0,0.5675415362388635,0.4324584637611365,0.0,0,41576.43504531722,10.635288820490498,above_or_equal_median,12884.130129618063,2012,0
2016,SP,3536307,0.0,1.0,0.0,0.0,0,41576.43504531722,10.635288820490498,above_or_equal_median,12884.130129618063,2012,0
2012,SP,3536406,0.026490066225165563,0.9735099337748344,0.0,0.0,0,24910.560344827587,10.123047102777514,above_or_equal_median,12884.130129618063,2012,0
2016,SP,3536406,0.48229819947400365,0.5177018005259963,0.0,0.0,0,24910.560344827587,10.123047102777514,above_or_equal_median,12884.130129618063,2012,0
2012,SP,3536505,0.0,0.5931723620489735,0.40682763795102656,0.0,0,97485.35714285714,11.487457462557137,above_or_equal_median,12884.130129618063,2012,0
2016,SP,3536505,0.022860337167907262,0.9121774691812057,0.06496219365088705,0.0,0,97485.35714285714,11.487457462557137,above_or_equal_median,12884.130129618063,2012,0
2012,SP,3536570,1.0,0.0,0.0,0.0,0,13197.301854974705,9.48776768275477,above_or_equal_median,12884.130129618063,2012,0
2016,SP,3536570,0.1784776902887139,0.821522309711286,0.0,0.0,0,13197.301854974705,9.48776768275477,above_or_equal_median,12884.130129618063,2012,0
2012,SP,3536604,0.2331764054278593,0.43076710052617,0.33605649404597066,0.0,0,18155.803415824328,9.80674553601302,above_or_equal_median,12884.130129618063,2012,0
2016,SP,3536604,0.017244757985498727,0.9827552420145013,0.0,0.0,0,18155.803415824328,9.80674553601302,above_or_equal_median,12884.130129618063,2012,0
2012,SP,3536703,0.08826475252483099,0.8657874968700442,0.04594775060512478,0.0,0,38725.03847519829,10.564241658833918,above_or_equal_median,12884.130129618063,2012,0
2016,SP,3536703,0.03693613220187584,0.9630638677981241,0.0,0.0,0,38725.03847519829,10.564241658833918,above_or_equal_median,12884.130129618063,2012,0
2012,SP,3536802,0.4553314121037464,0.2690594707885774,0.27560911710767616,0.0,0,8892.524974164657,9.092966312271257,below_median,12884.130129618063,2012,0
2016,SP,3536802,0.39956278843818316,0.6004372115618168,0.0,0.0,0,8892.524974164657,9.092966312271257,below_median,12884.130129618063,2012,0
2012,SP,3537107,0.03518441773725653,0.3104019892250311,0.6544135930377124,0.0,0,21084.368237839873,9.956287203096718,above_or_equal_median,12884.130129618063,2012,0
2016,SP,3537107,0.0,1.0,0.0,0.0,0,21084.368237839873,9.956287203096718,above_or_equal_median,12884.130129618063,2012,0
2012,SP,3537156,0.0,1.0,0.0,0.0,0,21152.439024390245,9.959510498127688,above_or_equal_median,12884.130129618063,2012,0
2016,SP,3537156,0.5538700894593543,0.44612991054064566,0.0,0.0,0,21152.439024390245,9.959510498127688,above_or_equal_median,12884.130129618063,2012,0
2012,SP,3537206,0.3953625466692867,0.6046374533307133,0.0,0.0,0,9697.43193666731,9.17961638064214,below_median,12884.130129618063,2012,0
2016,SP,3537206,0.6068121693121693,0.3931878306878307,0.0,0.0,0,9697.43193666731,9.17961638064214,below_median,12884.130129618063,2012,0
2012,SP,3537305,0.3537769358276107,0.3332938669192517,0.31292919725313756,0.0,0,19629.890347908487,9.884808701310355,above_or_equal_median,12884.130129618063,2012,0
2016,SP,3537305,0.24501965035912726,0.698265347608077,0.056715002032795774,0.0,0,19629.890347908487,9.884808701310355,above_or_equal_median,12884.130129618063,2012,0
2012,SP,3537404,0.10565556152606126,0.5613917248790973,0.33295271359484147,0.0,0,20339.8388971266,9.920336749075933,above_or_equal_median,12884.130129618063,2012,0
2016,SP,3537404,0.6356634636543681,0.3643365363456319,0.0,0.0,0,20339.8388971266,9.920336749075933,above_or_equal_median,12884.130129618063,2012,0
2012,SP,3537503,0.5136457745153398,0.3557312252964427,0.13062300018821757,0.0,0,16320.026178010472,9.70014823256157,above_or_equal_median,12884.130129618063,2012,0
2016,SP,3537503,0.20441882804995196,0.7955811719500481,0.0,0.0,0,16320.026178010472,9.70014823256157,above_or_equal_median,12884.130129618063,2012,0
2012,SP,3537602,0.0,0.7132607551455719,0.2867392448544281,0.0,0,18108.930034409306,9.804160467652748,above_or_equal_median,12884.130129618063,2012,0
2016,SP,3537602,0.5074626865671642,0.4925373134328358,0.0,0.0,0,18108.930034409306,9.804160467652748,above_or_equal_median,12884.130129618063,2012,0
2012,SP,3537800,0.0,0.6049666183899113,0.39503338161008866,0.0,0,13937.289072778232,9.54232319429626,above_or_equal_median,12884.130129618063,2012,0
2016,SP,3537800,0.3754088764934752,0.4766380883517543,0.1479530351547705,0.0,0,13937.289072778232,9.54232319429626,above_or_equal_median,12884.130129618063,2012,0
2012,SP,3537909,0.0,0.9524236409041429,0.04757635909585708,0.0,0,12497.759354694152,9.433304655598432,below_median,12884.130129618063,2012,0
2016,SP,3537909,0.5773592547590117,0.38537869582827056,0.0372620494127177,0.0,0,12497.759354694152,9.433304655598432,below_median,12884.130129618063,2012,0
2012,SP,3538006,0.0224647304984088,0.8846568271230612,0.09287844237853009,0.0,0,34264.780703506876,10.441873303985052,above_or_equal_median,12884.130129618063,2012,0
2016,SP,3538006,0.5153237865581765,0.4724980129595452,0.012178200482278294,0.0,0,34264.780703506876,10.441873303985052,above_or_equal_median,12884.130129618063,2012,0
2012,SP,3538105,0.563366002027712,0.4366339979722879,0.0,0.0,0,14852.521035809797,9.605924896543305,above_or_equal_median,12884.130129618063,2012,0
2016,SP,3538105,0.3569023569023569,0.6430976430976431,0.0,0.0,0,14852.521035809797,9.605924896543305,above_or_equal_median,12884.130129618063,2012,0
2012,SP,3538204,0.3313447675863783,0.6686552324136217,0.0,0.0,0,12211.24767225326,9.410112746344,below_median,12884.130129618063,2012,0
2016,SP,3538204,0.6385542168674698,0.3614457831325301,0.0,0.0,0,12211.24767225326,9.410112746344,below_median,12884.130129618063,2012,0
2012,SP,3538600,0.19609910384818133,0.8039008961518187,0.0,0.0,0,12453.435234793571,9.429751786306628,below_median,12884.130129618063,2012,0
2016,SP,3538600,0.5943145408684982,0.3813484218419797,0.02433703728952212,0.0,0,12453.435234793571,9.429751786306628,below_median,12884.130129618063,2012,0
2012,SP,3538709,0.012186858098807785,0.8606293543400462,0.12718378756114604,0.0,0,43395.04864578462,10.678100627077477,above_or_equal_median,12884.130129618063,2012,0
2016,SP,3538709,0.2548733773143222,0.7137316450308576,0.031394977654820175,0.0,0,43395.04864578462,10.678100627077477,above_or_equal_median,12884.130129618063,2012,0
2012,SP,3538808,0.0,0.7775721687638786,0.2224278312361214,0.0,0,16912.684241851348,9.735819166246836,above_or_equal_median,12884.130129618063,2012,0
2016,SP,3538808,0.2743761255466941,0.7256238744533059,0.0,0.0,0,16912.684241851348,9.735819166246836,above_or_equal_median,12884.130129618063,2012,0
2012,SP,3538907,0.5611437324483023,0.430516551782827,0.008339715768870734,0.0,0,12355.485323404624,9.421855399189424,below_median,12884.130129618063,2012,0
2016,SP,3538907,0.39377229970807653,0.6062277002919234,0.0,0.0,0,12355.485323404624,9.421855399189424,below_median,12884.130129618063,2012,0
2012,SP,3539004,0.5835671967570939,0.41643280324290616,0.0,0.0,0,15075.709484690067,9.62084008414896,above_or_equal_median,12884.130129618063,2012,0
2016,SP,3539004,0.0,1.0,0.0,0.0,0,15075.709484690067,9.62084008414896,above_or_equal_median,12884.130129618063,2012,0
2012,SP,3539103,0.0,0.8002218524681087,0.1997781475318913,0.0,0,26126.9244980909,10.170721651552673,above_or_equal_median,12884.130129618063,2012,0
2016,SP,3539103,0.09520757672861924,0.8885565762301503,0.016235847041230506,0.0,0,26126.9244980909,10.170721651552673,above_or_equal_median,12884.130129618063,2012,0
2012,SP,3539202,0.5198312236286919,0.480168776371308,0.0,0.0,0,21525.15347205613,9.97697745921505,above_or_equal_median,12884.130129618063,2012,0
2016,SP,3539202,0.43067046131444836,0.5519226950824012,0.01740684360315044,0.0,0,21525.15347205613,9.97697745921505,above_or_equal_median,12884.130129618063,2012,0
2012,SP,3539301,0.139687524130653,0.860312475869347,0.0,0.0,0,26855.705597652006,10.198233576343753,above_or_equal_median,12884.130129618063,2012,0
2016,SP,3539301,0.0,0.9896002265297191,0.010399773470280845,0.0,0,26855.705597652006,10.198233576343753,above_or_equal_median,12884.130129618063,2012,0
2012,SP,3539509,0.0,0.537732502153971,0.4622674978460291,0.0,0,18359.854177102465,9.817921721719328,above_or_equal_median,12884.130129618063,2012,0
2016,SP,3539509,0.03742893240682249,0.9625710675931776,0.0,0.0,0,18359.854177102465,9.817921721719328,above_or_equal_median,12884.130129618063,2012,0
2012,SP,3539608,0.47498545666084935,0.5250145433391507,0.0,0.0,0,40809.94981453197,10.61668119866452,above_or_equal_median,12884.130129618063,2012,0
2016,SP,3539608,0.4951563797398284,0.5048436202601716,0.0,0.0,0,40809.94981453197,10.61668119866452,above_or_equal_median,12884.130129618063,2012,0
2012,SP,3539707,1.0,0.0,0.0,0.0,0,16643.429981492907,9.719770821829087,above_or_equal_median,12884.130129618063,2012,0
2016,SP,3539707,0.0,1.0,0.0,0.0,0,16643.429981492907,9.719770821829087,above_or_equal_median,12884.130129618063,2012,0
2012,SP,3539806,0.0749121300960495,0.7975023890895544,0.12758548081439608,0.0,0,36172.80300494626,10.496062817242025,above_or_equal_median,12884.130129618063,2012,0
2016,SP,3539806,0.5706036745406824,0.4293963254593176,0.0,0.0,0,36172.80300494626,10.496062817242025,above_or_equal_median,12884.130129618063,2012,0
2012,SP,3539905,0.334047682828824,0.5874631663541388,0.07848915081703724,0.0,0,17908.17999635635,9.793012870480567,above_or_equal_median,12884.130129618063,2012,0
2016,SP,3539905,0.0,1.0,0.0,0.0,0,17908.17999635635,9.793012870480567,above_or_equal_median,12884.130129618063,2012,0
2012,SP,3540002,0.5156732550957381,0.48432674490426186,0.0,0.0,0,45507.48702742773,10.725632141455524,above_or_equal_median,12884.130129618063,2012,0
2016,SP,3540002,0.0,1.0,0.0,0.0,0,45507.48702742773,10.725632141455524,above_or_equal_median,12884.130129618063,2012,0
2012,SP,3540101,0.0,1.0,0.0,0.0,0,13775.00724847782,9.530611160226263,above_or_equal_median,12884.130129618063,2012,0
2016,SP,3540101,0.0,1.0,0.0,0.0,0,13775.00724847782,9.530611160226263,above_or_equal_median,12884.130129618063,2012,0
2012,SP,3540200,0.060653188180404355,0.9393468118195957,0.0,0.0,0,19020.267686424475,9.853260409944848,above_or_equal_median,12884.130129618063,2012,0
2016,SP,3540200,0.4399102224035911,0.5495817180167313,0.010508059579677617,0.0,0,19020.267686424475,9.853260409944848,above_or_equal_median,12884.130129618063,2012,0
2012,SP,3540259,0.43103448275862066,0.5689655172413793,0.0,0.0,0,11763.89891696751,9.372790707063654,below_median,12884.130129618063,2012,0
2016,SP,3540259,0.0,1.0,0.0,0.0,0,11763.89891696751,9.372790707063654,below_median,12884.130129618063,2012,0
2012,SP,3540309,0.0,1.0,0.0,0.0,0,66316.50099403578,11.102194028978804,above_or_equal_median,12884.130129618063,2012,0
2016,SP,3540309,0.09018691588785047,0.9098130841121496,0.0,0.0,0,66316.50099403578,11.102194028978804,above_or_equal_median,12884.130129618063,2012,0
2012,SP,3540408,0.0,1.0,0.0,0.0,0,17179.995225590832,9.751500917633134,above_or_equal_median,12884.130129618063,2012,0
2016,SP,3540408,0.4706419227258899,0.5293580772741101,0.0,0.0,0,17179.995225590832,9.751500917633134,above_or_equal_median,12884.130129618063,2012,0
2012,SP,3540507,0.4620817843866171,0.5379182156133829,0.0,0.0,0,11215.060030306562,9.325012799620016,below_median,12884.130129618063,2012,0
2016,SP,3540507,0.5190609951845907,0.4809390048154093,0.0,0.0,0,11215.060030306562,9.325012799620016,below_median,12884.130129618063,2012,0
2012,SP,3540606,0.6211701144522641,0.03049690765621668,0.3483329778915192,0.0,0,22865.010930289045,10.037363114127862,above_or_equal_median,12884.130129618063,2012,0
2016,SP,3540606,0.22983250903952454,0.7377498857071609,0.03241760525331449,0.0,0,22865.010930289045,10.037363114127862,above_or_equal_median,12884.130129618063,2012,0
2012,SP,3540705,0.0,0.6561714113268283,0.34382858867317173,0.0,0,27044.65470489817,10.205244656795596,above_or_equal_median,12884.130129618063,2012,0
2016,SP,3540705,0.5431848852901484,0.45681511470985153,0.0,0.0,0,27044.65470489817,10.205244656795596,above_or_equal_median,12884.130129618063,2012,0
2012,SP,3540754,0.5300925925925926,0.1467236467236467,0.3231837606837607,0.0,0,6926.844909234412,8.843159708459764,below_median,12884.130129618063,2012,0
2016,SP,3540754,1.0,0.0,0.0,0.0,0,6926.844909234412,8.843159708459764,below_median,12884.130129618063,2012,0
2012,SP,3540804,0.468135005608239,0.5318649943917609,0.0,0.0,0,25468.82951653944,10.145210611540193,above_or_equal_median,12884.130129618063,2012,0
2016,SP,3540804,1.0,0.0,0.0,0.0,0,25468.82951653944,10.145210611540193,above_or_equal_median,12884.130129618063,2012,0
2012,SP,3540903,0.0,1.0,0.0,0.0,0,29894.803899844894,10.305439961662946,above_or_equal_median,12884.130129618063,2012,0
2016,SP,3540903,0.39665889665889664,0.6033411033411034,0.0,0.0,0,29894.803899844894,10.305439961662946,above_or_equal_median,12884.130129618063,2012,0
2012,SP,3541000,0.0,0.6244946586712203,0.37550534132877966,0.0,0,15832.178126950328,9.669799738289745,above_or_equal_median,12884.130129618063,2012,0
2016,SP,3541000,0.23459742117142282,0.7603372887289847,0.005065290099592542,0.0,0,15832.178126950328,9.669799738289745,above_or_equal_median,12884.130129618063,2012,0
2012,SP,3541059,0.56759941089838,0.43240058910162005,0.0,0.0,0,17746.646795827124,9.783951864146122,above_or_equal_median,12884.130129618063,2012,0
2016,SP,3541059,0.0,1.0,0.0,0.0,0,17746.646795827124,9.783951864146122,above_or_equal_median,12884.130129618063,2012,0
2012,SP,3541109,0.8861896838602329,0.0,0.11381031613976705,0.0,0,12891.548607718612,9.464327228958913,above_or_equal_median,12884.130129618063,2012,0
2016,SP,3541109,0.9397269397269398,0.06027306027306027,0.0,0.0,0,12891.548607718612,9.464327228958913,above_or_equal_median,12884.130129618063,2012,0
2012,SP,3541307,0.03940908293880414,0.9359985972295283,0.024592319831667542,0.0,0,16076.950797616759,9.6851418977376,above_or_equal_median,12884.130129618063,2012,0
2016,SP,3541307,0.6584581886049043,0.34154181139509565,0.0,0.0,0,16076.950797616759,9.6851418977376,above_or_equal_median,12884.130129618063,2012,0
2012,SP,3541406,0.0016309751220438577,0.9951182456963482,0.0032507791816079627,0.0,0,26642.65446093739,10.190268761617478,above_or_equal_median,12884.130129618063,2012,0
2016,SP,3541406,0.10067953585749263,0.8550619211525496,0.04425854298995777,0.0,0,26642.65446093739,10.190268761617478,above_or_equal_median,12884.130129618063,2012,0
2012,SP,3541505,0.0,1.0,0.0,0.0,0,13733.866722812927,9.527620084955068,above_or_equal_median,12884.130129618063,2012,0
2016,SP,3541505,0.7493342712153946,0.25066572878460536,0.0,0.0,0,13733.866722812927,9.527620084955068,above_or_equal_median,12884.130129618063,2012,0
2012,SP,3541604,0.0,0.5289208633093525,0.4710791366906475,0.0,0,45081.784182158175,10.716233545501801,above_or_equal_median,12884.130129618063,2012,0
2016,SP,3541604,0.47823871165018855,0.5217612883498114,0.0,0.0,0,45081.784182158175,10.716233545501801,above_or_equal_median,12884.130129618063,2012,0
2012,SP,3541653,0.8436886854153042,0.15631131458469588,0.0,0.0,0,17134.736842105263,9.748863076274537,above_or_equal_median,12884.130129618063,2012,0
2016,SP,3541653,0.05103607060629317,0.9489639293937069,0.0,0.0,0,17134.736842105263,9.748863076274537,above_or_equal_median,12884.130129618063,2012,0
2012,SP,3541802,0.0,0.30182309250506417,0.6981769074949359,0.0,0,46264.371772805505,10.742127435704209,above_or_equal_median,12884.130129618063,2012,0
2016,SP,3541802,0.37039452233452885,0.6296054776654711,0.0,0.0,0,46264.371772805505,10.742127435704209,above_or_equal_median,12884.130129618063,2012,0
2012,SP,3542008,0.7377690802348337,0.2622309197651663,0.0,0.0,0,16147.150599441617,9.68949887961348,above_or_equal_median,12884.130129618063,2012,0
2016,SP,3542008,0.0,1.0,0.0,0.0,0,16147.150599441617,9.68949887961348,above_or_equal_median,12884.130129618063,2012,0
2012,SP,3542107,0.453099173553719,0.546900826446281,0.0,0.0,0,24618.310021962778,10.111245754895146,above_or_equal_median,12884.130129618063,2012,0
2016,SP,3542107,0.7772569444444445,0.22274305555555557,0.0,0.0,0,24618.310021962778,10.111245754895146,above_or_equal_median,12884.130129618063,2012,0
2012,SP,3542206,0.5617653581725438,0.4382346418274562,0.0,0.0,0,28845.77736124128,10.269718895928872,above_or_equal_median,12884.130129618063,2012,0
2016,SP,3542206,0.499359652541901,0.500640347458099,0.0,0.0,0,28845.77736124128,10.269718895928872,above_or_equal_median,12884.130129618063,2012,0
2012,SP,3542305,0.0,1.0,0.0,0.0,0,9205.354821939174,9.127540639577091,below_median,12884.130129618063,2012,0
2016,SP,3542305,0.199438202247191,0.800561797752809,0.0,0.0,0,9205.354821939174,9.127540639577091,below_median,12884.130129618063,2012,0
2012,SP,3542503,0.5199894095843262,0.4800105904156738,0.0,0.0,0,10148.709970180214,9.225101879858515,below_median,12884.130129618063,2012,0
2016,SP,3542503,0.44404238821400877,0.5559576117859912,0.0,0.0,0,10148.709970180214,9.225101879858515,below_median,12884.130129618063,2012,0
2012,SP,3542602,0.03891247861081184,0.5417643703656759,0.41932315102351225,0.0,0,22221.502447642535,10.008815677813306,above_or_equal_median,12884.130129618063,2012,0
2016,SP,3542602,0.0,0.9108399044596407,0.08916009554035925,0.0,0,22221.502447642535,10.008815677813306,above_or_equal_median,12884.130129618063,2012,0
2012,SP,3542701,0.6583965932234771,0.34160340677652284,0.0,0.0,0,18065.73675619528,9.801772426375646,above_or_equal_median,12884.130129618063,2012,0
2016,SP,3542701,0.0,1.0,0.0,0.0,0,18065.73675619528,9.801772426375646,above_or_equal_median,12884.130129618063,2012,0
2012,SP,3542800,0.0,0.5664808917197452,0.43351910828025475,0.0,0,7766.786570743406,8.957611789059655,below_median,12884.130129618063,2012,0
2016,SP,3542800,0.0,1.0,0.0,0.0,0,7766.786570743406,8.957611789059655,below_median,12884.130129618063,2012,0
2012,SP,3542909,0.0,1.0,0.0,0.0,0,16182.233088834555,9.69166919646838,above_or_equal_median,12884.130129618063,2012,0
2016,SP,3542909,0.05236564079007809,0.9476343592099219,0.0,0.0,0,16182.233088834555,9.69166919646838,above_or_equal_median,12884.130129618063,2012,0
2012,SP,3543006,0.36251306909989545,0.0,0.6374869309001046,0.0,0,10304.567388620806,9.24034251171756,below_median,12884.130129618063,2012,0
2016,SP,3543006,0.09100147819660015,0.4847560975609756,0.42424242424242425,0.0,0,10304.567388620806,9.24034251171756,below_median,12884.130129618063,2012,0
2012,SP,3543105,0.0,0.276500447894894,0.723499552105106,0.0,0,17815.601200092315,9.787829824318255,above_or_equal_median,12884.130129618063,2012,0
2016,SP,3543105,0.0,0.5574644549763034,0.4425355450236967,0.0,0,17815.601200092315,9.787829824318255,above_or_equal_median,12884.130129618063,2012,0
2012,SP,3543253,0.5130780894617134,0.4869219105382866,0.0,0.0,0,31499.932678066514,10.357740687607203,above_or_equal_median,12884.130129618063,2012,0
2016,SP,3543253,0.24567752312022517,0.7543224768797748,0.0,0.0,0,31499.932678066514,10.357740687607203,above_or_equal_median,12884.130129618063,2012,0
2012,SP,3543303,0.0,0.5831279036692898,0.41687209633071015,0.0,0,19345.703517807644,9.870225633379926,above_or_equal_median,12884.130129618063,2012,0
2016,SP,3543303,0.31639588433685434,0.601718854325384,0.08188526133776172,0.0,0,19345.703517807644,9.870225633379926,above_or_equal_median,12884.130129618063,2012,0
2012,SP,3543501,0.4801082543978349,0.3445196211096076,0.1753721244925575,0.0,0,6518.808255659121,8.782446855339506,below_median,12884.130129618063,2012,0
2016,SP,3543501,0.25894094815636265,0.7410590518436374,0.0,0.0,0,6518.808255659121,8.782446855339506,below_median,12884.130129618063,2012,0
2012,SP,3543709,0.0,0.4906573239906573,0.5093426760093427,0.0,0,15463.795914452863,9.646256823339417,above_or_equal_median,12884.130129618063,2012,0
2016,SP,3543709,0.3802239219598714,0.06994789934597051,0.5498281786941581,0.0,0,15463.795914452863,9.646256823339417,above_or_equal_median,12884.130129618063,2012,0
2012,SP,3543808,0.0,1.0,0.0,0.0,0,13053.50460200263,9.476811928574834,above_or_equal_median,12884.130129618063,2012,0
2016,SP,3543808,0.0,1.0,0.0,0.0,0,13053.50460200263,9.476811928574834,above_or_equal_median,12884.130129618063,2012,0
2012,SP,3543907,0.0,1.0,0.0,0.0,0,38333.35802769649,10.554075762877847,above_or_equal_median,12884.130129618063,2012,0
2016,SP,3543907,0.6057416065048925,0.3547371434023471,0.039521250092760446,0.0,0,38333.35802769649,10.554075762877847,above_or_equal_median,12884.130129618063,2012,0
2012,SP,3544004,0.0,1.0,0.0,0.0,0,29015.423065539806,10.27558279744344,above_or_equal_median,12884.130129618063,2012,0
2016,SP,3544004,0.1952250535841867,0.8047749464158133,0.0,0.0,0,29015.423065539806,10.27558279744344,above_or_equal_median,12884.130129618063,2012,0
2012,SP,3544103,0.012928501469147894,0.6060333006856023,0.3810381978452498,0.0,0,10041.120540276359,9.214443994615303,below_median,12884.130129618063,2012,0
2016,SP,3544103,0.10648775083097378,0.5584143789240429,0.3350978702449834,0.0,0,10041.120540276359,9.214443994615303,below_median,12884.130129618063,2012,0
2012,SP,3544202,0.0,0.7984927328189485,0.2015072671810515,0.0,0,12416.26838235294,9.426762858036106,below_median,12884.130129618063,2012,0
2016,SP,3544202,0.49210754553339114,0.5078924544666088,0.0,0.0,0,12416.26838235294,9.426762858036106,below_median,12884.130129618063,2012,0
2012,SP,3544251,0.21460760139443924,0.6834452852648585,0.10194711334070232,0.0,0,54421.551089129745,10.904515514120138,above_or_equal_median,12884.130129618063,2012,0
2016,SP,3544251,0.5527209323667064,0.44727906763329356,0.0,0.0,0,54421.551089129745,10.904515514120138,above_or_equal_median,12884.130129618063,2012,0
2012,SP,3544301,0.0,0.6570924261874198,0.34290757381258025,0.0,0,20215.29628870207,9.914194838841171,above_or_equal_median,12884.130129618063,2012,0
2016,SP,3544301,0.5006667654467328,0.49933323455326717,0.0,0.0,0,20215.29628870207,9.914194838841171,above_or_equal_median,12884.130129618063,2012,0
2012,SP,3544509,0.2923076923076923,0.602262443438914,0.10542986425339367,0.0,0,14990.344827586207,9.615161594673701,above_or_equal_median,12884.130129618063,2012,0
2016,SP,3544509,1.0,0.0,0.0,0.0,0,14990.344827586207,9.615161594673701,above_or_equal_median,12884.130129618063,2012,0
2012,SP,3544608,0.9355314960629921,0.06446850393700787,0.0,0.0,0,14739.064282997337,9.598256682249144,above_or_equal_median,12884.130129618063,2012,0
2016,SP,3544608,0.8461339539694854,0.0,0.1538660460305146,0.0,0,14739.064282997337,9.598256682249144,above_or_equal_median,12884.130129618063,2012,0
2012,SP,3544707,1.0,0.0,0.0,0.0,0,13804.520719966513,9.532751405903301,above_or_equal_median,12884.130129618063,2012,0
2016,SP,3544707,0.4941113490364026,0.5058886509635975,0.0,0.0,0,13804.520719966513,9.532751405903301,above_or_equal_median,12884.130129618063,2012,0
2012,SP,3544806,0.0,0.4962962962962963,0.5037037037037037,0.0,0,14560.866451843896,9.586092829035296,above_or_equal_median,12884.130129618063,2012,0
2016,SP,3544806,0.4355725555821181,0.564427444417882,0.0,0.0,0,14560.866451843896,9.586092829035296,above_or_equal_median,12884.130129618063,2012,0
2012,SP,3545001,0.46601593982269185,0.4015402525297752,0.1324438076475329,0.0,0,9217.841799342936,9.1288962109877,below_median,12884.130129618063,2012,0
2016,SP,3545001,0.658335144533797,0.341664855466203,0.0,0.0,0,9217.841799342936,9.1288962109877,below_median,12884.130129618063,2012,0
2012,SP,3545100,0.46803303762618537,0.5319669623738146,0.0,0.0,0,12682.851874615857,9.44800611394978,below_median,12884.130129618063,2012,0
2016,SP,3545100,0.0,1.0,0.0,0.0,0,12682.851874615857,9.44800611394978,below_median,12884.130129618063,2012,0
2012,SP,3545159,0.0,1.0,0.0,0.0,0,20891.58620689655,9.947101783065602,above_or_equal_median,12884.130129618063,2012,0
2016,SP,3545159,0.0,1.0,0.0,0.0,0,20891.58620689655,9.947101783065602,above_or_equal_median,12884.130129618063,2012,0
2012,SP,3545209,0.0,0.4015142767596457,0.5984857232403543,0.0,0,40840.36430686707,10.61742619258326,above_or_equal_median,12884.130129618063,2012,0
2016,SP,3545209,0.6986394445088908,0.3013605554911092,0.0,0.0,0,40840.36430686707,10.61742619258326,above_or_equal_median,12884.130129618063,2012,0
2012,SP,3545506,0.43346508563899866,0.5665349143610013,0.0,0.0,0,81701.74050632911,11.310830584248215,above_or_equal_median,12884.130129618063,2012,0
2016,SP,3545506,0.1354723707664884,0.8645276292335116,0.0,0.0,0,81701.74050632911,11.310830584248215,above_or_equal_median,12884.130129618063,2012,0
2012,SP,3545605,1.0,0.0,0.0,0.0,0,15909.725582359853,9.67468587305988,above_or_equal_median,12884.130129618063,2012,0
2016,SP,3545605,0.6509226108510052,0.3490773891489948,0.0,0.0,0,15909.725582359853,9.67468587305988,above_or_equal_median,12884.130129618063,2012,0
2012,SP,3545704,0.0,1.0,0.0,0.0,0,17344.1852367688,9.761012584346593,above_or_equal_median,12884.130129618063,2012,0
2016,SP,3545704,0.0,1.0,0.0,0.0,0,17344.1852367688,9.761012584346593,above_or_equal_median,12884.130129618063,2012,0
2012,SP,3546009,0.14349972572682393,0.5117937465715853,0.34470652770159077,0.0,0,14520.71773438063,9.583331717899595,above_or_equal_median,12884.130129618063,2012,0
2016,SP,3546009,0.44687465304762963,0.538025979793494,0.01509936715887643,0.0,0,14520.71773438063,9.583331717899595,above_or_equal_median,12884.130129618063,2012,0
2012,SP,3546108,0.5434900054024852,0.45650999459751485,0.0,0.0,0,19241.94324194324,9.864847719220531,above_or_equal_median,12884.130129618063,2012,0
2016,SP,3546108,0.0,1.0,0.0,0.0,0,19241.94324194324,9.864847719220531,above_or_equal_median,12884.130129618063,2012,0
2012,SP,3546207,0.30879775674728355,0.6912022432527164,0.0,0.0,0,28711.831124202257,10.265064551095263,above_or_equal_median,12884.130129618063,2012,0
2016,SP,3546207,0.5325077399380805,0.4674922600619195,0.0,0.0,0,28711.831124202257,10.265064551095263,above_or_equal_median,12884.130129618063,2012,0
2012,SP,3546256,0.0,1.0,0.0,0.0,0,15708.649468892261,9.661966761220311,above_or_equal_median,12884.130129618063,2012,0
2016,SP,3546256,0.0,1.0,0.0,0.0,0,15708.649468892261,9.661966761220311,above_or_equal_median,12884.130129618063,2012,0
2012,SP,3546405,0.0,0.5255465684311684,0.4744534315688316,0.0,0,28094.80563380282,10.243339985344857,above_or_equal_median,12884.130129618063,2012,0
2016,SP,3546405,0.0,1.0,0.0,0.0,0,28094.80563380282,10.243339985344857,above_or_equal_median,12884.130129618063,2012,0
2012,SP,3546504,0.0,1.0,0.0,0.0,0,11199.747383616022,9.323646501994533,below_median,12884.130129618063,2012,0
2016,SP,3546504,0.0,1.0,0.0,0.0,0,11199.747383616022,9.323646501994533,below_median,12884.130129618063,2012,0
2012,SP,3546603,0.0,1.0,0.0,0.0,0,24586.96165390712,10.109971567344532,above_or_equal_median,12884.130129618063,2012,0
2016,SP,3546603,0.6771854515923197,0.32281454840768026,0.0,0.0,0,24586.96165390712,10.109971567344532,above_or_equal_median,12884.130129618063,2012,0
2012,SP,3546801,0.15202748215007408,0.5183214333827294,0.32965108446719654,0.0,0,22792.507820545205,10.034187156578236,above_or_equal_median,12884.130129618063,2012,0
2016,SP,3546801,1.0,0.0,0.0,0.0,0,22792.507820545205,10.034187156578236,above_or_equal_median,12884.130129618063,2012,0
2012,SP,3546900,0.0,0.5140112089671738,0.4859887910328263,0.0,0,11332.20991815118,9.335404385147982,below_median,12884.130129618063,2012,0
2016,SP,3546900,0.7567383145684067,0.24326168543159332,0.0,0.0,0,11332.20991815118,9.335404385147982,below_median,12884.130129618063,2012,0
2012,SP,3547106,0.0,0.5599088838268793,0.44009111617312074,0.0,0,18245.416078984486,9.811669153706953,above_or_equal_median,12884.130129618063,2012,0
2016,SP,3547106,0.3231401186672752,0.6768598813327248,0.0,0.0,0,18245.416078984486,9.811669153706953,above_or_equal_median,12884.130129618063,2012,0
2012,SP,3547205,0.0,0.6427536231884058,0.3572463768115942,0.0,0,13627.573300062382,9.51985046775812,above_or_equal_median,12884.130129618063,2012,0
2016,SP,3547205,0.0,1.0,0.0,0.0,0,13627.573300062382,9.51985046775812,above_or_equal_median,12884.130129618063,2012,0
2012,SP,3547304,0.4059350503919373,0.5730910081414001,0.02097394146666263,0.0,0,54511.290534907195,10.906163124973583,above_or_equal_median,12884.130129618063,2012,0
2016,SP,3547304,0.363456024538241,0.636543975461759,0.0,0.0,0,54511.290534907195,10.906163124973583,above_or_equal_median,12884.130129618063,2012,0
2012,SP,3547403,0.0,1.0,0.0,0.0,0,15778.262594208647,9.666388486577045,above_or_equal_median,12884.130129618063,2012,0
2016,SP,3547403,0.24105011933174225,0.7589498806682577,0.0,0.0,0,15778.262594208647,9.666388486577045,above_or_equal_median,12884.130129618063,2012,0
2012,SP,3547601,0.0,1.0,0.0,0.0,0,27333.814849973172,10.215879853885546,above_or_equal_median,12884.130129618063,2012,0
2016,SP,3547601,0.5847044700233034,0.3955229150483723,0.019772614928324272,0.0,0,27333.814849973172,10.215879853885546,above_or_equal_median,12884.130129618063,2012,0
2012,SP,3547650,0.0,1.0,0.0,0.0,0,12106.995884773663,9.401538736802971,below_median,12884.130129618063,2012,0
2016,SP,3547650,0.654776299879081,0.34522370012091896,0.0,0.0,0,12106.995884773663,9.401538736802971,below_median,12884.130129618063,2012,0
2012,SP,3547809,0.005229402515290288,0.5542505762256326,0.4405200212590771,0.0,0,35037.66076508899,10.464178783834662,above_or_equal_median,12884.130129618063,2012,0
2016,SP,3547809,0.0,0.7638818074392212,0.23611819256077884,0.0,0,35037.66076508899,10.464178783834662,above_or_equal_median,12884.130129618063,2012,0
2012,SP,3548005,0.4114189080367209,0.5885810919632791,0.0,0.0,0,25209.728033472802,10.134985232082235,above_or_equal_median,12884.130129618063,2012,0
2016,SP,3548005,1.0,0.0,0.0,0.0,0,25209.728033472802,10.134985232082235,above_or_equal_median,12884.130129618063,2012,0
2012,SP,3548054,0.008935219657483246,0.4640729709605361,0.5269918093819806,0.0,0,23433.523021210553,10.061922883886385,above_or_equal_median,12884.130129618063,2012,0
2016,SP,3548054,0.53047363717605,0.46952636282394994,0.0,0.0,0,23433.523021210553,10.061922883886385,above_or_equal_median,12884.130129618063,2012,0
2012,SP,3548203,0.1515214241357897,0.2502587456013248,0.5982198302628855,0.0,0,9929.032258064517,9.20321829590177,below_median,12884.130129618063,2012,0
2016,SP,3548203,0.6058165548098434,0.3941834451901566,0.0,0.0,0,9929.032258064517,9.20321829590177,below_median,12884.130129618063,2012,0
2012,SP,3548302,0.0,1.0,0.0,0.0,0,8262.214411247804,9.019447919114505,below_median,12884.130129618063,2012,0
2016,SP,3548302,0.0,1.0,0.0,0.0,0,8262.214411247804,9.019447919114505,below_median,12884.130129618063,2012,0
2012,SP,3548401,0.7012893982808023,0.0,0.2987106017191977,0.0,0,11729.698642742122,9.369879250161668,below_median,12884.130129618063,2012,0
2016,SP,3548401,0.0,1.0,0.0,0.0,0,11729.698642742122,9.369879250161668,below_median,12884.130129618063,2012,0
2012,SP,3548500,0.042025039086085354,0.7769833939117674,0.18099156700214725,0.0,0,40156.45807813848,10.600538555210704,above_or_equal_median,12884.130129618063,2012,0
2016,SP,3548500,0.03092271578187071,0.8849268689057421,0.08415041531238715,0.0,0,40156.45807813848,10.600538555210704,above_or_equal_median,12884.130129618063,2012,0
2012,SP,3548609,0.43941229930324144,0.5605877006967586,0.0,0.0,0,13200.743848941445,9.48802845917927,above_or_equal_median,12884.130129618063,2012,0
2016,SP,3548609,0.36088318663285096,0.639116813367149,0.0,0.0,0,13200.743848941445,9.48802845917927,above_or_equal_median,12884.130129618063,2012,0
2012,SP,3548708,0.019665693283657235,0.30944517168462393,0.6708891350317189,0.0,0,58460.98522879495,10.976114891564535,above_or_equal_median,12884.130129618063,2012,0
2016,SP,3548708,0.0,0.7536052092844954,0.2463947907155046,0.0,0,58460.98522879495,10.976114891564535,above_or_equal_median,12884.130129618063,2012,0
2012,SP,3548807,0.0,0.9815766568574626,0.018423343142537407,0.0,0,100204.27780506911,11.514966159386956,above_or_equal_median,12884.130129618063,2012,0
2016,SP,3548807,0.3227164169513671,0.6676662418472149,0.009617341201417969,0.0,0,100204.27780506911,11.514966159386956,above_or_equal_median,12884.130129618063,2012,0
2012,SP,3548906,0.01438393556503232,0.5361457698728549,0.4494702945621128,0.0,0,36084.45047321957,10.493617316714223,above_or_equal_median,12884.130129618063,2012,0
2016,SP,3548906,0.0,0.9009860112687003,0.09901398873129978,0.0,0,36084.45047321957,10.493617316714223,above_or_equal_median,12884.130129618063,2012,0
2012,SP,3549003,1.0,0.0,0.0,0.0,0,10486.525332375135,9.257846410330304,below_median,12884.130129618063,2012,0
2016,SP,3549003,0.546031746031746,0.45396825396825397,0.0,0.0,0,10486.525332375135,9.257846410330304,below_median,12884.130129618063,2012,0
2012,SP,3549102,0.19731114998169466,0.8026888500183054,0.0,0.0,0,25080.558970963775,10.129848282016987,above_or_equal_median,12884.130129618063,2012,0
2016,SP,3549102,0.0,1.0,0.0,0.0,0,25080.558970963775,10.129848282016987,above_or_equal_median,12884.130129618063,2012,0
2012,SP,3549201,0.6225716928769658,0.3774283071230342,0.0,0.0,0,11183.385579937303,9.322184525548284,below_median,12884.130129618063,2012,0
2016,SP,3549201,0.6468899521531101,0.0,0.35311004784688993,0.0,0,11183.385579937303,9.322184525548284,below_median,12884.130129618063,2012,0
2012,SP,3549300,0.0,1.0,0.0,0.0,0,18065.965583173995,9.801785092647307,above_or_equal_median,12884.130129618063,2012,0
2016,SP,3549300,0.0,1.0,0.0,0.0,0,18065.965583173995,9.801785092647307,above_or_equal_median,12884.130129618063,2012,0
2012,SP,3549409,0.0,0.5144992633583672,0.48550073664163285,0.0,0,24217.898256306078,10.094847236145444,above_or_equal_median,12884.130129618063,2012,0
2016,SP,3549409,0.011385779238146182,0.9513620907041608,0.03725213005769304,0.0,0,24217.898256306078,10.094847236145444,above_or_equal_median,12884.130129618063,2012,0
2012,SP,3549508,0.0,1.0,0.0,0.0,0,12235.572374645222,9.412102756527144,below_median,12884.130129618063,2012,0
2016,SP,3549508,0.0,1.0,0.0,0.0,0,12235.572374645222,9.412102756527144,below_median,12884.130129618063,2012,0
2012,SP,3549607,0.0,1.0,0.0,0.0,0,8798.4267453294,9.082328205543597,below_median,12884.130129618063,2012,0
2016,SP,3549607,0.0,0.9762303314362236,0.023769668563776363,0.0,0,8798.4267453294,9.082328205543597,below_median,12884.130129618063,2012,0
2012,SP,3549706,0.0,0.6678591084204734,0.3321408915795267,0.0,0,26263.8761116222,10.17594974212881,above_or_equal_median,12884.130129618063,2012,0
2016,SP,3549706,0.13312850031113876,0.8668714996888612,0.0,0.0,0,26263.8761116222,10.17594974212881,above_or_equal_median,12884.130129618063,2012,0
2012,SP,3549805,0.0,0.6884747956313308,0.3115252043686692,0.0,0,29979.397213356457,10.308265665162141,above_or_equal_median,12884.130129618063,2012,0
2016,SP,3549805,0.018437852912028395,0.8719214547465948,0.10964069234137684,0.0,0,29979.397213356457,10.308265665162141,above_or_equal_median,12884.130129618063,2012,0
2012,SP,3549904,0.010445837598811025,0.47007397254865463,0.5194801898525343,0.0,0,41306.129710396,10.628766187074012,above_or_equal_median,12884.130129618063,2012,0
2016,SP,3549904,0.12474030151950183,0.646495452265081,0.22876424621541724,0.0,0,41306.129710396,10.628766187074012,above_or_equal_median,12884.130129618063,2012,0
2012,SP,3549953,0.05848557968516604,0.941514420314834,0.0,0.0,0,12885.963064391546,9.463893863358265,above_or_equal_median,12884.130129618063,2012,0
2016,SP,3549953,0.0,1.0,0.0,0.0,0,12885.963064391546,9.463893863358265,above_or_equal_median,12884.130129618063,2012,0
2012,SP,3550100,0.5598301706957802,0.4401698293042197,0.0,0.0,0,22251.463199875692,10.01016304722434,above_or_equal_median,12884.130129618063,2012,0
2016,SP,3550100,0.22915843540102726,0.7708415645989727,0.0,0.0,0,22251.463199875692,10.01016304722434,above_or_equal_median,12884.130129618063,2012,0
2012,SP,3550209,0.0,1.0,0.0,0.0,0,13327.363783321183,9.497574627922207,above_or_equal_median,12884.130129618063,2012,0
2016,SP,3550209,0.4595383837816589,0.5404616162183411,0.0,0.0,0,13327.363783321183,9.497574627922207,above_or_equal_median,12884.130129618063,2012,0
2012,SP,3550308,0.2213331566769033,0.476325889995149,0.3023409533279477,0.0,0,47366.79630314103,10.765676762284716,above_or_equal_median,12884.130129618063,2012,0
2016,SP,3550308,0.141228392727946,0.6589536832385964,0.19981792403345763,0.0,0,47366.79630314103,10.765676762284716,above_or_equal_median,12884.130129618063,2012,0
2012,SP,3550506,0.3847472150814053,0.28320479862896314,0.33204798628963156,0.0,0,16610.904071773635,9.717814630492379,above_or_equal_median,12884.130129618063,2012,0
2016,SP,3550506,1.0,0.0,0.0,0.0,0,16610.904071773635,9.717814630492379,above_or_equal_median,12884.130129618063,2012,0
2012,SP,3550704,0.3647481181239143,0.5737348002316155,0.06151708164447018,0.0,0,59604.238709001365,10.995481969803132,above_or_equal_median,12884.130129618063,2012,0
2016,SP,3550704,0.0,1.0,0.0,0.0,0,59604.238709001365,10.995481969803132,above_or_equal_median,12884.130129618063,2012,0
2012,SP,3550902,0.6203937960620394,0.24793752062479374,0.13166868331316686,0.0,0,22100.844407530454,10.003371095261459,above_or_equal_median,12884.130129618063,2012,0
2016,SP,3550902,1.0,0.0,0.0,0.0,0,22100.844407530454,10.003371095261459,above_or_equal_median,12884.130129618063,2012,0
2012,SP,3551108,0.15955056179775282,0.8404494382022472,0.0,0.0,0,11975.24967433782,9.390597271693316,below_median,12884.130129618063,2012,0
2016,SP,3551108,0.0,1.0,0.0,0.0,0,11975.24967433782,9.390597271693316,below_median,12884.130129618063,2012,0
2012,SP,3551207,0.0,1.0,0.0,0.0,0,8561.16504854369,9.054991563676339,below_median,12884.130129618063,2012,0
2016,SP,3551207,0.0,1.0,0.0,0.0,0,8561.16504854369,9.054991563676339,below_median,12884.130129618063,2012,0
2012,SP,3551306,0.4888384411653424,0.5111615588346576,0.0,0.0,0,63565.8615136876,11.059831836563637,above_or_equal_median,12884.130129618063,2012,0
2016,SP,3551306,0.019390581717451522,0.9806094182825484,0.0,0.0,0,63565.8615136876,11.059831836563637,above_or_equal_median,12884.130129618063,2012,0
2012,SP,3551405,0.0,0.47132521616375506,0.5286747838362449,0.0,0,9743.999323867478,9.184406920560049,below_median,12884.130129618063,2012,0
2016,SP,3551405,0.0,1.0,0.0,0.0,0,9743.999323867478,9.184406920560049,below_median,12884.130129618063,2012,0
2012,SP,3551504,0.39980199653493936,0.44711657454005443,0.15308142892500617,0.0,0,12791.593431426707,9.456543470974514,below_median,12884.130129618063,2012,0
2016,SP,3551504,0.029172099087353326,0.9607643415906127,0.010063559322033898,0.0,0,12791.593431426707,9.456543470974514,below_median,12884.130129618063,2012,0
2012,SP,3551603,0.5221205186880244,0.4778794813119756,0.0,0.0,0,17574.48636533433,9.774203490950764,above_or_equal_median,12884.130129618063,2012,0
2016,SP,3551603,0.5450935178068153,0.4382526261849859,0.01665385600819882,0.0,0,17574.48636533433,9.774203490950764,above_or_equal_median,12884.130129618063,2012,0
2012,SP,3551702,0.0,0.9120397199555187,0.08796028004448134,0.0,0,37316.92778533999,10.527202330708315,above_or_equal_median,12884.130129618063,2012,0
2016,SP,3551702,0.019484758700346508,0.9805152412996535,0.0,0.0,0,37316.92778533999,10.527202330708315,above_or_equal_median,12884.130129618063,2012,0
2012,SP,3551801,0.3087843833185448,0.495500063379389,0.19571555330206616,0.0,0,17695.22406574663,9.781050055358145,above_or_equal_median,12884.130129618063,2012,0
2016,SP,3551801,0.2638305641774694,0.7361694358225306,0.0,0.0,0,17695.22406574663,9.781050055358145,above_or_equal_median,12884.130129618063,2012,0
2012,SP,3551900,0.5865398472402363,0.41346015275976367,0.0,0.0,0,15330.250823410184,9.637583333337371,above_or_equal_median,12884.130129618063,2012,0
2016,SP,3551900,0.22172474206735449,0.7782752579326455,0.0,0.0,0,15330.250823410184,9.637583333337371,above_or_equal_median,12884.130129618063,2012,0
2012,SP,3552007,0.6060122978820315,0.3939877021179686,0.0,0.0,0,7245.089666951324,8.888079231068993,below_median,12884.130129618063,2012,0
2016,SP,3552007,0.32595010491956167,0.6740498950804383,0.0,0.0,0,7245.089666951324,8.888079231068993,below_median,12884.130129618063,2012,0
2012,SP,3552304,0.0,1.0,0.0,0.0,0,23636.58340048348,10.070550934868834,above_or_equal_median,12884.130129618063,2012,0
2016,SP,3552304,0.0,1.0,0.0,0.0,0,23636.58340048348,10.070550934868834,above_or_equal_median,12884.130129618063,2012,0
2012,SP,3552403,0.0,0.6013293420086918,0.39867065799130813,0.0,0,45404.53284710067,10.723367221492666,above_or_equal_median,12884.130129618063,2012,0
2016,SP,3552403,0.04395576415470664,0.836381691180839,0.1196625446644543,0.0,0,45404.53284710067,10.723367221492666,above_or_equal_median,12884.130129618063,2012,0
2012,SP,3552502,0.05375342824510225,0.5667789409359746,0.3794676308189232,0.0,0,28955.938904937906,10.273530605483257,above_or_equal_median,12884.130129618063,2012,0
2016,SP,3552502,0.565641018298445,0.3502333839237135,0.08412559777784141,0.0,0,28955.938904937906,10.273530605483257,above_or_equal_median,12884.130129618063,2012,0
2012,SP,3552551,0.0,1.0,0.0,0.0,0,23970.054707745465,10.084560609768149,above_or_equal_median,12884.130129618063,2012,0
2016,SP,3552551,0.0,0.6223107569721116,0.3776892430278884,0.0,0,23970.054707745465,10.084560609768149,above_or_equal_median,12884.130129618063,2012,0
2012,SP,3552601,0.0,1.0,0.0,0.0,0,16388.777729447585,9.704352094792812,above_or_equal_median,12884.130129618063,2012,0
2016,SP,3552601,0.0,1.0,0.0,0.0,0,16388.777729447585,9.704352094792812,above_or_equal_median,12884.130129618063,2012,0
2012,SP,3552700,0.41678927578878533,0.5832107242112147,0.0,0.0,0,10308.371812888978,9.240711641444689,below_median,12884.130129618063,2012,0
2016,SP,3552700,0.7326158940397351,0.2673841059602649,0.0,0.0,0,10308.371812888978,9.240711641444689,below_median,12884.130129618063,2012,0
2012,SP,3552809,0.0,0.9477335185130463,0.052266481486953696,0.0,0,25574.97774315602,10.14936972056162,above_or_equal_median,12884.130129618063,2012,0
2016,SP,3552809,0.2559200642284243,0.7221564216500663,0.021923514121509367,0.0,0,25574.97774315602,10.14936972056162,above_or_equal_median,12884.130129618063,2012,0
2012,SP,3553005,0.0,0.2401035322777101,0.7598964677222899,0.0,0,13004.85179957657,9.473077782168192,above_or_equal_median,12884.130129618063,2012,0
2016,SP,3553005,0.0,0.8650278293135436,0.1349721706864564,0.0,0,13004.85179957657,9.473077782168192,above_or_equal_median,12884.130129618063,2012,0
2012,SP,3553104,0.4177997527812114,0.5658838071693448,0.016316440049443756,0.0,0,10072.439353099731,9.21755819600987,below_median,12884.130129618063,2012,0
2016,SP,3553104,0.29175946547884185,0.7082405345211581,0.0,0.0,0,10072.439353099731,9.21755819600987,below_median,12884.130129618063,2012,0
2012,SP,3553203,0.27782764811490124,0.0,0.7221723518850988,0.0,0,13170.619599191028,9.485743839886648,above_or_equal_median,12884.130129618063,2012,0
2016,SP,3553203,0.39349112426035504,0.606508875739645,0.0,0.0,0,13170.619599191028,9.485743839886648,above_or_equal_median,12884.130129618063,2012,0
2012,SP,3553401,0.0,0.48982309301883203,0.510176906981168,0.0,0,19915.475552992546,9.899252374466597,above_or_equal_median,12884.130129618063,2012,0
2016,SP,3553401,0.0,0.45350309979334713,0.5464969002066529,0.0,0,19915.475552992546,9.899252374466597,above_or_equal_median,12884.130129618063,2012,0
2012,SP,3553500,0.0,0.7510279605263158,0.2489720394736842,0.0,0,11276.362260343089,9.330463978389032,below_median,12884.130129618063,2012,0
2016,SP,3553500,0.0,0.9589356798659124,0.041064320134087576,0.0,0,11276.362260343089,9.330463978389032,below_median,12884.130129618063,2012,0
2012,SP,3553609,0.0,0.9766629227505303,0.023337077249469613,0.0,0,17500.196741953256,9.769967402245738,above_or_equal_median,12884.130129618063,2012,0
2016,SP,3553609,0.1095213319458897,0.8904786680541104,0.0,0.0,0,17500.196741953256,9.769967402245738,above_or_equal_median,12884.130129618063,2012,0
2012,SP,3553658,0.0,1.0,0.0,0.0,0,8225.155848918224,9.014952523650802,below_median,12884.130129618063,2012,0
2016,SP,3553658,0.1945288753799392,0.8054711246200608,0.0,0.0,0,8225.155848918224,9.014952523650802,below_median,12884.130129618063,2012,0
2012,SP,3553708,0.0,0.503294807659134,0.49670519234086596,0.0,0,17330.84618360692,9.760243209192572,above_or_equal_median,12884.130129618063,2012,0
2016,SP,3553708,0.5761153902049121,0.39216683621566634,0.0317177735794216,0.0,0,17330.84618360692,9.760243209192572,above_or_equal_median,12884.130129618063,2012,0
2012,SP,3553856,0.3218166620228476,0.6781833379771524,0.0,0.0,0,14687.856870955462,9.5947763681883,above_or_equal_median,12884.130129618063,2012,0
2016,SP,3553856,0.0,1.0,0.0,0.0,0,14687.856870955462,9.5947763681883,above_or_equal_median,12884.130129618063,2012,0
2012,SP,3553906,0.0,1.0,0.0,0.0,0,10227.75219135344,9.2328601076617,below_median,12884.130129618063,2012,0
2016,SP,3553906,0.7281659388646288,0.2718340611353712,0.0,0.0,0,10227.75219135344,9.2328601076617,below_median,12884.130129618063,2012,0
2012,SP,3553955,0.4727126805778491,0.5272873194221509,0.0,0.0,0,52781.66401695814,10.873919136975232,above_or_equal_median,12884.130129618063,2012,0
2016,SP,3553955,0.4728623734654318,0.5271376265345682,0.0,0.0,0,52781.66401695814,10.873919136975232,above_or_equal_median,12884.130129618063,2012,0
2012,SP,3554003,0.0,1.0,0.0,0.0,0,27303.45899017592,10.214768676083759,above_or_equal_median,12884.130129618063,2012,0
2016,SP,3554003,0.24332101004464285,0.7566789899553571,0.0,0.0,0,27303.45899017592,10.214768676083759,above_or_equal_median,12884.130129618063,2012,0
2012,SP,3554102,0.12409182832746611,0.6082128679499663,0.2676953037225676,0.0,0,48658.889252868095,10.792589789378832,above_or_equal_median,12884.130129618063,2012,0
2016,SP,3554102,0.01917393156901601,0.9085602981258919,0.07226577030509208,0.0,0,48658.889252868095,10.792589789378832,above_or_equal_median,12884.130129618063,2012,0
2012,SP,3554201,0.0,1.0,0.0,0.0,0,9479.70401691332,9.15690837291707,below_median,12884.130129618063,2012,0
2016,SP,3554201,0.0,1.0,0.0,0.0,0,9479.70401691332,9.15690837291707,below_median,12884.130129618063,2012,0
2012,SP,3554300,0.28979950475277577,0.7102004952472242,0.0,0.0,0,19252.14169946747,9.86537759064251,above_or_equal_median,12884.130129618063,2012,0
2016,SP,3554300,0.39318253220232485,0.6068174677976752,0.0,0.0,0,19252.14169946747,9.86537759064251,above_or_equal_median,12884.130129618063,2012,0
2012,SP,3554508,1.0,0.0,0.0,0.0,0,37698.63596479566,10.537379191476388,above_or_equal_median,12884.130129618063,2012,0
2016,SP,3554508,0.518398629028419,0.4816013709715809,0.0,0.0,0,37698.63596479566,10.537379191476388,above_or_equal_median,12884.130129618063,2012,0
2012,SP,3554607,0.3976303317535545,0.6023696682464454,0.0,0.0,0,10208.807896735003,9.231006145941821,below_median,12884.130129618063,2012,0
2016,SP,3554607,0.2845849802371542,0.7154150197628458,0.0,0.0,0,10208.807896735003,9.231006145941821,below_median,12884.130129618063,2012,0
2012,SP,3554656,0.0,1.0,0.0,0.0,0,7435.4909731395865,8.914019892106024,below_median,12884.130129618063,2012,0
2016,SP,3554656,0.46672661870503596,0.533273381294964,0.0,0.0,0,7435.4909731395865,8.914019892106024,below_median,12884.130129618063,2012,0
2012,SP,3554706,0.7855607309208169,0.2144392690791831,0.0,0.0,0,15538.437001594897,9.65107203981528,above_or_equal_median,12884.130129618063,2012,0
2016,SP,3554706,0.43937232524964337,0.5606276747503567,0.0,0.0,0,15538.437001594897,9.65107203981528,above_or_equal_median,12884.130129618063,2012,0
2012,SP,3554755,1.0,0.0,0.0,0.0,0,18563.416188655196,9.828948051291631,above_or_equal_median,12884.130129618063,2012,0
2016,SP,3554755,0.3803009575923393,0.6196990424076607,0.0,0.0,0,18563.416188655196,9.828948051291631,above_or_equal_median,12884.130129618063,2012,0
2012,SP,3554805,0.0,1.0,0.0,0.0,0,12251.174997017773,9.413377129496924,below_median,12884.130129618063,2012,0
2016,SP,3554805,0.0,0.9687465118874874,0.03125348811251256,0.0,0,12251.174997017773,9.413377129496924,below_median,12884.130129618063,2012,0
2012,SP,3554904,0.0,1.0,0.0,0.0,0,13499.634235552305,9.510417870396688,above_or_equal_median,12884.130129618063,2012,0
2016,SP,3554904,0.40584737363726464,0.5941526263627354,0.0,0.0,0,13499.634235552305,9.510417870396688,above_or_equal_median,12884.130129618063,2012,0
2012,SP,3554953,0.5536011409555502,0.4463988590444497,0.0,0.0,0,15925.139848634419,9.675654262105693,above_or_equal_median,12884.130129618063,2012,0
2016,SP,3554953,0.4523281596452328,0.5476718403547672,0.0,0.0,0,15925.139848634419,9.675654262105693,above_or_equal_median,12884.130129618063,2012,0
2012,SP,3555000,0.0,1.0,0.0,0.0,0,20970.109294780937,9.950853335841417,above_or_equal_median,12884.130129618063,2012,0
2016,SP,3555000,0.0,0.9780845310943503,0.021915468905649636,0.0,0,20970.109294780937,9.950853335841417,above_or_equal_median,12884.130129618063,2012,0
2012,SP,3555109,0.959246225451243,0.040753774548756956,0.0,0.0,0,14431.266472464975,9.57715241454624,above_or_equal_median,12884.130129618063,2012,0
2016,SP,3555109,1.0,0.0,0.0,0.0,0,14431.266472464975,9.57715241454624,above_or_equal_median,12884.130129618063,2012,0
2012,SP,3555208,0.0,1.0,0.0,0.0,0,15950.929752066115,9.677272398179685,above_or_equal_median,12884.130129618063,2012,0
2016,SP,3555208,0.09021601016518424,0.9097839898348158,0.0,0.0,0,15950.929752066115,9.677272398179685,above_or_equal_median,12884.130129618063,2012,0
2012,SP,3555307,0.40130796670630203,0.598692033293698,0.0,0.0,0,16217.1875,9.693826915593709,above_or_equal_median,12884.130129618063,2012,0
2016,SP,3555307,0.0,1.0,0.0,0.0,0,16217.1875,9.693826915593709,above_or_equal_median,12884.130129618063,2012,0
2012,SP,3555356,1.0,0.0,0.0,0.0,0,53882.77380297193,10.894566110323394,above_or_equal_median,12884.130129618063,2012,0
2016,SP,3555356,0.5899728997289972,0.4100271002710027,0.0,0.0,0,53882.77380297193,10.894566110323394,above_or_equal_median,12884.130129618063,2012,0
2012,SP,3555406,0.14291094373061586,0.38210013291980505,0.4749889233495791,0.0,0,14864.262319487867,9.606715108872052,above_or_equal_median,12884.130129618063,2012,0
2016,SP,3555406,0.36409417418645673,0.5084997060252051,0.12740611978833816,0.0,0,14864.262319487867,9.606715108872052,above_or_equal_median,12884.130129618063,2012,0
2012,SP,3555505,0.5030091859360152,0.4969908140639848,0.0,0.0,0,10776.186213070725,9.285093998292671,below_median,12884.130129618063,2012,0
2016,SP,3555505,1.0,0.0,0.0,0.0,0,10776.186213070725,9.285093998292671,below_median,12884.130129618063,2012,0
2012,SP,3555604,0.0,1.0,0.0,0.0,0,23761.665093845026,10.075828850728396,above_or_equal_median,12884.130129618063,2012,0
2016,SP,3555604,0.06878063725490197,0.9312193627450981,0.0,0.0,0,23761.665093845026,10.075828850728396,above_or_equal_median,12884.130129618063,2012,0
2012,SP,3555703,0.41617819460726846,0.5838218053927315,0.0,0.0,0,22556.234718826407,10.023766790921272,above_or_equal_median,12884.130129618063,2012,0
2016,SP,3555703,0.22086570477247502,0.779134295227525,0.0,0.0,0,22556.234718826407,10.023766790921272,above_or_equal_median,12884.130129618063,2012,0
2012,SP,3555802,1.0,0.0,0.0,0.0,0,15833.220185562344,9.669865555154079,above_or_equal_median,12884.130129618063,2012,0
2016,SP,3555802,0.0,1.0,0.0,0.0,0,15833.220185562344,9.669865555154079,above_or_equal_median,12884.130129618063,2012,0
2012,SP,3555901,0.0,1.0,0.0,0.0,0,16095.27687296417,9.686281146005836,above_or_equal_median,12884.130129618063,2012,0
2016,SP,3555901,0.0,1.0,0.0,0.0,0,16095.27687296417,9.686281146005836,above_or_equal_median,12884.130129618063,2012,0
2012,SP,3556008,0.0,1.0,0.0,0.0,0,16198.863636363636,9.692696372856657,above_or_equal_median,12884.130129618063,2012,0
2016,SP,3556008,0.12493290391841116,0.8750670960815888,0.0,0.0,0,16198.863636363636,9.692696372856657,above_or_equal_median,12884.130129618063,2012,0
2012,SP,3556107,0.5383563517024477,0.4616436482975523,0.0,0.0,0,22020.957558751314,9.99974989519637,above_or_equal_median,12884.130129618063,2012,0
2016,SP,3556107,0.0,1.0,0.0,0.0,0,22020.957558751314,9.99974989519637,above_or_equal_median,12884.130129618063,2012,0
2012,SP,3556206,0.0,0.7212161630670839,0.2787838369329161,0.0,0,40954.66980704774,10.620221119581656,above_or_equal_median,12884.130129618063,2012,0
2016,SP,3556206,0.0,1.0,0.0,0.0,0,40954.66980704774,10.620221119581656,above_or_equal_median,12884.130129618063,2012,0
2012,SP,3556305,0.0,1.0,0.0,0.0,0,24752.167723566716,10.116668348952087,above_or_equal_median,12884.130129618063,2012,0
2016,SP,3556305,0.0,1.0,0.0,0.0,0,24752.167723566716,10.116668348952087,above_or_equal_median,12884.130129618063,2012,0
2012,SP,3556354,0.741580824088748,0.25841917591125196,0.0,0.0,0,8348.02247438581,9.029779960381514,below_median,12884.130129618063,2012,0
2016,SP,3556354,0.5832813474734873,0.4167186525265128,0.0,0.0,0,8348.02247438581,9.029779960381514,below_median,12884.130129618063,2012,0
2012,SP,3556404,0.0,1.0,0.0,0.0,0,15278.340131943396,9.634191426711418,above_or_equal_median,12884.130129618063,2012,0
2016,SP,3556404,0.0,1.0,0.0,0.0,0,15278.340131943396,9.634191426711418,above_or_equal_median,12884.130129618063,2012,0
2012,SP,3556453,0.16088749263695268,0.8391125073630473,0.0,0.0,0,28677.38749859724,10.263864199162713,above_or_equal_median,12884.130129618063,2012,0
2016,SP,3556453,0.6267946286908401,0.3732053713091599,0.0,0.0,0,28677.38749859724,10.263864199162713,above_or_equal_median,12884.130129618063,2012,0
2012,SP,3556909,0.178110599078341,0.5329493087557604,0.2889400921658986,0.0,0,36635.54384017758,10.508774191309255,above_or_equal_median,12884.130129618063,2012,0
2016,SP,3556909,0.7502262443438914,0.2497737556561086,0.0,0.0,0,36635.54384017758,10.508774191309255,above_or_equal_median,12884.130129618063,2012,0
2012,SP,3556958,0.0,0.9333810888252149,0.0666189111747851,0.0,0,11097.882083571838,9.314509565813347,below_median,12884.130129618063,2012,0
2016,SP,3556958,0.0,1.0,0.0,0.0,0,11097.882083571838,9.314509565813347,below_median,12884.130129618063,2012,0
2012,SP,3557105,0.0,0.9042566628773525,0.09574333712264747,0.0,0,22654.876305790214,10.028130397178597,above_or_equal_median,12884.130129618063,2012,0
2016,SP,3557105,0.0,0.9834163622273885,0.016583637772611536,0.0,0,22654.876305790214,10.028130397178597,above_or_equal_median,12884.130129618063,2012,0
2012,SP,3557154,0.0,1.0,0.0,0.0,0,26235.171261487052,10.174856204076903,above_or_equal_median,12884.130129618063,2012,0
2016,SP,3557154,0.0,1.0,0.0,0.0,0,26235.171261487052,10.174856204076903,above_or_equal_median,12884.130129618063,2012,0
2012,SP,3557303,0.5720244302100402,0.42797556978995976,0.0,0.0,0,18210.093896713614,9.809731329035301,above_or_equal_median,12884.130129618063,2012,0
2016,SP,3557303,0.4263336781439338,0.5736663218560663,0.0,0.0,0,18210.093896713614,9.809731329035301,above_or_equal_median,12884.130129618063,2012,0
2012,PR,4100202,0.0,0.32557587271431965,0.6744241272856804,0.0,1,13408.056042031523,9.503611002458918,above_or_equal_median,12884.130129618063,2012,0
2016,PR,4100202,0.6854171590640511,0.31458284093594896,0.0,0.0,1,13408.056042031523,9.503611002458918,above_or_equal_median,12884.130129618063,2012,1
2012,PR,4100301,0.6744932432432432,0.0,0.3255067567567568,0.0,1,11428.757859769843,9.343888077197516,below_median,12884.130129618063,2012,0
2016,PR,4100301,0.5068378919279519,0.493162108072048,0.0,0.0,1,11428.757859769843,9.343888077197516,below_median,12884.130129618063,2012,1
2012,PR,4100400,0.4936655742946207,0.2863080489169531,0.22002637678842618,0.0,1,8902.596294259327,9.09409823163478,below_median,12884.130129618063,2012,0
2016,PR,4100400,0.4792805285912391,0.45003670772493676,0.07068276368382413,0.0,1,8902.596294259327,9.09409823163478,below_median,12884.130129618063,2012,1
2012,PR,4100459,0.0,1.0,0.0,0.0,1,12049.23076923077,9.3967561003028,below_median,12884.130129618063,2012,0
2016,PR,4100459,0.0,1.0,0.0,0.0,1,12049.23076923077,9.3967561003028,below_median,12884.130129618063,2012,1
2012,PR,4100608,0.0,0.5589460784313726,0.44105392156862744,0.0,0,14684.485006518906,9.594546773662577,above_or_equal_median,12884.130129618063,2012,0
2016,PR,4100608,0.25147372381788535,0.7485262761821146,0.0,0.0,0,14684.485006518906,9.594546773662577,above_or_equal_median,12884.130129618063,2012,0
2012,PR,4101002,0.43062636562272394,0.5693736343772761,0.0,0.0,0,19100.55229744349,9.857472529713176,above_or_equal_median,12884.130129618063,2012,0
2016,PR,4101002,0.3967274678111588,0.6032725321888412,0.0,0.0,0,19100.55229744349,9.857472529713176,above_or_equal_median,12884.130129618063,2012,0
2012,PR,4101051,0.0,0.3202247191011236,0.6797752808988764,0.0,0,20893.13244569026,9.947175792839714,above_or_equal_median,12884.130129618063,2012,0
2016,PR,4101051,0.5256356815339724,0.4743643184660275,0.0,0.0,0,20893.13244569026,9.947175792839714,above_or_equal_median,12884.130129618063,2012,0
2012,PR,4101408,0.057099266835242767,0.4872084645919564,0.4556922685728009,0.0,1,17406.913162348654,9.764622714477582,above_or_equal_median,12884.130129618063,2012,0
2016,PR,4101408,0.8611430047649119,0.12639933406050863,0.012457661174579483,0.0,1,17406.913162348654,9.764622714477582,above_or_equal_median,12884.130129618063,2012,1
2012,PR,4101655,0.44499645138396027,0.5550035486160397,0.0,0.0,0,21021.908330931103,9.95332042674831,above_or_equal_median,12884.130129618063,2012,0
2016,PR,4101655,0.43730130695867186,0.5626986930413281,0.0,0.0,0,21021.908330931103,9.95332042674831,above_or_equal_median,12884.130129618063,2012,0
2012,PR,4101705,0.11740936132001346,0.8825906386799865,0.0,0.0,0,23671.071189963626,10.072008956657836,above_or_equal_median,12884.130129618063,2012,0
2016,PR,4101705,0.0,1.0,0.0,0.0,0,23671.071189963626,10.072008956657836,above_or_equal_median,12884.130129618063,2012,0
2012,PR,4101804,0.0,0.9931835001752815,0.006816499824718576,0.0,1,46562.387083123096,10.748548350058531,above_or_equal_median,12884.130129618063,2012,0
2016,PR,4101804,0.25132611026465773,0.7413943908357317,0.007279498899610631,0.0,1,46562.387083123096,10.748548350058531,above_or_equal_median,12884.130129618063,2012,1
2012,PR,4102109,0.35125133287336135,0.6487486671266387,0.0,0.0,0,16092.76318435979,9.686124958266227,above_or_equal_median,12884.130129618063,2012,0
2016,PR,4102109,0.48440721649484536,0.5155927835051546,0.0,0.0,0,16092.76318435979,9.686124958266227,above_or_equal_median,12884.130129618063,2012,0
2012,PR,4102208,0.0,0.4667731629392971,0.5332268370607028,0.0,0,20646.48537711647,9.935300384248198,above_or_equal_median,12884.130129618063,2012,0
2016,PR,4102208,0.5354938271604939,0.4645061728395062,0.0,0.0,0,20646.48537711647,9.935300384248198,above_or_equal_median,12884.130129618063,2012,0
2012,PR,4102604,0.407758766728782,0.592241233271218,0.0,0.0,1,16253.164556962025,9.696042910765023,above_or_equal_median,12884.130129618063,2012,0
2016,PR,4102604,0.24037319762510603,0.759626802374894,0.0,0.0,1,16253.164556962025,9.696042910765023,above_or_equal_median,12884.130129618063,2012,1
2012,PR,4103040,0.0,1.0,0.0,0.0,0,18109.662576687115,9.804200918825757,above_or_equal_median,12884.130129618063,2012,0
2016,PR,4103040,0.0,1.0,0.0,0.0,0,18109.662576687115,9.804200918825757,above_or_equal_median,12884.130129618063,2012,0
2012,PR,4103057,0.4788554975706316,0.5211445024293684,0.0,0.0,0,10285.933112075569,9.238532523501698,below_median,12884.130129618063,2012,0
2016,PR,4103057,0.2964509394572025,0.7035490605427975,0.0,0.0,0,10285.933112075569,9.238532523501698,below_median,12884.130129618063,2012,0
2012,PR,4103107,0.6280077716335376,0.3719922283664624,0.0,0.0,1,11989.00709219858,9.391745433266289,below_median,12884.130129618063,2012,0
2016,PR,4103107,0.0,1.0,0.0,0.0,1,11989.00709219858,9.391745433266289,below_median,12884.130129618063,2012,1
2012,PR,4103156,0.0,0.650730411686587,0.34926958831341304,0.0,1,10050.507749866381,9.215378434585775,below_median,12884.130129618063,2012,0
2016,PR,4103156,0.0,1.0,0.0,0.0,1,10050.507749866381,9.215378434585775,below_median,12884.130129618063,2012,1
2012,PR,4103305,0.0,1.0,0.0,0.0,0,17975.52676351263,9.796766487501309,above_or_equal_median,12884.130129618063,2012,0
2016,PR,4103305,0.0,1.0,0.0,0.0,0,17975.52676351263,9.796766487501309,above_or_equal_median,12884.130129618063,2012,0
2012,PR,4103354,0.0,1.0,0.0,0.0,0,21895.182636315512,9.994021920662938,above_or_equal_median,12884.130129618063,2012,0
2016,PR,4103354,0.08806117414898865,0.9119388258510114,0.0,0.0,0,21895.182636315512,9.994021920662938,above_or_equal_median,12884.130129618063,2012,0
2012,PR,4103453,0.513239376468076,0.48676062353192395,0.0,0.0,0,56371.199157562194,10.93971365382367,above_or_equal_median,12884.130129618063,2012,0
2016,PR,4103453,0.437108190091001,0.562891809908999,0.0,0.0,0,56371.199157562194,10.93971365382367,above_or_equal_median,12884.130129618063,2012,0
2012,PR,4103701,0.4569715722297428,0.5430284277702572,0.0,0.0,1,26352.39329143883,10.179314376844562,above_or_equal_median,12884.130129618063,2012,0
2016,PR,4103701,0.17767681728880158,0.8223231827111984,0.0,0.0,1,26352.39329143883,10.179314376844562,above_or_equal_median,12884.130129618063,2012,1
2012,PR,4103800,0.49826474962816064,0.5017352503718394,0.0,0.0,1,16709.523158901487,9.723734084910667,above_or_equal_median,12884.130129618063,2012,0
2016,PR,4103800,0.7157697901516725,0.2842302098483274,0.0,0.0,1,16709.523158901487,9.723734084910667,above_or_equal_median,12884.130129618063,2012,1
2012,PR,4103909,0.9887063655030801,0.011293634496919919,0.0,0.0,1,17510.858802561226,9.770576470482714,above_or_equal_median,12884.130129618063,2012,0
2016,PR,4103909,0.5676491298662106,0.43235087013378937,0.0,0.0,1,17510.858802561226,9.770576470482714,above_or_equal_median,12884.130129618063,2012,1
2012,PR,4103958,0.0,0.4896364254162419,0.510363574583758,0.0,1,17513.513513513513,9.770728062690187,above_or_equal_median,12884.130129618063,2012,0
2016,PR,4103958,0.5562690098006083,0.0,0.44373099019939166,0.0,1,17513.513513513513,9.770728062690187,above_or_equal_median,12884.130129618063,2012,1
2012,PR,4104006,0.33578882750153466,0.6642111724984653,0.0,0.0,1,22576.515074611714,10.024665488972824,above_or_equal_median,12884.130129618063,2012,0
2016,PR,4104006,0.0,1.0,0.0,0.0,1,22576.515074611714,10.024665488972824,above_or_equal_median,12884.130129618063,2012,1
2012,PR,4104055,1.0,0.0,0.0,0.0,1,25202.140032565712,10.134684191821062,above_or_equal_median,12884.130129618063,2012,0
2016,PR,4104055,1.0,0.0,0.0,0.0,1,25202.140032565712,10.134684191821062,above_or_equal_median,12884.130129618063,2012,1
2012,PR,4104253,0.4836447066535562,0.3221894460832514,0.1941658472631924,0.0,1,9973.974052443853,9.207734384583118,below_median,12884.130129618063,2012,0
2016,PR,4104253,0.4787710970464135,0.5212289029535865,0.0,0.0,1,9973.974052443853,9.207734384583118,below_median,12884.130129618063,2012,1
2012,PR,4104303,0.4036914910728647,0.5963085089271353,0.0,0.0,1,25793.86457164235,10.157891935328385,above_or_equal_median,12884.130129618063,2012,0
2016,PR,4104303,0.45764749172083896,0.5142892186925059,0.02806328958665522,0.0,1,25793.86457164235,10.157891935328385,above_or_equal_median,12884.130129618063,2012,1
2012,PR,4104428,0.0,0.6795435510887772,0.32045644891122277,0.0,1,19704.11811440678,9.888582934220429,above_or_equal_median,12884.130129618063,2012,0
2016,PR,4104428,0.37425431711145996,0.62574568288854,0.0,0.0,1,19704.11811440678,9.888582934220429,above_or_equal_median,12884.130129618063,2012,1
2012,PR,4104501,0.0,0.6133421291333389,0.38665787086666115,0.0,0,17298.061389337643,9.758349715787068,above_or_equal_median,12884.130129618063,2012,0
2016,PR,4104501,0.0,1.0,0.0,0.0,0,17298.061389337643,9.758349715787068,above_or_equal_median,12884.130129618063,2012,0
2012,PR,4104600,0.0,1.0,0.0,0.0,0,61806.77290836653,11.031768231427314,above_or_equal_median,12884.130129618063,2012,0
2016,PR,4104600,0.0,1.0,0.0,0.0,0,61806.77290836653,11.031768231427314,above_or_equal_median,12884.130129618063,2012,0
2012,PR,4104808,0.22571993926873585,0.43375563133135875,0.3405244293999054,0.0,1,24670.587470756433,10.113367022403896,above_or_equal_median,12884.130129618063,2012,0
2016,PR,4104808,0.8846636121065173,0.08632995192336262,0.029006435970119985,0.0,1,24670.587470756433,10.113367022403896,above_or_equal_median,12884.130129618063,2012,1
2012,PR,4105003,0.0,1.0,0.0,0.0,0,15861.638312518438,9.67165878824727,above_or_equal_median,12884.130129618063,2012,0
2016,PR,4105003,0.8027364045722203,0.19726359542777971,0.0,0.0,0,15861.638312518438,9.67165878824727,above_or_equal_median,12884.130129618063,2012,0
2012,PR,4105300,0.0,1.0,0.0,0.0,0,29345.47252944879,10.286893555416846,above_or_equal_median,12884.130129618063,2012,0
2016,PR,4105300,1.0,0.0,0.0,0.0,0,29345.47252944879,10.286893555416846,above_or_equal_median,12884.130129618063,2012,0
2012,PR,4105805,0.6812234829797731,0.3187765170202269,0.0,0.0,1,15015.898419355877,9.616864813416337,above_or_equal_median,12884.130129618063,2012,0
2016,PR,4105805,0.41622483132338095,0.583775168676619,0.0,0.0,1,15015.898419355877,9.616864813416337,above_or_equal_median,12884.130129618063,2012,1
2012,PR,4105904,0.928395061728395,0.07160493827160494,0.0,0.0,0,19010.551984039015,9.852749471570078,above_or_equal_median,12884.130129618063,2012,0
2016,PR,4105904,0.7061437539676941,0.29385624603230587,0.0,0.0,0,19010.551984039015,9.852749471570078,above_or_equal_median,12884.130129618063,2012,0
2012,PR,4106209,0.0,1.0,0.0,0.0,1,11826.602013258042,9.378106680992271,below_median,12884.130129618063,2012,0
2016,PR,4106209,0.0,1.0,0.0,0.0,1,11826.602013258042,9.378106680992271,below_median,12884.130129618063,2012,1
2012,PR,4106308,0.5290316947524666,0.4709683052475334,0.0,0.0,0,23939.471596802734,10.08328390688854,above_or_equal_median,12884.130129618063,2012,0
2016,PR,4106308,0.06864429772994483,0.9313557022700552,0.0,0.0,0,23939.471596802734,10.08328390688854,above_or_equal_median,12884.130129618063,2012,0
2012,PR,4106506,0.44227746820974423,0.5577225317902558,0.0,0.0,1,15828.065445756252,9.669539937305728,above_or_equal_median,12884.130129618063,2012,0
2016,PR,4106506,0.0,1.0,0.0,0.0,1,15828.065445756252,9.669539937305728,above_or_equal_median,12884.130129618063,2012,1
2012,PR,4106605,0.1912786657400973,0.8087213342599027,0.0,0.0,0,19875.232319280054,9.897229628474596,above_or_equal_median,12884.130129618063,2012,0
2016,PR,4106605,0.9306160547604232,0.06938394523957685,0.0,0.0,0,19875.232319280054,9.897229628474596,above_or_equal_median,12884.130129618063,2012,0
2012,PR,4106852,0.0,1.0,0.0,0.0,0,20681.20590121873,9.936980639360304,above_or_equal_median,12884.130129618063,2012,0
2016,PR,4106852,0.0,1.0,0.0,0.0,0,20681.20590121873,9.936980639360304,above_or_equal_median,12884.130129618063,2012,0
2012,PR,4107124,0.32717678100263853,0.6728232189973615,0.0,0.0,1,9800.745412844037,9.190213724301161,below_median,12884.130129618063,2012,0
2016,PR,4107124,0.43169398907103823,0.5683060109289617,0.0,0.0,1,9800.745412844037,9.190213724301161,below_median,12884.130129618063,2012,1
2012,PR,4107157,0.4270928462709285,0.5729071537290715,0.0,0.0,0,13136.633663366336,9.483160069213774,above_or_equal_median,12884.130129618063,2012,0
2016,PR,4107157,0.5140158439975625,0.48598415600243755,0.0,0.0,0,13136.633663366336,9.483160069213774,above_or_equal_median,12884.130129618063,2012,0
2012,PR,4107504,0.7569311246730601,0.24306887532693985,0.0,0.0,0,20022.62247838617,9.90461803721677,above_or_equal_median,12884.130129618063,2012,0
2016,PR,4107504,0.155032560265052,0.844967439734948,0.0,0.0,0,20022.62247838617,9.90461803721677,above_or_equal_median,12884.130129618063,2012,0
2012,PR,4107538,0.5198686371100164,0.4801313628899836,0.0,0.0,0,27198.65571321882,10.210922828754635,above_or_equal_median,12884.130129618063,2012,0
2016,PR,4107538,0.6316306483300589,0.0,0.36836935166994106,0.0,0,27198.65571321882,10.210922828754635,above_or_equal_median,12884.130129618063,2012,0
2012,PR,4107546,0.0,1.0,0.0,0.0,0,14196.936542669584,9.560781483883181,above_or_equal_median,12884.130129618063,2012,0
2016,PR,4107546,0.0,1.0,0.0,0.0,0,14196.936542669584,9.560781483883181,above_or_equal_median,12884.130129618063,2012,0
2012,PR,4107553,0.40639082343301924,0.5936091765669808,0.0,0.0,1,25028.251912889937,10.127760542310126,above_or_equal_median,12884.130129618063,2012,0
2016,PR,4107553,0.0,1.0,0.0,0.0,1,25028.251912889937,10.127760542310126,above_or_equal_median,12884.130129618063,2012,1
2012,PR,4107603,0.3706315789473684,0.6293684210526316,0.0,0.0,0,16716.09524389501,9.72412732131988,above_or_equal_median,12884.130129618063,2012,0
2016,PR,4107603,0.05425531914893617,0.9457446808510638,0.0,0.0,0,16716.09524389501,9.72412732131988,above_or_equal_median,12884.130129618063,2012,0
2012,PR,4107652,0.0,1.0,0.0,0.0,1,11457.628321934828,9.346411016140316,below_median,12884.130129618063,2012,0
2016,PR,4107652,0.3100691121743753,0.6777246145667198,0.012206273258904839,0.0,1,11457.628321934828,9.346411016140316,below_median,12884.130129618063,2012,1
2012,PR,4107702,0.4182177100958827,0.5817822899041173,0.0,0.0,0,18330.474796067767,9.816320243175193,above_or_equal_median,12884.130129618063,2012,0
2016,PR,4107702,0.019389791844881665,0.9806102081551183,0.0,0.0,0,18330.474796067767,9.816320243175193,above_or_equal_median,12884.130129618063,2012,0
2012,PR,4107801,0.4685714285714286,0.5314285714285715,0.0,0.0,0,24987.637088733798,10.126136465086104,above_or_equal_median,12884.130129618063,2012,0
2016,PR,4107801,0.0,1.0,0.0,0.0,0,24987.637088733798,10.126136465086104,above_or_equal_median,12884.130129618063,2012,0
2012,PR,4108007,0.5831675783192442,0.41683242168075585,0.0,0.0,1,12160.075839653304,9.405913392314304,below_median,12884.130129618063,2012,0
2016,PR,4108007,0.0,1.0,0.0,0.0,1,12160.075839653304,9.405913392314304,below_median,12884.130129618063,2012,1
2012,PR,4108205,0.0,0.49914529914529915,0.5008547008547009,0.0,0,18114.29736341397,9.80445681502042,above_or_equal_median,12884.130129618063,2012,0
2016,PR,4108205,0.0,1.0,0.0,0.0,0,18114.29736341397,9.80445681502042,above_or_equal_median,12884.130129618063,2012,0
2012,PR,4108304,0.0,0.5404555607722623,0.4595444392277377,0.0,1,32142.05100931495,10.37792045210654,above_or_equal_median,12884.130129618063,2012,0
2016,PR,4108304,0.6630428908986408,0.3266114175955355,0.01034569150582375,0.0,1,32142.05100931495,10.37792045210654,above_or_equal_median,12884.130129618063,2012,1
2012,PR,4108452,1.0,0.0,0.0,0.0,1,12882.29719484458,9.463609337392228,below_median,12884.130129618063,2012,0
2016,PR,4108452,0.4921941527107579,0.5078058472892422,0.0,0.0,1,12882.29719484458,9.463609337392228,below_median,12884.130129618063,2012,1
2012,PR,4108601,0.6464585834333734,0.35354141656662663,0.0,0.0,0,17991.00594991006,9.797627242552482,above_or_equal_median,12884.130129618063,2012,0
2016,PR,4108601,0.34513692162417375,0.6548630783758262,0.0,0.0,0,17991.00594991006,9.797627242552482,above_or_equal_median,12884.130129618063,2012,0
2012,PR,4108700,0.42016433488785254,0.5798356651121475,0.0,0.0,0,12527.182354768562,9.435656150676738,below_median,12884.130129618063,2012,0
2016,PR,4108700,0.9494172494172494,0.05058275058275058,0.0,0.0,0,12527.182354768562,9.435656150676738,below_median,12884.130129618063,2012,0
2012,PR,4109302,0.0,1.0,0.0,0.0,1,15157.397617537183,9.626243983348585,above_or_equal_median,12884.130129618063,2012,0
2016,PR,4109302,0.41654450261780107,0.5834554973821989,0.0,0.0,1,15157.397617537183,9.626243983348585,above_or_equal_median,12884.130129618063,2012,1
2012,PR,4109401,0.14046042257962787,0.5426048565121413,0.3169347209082308,0.0,1,20323.98435469005,9.919556962918504,above_or_equal_median,12884.130129618063,2012,0
2016,PR,4109401,0.0,0.660718356857137,0.3392816431428631,0.0,1,20323.98435469005,9.919556962918504,above_or_equal_median,12884.130129618063,2012,1
2012,PR,4109658,0.548457614768035,0.45154238523196505,0.0,0.0,1,17995.871322896954,9.797897639618594,above_or_equal_median,12884.130129618063,2012,0
2016,PR,4109658,0.0,1.0,0.0,0.0,1,17995.871322896954,9.797897639618594,above_or_equal_median,12884.130129618063,2012,1
2012,PR,4109757,0.42062714355707986,0.5793728564429201,0.0,0.0,0,13692.42125984252,9.52459776603645,above_or_equal_median,12884.130129618063,2012,0
2016,PR,4109757,0.1489805375347544,0.8510194624652456,0.0,0.0,0,13692.42125984252,9.52459776603645,above_or_equal_median,12884.130129618063,2012,0
2012,PR,4110003,0.5131756756756757,0.4868243243243243,0.0,0.0,0,28230.940594059404,10.248173839646045,above_or_equal_median,12884.130129618063,2012,0
2016,PR,4110003,0.0,1.0,0.0,0.0,0,28230.940594059404,10.248173839646045,above_or_equal_median,12884.130129618063,2012,0
2012,PR,4110052,0.4974271012006861,0.0,0.5025728987993139,0.0,0,22926.49036306589,10.040048305396136,above_or_equal_median,12884.130129618063,2012,0
2016,PR,4110052,0.5238095238095238,0.47619047619047616,0.0,0.0,0,22926.49036306589,10.040048305396136,above_or_equal_median,12884.130129618063,2012,0
2012,PR,4110656,0.0,1.0,0.0,0.0,0,17666.137985725614,9.779404978082091,above_or_equal_median,12884.130129618063,2012,0
2016,PR,4110656,0.0,1.0,0.0,0.0,0,17666.137985725614,9.779404978082091,above_or_equal_median,12884.130129618063,2012,0
2012,PR,4110904,0.0,1.0,0.0,0.0,0,12856.324371970031,9.461591138272821,below_median,12884.130129618063,2012,0
2016,PR,4110904,0.0,1.0,0.0,0.0,0,12856.324371970031,9.461591138272821,below_median,12884.130129618063,2012,0
2012,PR,4110953,0.5533565124364803,0.4466434875635197,0.0,0.0,0,20515.12236828043,9.928917569678406,above_or_equal_median,12884.130129618063,2012,0
2016,PR,4110953,0.0,1.0,0.0,0.0,0,20515.12236828043,9.928917569678406,above_or_equal_median,12884.130129618063,2012,0
2012,PR,4111100,0.39526276831976315,0.02936096718480138,0.5753762644954354,0.0,0,19077.38592679258,9.856258929682804,above_or_equal_median,12884.130129618063,2012,0
2016,PR,4111100,1.0,0.0,0.0,0.0,0,19077.38592679258,9.856258929682804,above_or_equal_median,12884.130129618063,2012,0
2012,PR,4111258,0.41300203773088806,0.5869979622691119,0.0,0.0,1,16078.826354128514,9.685258552141878,above_or_equal_median,12884.130129618063,2012,0
2016,PR,4111258,0.4767723203484152,0.5232276796515848,0.0,0.0,1,16078.826354128514,9.685258552141878,above_or_equal_median,12884.130129618063,2012,1
2012,PR,4111506,0.0,0.5875636558563387,0.4124363441436612,0.0,0,14813.153584477763,9.603270820750659,above_or_equal_median,12884.130129618063,2012,0
2016,PR,4111506,0.24310047434238896,0.7568995256576111,0.0,0.0,0,14813.153584477763,9.603270820750659,above_or_equal_median,12884.130129618063,2012,0
2012,PR,4112207,0.0,1.0,0.0,0.0,1,16082.724674499841,9.685500973310369,above_or_equal_median,12884.130129618063,2012,0
2016,PR,4112207,0.0,1.0,0.0,0.0,1,16082.724674499841,9.685500973310369,above_or_equal_median,12884.130129618063,2012,1
2012,PR,4112504,0.0,1.0,0.0,0.0,0,12198.33347083574,9.409054620639447,below_median,12884.130129618063,2012,0
2016,PR,4112504,0.2593575418994413,0.7406424581005586,0.0,0.0,0,12198.33347083574,9.409054620639447,below_median,12884.130129618063,2012,0
2012,PR,4112751,0.5361616836479038,0.4638383163520962,0.0,0.0,0,17724.876070301936,9.782724359573455,above_or_equal_median,12884.130129618063,2012,0
2016,PR,4112751,0.4712570056044836,0.5287429943955164,0.0,0.0,0,17724.876070301936,9.782724359573455,above_or_equal_median,12884.130129618063,2012,0
2012,PR,4112959,0.0,1.0,0.0,0.0,0,26625.346901017576,10.189618932073047,above_or_equal_median,12884.130129618063,2012,0
2016,PR,4112959,0.5341687879381242,0.46583121206187583,0.0,0.0,0,26625.346901017576,10.189618932073047,above_or_equal_median,12884.130129618063,2012,0
2012,PR,4113205,0.14969265157865325,0.38600167644593464,0.4643056719754121,0.0,1,21757.488860457936,9.987713292677231,above_or_equal_median,12884.130129618063,2012,0
2016,PR,4113205,0.06943353096649761,0.6344024573183799,0.2961640117151225,0.0,1,21757.488860457936,9.987713292677231,above_or_equal_median,12884.130129618063,2012,1
2012,PR,4113429,1.0,0.0,0.0,0.0,0,13692.807063100494,9.524625942048237,above_or_equal_median,12884.130129618063,2012,0
2016,PR,4113429,1.0,0.0,0.0,0.0,0,13692.807063100494,9.524625942048237,above_or_equal_median,12884.130129618063,2012,0
2012,PR,4113452,1.0,0.0,0.0,0.0,1,20320.015293442935,9.9193616543222,above_or_equal_median,12884.130129618063,2012,0
2016,PR,4113452,1.0,0.0,0.0,0.0,1,20320.015293442935,9.9193616543222,above_or_equal_median,12884.130129618063,2012,1
2012,PR,4113734,0.0,1.0,0.0,0.0,1,27651.469376544905,10.227434147547351,above_or_equal_median,12884.130129618063,2012,0
2016,PR,4113734,0.0,1.0,0.0,0.0,1,27651.469376544905,10.227434147547351,above_or_equal_median,12884.130129618063,2012,1
2012,PR,4114302,0.18682701720039155,0.8131729827996085,0.0,0.0,1,19073.886683822566,9.856075489250003,above_or_equal_median,12884.130129618063,2012,0
2016,PR,4114302,0.8033526322875993,0.1966473677124007,0.0,0.0,1,19073.886683822566,9.856075489250003,above_or_equal_median,12884.130129618063,2012,1
2012,PR,4114609,0.08105547563072389,0.8913996982350257,0.027544826134250324,0.0,0,26143.572971046397,10.171358663799527,above_or_equal_median,12884.130129618063,2012,0
2016,PR,4114609,0.5723176747111597,0.41169265402059124,0.01598967126824908,0.0,0,26143.572971046397,10.171358663799527,above_or_equal_median,12884.130129618063,2012,0
2012,PR,4114807,0.4244728988158275,0.5755271011841725,0.0,0.0,0,22178.700194138855,10.00688765657845,above_or_equal_median,12884.130129618063,2012,0
2016,PR,4114807,0.699239882215983,0.30076011778401696,0.0,0.0,0,22178.700194138855,10.00688765657845,above_or_equal_median,12884.130129618063,2012,0
2012,PR,4115101,0.0,0.6517106842737095,0.3482893157262905,0.0,0,11424.025846876835,9.343473947083531,below_median,12884.130129618063,2012,0
2016,PR,4115101,1.0,0.0,0.0,0.0,0,11424.025846876835,9.343473947083531,below_median,12884.130129618063,2012,0
2012,PR,4115358,0.0,1.0,0.0,0.0,0,30176.335337813936,10.314813298103873,above_or_equal_median,12884.130129618063,2012,0
2016,PR,4115358,0.0,1.0,0.0,0.0,0,30176.335337813936,10.314813298103873,above_or_equal_median,12884.130129618063,2012,0
2012,PR,4115606,0.5739348370927319,0.42606516290726815,0.0,0.0,0,23178.45777233782,10.050978581994315,above_or_equal_median,12884.130129618063,2012,0
2016,PR,4115606,0.6142400639105252,0.38575993608947473,0.0,0.0,0,23178.45777233782,10.050978581994315,above_or_equal_median,12884.130129618063,2012,0
2012,PR,4115739,0.4943574808882417,0.044048052420822714,0.46159446669093557,0.0,0,11573.735199138859,9.356493602931229,below_median,12884.130129618063,2012,0
2016,PR,4115739,0.6060825488776249,0.3939174511223751,0.0,0.0,0,11573.735199138859,9.356493602931229,below_median,12884.130129618063,2012,0
2012,PR,4115804,0.0,0.6145549318364074,0.38544506816359264,0.0,0,24382.767562470533,10.101631914331353,above_or_equal_median,12884.130129618063,2012,0
2016,PR,4115804,0.14158747258666463,0.8584125274133354,0.0,0.0,0,24382.767562470533,10.101631914331353,above_or_equal_median,12884.130129618063,2012,0
2012,PR,4115853,0.4335846113854952,0.5664153886145048,0.0,0.0,0,20994.523762957167,9.952016909505803,above_or_equal_median,12884.130129618063,2012,0
2016,PR,4115853,0.0,1.0,0.0,0.0,0,20994.523762957167,9.952016909505803,above_or_equal_median,12884.130129618063,2012,0
2012,PR,4115903,0.5171102661596958,0.4828897338403042,0.0,0.0,0,23284.658843980877,10.055550003987731,above_or_equal_median,12884.130129618063,2012,0
2016,PR,4115903,1.0,0.0,0.0,0.0,0,23284.658843980877,10.055550003987731,above_or_equal_median,12884.130129618063,2012,0
2012,PR,4116000,0.0,1.0,0.0,0.0,1,14590.90909090909,9.588153948753837,above_or_equal_median,12884.130129618063,2012,0
2016,PR,4116000,0.0,1.0,0.0,0.0,1,14590.90909090909,9.588153948753837,above_or_equal_median,12884.130129618063,2012,1
2012,PR,4116059,1.0,0.0,0.0,0.0,0,20833.69907451579,9.944327102479043,above_or_equal_median,12884.130129618063,2012,0
2016,PR,4116059,0.5415695415695416,0.45843045843045843,0.0,0.0,0,20833.69907451579,9.944327102479043,above_or_equal_median,12884.130129618063,2012,0
2012,PR,4116109,0.47821656050955413,0.5217834394904458,0.0,0.0,0,11701.209257627934,9.367447470797865,below_median,12884.130129618063,2012,0
2016,PR,4116109,0.0,1.0,0.0,0.0,0,11701.209257627934,9.367447470797865,below_median,12884.130129618063,2012,0
2012,PR,4116703,0.0,1.0,0.0,0.0,0,24358.423866183824,10.100633018013996,above_or_equal_median,12884.130129618063,2012,0
2016,PR,4116703,0.03349514563106796,0.9665048543689321,0.0,0.0,0,24358.423866183824,10.100633018013996,above_or_equal_median,12884.130129618063,2012,0
2012,PR,4116802,0.0,1.0,0.0,0.0,1,16505.81560283688,9.711468058566956,above_or_equal_median,12884.130129618063,2012,0
2016,PR,4116802,0.4575188697503387,0.5424811302496613,0.0,0.0,1,16505.81560283688,9.711468058566956,above_or_equal_median,12884.130129618063,2012,1
2012,PR,4116901,0.6303558460421206,0.3696441539578795,0.0,0.0,0,16402.37018206288,9.705181126666321,above_or_equal_median,12884.130129618063,2012,0
2016,PR,4116901,0.05783096707054189,0.9421690329294581,0.0,0.0,0,16402.37018206288,9.705181126666321,above_or_equal_median,12884.130129618063,2012,0
2012,PR,4117008,0.0,1.0,0.0,0.0,0,14272.279665189562,9.566074450002633,above_or_equal_median,12884.130129618063,2012,0
2016,PR,4117008,0.2038863109048724,0.7961136890951276,0.0,0.0,0,14272.279665189562,9.566074450002633,above_or_equal_median,12884.130129618063,2012,0
2012,PR,4117222,0.5504507628294036,0.4495492371705964,0.0,0.0,0,22650.740067514933,10.027947804439863,above_or_equal_median,12884.130129618063,2012,0
2016,PR,4117222,0.46251301631377995,0.53748698368622,0.0,0.0,0,22650.740067514933,10.027947804439863,above_or_equal_median,12884.130129618063,2012,0
2012,PR,4117297,0.0,1.0,0.0,0.0,1,14313.253012048193,9.56894117110813,above_or_equal_median,12884.130129618063,2012,0
2016,PR,4117297,0.605709557302441,0.394290442697559,0.0,0.0,1,14313.253012048193,9.56894117110813,above_or_equal_median,12884.130129618063,2012,1
2012,PR,4117453,1.0,0.0,0.0,0.0,1,16409.53545232274,9.705617874867027,above_or_equal_median,12884.130129618063,2012,0
2016,PR,4117453,0.5814013395157136,0.41859866048428646,0.0,0.0,1,16409.53545232274,9.705617874867027,above_or_equal_median,12884.130129618063,2012,1
2012,PR,4117909,0.0,1.0,0.0,0.0,0,34812.313291899874,10.457726433406421,above_or_equal_median,12884.130129618063,2012,0
2016,PR,4117909,1.0,0.0,0.0,0.0,0,34812.313291899874,10.457726433406421,above_or_equal_median,12884.130129618063,2012,0
2012,PR,4118006,0.0,0.0,1.0,0.0,0,12674.476363937412,9.44734551509613,below_median,12884.130129618063,2012,0
2016,PR,4118006,0.1714994775339603,0.3667711598746082,0.46172936259143155,0.0,0,12674.476363937412,9.44734551509613,below_median,12884.130129618063,2012,0
2012,PR,4118204,0.07472845940285422,0.681786079586966,0.24348546101017973,0.0,1,37479.642265464856,10.531553191628708,above_or_equal_median,12884.130129618063,2012,0
2016,PR,4118204,0.5155574879752167,0.44021576673279167,0.04422674529199163,0.0,1,37479.642265464856,10.531553191628708,above_or_equal_median,12884.130129618063,2012,1
2012,PR,4118451,0.5395051875498803,0.4604948124501197,0.0,0.0,0,16209.75906053857,9.693368750988077,above_or_equal_median,12884.130129618063,2012,0
2016,PR,4118451,0.3906790945406125,0.6093209054593874,0.0,0.0,0,16209.75906053857,9.693368750988077,above_or_equal_median,12884.130129618063,2012,0
2012,PR,4118808,0.0,0.43721726372417163,0.5627827362758283,0.0,0,14059.728838402345,9.55106987914755,above_or_equal_median,12884.130129618063,2012,0
2016,PR,4118808,0.46684053651266766,0.2496274217585693,0.28353204172876306,0.0,0,14059.728838402345,9.55106987914755,above_or_equal_median,12884.130129618063,2012,0
2012,PR,4119004,1.0,0.0,0.0,0.0,0,12612.55995203837,9.442448418033193,below_median,12884.130129618063,2012,0
2016,PR,4119004,1.0,0.0,0.0,0.0,0,12612.55995203837,9.442448418033193,below_median,12884.130129618063,2012,0
2012,PR,4119152,0.008644758648491273,0.053690072711527835,0.9376651686399808,0.0,1,37731.426800358524,10.538248628314339,above_or_equal_median,12884.130129618063,2012,0
2016,PR,4119152,0.1642107422475982,0.8357892577524018,0.0,0.0,1,37731.426800358524,10.538248628314339,above_or_equal_median,12884.130129618063,2012,1
2012,PR,4119509,0.10657918884198936,0.8832125160579923,0.010208295100018352,0.0,1,9723.60788561074,9.182312010230815,below_median,12884.130129618063,2012,0
2016,PR,4119509,0.3527338079767747,0.6316213912121841,0.01564480081104122,0.0,1,9723.60788561074,9.182312010230815,below_median,12884.130129618063,2012,1
2012,PR,4119608,0.542219155123971,0.457780844876029,0.0,0.0,0,15593.835531226674,9.654630956887331,above_or_equal_median,12884.130129618063,2012,0
2016,PR,4119608,0.2915323762086141,0.7084676237913858,0.0,0.0,0,15593.835531226674,9.654630956887331,above_or_equal_median,12884.130129618063,2012,0
2012,PR,4119657,0.40898876404494383,0.5910112359550562,0.0,0.0,0,20785.664578983993,9.942018825146425,above_or_equal_median,12884.130129618063,2012,0
2016,PR,4119657,0.4366737739872068,0.5633262260127931,0.0,0.0,0,20785.664578983993,9.942018825146425,above_or_equal_median,12884.130129618063,2012,0
2012,PR,4119806,0.0,1.0,0.0,0.0,0,12797.114252061248,9.456974975432534,below_median,12884.130129618063,2012,0
2016,PR,4119806,0.0,0.3987435750999429,0.6012564249000572,0.0,0,12797.114252061248,9.456974975432534,below_median,12884.130129618063,2012,0
2012,PR,4119905,0.0,0.6345227480470831,0.3654772519529169,0.0,1,28196.345233330918,10.246947646872252,above_or_equal_median,12884.130129618063,2012,0
2016,PR,4119905,0.17232984917095093,0.758361422264592,0.06930872856445701,0.0,1,28196.345233330918,10.246947646872252,above_or_equal_median,12884.130129618063,2012,1
2012,PR,4120002,0.0,1.0,0.0,0.0,1,34571.982201808525,10.450798870057186,above_or_equal_median,12884.130129618063,2012,0
2016,PR,4120002,1.0,0.0,0.0,0.0,1,34571.982201808525,10.450798870057186,above_or_equal_median,12884.130129618063,2012,1
2012,PR,4120333,0.5296566077003122,0.4703433922996878,0.0,0.0,1,21536.094334196147,9.97748561273743,above_or_equal_median,12884.130129618063,2012,0
2016,PR,4120333,0.6191512513601741,0.3808487486398259,0.0,0.0,1,21536.094334196147,9.97748561273743,above_or_equal_median,12884.130129618063,2012,1
2012,PR,4120408,1.0,0.0,0.0,0.0,0,14823.553633930409,9.603972656470997,above_or_equal_median,12884.130129618063,2012,0
2016,PR,4120408,1.0,0.0,0.0,0.0,0,14823.553633930409,9.603972656470997,above_or_equal_median,12884.130129618063,2012,0
2012,PR,4120507,0.0,1.0,0.0,0.0,0,18827.06489675516,9.843050735723347,above_or_equal_median,12884.130129618063,2012,0
2016,PR,4120507,0.5254343542898083,0.47456564571019166,0.0,0.0,0,18827.06489675516,9.843050735723347,above_or_equal_median,12884.130129618063,2012,0
2012,PR,4120655,0.0,1.0,0.0,0.0,0,26454.01337792642,10.183163160291105,above_or_equal_median,12884.130129618063,2012,0
2016,PR,4120655,0.0,1.0,0.0,0.0,0,26454.01337792642,10.183163160291105,above_or_equal_median,12884.130129618063,2012,0
2012,PR,4120804,0.8109651627641348,0.18903483723586523,0.0,0.0,1,43278.89656524082,10.675420417937517,above_or_equal_median,12884.130129618063,2012,0
2016,PR,4120804,0.39965052421367947,0.6003494757863205,0.0,0.0,1,43278.89656524082,10.675420417937517,above_or_equal_median,12884.130129618063,2012,1
2012,PR,4120853,0.0,0.4724025974025974,0.5275974025974026,0.0,0,22315.129344133788,10.013020173333096,above_or_equal_median,12884.130129618063,2012,0
2016,PR,4120853,0.4947569113441373,0.5052430886558628,0.0,0.0,0,22315.129344133788,10.013020173333096,above_or_equal_median,12884.130129618063,2012,0
2012,PR,4120903,0.9957510891195611,0.004248910880438874,0.0,0.0,0,37181.76555716353,10.523573746892557,above_or_equal_median,12884.130129618063,2012,0
2016,PR,4120903,0.7004320320938127,0.29956796790618734,0.0,0.0,0,37181.76555716353,10.523573746892557,above_or_equal_median,12884.130129618063,2012,0
2012,PR,4121109,0.5234685759745425,0.47653142402545745,0.0,0.0,0,21014.23701624223,9.952955440153527,above_or_equal_median,12884.130129618063,2012,0
2016,PR,4121109,0.6799358803099118,0.3200641196900882,0.0,0.0,0,21014.23701624223,9.952955440153527,above_or_equal_median,12884.130129618063,2012,0
2012,PR,4121257,0.4435965494359655,0.5564034505640345,0.0,0.0,0,13619.161676646707,9.519233026902173,above_or_equal_median,12884.130129618063,2012,0
2016,PR,4121257,1.0,0.0,0.0,0.0,0,13619.161676646707,9.519233026902173,above_or_equal_median,12884.130129618063,2012,0
2012,PR,4121356,1.0,0.0,0.0,0.0,0,25246.52654079088,10.13644386249993,above_or_equal_median,12884.130129618063,2012,0
2016,PR,4121356,0.0,1.0,0.0,0.0,0,25246.52654079088,10.13644386249993,above_or_equal_median,12884.130129618063,2012,0
2012,PR,4121406,0.0,0.0,1.0,0.0,0,19567.191504943243,9.88160953986892,above_or_equal_median,12884.130129618063,2012,0
2016,PR,4121406,0.0,0.661038489469862,0.33896151053013795,0.0,0,19567.191504943243,9.88160953986892,above_or_equal_median,12884.130129618063,2012,0
2012,PR,4122172,0.0,1.0,0.0,0.0,0,15569.642857142857,9.653078326680758,above_or_equal_median,12884.130129618063,2012,0
2016,PR,4122172,0.2125699243172096,0.7874300756827904,0.0,0.0,0,15569.642857142857,9.653078326680758,above_or_equal_median,12884.130129618063,2012,0
2012,PR,4122206,0.5505182650699406,0.4494817349300594,0.0,0.0,1,30794.703060165975,10.335097975605617,above_or_equal_median,12884.130129618063,2012,0
2016,PR,4122206,0.39974323617517,0.6002567638248301,0.0,0.0,1,30794.703060165975,10.335097975605617,above_or_equal_median,12884.130129618063,2012,1
2012,PR,4122602,0.0,0.49692671394799054,0.5030732860520094,0.0,0,21342.16335540839,9.968439895322478,above_or_equal_median,12884.130129618063,2012,0
2016,PR,4122602,1.0,0.0,0.0,0.0,0,21342.16335540839,9.968439895322478,above_or_equal_median,12884.130129618063,2012,0
2012,PR,4122651,0.0,1.0,0.0,0.0,0,9280.250091945569,9.135643774980213,below_median,12884.130129618063,2012,0
2016,PR,4122651,0.5233874938453964,0.47661250615460365,0.0,0.0,0,9280.250091945569,9.135643774980213,below_median,12884.130129618063,2012,0
2012,PR,4122800,0.3143211407315561,0.6856788592684439,0.0,0.0,1,14311.074535621914,9.5687889595722,above_or_equal_median,12884.130129618063,2012,0
2016,PR,4122800,0.0,1.0,0.0,0.0,1,14311.074535621914,9.5687889595722,above_or_equal_median,12884.130129618063,2012,1
2012,PR,4123501,1.0,0.0,0.0,0.0,0,21984.32194508489,9.998084839432899,above_or_equal_median,12884.130129618063,2012,0
2016,PR,4123501,0.4958711093145464,0.5041288906854536,0.0,0.0,0,21984.32194508489,9.998084839432899,above_or_equal_median,12884.130129618063,2012,0
2012,PR,4123600,1.0,0.0,0.0,0.0,0,15425.112612612613,9.643752149402538,above_or_equal_median,12884.130129618063,2012,0
2016,PR,4123600,1.0,0.0,0.0,0.0,0,15425.112612612613,9.643752149402538,above_or_equal_median,12884.130129618063,2012,0
2012,PR,4123808,0.0,0.6428469139338393,0.3571530860661607,0.0,0,13700.23226193152,9.525168065098168,above_or_equal_median,12884.130129618063,2012,0
2016,PR,4123808,0.0,1.0,0.0,0.0,0,13700.23226193152,9.525168065098168,above_or_equal_median,12884.130129618063,2012,0
2012,PR,4123824,0.0,1.0,0.0,0.0,0,20221.052631578947,9.914479550150153,above_or_equal_median,12884.130129618063,2012,0
2016,PR,4123824,0.0,1.0,0.0,0.0,0,20221.052631578947,9.914479550150153,above_or_equal_median,12884.130129618063,2012,0
2012,PR,4123857,0.463939566704675,0.5360604332953249,0.0,0.0,0,8336.285560923243,9.02837301975517,below_median,12884.130129618063,2012,0
2016,PR,4123857,0.0,1.0,0.0,0.0,0,8336.285560923243,9.02837301975517,below_median,12884.130129618063,2012,0
2012,PR,4124020,1.0,0.0,0.0,0.0,1,22550.686532281623,10.023520789357926,above_or_equal_median,12884.130129618063,2012,0
2016,PR,4124020,0.5977378576180972,0.32335329341317365,0.07890884896872921,0.0,1,22550.686532281623,10.023520789357926,above_or_equal_median,12884.130129618063,2012,1
2012,PR,4124053,0.018489208633093526,0.9815107913669064,0.0,0.0,1,15480.084845628093,9.647309628112424,above_or_equal_median,12884.130129618063,2012,0
2016,PR,4124053,0.23150742504903335,0.7684925749509667,0.0,0.0,1,15480.084845628093,9.647309628112424,above_or_equal_median,12884.130129618063,2012,1
2012,PR,4124202,0.44940747493163175,0.5505925250683683,0.0,0.0,0,10564.879852125694,9.26529055773047,below_median,12884.130129618063,2012,0
2016,PR,4124202,0.5337052533705253,0.4662947466294747,0.0,0.0,0,10564.879852125694,9.26529055773047,below_median,12884.130129618063,2012,0
2012,PR,4124608,0.6081049965461662,0.39189500345383377,0.0,0.0,0,24305.823730924945,10.098471260323684,above_or_equal_median,12884.130129618063,2012,0
2016,PR,4124608,0.4197176885752095,0.5802823114247905,0.0,0.0,0,24305.823730924945,10.098471260323684,above_or_equal_median,12884.130129618063,2012,0
2012,PR,4124905,0.0,0.5345222929936305,0.4654777070063694,0.0,0,12895.6492182189,9.464645263555965,above_or_equal_median,12884.130129618063,2012,0
2016,PR,4124905,0.0,0.6426943530007597,0.35730564699924033,0.0,0,12895.6492182189,9.464645263555965,above_or_equal_median,12884.130129618063,2012,0
2012,PR,4125506,0.7334948207635009,0.26511580540037244,0.0013893738361266295,0.0,1,81504.90933377248,11.308418534638967,above_or_equal_median,12884.130129618063,2012,0
2016,PR,4125506,0.5331460333151236,0.4668539666848764,0.0,0.0,1,81504.90933377248,11.308418534638967,above_or_equal_median,12884.130129618063,2012,1
2012,PR,4125704,1.0,0.0,0.0,0.0,0,26099.572600207925,10.169674217705744,above_or_equal_median,12884.130129618063,2012,0
2016,PR,4125704,0.4853109938030755,0.5146890061969245,0.0,0.0,0,26099.572600207925,10.169674217705744,above_or_equal_median,12884.130129618063,2012,0
2012,PR,4125753,0.39443850267379676,0.5229946524064171,0.0825668449197861,0.0,1,15469.95135728856,9.64665479923693,above_or_equal_median,12884.130129618063,2012,0
2016,PR,4125753,0.6060058703996387,0.39399412960036123,0.0,0.0,1,15469.95135728856,9.64665479923693,above_or_equal_median,12884.130129618063,2012,1
2012,PR,4126355,0.0,1.0,0.0,0.0,0,26702.839533348008,10.192525188297223,above_or_equal_median,12884.130129618063,2012,0
2016,PR,4126355,0.21643231320650674,0.7481389578163772,0.035428728977116075,0.0,0,26702.839533348008,10.192525188297223,above_or_equal_median,12884.130129618063,2012,0
2012,PR,4126801,0.0,1.0,0.0,0.0,0,21012.751315611928,9.952884737936218,above_or_equal_median,12884.130129618063,2012,0
2016,PR,4126801,0.3966267105123581,0.6033732894876419,0.0,0.0,0,21012.751315611928,9.952884737936218,above_or_equal_median,12884.130129618063,2012,0
2012,PR,4127601,0.49978840457046125,0.36637748624629707,0.13383410918324165,0.0,1,19034.07029097507,9.853985825542097,above_or_equal_median,12884.130129618063,2012,0
2016,PR,4127601,0.14761021837659663,0.8523897816234034,0.0,0.0,1,19034.07029097507,9.853985825542097,above_or_equal_median,12884.130129618063,2012,1
2012,PR,4127700,0.4557166305742148,0.5442833694257851,0.0,0.0,1,26778.575043672758,10.195357408108519,above_or_equal_median,12884.130129618063,2012,0
2016,PR,4127700,0.5720768963024445,0.3945353289244692,0.03338777477308629,0.0,1,26778.575043672758,10.195357408108519,above_or_equal_median,12884.130129618063,2012,1
2012,PR,4127858,0.5455256978867727,0.45447430211322726,0.0,0.0,0,16127.357293868921,9.6882723197465,above_or_equal_median,12884.130129618063,2012,0
2016,PR,4127858,0.18371712595948156,0.8162828740405185,0.0,0.0,0,16127.357293868921,9.6882723197465,above_or_equal_median,12884.130129618063,2012,0
2012,PR,4127882,0.0,1.0,0.0,0.0,1,12344.05048076923,9.420929483533115,below_median,12884.130129618063,2012,0
2016,PR,4127882,0.3845789971617786,0.6154210028382214,0.0,0.0,1,12344.05048076923,9.420929483533115,below_median,12884.130129618063,2012,1
2012,PR,4127908,0.5657329438047775,0.43426705619522254,0.0,0.0,0,13958.251416676303,9.54382611178601,above_or_equal_median,12884.130129618063,2012,0
2016,PR,4127908,1.0,0.0,0.0,0.0,0,13958.251416676303,9.54382611178601,above_or_equal_median,12884.130129618063,2012,0
2012,PR,4127965,0.8030608991391222,0.0,0.19693910086087787,0.0,1,17500.807161725857,9.77000228237514,above_or_equal_median,12884.130129618063,2012,0
2016,PR,4127965,0.5538271350571752,0.44617286494282477,0.0,0.0,1,17500.807161725857,9.77000228237514,above_or_equal_median,12884.130129618063,2012,1
2012,PR,4128005,0.0,1.0,0.0,0.0,0,25109.101953088495,10.13098568699946,above_or_equal_median,12884.130129618063,2012,0
2016,PR,4128005,0.5596664564501437,0.4403335435498564,0.0,0.0,0,25109.101953088495,10.13098568699946,above_or_equal_median,12884.130129618063,2012,0
2012,PR,4128302,0.985974025974026,0.014025974025974027,0.0,0.0,0,17113.215149073327,9.747606259757717,above_or_equal_median,12884.130129618063,2012,0
2016,PR,4128302,0.5205680705190989,0.4794319294809011,0.0,0.0,0,17113.215149073327,9.747606259757717,above_or_equal_median,12884.130129618063,2012,0
2012,PR,4128559,0.3759239704329461,0.0,0.6240760295670539,0.0,0,14956.82561154323,9.612923037270853,above_or_equal_median,12884.130129618063,2012,0
2016,PR,4128559,0.38375399928901527,0.6162460007109847,0.0,0.0,0,14956.82561154323,9.612923037270853,above_or_equal_median,12884.130129618063,2012,0
2012,SC,4202305,0.5262483248849269,0.4367243488900542,0.03702732622501893,0.0,1,22409.987277353688,10.017261999072977,above_or_equal_median,12884.130129618063,2012,0
2016,SC,4202305,0.47235776717250255,0.4701324467799882,0.05750978604750925,0.0,1,22409.987277353688,10.017261999072977,above_or_equal_median,12884.130129618063,2012,1
2012,SC,4202404,0.3074614642766706,0.3867957566255583,0.3057427790977711,0.0,1,38279.5890415292,10.552672109917028,above_or_equal_median,12884.130129618063,2012,0
2016,SC,4202404,0.3505713764450268,0.5401511507692988,0.1092774727856744,0.0,1,38279.5890415292,10.552672109917028,above_or_equal_median,12884.130129618063,2012,1
2012,SC,4209102,0.4141662078985384,0.5443708115849646,0.04146298051649703,0.0,1,38896.83245367045,10.568668098364896,above_or_equal_median,12884.130129618063,2012,0
2016,SC,4209102,0.30011538247820646,0.631478824210055,0.06840579331173861,0.0,1,38896.83245367045,10.568668098364896,above_or_equal_median,12884.130129618063,2012,1
2012,SC,4211900,0.5826408569095538,0.41735914309044625,0.0,0.0,1,26985.353329872753,10.20304952853281,above_or_equal_median,12884.130129618063,2012,0
2016,SC,4211900,0.7296219237445677,0.2230785330001108,0.047299543255321506,0.0,1,26985.353329872753,10.20304952853281,above_or_equal_median,12884.130129618063,2012,1
2012,SC,4215703,0.5254302397049785,0.4745697602950215,0.0,0.0,1,24539.986228605154,10.108059157083211,above_or_equal_median,12884.130129618063,2012,0
2016,SC,4215703,0.31219343696027635,0.6572711571675303,0.030535405872193437,0.0,1,24539.986228605154,10.108059157083211,above_or_equal_median,12884.130129618063,2012,1
2012,SC,4216602,0.6119313848896076,0.35086687676292505,0.03720173834746736,0.0,1,30152.76990681816,10.314032068808368,above_or_equal_median,12884.130129618063,2012,0
2016,SC,4216602,0.391407271313995,0.5195738967600607,0.08901883192594424,0.0,1,30152.76990681816,10.314032068808368,above_or_equal_median,12884.130129618063,2012,1
2012,RS,4300034,0.0,1.0,0.0,0.0,1,24066.741321388577,10.088586138204752,above_or_equal_median,12884.130129618063,2012,0
2016,RS,4300034,0.24922600619195046,0.6972136222910217,0.05356037151702786,0.0,1,24066.741321388577,10.088586138204752,above_or_equal_median,12884.130129618063,2012,1
2012,RS,4300059,0.4441696113074205,0.5558303886925795,0.0,0.0,1,35978.71767241379,10.49068286685867,above_or_equal_median,12884.130129618063,2012,0
2016,RS,4300059,0.0,1.0,0.0,0.0,1,35978.71767241379,10.49068286685867,above_or_equal_median,12884.130129618063,2012,1
2012,RS,4300455,1.0,0.0,0.0,0.0,1,11214.923931417532,9.325000664177631,below_median,12884.130129618063,2012,0
2016,RS,4300455,1.0,0.0,0.0,0.0,1,11214.923931417532,9.325000664177631,below_median,12884.130129618063,2012,1
2012,RS,4300505,0.4220723058294413,0.5779276941705588,0.0,0.0,1,10743.659773702691,9.282071071069387,below_median,12884.130129618063,2012,0
2016,RS,4300505,0.09785535233497354,0.9021446476650264,0.0,0.0,1,10743.659773702691,9.282071071069387,below_median,12884.130129618063,2012,1
2012,RS,4300604,0.03153093533969314,0.471314688304945,0.4971543763553619,0.0,1,8846.01475883935,9.087722326846432,below_median,12884.130129618063,2012,0
2016,RS,4300604,0.1983862371562078,0.5688204162070376,0.23279334663675463,0.0,1,8846.01475883935,9.087722326846432,below_median,12884.130129618063,2012,1
2012,RS,4300638,0.0,1.0,0.0,0.0,1,9636.363636363636,9.173299100295834,below_median,12884.130129618063,2012,0
2016,RS,4300638,0.4166465621230398,0.5833534378769601,0.0,0.0,1,9636.363636363636,9.173299100295834,below_median,12884.130129618063,2012,1
2012,RS,4300646,0.0,0.0,1.0,0.0,1,8683.994528043775,9.069236900878659,below_median,12884.130129618063,2012,0
2016,RS,4300646,0.4184474487570868,0.5815525512429132,0.0,0.0,1,8683.994528043775,9.069236900878659,below_median,12884.130129618063,2012,1
2012,RS,4300703,0.531809759110562,0.46819024088943795,0.0,0.0,1,18144.987572493785,9.806149634747172,above_or_equal_median,12884.130129618063,2012,0
2016,RS,4300703,0.0,1.0,0.0,0.0,1,18144.987572493785,9.806149634747172,above_or_equal_median,12884.130129618063,2012,1
2012,RS,4300901,0.0,0.5094860932031682,0.4905139067968318,0.0,1,130075.13113236656,11.775867494286896,above_or_equal_median,12884.130129618063,2012,0
2016,RS,4300901,0.0,0.5073891625615764,0.49261083743842365,0.0,1,130075.13113236656,11.775867494286896,above_or_equal_median,12884.130129618063,2012,1
2012,RS,4301008,0.40953215093788775,0.5904678490621122,0.0,0.0,1,37096.222455403986,10.521270422802399,above_or_equal_median,12884.130129618063,2012,0
2016,RS,4301008,0.4680320046979373,0.5319679953020627,0.0,0.0,1,37096.222455403986,10.521270422802399,above_or_equal_median,12884.130129618063,2012,1
2012,RS,4301057,0.23055162659123055,0.7694483734087695,0.0,0.0,1,17073.215826451375,9.745266188581326,above_or_equal_median,12884.130129618063,2012,0
2016,RS,4301057,0.0,0.9633917929507918,0.03660820704920824,0.0,1,17073.215826451375,9.745266188581326,above_or_equal_median,12884.130129618063,2012,1
2012,RS,4301107,0.0,1.0,0.0,0.0,1,10250.751080823624,9.2351062580599,below_median,12884.130129618063,2012,0
2016,RS,4301107,0.23016258189759767,0.745692793011405,0.02414462509099733,0.0,1,10250.751080823624,9.2351062580599,below_median,12884.130129618063,2012,1
2012,RS,4301404,0.0,1.0,0.0,0.0,1,14024.363992172212,9.548551381210924,above_or_equal_median,12884.130129618063,2012,0
2016,RS,4301404,0.3337449285588287,0.6662550714411712,0.0,0.0,1,14024.363992172212,9.548551381210924,above_or_equal_median,12884.130129618063,2012,1
2012,RS,4301552,0.0,0.4678834678834679,0.5321165321165321,0.0,1,15158.590308370043,9.626322667298215,above_or_equal_median,12884.130129618063,2012,0
2016,RS,4301552,0.5550256786500367,0.0,0.44497432134996334,0.0,1,15158.590308370043,9.626322667298215,above_or_equal_median,12884.130129618063,2012,1
2012,RS,4301636,0.0,1.0,0.0,0.0,1,11171.840647260575,9.321151663381224,below_median,12884.130129618063,2012,0
2016,RS,4301636,0.0,1.0,0.0,0.0,1,11171.840647260575,9.321151663381224,below_median,12884.130129618063,2012,1
2012,RS,4301651,0.5850673194614443,0.0,0.4149326805385557,0.0,1,23740.203694113585,10.074925248333825,above_or_equal_median,12884.130129618063,2012,0
2016,RS,4301651,0.4892485549132948,0.5107514450867052,0.0,0.0,1,23740.203694113585,10.074925248333825,above_or_equal_median,12884.130129618063,2012,1
2012,RS,4301800,0.5170824295010846,0.4829175704989154,0.0,0.0,1,22596.392333709133,10.025545541266144,above_or_equal_median,12884.130129618063,2012,0
2016,RS,4301800,0.44950026301946344,0.5504997369805366,0.0,0.0,1,22596.392333709133,10.025545541266144,above_or_equal_median,12884.130129618063,2012,1
2012,RS,4301909,0.3061023622047244,0.5669291338582677,0.12696850393700787,0.0,1,15763.759659359723,9.66546889202763,above_or_equal_median,12884.130129618063,2012,0
2016,RS,4301909,0.46077405857740583,0.4905857740585774,0.04864016736401674,0.0,1,15763.759659359723,9.66546889202763,above_or_equal_median,12884.130129618063,2012,1
2012,RS,4302006,0.0,1.0,0.0,0.0,1,9670.570218899198,9.176842554537059,below_median,12884.130129618063,2012,0
2016,RS,4302006,0.0,1.0,0.0,0.0,1,9670.570218899198,9.176842554537059,below_median,12884.130129618063,2012,1
2012,RS,4302204,0.0,0.4222351346116599,0.5777648653883402,0.0,1,16699.832648714437,9.723153977319573,above_or_equal_median,12884.130129618063,2012,0
2016,RS,4302204,0.0,0.47100690810131884,0.5289930918986812,0.0,1,16699.832648714437,9.723153977319573,above_or_equal_median,12884.130129618063,2012,1
2012,RS,4302220,0.45174752217005737,0.5482524778299426,0.0,0.0,1,30287.648748461223,10.31849527632894,above_or_equal_median,12884.130129618063,2012,0
2016,RS,4302220,0.43442169341449915,0.5655783065855008,0.0,0.0,1,30287.648748461223,10.31849527632894,above_or_equal_median,12884.130129618063,2012,1
2012,RS,4302238,0.569835111542192,0.4301648884578079,0.0,0.0,1,30829.5872496935,10.336230132846804,above_or_equal_median,12884.130129618063,2012,0
2016,RS,4302238,0.5301701908200103,0.4698298091799897,0.0,0.0,1,30829.5872496935,10.336230132846804,above_or_equal_median,12884.130129618063,2012,1
2012,RS,4302303,0.5473267326732674,0.4526732673267327,0.0,0.0,1,18711.402359108783,9.836888368843567,above_or_equal_median,12884.130129618063,2012,0
2016,RS,4302303,0.5250905328504915,0.47490946714950855,0.0,0.0,1,18711.402359108783,9.836888368843567,above_or_equal_median,12884.130129618063,2012,1
2012,RS,4302402,0.0,1.0,0.0,0.0,1,15266.758811333793,9.633433117092839,above_or_equal_median,12884.130129618063,2012,0
2016,RS,4302402,0.0,1.0,0.0,0.0,1,15266.758811333793,9.633433117092839,above_or_equal_median,12884.130129618063,2012,1
2012,RS,4302451,0.0,1.0,0.0,0.0,1,10897.660436544242,9.29630340632987,below_median,12884.130129618063,2012,0
2016,RS,4302451,0.0,1.0,0.0,0.0,1,10897.660436544242,9.29630340632987,below_median,12884.130129618063,2012,1
2012,RS,4302501,0.5276949296974861,0.0,0.47230507030251384,0.0,1,18185.102917221975,9.80835801686188,above_or_equal_median,12884.130129618063,2012,0
2016,RS,4302501,0.4800676491906258,0.5199323508093743,0.0,0.0,1,18185.102917221975,9.80835801686188,above_or_equal_median,12884.130129618063,2012,1
2012,RS,4302600,0.40502183406113534,0.5949781659388647,0.0,0.0,1,13635.61190738699,9.520440171968865,above_or_equal_median,12884.130129618063,2012,0
2016,RS,4302600,0.42514285714285716,0.5748571428571428,0.0,0.0,1,13635.61190738699,9.520440171968865,above_or_equal_median,12884.130129618063,2012,1
2012,RS,4302659,0.0,0.5367137711277362,0.4632862288722638,0.0,1,13276.978417266188,9.493786868321498,above_or_equal_median,12884.130129618063,2012,0
2016,RS,4302659,0.6349583828775267,0.36504161712247324,0.0,0.0,1,13276.978417266188,9.493786868321498,above_or_equal_median,12884.130129618063,2012,1
2012,RS,4303202,0.0,1.0,0.0,0.0,1,14143.354495187385,9.557000145769473,above_or_equal_median,12884.130129618063,2012,0
2016,RS,4303202,1.0,0.0,0.0,0.0,1,14143.354495187385,9.557000145769473,above_or_equal_median,12884.130129618063,2012,1
2012,RS,4303301,0.4628555647611157,0.5371444352388843,0.0,0.0,1,15442.002442002442,9.644846507009044,above_or_equal_median,12884.130129618063,2012,0
2016,RS,4303301,0.4051580698835274,0.5948419301164726,0.0,0.0,1,15442.002442002442,9.644846507009044,above_or_equal_median,12884.130129618063,2012,1
2012,RS,4303400,0.0,1.0,0.0,0.0,1,11334.734734734735,9.335627160350608,below_median,12884.130129618063,2012,0
2016,RS,4303400,0.10170394036208733,0.8982960596379127,0.0,0.0,1,11334.734734734735,9.335627160350608,below_median,12884.130129618063,2012,1
2012,RS,4303558,0.0,0.4796269023073147,0.5203730976926854,0.0,1,29675.872650556194,10.298089625972409,above_or_equal_median,12884.130129618063,2012,0
2016,RS,4303558,0.5169651272384543,0.4830348727615457,0.0,0.0,1,29675.872650556194,10.298089625972409,above_or_equal_median,12884.130129618063,2012,1
2012,RS,4303608,0.4963655244029076,0.46417445482866043,0.03946002076843198,0.0,1,15174.976915974146,9.627403094738677,above_or_equal_median,12884.130129618063,2012,0
2016,RS,4303608,0.47530161620760303,0.524698383792397,0.0,0.0,1,15174.976915974146,9.627403094738677,above_or_equal_median,12884.130129618063,2012,1
2012,RS,4303673,0.4090534979423868,0.5909465020576131,0.0,0.0,1,24404.11169070267,10.1025069089988,above_or_equal_median,12884.130129618063,2012,0
2016,RS,4303673,0.5809273840769904,0.41907261592300965,0.0,0.0,1,24404.11169070267,10.1025069089988,above_or_equal_median,12884.130129618063,2012,1
2012,RS,4303806,0.45534678728833217,0.5446532127116678,0.0,0.0,1,23310.26296566837,10.056649013204625,above_or_equal_median,12884.130129618063,2012,0
2016,RS,4303806,0.5457594633445136,0.45424053665548636,0.0,0.0,1,23310.26296566837,10.056649013204625,above_or_equal_median,12884.130129618063,2012,1
2012,RS,4304309,0.5349763033175355,0.46502369668246446,0.0,0.0,1,18555.572779414044,9.828525442294136,above_or_equal_median,12884.130129618063,2012,0
2016,RS,4304309,0.4838584208479191,0.5161415791520809,0.0,0.0,1,18555.572779414044,9.828525442294136,above_or_equal_median,12884.130129618063,2012,1
2012,RS,4304689,0.44801699716713883,0.5519830028328612,0.0,0.0,1,9891.232807358028,9.199404068755133,below_median,12884.130129618063,2012,0
2016,RS,4304689,0.7521731999343939,0.24782680006560603,0.0,0.0,1,9891.232807358028,9.199404068755133,below_median,12884.130129618063,2012,1
2012,RS,4304713,0.4909090909090909,0.4608391608391608,0.04825174825174825,0.0,1,7921.744966442953,8.97736678458652,below_median,12884.130129618063,2012,0
2016,RS,4304713,0.481959244718639,0.518040755281361,0.0,0.0,1,7921.744966442953,8.97736678458652,below_median,12884.130129618063,2012,1
2012,RS,4304952,0.5049301561216105,0.0,0.4950698438783895,0.0,1,18169.63696369637,9.807507181206924,above_or_equal_median,12884.130129618063,2012,0
2016,RS,4304952,0.4997992773986351,0.5002007226013649,0.0,0.0,1,18169.63696369637,9.807507181206924,above_or_equal_median,12884.130129618063,2012,1
2012,RS,4305108,0.0377684758345769,0.57234246854359,0.38988905562183307,0.0,1,45088.36882511283,10.716379594781895,above_or_equal_median,12884.130129618063,2012,0
2016,RS,4305108,0.29105385097858505,0.44112915957315174,0.2678169894482632,0.0,1,45088.36882511283,10.716379594781895,above_or_equal_median,12884.130129618063,2012,1
2012,RS,4305124,0.6962930847604596,0.3037069152395404,0.0,0.0,1,9619.702719797597,9.171568640874323,below_median,12884.130129618063,2012,0
2016,RS,4305124,0.56760231412042,0.43239768587958005,0.0,0.0,1,9619.702719797597,9.171568640874323,below_median,12884.130129618063,2012,1
2012,RS,4305173,0.0,1.0,0.0,0.0,1,10273.036896877957,9.237277964845942,below_median,12884.130129618063,2012,0
2016,RS,4305173,0.0,0.8839946200403497,0.11600537995965031,0.0,1,10273.036896877957,9.237277964845942,below_median,12884.130129618063,2012,1
2012,RS,4305207,0.4731319188191882,0.5268680811808119,0.0,0.0,1,36053.49671249253,10.492759134194914,above_or_equal_median,12884.130129618063,2012,0
2016,RS,4305207,0.4328376858677996,0.36511308259402725,0.2020492315381732,0.0,1,36053.49671249253,10.492759134194914,above_or_equal_median,12884.130129618063,2012,1
2012,RS,4305306,0.4924965893587995,0.5075034106412005,0.0,0.0,1,21675.391546878353,9.983932865932104,above_or_equal_median,12884.130129618063,2012,0
2016,RS,4305306,0.49415375621163404,0.505846243788366,0.0,0.0,1,21675.391546878353,9.983932865932104,above_or_equal_median,12884.130129618063,2012,1
2012,RS,4305371,0.0,1.0,0.0,0.0,1,15662.091121495327,9.65899849329264,above_or_equal_median,12884.130129618063,2012,0
2016,RS,4305371,0.6982885085574572,0.3017114914425428,0.0,0.0,1,15662.091121495327,9.65899849329264,above_or_equal_median,12884.130129618063,2012,1
2012,RS,4305439,1.0,0.0,0.0,0.0,1,16874.97927375228,9.733587287517889,above_or_equal_median,12884.130129618063,2012,0
2016,RS,4305439,0.7622492601118054,0.23775073988819467,0.0,0.0,1,16874.97927375228,9.733587287517889,above_or_equal_median,12884.130129618063,2012,1
2012,RS,4306502,0.0,0.7679178983769313,0.23208210162306878,0.0,1,10864.372888367923,9.293244172512827,below_median,12884.130129618063,2012,0
2016,RS,4306502,0.0,0.4907050745268799,0.50929492547312,0.0,1,10864.372888367923,9.293244172512827,below_median,12884.130129618063,2012,1
2012,RS,4306932,0.2554182051693691,0.7445817948306309,0.0,0.0,1,13743.73795761079,9.528338578094287,above_or_equal_median,12884.130129618063,2012,0
2016,RS,4306932,1.0,0.0,0.0,0.0,1,13743.73795761079,9.528338578094287,above_or_equal_median,12884.130129618063,2012,1
2012,RS,4307104,0.5861690450054885,0.4138309549945115,0.0,0.0,1,10153.435227778602,9.225567373296538,below_median,12884.130129618063,2012,0
2016,RS,4307104,0.0,1.0,0.0,0.0,1,10153.435227778602,9.225567373296538,below_median,12884.130129618063,2012,1
2012,RS,4307203,0.0,1.0,0.0,0.0,1,11101.768172888016,9.314859669469124,below_median,12884.130129618063,2012,0
2016,RS,4307203,0.0,1.0,0.0,0.0,1,11101.768172888016,9.314859669469124,below_median,12884.130129618063,2012,1
2012,RS,4307302,0.0,0.4170606776989756,0.5829393223010244,0.0,1,16369.174694090081,9.70315525333923,above_or_equal_median,12884.130129618063,2012,0
2016,RS,4307302,0.0,1.0,0.0,0.0,1,16369.174694090081,9.70315525333923,above_or_equal_median,12884.130129618063,2012,1
2012,RS,4307401,0.24018379281537175,0.3817878028404344,0.3780284043441938,0.0,1,29780.22670025189,10.301599918709089,above_or_equal_median,12884.130129618063,2012,0
2016,RS,4307401,0.0,1.0,0.0,0.0,1,29780.22670025189,10.301599918709089,above_or_equal_median,12884.130129618063,2012,1
2012,RS,4307500,0.5627440044617958,0.4372559955382041,0.0,0.0,1,25960.76372941408,10.164341589854237,above_or_equal_median,12884.130129618063,2012,0
2016,RS,4307500,0.3384615384615385,0.6615384615384615,0.0,0.0,1,25960.76372941408,10.164341589854237,above_or_equal_median,12884.130129618063,2012,1
2012,RS,4307559,0.0,1.0,0.0,0.0,1,25331.49356079612,10.139803705363057,above_or_equal_median,12884.130129618063,2012,0
2016,RS,4307559,0.3462268628381585,0.6537731371618415,0.0,0.0,1,25331.49356079612,10.139803705363057,above_or_equal_median,12884.130129618063,2012,1
2012,RS,4308003,0.36688548504741064,0.0,0.6331145149525893,0.0,1,16895.140664961637,9.734781324947507,above_or_equal_median,12884.130129618063,2012,0
2016,RS,4308003,0.5381184964960714,0.0,0.46188150350392865,0.0,1,16895.140664961637,9.734781324947507,above_or_equal_median,12884.130129618063,2012,1
2012,RS,4308102,0.0,0.5474023090586145,0.4525976909413854,0.0,1,23189.102820164575,10.051437741280582,above_or_equal_median,12884.130129618063,2012,0
2016,RS,4308102,0.2980804056501268,0.7019195943498733,0.0,0.0,1,23189.102820164575,10.051437741280582,above_or_equal_median,12884.130129618063,2012,1
2012,RS,4309001,0.4143222506393862,0.5856777493606138,0.0,0.0,1,22383.938655412232,10.0160989563463,above_or_equal_median,12884.130129618063,2012,0
2016,RS,4309001,0.5265580410567983,0.0,0.4734419589432017,0.0,1,22383.938655412232,10.0160989563463,above_or_equal_median,12884.130129618063,2012,1
2012,RS,4309159,0.0,0.49272727272727274,0.5072727272727273,0.0,1,12346.115537848606,9.421096761232473,below_median,12884.130129618063,2012,0
2016,RS,4309159,0.5169275573352748,0.48307244266472515,0.0,0.0,1,12346.115537848606,9.421096761232473,below_median,12884.130129618063,2012,1
2012,RS,4309654,0.4140979689366786,0.0,0.5859020310633214,0.0,1,16058.727834716121,9.684007771082774,above_or_equal_median,12884.130129618063,2012,0
2016,RS,4309654,0.5523439397619626,0.1583677435025504,0.289288316735487,0.0,1,16058.727834716121,9.684007771082774,above_or_equal_median,12884.130129618063,2012,1
2012,RS,4309704,0.617678381256656,0.38232161874334397,0.0,0.0,1,17537.451262056227,9.772093945336646,above_or_equal_median,12884.130129618063,2012,0
2016,RS,4309704,0.5268465521940583,0.47315344780594165,0.0,0.0,1,17537.451262056227,9.772093945336646,above_or_equal_median,12884.130129618063,2012,1
2012,RS,4309902,0.0,1.0,0.0,0.0,1,23734.978391189183,10.074705120565335,above_or_equal_median,12884.130129618063,2012,0
2016,RS,4309902,0.0,1.0,0.0,0.0,1,23734.978391189183,10.074705120565335,above_or_equal_median,12884.130129618063,2012,1
2012,RS,4310306,0.0,0.9657679491063315,0.034232050893668584,0.0,1,16950.232900220642,9.738036853140194,above_or_equal_median,12884.130129618063,2012,0
2016,RS,4310306,0.0,1.0,0.0,0.0,1,16950.232900220642,9.738036853140194,above_or_equal_median,12884.130129618063,2012,1
2012,RS,4310439,0.40311488673139156,0.36003236245954695,0.23685275080906149,0.0,1,18734.141943943614,9.838102910549575,above_or_equal_median,12884.130129618063,2012,0
2016,RS,4310439,0.5337539432176656,0.4662460567823344,0.0,0.0,1,18734.141943943614,9.838102910549575,above_or_equal_median,12884.130129618063,2012,1
2012,RS,4311155,1.0,0.0,0.0,0.0,1,19397.649598273176,9.872907182983406,above_or_equal_median,12884.130129618063,2012,0
2016,RS,4311155,1.0,0.0,0.0,0.0,1,19397.649598273176,9.872907182983406,above_or_equal_median,12884.130129618063,2012,1
2012,RS,4311239,0.0,1.0,0.0,0.0,1,13808.463251670379,9.533036962273066,above_or_equal_median,12884.130129618063,2012,0
2016,RS,4311239,0.0,0.5534861509073543,0.44651384909264563,0.0,1,13808.463251670379,9.533036962273066,above_or_equal_median,12884.130129618063,2012,1
2012,RS,4311429,0.43664289632473946,0.5633571036752606,0.0,0.0,1,9938.177438779607,9.204138926579208,below_median,12884.130129618063,2012,0
2016,RS,4311429,0.5614140203714799,0.4385859796285201,0.0,0.0,1,9938.177438779607,9.204138926579208,below_median,12884.130129618063,2012,1
2012,RS,4311502,0.6691315889268108,0.3308684110731892,0.0,0.0,1,17168.089297439266,9.75080766624554,above_or_equal_median,12884.130129618063,2012,0
2016,RS,4311502,0.0,1.0,0.0,0.0,1,17168.089297439266,9.75080766624554,above_or_equal_median,12884.130129618063,2012,1
2012,RS,4311601,0.48904933814681106,0.5109506618531889,0.0,0.0,1,11312.135665076841,9.333631381087496,below_median,12884.130129618063,2012,0
2016,RS,4311601,0.0,1.0,0.0,0.0,1,11312.135665076841,9.333631381087496,below_median,12884.130129618063,2012,1
2012,RS,4311627,0.0,0.6317427385892116,0.3682572614107884,0.0,1,34283.73831775701,10.44242641920925,above_or_equal_median,12884.130129618063,2012,0
2016,RS,4311627,0.6190599844196313,0.3809400155803687,0.0,0.0,1,34283.73831775701,10.44242641920925,above_or_equal_median,12884.130129618063,2012,1
2012,RS,4311734,0.0,1.0,0.0,0.0,1,9699.79919678715,9.179860462915048,below_median,12884.130129618063,2012,0
2016,RS,4311734,0.0,0.4343152866242038,0.5656847133757962,0.0,1,9699.79919678715,9.179860462915048,below_median,12884.130129618063,2012,1
2012,RS,4311759,0.5429638854296388,0.45703611457036114,0.0,0.0,1,15158.949745906268,9.626346378822012,above_or_equal_median,12884.130129618063,2012,0
2016,RS,4311759,0.46581841708000865,0.5341815829199914,0.0,0.0,1,15158.949745906268,9.626346378822012,above_or_equal_median,12884.130129618063,2012,1
2012,RS,4311775,0.537044220325834,0.41194724592707527,0.051008533747090766,0.0,1,10230.533235938641,9.233131982312411,below_median,12884.130129618063,2012,0
2016,RS,4311775,0.40380243852035547,0.5961975614796445,0.0,0.0,1,10230.533235938641,9.233131982312411,below_median,12884.130129618063,2012,1
2012,RS,4311908,0.0,0.40799790904338734,0.5920020909566126,0.0,1,14242.430318828956,9.563980838860852,above_or_equal_median,12884.130129618063,2012,0
2016,RS,4311908,0.0,0.4571256038647343,0.5428743961352657,0.0,1,14242.430318828956,9.563980838860852,above_or_equal_median,12884.130129618063,2012,1
2012,RS,4312104,0.45242613174301977,0.5475738682569802,0.0,0.0,1,12475.500892680024,9.431522071531498,below_median,12884.130129618063,2012,0
2016,RS,4312104,0.49032800672834315,0.5096719932716569,0.0,0.0,1,12475.500892680024,9.431522071531498,below_median,12884.130129618063,2012,1
2012,RS,4312203,0.5564979123173278,0.44350208768267224,0.0,0.0,1,14346.458333333334,9.571258384686656,above_or_equal_median,12884.130129618063,2012,0
2016,RS,4312203,0.0,0.5757746478873239,0.42422535211267604,0.0,1,14346.458333333334,9.571258384686656,above_or_equal_median,12884.130129618063,2012,1
2012,RS,4312252,0.6037201062887511,0.3962798937112489,0.0,0.0,1,11994.00885647304,9.392162542136807,below_median,12884.130129618063,2012,0
2016,RS,4312252,0.715633423180593,0.284366576819407,0.0,0.0,1,11994.00885647304,9.392162542136807,below_median,12884.130129618063,2012,1
2012,RS,4312302,0.0,1.0,0.0,0.0,1,17602.526926263465,9.775797746076167,above_or_equal_median,12884.130129618063,2012,0
2016,RS,4312302,0.3833810888252149,0.6166189111747851,0.0,0.0,1,17602.526926263465,9.775797746076167,above_or_equal_median,12884.130129618063,2012,1
2012,RS,4312450,1.0,0.0,0.0,0.0,1,11254.07218141169,9.32848531381766,below_median,12884.130129618063,2012,0
2016,RS,4312450,0.37675896504766226,0.6232410349523377,0.0,0.0,1,11254.07218141169,9.32848531381766,below_median,12884.130129618063,2012,1
2012,RS,4312476,0.0,0.5256527714154833,0.4743472285845167,0.0,1,19765.438505448885,9.891690161442126,above_or_equal_median,12884.130129618063,2012,0
2016,RS,4312476,0.0,1.0,0.0,0.0,1,19765.438505448885,9.891690161442126,above_or_equal_median,12884.130129618063,2012,1
2012,RS,4312807,0.4142901911626449,0.585709808837355,0.0,0.0,1,41753.70415350984,10.639543448583174,above_or_equal_median,12884.130129618063,2012,0
2016,RS,4312807,0.0,1.0,0.0,0.0,1,41753.70415350984,10.639543448583174,above_or_equal_median,12884.130129618063,2012,1
2012,RS,4312906,0.0,1.0,0.0,0.0,1,75615.65836298933,11.233418661924551,above_or_equal_median,12884.130129618063,2012,0
2016,RS,4312906,0.5154892640550729,0.48451073594492705,0.0,0.0,1,75615.65836298933,11.233418661924551,above_or_equal_median,12884.130129618063,2012,1
2012,RS,4313003,0.5072863332020481,0.492713666797952,0.0,0.0,1,19276.196434157024,9.866626268316155,above_or_equal_median,12884.130129618063,2012,0
2016,RS,4313003,0.44012563800549664,0.5598743619945034,0.0,0.0,1,19276.196434157024,9.866626268316155,above_or_equal_median,12884.130129618063,2012,1
2012,RS,4313037,0.4594594594594595,0.5405405405405406,0.0,0.0,1,23397.820163487737,10.060398141600052,above_or_equal_median,12884.130129618063,2012,0
2016,RS,4313037,0.5248680188941373,0.47513198110586274,0.0,0.0,1,23397.820163487737,10.060398141600052,above_or_equal_median,12884.130129618063,2012,1
2012,RS,4313060,0.13711776187378008,0.4244469746258946,0.4384352635003253,0.0,1,38562.762061461704,10.56004237638379,above_or_equal_median,12884.130129618063,2012,0
2016,RS,4313060,0.5275773609106943,0.3291646624979958,0.14325797659130993,0.0,1,38562.762061461704,10.56004237638379,above_or_equal_median,12884.130129618063,2012,1
2012,RS,4313102,0.0,1.0,0.0,0.0,1,19669.45013392154,9.886821956438304,above_or_equal_median,12884.130129618063,2012,0
2016,RS,4313102,0.0,1.0,0.0,0.0,1,19669.45013392154,9.886821956438304,above_or_equal_median,12884.130129618063,2012,1
2012,RS,4313334,0.0,0.503751875937969,0.496248124062031,0.0,1,18728.487886382623,9.837801060005205,above_or_equal_median,12884.130129618063,2012,0
2016,RS,4313334,0.0,1.0,0.0,0.0,1,18728.487886382623,9.837801060005205,above_or_equal_median,12884.130129618063,2012,1
2012,RS,4313359,0.0,0.4293002915451895,0.5706997084548106,0.0,1,23229.498525073745,10.053178238147618,above_or_equal_median,12884.130129618063,2012,0
2016,RS,4313359,0.517672259907176,0.482327740092824,0.0,0.0,1,23229.498525073745,10.053178238147618,above_or_equal_median,12884.130129618063,2012,1
2012,RS,4313425,0.47143303153293786,0.0,0.5285669684670621,0.0,1,16678.665265370466,9.72188565264924,above_or_equal_median,12884.130129618063,2012,0
2016,RS,4313425,0.5612968591691996,0.0,0.4387031408308004,0.0,1,16678.665265370466,9.72188565264924,above_or_equal_median,12884.130129618063,2012,1
2012,RS,4313953,0.49259362772498605,0.507406372275014,0.0,0.0,1,20886.5598027127,9.946861159453107,above_or_equal_median,12884.130129618063,2012,0
2016,RS,4313953,0.4409981672071056,0.4354997885238968,0.12350204426899761,0.0,1,20886.5598027127,9.946861159453107,above_or_equal_median,12884.130129618063,2012,1
2012,RS,4314076,0.0,0.4707719767960732,0.5292280232039268,0.0,1,17556.341503536765,9.773170502859577,above_or_equal_median,12884.130129618063,2012,0
2016,RS,4314076,0.0,1.0,0.0,0.0,1,17556.341503536765,9.773170502859577,above_or_equal_median,12884.130129618063,2012,1
2012,RS,4314159,0.0,1.0,0.0,0.0,1,14536.46477132262,9.584415583376263,above_or_equal_median,12884.130129618063,2012,0
2016,RS,4314159,0.19420917864880835,0.8057908213511916,0.0,0.0,1,14536.46477132262,9.584415583376263,above_or_equal_median,12884.130129618063,2012,1
2012,RS,4314209,0.0,0.4479015918958032,0.5520984081041969,0.0,1,11219.003476245654,9.325364358398348,below_median,12884.130129618063,2012,0
2016,RS,4314209,0.0,0.4989399293286219,0.5010600706713781,0.0,1,11219.003476245654,9.325364358398348,below_median,12884.130129618063,2012,1
2012,RS,4314407,0.08181907627298572,0.5019237839769249,0.4162571397500893,0.0,1,17412.92819524337,9.764968209041601,above_or_equal_median,12884.130129618063,2012,0
2016,RS,4314407,0.018721762850566873,0.8008961299121985,0.1803821072372347,0.0,1,17412.92819524337,9.764968209041601,above_or_equal_median,12884.130129618063,2012,1
2012,RS,4314423,0.26588046100241225,0.445993031358885,0.28812650763870273,0.0,1,54927.362616467006,10.91376691164797,above_or_equal_median,12884.130129618063,2012,0
2016,RS,4314423,1.0,0.0,0.0,0.0,1,54927.362616467006,10.91376691164797,above_or_equal_median,12884.130129618063,2012,1
2012,RS,4314456,0.5967078189300411,0.40329218106995884,0.0,0.0,1,16578.528827037775,9.715863692969384,above_or_equal_median,12884.130129618063,2012,0
2016,RS,4314456,1.0,0.0,0.0,0.0,1,16578.528827037775,9.715863692969384,above_or_equal_median,12884.130129618063,2012,1
2012,RS,4314472,0.0,0.4964726631393298,0.5035273368606702,0.0,1,44924.88157004286,10.712747075477843,above_or_equal_median,12884.130129618063,2012,0
2016,RS,4314472,0.5253863134657837,0.0,0.4746136865342163,0.0,1,44924.88157004286,10.712747075477843,above_or_equal_median,12884.130129618063,2012,1
2012,RS,4314506,0.0,1.0,0.0,0.0,1,14474.292042398354,9.580129392257088,above_or_equal_median,12884.130129618063,2012,0
2016,RS,4314506,0.0862875430822255,0.9137124569177745,0.0,0.0,1,14474.292042398354,9.580129392257088,above_or_equal_median,12884.130129618063,2012,1
2012,RS,4314779,0.0,0.4920424403183024,0.5079575596816976,0.0,1,33115.58441558442,10.407759278825695,above_or_equal_median,12884.130129618063,2012,0
2016,RS,4314779,0.0,0.47182359117955897,0.528176408820441,0.0,1,33115.58441558442,10.407759278825695,above_or_equal_median,12884.130129618063,2012,1
2012,RS,4315008,0.0,1.0,0.0,0.0,1,11290.978157644824,9.331759292686119,below_median,12884.130129618063,2012,0
2016,RS,4315008,0.0,0.5671383193762634,0.43286168062373664,0.0,1,11290.978157644824,9.331759292686119,below_median,12884.130129618063,2012,1
2012,RS,4315149,0.0,1.0,0.0,0.0,1,21145.661562622692,9.959190036370234,above_or_equal_median,12884.130129618063,2012,0
2016,RS,4315149,0.0,1.0,0.0,0.0,1,21145.661562622692,9.959190036370234,above_or_equal_median,12884.130129618063,2012,1
2012,RS,4315156,0.5044948630136986,0.0,0.4955051369863014,0.0,1,13037.380139769219,9.475575905768721,above_or_equal_median,12884.130129618063,2012,0
2016,RS,4315156,0.0,1.0,0.0,0.0,1,13037.380139769219,9.475575905768721,above_or_equal_median,12884.130129618063,2012,1
2012,RS,4315313,0.5053547523427041,0.49464524765729584,0.0,0.0,1,27173.69308600337,10.210004618321554,above_or_equal_median,12884.130129618063,2012,0
2016,RS,4315313,0.5443126308443824,0.4556873691556176,0.0,0.0,1,27173.69308600337,10.210004618321554,above_or_equal_median,12884.130129618063,2012,1
2012,RS,4315354,0.0,1.0,0.0,0.0,1,23999.181222707422,10.085774993027604,above_or_equal_median,12884.130129618063,2012,0
2016,RS,4315354,0.30866246266179886,0.6913375373382011,0.0,0.0,1,23999.181222707422,10.085774993027604,above_or_equal_median,12884.130129618063,2012,1
2012,RS,4315909,0.0,0.46261355695317957,0.5373864430468204,0.0,1,15831.243469174504,9.66974070122243,above_or_equal_median,12884.130129618063,2012,0
2016,RS,4315909,1.0,0.0,0.0,0.0,1,15831.243469174504,9.66974070122243,above_or_equal_median,12884.130129618063,2012,1
2012,RS,4316006,0.024863553668890235,0.9751364463311097,0.0,0.0,1,18469.845935536185,9.823894731823152,above_or_equal_median,12884.130129618063,2012,0
2016,RS,4316006,0.0,1.0,0.0,0.0,1,18469.845935536185,9.823894731823152,above_or_equal_median,12884.130129618063,2012,1
2012,RS,4316204,0.5235102420856611,0.4764897579143389,0.0,0.0,1,15895.395948434623,9.673784783285331,above_or_equal_median,12884.130129618063,2012,0
2016,RS,4316204,0.5635563787913869,0.43644362120861313,0.0,0.0,1,15895.395948434623,9.673784783285331,above_or_equal_median,12884.130129618063,2012,1
2012,RS,4316501,0.0,0.9004024144869215,0.09959758551307847,0.0,1,29559.17716934666,10.29414953872568,above_or_equal_median,12884.130129618063,2012,0
2016,RS,4316501,0.3982150446238844,0.6017849553761156,0.0,0.0,1,29559.17716934666,10.29414953872568,above_or_equal_median,12884.130129618063,2012,1
2012,RS,4316709,0.4506625097427903,0.5493374902572097,0.0,0.0,1,39627.167630057804,10.587270213281068,above_or_equal_median,12884.130129618063,2012,0
2016,RS,4316709,0.5788598969586173,0.4211401030413828,0.0,0.0,1,39627.167630057804,10.587270213281068,above_or_equal_median,12884.130129618063,2012,1
2012,RS,4316758,0.0,1.0,0.0,0.0,1,21563.957475994514,9.978778564579006,above_or_equal_median,12884.130129618063,2012,0
2016,RS,4316758,0.0,1.0,0.0,0.0,1,21563.957475994514,9.978778564579006,above_or_equal_median,12884.130129618063,2012,1
2012,RS,4317004,0.39299042674022394,0.6070095732597761,0.0,0.0,1,11147.831398900427,9.319000264599817,below_median,12884.130129618063,2012,0
2016,RS,4317004,0.43685741998060135,0.11387002909796315,0.4492725509214355,0.0,1,11147.831398900427,9.319000264599817,below_median,12884.130129618063,2012,1
2012,RS,4317707,0.36946932228311724,0.6305306777168828,0.0,0.0,1,11992.081550923818,9.392001840203259,below_median,12884.130129618063,2012,0
2016,RS,4317707,0.5134001082837033,0.4865998917162967,0.0,0.0,1,11992.081550923818,9.392001840203259,below_median,12884.130129618063,2012,1
2012,RS,4318614,1.0,0.0,0.0,0.0,1,18761.25703564728,9.83954922647997,above_or_equal_median,12884.130129618063,2012,0
2016,RS,4318614,0.43633071816535907,0.5636692818346409,0.0,0.0,1,18761.25703564728,9.83954922647997,above_or_equal_median,12884.130129618063,2012,1
2012,RS,4319109,0.4894343649946638,0.5105656350053361,0.0,0.0,1,19738.7102442453,9.890336973681949,above_or_equal_median,12884.130129618063,2012,0
2016,RS,4319109,0.5964252116650988,0.40357478833490124,0.0,0.0,1,19738.7102442453,9.890336973681949,above_or_equal_median,12884.130129618063,2012,1
2012,RS,4319364,0.0,1.0,0.0,0.0,1,13710.0,9.52588077255636,above_or_equal_median,12884.130129618063,2012,0
2016,RS,4319364,1.0,0.0,0.0,0.0,1,13710.0,9.52588077255636,above_or_equal_median,12884.130129618063,2012,1
2012,RS,4319372,0.4290627687016337,0.0,0.5709372312983663,0.0,1,17624.347826086956,9.777036624220642,above_or_equal_median,12884.130129618063,2012,0
2016,RS,4319372,0.5211864406779662,0.0,0.4788135593220339,0.0,1,17624.347826086956,9.777036624220642,above_or_equal_median,12884.130129618063,2012,1
2012,RS,4319406,0.1581847044541974,0.17396582313941544,0.6678494724063871,0.0,1,12788.57142857143,9.456307193930494,below_median,12884.130129618063,2012,0
2016,RS,4319406,0.6908108108108109,0.0,0.3091891891891892,0.0,1,12788.57142857143,9.456307193930494,below_median,12884.130129618063,2012,1
2012,RS,4319703,0.0,1.0,0.0,0.0,1,16562.921348314605,9.71492182230323,above_or_equal_median,12884.130129618063,2012,0
2016,RS,4319703,0.46676406135865595,0.533235938641344,0.0,0.0,1,16562.921348314605,9.71492182230323,above_or_equal_median,12884.130129618063,2012,1
2012,RS,4320263,0.4698085419734904,0.5301914580265096,0.0,0.0,1,11795.823338507125,9.375500793433321,below_median,12884.130129618063,2012,0
2016,RS,4320263,0.49412467635929097,0.505875323640709,0.0,0.0,1,11795.823338507125,9.375500793433321,below_median,12884.130129618063,2012,1
2012,RS,4320305,0.48179763996987196,0.5182023600301281,0.0,0.0,1,25876.315789473683,10.161083381041863,above_or_equal_median,12884.130129618063,2012,0
2016,RS,4320305,0.4566353187042842,0.5433646812957158,0.0,0.0,1,25876.315789473683,10.161083381041863,above_or_equal_median,12884.130129618063,2012,1
2012,RS,4320354,0.5090565017572317,0.44849959448499593,0.04244390375777237,0.0,1,11532.50714966635,9.352925035389845,below_median,12884.130129618063,2012,0
2016,RS,4320354,0.35199296600234464,0.6480070339976554,0.0,0.0,1,11532.50714966635,9.352925035389845,below_median,12884.130129618063,2012,1
2012,RS,4320404,0.5338444466861697,0.0,0.46615555331383035,0.0,1,29306.957523203037,10.285580224946235,above_or_equal_median,12884.130129618063,2012,0
2016,RS,4320404,0.45752666930067165,0.5424733306993283,0.0,0.0,1,29306.957523203037,10.285580224946235,above_or_equal_median,12884.130129618063,2012,1
2012,RS,4320859,0.3391057934508816,0.3051007556675063,0.35579345088161207,0.0,1,16225.752904908702,9.694354944496196,above_or_equal_median,12884.130129618063,2012,0
2016,RS,4320859,0.5987951807228916,0.0,0.40120481927710844,0.0,1,16225.752904908702,9.694354944496196,above_or_equal_median,12884.130129618063,2012,1
2012,RS,4321329,0.0,1.0,0.0,0.0,1,14769.929364278507,9.600348593136095,above_or_equal_median,12884.130129618063,2012,0
2016,RS,4321329,0.0,0.979565772669221,0.020434227330779056,0.0,1,14769.929364278507,9.600348593136095,above_or_equal_median,12884.130129618063,2012,1
2012,RS,4321352,0.4936274509803922,0.5063725490196078,0.0,0.0,1,10915.748178591444,9.297961812543397,below_median,12884.130129618063,2012,0
2016,RS,4321352,0.5553826199740597,0.4446173800259403,0.0,0.0,1,10915.748178591444,9.297961812543397,below_median,12884.130129618063,2012,1
2012,RS,4321436,0.49937849596022377,0.4578931013051585,0.042728402734617775,0.0,1,11738.430983118173,9.370623437356667,below_median,12884.130129618063,2012,0
2016,RS,4321436,0.37835323305938906,0.6216467669406109,0.0,0.0,1,11738.430983118173,9.370623437356667,below_median,12884.130129618063,2012,1
2012,RS,4321469,0.4681139755766621,0.5318860244233379,0.0,0.0,1,23799.783158655584,10.077431748637203,above_or_equal_median,12884.130129618063,2012,0
2016,RS,4321469,0.0,1.0,0.0,0.0,1,23799.783158655584,10.077431748637203,above_or_equal_median,12884.130129618063,2012,1
2012,RS,4321477,0.0,0.39770940938693017,0.6022905906130699,0.0,1,12016.970658207772,9.394075151218027,below_median,12884.130129618063,2012,0
2016,RS,4321477,0.0,1.0,0.0,0.0,1,12016.970658207772,9.394075151218027,below_median,12884.130129618063,2012,1
2012,RS,4321626,0.5346432264736298,0.4653567735263702,0.0,0.0,1,20951.494153313124,9.949965242774349,above_or_equal_median,12884.130129618063,2012,0
2016,RS,4321626,0.0,1.0,0.0,0.0,1,20951.494153313124,9.949965242774349,above_or_equal_median,12884.130129618063,2012,1
2012,RS,4321634,0.0,0.5519562473706352,0.44804375262936474,0.0,1,15347.083926031295,9.638680762722812,above_or_equal_median,12884.130129618063,2012,0
2016,RS,4321634,0.0,1.0,0.0,0.0,1,15347.083926031295,9.638680762722812,above_or_equal_median,12884.130129618063,2012,1
2012,RS,4321709,0.0,0.935033850783013,0.06496614921698694,0.0,1,31041.034426496983,10.343065299337777,above_or_equal_median,12884.130129618063,2012,0
2016,RS,4321709,0.4917052857814494,0.5082947142185507,0.0,0.0,1,31041.034426496983,10.343065299337777,above_or_equal_median,12884.130129618063,2012,1
2012,RS,4321956,0.5159924741298213,0.0,0.48400752587017876,0.0,1,13197.503034506675,9.487782926628162,above_or_equal_median,12884.130129618063,2012,0
2016,RS,4321956,0.0,1.0,0.0,0.0,1,13197.503034506675,9.487782926628162,above_or_equal_median,12884.130129618063,2012,1
2012,RS,4322103,0.6461513994910941,0.3538486005089059,0.0,0.0,1,19760.836045914,9.891457280422706,above_or_equal_median,12884.130129618063,2012,0
2016,RS,4322103,0.4120627261761158,0.31145958986731004,0.2764776839565742,0.0,1,19760.836045914,9.891457280422706,above_or_equal_median,12884.130129618063,2012,1
2012,RS,4322152,0.5227336910477266,0.47726630895227334,0.0,0.0,1,8930.807622504537,9.09726210903139,below_median,12884.130129618063,2012,0
2016,RS,4322152,0.0,1.0,0.0,0.0,1,8930.807622504537,9.09726210903139,below_median,12884.130129618063,2012,1
2012,RS,4322202,0.35358094110683636,0.6464190588931636,0.0,0.0,1,25597.69603700574,10.150257627863077,above_or_equal_median,12884.130129618063,2012,0
2016,RS,4322202,0.7835243109321771,0.21647568906782286,0.0,0.0,1,25597.69603700574,10.150257627863077,above_or_equal_median,12884.130129618063,2012,1
2012,RS,4322251,0.2626010286554004,0.7373989713445995,0.0,0.0,1,65840.54054054055,11.094991045228255,above_or_equal_median,12884.130129618063,2012,0
2016,RS,4322251,0.5959183673469388,0.40408163265306124,0.0,0.0,1,65840.54054054055,11.094991045228255,above_or_equal_median,12884.130129618063,2012,1
2012,RS,4322301,0.5059754521963824,0.0,0.4940245478036176,0.0,1,17406.944939945297,9.764624540049258,above_or_equal_median,12884.130129618063,2012,0
2016,RS,4322301,0.3710610932475884,0.6289389067524116,0.0,0.0,1,17406.944939945297,9.764624540049258,above_or_equal_median,12884.130129618063,2012,1
2012,RS,4322533,0.49162086070518835,0.5083791392948116,0.0,0.0,1,14622.893510218717,9.59034362823692,above_or_equal_median,12884.130129618063,2012,0
2016,RS,4322533,0.8602878916172735,0.0,0.1397121083827265,0.0,1,14622.893510218717,9.59034362823692,above_or_equal_median,12884.130129618063,2012,1
2012,RS,4323002,0.0,0.5310199325576879,0.46898006744231213,0.0,1,10355.39616070318,9.245263031012227,below_median,12884.130129618063,2012,0
2016,RS,4323002,0.0,0.7060603282295773,0.2939396717704227,0.0,1,10355.39616070318,9.245263031012227,below_median,12884.130129618063,2012,1
2012,RS,4323507,0.0,0.5233805233805234,0.4766194766194766,0.0,1,12902.421652421652,9.465170297725559,above_or_equal_median,12884.130129618063,2012,0
2016,RS,4323507,0.47810858143607704,0.521891418563923,0.0,0.0,1,12902.421652421652,9.465170297725559,above_or_equal_median,12884.130129618063,2012,1
2012,RS,4323804,0.0,1.0,0.0,0.0,1,21752.562337463667,9.98748683819696,above_or_equal_median,12884.130129618063,2012,0
2016,RS,4323804,0.0,1.0,0.0,0.0,1,21752.562337463667,9.98748683819696,above_or_equal_median,12884.130129618063,2012,1
2012,MS,5000203,0.0,1.0,0.0,0.0,0,32107.65084593502,10.376849624828788,above_or_equal_median,12884.130129618063,2012,0
2016,MS,5000203,0.03310795057122873,0.9668920494287713,0.0,0.0,0,32107.65084593502,10.376849624828788,above_or_equal_median,12884.130129618063,2012,0
2012,MS,5000252,0.4642857142857143,0.5357142857142857,0.0,0.0,0,24798.469387755104,10.118537212012743,above_or_equal_median,12884.130129618063,2012,0
2016,MS,5000252,0.4264607118871726,0.5735392881128274,0.0,0.0,0,24798.469387755104,10.118537212012743,above_or_equal_median,12884.130129618063,2012,0
2012,MS,5000609,0.0,1.0,0.0,0.0,0,14732.032767502744,9.59777950180242,above_or_equal_median,12884.130129618063,2012,0
2016,MS,5000609,0.0,0.7906782956502416,0.20932170434975836,0.0,0,14732.032767502744,9.59777950180242,above_or_equal_median,12884.130129618063,2012,0
2012,MS,5000708,0.11947783759864297,0.8805221624013571,0.0,0.0,0,10501.559835281394,9.25927908085339,below_median,12884.130129618063,2012,0
2016,MS,5000708,0.1025695931477516,0.8974304068522484,0.0,0.0,0,10501.559835281394,9.25927908085339,below_median,12884.130129618063,2012,0
2012,MS,5000807,0.5323082555372506,0.4676917444627494,0.0,0.0,0,15059.125364431487,9.619739422936389,above_or_equal_median,12884.130129618063,2012,0
2016,MS,5000807,0.44235874099355327,0.5576412590064467,0.0,0.0,0,15059.125364431487,9.619739422936389,above_or_equal_median,12884.130129618063,2012,0
2012,MS,5000856,0.41086920936323457,0.5891307906367654,0.0,0.0,0,30113.08391460579,10.312715037838677,above_or_equal_median,12884.130129618063,2012,0
2016,MS,5000856,0.48125097245993465,0.5187490275400654,0.0,0.0,0,30113.08391460579,10.312715037838677,above_or_equal_median,12884.130129618063,2012,0
2012,MS,5000906,0.0,0.521055485270197,0.478944514729803,0.0,0,21961.339896746307,9.997038909096638,above_or_equal_median,12884.130129618063,2012,0
2016,MS,5000906,0.0,1.0,0.0,0.0,0,21961.339896746307,9.997038909096638,above_or_equal_median,12884.130129618063,2012,0
2012,MS,5001003,0.4870788596815994,0.5129211403184006,0.0,0.0,0,29243.933310055865,10.283427422944728,above_or_equal_median,12884.130129618063,2012,0
2016,MS,5001003,0.11702048968118944,0.8829795103188106,0.0,0.0,0,29243.933310055865,10.283427422944728,above_or_equal_median,12884.130129618063,2012,0
2012,MS,5001102,0.1780232048163949,0.8219767951836051,0.0,0.0,0,12895.566245129834,9.464638829342798,above_or_equal_median,12884.130129618063,2012,0
2016,MS,5001102,0.31479025037307246,0.6243160338252363,0.06089371580169126,0.0,0,12895.566245129834,9.464638829342798,above_or_equal_median,12884.130129618063,2012,0
2012,MS,5001243,0.0,1.0,0.0,0.0,0,34098.55428517434,10.43701026604366,above_or_equal_median,12884.130129618063,2012,0
2016,MS,5001243,1.0,0.0,0.0,0.0,0,34098.55428517434,10.43701026604366,above_or_equal_median,12884.130129618063,2012,0
2012,MS,5001904,0.0,1.0,0.0,0.0,0,24644.023738290256,10.112289705382263,above_or_equal_median,12884.130129618063,2012,0
2016,MS,5001904,0.4138592586908142,0.5861407413091858,0.0,0.0,0,24644.023738290256,10.112289705382263,above_or_equal_median,12884.130129618063,2012,0
2012,MS,5002001,0.0,1.0,0.0,0.0,0,24056.08667941364,10.08814332789656,above_or_equal_median,12884.130129618063,2012,0
2016,MS,5002001,0.42643890427823944,0.5735610957217605,0.0,0.0,0,24056.08667941364,10.08814332789656,above_or_equal_median,12884.130129618063,2012,0
2012,MS,5002100,0.19178871153529703,0.808211288464703,0.0,0.0,0,13706.432998503953,9.525620563541105,above_or_equal_median,12884.130129618063,2012,0
2016,MS,5002100,0.26388319251907144,0.7361168074809286,0.0,0.0,0,13706.432998503953,9.525620563541105,above_or_equal_median,12884.130129618063,2012,0
2012,MS,5002159,0.0,1.0,0.0,0.0,0,21521.44298688194,9.97680506532152,above_or_equal_median,12884.130129618063,2012,0
2016,MS,5002159,0.0,1.0,0.0,0.0,0,21521.44298688194,9.97680506532152,above_or_equal_median,12884.130129618063,2012,0
2012,MS,5002209,0.0,1.0,0.0,0.0,1,18704.378283712784,9.836512908256733,above_or_equal_median,12884.130129618063,2012,0
2016,MS,5002209,0.42779655687445955,0.5722034431255404,0.0,0.0,1,18704.378283712784,9.836512908256733,above_or_equal_median,12884.130129618063,2012,1
2012,MS,5002308,0.0,0.4137146108977095,0.5862853891022906,0.0,0,48513.17015329889,10.789590589615223,above_or_equal_median,12884.130129618063,2012,0
2016,MS,5002308,0.0,1.0,0.0,0.0,0,48513.17015329889,10.789590589615223,above_or_equal_median,12884.130129618063,2012,0
2012,MS,5002407,0.9770147559591373,0.022985244040862655,0.0,0.0,0,31712.3096638022,10.364460201959757,above_or_equal_median,12884.130129618063,2012,0
2016,MS,5002407,0.34417056240260663,0.6558294375973934,0.0,0.0,0,31712.3096638022,10.364460201959757,above_or_equal_median,12884.130129618063,2012,0
2012,MS,5002803,0.41169275929549903,0.0,0.588307240704501,0.0,0,14636.95652173913,9.591304878044276,above_or_equal_median,12884.130129618063,2012,0
2016,MS,5002803,1.0,0.0,0.0,0.0,0,14636.95652173913,9.591304878044276,above_or_equal_median,12884.130129618063,2012,0
2012,MS,5002902,1.0,0.0,0.0,0.0,0,19064.931987297976,9.855605904873707,above_or_equal_median,12884.130129618063,2012,0
2016,MS,5002902,0.40086132644272177,0.5991386735572782,0.0,0.0,0,19064.931987297976,9.855605904873707,above_or_equal_median,12884.130129618063,2012,0
2012,MS,5002951,0.0,1.0,0.0,0.0,0,55873.48553119055,10.93084522696134,above_or_equal_median,12884.130129618063,2012,0
2016,MS,5002951,0.0,0.986800647194073,0.013199352805926936,0.0,0,55873.48553119055,10.93084522696134,above_or_equal_median,12884.130129618063,2012,0
2012,MS,5003108,0.4699066623752816,0.5300933376247183,0.0,0.0,0,13826.671943015433,9.53435475528199,above_or_equal_median,12884.130129618063,2012,0
2016,MS,5003108,0.0,1.0,0.0,0.0,0,13826.671943015433,9.53435475528199,above_or_equal_median,12884.130129618063,2012,0
2012,MS,5003157,0.5212089077412513,0.47879109225874866,0.0,0.0,0,9615.897291988214,9.171172975768302,below_median,12884.130129618063,2012,0
2016,MS,5003157,0.4224585062240664,0.5775414937759336,0.0,0.0,0,9615.897291988214,9.171172975768302,below_median,12884.130129618063,2012,0
2012,MS,5003207,0.0,0.4383365388389528,0.5616634611610473,0.0,0,23319.639316760713,10.057051173653596,above_or_equal_median,12884.130129618063,2012,0
2016,MS,5003207,0.0,1.0,0.0,0.0,0,23319.639316760713,10.057051173653596,above_or_equal_median,12884.130129618063,2012,0
2012,MS,5003256,0.5450375642546461,0.45045472518782126,0.0045077105575326215,0.0,0,51039.80759661635,10.840361148352796,above_or_equal_median,12884.130129618063,2012,0
2016,MS,5003256,0.7657168037602821,0.23428319623971797,0.0,0.0,0,51039.80759661635,10.840361148352796,above_or_equal_median,12884.130129618063,2012,0
2012,MS,5003306,0.16931476931476933,0.46186186186186184,0.3688233688233688,0.0,0,18981.764796785657,9.851234049758421,above_or_equal_median,12884.130129618063,2012,0
2016,MS,5003306,0.02913937203523831,0.9708606279647617,0.0,0.0,0,18981.764796785657,9.851234049758421,above_or_equal_median,12884.130129618063,2012,0
2012,MS,5003454,0.0,0.5263638736622291,0.4736361263377708,0.0,0,12643.037768170323,9.444861968586588,below_median,12884.130129618063,2012,0
2016,MS,5003454,0.0,1.0,0.0,0.0,0,12643.037768170323,9.444861968586588,below_median,12884.130129618063,2012,0
2012,MS,5003488,0.0,1.0,0.0,0.0,0,11977.944671546726,9.390822293640817,below_median,12884.130129618063,2012,0
2016,MS,5003488,0.445174409510402,0.554825590489598,0.0,0.0,0,11977.944671546726,9.390822293640817,below_median,12884.130129618063,2012,0
2012,MS,5003504,0.0,1.0,0.0,0.0,0,14652.564102564103,9.592370623196098,above_or_equal_median,12884.130129618063,2012,0
2016,MS,5003504,1.0,0.0,0.0,0.0,0,14652.564102564103,9.592370623196098,above_or_equal_median,12884.130129618063,2012,0
2012,MS,5003702,0.35997381180556215,0.6242848061029879,0.015741382091449933,0.0,0,27244.30949190202,10.21259995229896,above_or_equal_median,12884.130129618063,2012,0
2016,MS,5003702,0.41721061692705697,0.5602795091098243,0.022509873963118793,0.0,0,27244.30949190202,10.21259995229896,above_or_equal_median,12884.130129618063,2012,0
2012,MS,5003751,0.3156232050545663,0.0,0.6843767949454337,0.0,0,17728.15945716709,9.78290958415723,above_or_equal_median,12884.130129618063,2012,0
2016,MS,5003751,0.5678918590522479,0.43210814094775213,0.0,0.0,0,17728.15945716709,9.78290958415723,above_or_equal_median,12884.130129618063,2012,0
2012,MS,5003900,0.0,1.0,0.0,0.0,0,19200.67911714771,9.862700928075121,above_or_equal_median,12884.130129618063,2012,0
2016,MS,5003900,0.0,1.0,0.0,0.0,0,19200.67911714771,9.862700928075121,above_or_equal_median,12884.130129618063,2012,0
2012,MS,5004007,0.45938769134645424,0.5406123086535458,0.0,0.0,0,11613.157098173746,9.359893966939822,below_median,12884.130129618063,2012,0
2016,MS,5004007,1.0,0.0,0.0,0.0,0,11613.157098173746,9.359893966939822,below_median,12884.130129618063,2012,0
2012,MS,5004106,0.022768520046196998,0.977231479953803,0.0,0.0,0,13014.044669852727,9.473784412495077,above_or_equal_median,12884.130129618063,2012,0
2016,MS,5004106,0.0,1.0,0.0,0.0,0,13014.044669852727,9.473784412495077,above_or_equal_median,12884.130129618063,2012,0
2012,MS,5004304,0.0,1.0,0.0,0.0,0,18998.937935612346,9.852138358460554,above_or_equal_median,12884.130129618063,2012,0
2016,MS,5004304,0.32183341547560373,0.6781665845243963,0.0,0.0,0,18998.937935612346,9.852138358460554,above_or_equal_median,12884.130129618063,2012,0
2012,MS,5004403,1.0,0.0,0.0,0.0,0,21237.989265610682,9.963546803530509,above_or_equal_median,12884.130129618063,2012,0
2016,MS,5004403,0.0,1.0,0.0,0.0,0,21237.989265610682,9.963546803530509,above_or_equal_median,12884.130129618063,2012,0
2012,MS,5004502,0.0,1.0,0.0,0.0,0,21489.41330099804,9.975315688240054,above_or_equal_median,12884.130129618063,2012,0
2016,MS,5004502,0.0,1.0,0.0,0.0,0,21489.41330099804,9.975315688240054,above_or_equal_median,12884.130129618063,2012,0
2012,MS,5004601,0.0,0.6073601854534918,0.39263981454650826,0.0,0,19051.512287334594,9.854901762565932,above_or_equal_median,12884.130129618063,2012,0
2016,MS,5004601,0.0,0.9124232404345772,0.08757675956542277,0.0,0,19051.512287334594,9.854901762565932,above_or_equal_median,12884.130129618063,2012,0
2012,MS,5004700,0.3860628174858696,0.4981040280460757,0.11583315446805466,0.0,0,18484.920033857532,9.824710545359618,above_or_equal_median,12884.130129618063,2012,0
2016,MS,5004700,0.3513771475320425,0.6486228524679575,0.0,0.0,0,18484.920033857532,9.824710545359618,above_or_equal_median,12884.130129618063,2012,0
2012,MS,5004809,0.0,0.4786533300805074,0.5213466699194925,0.0,0,7140.742599096839,8.873572055401183,below_median,12884.130129618063,2012,0
2016,MS,5004809,0.416338457629272,0.583661542370728,0.0,0.0,0,7140.742599096839,8.873572055401183,below_median,12884.130129618063,2012,0
2012,MS,5005004,0.21067735975154303,0.5128749459448835,0.2764476943035735,0.0,0,13514.683780819692,9.511532060791216,above_or_equal_median,12884.130129618063,2012,0
2016,MS,5005004,0.027696150455480458,0.553776079929474,0.41852776961504556,0.0,0,13514.683780819692,9.511532060791216,above_or_equal_median,12884.130129618063,2012,0
2012,MS,5005152,0.5428786359077231,0.4571213640922768,0.0,0.0,0,23345.090246729593,10.058141973181655,above_or_equal_median,12884.130129618063,2012,0
2016,MS,5005152,0.38215048658912887,0.6178495134108711,0.0,0.0,0,23345.090246729593,10.058141973181655,above_or_equal_median,12884.130129618063,2012,0
2012,MS,5005202,0.2991577414994281,0.32536133929499844,0.37548091920557347,0.0,0,8839.83816055657,9.087023847834756,below_median,12884.130129618063,2012,0
2016,MS,5005202,0.0,0.9506201731804353,0.04937982681956471,0.0,0,8839.83816055657,9.087023847834756,below_median,12884.130129618063,2012,0
2012,MS,5005251,0.0,1.0,0.0,0.0,0,44207.805907172995,10.69665665670778,above_or_equal_median,12884.130129618063,2012,0
2016,MS,5005251,0.46589259796806964,0.5341074020319303,0.0,0.0,0,44207.805907172995,10.69665665670778,above_or_equal_median,12884.130129618063,2012,0
2012,MS,5005400,0.0,0.8419687897788883,0.1580312102211117,0.0,0,42806.138892441486,10.664436803350883,above_or_equal_median,12884.130129618063,2012,0
2016,MS,5005400,0.3282517941742108,0.6717482058257892,0.0,0.0,0,42806.138892441486,10.664436803350883,above_or_equal_median,12884.130129618063,2012,0
2012,MS,5005608,0.0,0.6033678230878474,0.3966321769121526,0.0,0,12440.42946201801,9.428706888367534,below_median,12884.130129618063,2012,0
2016,MS,5005608,0.5166605638960088,0.4833394361039912,0.0,0.0,0,12440.42946201801,9.428706888367534,below_median,12884.130129618063,2012,0
2012,MS,5005681,0.0,0.4991408157728136,0.5008591842271864,0.0,0,16160.570401715842,9.690329628588039,above_or_equal_median,12884.130129618063,2012,0
2016,MS,5005681,0.574024105054866,0.0,0.425975894945134,0.0,0,16160.570401715842,9.690329628588039,above_or_equal_median,12884.130129618063,2012,0
2012,MS,5005707,0.01657751982094761,0.9834224801790524,0.0,0.0,0,23106.014739347378,10.047848240944058,above_or_equal_median,12884.130129618063,2012,0
2016,MS,5005707,1.0,0.0,0.0,0.0,0,23106.014739347378,10.047848240944058,above_or_equal_median,12884.130129618063,2012,0
2012,MS,5005806,0.3110874452727488,0.6889125547272512,0.0,0.0,0,14375.376216140547,9.573272036880685,above_or_equal_median,12884.130129618063,2012,0
2016,MS,5005806,0.0,1.0,0.0,0.0,0,14375.376216140547,9.573272036880685,above_or_equal_median,12884.130129618063,2012,0
2012,MS,5006002,0.0,0.5533754881904408,0.44662451180955925,0.0,0,39188.627225732336,10.576141861892543,above_or_equal_median,12884.130129618063,2012,0
2016,MS,5006002,0.0,1.0,0.0,0.0,0,39188.627225732336,10.576141861892543,above_or_equal_median,12884.130129618063,2012,0
2012,MS,5006200,0.0,0.6023959168178176,0.3976040831821825,0.0,0,26231.061409837457,10.174699537533538,above_or_equal_median,12884.130129618063,2012,0
2016,MS,5006200,0.4760805014846585,0.4183850214450676,0.10553447707027384,0.0,0,26231.061409837457,10.174699537533538,above_or_equal_median,12884.130129618063,2012,0
2012,MS,5006259,0.45176544766708704,0.17686002522068095,0.371374527112232,0.0,0,16430.902924968206,9.706919165392762,above_or_equal_median,12884.130129618063,2012,0
2016,MS,5006259,0.0,1.0,0.0,0.0,0,16430.902924968206,9.706919165392762,above_or_equal_median,12884.130129618063,2012,0
2012,MS,5006309,0.17513347354796957,0.7196246562044977,0.10524187024753276,0.0,0,18431.5159903119,9.82181730394467,above_or_equal_median,12884.130129618063,2012,0
2016,MS,5006309,0.0,1.0,0.0,0.0,0,18431.5159903119,9.82181730394467,above_or_equal_median,12884.130129618063,2012,0
2012,MS,5006358,0.0,1.0,0.0,0.0,0,8042.452457981535,8.992489347747439,below_median,12884.130129618063,2012,0
2016,MS,5006358,0.0,1.0,0.0,0.0,0,8042.452457981535,8.992489347747439,below_median,12884.130129618063,2012,0
2012,MS,5006408,0.0,0.4977004599080184,0.5022995400919816,0.0,0,19946.840903324028,9.900826059068637,above_or_equal_median,12884.130129618063,2012,0
2016,MS,5006408,0.0804914213090447,0.9195085786909553,0.0,0.0,0,19946.840903324028,9.900826059068637,above_or_equal_median,12884.130129618063,2012,0
2012,MS,5006606,0.20543439399356453,0.7945656060064354,0.0,0.0,0,19013.539218977287,9.852906594849026,above_or_equal_median,12884.130129618063,2012,0
2016,MS,5006606,0.0,1.0,0.0,0.0,0,19013.539218977287,9.852906594849026,above_or_equal_median,12884.130129618063,2012,0
2012,MS,5006903,0.0,0.5162721893491125,0.48372781065088755,0.0,0,15375.374609449722,9.64052245722016,above_or_equal_median,12884.130129618063,2012,0
2016,MS,5006903,0.0,1.0,0.0,0.0,0,15375.374609449722,9.64052245722016,above_or_equal_median,12884.130129618063,2012,0
2012,MS,5007208,0.0,1.0,0.0,0.0,0,40766.36862745098,10.615612722124771,above_or_equal_median,12884.130129618063,2012,0
2016,MS,5007208,0.0,1.0,0.0,0.0,0,40766.36862745098,10.615612722124771,above_or_equal_median,12884.130129618063,2012,0
2012,MS,5007307,0.41067285382830626,0.5893271461716937,0.0,0.0,0,12604.581072935503,9.441815604078492,below_median,12884.130129618063,2012,0
2016,MS,5007307,0.0,1.0,0.0,0.0,0,12604.581072935503,9.441815604078492,below_median,12884.130129618063,2012,0
2012,MS,5007406,0.0,0.46704565642209983,0.5329543435779002,0.0,0,15602.820458850769,9.655206975539803,above_or_equal_median,12884.130129618063,2012,0
2016,MS,5007406,0.4894927536231884,0.5105072463768116,0.0,0.0,0,15602.820458850769,9.655206975539803,above_or_equal_median,12884.130129618063,2012,0
2012,MS,5007505,0.0,1.0,0.0,0.0,0,20852.84147557328,9.945245499743502,above_or_equal_median,12884.130129618063,2012,0
2016,MS,5007505,0.08043117744610281,0.9195688225538972,0.0,0.0,0,20852.84147557328,9.945245499743502,above_or_equal_median,12884.130129618063,2012,0
2012,MS,5007554,0.7250062956434148,0.27499370435658527,0.0,0.0,0,20042.295661634707,9.905600102611784,above_or_equal_median,12884.130129618063,2012,0
2016,MS,5007554,0.0,1.0,0.0,0.0,0,20042.295661634707,9.905600102611784,above_or_equal_median,12884.130129618063,2012,0
2012,MS,5007695,0.5920588235294117,0.40794117647058825,0.0,0.0,0,41858.48974626347,10.64204991666456,above_or_equal_median,12884.130129618063,2012,0
2016,MS,5007695,0.0,1.0,0.0,0.0,0,41858.48974626347,10.64204991666456,above_or_equal_median,12884.130129618063,2012,0
2012,MS,5007703,0.42907503777068995,0.5709249622293101,0.0,0.0,0,12767.686157850701,9.454672739018651,below_median,12884.130129618063,2012,0
2016,MS,5007703,0.3437388512308241,0.6562611487691759,0.0,0.0,0,12767.686157850701,9.454672739018651,below_median,12884.130129618063,2012,0
2012,MS,5007802,0.49798686162322525,0.5020131383767747,0.0,0.0,0,215305.00158277937,12.279810913843328,above_or_equal_median,12884.130129618063,2012,0
2016,MS,5007802,0.0,1.0,0.0,0.0,0,215305.00158277937,12.279810913843328,above_or_equal_median,12884.130129618063,2012,0
2012,MS,5007935,0.5517662741612975,0.0,0.4482337258387025,0.0,0,30772.325997952918,10.334371058502722,above_or_equal_median,12884.130129618063,2012,0
2016,MS,5007935,0.0,1.0,0.0,0.0,0,30772.325997952918,10.334371058502722,above_or_equal_median,12884.130129618063,2012,0
2012,MS,5007950,0.5492615820352013,0.0,0.4507384179647987,0.0,0,12489.848687990807,9.432671488393783,below_median,12884.130129618063,2012,0
2016,MS,5007950,0.32547229618359325,0.6745277038164067,0.0,0.0,0,12489.848687990807,9.432671488393783,below_median,12884.130129618063,2012,0
2012,MS,5007976,0.0,1.0,0.0,0.0,0,24793.015332197614,10.118317252654387,above_or_equal_median,12884.130129618063,2012,0
2016,MS,5007976,0.4667876588021779,0.5332123411978221,0.0,0.0,0,24793.015332197614,10.118317252654387,above_or_equal_median,12884.130129618063,2012,0
2012,MS,5008008,0.0,1.0,0.0,0.0,0,15493.630041724618,9.648184253388035,above_or_equal_median,12884.130129618063,2012,0
2016,MS,5008008,0.5288368492355332,0.4711631507644668,0.0,0.0,0,15493.630041724618,9.648184253388035,above_or_equal_median,12884.130129618063,2012,0
2012,MS,5008305,0.4629494039237773,0.5370505960762226,0.0,0.0,0,47997.57659849464,10.778905801084129,above_or_equal_median,12884.130129618063,2012,0
2016,MS,5008305,0.355611973785204,0.644388026214796,0.0,0.0,0,47997.57659849464,10.778905801084129,above_or_equal_median,12884.130129618063,2012,0
2012,MT,5100201,0.0,1.0,0.0,0.0,0,23856.276976765545,10.079802647297848,above_or_equal_median,12884.130129618063,2012,0
2016,MT,5100201,0.6827123955431755,0.3172876044568245,0.0,0.0,0,23856.276976765545,10.079802647297848,above_or_equal_median,12884.130129618063,2012,0
2012,MT,5100359,0.3941923774954628,0.6058076225045372,0.0,0.0,0,10846.56942193409,9.291604126662218,below_median,12884.130129618063,2012,0
2016,MT,5100359,0.6337432744043043,0.3662567255956956,0.0,0.0,0,10846.56942193409,9.291604126662218,below_median,12884.130129618063,2012,0
2012,MT,5100409,0.9556633762757236,0.044336623724276394,0.0,0.0,0,39434.25621773815,10.582390164686506,above_or_equal_median,12884.130129618063,2012,0
2016,MT,5100409,0.9748490945674044,0.025150905432595575,0.0,0.0,0,39434.25621773815,10.582390164686506,above_or_equal_median,12884.130129618063,2012,0
2012,MT,5100508,0.0,1.0,0.0,0.0,0,6135.276967930029,8.721810501672849,below_median,12884.130129618063,2012,0
2016,MT,5100508,0.03751196172248804,0.962488038277512,0.0,0.0,0,6135.276967930029,8.721810501672849,below_median,12884.130129618063,2012,0
2012,MT,5100607,0.5169110459433041,0.483088954056696,0.0,0.0,0,75511.3174695299,11.23203782426187,above_or_equal_median,12884.130129618063,2012,0
2016,MT,5100607,0.30473658772353795,0.695263412276462,0.0,0.0,0,75511.3174695299,11.23203782426187,above_or_equal_median,12884.130129618063,2012,0
2012,MT,5100805,0.5891181988742964,0.41088180112570355,0.0,0.0,0,12077.131564088086,9.39906898998834,below_median,12884.130129618063,2012,0
2016,MT,5100805,0.0,1.0,0.0,0.0,0,12077.131564088086,9.39906898998834,below_median,12884.130129618063,2012,0
2012,MT,5101209,0.9024970273483948,0.09750297265160524,0.0,0.0,1,12263.705103969754,9.414399374597982,below_median,12884.130129618063,2012,0
2016,MT,5101209,0.5896279594137542,0.41037204058624577,0.0,0.0,1,12263.705103969754,9.414399374597982,below_median,12884.130129618063,2012,1
2012,MT,5101258,0.30956827419532024,0.6904317258046798,0.0,0.0,0,16913.941259458767,9.735893487441421,above_or_equal_median,12884.130129618063,2012,0
2016,MT,5101258,0.39308068737908275,0.6069193126209173,0.0,0.0,0,16913.941259458767,9.735893487441421,above_or_equal_median,12884.130129618063,2012,0
2012,MT,5101407,0.30906821963394343,0.6909317803660566,0.0,0.0,0,26709.78081058726,10.192785099802542,above_or_equal_median,12884.130129618063,2012,0
2016,MT,5101407,0.49871043376318874,0.5012895662368112,0.0,0.0,0,26709.78081058726,10.192785099802542,above_or_equal_median,12884.130129618063,2012,0
2012,MT,5101704,0.9221354470217974,0.07786455297820259,0.0,0.0,0,24728.59167077378,10.115715410684137,above_or_equal_median,12884.130129618063,2012,0
2016,MT,5101704,0.03906528719229397,0.9536805803305982,0.007254132477107861,0.0,0,24728.59167077378,10.115715410684137,above_or_equal_median,12884.130129618063,2012,0
2012,MT,5101852,0.6135560552521683,0.38644394474783167,0.0,0.0,0,29521.692169216924,10.292880599876971,above_or_equal_median,12884.130129618063,2012,0
2016,MT,5101852,0.24977348233162186,0.7502265176683781,0.0,0.0,0,29521.692169216924,10.292880599876971,above_or_equal_median,12884.130129618063,2012,0
2012,MT,5101902,0.516847970283895,0.48315202971610505,0.0,0.0,0,32950.53723601334,10.402762844380842,above_or_equal_median,12884.130129618063,2012,0
2016,MT,5101902,1.0,0.0,0.0,0.0,0,32950.53723601334,10.402762844380842,above_or_equal_median,12884.130129618063,2012,0
2012,MT,5102603,0.49840301974448314,0.5015969802555168,0.0,0.0,0,8998.286497601097,9.104789449036607,below_median,12884.130129618063,2012,0
2016,MT,5102603,1.0,0.0,0.0,0.0,0,8998.286497601097,9.104789449036607,below_median,12884.130129618063,2012,0
2012,MT,5102637,0.3987425289140728,0.6012574710859272,0.0,0.0,0,60057.63807689663,11.003060014705035,above_or_equal_median,12884.130129618063,2012,0
2016,MT,5102637,0.6381325586109047,0.3618674413890953,0.0,0.0,0,60057.63807689663,11.003060014705035,above_or_equal_median,12884.130129618063,2012,0
2012,MT,5102694,0.38842710997442453,0.6115728900255755,0.0,0.0,0,12339.781328847772,9.420583576787601,below_median,12884.130129618063,2012,0
2016,MT,5102694,0.37668752057951926,0.6233124794204807,0.0,0.0,0,12339.781328847772,9.420583576787601,below_median,12884.130129618063,2012,0
2012,MT,5102702,1.0,0.0,0.0,0.0,0,31915.472481827623,10.370846201961825,above_or_equal_median,12884.130129618063,2012,0
2016,MT,5102702,0.30216700915374556,0.6978329908462544,0.0,0.0,0,31915.472481827623,10.370846201961825,above_or_equal_median,12884.130129618063,2012,0
2012,MT,5102793,0.46132925378208395,0.538670746217916,0.0,0.0,0,8189.382006856295,9.010593716961786,below_median,12884.130129618063,2012,0
2016,MT,5102793,1.0,0.0,0.0,0.0,0,8189.382006856295,9.010593716961786,below_median,12884.130129618063,2012,0
2012,MT,5102850,0.4675209898365002,0.0,0.5324790101634997,0.0,0,11347.915160279585,9.336789319718171,below_median,12884.130129618063,2012,0
2016,MT,5102850,0.39400765938274385,0.0,0.6059923406172562,0.0,0,11347.915160279585,9.336789319718171,below_median,12884.130129618063,2012,0
2012,MT,5103056,0.5648621041879469,0.4351378958120531,0.0,0.0,0,20307.678587353963,9.918754349043967,above_or_equal_median,12884.130129618063,2012,0
2016,MT,5103056,0.4923625254582485,0.5076374745417516,0.0,0.0,0,20307.678587353963,9.918754349043967,above_or_equal_median,12884.130129618063,2012,0
2012,MT,5103205,0.3318662474992855,0.6681337525007145,0.0,0.0,0,14911.470361816782,9.60988601871258,above_or_equal_median,12884.130129618063,2012,0
2016,MT,5103205,0.8088288505608491,0.1911711494391509,0.0,0.0,0,14911.470361816782,9.60988601871258,above_or_equal_median,12884.130129618063,2012,0
2012,MT,5103254,0.16931335271751285,0.5925594572429732,0.2381271900395139,0.0,0,9331.03089205137,9.141100779918862,below_median,12884.130129618063,2012,0
2016,MT,5103254,0.0,1.0,0.0,0.0,0,9331.03089205137,9.141100779918862,below_median,12884.130129618063,2012,0
2012,MT,5103304,0.483974358974359,0.13591746794871795,0.3801081730769231,0.0,0,18315.907994209425,9.81552525051745,above_or_equal_median,12884.130129618063,2012,0
2016,MT,5103304,0.5448857994041708,0.4551142005958292,0.0,0.0,0,18315.907994209425,9.81552525051745,above_or_equal_median,12884.130129618063,2012,0
2012,MT,5103353,0.5982845451683979,0.2784073024866226,0.12330815234497954,0.0,0,10015.253203172666,9.211864530174001,below_median,12884.130129618063,2012,0
2016,MT,5103353,0.0,1.0,0.0,0.0,0,10015.253203172666,9.211864530174001,below_median,12884.130129618063,2012,0
2012,MT,5103361,1.0,0.0,0.0,0.0,0,14395.892755276669,9.574698219551603,above_or_equal_median,12884.130129618063,2012,0
2016,MT,5103361,0.37550744248985113,0.6244925575101489,0.0,0.0,0,14395.892755276669,9.574698219551603,above_or_equal_median,12884.130129618063,2012,0
2012,MT,5103379,0.4132433208848032,0.5867566791151968,0.0,0.0,0,8499.120160884866,9.047717926636695,below_median,12884.130129618063,2012,0
2016,MT,5103379,0.0,1.0,0.0,0.0,0,8499.120160884866,9.047717926636695,below_median,12884.130129618063,2012,0
2012,MT,5103437,0.7449664429530202,0.2550335570469799,0.0,0.0,0,11411.549410329402,9.342381227706126,below_median,12884.130129618063,2012,0
2016,MT,5103437,0.408615774469433,0.591384225530567,0.0,0.0,0,11411.549410329402,9.342381227706126,below_median,12884.130129618063,2012,0
2012,MT,5103452,0.6168073984720547,0.3831926015279453,0.0,0.0,0,33929.18010133579,10.432030693069446,above_or_equal_median,12884.130129618063,2012,0
2016,MT,5103452,0.38272167768406656,0.6172783223159335,0.0,0.0,0,33929.18010133579,10.432030693069446,above_or_equal_median,12884.130129618063,2012,0
2012,MT,5103601,0.8084036992360274,0.0,0.19159630076397266,0.0,0,29123.924268502582,10.279315255198853,above_or_equal_median,12884.130129618063,2012,0
2016,MT,5103601,0.4858383685800604,0.5141616314199395,0.0,0.0,0,29123.924268502582,10.279315255198853,above_or_equal_median,12884.130129618063,2012,0
2012,MT,5103700,0.5647235319331333,0.4352764680668667,0.0,0.0,0,22956.235945338176,10.041344897330957,above_or_equal_median,12884.130129618063,2012,0
2016,MT,5103700,0.0,1.0,0.0,0.0,0,22956.235945338176,10.041344897330957,above_or_equal_median,12884.130129618063,2012,0
2012,MT,5103809,0.5289881166726683,0.4710118833273316,0.0,0.0,0,12054.599246906939,9.397201546338666,below_median,12884.130129618063,2012,0
2016,MT,5103809,0.42498066511987626,0.5750193348801237,0.0,0.0,0,12054.599246906939,9.397201546338666,below_median,12884.130129618063,2012,0
2012,MT,5103858,1.0,0.0,0.0,0.0,0,37660.9651802077,10.536379430672103,above_or_equal_median,12884.130129618063,2012,0
2016,MT,5103858,0.47651386530843237,0.5234861346915677,0.0,0.0,0,37660.9651802077,10.536379430672103,above_or_equal_median,12884.130129618063,2012,0
2012,MT,5103908,0.6926188068756319,0.3006403774856758,0.006740815638692282,0.0,0,31269.395711500976,10.350395125401104,above_or_equal_median,12884.130129618063,2012,0
2016,MT,5103908,0.5082401412595644,0.49175985874043554,0.0,0.0,0,31269.395711500976,10.350395125401104,above_or_equal_median,12884.130129618063,2012,0
2012,MT,5103957,0.5497910007376444,0.4502089992623555,0.0,0.0,0,12990.648178007095,9.471985006649723,above_or_equal_median,12884.130129618063,2012,0
2016,MT,5103957,0.0,1.0,0.0,0.0,0,12990.648178007095,9.471985006649723,above_or_equal_median,12884.130129618063,2012,0
2012,MT,5104104,0.6323831081559029,0.36761689184409707,0.0,0.0,0,12499.984766779393,9.433482704632002,below_median,12884.130129618063,2012,0
2016,MT,5104104,0.7356465129164069,0.264353487083593,0.0,0.0,0,12499.984766779393,9.433482704632002,below_median,12884.130129618063,2012,0
2012,MT,5104203,0.6104175634954799,0.38958243650452,0.0,0.0,0,18679.13984579472,9.835162663923649,above_or_equal_median,12884.130129618063,2012,0
2016,MT,5104203,0.4258784497059267,0.5741215502940733,0.0,0.0,0,18679.13984579472,9.835162663923649,above_or_equal_median,12884.130129618063,2012,0
2012,MT,5104526,0.22685834502103785,0.4154978962131837,0.3576437587657784,0.0,0,78565.44130705026,11.271687203703221,above_or_equal_median,12884.130129618063,2012,0
2016,MT,5104526,0.05319148936170213,0.9468085106382979,0.0,0.0,0,78565.44130705026,11.271687203703221,above_or_equal_median,12884.130129618063,2012,0
2012,MT,5104542,0.35950540958268934,0.6404945904173107,0.0,0.0,0,27758.54623965455,10.231299044360918,above_or_equal_median,12884.130129618063,2012,0
2016,MT,5104542,1.0,0.0,0.0,0.0,0,27758.54623965455,10.231299044360918,above_or_equal_median,12884.130129618063,2012,0
2012,MT,5104559,1.0,0.0,0.0,0.0,0,28403.141361256545,10.254255029344167,above_or_equal_median,12884.130129618063,2012,0
2016,MT,5104559,0.0,1.0,0.0,0.0,0,28403.141361256545,10.254255029344167,above_or_equal_median,12884.130129618063,2012,0
2012,MT,5104609,0.6207765263781861,0.3747777119146414,0.004445761707172495,0.0,0,89561.24175266453,11.402677935653022,above_or_equal_median,12884.130129618063,2012,0
2016,MT,5104609,0.7074429944069984,0.2925570055930016,0.0,0.0,0,89561.24175266453,11.402677935653022,above_or_equal_median,12884.130129618063,2012,0
2012,MT,5104807,0.24657709532949457,0.34401791426743444,0.409404990403071,0.0,1,23791.722914336406,10.077093022462668,above_or_equal_median,12884.130129618063,2012,0
2016,MT,5104807,0.0,1.0,0.0,0.0,1,23791.722914336406,10.077093022462668,above_or_equal_median,12884.130129618063,2012,1
2012,MT,5105002,0.4167601345938151,0.0,0.5832398654061849,0.0,0,22244.583581792886,10.00985382343323,above_or_equal_median,12884.130129618063,2012,0
2016,MT,5105002,0.5253848673435965,0.47461513265640354,0.0,0.0,0,22244.583581792886,10.00985382343323,above_or_equal_median,12884.130129618063,2012,0
2012,MT,5105101,0.6639641561766588,0.33313420098143803,0.0029016428419031365,0.0,0,14722.26586102719,9.597116311213044,above_or_equal_median,12884.130129618063,2012,0
2016,MT,5105101,0.4426022022528794,0.5573977977471206,0.0,0.0,0,14722.26586102719,9.597116311213044,above_or_equal_median,12884.130129618063,2012,0
2012,MT,5105150,0.0,0.5376069170695426,0.46239308293045744,0.0,0,14992.267126413468,9.615289822249927,above_or_equal_median,12884.130129618063,2012,0
2016,MT,5105150,0.41324117861040377,0.0,0.5867588213895962,0.0,0,14992.267126413468,9.615289822249927,above_or_equal_median,12884.130129618063,2012,0
2012,MT,5105176,0.4532967032967033,0.5467032967032966,0.0,0.0,0,11063.092783505155,9.31136987283018,below_median,12884.130129618063,2012,0
2016,MT,5105176,0.7896403528613436,0.2103596471386564,0.0,0.0,0,11063.092783505155,9.31136987283018,below_median,12884.130129618063,2012,0
2012,MT,5105200,0.635646032405484,0.364353967594516,0.0,0.0,0,19947.419497132774,9.90085506543712,above_or_equal_median,12884.130129618063,2012,0
2016,MT,5105200,0.10156822512091455,0.8984317748790854,0.0,0.0,0,19947.419497132774,9.90085506543712,above_or_equal_median,12884.130129618063,2012,0
2012,MT,5105234,1.0,0.0,0.0,0.0,0,27444.684684684686,10.219927791928546,above_or_equal_median,12884.130129618063,2012,0
2016,MT,5105234,0.33963793569305595,0.6603620643069441,0.0,0.0,0,27444.684684684686,10.219927791928546,above_or_equal_median,12884.130129618063,2012,0
2012,MT,5105507,0.40418388429752067,0.5958161157024794,0.0,0.0,0,18313.06702775897,9.815370129253235,above_or_equal_median,12884.130129618063,2012,0
2016,MT,5105507,0.0,1.0,0.0,0.0,0,18313.06702775897,9.815370129253235,above_or_equal_median,12884.130129618063,2012,0
2012,MT,5105580,0.551550215101617,0.44844978489838305,0.0,0.0,0,14468.121670390101,9.579703002657176,above_or_equal_median,12884.130129618063,2012,0
2016,MT,5105580,0.5331202789076118,0.4668797210923881,0.0,0.0,0,14468.121670390101,9.579703002657176,above_or_equal_median,12884.130129618063,2012,0
2012,MT,5105606,0.0,1.0,0.0,0.0,0,17813.963039014372,9.787737869161683,above_or_equal_median,12884.130129618063,2012,0
2016,MT,5105606,0.4226307996051333,0.5430651530108588,0.0343040473840079,0.0,0,17813.963039014372,9.787737869161683,above_or_equal_median,12884.130129618063,2012,0
2012,MT,5106000,0.5897978373295721,0.4102021626704278,0.0,0.0,1,13007.2853975293,9.473264894664284,above_or_equal_median,12884.130129618063,2012,0
2016,MT,5106000,1.0,0.0,0.0,0.0,1,13007.2853975293,9.473264894664284,above_or_equal_median,12884.130129618063,2012,1
2012,MT,5106158,0.7346754807692307,0.2653245192307692,0.0,0.0,0,11882.286269430051,9.382804021322825,below_median,12884.130129618063,2012,0
2016,MT,5106158,0.23353293413173654,0.7664670658682635,0.0,0.0,0,11882.286269430051,9.382804021322825,below_median,12884.130129618063,2012,0
2012,MT,5106174,0.5098493626882966,0.4901506373117034,0.0,0.0,0,10427.361154690932,9.252188510680694,below_median,12884.130129618063,2012,0
2016,MT,5106174,0.0,1.0,0.0,0.0,0,10427.361154690932,9.252188510680694,below_median,12884.130129618063,2012,0
2012,MT,5106182,0.5383737517831669,0.0,0.46162624821683307,0.0,0,23156.692634560906,10.050039116418544,above_or_equal_median,12884.130129618063,2012,0
2016,MT,5106182,1.0,0.0,0.0,0.0,0,23156.692634560906,10.050039116418544,above_or_equal_median,12884.130129618063,2012,0
2012,MT,5106208,0.0,0.46374309392265195,0.5362569060773481,0.0,1,9725.828415796641,9.182540349002297,below_median,12884.130129618063,2012,0
2016,MT,5106208,0.0,1.0,0.0,0.0,1,9725.828415796641,9.182540349002297,below_median,12884.130129618063,2012,1
2012,MT,5106216,0.38863667629660203,0.611363323703398,0.0,0.0,0,26609.00163666121,10.189004844916202,above_or_equal_median,12884.130129618063,2012,0
2016,MT,5106216,0.366120218579235,0.6338797814207651,0.0,0.0,0,26609.00163666121,10.189004844916202,above_or_equal_median,12884.130129618063,2012,0
2012,MT,5106224,0.0,1.0,0.0,0.0,1,52921.19043463083,10.876559112961349,above_or_equal_median,12884.130129618063,2012,0
2016,MT,5106224,0.0,1.0,0.0,0.0,1,52921.19043463083,10.876559112961349,above_or_equal_median,12884.130129618063,2012,1
2012,MT,5106232,0.6113119285562407,0.3886880714437593,0.0,0.0,0,25208.902208902207,10.134952473375119,above_or_equal_median,12884.130129618063,2012,0
2016,MT,5106232,0.8043502263442641,0.19564977365573588,0.0,0.0,0,25208.902208902207,10.134952473375119,above_or_equal_median,12884.130129618063,2012,0
2012,MT,5106240,0.0,1.0,0.0,0.0,0,65129.85548836733,11.084138332719736,above_or_equal_median,12884.130129618063,2012,0
2016,MT,5106240,0.47771761765930865,0.5222823823406914,0.0,0.0,0,65129.85548836733,11.084138332719736,above_or_equal_median,12884.130129618063,2012,0
2012,MT,5106257,1.0,0.0,0.0,0.0,0,14660.139579253904,9.5928874964904,above_or_equal_median,12884.130129618063,2012,0
2016,MT,5106257,1.0,0.0,0.0,0.0,0,14660.139579253904,9.5928874964904,above_or_equal_median,12884.130129618063,2012,0
2012,MT,5106265,0.08100263852242744,0.9189973614775726,0.0,0.0,0,12164.606376057254,9.406285897608816,below_median,12884.130129618063,2012,0
2016,MT,5106265,0.3138339920948617,0.6861660079051384,0.0,0.0,0,12164.606376057254,9.406285897608816,below_median,12884.130129618063,2012,0
2012,MT,5106273,0.5286997266692698,0.47130027333073016,0.0,0.0,0,9575.69352708058,9.16698324245254,below_median,12884.130129618063,2012,0
2016,MT,5106273,0.5442390876917027,0.4557609123082973,0.0,0.0,0,9575.69352708058,9.16698324245254,below_median,12884.130129618063,2012,0
2012,MT,5106281,0.5599404318689502,0.4400595681310499,0.0,0.0,0,46104.47504302926,10.738665296790412,above_or_equal_median,12884.130129618063,2012,0
2016,MT,5106281,0.4862096138691883,0.5137903861308116,0.0,0.0,0,46104.47504302926,10.738665296790412,above_or_equal_median,12884.130129618063,2012,0
2012,MT,5106299,0.48614107883817426,0.5138589211618257,0.0,0.0,0,45967.71792724905,10.735694644915199,above_or_equal_median,12884.130129618063,2012,0
2016,MT,5106299,0.0,1.0,0.0,0.0,0,45967.71792724905,10.735694644915199,above_or_equal_median,12884.130129618063,2012,0
2012,MT,5106307,0.8012874335292471,0.18070715551823865,0.018005410952514227,0.0,0,23223.864836325236,10.052935685687755,above_or_equal_median,12884.130129618063,2012,0
2016,MT,5106307,0.0,1.0,0.0,0.0,0,23223.864836325236,10.052935685687755,above_or_equal_median,12884.130129618063,2012,0
2012,MT,5106315,0.4007547169811321,0.5992452830188679,0.0,0.0,0,9546.265852512917,9.16390534680228,below_median,12884.130129618063,2012,0
2016,MT,5106315,0.6363636363636364,0.36363636363636365,0.0,0.0,0,9546.265852512917,9.16390534680228,below_median,12884.130129618063,2012,0
2012,MT,5106372,0.3284254807692308,0.6715745192307693,0.0,0.0,0,28539.958952671186,10.259060452791223,above_or_equal_median,12884.130129618063,2012,0
2016,MT,5106372,0.0,1.0,0.0,0.0,0,28539.958952671186,10.259060452791223,above_or_equal_median,12884.130129618063,2012,0
2012,MT,5106422,0.5386373691195989,0.46136263088040114,0.0,0.0,0,8724.933367178575,9.073940110041876,below_median,12884.130129618063,2012,0
2016,MT,5106422,0.0,1.0,0.0,0.0,0,8724.933367178575,9.073940110041876,below_median,12884.130129618063,2012,0
2012,MT,5106653,0.0,1.0,0.0,0.0,0,8899.397803754871,9.093738890931569,below_median,12884.130129618063,2012,0
2016,MT,5106653,0.5724137931034483,0.42758620689655175,0.0,0.0,0,8899.397803754871,9.093738890931569,below_median,12884.130129618063,2012,0
2012,MT,5106778,0.5045592705167173,0.3238095238095238,0.17163120567375886,0.0,0,12030.084018429849,9.395165793019968,below_median,12884.130129618063,2012,0
2016,MT,5106778,0.0,0.6617188931647425,0.3382811068352575,0.0,0,12030.084018429849,9.395165793019968,below_median,12884.130129618063,2012,0
2012,MT,5106802,0.4159581425768476,0.5840418574231524,0.0,0.0,0,36712.38693003508,10.510869495625663,above_or_equal_median,12884.130129618063,2012,0
2016,MT,5106802,0.0,1.0,0.0,0.0,0,36712.38693003508,10.510869495625663,above_or_equal_median,12884.130129618063,2012,0
2012,MT,5106828,0.481651376146789,0.0,0.518348623853211,0.0,0,12268.233821952092,9.41476858455301,below_median,12884.130129618063,2012,0
2016,MT,5106828,0.1516734693877551,0.848326530612245,0.0,0.0,0,12268.233821952092,9.41476858455301,below_median,12884.130129618063,2012,0
2012,MT,5106851,0.3693554612118873,0.6306445387881127,0.0,0.0,0,10644.699140401146,9.272817313931569,below_median,12884.130129618063,2012,0
2016,MT,5106851,0.6255905511811024,0.37440944881889765,0.0,0.0,0,10644.699140401146,9.272817313931569,below_median,12884.130129618063,2012,0
2012,MT,5107008,1.0,0.0,0.0,0.0,0,21329.73537604457,9.96785740520206,above_or_equal_median,12884.130129618063,2012,0
2016,MT,5107008,0.27109084363374536,0.7289091563662546,0.0,0.0,0,21329.73537604457,9.96785740520206,above_or_equal_median,12884.130129618063,2012,0
2012,MT,5107040,0.5569269355158075,0.4227443733086925,0.020328691175499968,0.0,1,43594.30532368763,10.68268180896463,above_or_equal_median,12884.130129618063,2012,0
2016,MT,5107040,0.21677158148692494,0.7832284185130751,0.0,0.0,1,43594.30532368763,10.68268180896463,above_or_equal_median,12884.130129618063,2012,1
2012,MT,5107065,0.4959038054968288,0.5040961945031712,0.0,0.0,0,54720.27619938143,10.909989599787009,above_or_equal_median,12884.130129618063,2012,0
2016,MT,5107065,0.0,1.0,0.0,0.0,0,54720.27619938143,10.909989599787009,above_or_equal_median,12884.130129618063,2012,0
2012,MT,5107107,0.3812048633330286,0.6187951366669714,0.0,0.0,0,13611.199322536255,9.518648212449097,above_or_equal_median,12884.130129618063,2012,0
2016,MT,5107107,0.36437287457491496,0.635627125425085,0.0,0.0,0,13611.199322536255,9.518648212449097,above_or_equal_median,12884.130129618063,2012,0
2012,MT,5107156,0.0,1.0,0.0,0.0,0,63745.66473988439,11.062656456628046,above_or_equal_median,12884.130129618063,2012,0
2016,MT,5107156,0.5882691201840138,0.4117308798159862,0.0,0.0,0,63745.66473988439,11.062656456628046,above_or_equal_median,12884.130129618063,2012,0
2012,MT,5107180,0.4935665460394049,0.5064334539605951,0.0,0.0,0,15602.215398113622,9.65516819585437,above_or_equal_median,12884.130129618063,2012,0
2016,MT,5107180,0.2847109670448406,0.7152890329551593,0.0,0.0,0,15602.215398113622,9.65516819585437,above_or_equal_median,12884.130129618063,2012,0
2012,MT,5107198,1.0,0.0,0.0,0.0,1,22039.408866995072,10.000587441990424,above_or_equal_median,12884.130129618063,2012,0
2016,MT,5107198,0.0,1.0,0.0,0.0,1,22039.408866995072,10.000587441990424,above_or_equal_median,12884.130129618063,2012,1
2012,MT,5107206,0.5699257425742574,0.0,0.43007425742574257,0.0,0,9825.143082691928,9.19269999975528,below_median,12884.130129618063,2012,0
2016,MT,5107206,1.0,0.0,0.0,0.0,0,9825.143082691928,9.19269999975528,below_median,12884.130129618063,2012,0
2012,MT,5107248,0.5651197604790419,0.43488023952095806,0.0,0.0,0,43374.1283962491,10.67761842243629,above_or_equal_median,12884.130129618063,2012,0
2016,MT,5107248,0.5819088319088319,0.4180911680911681,0.0,0.0,0,43374.1283962491,10.67761842243629,above_or_equal_median,12884.130129618063,2012,0
2012,MT,5107263,0.9011916583912611,0.09880834160873883,0.0,0.0,0,9820.265780730897,9.1922034662298,below_median,12884.130129618063,2012,0
2016,MT,5107263,0.0,1.0,0.0,0.0,0,9820.265780730897,9.1922034662298,below_median,12884.130129618063,2012,0
2012,MT,5107297,0.47797778628877824,0.5220222137112217,0.0,0.0,0,8032.943098284781,8.99130625265374,below_median,12884.130129618063,2012,0
2016,MT,5107297,1.0,0.0,0.0,0.0,0,8032.943098284781,8.99130625265374,below_median,12884.130129618063,2012,0
2012,MT,5107305,0.5843416370106762,0.3747330960854093,0.04092526690391459,0.0,0,24354.773417294502,10.100483142863123,above_or_equal_median,12884.130129618063,2012,0
2016,MT,5107305,0.5175867122618466,0.4824132877381534,0.0,0.0,0,24354.773417294502,10.100483142863123,above_or_equal_median,12884.130129618063,2012,0
2012,MT,5107354,0.5389019872010778,0.4610980127989222,0.0,0.0,0,27327.34832734833,10.215643249968647,above_or_equal_median,12884.130129618063,2012,0
2016,MT,5107354,0.0,1.0,0.0,0.0,0,27327.34832734833,10.215643249968647,above_or_equal_median,12884.130129618063,2012,0
2012,MT,5107404,0.52019669827889,0.47980330172110996,0.0,0.0,0,8477.576895984974,9.045179944555526,below_median,12884.130129618063,2012,0
2016,MT,5107404,1.0,0.0,0.0,0.0,0,8477.576895984974,9.045179944555526,below_median,12884.130129618063,2012,0
2012,MT,5107578,0.49929211892402076,0.0,0.5007078810759792,0.0,0,14528.19395260147,9.583846451013626,above_or_equal_median,12884.130129618063,2012,0
2016,MT,5107578,0.5065248912518124,0.4934751087481875,0.0,0.0,0,14528.19395260147,9.583846451013626,above_or_equal_median,12884.130129618063,2012,0
2012,MT,5107743,0.0,1.0,0.0,0.0,0,17209.748892171345,9.753231298289803,above_or_equal_median,12884.130129618063,2012,0
2016,MT,5107743,0.4616013071895425,0.5383986928104575,0.0,0.0,0,17209.748892171345,9.753231298289803,above_or_equal_median,12884.130129618063,2012,0
2012,MT,5107750,0.7866666666666666,0.21333333333333335,0.0,0.0,0,10505.692348424676,9.25967251766849,below_median,12884.130129618063,2012,0
2016,MT,5107750,1.0,0.0,0.0,0.0,0,10505.692348424676,9.25967251766849,below_median,12884.130129618063,2012,0
2012,MT,5107768,0.5727513227513228,0.42724867724867727,0.0,0.0,0,134556.42750373692,11.809738925387453,above_or_equal_median,12884.130129618063,2012,0
2016,MT,5107768,0.7022144522144522,0.2977855477855478,0.0,0.0,0,134556.42750373692,11.809738925387453,above_or_equal_median,12884.130129618063,2012,0
2012,MT,5107776,0.43000542593597396,0.14677156809549646,0.4232230059685296,0.0,0,9064.482029598308,9.1121189819644,below_median,12884.130129618063,2012,0
2016,MT,5107776,0.0,0.6528008874098724,0.3471991125901276,0.0,0,9064.482029598308,9.1121189819644,below_median,12884.130129618063,2012,0
2012,MT,5107792,0.0,1.0,0.0,0.0,0,76441.05993065874,11.244275264436236,above_or_equal_median,12884.130129618063,2012,0
2016,MT,5107792,0.5967143614202438,0.40328563857975624,0.0,0.0,0,76441.05993065874,11.244275264436236,above_or_equal_median,12884.130129618063,2012,0
2012,MT,5107859,0.32720050177712734,0.5598996445745348,0.11289985364833786,0.0,0,21256.20140688634,9.964403962690504,above_or_equal_median,12884.130129618063,2012,0
2016,MT,5107859,0.0,1.0,0.0,0.0,0,21256.20140688634,9.964403962690504,above_or_equal_median,12884.130129618063,2012,0
2012,MT,5107875,0.5901732140835503,0.40982678591644967,0.0,0.0,0,86039.36045623504,11.36256015025589,above_or_equal_median,12884.130129618063,2012,0
2016,MT,5107875,0.6401244167962675,0.35987558320373253,0.0,0.0,0,86039.36045623504,11.36256015025589,above_or_equal_median,12884.130129618063,2012,0
2012,MT,5107941,0.3313028099823148,0.6686971900176852,0.0,0.0,0,35000.61255742726,10.463120841959178,above_or_equal_median,12884.130129618063,2012,0
2016,MT,5107941,0.3736036408771204,0.6263963591228796,0.0,0.0,0,35000.61255742726,10.463120841959178,above_or_equal_median,12884.130129618063,2012,0
2012,MT,5108006,0.4624350008965394,0.5375649991034607,0.0,0.0,0,46368.50208295599,10.744375673282885,above_or_equal_median,12884.130129618063,2012,0
2016,MT,5108006,1.0,0.0,0.0,0.0,0,46368.50208295599,10.744375673282885,above_or_equal_median,12884.130129618063,2012,0
2012,MT,5108055,0.6625931445603577,0.0,0.33740685543964233,0.0,0,13899.716350992772,9.539623712507172,above_or_equal_median,12884.130129618063,2012,0
2016,MT,5108055,1.0,0.0,0.0,0.0,0,13899.716350992772,9.539623712507172,above_or_equal_median,12884.130129618063,2012,0
2012,MT,5108105,1.0,0.0,0.0,0.0,0,27407.06427330631,10.218556079339908,above_or_equal_median,12884.130129618063,2012,0
2016,MT,5108105,0.48578924355050285,0.5142107564494972,0.0,0.0,0,27407.06427330631,10.218556079339908,above_or_equal_median,12884.130129618063,2012,0
2012,MT,5108204,1.0,0.0,0.0,0.0,1,13778.367450088452,9.530855065131854,above_or_equal_median,12884.130129618063,2012,0
2016,MT,5108204,1.0,0.0,0.0,0.0,1,13778.367450088452,9.530855065131854,above_or_equal_median,12884.130129618063,2012,1
2012,MT,5108303,0.0,1.0,0.0,0.0,0,22148.037889039242,10.005504188661968,above_or_equal_median,12884.130129618063,2012,0
2016,MT,5108303,1.0,0.0,0.0,0.0,0,22148.037889039242,10.005504188661968,above_or_equal_median,12884.130129618063,2012,0
2012,MT,5108501,1.0,0.0,0.0,0.0,0,34955.06049548685,10.461818529612213,above_or_equal_median,12884.130129618063,2012,0
2016,MT,5108501,0.0,1.0,0.0,0.0,0,34955.06049548685,10.461818529612213,above_or_equal_median,12884.130129618063,2012,0
2012,MT,5108600,0.5484616192376351,0.0,0.4515383807623648,0.0,0,13104.906101177105,9.480741950617537,above_or_equal_median,12884.130129618063,2012,0
2016,MT,5108600,0.4920582758242962,0.5079417241757038,0.0,0.0,0,13104.906101177105,9.480741950617537,above_or_equal_median,12884.130129618063,2012,0
2012,MT,5108808,0.47862648913805184,0.5213735108619482,0.0,0.0,0,12079.60199004975,9.39927352310245,below_median,12884.130129618063,2012,0
2016,MT,5108808,0.5050744248985115,0.12110960757780785,0.3738159675236806,0.0,0,12079.60199004975,9.39927352310245,below_median,12884.130129618063,2012,0
2012,MT,5108857,1.0,0.0,0.0,0.0,0,32410.70834718989,10.386244151718723,above_or_equal_median,12884.130129618063,2012,0
2016,MT,5108857,0.4003598740440846,0.5996401259559154,0.0,0.0,0,32410.70834718989,10.386244151718723,above_or_equal_median,12884.130129618063,2012,0
2012,MT,5108907,0.585450748346676,0.41454925165332407,0.0,0.0,0,39310.487909572184,10.579246630182487,above_or_equal_median,12884.130129618063,2012,0
2016,MT,5108907,0.34439834024896265,0.6556016597510373,0.0,0.0,0,39310.487909572184,10.579246630182487,above_or_equal_median,12884.130129618063,2012,0
2012,MT,5108956,0.42416140009722897,0.575838599902771,0.0,0.0,0,13514.061557030778,9.511486019158042,above_or_equal_median,12884.130129618063,2012,0
2016,MT,5108956,0.0,1.0,0.0,0.0,0,13514.061557030778,9.511486019158042,above_or_equal_median,12884.130129618063,2012,0
2012,GO,5200175,0.0,1.0,0.0,0.0,1,31261.188271604937,10.350132615780359,above_or_equal_median,12884.130129618063,2012,0
2016,GO,5200175,0.9752212389380531,0.024778761061946902,0.0,0.0,1,31261.188271604937,10.350132615780359,above_or_equal_median,12884.130129618063,2012,1
2012,GO,5200209,0.0,1.0,0.0,0.0,1,18092.19143576826,9.803235711780326,above_or_equal_median,12884.130129618063,2012,0
2016,GO,5200209,0.5562560620756547,0.4437439379243453,0.0,0.0,1,18092.19143576826,9.803235711780326,above_or_equal_median,12884.130129618063,2012,1
2012,GO,5200555,0.5257100881488737,0.47428991185112634,0.0,0.0,1,170759.3248593457,12.048010387124013,above_or_equal_median,12884.130129618063,2012,0
2016,GO,5200555,0.5215097402597403,0.4784902597402597,0.0,0.0,1,170759.3248593457,12.048010387124013,above_or_equal_median,12884.130129618063,2012,1
2012,GO,5200803,0.0,1.0,0.0,0.0,1,11190.715335619794,9.322839725591617,below_median,12884.130129618063,2012,0
2016,GO,5200803,0.0,0.7160371761914178,0.2839628238085822,0.0,1,11190.715335619794,9.322839725591617,below_median,12884.130129618063,2012,1
2012,GO,5200829,0.0,0.5614632071458954,0.43853679285410463,0.0,1,12244.196044711953,9.41280731142944,below_median,12884.130129618063,2012,0
2016,GO,5200829,0.0,1.0,0.0,0.0,1,12244.196044711953,9.41280731142944,below_median,12884.130129618063,2012,1
2012,GO,5201207,0.0,1.0,0.0,0.0,1,12985.563041385947,9.471593484064451,above_or_equal_median,12884.130129618063,2012,0
2016,GO,5201207,0.025936599423631124,0.9740634005763689,0.0,0.0,1,12985.563041385947,9.471593484064451,above_or_equal_median,12884.130129618063,2012,1
2012,GO,5201504,0.6015625,0.3984375,0.0,0.0,1,28399.22279792746,10.254117057504674,above_or_equal_median,12884.130129618063,2012,0
2016,GO,5201504,0.5532334384858044,0.4467665615141956,0.0,0.0,1,28399.22279792746,10.254117057504674,above_or_equal_median,12884.130129618063,2012,1
2012,GO,5202155,0.347723704866562,0.652276295133438,0.0,0.0,1,11413.207797374354,9.342526542465253,below_median,12884.130129618063,2012,0
2016,GO,5202155,0.0,1.0,0.0,0.0,1,11413.207797374354,9.342526542465253,below_median,12884.130129618063,2012,1
2012,GO,5202353,0.49279633267845446,0.5072036673215455,0.0,0.0,1,30473.16919191919,10.324601876807993,above_or_equal_median,12884.130129618063,2012,0
2016,GO,5202353,0.0,1.0,0.0,0.0,1,30473.16919191919,10.324601876807993,above_or_equal_median,12884.130129618063,2012,1
2012,GO,5202502,0.0,1.0,0.0,0.0,1,14139.330703651864,9.556715604783752,above_or_equal_median,12884.130129618063,2012,0
2016,GO,5202502,0.3288604045663929,0.671139595433607,0.0,0.0,1,14139.330703651864,9.556715604783752,above_or_equal_median,12884.130129618063,2012,1
2012,GO,5202601,0.2689277149708804,0.7310722850291196,0.0,0.0,1,11734.980348119034,9.370329433645377,below_median,12884.130129618063,2012,0
2016,GO,5202601,0.018448923812777587,0.9815510761872224,0.0,0.0,1,11734.980348119034,9.370329433645377,below_median,12884.130129618063,2012,1
2012,GO,5203203,0.0,0.42628774422735344,0.5737122557726465,0.0,1,52159.86357134998,10.862068581017168,above_or_equal_median,12884.130129618063,2012,0
2016,GO,5203203,0.0,1.0,0.0,0.0,1,52159.86357134998,10.862068581017168,above_or_equal_median,12884.130129618063,2012,1
2012,GO,5203906,0.5517411300919842,0.4482588699080158,0.0,0.0,1,24700.823723228994,10.114591871178582,above_or_equal_median,12884.130129618063,2012,0
2016,GO,5203906,0.0,1.0,0.0,0.0,1,24700.823723228994,10.114591871178582,above_or_equal_median,12884.130129618063,2012,1
2012,GO,5203962,1.0,0.0,0.0,0.0,1,6354.770531400966,8.756961074616159,below_median,12884.130129618063,2012,0
2016,GO,5203962,0.0,0.8521428571428571,0.14785714285714285,0.0,1,6354.770531400966,8.756961074616159,below_median,12884.130129618063,2012,1
2012,GO,5204102,0.6573402417962003,0.3426597582037997,0.0,0.0,1,13395.627709620883,9.502683642367932,above_or_equal_median,12884.130129618063,2012,0
2016,GO,5204102,1.0,0.0,0.0,0.0,1,13395.627709620883,9.502683642367932,above_or_equal_median,12884.130129618063,2012,1
2012,GO,5204201,0.5102339181286549,0.489766081871345,0.0,0.0,1,14326.690391459075,9.569879537515323,above_or_equal_median,12884.130129618063,2012,0
2016,GO,5204201,0.480275516593613,0.519724483406387,0.0,0.0,1,14326.690391459075,9.569879537515323,above_or_equal_median,12884.130129618063,2012,1
2012,GO,5204250,0.388529886914378,0.6114701130856219,0.0,0.0,1,83581.20282444607,11.333573927193472,above_or_equal_median,12884.130129618063,2012,0
2016,GO,5204250,1.0,0.0,0.0,0.0,1,83581.20282444607,11.333573927193472,above_or_equal_median,12884.130129618063,2012,1
2012,GO,5204409,0.4499498495486459,0.5500501504513541,0.0,0.0,1,21875.17572633552,9.99310774439746,above_or_equal_median,12884.130129618063,2012,0
2016,GO,5204409,0.5147017642117054,0.4852982357882946,0.0,0.0,1,21875.17572633552,9.99310774439746,above_or_equal_median,12884.130129618063,2012,1
2012,GO,5204508,0.5789447210904884,0.1896282883154771,0.23142699059403452,0.0,1,21957.753749184958,9.996875602103183,above_or_equal_median,12884.130129618063,2012,0
2016,GO,5204508,0.7976368904876099,0.2023631095123901,0.0,0.0,1,21957.753749184958,9.996875602103183,above_or_equal_median,12884.130129618063,2012,1
2012,GO,5204706,0.4323677916555939,0.5522189742226946,0.015413234121711401,0.0,1,14212.918027000795,9.561906550256031,above_or_equal_median,12884.130129618063,2012,0
2016,GO,5204706,1.0,0.0,0.0,0.0,1,14212.918027000795,9.561906550256031,above_or_equal_median,12884.130129618063,2012,1
2012,GO,5204805,0.4802395209580838,0.5197604790419161,0.0,0.0,1,47626.82771773681,10.771151488967927,above_or_equal_median,12884.130129618063,2012,0
2016,GO,5204805,0.5382385730211817,0.4617614269788183,0.0,0.0,1,47626.82771773681,10.771151488967927,above_or_equal_median,12884.130129618063,2012,1
2012,GO,5204904,0.9748473525927276,0.0,0.025152647407272397,0.0,1,10646.003437902878,9.27293983666172,below_median,12884.130129618063,2012,0
2016,GO,5204904,0.3949322442918136,0.6050677557081864,0.0,0.0,1,10646.003437902878,9.27293983666172,below_median,12884.130129618063,2012,1
2012,GO,5205059,0.651685393258427,0.34831460674157305,0.0,0.0,1,18817.046085508053,9.842518444683806,above_or_equal_median,12884.130129618063,2012,0
2016,GO,5205059,0.594019728729963,0.405980271270037,0.0,0.0,1,18817.046085508053,9.842518444683806,above_or_equal_median,12884.130129618063,2012,1
2012,GO,5205109,0.030240119080261665,0.9697598809197383,0.0,0.0,1,72931.16972578997,11.197271394870496,above_or_equal_median,12884.130129618063,2012,0
2016,GO,5205109,0.0,0.9395668688905291,0.06043313110947092,0.0,1,72931.16972578997,11.197271394870496,above_or_equal_median,12884.130129618063,2012,1
2012,GO,5205455,0.9745554874310239,0.0,0.025444512568976087,0.0,1,37812.23217763927,10.540387931842705,above_or_equal_median,12884.130129618063,2012,0
2016,GO,5205455,1.0,0.0,0.0,0.0,1,37812.23217763927,10.540387931842705,above_or_equal_median,12884.130129618063,2012,1
2012,GO,5205471,0.7065362383281458,0.2934637616718542,0.0,0.0,1,91665.19764957266,11.42589806221116,above_or_equal_median,12884.130129618063,2012,0
2016,GO,5205471,0.5001725327812284,0.4998274672187716,0.0,0.0,1,91665.19764957266,11.42589806221116,above_or_equal_median,12884.130129618063,2012,1
2012,GO,5205497,0.0,0.5429382809541841,0.457061719045816,0.0,1,7469.173732449967,8.918539660556485,below_median,12884.130129618063,2012,0
2016,GO,5205497,0.9744700997887683,0.0255299002112317,0.0,0.0,1,7469.173732449967,8.918539660556485,below_median,12884.130129618063,2012,1
2012,GO,5205901,0.6763587989357659,0.3236412010642341,0.0,0.0,1,45286.852116024726,10.720772029078914,above_or_equal_median,12884.130129618063,2012,0
2016,GO,5205901,0.5760377358490566,0.4239622641509434,0.0,0.0,1,45286.852116024726,10.720772029078914,above_or_equal_median,12884.130129618063,2012,1
2012,GO,5206305,0.0,1.0,0.0,0.0,1,17186.434901158827,9.751875683101623,above_or_equal_median,12884.130129618063,2012,0
2016,GO,5206305,0.0,1.0,0.0,0.0,1,17186.434901158827,9.751875683101623,above_or_equal_median,12884.130129618063,2012,1
2012,GO,5206602,0.0,1.0,0.0,0.0,1,18431.532449881073,9.8218181969565,above_or_equal_median,12884.130129618063,2012,0
2016,GO,5206602,0.3098464317976513,0.6901535682023487,0.0,0.0,1,18431.532449881073,9.8218181969565,above_or_equal_median,12884.130129618063,2012,1
2012,GO,5206701,0.29513399153737657,0.7048660084626234,0.0,0.0,1,7512.002430872075,8.924257344486566,below_median,12884.130129618063,2012,0
2016,GO,5206701,0.0,1.0,0.0,0.0,1,7512.002430872075,8.924257344486566,below_median,12884.130129618063,2012,1
2012,GO,5206909,0.5079646017699115,0.0,0.4920353982300885,0.0,1,118372.81553398058,11.681594376539696,above_or_equal_median,12884.130129618063,2012,0
2016,GO,5206909,0.7393024092053219,0.2606975907946782,0.0,0.0,1,118372.81553398058,11.681594376539696,above_or_equal_median,12884.130129618063,2012,1
2012,GO,5207253,0.0,1.0,0.0,0.0,1,17964.83572895277,9.79617155555662,above_or_equal_median,12884.130129618063,2012,0
2016,GO,5207253,0.0,1.0,0.0,0.0,1,17964.83572895277,9.79617155555662,above_or_equal_median,12884.130129618063,2012,1
2012,GO,5207352,0.0,1.0,0.0,0.0,1,23640.88100993822,10.070732738589493,above_or_equal_median,12884.130129618063,2012,0
2016,GO,5207352,0.47145754853665606,0.528542451463344,0.0,0.0,1,23640.88100993822,10.070732738589493,above_or_equal_median,12884.130129618063,2012,1
2012,GO,5207402,0.0,1.0,0.0,0.0,1,35118.259803921566,10.466476496519178,above_or_equal_median,12884.130129618063,2012,0
2016,GO,5207402,0.31556694426649584,0.6844330557335042,0.0,0.0,1,35118.259803921566,10.466476496519178,above_or_equal_median,12884.130129618063,2012,1
2012,GO,5207501,0.0,1.0,0.0,0.0,1,11025.989724992445,9.308010467260246,below_median,12884.130129618063,2012,0
2016,GO,5207501,0.10207401382675885,0.8979259861732412,0.0,0.0,1,11025.989724992445,9.308010467260246,below_median,12884.130129618063,2012,1
2012,GO,5207535,0.428863678631207,0.571136321368793,0.0,0.0,1,10763.80456779416,9.28394435558704,below_median,12884.130129618063,2012,0
2016,GO,5207535,0.43133997785160577,0.5686600221483943,0.0,0.0,1,10763.80456779416,9.28394435558704,below_median,12884.130129618063,2012,1
2012,GO,5207808,0.31993350460933956,0.6800664953906604,0.0,0.0,1,9226.992309642525,9.129888414115818,below_median,12884.130129618063,2012,0
2016,GO,5207808,0.6660787771898883,0.3339212228101117,0.0,0.0,1,9226.992309642525,9.129888414115818,below_median,12884.130129618063,2012,1
2012,GO,5208103,0.0,1.0,0.0,0.0,1,9017.79359430605,9.106954970529475,below_median,12884.130129618063,2012,0
2016,GO,5208103,0.4670846394984326,0.5329153605015674,0.0,0.0,1,9017.79359430605,9.106954970529475,below_median,12884.130129618063,2012,1
2012,GO,5208608,0.0,1.0,0.0,0.0,1,13662.194443535456,9.522387767626135,above_or_equal_median,12884.130129618063,2012,0
2016,GO,5208608,0.0,1.0,0.0,0.0,1,13662.194443535456,9.522387767626135,above_or_equal_median,12884.130129618063,2012,1
2012,GO,5208905,0.0,0.46736868655022384,0.5326313134497761,0.0,1,15038.126898136748,9.618344048400623,above_or_equal_median,12884.130129618063,2012,0
2016,GO,5208905,0.19131306381556967,0.3827597728032075,0.42592716338122283,0.0,1,15038.126898136748,9.618344048400623,above_or_equal_median,12884.130129618063,2012,1
2012,GO,5209291,0.0,1.0,0.0,0.0,1,9476.005188067445,9.156518112774036,below_median,12884.130129618063,2012,0
2016,GO,5209291,0.008425720620842573,0.9915742793791574,0.0,0.0,1,9476.005188067445,9.156518112774036,below_median,12884.130129618063,2012,1
2012,GO,5210109,0.0,1.0,0.0,0.0,1,30896.46363854075,10.338397010981799,above_or_equal_median,12884.130129618063,2012,0
2016,GO,5210109,0.25739739102768056,0.7426026089723194,0.0,0.0,1,30896.46363854075,10.338397010981799,above_or_equal_median,12884.130129618063,2012,1
2012,GO,5210562,0.19496195224350565,0.8050380477564943,0.0,0.0,1,10998.23516435032,9.305490099304182,below_median,12884.130129618063,2012,0
2016,GO,5210562,0.42455878697489435,0.5754412130251056,0.0,0.0,1,10998.23516435032,9.305490099304182,below_median,12884.130129618063,2012,1
2012,GO,5210604,0.5107692307692308,0.0,0.48923076923076925,0.0,1,9506.298629121897,9.159709871484003,below_median,12884.130129618063,2012,0
2016,GO,5210604,0.43698570809874404,0.563014291901256,0.0,0.0,1,9506.298629121897,9.159709871484003,below_median,12884.130129618063,2012,1
2012,GO,5210802,0.5031277926720286,0.4968722073279714,0.0,0.0,1,15308.867886587574,9.636187539907633,above_or_equal_median,12884.130129618063,2012,0
2016,GO,5210802,0.04432855280312908,0.9556714471968709,0.0,0.0,1,15308.867886587574,9.636187539907633,above_or_equal_median,12884.130129618063,2012,1
2012,GO,5211206,0.8334487534626038,0.1665512465373961,0.0,0.0,1,10520.262743441017,9.261058461592079,below_median,12884.130129618063,2012,0
2016,GO,5211206,0.8068576909243496,0.19314230907565041,0.0,0.0,1,10520.262743441017,9.261058461592079,below_median,12884.130129618063,2012,1
2012,GO,5211503,0.0,0.9683548942719976,0.031645105728002346,0.0,1,35757.210954097216,10.484507232792145,above_or_equal_median,12884.130129618063,2012,0
2016,GO,5211503,0.26151698464402046,0.7384830153559795,0.0,0.0,1,35757.210954097216,10.484507232792145,above_or_equal_median,12884.130129618063,2012,1
2012,GO,5211602,0.4346210995542348,0.5653789004457652,0.0,0.0,1,18242.157612853865,9.811490546810983,above_or_equal_median,12884.130129618063,2012,0
2016,GO,5211602,0.48701012769704977,0.5129898723029502,0.0,0.0,1,18242.157612853865,9.811490546810983,above_or_equal_median,12884.130129618063,2012,1
2012,GO,5211909,0.0,1.0,0.0,0.0,1,34424.82925852595,10.446533363774126,above_or_equal_median,12884.130129618063,2012,0
2016,GO,5211909,0.48517676245606783,0.5148232375439322,0.0,0.0,1,34424.82925852595,10.446533363774126,above_or_equal_median,12884.130129618063,2012,1
2012,GO,5212253,0.5581203627370157,0.44187963726298435,0.0,0.0,1,20652.107279693486,9.935572640625477,above_or_equal_median,12884.130129618063,2012,0
2016,GO,5212253,0.6392215568862275,0.36077844311377244,0.0,0.0,1,20652.107279693486,9.935572640625477,above_or_equal_median,12884.130129618063,2012,1
2012,GO,5212709,0.0,1.0,0.0,0.0,1,7668.431317915854,8.944867351659758,below_median,12884.130129618063,2012,0
2016,GO,5212709,0.5193704600484261,0.48062953995157387,0.0,0.0,1,7668.431317915854,8.944867351659758,below_median,12884.130129618063,2012,1
2012,GO,5212808,0.0,0.9360046969029796,0.06399530309702041,0.0,1,12496.030607364897,9.433166321449459,below_median,12884.130129618063,2012,0
2016,GO,5212808,0.5766110515842645,0.4233889484157355,0.0,0.0,1,12496.030607364897,9.433166321449459,below_median,12884.130129618063,2012,1
2012,GO,5212907,0.42731277533039647,0.5726872246696035,0.0,0.0,1,16503.10262529833,9.711303680108632,above_or_equal_median,12884.130129618063,2012,0
2016,GO,5212907,0.46228835300153925,0.5377116469984607,0.0,0.0,1,16503.10262529833,9.711303680108632,above_or_equal_median,12884.130129618063,2012,1
2012,GO,5213004,0.05855182719739166,0.9414481728026084,0.0,0.0,1,12300.411522633745,9.417387997925527,below_median,12884.130129618063,2012,0
2016,GO,5213004,0.0,1.0,0.0,0.0,1,12300.411522633745,9.417387997925527,below_median,12884.130129618063,2012,1
2012,GO,5213400,0.0,1.0,0.0,0.0,1,13559.164733178653,9.51481796174898,above_or_equal_median,12884.130129618063,2012,0
2016,GO,5213400,0.0,1.0,0.0,0.0,1,13559.164733178653,9.51481796174898,above_or_equal_median,12884.130129618063,2012,1
2012,GO,5213509,1.0,0.0,0.0,0.0,1,7483.517882143312,8.920458265509115,below_median,12884.130129618063,2012,0
2016,GO,5213509,1.0,0.0,0.0,0.0,1,7483.517882143312,8.920458265509115,below_median,12884.130129618063,2012,1
2012,GO,5213756,0.5133959882171413,0.11965212512273811,0.36695188666012063,0.0,1,54004.545041359874,10.896823489437121,above_or_equal_median,12884.130129618063,2012,0
2016,GO,5213756,0.511085772203218,0.48891422779678195,0.0,0.0,1,54004.545041359874,10.896823489437121,above_or_equal_median,12884.130129618063,2012,1
2012,GO,5213772,0.5266929415979935,0.47330705840200643,0.0,0.0,1,9900.551162233405,9.20034570752587,below_median,12884.130129618063,2012,0
2016,GO,5213772,0.22495412844036697,0.775045871559633,0.0,0.0,1,9900.551162233405,9.20034570752587,below_median,12884.130129618063,2012,1
2012,GO,5213806,0.0,1.0,0.0,0.0,1,23106.538507179306,10.047870908716996,above_or_equal_median,12884.130129618063,2012,0
2016,GO,5213806,0.13110478899952585,0.8688952110004742,0.0,0.0,1,23106.538507179306,10.047870908716996,above_or_equal_median,12884.130129618063,2012,1
2012,GO,5213905,1.0,0.0,0.0,0.0,1,12149.345335515549,9.405030565466443,below_median,12884.130129618063,2012,0
2016,GO,5213905,0.3312374245472837,0.6687625754527163,0.0,0.0,1,12149.345335515549,9.405030565466443,below_median,12884.130129618063,2012,1
2012,GO,5214002,0.2492564630519332,0.7507435369480668,0.0,0.0,1,29582.647936531044,10.29494325005855,above_or_equal_median,12884.130129618063,2012,0
2016,GO,5214002,0.47893544733861837,0.5210645526613816,0.0,0.0,1,29582.647936531044,10.29494325005855,above_or_equal_median,12884.130129618063,2012,1
2012,GO,5214101,0.4871069182389937,0.5128930817610063,0.0,0.0,1,10084.268197234542,9.218731884268548,below_median,12884.130129618063,2012,0
2016,GO,5214101,1.0,0.0,0.0,0.0,1,10084.268197234542,9.218731884268548,below_median,12884.130129618063,2012,1
2012,GO,5214838,0.8422018348623853,0.1577981651376147,0.0,0.0,1,19745.646044120087,9.890688292563558,above_or_equal_median,12884.130129618063,2012,0
2016,GO,5214838,0.9716274793117037,0.028372520688296335,0.0,0.0,1,19745.646044120087,9.890688292563558,above_or_equal_median,12884.130129618063,2012,1
2012,GO,5214879,0.0,1.0,0.0,0.0,1,10249.031349066572,9.234938477570818,below_median,12884.130129618063,2012,0
2016,GO,5214879,0.6323695080736011,0.3676304919263988,0.0,0.0,1,10249.031349066572,9.234938477570818,below_median,12884.130129618063,2012,1
2012,GO,5215504,0.4272508038585209,0.5727491961414791,0.0,0.0,1,59802.05382436261,10.998795284237957,above_or_equal_median,12884.130129618063,2012,0
2016,GO,5215504,0.0,1.0,0.0,0.0,1,59802.05382436261,10.998795284237957,above_or_equal_median,12884.130129618063,2012,1
2012,GO,5215652,0.4927803379416283,0.5072196620583718,0.0,0.0,1,17627.329192546586,9.777205771717663,above_or_equal_median,12884.130129618063,2012,0
2016,GO,5215652,0.0,1.0,0.0,0.0,1,17627.329192546586,9.777205771717663,above_or_equal_median,12884.130129618063,2012,1
2012,GO,5215702,0.0,1.0,0.0,0.0,1,28666.87352612635,10.263497502569162,above_or_equal_median,12884.130129618063,2012,0
2016,GO,5215702,0.0,1.0,0.0,0.0,1,28666.87352612635,10.263497502569162,above_or_equal_median,12884.130129618063,2012,1
2012,GO,5215801,0.46971307120085015,0.5302869287991498,0.0,0.0,1,9806.755023514323,9.190826715322427,below_median,12884.130129618063,2012,0
2016,GO,5215801,0.592534174553102,0.407465825446898,0.0,0.0,1,9806.755023514323,9.190826715322427,below_median,12884.130129618063,2012,1
2012,GO,5215900,0.0,1.0,0.0,0.0,1,21499.297160528535,9.975775523373443,above_or_equal_median,12884.130129618063,2012,0
2016,GO,5215900,0.04950781702374059,0.9504921829762594,0.0,0.0,1,21499.297160528535,9.975775523373443,above_or_equal_median,12884.130129618063,2012,1
2012,GO,5216007,0.36698939603503916,0.6330106039649608,0.0,0.0,1,22722.263868065966,10.031100509951514,above_or_equal_median,12884.130129618063,2012,0
2016,GO,5216007,0.48958794860434207,0.5104120513956579,0.0,0.0,1,22722.263868065966,10.031100509951514,above_or_equal_median,12884.130129618063,2012,1
2012,GO,5216452,0.0,0.4939117199391172,0.5060882800608828,0.0,1,74754.6218487395,11.221966320093859,above_or_equal_median,12884.130129618063,2012,0
2016,GO,5216452,0.0,0.6533176285826463,0.34668237141735375,0.0,1,74754.6218487395,11.221966320093859,above_or_equal_median,12884.130129618063,2012,1
2012,GO,5217104,0.5757555847568988,0.4242444152431012,0.0,0.0,1,21436.40305165298,9.972845832996894,above_or_equal_median,12884.130129618063,2012,0
2016,GO,5217104,0.36241339880271745,0.6375866011972826,0.0,0.0,1,21436.40305165298,9.972845832996894,above_or_equal_median,12884.130129618063,2012,1
2012,GO,5217203,0.0,1.0,0.0,0.0,1,18504.589632829375,9.82577406855866,above_or_equal_median,12884.130129618063,2012,0
2016,GO,5217203,0.8937961403963217,0.10620385960367829,0.0,0.0,1,18504.589632829375,9.82577406855866,above_or_equal_median,12884.130129618063,2012,1
2012,GO,5217609,0.8325856494824692,0.07754191624270068,0.0898724342748302,0.0,1,8462.18933697056,9.043363205996673,below_median,12884.130129618063,2012,0
2016,GO,5217609,0.7979187855034356,0.20112618758216952,0.0009550269143948603,0.0,1,8462.18933697056,9.043363205996673,below_median,12884.130129618063,2012,1
2012,GO,5218607,0.45140147817598664,0.5329800585692372,0.015618463254776182,0.0,1,13374.609781477628,9.501113396121976,above_or_equal_median,12884.130129618063,2012,0
2016,GO,5218607,0.0,1.0,0.0,0.0,1,13374.609781477628,9.501113396121976,above_or_equal_median,12884.130129618063,2012,1
2012,GO,5218706,0.0,1.0,0.0,0.0,1,16639.765064172287,9.719550595535884,above_or_equal_median,12884.130129618063,2012,0
2016,GO,5218706,0.0,1.0,0.0,0.0,1,16639.765064172287,9.719550595535884,above_or_equal_median,12884.130129618063,2012,1
2012,GO,5218789,0.5665969316596932,0.0,0.43340306834030684,0.0,1,55309.21052631579,10.920694729271158,above_or_equal_median,12884.130129618063,2012,0
2016,GO,5218789,0.5469863901490603,0.45301360985093975,0.0,0.0,1,55309.21052631579,10.920694729271158,above_or_equal_median,12884.130129618063,2012,1
2012,GO,5218805,0.75432090441193,0.0,0.24567909558807002,0.0,1,35600.30194376298,10.48010939837053,above_or_equal_median,12884.130129618063,2012,0
2016,GO,5218805,0.3014194610162518,0.6985805389837482,0.0,0.0,1,35600.30194376298,10.48010939837053,above_or_equal_median,12884.130129618063,2012,1
2012,GO,5219209,0.43002640513013957,0.47642399094681254,0.09354960392304791,0.0,1,26295.505981247978,10.1771533283273,above_or_equal_median,12884.130129618063,2012,0
2016,GO,5219209,0.5549060542797495,0.4450939457202505,0.0,0.0,1,26295.505981247978,10.1771533283273,above_or_equal_median,12884.130129618063,2012,1
2012,GO,5219308,0.05238317955695395,0.6862961860623326,0.26132063438071346,0.0,1,22242.573449401523,10.009763454323272,above_or_equal_median,12884.130129618063,2012,0
2016,GO,5219308,0.5795115625675383,0.4204884374324616,0.0,0.0,1,22242.573449401523,10.009763454323272,above_or_equal_median,12884.130129618063,2012,1
2012,GO,5219357,0.7391707920792079,0.26082920792079206,0.0,0.0,1,11426.641448257227,9.343702877062515,below_median,12884.130129618063,2012,0
2016,GO,5219357,0.472168284789644,0.527831715210356,0.0,0.0,1,11426.641448257227,9.343702877062515,below_median,12884.130129618063,2012,1
2012,GO,5219456,0.4593826157595451,0.5406173842404549,0.0,0.0,1,14974.030037546934,9.61407264876878,above_or_equal_median,12884.130129618063,2012,0
2016,GO,5219456,0.29122664500406176,0.7087733549959383,0.0,0.0,1,14974.030037546934,9.61407264876878,above_or_equal_median,12884.130129618063,2012,1
2012,GO,5219605,0.47326664367023114,0.5267333563297689,0.0,0.0,1,10755.464129596297,9.283169195544868,below_median,12884.130129618063,2012,0
2016,GO,5219605,0.47635009310986964,0.5236499068901304,0.0,0.0,1,10755.464129596297,9.283169195544868,below_median,12884.130129618063,2012,1
2012,GO,5219712,0.0,1.0,0.0,0.0,1,22793.973214285714,10.034251447293718,above_or_equal_median,12884.130129618063,2012,0
2016,GO,5219712,0.00830945558739255,0.9916905444126074,0.0,0.0,1,22793.973214285714,10.034251447293718,above_or_equal_median,12884.130129618063,2012,1
2012,GO,5219753,0.0,1.0,0.0,0.0,1,6630.4973600357125,8.799435096962942,below_median,12884.130129618063,2012,0
2016,GO,5219753,0.06795843864083123,0.8603923456492959,0.07164921570987283,0.0,1,6630.4973600357125,8.799435096962942,below_median,12884.130129618063,2012,1
2012,GO,5220108,0.4762212527602736,0.5237787472397264,0.0,0.0,1,17101.059308180214,9.746895688418858,above_or_equal_median,12884.130129618063,2012,0
2016,GO,5220108,0.0,1.0,0.0,0.0,1,17101.059308180214,9.746895688418858,above_or_equal_median,12884.130129618063,2012,1
2012,GO,5220504,0.0,1.0,0.0,0.0,1,29171.641791044774,10.28095234482418,above_or_equal_median,12884.130129618063,2012,0
2016,GO,5220504,0.0341542750929368,0.9658457249070632,0.0,0.0,1,29171.641791044774,10.28095234482418,above_or_equal_median,12884.130129618063,2012,1
2012,GO,5220686,0.03114421123899797,0.968855788761002,0.0,0.0,1,8767.799969507547,9.078841195230885,below_median,12884.130129618063,2012,0
2016,GO,5220686,0.040759111494500753,0.9592408885054993,0.0,0.0,1,8767.799969507547,9.078841195230885,below_median,12884.130129618063,2012,1
2012,GO,5220702,0.0,1.0,0.0,0.0,1,11242.71162627327,9.32747534224117,below_median,12884.130129618063,2012,0
2016,GO,5220702,0.5151515151515151,0.48484848484848486,0.0,0.0,1,11242.71162627327,9.32747534224117,below_median,12884.130129618063,2012,1
2012,GO,5221007,0.49857954545454547,0.5014204545454546,0.0,0.0,1,11725.035360678925,9.369481609146089,below_median,12884.130129618063,2012,0
2016,GO,5221007,0.4314214463840399,0.5685785536159601,0.0,0.0,1,11725.035360678925,9.369481609146089,below_median,12884.130129618063,2012,1
2012,GO,5221304,0.0,1.0,0.0,0.0,1,13006.032647267566,9.473168578595681,above_or_equal_median,12884.130129618063,2012,0
2016,GO,5221304,0.13960735431598628,0.8603926456840137,0.0,0.0,1,13006.032647267566,9.473168578595681,above_or_equal_median,12884.130129618063,2012,1
2012,GO,5221452,0.45135135135135135,0.0,0.5486486486486486,0.0,1,10646.888567293778,9.273022975146732,below_median,12884.130129618063,2012,0
2016,GO,5221452,0.06921824104234528,0.4820846905537459,0.44869706840390877,0.0,1,10646.888567293778,9.273022975146732,below_median,12884.130129618063,2012,1
2012,GO,5221502,0.0,1.0,0.0,0.0,1,15795.828988529718,9.667501196096335,above_or_equal_median,12884.130129618063,2012,0
2016,GO,5221502,0.0,0.9957816377171216,0.004218362282878412,0.0,1,15795.828988529718,9.667501196096335,above_or_equal_median,12884.130129618063,2012,1
2012,GO,5221601,0.3935962051586125,0.6064037948413875,0.0,0.0,1,15449.002483775339,9.645299716084601,above_or_equal_median,12884.130129618063,2012,0
2016,GO,5221601,0.36842825848849947,0.6315717415115005,0.0,0.0,1,15449.002483775339,9.645299716084601,above_or_equal_median,12884.130129618063,2012,1
2012,GO,5221858,0.010054949248263756,0.42310921163092424,0.566835839120812,0.0,1,11151.643361683726,9.319342152726005,below_median,12884.130129618063,2012,0
2016,GO,5221858,0.36867220300737974,0.5175800395805205,0.1137477574120998,0.0,1,11151.643361683726,9.319342152726005,below_median,12884.130129618063,2012,1
2012,GO,5221908,0.32483660130718955,0.6751633986928105,0.0,0.0,1,11701.439826134203,9.367467175277085,below_median,12884.130129618063,2012,0
2016,GO,5221908,0.41045251752708733,0.5895474824729127,0.0,0.0,1,11701.439826134203,9.367467175277085,below_median,12884.130129618063,2012,1
2012,GO,5222302,0.4541244573082489,0.5345875542691751,0.011287988422575976,0.0,1,26763.539282990085,10.194795765697979,above_or_equal_median,12884.130129618063,2012,0
2016,GO,5222302,0.5112579539892316,0.4887420460107685,0.0,0.0,1,26763.539282990085,10.194795765697979,above_or_equal_median,12884.130129618063,2012,1
