year,state,municipality_id,pct_mayor_R,pct_mayor_C,pct_mayor_L,pct_mayor_IDK,treated_bvr_2016,treat_bvr2016_x_2016
2012,RO,1100015,0.0,1.0,0.0,0.0,0,0
2016,RO,1100015,0.7242058979607308,0.2757941020392692,0.0,0.0,0,0
2012,RO,1100049,0.4812707670977458,0.0,0.5187292329022543,0.0,0,0
2016,RO,1100049,0.4732502789987929,0.48554900129819845,0.041200719703008634,0.0,0,0
2012,RO,1100056,0.5972074081256666,0.40279259187433336,0.0,0.0,0,0
2016,RO,1100056,1.0,0.0,0.0,0.0,0,0
2012,RO,1100072,0.0,0.725638406537283,0.27436159346271705,0.0,0,0
2016,RO,1100072,0.20092281879194632,0.7990771812080537,0.0,0.0,0,0
2012,RO,1100080,0.448649473523577,0.0,0.551350526476423,0.0,0,0
2016,RO,1100080,0.6373001230012301,0.36269987699877,0.0,0.0,0,0
2012,RO,1100098,0.4725798464966576,0.5274201535033424,0.0,0.0,0,0
2016,RO,1100098,0.7427270577105014,0.2572729422894986,0.0,0.0,0,0
2012,RO,1100114,0.16386731051858072,0.34530058086640075,0.4908321086150185,0.0,0,0
2016,RO,1100114,0.2193979447329242,0.7806020552670758,0.0,0.0,0,0
2012,RO,1100122,0.0,1.0,0.0,0.0,1,0
2016,RO,1100122,0.34703688221486223,0.6529631177851378,0.0,0.0,1,1
2012,RO,1100148,0.0,1.0,0.0,0.0,0,0
2016,RO,1100148,0.7395952653684612,0.26040473463153874,0.0,0.0,0,0
2012,RO,1100155,0.7541107899350803,0.0,0.24588921006491968,0.0,0,0
2016,RO,1100155,1.0,0.0,0.0,0.0,0,0
2012,RO,1100189,0.19869156906193944,0.8013084309380606,0.0,0.0,0,0
2016,RO,1100189,0.38800690494382656,0.49268472139683617,0.11930837365933723,0.0,0,0
2012,RO,1100254,0.26122313500954275,0.3341631399883827,0.40461372500207454,0.0,0,0
2016,RO,1100254,0.0,0.5342096393663633,0.46579036063363666,0.0,0,0
2012,RO,1100288,0.8055628052645315,0.0340032064427128,0.16043398829275568,0.0,0,0
2016,RO,1100288,0.26296687646437267,0.7370331235356273,0.0,0.0,0,0
2012,RO,1100296,0.0,0.7396439273752864,0.26035607262471355,0.0,0,0
2016,RO,1100296,1.0,0.0,0.0,0.0,0,0
2012,RO,1100304,0.8582598060627239,0.14174019393727613,0.0,0.0,0,0
2016,RO,1100304,0.0,0.9779983945217149,0.022001605478285086,0.0,0,0
2012,RO,1100320,0.0904156064461408,0.3734520780322307,0.5361323155216285,0.0,0,0
2016,RO,1100320,0.6356228172293364,0.0,0.36437718277066355,0.0,0,0
2012,RO,1100346,0.7694713794182045,0.23052862058179543,0.0,0.0,0,0
2016,RO,1100346,0.3877068557919622,0.6122931442080378,0.0,0.0,0,0
2012,RO,1100379,0.4170461013090495,0.40466704610130905,0.17828685258964144,0.0,0,0
2016,RO,1100379,0.0,1.0,0.0,0.0,0,0
2012,RO,1100502,0.0,0.5279754204398448,0.47202457956015526,0.0,0,0
2016,RO,1100502,0.0,1.0,0.0,0.0,0,0
2012,RO,1100924,0.0,1.0,0.0,0.0,0,0
2016,RO,1100924,0.5834545832467263,0.4165454167532737,0.0,0.0,0,0
2012,RO,1101005,0.48210170533108004,0.51789829466892,0.0,0.0,0,0
2016,RO,1101005,0.17817633255112303,0.8218236674488769,0.0,0.0,0,0
2012,RO,1101203,0.20467736428815295,0.795322635711847,0.0,0.0,0,0
2016,RO,1101203,0.0,0.5677092749954801,0.43229072500452,0.0,0,0
2012,RO,1101302,0.0,1.0,0.0,0.0,0,0
2016,RO,1101302,0.09021177255294313,0.9097882274470569,0.0,0.0,0,0
2012,RO,1101435,0.5597706219673577,0.4402293780326423,0.0,0.0,0,0
2016,RO,1101435,0.357057843370626,0.4920257081647227,0.15091644846465127,0.0,0,0
2012,RO,1101450,0.0,1.0,0.0,0.0,0,0
2016,RO,1101450,0.0,1.0,0.0,0.0,0,0
2012,RO,1101468,0.0,1.0,0.0,0.0,0,0
2016,RO,1101468,0.0,1.0,0.0,0.0,0,0
2012,RO,1101484,0.0,1.0,0.0,0.0,0,0
2016,RO,1101484,0.0,1.0,0.0,0.0,0,0
2012,RO,1101492,0.9203302834188797,0.07966971658112029,0.0,0.0,0,0
2016,RO,1101492,0.0,0.8288310718287066,0.17116892817129342,0.0,0,0
2012,RO,1101500,0.0,1.0,0.0,0.0,0,0
2016,RO,1101500,0.2886047491920753,0.7113952508079247,0.0,0.0,0,0
2012,RO,1101559,0.5342019543973942,0.0,0.46579804560260585,0.0,0,0
2016,RO,1101559,0.37445072190834905,0.0,0.625549278091651,0.0,0,0
2012,RO,1101609,0.0,0.7704112952731738,0.22958870472682627,0.0,0,0
2016,RO,1101609,0.0,1.0,0.0,0.0,0,0
2012,RO,1101708,0.3761467889908257,0.6238532110091743,0.0,0.0,0,0
2016,RO,1101708,1.0,0.0,0.0,0.0,0,0
2012,RO,1101807,0.4044615103309563,0.5955384896690437,0.0,0.0,0,0
2016,RO,1101807,0.47593020811435777,0.5240697918856422,0.0,0.0,0,0
2012,AC,1200203,0.0,1.0,0.0,0.0,0,0
2016,AC,1200203,0.0,1.0,0.0,0.0,0,0
2012,AC,1200252,0.04528254288597376,0.6553985872855701,0.2993188698284561,0.0,0,0
2016,AC,1200252,0.17922017817887306,0.4706699062825408,0.3501099155385861,0.0,0,0
2012,AC,1200328,0.0,0.5130568356374808,0.4869431643625192,0.0,0,0
2016,AC,1200328,0.0,0.44816236972024137,0.5518376302797586,0.0,0,0
2012,AC,1200336,0.2589476179189381,0.37319269969187013,0.36785968238919176,0.0,0,0
2016,AC,1200336,0.4365461007735731,0.0,0.563453899226427,0.0,0,0
2012,AC,1200344,0.6675263271007952,0.3324736728992048,0.0,0.0,0,0
2016,AC,1200344,0.21768982229402262,0.43760096930533116,0.3447092084006462,0.0,0,0
2012,AC,1200351,0.0,0.390625,0.609375,0.0,0,0
2016,AC,1200351,0.0,0.5651573716178907,0.43484262838210935,0.0,0,0
2012,AC,1200385,0.0,1.0,0.0,0.0,0,0
2016,AC,1200385,0.23212180746561886,0.47779960707269153,0.2900785854616896,0.0,0,0
2012,AC,1200393,0.0,0.6338281601439496,0.3661718398560504,0.0,0,0
2016,AC,1200393,0.0,0.6729806226866971,0.32701937731330283,0.0,0,0
2012,AC,1200435,0.0,0.5198279980888677,0.48017200191113235,0.0,0,0
2016,AC,1200435,0.6978090119884249,0.0,0.302190988011575,0.0,0,0
2012,AC,1200450,0.13870462845643586,0.46142952970112544,0.3998658418424387,0.0,1,0
2016,AC,1200450,0.7026853306670475,0.2973146693329524,0.0,0.0,1,1
2012,AC,1200500,0.48686252198200064,0.5131374780179994,0.0,0.0,0,0
2016,AC,1200500,0.04463716987603508,0.955362830123965,0.0,0.0,0,0
2012,AC,1200708,0.0,0.588228584464469,0.411771415535531,0.0,1,0
2016,AC,1200708,0.3861683848797251,0.19995704467353953,0.41387457044673537,0.0,1,1
2012,AC,1200807,0.0,0.6767973171242926,0.3232026828757074,0.0,1,0
2016,AC,1200807,0.7831103849688553,0.09905034208107832,0.11783927295006637,0.0,1,1
2012,AM,1300029,0.4692393736017897,0.5307606263982103,0.0,0.0,0,0
2016,AM,1300029,0.684870188003581,0.315129811996419,0.0,0.0,0,0
2012,AM,1300060,0.0,0.4774980930587338,0.5225019069412662,0.0,0,0
2016,AM,1300060,0.4407315421088282,0.5592684578911719,0.0,0.0,0,0
2012,AM,1300086,0.5713739728645136,0.0,0.4286260271354863,0.0,0,0
2016,AM,1300086,0.4967325808367988,0.4908766867521005,0.012390732411100738,0.0,0,0
2012,AM,1300102,0.6650013502565487,0.3349986497434513,0.0,0.0,0,0
2016,AM,1300102,0.0,1.0,0.0,0.0,0,0
2012,AM,1300144,0.3521858317703073,0.3263598326359833,0.3214543355937094,0.0,0,0
2016,AM,1300144,0.9581537606005839,0.025163353260114,0.0166828861393021,0.0,0,0
2012,AM,1300201,0.3511092150170648,0.5885238907849829,0.06036689419795222,0.0,0,0
2016,AM,1300201,0.0,0.8032478632478632,0.19675213675213676,0.0,0,0
2012,AM,1300300,0.5897435897435898,0.41025641025641024,0.0,0.0,1,0
2016,AM,1300300,1.0,0.0,0.0,0.0,1,1
2012,AM,1300409,0.0,0.5436816235928333,0.45631837640716666,0.0,0,0
2016,AM,1300409,0.32098765432098764,0.6455418381344308,0.03347050754458162,0.0,0,0
2012,AM,1300508,0.4464601059560122,0.5535398940439878,0.0,0.0,0,0
2016,AM,1300508,0.4291305563321219,0.5708694436678781,0.0,0.0,0,0
2012,AM,1300607,0.9879535350638176,0.012046464936182418,0.0,0.0,0,0
2016,AM,1300607,0.9521113930639599,0.04788860693604008,0.0,0.0,0,0
2012,AM,1300631,0.548717316230883,0.0,0.4512826837691169,0.0,0,0
2016,AM,1300631,0.33055555555555555,0.6532051282051282,0.01623931623931624,0.0,0,0
2012,AM,1300680,0.004707266843189173,0.7071197411003236,0.2881729920564872,0.0,0,0
2016,AM,1300680,0.5730231465162731,0.42697685348372694,0.0,0.0,0,0
2012,AM,1300706,0.7073282793475764,0.29267172065242364,0.0,0.0,0,0
2016,AM,1300706,0.381395959065862,0.618604040934138,0.0,0.0,0,0
2012,AM,1300805,1.0,0.0,0.0,0.0,0,0
2016,AM,1300805,0.604639371276461,0.3953606287235391,0.0,0.0,0,0
2012,AM,1300839,0.7125844294347672,0.28741557056523287,0.0,0.0,0,0
2016,AM,1300839,0.7516906010181598,0.2483093989818403,0.0,0.0,0,0
2012,AM,1300904,1.0,0.0,0.0,0.0,0,0
2016,AM,1300904,1.0,0.0,0.0,0.0,0,0
2012,AM,1301001,0.5319559450116569,0.4680440549883431,0.0,0.0,0,0
2016,AM,1301001,0.4128586609989373,0.5384089873994231,0.04873235160163959,0.0,0,0
2012,AM,1301100,0.4322405782137326,0.43236964377903975,0.13538977800722768,0.0,1,0
2016,AM,1301100,0.950771340418238,0.001988344189235516,0.04724031539252657,0.0,1,1
2012,AM,1301209,0.9991269573053959,0.0,0.0008730426946040329,0.0,0,0
2016,AM,1301209,0.9686559098278391,0.03134409017216089,0.0,0.0,0,0
2012,AM,1301308,0.44700074515648286,0.1612332339791356,0.3917660208643815,0.0,0,0
2016,AM,1301308,0.6671670787707524,0.3328329212292476,0.0,0.0,0,0
2012,AM,1301407,0.3778685480876346,0.6221314519123654,0.0,0.0,0,0
2016,AM,1301407,0.636390165608813,0.363609834391187,0.0,0.0,0,0
2012,AM,1301506,0.0,1.0,0.0,0.0,0,0
2016,AM,1301506,0.540193351873924,0.459806648126076,0.0,0.0,0,0
2012,AM,1301605,0.3993008351136143,0.3581277918042338,0.24257137308215188,0.0,0,0
2016,AM,1301605,0.46570272828987,0.53429727171013,0.0,0.0,0,0
2012,AM,1301654,0.0,0.8505180069067587,0.14948199309324126,0.0,0,0
2016,AM,1301654,0.6869806094182825,0.31301939058171746,0.0,0.0,0,0
2012,AM,1301704,0.3586275982970198,0.6275982970197846,0.013774104683195593,0.0,0,0
2016,AM,1301704,0.5719931982168298,0.4127947056390459,0.015212096144124271,0.0,0,0
2012,AM,1301803,1.0,0.0,0.0,0.0,0,0
2016,AM,1301803,0.4259826782145236,0.5740173217854764,0.0,0.0,0,0
2012,AM,1301951,0.36323658751099386,0.6367634124890061,0.0,0.0,0,0
2016,AM,1301951,0.5041224970553593,0.4958775029446408,0.0,0.0,0,0
2012,AM,1302009,0.4847463639588507,0.5152536360411494,0.0,0.0,0,0
2016,AM,1302009,0.9812916870017895,0.01870831299821051,0.0,0.0,0,0
2012,AM,1302108,0.3287101248266297,0.07385575589459084,0.5974341192787794,0.0,0,0
2016,AM,1302108,0.46719012899607404,0.532809871003926,0.0,0.0,0,0
2012,AM,1302207,1.0,0.0,0.0,0.0,0,0
2016,AM,1302207,0.48098974049487025,0.5190102595051298,0.0,0.0,0,0
2012,AM,1302306,0.0,0.9099763095551461,0.09002369044485391,0.0,0,0
2016,AM,1302306,0.47835304619504576,0.5216469538049543,0.0,0.0,0,0
2012,AM,1302405,0.38394121216207105,0.548034787298591,0.06802400053933796,0.0,0,0
2016,AM,1302405,0.2831067472306143,0.7168932527693856,0.0,0.0,0,0
2012,AM,1302553,0.5240878855069543,0.47591211449304577,0.0,0.0,0,0
2016,AM,1302553,0.35274960454080206,0.6291057969665953,0.018144598492602585,0.0,0,0
2012,AM,1302603,0.1990977140196914,0.594953882110126,0.20594840387018262,0.0,1,0
2016,AM,1302603,0.3603477388292278,0.5231153694001409,0.11653689177063131,0.0,1,1
2012,AM,1302702,0.514418207984649,0.485581792015351,0.0,0.0,0,0
2016,AM,1302702,0.6222441592629154,0.37775584073708457,0.0,0.0,0,0
2012,AM,1302801,0.6414435389988359,0.3585564610011641,0.0,0.0,0,0
2016,AM,1302801,0.28173547935619314,0.7182645206438069,0.0,0.0,0,0
2012,AM,1302900,0.18352561144439317,0.46479003230272264,0.3516843562528842,0.0,0,0
2016,AM,1302900,0.6989079563182528,0.05958571676200381,0.24150632691974347,0.0,0,0
2012,AM,1303007,0.0,1.0,0.0,0.0,0,0
2016,AM,1303007,0.5016682113067655,0.49833178869323447,0.0,0.0,0,0
2012,AM,1303106,0.02247582542033278,0.3935882916630368,0.5839358829166303,0.0,0,0
2016,AM,1303106,0.46263290751931463,0.5373670924806854,0.0,0.0,0,0
2012,AM,1303304,0.4193754799078577,0.5806245200921423,0.0,0.0,0,0
2016,AM,1303304,0.2484557309540151,0.7515442690459849,0.0,0.0,0,0
2012,AM,1303403,0.4637359254046446,0.4536857846586911,0.08257828993666431,0.0,0,0
2016,AM,1303403,0.0,0.9954086317722681,0.004591368227731864,0.0,0,0
2012,AM,1303502,0.2707563834912478,0.7292436165087522,0.0,0.0,0,0
2016,AM,1303502,0.49905261623670016,0.5009473837632998,0.0,0.0,0,0
2012,AM,1303601,0.31386525638077717,0.6861347436192228,0.0,0.0,0,0
2016,AM,1303601,0.47912360479537,0.52087639520463,0.0,0.0,0,0
2012,AM,1303700,0.26220241330579414,0.6558321556690945,0.08196543102511143,0.0,0,0
2016,AM,1303700,1.0,0.0,0.0,0.0,0,0
2012,AM,1303809,0.31129150459439653,0.29201195106826766,0.3966965443373358,0.0,0,0
2016,AM,1303809,0.5766883116883117,0.05246753246753247,0.37084415584415586,0.0,0,0
2012,AM,1303908,0.615874400348888,0.3841255996511121,0.0,0.0,0,0
2016,AM,1303908,0.9439956501475842,0.0,0.05600434985241572,0.0,0,0
2012,AM,1303957,0.3576144366197183,0.3019366197183099,0.3404489436619718,0.0,0,0
2016,AM,1303957,0.4654205607476635,0.5345794392523364,0.0,0.0,0,0
2012,AM,1304005,0.6011780353410602,0.372031160934828,0.026790803724111724,0.0,0,0
2016,AM,1304005,0.6329241634437531,0.36707583655624687,0.0,0.0,0,0
2012,AM,1304062,0.2896484375,0.698193359375,0.012158203125,0.0,0,0
2016,AM,1304062,0.9618225005398402,0.023493845821636796,0.014683653638522998,0.0,0,0
2012,AM,1304104,0.25764667464896046,0.6698595841950582,0.07249374115598128,0.0,0,0
2016,AM,1304104,0.27201904349707856,0.7279809565029215,0.0,0.0,0,0
2012,AM,1304203,0.39668225339568025,0.6033177466043198,0.0,0.0,0,0
2016,AM,1304203,0.7702261010209926,0.22977389897900732,0.0,0.0,0,0
2012,AM,1304237,1.0,0.0,0.0,0.0,0,0
2016,AM,1304237,0.9653592128319181,0.03464078716808195,0.0,0.0,0,0
2012,AM,1304260,0.0,1.0,0.0,0.0,0,0
2016,AM,1304260,0.6468652295540562,0.3531347704459437,0.0,0.0,0,0
2012,AM,1304302,0.5008418453249524,0.4959030194185655,0.003255135256482209,0.0,0,0
2016,AM,1304302,0.4209013448311262,0.5790986551688738,0.0,0.0,0,0
2012,AM,1304401,0.4389930369576861,0.15715050883770756,0.4038564542046063,0.0,0,0
2016,AM,1304401,0.0,0.35404595404595407,0.6459540459540459,0.0,0,0
2012,RR,1400027,0.6323497267759562,0.3676502732240437,0.0,0.0,0,0
2016,RR,1400027,0.591820580474934,0.408179419525066,0.0,0.0,0,0
2012,RR,1400050,0.26112759643916916,0.0,0.7388724035608308,0.0,0,0
2016,RR,1400050,1.0,0.0,0.0,0.0,0,0
2012,RR,1400159,0.38673765730880927,0.6132623426911907,0.0,0.0,0,0
2016,RR,1400159,0.589387239418825,0.41061276058117496,0.0,0.0,0,0
2012,RR,1400175,0.5733202013569709,0.35926898664915735,0.06741081199387175,0.0,0,0
2016,RR,1400175,0.7872183617603706,0.053800800168456515,0.1589808380711729,0.0,0,0
2012,RR,1400209,0.5744503490674169,0.4255496509325831,0.0,0.0,0,0
2016,RR,1400209,0.9328358208955224,0.011100746268656717,0.056063432835820895,0.0,0,0
2012,RR,1400407,0.3398454272219837,0.3488621726062688,0.31129240017174753,0.0,0,0
2016,RR,1400407,0.3812063258550938,0.6187936741449063,0.0,0.0,0,0
2012,RR,1400456,0.33447040764113933,0.6655295923588607,0.0,0.0,0,0
2016,RR,1400456,0.786589762076424,0.21341023792357605,0.0,0.0,0,0
2012,RR,1400472,0.6209965893020547,0.37900341069794524,0.0,0.0,0,0
2016,RR,1400472,0.7612596382503423,0.23693881962960295,0.0018015421200547669,0.0,0,0
2012,RR,1400704,0.3555008210180624,0.052271483305966066,0.5922276956759716,0.0,0,0
2016,RR,1400704,0.4874835309617918,0.5125164690382081,0.0,0.0,0,0
2012,PA,1500107,0.0,0.5031063135823561,0.49689368641764387,0.0,0,0
2016,PA,1500107,0.02442156354554451,0.7757763536119882,0.19980208284246737,0.0,0,0
2012,PA,1500131,0.0,1.0,0.0,0.0,0,0
2016,PA,1500131,0.560324578261798,0.439675421738202,0.0,0.0,0,0
2012,PA,1500206,0.0,0.5489966178128524,0.4510033821871477,0.0,0,0
2016,PA,1500206,0.14941740918437285,0.5603438428147133,0.29023874800091387,0.0,0,0
2012,PA,1500305,0.45004344048653344,0.3074428033593976,0.24251375615406892,0.0,1,0
2016,PA,1500305,0.58418510043224,0.0,0.41581489956775997,0.0,1,1
2012,PA,1500347,0.0,0.5714007592718777,0.4285992407281223,0.0,0,0
2016,PA,1500347,0.3820580474934037,0.6179419525065963,0.0,0.0,0,0
2012,PA,1500404,0.7968277388417558,0.04846919955735891,0.1547030616008853,0.0,0,0
2016,PA,1500404,0.2031236664675258,0.7968763335324742,0.0,0.0,0,0
2012,PA,1500503,0.0,0.4894165617317263,0.5105834382682737,0.0,0,0
2016,PA,1500503,0.6402666365382442,0.3597333634617557,0.0,0.0,0,0
2012,PA,1500602,0.2547913595282354,0.7452086404717646,0.0,0.0,0,0
2016,PA,1500602,0.0,0.9580258482683222,0.041974151731677796,0.0,0,0
2012,PA,1500701,0.8258608462690096,0.17413915373099045,0.0,0.0,0,0
2016,PA,1500701,0.6009449263098512,0.3990550736901488,0.0,0.0,0,0
2012,PA,1500859,0.0,0.5737632508833922,0.42623674911660775,0.0,0,0
2016,PA,1500859,0.009900990099009901,0.5193651718112988,0.4707338380896913,0.0,0,0
2012,PA,1500909,0.425304389618712,0.0,0.574695610381288,0.0,0,0
2016,PA,1500909,0.6345558509669665,0.0,0.36544414903303346,0.0,0,0
2012,PA,1500958,0.5087017873941675,0.4678582627783004,0.02343994982753214,0.0,0,0
2016,PA,1500958,0.5919297768100164,0.40807022318998365,0.0,0.0,0,0
2012,PA,1501006,0.8673984355286399,0.13260156447136007,0.0,0.0,0,0
2016,PA,1501006,0.3967625899280576,0.5890887290167865,0.014148681055155876,0.0,0,0
2012,PA,1501105,0.6003709360680777,0.3996290639319223,0.0,0.0,0,0
2016,PA,1501105,0.6195962843872812,0.3611111111111111,0.01929260450160772,0.0,0,0
2012,PA,1501204,0.0,0.5577960008986744,0.4422039991013255,0.0,0,0
2016,PA,1501204,0.4116081482239738,0.5805097758214761,0.007882075954550108,0.0,0,0
2012,PA,1501253,0.0,1.0,0.0,0.0,0,0
2016,PA,1501253,0.0,1.0,0.0,0.0,0,0
2012,PA,1501402,0.19980275139825476,0.4437964280682434,0.35640082053350186,0.0,0,0
2016,PA,1501402,0.1677955158150351,0.5100207334389727,0.3221837507459922,0.0,0,0
2012,PA,1501451,0.3527511078286558,0.29218980797636634,0.35505908419497784,0.0,1,0
2016,PA,1501451,0.6518890057438719,0.1610711107515573,0.18703988350457082,0.0,1,1
2012,PA,1501501,0.0,0.9580130304388293,0.04198696956117067,0.0,0,0
2016,PA,1501501,0.10123734533183353,0.8987626546681665,0.0,0.0,0,0
2012,PA,1501576,0.0,0.4197363055593312,0.5802636944406687,0.0,0,0
2016,PA,1501576,0.5289932408395589,0.4710067591604411,0.0,0.0,0,0
2012,PA,1501600,0.636767976278725,0.363232023721275,0.0,0.0,0,0
2016,PA,1501600,0.6551621541207974,0.34483784587920263,0.0,0.0,0,0
2012,PA,1501709,0.0,0.39089121249294156,0.6091087875070584,0.0,1,0
2016,PA,1501709,0.14509896324222432,0.8549010367577757,0.0,0.0,1,1
2012,PA,1501725,0.0,0.5181968972582691,0.4818031027417309,0.0,0,0
2016,PA,1501725,0.0,0.4894659027906117,0.5105340972093882,0.0,0,0
2012,PA,1501758,0.7482963288634865,0.20092327984172345,0.05078039129479006,0.0,0,0
2016,PA,1501758,0.0,0.637937595129376,0.362062404870624,0.0,0,0
2012,PA,1501782,0.0,1.0,0.0,0.0,0,0
2016,PA,1501782,0.47674914675767915,0.5027730375426621,0.020477815699658702,0.0,0,0
2012,PA,1501808,0.0,1.0,0.0,0.0,0,0
2016,PA,1501808,0.2212307488928548,0.7579483111904289,0.02082093991671624,0.0,0,0
2012,PA,1501907,0.0,0.6051721845499268,0.3948278154500731,0.0,0,0
2016,PA,1501907,0.8534320639398213,0.13734132581100142,0.009226610249177244,0.0,0,0
2012,PA,1501956,0.004271765663140765,0.9957282343368592,0.0,0.0,0,0
2016,PA,1501956,1.0,0.0,0.0,0.0,0,0
2012,PA,1502004,0.3618574312781488,0.6381425687218513,0.0,0.0,0,0
2016,PA,1502004,0.0,1.0,0.0,0.0,0,0
2012,PA,1502103,0.0,0.4100270665463709,0.5899729334536291,0.0,0,0
2016,PA,1502103,0.5577558676279861,0.09102319159914653,0.35122094077286736,0.0,0,0
2012,PA,1502152,0.017879948914431672,0.9766922094508301,0.005427841634738187,0.0,1,0
2016,PA,1502152,0.0,1.0,0.0,0.0,1,1
2012,PA,1502509,0.0,1.0,0.0,0.0,0,0
2016,PA,1502509,0.06698187549251379,0.9330181245074862,0.0,0.0,0,0
2012,PA,1502608,0.4184552114124149,0.5815447885875852,0.0,0.0,0,0
2016,PA,1502608,0.2339383807021734,0.7660616192978266,0.0,0.0,0,0
2012,PA,1502707,0.05079868207031739,0.543020394544772,0.4061809233849105,0.0,0,0
2016,PA,1502707,0.0,1.0,0.0,0.0,0,0
2012,PA,1502756,0.0,0.5233490097370338,0.47665099026296615,0.0,0,0
2016,PA,1502756,0.0,0.37662104822805237,0.6233789517719477,0.0,0,0
2012,PA,1502764,0.0,1.0,0.0,0.0,0,0
2016,PA,1502764,0.0,1.0,0.0,0.0,0,0
2012,PA,1502772,0.385393437400446,0.614606562599554,0.0,0.0,0,0
2016,PA,1502772,0.41484126984126984,0.5851587301587302,0.0,0.0,0,0
2012,PA,1502806,0.0,0.47850918942666765,0.5214908105733324,0.0,0,0
2016,PA,1502806,0.016461162921699943,0.7038242473555736,0.2797145897227264,0.0,0,0
2012,PA,1502855,0.0,0.9663976716496891,0.033602328350310885,0.0,0,0
2016,PA,1502855,0.5363489499192245,0.46365105008077545,0.0,0.0,0,0
2012,PA,1502939,0.0,0.5337507708362981,0.46624922916370193,0.0,0,0
2016,PA,1502939,0.0,1.0,0.0,0.0,0,0
2012,PA,1502954,0.03480197675227953,0.6679195378297488,0.29727848541797175,0.0,0,0
2016,PA,1502954,0.2715165970979925,0.7284834029020075,0.0,0.0,0,0
2012,PA,1503002,0.0,1.0,0.0,0.0,0,0
2016,PA,1503002,0.04359233097880928,0.9564076690211907,0.0,0.0,0,0
2012,PA,1503044,0.5148663101604278,0.07358288770053475,0.41155080213903744,0.0,0,0
2016,PA,1503044,0.4325881768504719,0.5674118231495281,0.0,0.0,0,0
2012,PA,1503077,0.0,0.9824061768242516,0.01759382317574837,0.0,0,0
2016,PA,1503077,0.0,1.0,0.0,0.0,0,0
2012,PA,1503093,0.34811034008143604,0.651889659918564,0.0,0.0,0,0
2016,PA,1503093,0.26934548933535934,0.7306545106646407,0.0,0.0,0,0
2012,PA,1503101,0.10290688636716928,0.3914969687548578,0.505596144877973,0.0,0,0
2016,PA,1503101,0.17645417770958294,0.46373273817826755,0.3598130841121495,0.0,0,0
2012,PA,1503200,0.4672076329751661,0.5327923670248339,0.0,0.0,0,0
2016,PA,1503200,0.2829398480804763,0.7170601519195237,0.0,0.0,0,0
2012,PA,1503309,0.3044488859278999,0.2837515730253905,0.4117995410467096,0.0,0,0
2016,PA,1503309,0.3215019221654642,0.42782663647374797,0.25067144136078784,0.0,0,0
2012,PA,1503408,0.8893313195111905,0.11066868048880955,0.0,0.0,0,0
2016,PA,1503408,0.8703062924516212,0.09573241061130335,0.03396129693707548,0.0,0,0
2012,PA,1503457,0.0,0.49373673762748993,0.5062632623725101,0.0,0,0
2016,PA,1503457,0.10472279260780287,0.2474001457243161,0.6478770616678811,0.0,0,0
2012,PA,1503507,0.3263596093291349,0.6736403906708651,0.0,0.0,0,0
2016,PA,1503507,0.7811736550830134,0.21882634491698658,0.0,0.0,0,0
2012,PA,1503606,0.5183654064780173,0.4816345935219827,0.0,0.0,0,0
2016,PA,1503606,0.20909021668761188,0.7909097833123881,0.0,0.0,0,0
2012,PA,1503705,0.0,0.4956217162872154,0.5043782837127846,0.0,0,0
2016,PA,1503705,0.406462438688581,0.593537561311419,0.0,0.0,0,0
2012,PA,1503754,0.32294418031343547,0.19193519985913013,0.48512061982743443,0.0,0,0
2016,PA,1503754,0.5859478568272205,0.10399175136249816,0.31006039181028133,0.0,0,0
2012,PA,1503804,0.03868565878925218,0.4471511816121722,0.5141631595985756,0.0,0,0
2016,PA,1503804,0.4979607843137255,0.4745098039215686,0.027529411764705882,0.0,0,0
2012,PA,1503903,0.4538867519456123,0.5461132480543877,0.0,0.0,0,0
2016,PA,1503903,0.46440289362374987,0.04431355496699213,0.491283551409258,0.0,0,0
2012,PA,1504000,0.5558041768375372,0.0,0.4441958231624627,0.0,0,0
2016,PA,1504000,0.0,0.4460496343364105,0.5539503656635895,0.0,0,0
2012,PA,1504059,0.04432927165462866,0.41054198599547886,0.5451287423498925,0.0,0,0
2016,PA,1504059,0.06510088272383355,0.62489491382934,0.3100042034468264,0.0,0,0
2012,PA,1504109,0.0,1.0,0.0,0.0,0,0
2016,PA,1504109,0.047560676636430495,0.9524393233635695,0.0,0.0,0,0
2012,PA,1504208,0.10044516093575394,0.8912012017513328,0.008353637312913331,0.0,0,0
2016,PA,1504208,0.4140772353130351,0.5655144240380353,0.020408340648929605,0.0,0,0
2012,PA,1504307,0.03473472413427936,0.9652652758657206,0.0,0.0,0,0
2016,PA,1504307,0.2897883496387237,0.7102116503612763,0.0,0.0,0,0
2012,PA,1504406,0.3122690929142542,0.6877309070857458,0.0,0.0,0,0
2016,PA,1504406,0.48156645982166135,0.506440006257496,0.011993533920842675,0.0,0,0
2012,PA,1504422,0.4168635022689183,0.5257715792259215,0.0573649185051602,0.0,1,0
2016,PA,1504422,0.6595030784974919,0.329273407485698,0.011223514016810106,0.0,1,1
2012,PA,1504455,0.32511158092553444,0.25338657896797434,0.4215018401064913,0.0,0,0
2016,PA,1504455,0.5139123412377946,0.3235445268335658,0.1625431319286396,0.0,0,0
2012,PA,1504505,0.44674279296143765,0.5532572070385623,0.0,0.0,0,0
2016,PA,1504505,0.0062688064192577735,0.9937311935807422,0.0,0.0,0,0
2012,PA,1504604,0.9138255349165295,0.08617446508347049,0.0,0.0,0,0
2016,PA,1504604,0.5264705882352941,0.45236344537815126,0.021165966386554623,0.0,0,0
2012,PA,1504703,0.09196114317893847,0.5264817682669295,0.38155708855413206,0.0,0,0
2016,PA,1504703,0.08546325878594249,0.895986829236487,0.018549911977570582,0.0,0,0
2012,PA,1504752,0.1806745813350106,0.8193254186649894,0.0,0.0,1,0
2016,PA,1504752,0.38050698115765214,0.6194930188423479,0.0,0.0,1,1
2012,PA,1504802,0.4234394637620444,0.00932132383745287,0.5672392124005027,0.0,0,0
2016,PA,1504802,0.03028885510466612,0.9697111448953338,0.0,0.0,0,0
2012,PA,1504901,0.3397859523948769,0.3323001345107901,0.327913913094333,0.0,0,0
2016,PA,1504901,0.6795884060924049,0.29896592124700727,0.021445672660587847,0.0,0,0
2012,PA,1504950,0.0,0.5611568055187053,0.4388431944812948,0.0,0,0
2016,PA,1504950,0.39054202141111016,0.6094579785888898,0.0,0.0,0,0
2012,PA,1504976,0.17425835085260452,0.42793739780425133,0.3978042513431441,0.0,0,0
2016,PA,1504976,0.0,1.0,0.0,0.0,0,0
2012,PA,1505007,0.0,1.0,0.0,0.0,0,0
2016,PA,1505007,0.07372770769899957,0.8522183558068726,0.07405393649412788,0.0,0,0
2012,PA,1505031,0.6305220883534136,0.36947791164658633,0.0,0.0,0,0
2016,PA,1505031,0.5117303111239443,0.4882696888760557,0.0,0.0,0,0
2012,PA,1505064,0.5805112663064963,0.41948873369350376,0.0,0.0,0,0
2016,PA,1505064,0.0,1.0,0.0,0.0,0,0
2012,PA,1505106,0.07134275179185483,0.9286572482081452,0.0,0.0,0,0
2016,PA,1505106,0.45285631852279284,0.5471436814772072,0.0,0.0,0,0
2012,PA,1505205,0.4883612040133779,0.20869565217391303,0.30294314381270904,0.0,0,0
2016,PA,1505205,0.21430244816680333,0.7856975518331967,0.0,0.0,0,0
2012,PA,1505304,0.4624077644086951,0.537592235591305,0.0,0.0,0,0
2016,PA,1505304,0.6996371052394805,0.284677443541373,0.015685451219146447,0.0,0,0
2012,PA,1505403,0.577433628318584,0.4225663716814159,0.0,0.0,0,0
2016,PA,1505403,0.6337957546381414,0.3662042453618586,0.0,0.0,0,0
2012,PA,1505437,0.548886910062333,0.45111308993766697,0.0,0.0,0,0
2016,PA,1505437,1.0,0.0,0.0,0.0,0,0
2012,PA,1505486,0.0,1.0,0.0,0.0,0,0
2016,PA,1505486,0.0,1.0,0.0,0.0,0,0
2012,PA,1505494,0.0024617360590816653,0.9975382639409184,0.0,0.0,0,0
2016,PA,1505494,0.43165614178040335,0.5683438582195967,0.0,0.0,0,0
2012,PA,1505536,0.6232675346493071,0.03685710069582392,0.33987536465486906,0.0,1,0
2016,PA,1505536,0.5342878976792824,0.4657121023207175,0.0,0.0,1,1
2012,PA,1505551,0.0,1.0,0.0,0.0,0,0
2016,PA,1505551,0.0,1.0,0.0,0.0,0,0
2012,PA,1505635,0.0,1.0,0.0,0.0,0,0
2016,PA,1505635,0.0,1.0,0.0,0.0,0,0
2012,PA,1505650,0.5472316384180791,0.4527683615819209,0.0,0.0,0,0
2016,PA,1505650,0.4839884331155617,0.5160115668844383,0.0,0.0,0,0
2012,PA,1505700,0.0,0.9763418079096046,0.02365819209039548,0.0,1,0
2016,PA,1505700,0.06778069846038302,0.9069345349856052,0.025284766554011767,0.0,1,1
2012,PA,1505809,0.850039573536943,0.14996042646305693,0.0,0.0,0,0
2016,PA,1505809,0.6405043603843804,0.35949563961561964,0.0,0.0,0,0
2012,PA,1505908,0.0,1.0,0.0,0.0,0,0
2016,PA,1505908,0.0,0.7758362456315526,0.22416375436844732,0.0,0,0
2012,PA,1506005,0.0,1.0,0.0,0.0,0,0
2016,PA,1506005,0.0,0.9750870021543391,0.02491299784566094,0.0,0,0
2012,PA,1506104,0.4584269662921348,0.5415730337078651,0.0,0.0,1,0
2016,PA,1506104,0.04610643593694441,0.9538935640630556,0.0,0.0,1,1
2012,PA,1506112,0.046546546546546545,0.9534534534534534,0.0,0.0,1,0
2016,PA,1506112,0.7113002127393317,0.24640220247778752,0.04229758478288074,0.0,1,1
2012,PA,1506138,0.6489838613269575,0.35101613867304243,0.0,0.0,0,0
2016,PA,1506138,0.011725755276589875,0.9882742447234101,0.0,0.0,0,0
2012,PA,1506161,0.0,1.0,0.0,0.0,0,0
2016,PA,1506161,0.0,1.0,0.0,0.0,0,0
2012,PA,1506187,0.2043524172443873,0.7956475827556126,0.0,0.0,0,0
2016,PA,1506187,0.5325874535860856,0.4674125464139144,0.0,0.0,0,0
2012,PA,1506195,0.24452324665090622,0.7554767533490938,0.0,0.0,0,0
2016,PA,1506195,0.02236043240041463,0.9776395675995854,0.0,0.0,0,0
2012,PA,1506203,0.3543380619913728,0.6456619380086273,0.0,0.0,0,0
2016,PA,1506203,0.0,1.0,0.0,0.0,0,0
2012,PA,1506302,0.5138610811643308,0.4861389188356692,0.0,0.0,0,0
2016,PA,1506302,0.015380351946792296,0.9846196480532077,0.0,0.0,0,0
2012,PA,1506351,0.0,0.9313857677902622,0.06861423220973782,0.0,0,0
2016,PA,1506351,0.0,1.0,0.0,0.0,0,0
2012,PA,1506401,0.0,0.44014466546112113,0.5598553345388788,0.0,0,0
2016,PA,1506401,0.0,0.5332010104655359,0.4667989895344641,0.0,0,0
2012,PA,1506500,0.5880917675391343,0.39828252740984854,0.013625705051017175,0.0,0,0
2016,PA,1506500,0.9170529852835941,0.08294701471640584,0.0,0.0,0,0
2012,PA,1506559,0.5044466403162056,0.4955533596837945,0.0,0.0,0,0
2016,PA,1506559,0.4602484945498895,0.5295373122951444,0.01021419315496608,0.0,0,0
2012,PA,1506583,0.25532706801898203,0.37629105796966594,0.36838187401135203,0.0,0,0
2016,PA,1506583,0.45666409861325113,0.5433359013867488,0.0,0.0,0,0
2012,PA,1506609,0.2510895726273336,0.7489104273726663,0.0,0.0,0,0
2016,PA,1506609,0.5064412744297115,0.49355872557028846,0.0,0.0,0,0
2012,PA,1506708,0.0,1.0,0.0,0.0,0,0
2016,PA,1506708,0.20963651732882502,0.7858954232580606,0.004468059413114358,0.0,0,0
2012,PA,1506807,0.03983214367637732,0.6055646260339221,0.3546032302897006,0.0,1,0
2016,PA,1506807,0.548499300339835,0.33496301796270384,0.11653768169746123,0.0,1,1
2012,PA,1506906,0.0,1.0,0.0,0.0,0,0
2016,PA,1506906,0.06376811594202898,0.936231884057971,0.0,0.0,0,0
2012,PA,1507003,0.3581655353374023,0.6418344646625976,0.0,0.0,0,0
2016,PA,1507003,0.0,1.0,0.0,0.0,0,0
2012,PA,1507102,0.1114776870984546,0.8885223129015454,0.0,0.0,0,0
2016,PA,1507102,0.31103789126853376,0.6889621087314662,0.0,0.0,0,0
2012,PA,1507151,0.0,1.0,0.0,0.0,0,0
2016,PA,1507151,0.2495758398371225,0.7504241601628775,0.0,0.0,0,0
2012,PA,1507201,0.0,0.6218787158145065,0.37812128418549346,0.0,0,0
2016,PA,1507201,0.4505349068048969,0.5494650931951032,0.0,0.0,0,0
2012,PA,1507300,0.20161290322580644,0.7198871762275544,0.07849992054663912,0.0,0,0
2016,PA,1507300,0.0,1.0,0.0,0.0,0,0
2012,PA,1507409,0.46077513574237033,0.5392248642576296,0.0,0.0,0,0
2016,PA,1507409,0.9578004002436266,0.04219959975637345,0.0,0.0,0,0
2012,PA,1507458,0.0,1.0,0.0,0.0,0,0
2016,PA,1507458,0.3758086253369272,0.5735849056603773,0.050606469002695414,0.0,0,0
2012,PA,1507466,0.6357752280082377,0.0,0.3642247719917623,0.0,0,0
2016,PA,1507466,0.0,1.0,0.0,0.0,0,0
2012,PA,1507474,0.00022343040142995457,0.9997765695985701,0.0,0.0,1,0
2016,PA,1507474,0.32699592595239796,0.673004074047602,0.0,0.0,1,1
2012,PA,1507508,0.0,1.0,0.0,0.0,0,0
2016,PA,1507508,0.05215646940822467,0.9478435305917753,0.0,0.0,0,0
2012,PA,1507607,0.11732395913435131,0.8826760408656487,0.0,0.0,0,0
2016,PA,1507607,0.31766666666666665,0.6396666666666667,0.042666666666666665,0.0,0,0
2012,PA,1507706,0.17407006139400505,0.22506319971108704,0.6008667388949079,0.0,0,0
2016,PA,1507706,0.2685892538833715,0.4342373312961548,0.29717341482047366,0.0,0,0
2012,PA,1507755,0.0,0.7323308270676692,0.26766917293233083,0.0,0,0
2016,PA,1507755,0.3874557410217501,0.6125442589782498,0.0,0.0,0,0
2012,PA,1507805,0.4232740428097679,0.3373530298462466,0.23937292734398552,0.0,0,0
2016,PA,1507805,0.4383821932681867,0.5616178067318133,0.0,0.0,0,0
2012,PA,1507904,0.4447416584541743,0.0,0.5552583415458258,0.0,0,0
2016,PA,1507904,0.4459434255517563,0.36338203294995336,0.19067454149829033,0.0,0,0
2012,PA,1507953,0.7522546585802722,0.24774534141972787,0.0,0.0,0,0
2016,PA,1507953,0.9517426273458445,0.04825737265415549,0.0,0.0,0,0
2012,PA,1507979,0.5111514246078327,0.4888485753921673,0.0,0.0,0,0
2016,PA,1507979,0.49011339143472965,0.5098866085652703,0.0,0.0,0,0
2012,PA,1508001,0.0,1.0,0.0,0.0,0,0
2016,PA,1508001,0.21400189214758752,0.5602270577105014,0.22577105014191107,0.0,0,0
2012,PA,1508035,0.4570597627737226,0.5315351277372263,0.011405109489051095,0.0,1,0
2016,PA,1508035,0.6726141924959217,0.3273858075040783,0.0,0.0,1,1
2012,PA,1508050,0.26876896688217444,0.7312310331178256,0.0,0.0,0,0
2016,PA,1508050,0.32045480914259195,0.679545190857408,0.0,0.0,0,0
2012,PA,1508084,0.3955670603462223,0.6044329396537778,0.0,0.0,0,0
2016,PA,1508084,0.1213279078999603,0.8584755855498214,0.02019650655021834,0.0,0,0
2012,PA,1508100,0.0,0.6714235604703971,0.3285764395296029,0.0,0,0
2016,PA,1508100,0.0,1.0,0.0,0.0,0,0
2012,PA,1508126,0.0,1.0,0.0,0.0,0,0
2016,PA,1508126,0.7231204828254229,0.27687951717457715,0.0,0.0,0,0
2012,PA,1508159,0.0022890934236253517,0.9977109065763746,0.0,0.0,0,0
2016,PA,1508159,0.0,1.0,0.0,0.0,0,0
2012,PA,1508209,0.0,1.0,0.0,0.0,0,0
2016,PA,1508209,0.3507240049479735,0.6492759950520265,0.0,0.0,0,0
2012,PA,1508308,0.8991859095796426,0.0,0.10081409042035738,0.0,0,0
2016,PA,1508308,0.5259965062728283,0.47400349372717165,0.0,0.0,0,0
2012,PA,1508357,0.3693681859976356,0.6306318140023643,0.0,0.0,0,0
2016,PA,1508357,0.0,0.967912984364378,0.032087015635622024,0.0,0,0
2012,PA,1508407,0.0,1.0,0.0,0.0,0,0
2016,PA,1508407,0.35730223550709383,0.6426977644929062,0.0,0.0,0,0
2012,TO,1700301,0.008079552517091361,0.35829707893101304,0.6336233685518956,0.0,0,0
2016,TO,1700301,1.0,0.0,0.0,0.0,0,0
2012,TO,1700400,0.42242019302152933,0.5775798069784707,0.0,0.0,1,0
2016,TO,1700400,0.29808177688036347,0.7019182231196366,0.0,0.0,1,1
2012,TO,1701002,0.3192300708189577,0.6807699291810423,0.0,0.0,0,0
2016,TO,1701002,1.0,0.0,0.0,0.0,0,0
2012,TO,1701051,0.5705574912891986,0.4294425087108014,0.0,0.0,0,0
2016,TO,1701051,0.5370132648694907,0.4629867351305092,0.0,0.0,0,0
2012,TO,1701101,0.0,1.0,0.0,0.0,1,0
2016,TO,1701101,1.0,0.0,0.0,0.0,1,1
2012,TO,1701309,1.0,0.0,0.0,0.0,0,0
2016,TO,1701309,0.5953837597330367,0.4046162402669633,0.0,0.0,0,0
2012,TO,1701903,0.0030170049369171695,0.6988480526604498,0.298134942402633,0.0,0,0
2016,TO,1701903,0.4072151570205035,0.5927848429794965,0.0,0.0,0,0
2012,TO,1702000,0.4894372779958871,0.5105627220041129,0.0,0.0,0,0
2016,TO,1702000,0.5830655830655831,0.4169344169344169,0.0,0.0,0,0
2012,TO,1702158,0.37177985948477754,0.4918032786885246,0.1364168618266979,0.0,0,0
2016,TO,1702158,1.0,0.0,0.0,0.0,0,0
2012,TO,1702208,0.0,0.9144983951376084,0.08550160486239158,0.0,0,0
2016,TO,1702208,0.380032,0.619968,0.0,0.0,0,0
2012,TO,1702307,0.31946206546561784,0.33646282669373256,0.3440751078406496,0.0,0,0
2016,TO,1702307,0.8216792305692747,0.0,0.17832076943072525,0.0,0,0
2012,TO,1702406,1.0,0.0,0.0,0.0,1,0
2016,TO,1702406,0.5132802124833997,0.4867197875166003,0.0,0.0,1,1
2012,TO,1702554,0.5170603674540682,0.48293963254593175,0.0,0.0,0,0
2016,TO,1702554,0.5326900140951968,0.4673099859048032,0.0,0.0,0,0
2012,TO,1702703,0.0011627906976744186,0.9988372093023256,0.0,0.0,1,0
2016,TO,1702703,0.0,1.0,0.0,0.0,1,1
2012,TO,1702901,0.5645783847980997,0.0,0.43542161520190026,0.0,0,0
2016,TO,1702901,0.48892723612309463,0.5110727638769054,0.0,0.0,0,0
2012,TO,1703008,0.41013333333333335,0.5690666666666667,0.0208,0.0,0,0
2016,TO,1703008,0.21069809610154125,0.7893019038984588,0.0,0.0,0,0
2012,TO,1703057,1.0,0.0,0.0,0.0,0,0
2016,TO,1703057,0.5671510347864377,0.4328489652135623,0.0,0.0,0,0
2012,TO,1703073,0.00895094880057286,0.9910490511994271,0.0,0.0,0,0
2016,TO,1703073,0.0922266139657444,0.791501976284585,0.11627140974967062,0.0,0,0
2012,TO,1703107,0.5488347735009165,0.4511652264990835,0.0,0.0,1,0
2016,TO,1703107,0.0,1.0,0.0,0.0,1,1
2012,TO,1703206,0.4076256499133449,0.47694974003466206,0.11542461005199307,0.0,1,0
2016,TO,1703206,0.3973906911142454,0.6026093088857546,0.0,0.0,1,1
2012,TO,1703602,0.5288461538461539,0.47115384615384615,0.0,0.0,1,0
2016,TO,1703602,1.0,0.0,0.0,0.0,1,1
2012,TO,1703701,1.0,0.0,0.0,0.0,1,0
2016,TO,1703701,0.44356796116504854,0.5564320388349514,0.0,0.0,1,1
2012,TO,1703800,0.4820675105485232,0.5179324894514767,0.0,0.0,0,0
2016,TO,1703800,0.4074446680080483,0.5925553319919518,0.0,0.0,0,0
2012,TO,1703826,0.0,1.0,0.0,0.0,0,0
2016,TO,1703826,0.0,1.0,0.0,0.0,0,0
2012,TO,1703842,0.705253784505788,0.2947462154942119,0.0,0.0,0,0
2016,TO,1703842,1.0,0.0,0.0,0.0,0,0
2012,TO,1703883,0.09989648033126294,0.900103519668737,0.0,0.0,0,0
2016,TO,1703883,1.0,0.0,0.0,0.0,0,0
2012,TO,1703891,1.0,0.0,0.0,0.0,0,0
2016,TO,1703891,0.6321361058601134,0.36786389413988657,0.0,0.0,0,0
2012,TO,1703909,0.4078159470532619,0.5921840529467381,0.0,0.0,0,0
2016,TO,1703909,0.5338928340865075,0.46610716591349255,0.0,0.0,0,0
2012,TO,1704105,0.44600431965442766,0.5539956803455723,0.0,0.0,0,0
2016,TO,1704105,0.0,1.0,0.0,0.0,0,0
2012,TO,1704600,0.5461031833150384,0.45389681668496157,0.0,0.0,1,0
2016,TO,1704600,0.4296600234466589,0.5703399765533411,0.0,0.0,1,1
2012,TO,1705102,0.8841539098055441,0.11584609019445594,0.0,0.0,1,0
2016,TO,1705102,0.8255560401221108,0.17444395987788922,0.0,0.0,1,1
2012,TO,1705508,0.45104617824681265,0.0,0.5489538217531873,0.0,1,0
2016,TO,1705508,0.6150652431791221,0.013318235738164564,0.37161652108271326,0.0,1,1
2012,TO,1705557,0.5107960038672252,0.4892039961327747,0.0,0.0,1,0
2016,TO,1705557,0.21166237113402062,0.7883376288659794,0.0,0.0,1,1
2012,TO,1705607,0.37824897400820795,0.6217510259917921,0.0,0.0,1,0
2016,TO,1705607,0.5959699453551912,0.40403005464480873,0.0,0.0,1,1
2012,TO,1706001,0.0,0.44473007712082263,0.5552699228791774,0.0,0,0
2016,TO,1706001,0.0,0.42852634900599557,0.5714736509940044,0.0,0,0
2012,TO,1706100,0.6439813788516958,0.3560186211483041,0.0,0.0,1,0
2016,TO,1706100,0.46630076838638856,0.5336992316136114,0.0,0.0,1,1
2012,TO,1706506,0.6384311140408702,0.36156888595912984,0.0,0.0,0,0
2016,TO,1706506,0.27623793210837744,0.7237620678916226,0.0,0.0,0,0
2012,TO,1707009,0.39784608950230027,0.36836051861145963,0.23379339188624007,0.0,1,0
2016,TO,1707009,0.0,0.6482520925652387,0.3517479074347612,0.0,1,1
2012,TO,1707207,0.0,1.0,0.0,0.0,1,0
2016,TO,1707207,0.4623921085080148,0.5376078914919852,0.0,0.0,1,1
2012,TO,1707306,0.0,0.5380281690140845,0.4619718309859155,0.0,0,0
2016,TO,1707306,0.5165022116366111,0.4834977883633889,0.0,0.0,0,0
2012,TO,1707405,0.015364061456245824,0.40681362725450904,0.5778223112892451,0.0,0,0
2016,TO,1707405,1.0,0.0,0.0,0.0,0,0
2012,TO,1707553,0.4710467706013363,0.5289532293986637,0.0,0.0,1,0
2016,TO,1707553,0.6065318818040435,0.39346811819595645,0.0,0.0,1,1
2012,TO,1707702,0.6138803680981595,0.3861196319018405,0.0,0.0,0,0
2016,TO,1707702,0.4845360824742268,0.5154639175257731,0.0,0.0,0,0
2012,TO,1708205,0.894806296540673,0.06654727118484306,0.03864643227448393,0.0,0,0
2016,TO,1708205,0.7941097962452175,0.20589020375478245,0.0,0.0,0,0
2012,TO,1708254,1.0,0.0,0.0,0.0,1,0
2016,TO,1708254,0.051969823973176864,0.9480301760268232,0.0,0.0,1,1
2012,TO,1708304,0.0,1.0,0.0,0.0,0,0
2016,TO,1708304,0.7231703789412786,0.27682962105872144,0.0,0.0,0,0
2012,TO,1709005,1.0,0.0,0.0,0.0,0,0
2016,TO,1709005,1.0,0.0,0.0,0.0,0,0
2012,TO,1709302,0.38025242419578265,0.5132368785593351,0.10651069724488225,0.0,1,0
2016,TO,1709302,0.36782049318425486,0.6321795068157451,0.0,0.0,1,1
2012,TO,1709807,0.4429530201342282,0.5570469798657718,0.0,0.0,1,0
2016,TO,1709807,0.12937812723373837,0.8706218727662616,0.0,0.0,1,1
2012,TO,1710508,0.5932734489241697,0.40296636724462087,0.003760183831209526,0.0,0,0
2016,TO,1710508,0.6828995242093479,0.3145815841029947,0.0025188916876574307,0.0,0,0
2012,TO,1710706,0.480546792849632,0.519453207150368,0.0,0.0,0,0
2016,TO,1710706,0.8944033790918691,0.10559662090813093,0.0,0.0,0,0
2012,TO,1710904,0.6127906976744186,0.3872093023255814,0.0,0.0,0,0
2016,TO,1710904,1.0,0.0,0.0,0.0,0,0
2012,TO,1711100,0.6032972694487377,0.39670273055126226,0.0,0.0,0,0
2016,TO,1711100,0.0,1.0,0.0,0.0,0,0
2012,TO,1711506,0.8042519053349378,0.19574809466506218,0.0,0.0,0,0
2016,TO,1711506,1.0,0.0,0.0,0.0,0,0
2012,TO,1711803,0.36152471709350803,0.2870756402620607,0.3513996426444312,0.0,1,0
2016,TO,1711803,0.4307347167694896,0.5692652832305104,0.0,0.0,1,1
2012,TO,1711902,0.5502366217692027,0.4497633782307972,0.0,0.0,1,0
2016,TO,1711902,1.0,0.0,0.0,0.0,1,1
2012,TO,1711951,0.0,1.0,0.0,0.0,1,0
2016,TO,1711951,0.09991532599491956,0.9000846740050804,0.0,0.0,1,1
2012,TO,1712009,1.0,0.0,0.0,0.0,1,0
2016,TO,1712009,0.289440734557596,0.710559265442404,0.0,0.0,1,1
2012,TO,1712157,0.4992378048780488,0.5007621951219512,0.0,0.0,1,0
2016,TO,1712157,0.0,1.0,0.0,0.0,1,1
2012,TO,1712405,0.5852498017446471,0.4147501982553529,0.0,0.0,1,0
2016,TO,1712405,1.0,0.0,0.0,0.0,1,1
2012,TO,1712454,1.0,0.0,0.0,0.0,0,0
2016,TO,1712454,1.0,0.0,0.0,0.0,0,0
2012,TO,1712702,0.898932384341637,0.10106761565836299,0.0,0.0,0,0
2016,TO,1712702,0.9715945771465462,0.0,0.028405422853453842,0.0,0,0
2012,TO,1712801,0.01957446808510638,0.9804255319148936,0.0,0.0,0,0
2016,TO,1712801,0.5370446172738437,0.4629553827261564,0.0,0.0,0,0
2012,TO,1713205,0.7397399949018608,0.2602600050981392,0.0,0.0,1,0
2016,TO,1713205,0.15382646531865882,0.8461735346813412,0.0,0.0,1,1
2012,TO,1713304,0.6450069260798388,0.35499307392016116,0.0,0.0,1,0
2016,TO,1713304,0.0,1.0,0.0,0.0,1,1
2012,TO,1713601,0.459552495697074,0.4037373985738874,0.1367101057290386,0.0,1,0
2016,TO,1713601,0.4996166624073601,0.5003833375926399,0.0,0.0,1,1
2012,TO,1713809,0.48614958448753465,0.0,0.5138504155124654,0.0,0,0
2016,TO,1713809,0.5245029403528424,0.47549705964715766,0.0,0.0,0,0
2012,TO,1713957,0.0,1.0,0.0,0.0,0,0
2016,TO,1713957,0.7129258517034068,0.0,0.28707414829659317,0.0,0,0
2012,TO,1714203,0.1641991924629879,0.750432609113632,0.08536819842338011,0.0,1,0
2016,TO,1714203,0.7526315789473684,0.24736842105263157,0.0,0.0,1,1
2012,TO,1714302,0.0,1.0,0.0,0.0,0,0
2016,TO,1714302,0.0,1.0,0.0,0.0,0,0
2012,TO,1714880,0.48698884758364314,0.5130111524163569,0.0,0.0,0,0
2016,TO,1714880,0.0,1.0,0.0,0.0,0,0
2012,TO,1715002,0.37958236658932715,0.6204176334106729,0.0,0.0,1,0
2016,TO,1715002,0.4077181208053691,0.5922818791946308,0.0,0.0,1,1
2012,TO,1715101,0.23152553124008882,0.7684744687599112,0.0,0.0,1,0
2016,TO,1715101,0.2438880706921944,0.7561119293078056,0.0,0.0,1,1
2012,TO,1715150,0.5127701375245579,0.48722986247544203,0.0,0.0,1,0
2016,TO,1715150,0.421968787515006,0.578031212484994,0.0,0.0,1,1
2012,TO,1715259,0.5838252656434475,0.41617473435655256,0.0,0.0,1,0
2016,TO,1715259,0.49468382764409624,0.5053161723559038,0.0,0.0,1,1
2012,TO,1715507,0.0,1.0,0.0,0.0,1,0
2016,TO,1715507,0.6152841280209014,0.3847158719790986,0.0,0.0,1,1
2012,TO,1715705,0.0,1.0,0.0,0.0,0,0
2016,TO,1715705,1.0,0.0,0.0,0.0,0,0
2012,TO,1715754,1.0,0.0,0.0,0.0,1,0
2016,TO,1715754,0.5855405992184107,0.4144594007815892,0.0,0.0,1,1
2012,TO,1716208,0.27560771165129927,0.7243922883487007,0.0,0.0,1,0
2016,TO,1716208,0.502558536207164,0.4974414637928361,0.0,0.0,1,1
2012,TO,1716307,0.0,1.0,0.0,0.0,0,0
2016,TO,1716307,0.4388117533096545,0.5611882466903455,0.0,0.0,0,0
2012,TO,1716604,0.4027709054923305,0.5530265545109682,0.044202539996701304,0.0,0,0
2016,TO,1716604,0.9772413793103448,0.022758620689655173,0.0,0.0,0,0
2012,TO,1716653,0.0,0.39315743693824295,0.606842563061757,0.0,0,0
2016,TO,1716653,0.4353182751540041,0.5646817248459959,0.0,0.0,0,0
2012,TO,1716703,0.6165689149560117,0.0,0.38343108504398826,0.0,0,0
2016,TO,1716703,1.0,0.0,0.0,0.0,0,0
2012,TO,1717008,0.5818695106649937,0.4181304893350063,0.0,0.0,0,0
2016,TO,1717008,0.0,1.0,0.0,0.0,0,0
2012,TO,1717206,0.0,1.0,0.0,0.0,0,0
2016,TO,1717206,0.5513843266072267,0.44861567339277336,0.0,0.0,0,0
2012,TO,1717503,0.4896519285042333,0.4574317968015052,0.05291627469426152,0.0,1,0
2016,TO,1717503,0.27335279399499585,0.7266472060050042,0.0,0.0,1,1
2012,TO,1717800,0.5621401964104301,0.43785980358956994,0.0,0.0,1,0
2016,TO,1717800,0.49314586994727594,0.5068541300527241,0.0,0.0,1,1
2012,TO,1717909,0.0,1.0,0.0,0.0,0,0
2016,TO,1717909,0.28601845280340665,0.4601372131535368,0.25384433404305656,0.0,0,0
2012,TO,1718006,0.43266630611141155,0.5673336938885885,0.0,0.0,1,0
2016,TO,1718006,0.5010593220338984,0.4231991525423729,0.07574152542372882,0.0,1,1
2012,TO,1718204,0.008043093270365998,0.6852863046044865,0.3066706021251476,0.0,1,0
2016,TO,1718204,0.0,0.9879822290408157,0.012017770959184326,0.0,1,1
2012,TO,1718303,0.0,0.9983224994757811,0.001677500524218914,0.0,0,0
2016,TO,1718303,0.327741935483871,0.672258064516129,0.0,0.0,0,0
2012,TO,1718402,0.4480240549828179,0.0,0.5519759450171822,0.0,1,0
2016,TO,1718402,0.6790890269151139,0.32091097308488614,0.0,0.0,1,1
2012,TO,1718501,1.0,0.0,0.0,0.0,0,0
2016,TO,1718501,0.000437636761487965,0.999562363238512,0.0,0.0,0,0
2012,TO,1718550,0.0,0.45121152586771446,0.5487884741322855,0.0,0,0
2016,TO,1718550,0.5073529411764706,0.49264705882352944,0.0,0.0,0,0
2012,TO,1718659,0.0,1.0,0.0,0.0,1,0
2016,TO,1718659,0.5227544910179641,0.0,0.47724550898203594,0.0,1,1
2012,TO,1718709,0.44680851063829785,0.5531914893617021,0.0,0.0,1,0
2016,TO,1718709,0.04016477857878476,0.9598352214212152,0.0,0.0,1,1
2012,TO,1718808,0.5481156238565679,0.0,0.45188437614343213,0.0,0,0
2016,TO,1718808,0.8181818181818182,0.18181818181818182,0.0,0.0,0,0
2012,TO,1718840,0.6462585034013606,0.35374149659863946,0.0,0.0,0,0
2016,TO,1718840,0.8091428571428572,0.19085714285714286,0.0,0.0,0,0
2012,TO,1718865,0.0,1.0,0.0,0.0,0,0
2016,TO,1718865,1.0,0.0,0.0,0.0,0,0
2012,TO,1718899,0.5316455696202531,0.46835443037974683,0.0,0.0,1,0
2016,TO,1718899,0.5626156693399136,0.43738433066008636,0.0,0.0,1,1
2012,TO,1718907,0.0,1.0,0.0,0.0,1,0
2016,TO,1718907,0.5051805337519624,0.4948194662480377,0.0,0.0,1,1
2012,TO,1719004,0.293282876064333,0.706717123935667,0.0,0.0,1,0
2016,TO,1719004,0.0,1.0,0.0,0.0,1,1
2012,TO,1720002,0.4616580310880829,0.5383419689119171,0.0,0.0,0,0
2016,TO,1720002,0.4534518828451883,0.5465481171548117,0.0,0.0,0,0
2012,TO,1720101,0.0,1.0,0.0,0.0,0,0
2016,TO,1720101,0.4751410911045418,0.5248589088954582,0.0,0.0,0,0
2012,TO,1720150,0.5369068541300527,0.46309314586994726,0.0,0.0,1,0
2016,TO,1720150,0.8201144726083401,0.17988552739165986,0.0,0.0,1,1
2012,TO,1720200,0.0,0.6079092037595318,0.39209079624046816,0.0,0,0
2016,TO,1720200,0.8489313471502591,0.15106865284974094,0.0,0.0,0,0
2012,TO,1720259,1.0,0.0,0.0,0.0,1,0
2016,TO,1720259,0.44753086419753085,0.5524691358024691,0.0,0.0,1,1
2012,TO,1720309,0.0,0.7415860735009672,0.2584139264990329,0.0,0,0
2016,TO,1720309,0.007668711656441718,0.46549079754601225,0.526840490797546,0.0,0,0
2012,TO,1720499,0.5223830360148098,0.47761696398519016,0.0,0.0,0,0
2016,TO,1720499,0.7265856063095629,0.2734143936904371,0.0,0.0,0,0
2012,TO,1720655,0.0,1.0,0.0,0.0,1,0
2016,TO,1720655,0.5539160045402951,0.4460839954597049,0.0,0.0,1,1
2012,TO,1720804,0.0,1.0,0.0,0.0,0,0
2016,TO,1720804,0.0,1.0,0.0,0.0,0,0
2012,TO,1720853,0.36421952957947257,0.6357804704205274,0.0,0.0,0,0
2016,TO,1720853,0.4884012539184953,0.5115987460815047,0.0,0.0,0,0
2012,TO,1720903,0.5492159227985525,0.45078407720144753,0.0,0.0,1,0
2016,TO,1720903,0.266516923553559,0.7334830764464411,0.0,0.0,1,1
2012,TO,1720937,0.4581806064645118,0.5418193935354881,0.0,0.0,1,0
2016,TO,1720937,0.36065573770491804,0.639344262295082,0.0,0.0,1,1
2012,TO,1721109,0.5268222275679577,0.47317777243204234,0.0,0.0,1,0
2016,TO,1721109,0.3012134189864383,0.6987865810135617,0.0,0.0,1,1
2012,TO,1721208,0.5497601395551679,0.4502398604448321,0.0,0.0,0,0
2016,TO,1721208,0.8772789817681459,0.12272101823185415,0.0,0.0,0,0
2012,TO,1721307,0.0,1.0,0.0,0.0,1,0
2016,TO,1721307,0.6375305623471883,0.36246943765281175,0.0,0.0,1,1
2012,TO,1722081,0.0,1.0,0.0,0.0,0,0
2016,TO,1722081,0.0,1.0,0.0,0.0,0,0
2012,TO,1722107,0.41690522826578275,0.5830947717342173,0.0,0.0,0,0
2016,TO,1722107,0.47631176770249617,0.5236882322975038,0.0,0.0,0,0
2012,MA,2100055,0.0,0.9130799878508513,0.08692001214914867,0.0,1,0
2016,MA,2100055,0.027248192104079444,0.3403515449292412,0.6324002629666794,0.0,1,1
2012,MA,2100105,0.22872476360848454,0.7712752363915154,0.0,0.0,0,0
2016,MA,2100105,0.0,1.0,0.0,0.0,0,0
2012,MA,2100154,0.0,1.0,0.0,0.0,0,0
2016,MA,2100154,0.0,0.8934445216585591,0.10655547834144082,0.0,0,0
2012,MA,2100204,0.1848617176128093,0.19198651650961465,0.623151765877576,0.0,0,0
2016,MA,2100204,0.0,0.15608406252337148,0.8439159374766285,0.0,0,0
2012,MA,2100436,0.0,0.9987021414665801,0.0012978585334198572,0.0,0,0
2016,MA,2100436,0.0,1.0,0.0,0.0,0,0
2012,MA,2100477,0.5292908530318602,0.47070914696813976,0.0,0.0,0,0
2016,MA,2100477,0.42678681138644275,0.5732131886135572,0.0,0.0,0,0
2012,MA,2100501,0.30770553835569314,0.6922944616443069,0.0,0.0,0,0
2016,MA,2100501,0.0,1.0,0.0,0.0,0,0
2012,MA,2100550,0.6324719394413991,0.3675280605586009,0.0,0.0,0,0
2016,MA,2100550,0.42300194931773877,0.5769980506822612,0.0,0.0,0,0
2012,MA,2100600,0.4810723860589812,0.5189276139410187,0.0,0.0,0,0
2016,MA,2100600,0.006081930133199296,0.9939180698668008,0.0,0.0,0,0
2012,MA,2100709,0.28802477632484513,0.7119752236751549,0.0,0.0,0,0
2016,MA,2100709,0.2910843685300207,0.2767210144927536,0.43219461697722567,0.0,0,0
2012,MA,2100808,0.5959861300830094,0.4040138699169907,0.0,0.0,0,0
2016,MA,2100808,0.4156426760288668,0.5843573239711333,0.0,0.0,0,0
2012,MA,2100832,0.08763328839318545,0.9123667116068146,0.0,0.0,0,0
2016,MA,2100832,0.0,0.513317191283293,0.48668280871670705,0.0,0,0
2012,MA,2100873,1.0,0.0,0.0,0.0,0,0
2016,MA,2100873,0.6061114842175958,0.0,0.3938885157824043,0.0,0,0
2012,MA,2100907,0.8978354170554208,0.07977234558686322,0.02239223735771599,0.0,0,0
2016,MA,2100907,0.7832442221455674,0.0,0.21675577785443256,0.0,0,0
2012,MA,2100956,0.0,1.0,0.0,0.0,0,0
2016,MA,2100956,0.0,1.0,0.0,0.0,0,0
2012,MA,2101004,0.03011182607609171,0.9575185856187918,0.012369588305116511,0.0,0,0
2016,MA,2101004,0.0,1.0,0.0,0.0,0,0
2012,MA,2101103,0.0,1.0,0.0,0.0,0,0
2016,MA,2101103,0.016395433568132136,0.9836045664318679,0.0,0.0,0,0
2012,MA,2101202,0.4652233393411652,0.5347766606588348,0.0,0.0,1,0
2016,MA,2101202,0.4299920832233781,0.5680634453256295,0.0019444714509923749,0.0,1,1
2012,MA,2101251,0.3092222442113596,0.6907777557886404,0.0,0.0,0,0
2016,MA,2101251,0.5216251638269986,0.0,0.4783748361730013,0.0,0,0
2012,MA,2101301,1.0,0.0,0.0,0.0,0,0
2016,MA,2101301,0.3924233661075766,0.5092539039907461,0.09832272990167727,0.0,0,0
2012,MA,2101350,0.0,1.0,0.0,0.0,1,0
2016,MA,2101350,0.0,1.0,0.0,0.0,1,1
2012,MA,2101400,0.5732890333220159,0.4193141582189455,0.007396808459038657,0.0,1,0
2016,MA,2101400,0.39062039576580454,0.6093796042341955,0.0,0.0,1,1
2012,MA,2101509,0.5678987942281083,0.4321012057718917,0.0,0.0,0,0
2016,MA,2101509,0.0,0.45892791803878524,0.5410720819612148,0.0,0,0
2012,MA,2101707,0.0,0.9928232859336404,0.0071767140663595705,0.0,0,0
2016,MA,2101707,0.018758644536652835,0.5405716920239741,0.44066966343937297,0.0,0,0
2012,MA,2101731,0.2928505957836847,0.28528872593950505,0.4218606782768103,0.0,1,0
2016,MA,2101731,0.4741532976827095,0.4864329570211923,0.039413745296098236,0.0,1,1
2012,MA,2101939,0.0,0.5478329809725159,0.45216701902748413,0.0,0,0
2016,MA,2101939,0.0,0.5414364640883977,0.4585635359116022,0.0,0,0
2012,MA,2102002,0.5101869355177484,0.4877651753833228,0.0020478890989287964,0.0,0,0
2016,MA,2102002,0.00732449579615206,0.9745705885387115,0.01810491566513643,0.0,0,0
2012,MA,2102036,0.45719623131903836,0.5328135152696556,0.009990253411306042,0.0,0,0
2016,MA,2102036,0.0,0.4919567510548523,0.5080432489451476,0.0,0,0
2012,MA,2102101,0.06510240828269187,0.5197501688048616,0.41514742291244655,0.0,0,0
2016,MA,2102101,0.3483814618701894,0.6440853758392925,0.007533162290518041,0.0,0,0
2012,MA,2102200,0.8781311981194446,0.12186880188055535,0.0,0.0,0,0
2016,MA,2102200,0.4341965471447543,0.0100265604249668,0.5557768924302788,0.0,0,0
2012,MA,2102309,0.0,1.0,0.0,0.0,0,0
2016,MA,2102309,0.0,0.5356095359855606,0.46439046401443934,0.0,0,0
2012,MA,2102325,0.0,0.5949362821117928,0.4050637178882071,0.0,0,0
2016,MA,2102325,0.5710945399393327,0.0,0.4289054600606673,0.0,0,0
2012,MA,2102358,0.5584277148567621,0.4295802798134577,0.011992005329780146,0.0,0,0
2016,MA,2102358,0.0,0.6433898305084745,0.3566101694915254,0.0,0,0
2012,MA,2102374,0.626945885841364,0.37305411415863604,0.0,0.0,0,0
2016,MA,2102374,0.4960225389459728,0.5039774610540272,0.0,0.0,0,0
2012,MA,2102556,0.011620051344412918,0.38778543440075663,0.6005945142548305,0.0,0,0
2016,MA,2102556,0.2979744136460554,0.0,0.7020255863539445,0.0,0,0
2012,MA,2102606,0.21943942133815553,0.6164556962025316,0.16410488245931285,0.0,0,0
2016,MA,2102606,0.7009541345831939,0.29904586541680617,0.0,0.0,0,0
2012,MA,2102705,0.5828343313373253,0.4171656686626746,0.0,0.0,0,0
2016,MA,2102705,0.6149829282988551,0.3757782687286604,0.009238802972484434,0.0,0,0
2012,MA,2102754,0.5718076802997191,0.4274118014361536,0.0007805182641273806,0.0,0,0
2016,MA,2102754,0.0,0.3067394189647545,0.6932605810352456,0.0,0,0
2012,MA,2102804,0.08629164391043145,0.9137083560895686,0.0,0.0,0,0
2016,MA,2102804,0.0,1.0,0.0,0.0,0,0
2012,MA,2102903,0.833420868347339,0.02774859943977591,0.13883053221288516,0.0,0,0
2016,MA,2102903,0.9344749394010478,0.06552506059895223,0.0,0.0,0,0
2012,MA,2103000,0.05868904489093305,0.8807929207348234,0.06051803437424352,0.0,1,0
2016,MA,2103000,0.507856865033061,0.49214313496693896,0.0,0.0,1,1
2012,MA,2103158,1.0,0.0,0.0,0.0,0,0
2016,MA,2103158,1.0,0.0,0.0,0.0,0,0
2012,MA,2103208,0.571061212587153,0.42893878741284697,0.0,0.0,0,0
2016,MA,2103208,0.525869769912359,0.47413023008764094,0.0,0.0,0,0
2012,MA,2103307,0.14884543578657758,0.839225705021126,0.011928859192296354,0.0,1,0
2016,MA,2103307,0.07836089144500359,0.8033429187634795,0.11829618979151689,0.0,1,1
2012,MA,2103406,0.5789120496581805,0.0,0.4210879503418194,0.0,0,0
2016,MA,2103406,0.0,0.648524720893142,0.35147527910685805,0.0,0,0
2012,MA,2103505,0.11220188870511658,0.8877981112948834,0.0,0.0,0,0
2016,MA,2103505,0.48582398109864144,0.5141760189013586,0.0,0.0,0,0
2012,MA,2103604,0.0,0.5364859087770069,0.4635140912229932,0.0,1,0
2016,MA,2103604,0.00413065582104728,0.46765378749364517,0.5282155566853076,0.0,1,1
2012,MA,2103703,0.38262327302156196,0.617376726978438,0.0,0.0,0,0
2016,MA,2103703,0.0,0.3776770538243626,0.6223229461756374,0.0,0,0
2012,MA,2103802,0.46867132867132866,0.0,0.5313286713286713,0.0,0,0
2016,MA,2103802,0.570277401411966,0.0,0.42972259858803397,0.0,0,0
2012,MA,2103901,0.574363555158553,0.4256364448414471,0.0,0.0,0,0
2016,MA,2103901,0.001912568306010929,0.4420765027322404,0.5560109289617486,0.0,0,0
2012,MA,2104008,0.0,1.0,0.0,0.0,1,0
2016,MA,2104008,0.0,0.44583096993760635,0.5541690300623936,0.0,1,1
2012,MA,2104057,0.0,1.0,0.0,0.0,0,0
2016,MA,2104057,0.0,1.0,0.0,0.0,0,0
2012,MA,2104073,0.4461011484988918,0.5538988515011082,0.0,0.0,1,0
2016,MA,2104073,0.0,0.0,1.0,0.0,1,1
2012,MA,2104099,0.42160778289810547,0.5707117255504353,0.007680491551459293,0.0,0,0
2016,MA,2104099,0.0,1.0,0.0,0.0,0,0
2012,MA,2104107,1.0,0.0,0.0,0.0,1,0
2016,MA,2104107,0.0,1.0,0.0,0.0,1,1
2012,MA,2104206,0.4981098510117856,0.0,0.5018901489882144,0.0,0,0
2016,MA,2104206,0.0,0.5646970830216903,0.43530291697830964,0.0,0,0
2012,MA,2104305,0.49037749814951886,0.5096225018504811,0.0,0.0,0,0
2016,MA,2104305,0.43825665859564167,0.2938861985472155,0.26785714285714285,0.0,0,0
2012,MA,2104404,0.43170838823012736,0.0,0.5682916117698726,0.0,0,0
2016,MA,2104404,0.0,0.5063265512703715,0.4936734487296285,0.0,0,0
2012,MA,2104503,0.0,1.0,0.0,0.0,0,0
2016,MA,2104503,0.0,0.5643146796431467,0.4356853203568532,0.0,0,0
2012,MA,2104552,0.5749139203148057,0.39370388588293165,0.03138219380226267,0.0,0,0
2016,MA,2104552,0.17842430484037075,0.3846549948506694,0.43692070030895985,0.0,0,0
2012,MA,2104602,0.48468447719944724,0.5153155228005527,0.0,0.0,0,0
2016,MA,2104602,0.4749294551769047,0.5250705448230953,0.0,0.0,0,0
2012,MA,2104628,1.0,0.0,0.0,0.0,0,0
2016,MA,2104628,1.0,0.0,0.0,0.0,0,0
2012,MA,2104651,1.0,0.0,0.0,0.0,0,0
2016,MA,2104651,0.3696102104173853,0.018799586064160056,0.6115902035184546,0.0,0,0
2012,MA,2104677,0.0,0.5114166074109189,0.4885833925890811,0.0,0,0
2016,MA,2104677,0.3617591653383568,0.05897695986088972,0.5792638748007535,0.0,0,0
2012,MA,2104701,0.0,1.0,0.0,0.0,0,0
2016,MA,2104701,0.43955094991364424,0.5604490500863558,0.0,0.0,0,0
2012,MA,2104800,0.0,0.40431410719331845,0.5956858928066815,0.0,0,0
2016,MA,2104800,0.009824155865598943,0.5833126943504224,0.40686314978397864,0.0,0,0
2012,MA,2105005,0.5990886960863866,0.4009113039136134,0.0,0.0,0,0
2016,MA,2105005,0.0,1.0,0.0,0.0,0,0
2012,MA,2105104,0.47906798105236204,0.45154269619766996,0.069389322749968,0.0,0,0
2016,MA,2105104,0.44188577647934923,0.5581142235206508,0.0,0.0,0,0
2012,MA,2105203,0.0,0.4631481766425604,0.5368518233574396,0.0,0,0
2016,MA,2105203,0.4790084539332283,0.5209915460667718,0.0,0.0,0,0
2012,MA,2105302,0.32547366396306865,0.6358237425063316,0.038702593530599814,0.0,1,0
2016,MA,2105302,0.21335482801741673,0.7827203832883853,0.0039247886941979416,0.0,1,1
2012,MA,2105351,0.4025588007237012,0.5974411992762988,0.0,0.0,0,0
2016,MA,2105351,0.45630829651448207,0.5436917034855179,0.0,0.0,0,0
2012,MA,2105401,0.3594360979625437,0.33412224737600327,0.30644165466145296,0.0,0,0
2016,MA,2105401,0.6611314299197735,0.23227347805568666,0.10659509202453987,0.0,0,0
2012,MA,2105450,0.0,0.6175891489827171,0.3824108510172829,0.0,0,0
2016,MA,2105450,0.0,0.5174277726001864,0.4825722273998136,0.0,0,0
2012,MA,2105500,0.390625,0.609375,0.0,0.0,0,0
2016,MA,2105500,0.2005813953488372,0.5708417593528817,0.2285768452982811,0.0,0,0
2012,MA,2105658,0.5151905252317199,0.4848094747682801,0.0,0.0,1,0
2016,MA,2105658,0.4422000486736432,0.0,0.5577999513263567,0.0,1,1
2012,MA,2105708,0.5235972205486605,0.4408964935534402,0.035506285897899344,0.0,0,0
2016,MA,2105708,0.25126990795554366,0.5060917389145629,0.24263835312989343,0.0,0,0
2012,MA,2105807,0.461439588688946,0.0,0.538560411311054,0.0,0,0
2016,MA,2105807,0.0,0.45508803342285886,0.5449119665771411,0.0,0,0
2012,MA,2105922,0.0,0.621050591199845,0.3789494088001551,0.0,0,0
2016,MA,2105922,0.3819990373816782,0.6180009626183218,0.0,0.0,0,0
2012,MA,2105948,0.39231966787752987,0.6076803321224702,0.0,0.0,0,0
2016,MA,2105948,0.5854027861901878,0.41050878255602663,0.004088431253785585,0.0,0,0
2012,MA,2105963,0.4349320418684581,0.0349945321043587,0.5300734260271832,0.0,0,0
2016,MA,2105963,0.5229451060121987,0.0,0.4770548939878013,0.0,0,0
2012,MA,2105989,0.5187864175205947,0.006027727546714889,0.4751858549326904,0.0,0,0
2016,MA,2105989,0.5083745717548535,0.49162542824514655,0.0,0.0,0,0
2012,MA,2106003,1.0,0.0,0.0,0.0,0,0
2016,MA,2106003,0.7205234343704099,0.0,0.27947656562959006,0.0,0,0
2012,MA,2106102,1.0,0.0,0.0,0.0,0,0
2016,MA,2106102,0.4585441259134345,0.5414558740865655,0.0,0.0,0,0
2012,MA,2106201,0.0,0.968915343915344,0.031084656084656083,0.0,0,0
2016,MA,2106201,0.0,0.5436953807740325,0.45630461922596754,0.0,0,0
2012,MA,2106300,0.4688677154885885,0.5311322845114115,0.0,0.0,0,0
2016,MA,2106300,0.0,0.504119464469619,0.49588053553038103,0.0,0,0
2012,MA,2106326,0.5272854711124462,0.47271452888755383,0.0,0.0,1,0
2016,MA,2106326,1.0,0.0,0.0,0.0,1,1
2012,MA,2106375,0.90597961930398,0.09402038069601999,0.0,0.0,0,0
2016,MA,2106375,0.8496087104457298,0.0,0.15039128955427017,0.0,0,0
2012,MA,2106409,0.0,1.0,0.0,0.0,0,0
2016,MA,2106409,0.5338934660249612,0.46610653397503876,0.0,0.0,0,0
2012,MA,2106508,0.5217391304347826,0.4782608695652174,0.0,0.0,1,0
2016,MA,2106508,0.3363272752789278,0.0,0.6636727247210722,0.0,1,1
2012,MA,2106607,0.283144285888523,0.716855714111477,0.0,0.0,1,0
2016,MA,2106607,0.0,1.0,0.0,0.0,1,1
2012,MA,2106631,0.731520644511581,0.26847935548841895,0.0,0.0,0,0
2016,MA,2106631,0.0,0.5359576078728236,0.4640423921271764,0.0,0,0
2012,MA,2106672,0.7029037676985841,0.0,0.2970962323014159,0.0,0,0
2016,MA,2106672,0.524442538593482,0.0,0.475557461406518,0.0,0,0
2012,MA,2106706,0.0,1.0,0.0,0.0,0,0
2016,MA,2106706,0.23667766012844993,0.0,0.7633223398715501,0.0,0,0
2012,MA,2106755,0.0,0.9786570969874397,0.021342903012560203,0.0,0,0
2016,MA,2106755,0.0,0.5981440704624096,0.4018559295375904,0.0,0,0
2012,MA,2106904,0.5524077376869255,0.4475922623130745,0.0,0.0,1,0
2016,MA,2106904,0.08025065696381646,0.4923522673674281,0.42739707566875546,0.0,1,1
2012,MA,2107001,0.20290096698899635,0.7970990330110037,0.0,0.0,0,0
2016,MA,2107001,0.3649020560142464,0.6350979439857536,0.0,0.0,0,0
2012,MA,2107100,0.057552633998345135,0.9424473660016549,0.0,0.0,0,0
2016,MA,2107100,0.027278003482298318,0.5506867866124976,0.4220352099052041,0.0,0,0
2012,MA,2107209,0.6475868157739847,0.3524131842260153,0.0,0.0,0,0
2016,MA,2107209,0.35340878469415254,0.6465912153058475,0.0,0.0,0,0
2012,MA,2107258,0.504563605248146,0.49486594409583573,0.0005704506560182544,0.0,1,0
2016,MA,2107258,0.5632121540965817,0.43678784590341835,0.0,0.0,1,1
2012,MA,2107357,0.6354101111810363,0.3645898888189637,0.0,0.0,0,0
2016,MA,2107357,0.0,1.0,0.0,0.0,0,0
2012,MA,2107407,0.9950910978948362,0.0,0.004908902105163787,0.0,0,0
2016,MA,2107407,0.0,0.6218413147199152,0.37815868528008484,0.0,0,0
2012,MA,2107704,0.051156271899089,0.948843728100911,0.0,0.0,0,0
2016,MA,2107704,0.43090193137071064,0.0,0.5690980686292894,0.0,0,0
2012,MA,2107803,0.4074864554260384,0.5925135445739615,0.0,0.0,0,0
2016,MA,2107803,0.6453096259963212,0.3546903740036787,0.0,0.0,0,0
2012,MA,2107902,0.3409188955996549,0.6434426229508197,0.015638481449525454,0.0,0,0
2016,MA,2107902,0.19026149684400362,0.8097385031559964,0.0,0.0,0,0
2012,MA,2108058,0.5622787610619469,0.4377212389380531,0.0,0.0,0,0
2016,MA,2108058,0.5518272104907916,0.0007713817375373638,0.447401407771671,0.0,0,0
2012,MA,2108108,0.0,0.5313626532083634,0.4686373467916366,0.0,1,0
2016,MA,2108108,0.0,0.4572890928344511,0.5427109071655489,0.0,1,1
2012,MA,2108207,0.5463321363615166,0.45366786363848344,0.0,0.0,0,0
2016,MA,2108207,0.3746159842266954,0.6253840157733046,0.0,0.0,0,0
2012,MA,2108306,0.43550103624040776,0.5644989637595922,0.0,0.0,0,0
2016,MA,2108306,0.5268578672159722,0.3982464480008451,0.0748956847831828,0.0,0,0
2012,MA,2108454,0.10561638996820912,0.4841045566937478,0.4102790533380431,0.0,1,0
2016,MA,2108454,1.0,0.0,0.0,0.0,1,1
2012,MA,2108504,0.523766765811774,0.47623323418822605,0.0,0.0,1,0
2016,MA,2108504,0.010748722271984826,0.45924442805205756,0.5300068496759577,0.0,1,1
2012,MA,2108702,0.5041628769327643,0.4768767928356538,0.018960330231581893,0.0,0,0
2016,MA,2108702,0.01204418418951291,0.4012509981368113,0.5867048176736758,0.0,0,0
2012,MA,2108900,1.0,0.0,0.0,0.0,1,0
2016,MA,2108900,0.0,0.44001047851903596,0.559989521480964,0.0,1,1
2012,MA,2109007,0.43546185348096467,0.5645381465190353,0.0,0.0,0,0
2016,MA,2109007,0.5344124312075105,0.46558756879248947,0.0,0.0,0,0
2012,MA,2109205,0.5751272074229272,0.4006285543250524,0.024244238252020354,0.0,0,0
2016,MA,2109205,1.0,0.0,0.0,0.0,0,0
2012,MA,2109239,0.0,1.0,0.0,0.0,0,0
2016,MA,2109239,0.5783822476735863,0.0,0.42161775232641374,0.0,0,0
2012,MA,2109304,0.5480846504152156,0.45191534958478435,0.0,0.0,0,0
2016,MA,2109304,0.0,0.46276923076923077,0.5372307692307692,0.0,0,0
2012,MA,2109403,0.0,0.5466237942122186,0.4533762057877814,0.0,0,0
2016,MA,2109403,0.5823336968375137,0.0,0.4176663031624864,0.0,0,0
2012,MA,2109502,0.3364835781790961,0.6048470103864508,0.058669411434453075,0.0,1,0
2016,MA,2109502,0.542356715512009,0.45764328448799096,0.0,0.0,1,1
2012,MA,2109551,0.3115914307574598,0.6822876817138485,0.00612088752869166,0.0,0,0
2016,MA,2109551,0.33840155945419104,0.3064327485380117,0.3551656920077973,0.0,0,0
2012,MA,2109601,0.2713174640584492,0.6433184067876503,0.08536412915390054,0.0,0,0
2016,MA,2109601,0.0,0.5905748806810852,0.40942511931891473,0.0,0,0
2012,MA,2109759,0.6065081929379184,0.031387029771520886,0.3621047772905608,0.0,0,0
2016,MA,2109759,0.454380664652568,0.545619335347432,0.0,0.0,0,0
2012,MA,2109809,0.0,1.0,0.0,0.0,0,0
2016,MA,2109809,0.021293670750628643,0.9787063292493714,0.0,0.0,0,0
2012,MA,2109908,0.0,1.0,0.0,0.0,1,0
2016,MA,2109908,0.0,0.9863645093143845,0.013635490685615518,0.0,1,1
2012,MA,2110005,0.5243621545003544,0.46713323883770375,0.008504606661941885,0.0,0,0
2016,MA,2110005,0.9525307154194345,0.0,0.04746928458056552,0.0,0,0
2012,MA,2110039,0.5683778234086242,0.4119917864476386,0.019630390143737166,0.0,0,0
2016,MA,2110039,0.5123789020452099,0.4876210979547901,0.0,0.0,0,0
2012,MA,2110104,0.4852039096730704,0.27671048196831816,0.2380856083586114,0.0,0,0
2016,MA,2110104,0.00668364099299809,0.9916613621896881,0.001654996817313813,0.0,0,0
2012,MA,2110203,0.6155276039407646,0.3844723960592354,0.0,0.0,0,0
2016,MA,2110203,0.11827956989247312,0.0,0.8817204301075269,0.0,0,0
2012,MA,2110237,1.0,0.0,0.0,0.0,0,0
2016,MA,2110237,0.4746434231378764,0.0,0.5253565768621236,0.0,0,0
2012,MA,2110278,0.5960677966101695,0.4039322033898305,0.0,0.0,0,0
2016,MA,2110278,0.5395131310708718,0.0,0.4604868689291282,0.0,0,0
2012,MA,2110302,0.5639871382636656,0.4360128617363344,0.0,0.0,0,0
2016,MA,2110302,0.0,0.5110398534127347,0.4889601465872652,0.0,0,0
2012,MA,2110500,0.005365393213771176,0.9946346067862288,0.0,0.0,1,0
2016,MA,2110500,0.0034882624681813897,0.5988498161591402,0.3976619213726784,0.0,1,1
2012,MA,2110609,0.06083191368540602,0.8706700738216923,0.06849801249290176,0.0,0,0
2016,MA,2110609,0.0,0.9782142160369383,0.021785783963061717,0.0,0,0
2012,MA,2110708,0.5349486969507201,0.46505130304927983,0.0,0.0,0,0
2016,MA,2110708,0.014525299823211811,0.5105834010225047,0.4748912991542835,0.0,0,0
2012,MA,2110807,1.0,0.0,0.0,0.0,0,0
2016,MA,2110807,0.0,0.49291338582677163,0.5070866141732283,0.0,0,0
2012,MA,2110906,0.3332830871269219,0.3858908652396744,0.2808260476334037,0.0,0,0
2016,MA,2110906,0.38833977940123193,0.0,0.6116602205987681,0.0,0,0
2012,MA,2111029,0.5038319238900634,0.4961680761099366,0.0,0.0,0,0
2016,MA,2111029,1.0,0.0,0.0,0.0,0,0
2012,MA,2111052,0.38761835396941,0.40975965040058265,0.2026219956300073,0.0,0,0
2016,MA,2111052,0.0,0.3603057839319198,0.6396942160680802,0.0,0,0
2012,MA,2111102,0.4361665400814748,0.5567216736863909,0.007111786232134226,0.0,0,0
2016,MA,2111102,0.41645935587978217,0.5835406441202179,0.0,0.0,0,0
2012,MA,2111508,0.06743070362473348,0.6728144989339019,0.2597547974413646,0.0,0,0
2016,MA,2111508,0.4406005221932115,0.498461395001865,0.060938082804923535,0.0,0,0
2012,MA,2111573,0.0,1.0,0.0,0.0,0,0
2016,MA,2111573,0.0,1.0,0.0,0.0,0,0
2012,MA,2111607,0.41301222142343635,0.5869877785765636,0.0,0.0,0,0
2016,MA,2111607,0.0,0.46791782906416435,0.5320821709358357,0.0,0,0
2012,MA,2111722,0.0,1.0,0.0,0.0,0,0
2016,MA,2111722,0.0,0.5066878258898209,0.4933121741101791,0.0,0,0
2012,MA,2111748,0.0,1.0,0.0,0.0,0,0
2016,MA,2111748,0.0,0.44251555846708157,0.5574844415329184,0.0,0,0
2012,MA,2111763,0.32273519163763065,0.4897212543554007,0.18754355400696865,0.0,0,0
2016,MA,2111763,0.5548592671269251,0.4360063728093468,0.009134360063728093,0.0,0,0
2012,MA,2111789,0.0,0.5057565789473685,0.4942434210526316,0.0,0,0
2016,MA,2111789,0.36077189808533094,0.6392281019146691,0.0,0.0,0,0
2012,MA,2111805,0.4399602744673167,0.5600397255326833,0.0,0.0,0,0
2016,MA,2111805,1.0,0.0,0.0,0.0,0,0
2012,MA,2111904,0.0,1.0,0.0,0.0,0,0
2016,MA,2111904,0.004470272686633884,0.9955297273133661,0.0,0.0,0,0
2012,MA,2111953,0.4473919523099851,0.5526080476900149,0.0,0.0,0,0
2016,MA,2111953,0.5690123829658713,0.4309876170341287,0.0,0.0,0,0
2012,MA,2112001,0.07355338223308884,0.9264466177669112,0.0,0.0,0,0
2016,MA,2112001,0.6018485602559545,0.3981514397440455,0.0,0.0,0,0
2012,MA,2112209,0.06367806860633494,0.9253093856094623,0.011012545784202778,0.0,1,0
2016,MA,2112209,0.4386676655333372,0.5613323344666629,0.0,0.0,1,1
2012,MA,2112233,0.0,0.531732261893891,0.46826773810610905,0.0,0,0
2016,MA,2112233,0.0,1.0,0.0,0.0,0,0
2012,MA,2112274,0.0,1.0,0.0,0.0,1,0
2016,MA,2112274,0.0035495957404851116,0.544468546637744,0.45198185762177084,0.0,1,1
2012,MA,2112308,0.39305230288836845,0.6069476971116315,0.0,0.0,0,0
2016,MA,2112308,0.41622486746023807,0.5837751325397619,0.0,0.0,0,0
2012,MA,2112407,0.10468573772172665,0.5281964523736287,0.3671178099046447,0.0,0,0
2016,MA,2112407,0.5335427742870952,0.4586273562107298,0.007829869502174965,0.0,0,0
2012,MA,2112456,0.0,1.0,0.0,0.0,0,0
2016,MA,2112456,0.4502040059347181,0.0,0.5497959940652819,0.0,0,0
2012,MA,2112506,0.5813698630136986,0.0,0.41863013698630136,0.0,0,0
2016,MA,2112506,0.007740048509059781,0.7822442573833642,0.21001569410757598,0.0,0,0
2012,MA,2112605,0.0,0.37738264580369846,0.6226173541963016,0.0,1,0
2016,MA,2112605,0.0,0.44311562771099267,0.5568843722890073,0.0,1,1
2012,MA,2112704,0.0,0.7890625,0.2109375,0.0,0,0
2016,MA,2112704,0.0,0.330693326408725,0.669306673591275,0.0,0,0
2012,MA,2112803,1.0,0.0,0.0,0.0,1,0
2016,MA,2112803,0.0,0.9969744993516785,0.0030255006483215674,0.0,1,1
2012,MA,2112902,0.0,1.0,0.0,0.0,0,0
2016,MA,2112902,0.29844178702697105,0.7015582129730289,0.0,0.0,0,0
2012,MA,2114007,0.42808161192008126,0.49081442600745007,0.08110396207246867,0.0,0,0
2016,MA,2114007,0.5439810906635151,0.0,0.45601890933648487,0.0,0,0
2012,PI,2200053,0.6075619295958279,0.3924380704041721,0.0,0.0,0,0
2016,PI,2200053,0.5152068126520681,0.48479318734793186,0.0,0.0,0,0
2012,PI,2200103,0.5565646081992734,0.4434353918007265,0.0,0.0,0,0
2016,PI,2200103,0.7954326923076923,0.2045673076923077,0.0,0.0,0,0
2012,PI,2200202,0.0,1.0,0.0,0.0,0,0
2016,PI,2200202,0.9428965965396799,0.0,0.057103403460320036,0.0,0,0
2012,PI,2200251,0.0,1.0,0.0,0.0,0,0
2016,PI,2200251,0.4893826189539913,0.0,0.5106173810460086,0.0,0,0
2012,PI,2200277,0.0,1.0,0.0,0.0,0,0
2016,PI,2200277,0.46963123644251625,0.0,0.5303687635574837,0.0,0,0
2012,PI,2200301,0.0,1.0,0.0,0.0,1,0
2016,PI,2200301,1.0,0.0,0.0,0.0,1,1
2012,PI,2200400,0.17709465628940388,0.8229053437105961,0.0,0.0,1,0
2016,PI,2200400,0.0,0.29521112889326606,0.7047888711067339,0.0,1,1
2012,PI,2200459,0.0,1.0,0.0,0.0,0,0
2016,PI,2200459,0.0,0.558898665909736,0.441101334090264,0.0,0,0
2012,PI,2200509,0.5025876940770557,0.4974123059229442,0.0,0.0,1,0
2016,PI,2200509,0.48546787408365677,0.06890901250539025,0.445623113410953,0.0,1,1
2012,PI,2200608,0.5682511993022241,0.4317488006977758,0.0,0.0,0,0
2016,PI,2200608,1.0,0.0,0.0,0.0,0,0
2012,PI,2200707,0.007358636715724245,0.9926413632842758,0.0,0.0,1,0
2016,PI,2200707,0.0,1.0,0.0,0.0,1,1
2012,PI,2200806,0.4430683180183779,0.556931681981622,0.0,0.0,1,0
2016,PI,2200806,0.4348355663824604,0.5651644336175395,0.0,0.0,1,1
2012,PI,2200905,0.43981921979067556,0.5601807802093245,0.0,0.0,0,0
2016,PI,2200905,0.0,1.0,0.0,0.0,0,0
2012,PI,2200954,0.0,1.0,0.0,0.0,1,0
2016,PI,2200954,0.46830748482805123,0.5316925151719487,0.0,0.0,1,1
2012,PI,2201002,0.628489847715736,0.371510152284264,0.0,0.0,0,0
2016,PI,2201002,0.4725776965265082,0.5274223034734917,0.0,0.0,0,0
2012,PI,2201051,0.3958468526930565,0.5797101449275363,0.024443002379407313,0.0,1,0
2016,PI,2201051,0.535515873015873,0.464484126984127,0.0,0.0,1,1
2012,PI,2201101,0.5509158646383111,0.4490841353616889,0.0,0.0,0,0
2016,PI,2201101,1.0,0.0,0.0,0.0,0,0
2012,PI,2201150,0.44101633393829404,0.558983666061706,0.0,0.0,0,0
2016,PI,2201150,0.0,1.0,0.0,0.0,0,0
2012,PI,2201176,0.0,1.0,0.0,0.0,0,0
2016,PI,2201176,0.5593282219788244,0.0,0.44067177802117563,0.0,0,0
2012,PI,2201200,0.5469603968721096,0.4530396031278904,0.0,0.0,1,0
2016,PI,2201200,0.4779481562614093,0.5220518437385907,0.0,0.0,1,1
2012,PI,2201309,0.0,1.0,0.0,0.0,0,0
2016,PI,2201309,0.44933920704845814,0.5506607929515418,0.0,0.0,0,0
2012,PI,2201408,0.0,1.0,0.0,0.0,0,0
2016,PI,2201408,0.4027168234064786,0.5972831765935214,0.0,0.0,0,0
2012,PI,2201507,0.0,1.0,0.0,0.0,1,0
2016,PI,2201507,0.5732546705998034,0.42674532940019666,0.0,0.0,1,1
2012,PI,2201556,0.0,1.0,0.0,0.0,0,0
2016,PI,2201556,0.4994832931450224,0.5005167068549776,0.0,0.0,0,0
2012,PI,2201572,0.30420406235238545,0.6957959376476146,0.0,0.0,0,0
2016,PI,2201572,0.2349219738506959,0.7650780261493041,0.0,0.0,0,0
2012,PI,2201606,0.394034302759135,0.605965697240865,0.0,0.0,0,0
2016,PI,2201606,0.4480086991980427,0.5519913008019574,0.0,0.0,0,0
2012,PI,2201705,0.0,0.2638235294117647,0.7361764705882353,0.0,0,0
2016,PI,2201705,0.44525547445255476,0.0,0.5547445255474452,0.0,0,0
2012,PI,2201739,0.04716981132075472,0.9528301886792453,0.0,0.0,0,0
2016,PI,2201739,0.6995985727029438,0.3004014272970562,0.0,0.0,0,0
2012,PI,2201770,0.481317141522653,0.5186828584773471,0.0,0.0,1,0
2016,PI,2201770,0.5319600764493523,0.025483117434699512,0.44255680611594816,0.0,1,1
2012,PI,2201804,0.0,1.0,0.0,0.0,0,0
2016,PI,2201804,0.0,0.5610200364298725,0.43897996357012753,0.0,0,0
2012,PI,2201903,0.4365431272483895,0.5523299590061073,0.01112691374550322,0.0,1,0
2016,PI,2201903,0.4137622877569258,0.5784182305630027,0.007819481680071492,0.0,1,1
2012,PI,2201919,0.5140126004779492,0.48598739952205083,0.0,0.0,1,0
2016,PI,2201919,0.9492999575731863,0.050700042426813745,0.0,0.0,1,1
2012,PI,2201929,0.0,1.0,0.0,0.0,1,0
2016,PI,2201929,0.5328449328449328,0.46715506715506716,0.0,0.0,1,1
2012,PI,2201945,0.0,0.4865506329113924,0.5134493670886076,0.0,0,0
2016,PI,2201945,0.0,0.3906138895472861,0.609386110452714,0.0,0,0
2012,PI,2201960,0.0,0.5647537805350911,0.4352462194649089,0.0,1,0
2016,PI,2201960,1.0,0.0,0.0,0.0,1,1
2012,PI,2201988,0.3593232806178742,0.6406767193821258,0.0,0.0,1,0
2016,PI,2201988,0.794587092297016,0.0,0.20541290770298404,0.0,1,1
2012,PI,2202000,0.5101319306717255,0.48986806932827454,0.0,0.0,1,0
2016,PI,2202000,0.44772495888479913,0.5522750411152009,0.0,0.0,1,1
2012,PI,2202026,0.8185553633217993,0.18144463667820068,0.0,0.0,1,0
2016,PI,2202026,0.6277011730808808,0.0,0.37229882691911914,0.0,1,1
2012,PI,2202059,0.5651660516605166,0.4348339483394834,0.0,0.0,1,0
2016,PI,2202059,0.562131762185324,0.43786823781467593,0.0,0.0,1,1
2012,PI,2202075,0.0,0.48631673396141767,0.5136832660385823,0.0,1,0
2016,PI,2202075,0.46910324039186135,0.0,0.5308967596081386,0.0,1,1
2012,PI,2202091,0.0,1.0,0.0,0.0,0,0
2016,PI,2202091,0.0,1.0,0.0,0.0,0,0
2012,PI,2202109,0.0,1.0,0.0,0.0,1,0
2016,PI,2202109,0.5297245045915902,0.47027549540840985,0.0,0.0,1,1
2012,PI,2202117,0.4839919238534756,0.5160080761465243,0.0,0.0,0,0
2016,PI,2202117,0.4603658536585366,0.5396341463414634,0.0,0.0,0,0
2012,PI,2202133,0.6261319534282018,0.3738680465717982,0.0,0.0,0,0
2016,PI,2202133,0.4756358450202044,0.5243641549797956,0.0,0.0,0,0
2012,PI,2202174,0.0,1.0,0.0,0.0,0,0
2016,PI,2202174,0.0,0.6845403899721448,0.31545961002785516,0.0,0,0
2012,PI,2202208,0.039934618670827295,0.38106913332590364,0.5789962480032691,0.0,1,0
2016,PI,2202208,0.01972707858254606,0.463966409671698,0.5163065117457559,0.0,1,1
2012,PI,2202251,0.0,0.512320706141964,0.48767929385803604,0.0,0,0
2016,PI,2202251,0.4556596971881759,0.0,0.5443403028118241,0.0,0,0
2012,PI,2202307,0.4037830367939195,0.5962169632060805,0.0,0.0,1,0
2016,PI,2202307,0.5032919409950829,0.4317026418868239,0.06500541711809317,0.0,1,1
2012,PI,2202406,0.5727134146341464,0.4272865853658537,0.0,0.0,0,0
2016,PI,2202406,0.0,1.0,0.0,0.0,0,0
2012,PI,2202455,0.2888800949742778,0.7111199050257222,0.0,0.0,0,0
2016,PI,2202455,0.535166012138522,0.46483398786147806,0.0,0.0,0,0
2012,PI,2202505,0.0,0.4258927115604109,0.5741072884395891,0.0,0,0
2016,PI,2202505,0.0,1.0,0.0,0.0,0,0
2012,PI,2202539,0.41354194766657676,0.5864580523334233,0.0,0.0,1,0
2016,PI,2202539,0.0,0.3541179527149909,0.6458820472850091,0.0,1,1
2012,PI,2202554,0.47332791768210125,0.5266720823178987,0.0,0.0,0,0
2016,PI,2202554,0.5763435459568056,0.42365645404319435,0.0,0.0,0,0
2012,PI,2202604,0.5252831534825649,0.02024435922589851,0.4544724872915366,0.0,1,0
2016,PI,2202604,0.41970926301555106,0.0,0.580290736984449,0.0,1,1
2012,PI,2202653,0.0,0.41089108910891087,0.5891089108910891,0.0,1,0
2016,PI,2202653,0.09726156751652502,0.4922096317280453,0.41052880075542963,0.0,1,1
2012,PI,2202703,0.37479440789473684,0.6252055921052632,0.0,0.0,0,0
2016,PI,2202703,0.009268352565676406,0.9907316474343236,0.0,0.0,0,0
2012,PI,2202711,0.522754854368932,0.47724514563106796,0.0,0.0,0,0
2016,PI,2202711,0.6830370593552275,0.31696294064477254,0.0,0.0,0,0
2012,PI,2202729,0.0,0.5347424042272126,0.4652575957727873,0.0,0,0
2016,PI,2202729,0.0,0.4827112434165331,0.517288756583467,0.0,0,0
2012,PI,2202737,0.0,1.0,0.0,0.0,1,0
2016,PI,2202737,0.0,0.3727227966518956,0.6272772033481043,0.0,1,1
2012,PI,2202752,0.0,1.0,0.0,0.0,0,0
2016,PI,2202752,0.0,0.47879649372186683,0.5212035062781332,0.0,0,0
2012,PI,2202778,0.0,0.3383441258094357,0.6616558741905643,0.0,1,0
2016,PI,2202778,0.5054575986565911,0.0,0.4945424013434089,0.0,1,1
2012,PI,2202802,0.0,1.0,0.0,0.0,0,0
2016,PI,2202802,0.5762170790103751,0.4237829209896249,0.0,0.0,0,0
2012,PI,2202851,0.3860322333077513,0.6139677666922486,0.0,0.0,1,0
2016,PI,2202851,0.4933024214322514,0.5066975785677486,0.0,0.0,1,1
2012,PI,2202901,0.0,1.0,0.0,0.0,1,0
2016,PI,2202901,0.5582517672648178,0.0,0.44174823273518216,0.0,1,1
2012,PI,2203008,0.0,1.0,0.0,0.0,0,0
2016,PI,2203008,0.5698713756267713,0.4301286243732287,0.0,0.0,0,0
2012,PI,2203107,0.9793044953350297,0.019168787107718407,0.0015267175572519084,0.0,0,0
2016,PI,2203107,0.5516244259227759,0.448375574077224,0.0,0.0,0,0
2012,PI,2203206,0.0,1.0,0.0,0.0,0,0
2016,PI,2203206,0.4399770246984492,0.5600229753015509,0.0,0.0,0,0
2012,PI,2203230,0.0,1.0,0.0,0.0,1,0
2016,PI,2203230,0.46033570935847323,0.5385146010577144,0.0011496895838123706,0.0,1,1
2012,PI,2203255,0.0,1.0,0.0,0.0,0,0
2016,PI,2203255,0.2170481452249408,0.7829518547750592,0.0,0.0,0,0
2012,PI,2203271,1.0,0.0,0.0,0.0,0,0
2016,PI,2203271,0.49314251639833034,0.5068574836016696,0.0,0.0,0,0
2012,PI,2203305,0.025791468035692457,0.9742085319643076,0.0,0.0,0,0
2016,PI,2203305,0.16788242866337696,0.8291139240506329,0.003003647285990131,0.0,0,0
2012,PI,2203354,0.5324043353240433,0.46759566467595665,0.0,0.0,1,0
2016,PI,2203354,0.0,0.5434589800443459,0.4565410199556541,0.0,1,1
2012,PI,2203404,0.458948164964056,0.5380249716231555,0.003026863412788498,0.0,1,0
2016,PI,2203404,0.4998048399687744,0.5001951600312255,0.0,0.0,1,1
2012,PI,2203420,0.0,1.0,0.0,0.0,1,0
2016,PI,2203420,0.006533700137551582,0.9934662998624484,0.0,0.0,1,1
2012,PI,2203453,0.0,0.9151175026306559,0.08488249736934408,0.0,1,0
2016,PI,2203453,0.5647733381114496,0.4352266618885504,0.0,0.0,1,1
2012,PI,2203503,0.0,1.0,0.0,0.0,1,0
2016,PI,2203503,0.0,1.0,0.0,0.0,1,1
2012,PI,2203602,0.5851612903225807,0.30032258064516126,0.11451612903225807,0.0,0,0
2016,PI,2203602,0.5946028825513646,0.0,0.4053971174486354,0.0,0,0
2012,PI,2203701,0.08224828545870191,0.5637610575489514,0.35399065699234666,0.0,1,0
2016,PI,2203701,0.0,0.4494401679496151,0.5505598320503848,0.0,1,1
2012,PI,2203750,0.0,1.0,0.0,0.0,1,0
2016,PI,2203750,0.6183559950556242,0.0,0.3816440049443758,0.0,1,1
2012,PI,2203800,0.0,1.0,0.0,0.0,0,0
2016,PI,2203800,0.0,1.0,0.0,0.0,0,0
2012,PI,2203859,0.0,1.0,0.0,0.0,1,0
2016,PI,2203859,0.0,1.0,0.0,0.0,1,1
2012,PI,2204006,0.7740129640542133,0.0,0.22598703594578667,0.0,0,0
2016,PI,2204006,0.49282845668387837,0.5071715433161216,0.0,0.0,0,0
2012,PI,2204105,0.0,1.0,0.0,0.0,0,0
2016,PI,2204105,0.0,1.0,0.0,0.0,0,0
2012,PI,2204154,0.14161220043572983,0.8583877995642701,0.0,0.0,0,0
2016,PI,2204154,0.0,1.0,0.0,0.0,0,0
2012,PI,2204303,0.0,0.604027758878759,0.39597224112124096,0.0,0,0
2016,PI,2204303,0.4665911664779162,0.5334088335220838,0.0,0.0,0,0
2012,PI,2204352,0.5021527305687741,0.4978472694312259,0.0,0.0,1,0
2016,PI,2204352,0.5458395087867881,0.4416684310819394,0.012492060131272496,0.0,1,1
2012,PI,2204402,0.0,1.0,0.0,0.0,0,0
2016,PI,2204402,1.0,0.0,0.0,0.0,0,0
2012,PI,2204501,0.4584458445844585,0.5415541554155415,0.0,0.0,0,0
2016,PI,2204501,0.6189583032751407,0.0,0.3810416967248593,0.0,0,0
2012,PI,2204550,0.4763961740203641,0.523603825979636,0.0,0.0,0,0
2016,PI,2204550,0.5424053665548635,0.45759463344513657,0.0,0.0,0,0
2012,PI,2204600,0.5442198357548957,0.45578016424510426,0.0,0.0,0,0
2016,PI,2204600,0.0,0.336480686695279,0.663519313304721,0.0,0,0
2012,PI,2204709,0.0,1.0,0.0,0.0,1,0
2016,PI,2204709,0.0,0.5238636363636363,0.47613636363636364,0.0,1,1
2012,PI,2204808,0.023576351106274936,0.976423648893725,0.0,0.0,0,0
2016,PI,2204808,1.0,0.0,0.0,0.0,0,0
2012,PI,2204907,0.0,1.0,0.0,0.0,0,0
2016,PI,2204907,0.4705405952621988,0.5294594047378012,0.0,0.0,0,0
2012,PI,2205003,0.4221209001323724,0.5778790998676276,0.0,0.0,0,0
2016,PI,2205003,0.37778972842161873,0.6222102715783813,0.0,0.0,0,0
2012,PI,2205102,0.0,0.885889391507369,0.11411060849263097,0.0,0,0
2016,PI,2205102,0.38832968636032095,0.611670313639679,0.0,0.0,0,0
2012,PI,2205151,0.0,0.5809754783077338,0.4190245216922662,0.0,0,0
2016,PI,2205151,1.0,0.0,0.0,0.0,0,0
2012,PI,2205201,0.55556866446437,0.44443133553563,0.0,0.0,0,0
2016,PI,2205201,0.6766351337605534,0.32336486623944666,0.0,0.0,0,0
2012,PI,2205250,0.0,1.0,0.0,0.0,0,0
2016,PI,2205250,0.0,0.46836581709145425,0.5316341829085457,0.0,0,0
2012,PI,2205276,0.5288859821233922,0.0,0.4711140178766078,0.0,1,0
2016,PI,2205276,0.4850171232876712,0.0,0.5149828767123288,0.0,1,1
2012,PI,2205300,1.0,0.0,0.0,0.0,0,0
2016,PI,2205300,1.0,0.0,0.0,0.0,0,0
2012,PI,2205359,0.0,1.0,0.0,0.0,0,0
2016,PI,2205359,0.0,0.5776877761413843,0.4223122238586156,0.0,0,0
2012,PI,2205409,0.0,0.43974507531865586,0.5602549246813442,0.0,0,0
2016,PI,2205409,0.37586024351508734,0.0,0.6241397564849126,0.0,0,0
2012,PI,2205458,0.0,1.0,0.0,0.0,1,0
2016,PI,2205458,0.0,1.0,0.0,0.0,1,1
2012,PI,2205516,0.0,0.44763332619404583,0.5523666738059542,0.0,1,0
2016,PI,2205516,0.6009142857142857,0.39908571428571427,0.0,0.0,1,1
2012,PI,2205524,0.0,1.0,0.0,0.0,0,0
2016,PI,2205524,1.0,0.0,0.0,0.0,0,0
2012,PI,2205532,0.0,0.3762287756925827,0.6237712243074174,0.0,1,0
2016,PI,2205532,0.0,0.48836587322813585,0.5116341267718642,0.0,1,1
2012,PI,2205540,0.0,1.0,0.0,0.0,0,0
2016,PI,2205540,0.0,0.5550133096716947,0.44498669032830523,0.0,0,0
2012,PI,2205557,0.5545844327176781,0.4454155672823219,0.0,0.0,1,0
2016,PI,2205557,0.5525151564804195,0.4474848435195805,0.0,0.0,1,1
2012,PI,2205565,0.49560403777271245,0.5043959622272876,0.0,0.0,0,0
2016,PI,2205565,0.3920099875156055,0.6079900124843945,0.0,0.0,0,0
2012,PI,2205573,0.0,1.0,0.0,0.0,1,0
2016,PI,2205573,0.0,1.0,0.0,0.0,1,1
2012,PI,2205581,0.40562248995983935,0.5943775100401606,0.0,0.0,0,0
2016,PI,2205581,0.4921451013996001,0.5078548986003999,0.0,0.0,0,0
2012,PI,2205599,0.0,0.4203767123287671,0.5796232876712328,0.0,1,0
2016,PI,2205599,0.0,0.45322434150772023,0.5467756584922797,0.0,1,1
2012,PI,2205607,0.0,1.0,0.0,0.0,1,0
2016,PI,2205607,0.0,1.0,0.0,0.0,1,1
2012,PI,2205805,0.014885361552028218,0.9851146384479718,0.0,0.0,1,0
2016,PI,2205805,0.5407475894861973,0.4506009774138159,0.008651433099986791,0.0,1,1
2012,PI,2205854,1.0,0.0,0.0,0.0,1,0
2016,PI,2205854,0.5779569892473119,0.4220430107526882,0.0,0.0,1,1
2012,PI,2205904,0.0,0.7767019667170953,0.22329803328290468,0.0,1,0
2016,PI,2205904,0.0,1.0,0.0,0.0,1,1
2012,PI,2205953,0.41384528087762434,0.0,0.5861547191223756,0.0,0,0
2016,PI,2205953,0.0,0.4699640287769784,0.5300359712230216,0.0,0,0
2012,PI,2206001,0.3438395415472779,0.3543457497612225,0.3018147086914995,0.0,0,0
2016,PI,2206001,0.0,0.49362089914945323,0.5063791008505468,0.0,0,0
2012,PI,2206050,0.5879276530834604,0.41207234691653954,0.0,0.0,0,0
2016,PI,2206050,1.0,0.0,0.0,0.0,0,0
2012,PI,2206100,0.3756734693877551,0.5178775510204081,0.10644897959183673,0.0,0,0
2016,PI,2206100,0.48007501172058137,0.5199249882794187,0.0,0.0,0,0
2012,PI,2206209,0.5028598109022995,0.49714018909770047,0.0,0.0,1,0
2016,PI,2206209,0.26038923869490554,0.09089868345735547,0.648712077847739,0.0,1,1
2012,PI,2206308,0.3975373790677221,0.6024626209322779,0.0,0.0,0,0
2016,PI,2206308,0.761632341723875,0.0,0.2383676582761251,0.0,0,0
2012,PI,2206357,0.0,1.0,0.0,0.0,1,0
2016,PI,2206357,0.4923800986104886,0.0,0.5076199013895114,0.0,1,1
2012,PI,2206407,0.0,1.0,0.0,0.0,0,0
2016,PI,2206407,0.7088508096211288,0.29114919037887127,0.0,0.0,0,0
2012,PI,2206506,0.0,1.0,0.0,0.0,0,0
2016,PI,2206506,0.0,1.0,0.0,0.0,0,0
2012,PI,2206605,0.0,1.0,0.0,0.0,0,0
2016,PI,2206605,0.45435214062943013,0.5456478593705699,0.0,0.0,0,0
2012,PI,2206654,0.0,1.0,0.0,0.0,0,0
2016,PI,2206654,0.5526641883519207,0.4473358116480793,0.0,0.0,0,0
2012,PI,2206670,0.0,0.5895593869731801,0.41044061302681994,0.0,1,0
2016,PI,2206670,0.5068627450980392,0.0,0.4931372549019608,0.0,1,1
2012,PI,2206696,0.39061481642407125,0.43406474038670434,0.1753204431892244,0.0,0,0
2016,PI,2206696,0.5901705930138099,0.4098294069861901,0.0,0.0,0,0
2012,PI,2206704,0.0,0.4612697760427368,0.5387302239572632,0.0,0,0
2016,PI,2206704,1.0,0.0,0.0,0.0,0,0
2012,PI,2206753,0.31997918834547345,0.0,0.6800208116545265,0.0,1,0
2016,PI,2206753,0.0,0.0,1.0,0.0,1,1
2012,PI,2206803,1.0,0.0,0.0,0.0,0,0
2016,PI,2206803,0.0,0.49902912621359224,0.5009708737864078,0.0,0,0
2012,PI,2206902,0.0,1.0,0.0,0.0,1,0
2016,PI,2206902,0.631553279687881,0.368446720312119,0.0,0.0,1,1
2012,PI,2206951,0.40243122200895715,0.5975687779910429,0.0,0.0,1,0
2016,PI,2206951,0.32253440366972475,0.0,0.6774655963302753,0.0,1,1
2012,PI,2207108,0.0,1.0,0.0,0.0,0,0
2016,PI,2207108,0.0,1.0,0.0,0.0,0,0
2012,PI,2207207,0.3646446355817112,0.6353553644182888,0.0,0.0,0,0
2016,PI,2207207,0.3376251788268956,0.6623748211731044,0.0,0.0,0,0
2012,PI,2207306,0.5420338983050847,0.45796610169491525,0.0,0.0,0,0
2016,PI,2207306,0.0,0.48933419521654814,0.5106658047834518,0.0,0,0
2012,PI,2207355,0.0,1.0,0.0,0.0,1,0
2016,PI,2207355,0.6196660482374768,0.3803339517625232,0.0,0.0,1,1
2012,PI,2207405,0.51010101010101,0.4898989898989899,0.0,0.0,0,0
2016,PI,2207405,0.0,0.6501749125437282,0.3498250874562719,0.0,0,0
2012,PI,2207504,0.0,1.0,0.0,0.0,1,0
2016,PI,2207504,0.0,0.9771505376344086,0.0228494623655914,0.0,1,1
2012,PI,2207553,0.0,1.0,0.0,0.0,0,0
2016,PI,2207553,0.4363526933493831,0.5636473066506169,0.0,0.0,0,0
2012,PI,2207603,0.5842883548983364,0.4157116451016636,0.0,0.0,0,0
2016,PI,2207603,0.9514855208725085,0.04851447912749154,0.0,0.0,0,0
2012,PI,2207751,0.16135734072022162,0.8386426592797784,0.0,0.0,0,0
2016,PI,2207751,0.5265861027190333,0.4734138972809668,0.0,0.0,0,0
2012,PI,2207777,0.0,1.0,0.0,0.0,0,0
2016,PI,2207777,0.0,1.0,0.0,0.0,0,0
2012,PI,2207793,0.5756168359941944,0.4243831640058055,0.0,0.0,1,0
2016,PI,2207793,0.4708531398548912,0.22491868901676257,0.30422817112834627,0.0,1,1
2012,PI,2207801,0.5265620937689575,0.47343790623104254,0.0,0.0,0,0
2016,PI,2207801,0.41096108022239874,0.5890389197776013,0.0,0.0,0,0
2012,PI,2207850,0.0,0.4805239572561186,0.5194760427438814,0.0,0,0
2016,PI,2207850,0.0,1.0,0.0,0.0,0,0
2012,PI,2207900,0.0,1.0,0.0,0.0,1,0
2016,PI,2207900,0.5392408309823031,0.006540138497050526,0.4542190305206463,0.0,1,1
2012,PI,2207934,0.4435763888888889,0.5564236111111112,0.0,0.0,0,0
2016,PI,2207934,0.5259443752594437,0.47405562474055624,0.0,0.0,0,0
2012,PI,2207959,0.0,0.5501694915254237,0.4498305084745763,0.0,0,0
2016,PI,2207959,0.0,1.0,0.0,0.0,0,0
2012,PI,2208106,0.0,1.0,0.0,0.0,0,0
2016,PI,2208106,0.0,1.0,0.0,0.0,0,0
2012,PI,2208205,0.0,0.5357338195077485,0.4642661804922516,0.0,0,0
2016,PI,2208205,0.0,1.0,0.0,0.0,0,0
2012,PI,2208502,0.0,1.0,0.0,0.0,0,0
2016,PI,2208502,0.9561946902654868,0.04380530973451328,0.0,0.0,0,0
2012,PI,2208551,0.0,1.0,0.0,0.0,1,0
2016,PI,2208551,0.44314689612784264,0.5568531038721574,0.0,0.0,1,1
2012,PI,2208601,0.0,1.0,0.0,0.0,0,0
2016,PI,2208601,1.0,0.0,0.0,0.0,0,0
2012,PI,2208650,0.0,1.0,0.0,0.0,0,0
2016,PI,2208650,0.5897388059701493,0.2867537313432836,0.12350746268656716,0.0,0,0
2012,PI,2208700,0.0,0.5407791210900019,0.4592208789099981,0.0,1,0
2016,PI,2208700,0.9367015098722415,0.06329849012775841,0.0,0.0,1,1
2012,PI,2208809,0.0,1.0,0.0,0.0,1,0
2016,PI,2208809,0.5255494505494506,0.47445054945054943,0.0,0.0,1,1
2012,PI,2208858,0.0,1.0,0.0,0.0,0,0
2016,PI,2208858,0.0,1.0,0.0,0.0,0,0
2012,PI,2208874,0.0,0.5537249283667621,0.4462750716332378,0.0,0,0
2016,PI,2208874,0.5943986820428336,0.4056013179571664,0.0,0.0,0,0
2012,PI,2208908,0.0,1.0,0.0,0.0,0,0
2016,PI,2208908,0.495202791103358,0.0,0.5047972088966419,0.0,0,0
2012,PI,2209005,0.4987920052712497,0.5012079947287503,0.0,0.0,0,0
2016,PI,2209005,0.5916038751345533,0.40839612486544674,0.0,0.0,0,0
2012,PI,2209104,0.44900297960119184,0.5509970203988082,0.0,0.0,0,0
2016,PI,2209104,0.46224103363778124,0.5377589663622188,0.0,0.0,0,0
2012,PI,2209153,0.0,1.0,0.0,0.0,0,0
2016,PI,2209153,1.0,0.0,0.0,0.0,0,0
2012,PI,2209203,0.0,1.0,0.0,0.0,0,0
2016,PI,2209203,0.5831429296775832,0.41685707032241687,0.0,0.0,0,0
2012,PI,2209302,0.0,1.0,0.0,0.0,0,0
2016,PI,2209302,0.486908077994429,0.5130919220055711,0.0,0.0,0,0
2012,PI,2209351,0.36088709677419356,0.6391129032258065,0.0,0.0,1,0
2016,PI,2209351,0.08288173414089894,0.9069174370417596,0.010200828817341408,0.0,1,1
2012,PI,2209377,0.0,0.5565322825098514,0.4434677174901485,0.0,1,0
2016,PI,2209377,0.48931383577052867,0.0,0.5106861642294713,0.0,1,1
2012,PI,2209401,0.0,1.0,0.0,0.0,0,0
2016,PI,2209401,0.3893824027072758,0.6106175972927242,0.0,0.0,0,0
2012,PI,2209450,0.0,1.0,0.0,0.0,0,0
2016,PI,2209450,0.5846055979643766,0.4153944020356234,0.0,0.0,0,0
2012,PI,2209500,0.0,0.5385751199704688,0.4614248800295312,0.0,1,0
2016,PI,2209500,0.0,1.0,0.0,0.0,1,1
2012,PI,2209559,0.2012965964343598,0.7987034035656402,0.0,0.0,1,0
2016,PI,2209559,0.38423318979794635,0.6157668102020537,0.0,0.0,1,1
2012,PI,2209609,0.9256801592568016,0.0743198407431984,0.0,0.0,0,0
2016,PI,2209609,1.0,0.0,0.0,0.0,0,0
2012,PI,2209658,0.0,0.5243535778713169,0.4756464221286831,0.0,0,0
2016,PI,2209658,0.382537517053206,0.2605729877216917,0.3568894952251023,0.0,0,0
2012,PI,2209708,0.0,0.49169829222011385,0.5083017077798861,0.0,1,0
2016,PI,2209708,0.0,0.5463540546354054,0.4536459453645945,0.0,1,1
2012,PI,2209757,0.4772611139499234,0.0,0.5227388860500767,0.0,0,0
2016,PI,2209757,0.4180459156433529,0.5819540843566471,0.0,0.0,0,0
2012,PI,2209807,0.0,0.48289473684210527,0.5171052631578947,0.0,0,0
2016,PI,2209807,0.0,1.0,0.0,0.0,0,0
2012,PI,2209856,0.0,1.0,0.0,0.0,0,0
2016,PI,2209856,0.4394748553627058,0.5605251446372942,0.0,0.0,0,0
2012,PI,2209872,0.5172774869109947,0.4827225130890052,0.0,0.0,1,0
2016,PI,2209872,0.4327197303603837,0.5672802696396163,0.0,0.0,1,1
2012,PI,2209906,0.0,1.0,0.0,0.0,1,0
2016,PI,2209906,0.3098914858096828,0.6901085141903172,0.0,0.0,1,1
2012,PI,2209955,0.0,1.0,0.0,0.0,1,0
2016,PI,2209955,0.9255559136319691,0.07444408636803093,0.0,0.0,1,1
2012,PI,2209971,0.0,0.4199958167747333,0.5800041832252667,0.0,0,0
2016,PI,2209971,0.0,0.4803281745291814,0.5196718254708186,0.0,0,0
2012,PI,2210003,0.0,0.5783248389268199,0.4216751610731801,0.0,0,0
2016,PI,2210003,0.4881581344507196,0.0,0.5118418655492804,0.0,0,0
2012,PI,2210052,0.0,1.0,0.0,0.0,1,0
2016,PI,2210052,0.0,0.3335923335923336,0.6664076664076664,0.0,1,1
2012,PI,2210102,0.0,0.6559614612605379,0.34403853873946205,0.0,0,0
2016,PI,2210102,0.476332463660082,0.523667536339918,0.0,0.0,0,0
2012,PI,2210201,0.0,1.0,0.0,0.0,1,0
2016,PI,2210201,0.5746596858638744,0.42534031413612566,0.0,0.0,1,1
2012,PI,2210300,0.0,0.4688824447914343,0.5311175552085657,0.0,0,0
2016,PI,2210300,0.027140335392762577,0.648278905560459,0.32458075904677847,0.0,0,0
2012,PI,2210359,0.5069605568445475,0.49303944315545245,0.0,0.0,1,0
2016,PI,2210359,1.0,0.0,0.0,0.0,1,1
2012,PI,2210375,0.0,1.0,0.0,0.0,0,0
2016,PI,2210375,0.0,0.6138424821002386,0.3861575178997613,0.0,0,0
2012,PI,2210383,0.0,1.0,0.0,0.0,0,0
2016,PI,2210383,0.0,0.638235294117647,0.36176470588235293,0.0,0,0
2012,PI,2210391,0.39841033283656235,0.36462990561351216,0.23695976154992549,0.0,1,0
2016,PI,2210391,0.5368226030569708,0.4631773969430292,0.0,0.0,1,1
2012,PI,2210409,0.0,1.0,0.0,0.0,1,0
2016,PI,2210409,0.0,1.0,0.0,0.0,1,1
2012,PI,2210508,0.0,0.36482647894281833,0.6351735210571817,0.0,0,0
2016,PI,2210508,0.48151571164510165,0.5184842883548983,0.0,0.0,0,0
2012,PI,2210607,0.533606217001839,0.4457495402503411,0.020644242747819896,0.0,1,0
2016,PI,2210607,1.0,0.0,0.0,0.0,1,1
2012,PI,2210623,0.0,0.494552752293578,0.505447247706422,0.0,1,0
2016,PI,2210623,0.0,1.0,0.0,0.0,1,1
2012,PI,2210631,0.3957461645746165,0.0,0.6042538354253836,0.0,0,0
2016,PI,2210631,0.2776848444295751,0.0,0.7223151555704249,0.0,0,0
2012,PI,2210656,0.596907699515852,0.40309230048414807,0.0,0.0,1,0
2016,PI,2210656,0.45766833865329076,0.5423316613467092,0.0,0.0,1,1
2012,PI,2210706,0.4690951821386604,0.5309048178613396,0.0,0.0,0,0
2016,PI,2210706,0.5899526275201058,0.41004737247989426,0.0,0.0,0,0
2012,PI,2210805,0.5205034510759237,0.47949654892407634,0.0,0.0,0,0
2016,PI,2210805,0.5291605498465234,0.47083945015347656,0.0,0.0,0,0
2012,PI,2210904,0.3208133295679187,0.6791866704320814,0.0,0.0,0,0
2016,PI,2210904,0.0,1.0,0.0,0.0,0,0
2012,PI,2210938,0.4774680360511423,0.5225319639488577,0.0,0.0,1,0
2016,PI,2210938,0.5057900635039223,0.4942099364960777,0.0,0.0,1,1
2012,PI,2210953,0.0,1.0,0.0,0.0,1,0
2016,PI,2210953,0.0,0.575046904315197,0.424953095684803,0.0,1,1
2012,PI,2210979,0.0,0.47194388777555113,0.5280561122244489,0.0,0,0
2016,PI,2210979,0.41678387248007503,0.0,0.583216127519925,0.0,0,0
2012,PI,2211100,0.5119814779085472,0.08601196218406329,0.40200655990738954,0.0,1,0
2016,PI,2211100,0.9960742194733528,0.0,0.003925780526647161,0.0,1,1
2012,PI,2211209,0.0,0.8198594768475408,0.18014052315245915,0.0,1,0
2016,PI,2211209,0.569897342995169,0.4301026570048309,0.0,0.0,1,1
2012,PI,2211308,0.0,1.0,0.0,0.0,1,0
2016,PI,2211308,0.5743146886388845,0.42568531136111554,0.0,0.0,1,1
2012,PI,2211357,0.0,1.0,0.0,0.0,1,0
2016,PI,2211357,0.109997051017399,0.890002948982601,0.0,0.0,1,1
2012,PI,2211407,0.3913663931501962,0.6086336068498038,0.0,0.0,0,0
2016,PI,2211407,0.0,0.6005936675461742,0.39940633245382584,0.0,0,0
2012,PI,2211506,0.6249496981891348,0.3750503018108652,0.0,0.0,0,0
2016,PI,2211506,0.5097345132743363,0.4902654867256637,0.0,0.0,0,0
2012,PI,2211605,0.304249547920434,0.695750452079566,0.0,0.0,0,0
2016,PI,2211605,0.35354362965997543,0.6464563703400246,0.0,0.0,0,0
2012,PI,2211704,0.0,1.0,0.0,0.0,0,0
2016,PI,2211704,0.0,1.0,0.0,0.0,0,0
2012,CE,2300101,0.0,0.5384310618066561,0.4615689381933439,0.0,1,0
2016,CE,2300101,0.4880382775119617,0.0,0.5119617224880383,0.0,1,1
2012,CE,2300150,0.29952959194836454,0.6770594026911716,0.023411005360463845,0.0,0,0
2016,CE,2300150,1.0,0.0,0.0,0.0,0,0
2012,CE,2300309,0.0,1.0,0.0,0.0,0,0
2016,CE,2300309,0.0,0.9911687156517043,0.00883128434829569,0.0,0,0
2012,CE,2300408,0.0,0.6276852522326817,0.3723147477673184,0.0,0,0
2016,CE,2300408,0.5760075418336082,0.4239924581663917,0.0,0.0,0,0
2012,CE,2300606,0.0,1.0,0.0,0.0,1,0
2016,CE,2300606,0.0,0.45885604933021473,0.5411439506697853,0.0,1,1
2012,CE,2300705,0.549237029501526,0.0,0.4507629704984741,0.0,0,0
2016,CE,2300705,0.0,1.0,0.0,0.0,0,0
2012,CE,2300754,0.011552584890869333,0.47996864298386765,0.508478772125263,0.0,1,0
2016,CE,2300754,0.0037418524181218314,0.6035648185402752,0.392693329041603,0.0,1,1
2012,CE,2300804,0.0,1.0,0.0,0.0,0,0
2016,CE,2300804,0.4072780738834773,0.5927219261165227,0.0,0.0,0,0
2012,CE,2300903,0.0,1.0,0.0,0.0,0,0
2016,CE,2300903,0.5290458417073404,0.4709541582926596,0.0,0.0,0,0
2012,CE,2301257,0.0,0.430881666925828,0.569118333074172,0.0,0,0
2016,CE,2301257,0.40023456971118604,0.0,0.5997654302888139,0.0,0,0
2012,CE,2301307,0.3956926607529017,0.0,0.6043073392470982,0.0,0,0
2016,CE,2301307,0.578987093365537,0.421012906634463,0.0,0.0,0,0
2012,CE,2301406,0.46820058997050146,0.5317994100294985,0.0,0.0,1,0
2016,CE,2301406,0.610898347740453,0.389101652259547,0.0,0.0,1,1
2012,CE,2301505,0.45657616021567493,0.5434238397843251,0.0,0.0,0,0
2016,CE,2301505,0.4588859416445623,0.5411140583554377,0.0,0.0,0,0
2012,CE,2301604,0.4930161501527717,0.0,0.5069838498472283,0.0,0,0
2016,CE,2301604,0.6206072533033455,0.0014759628900759066,0.37791678380657856,0.0,0,0
2012,CE,2301703,0.0,1.0,0.0,0.0,0,0
2016,CE,2301703,0.9146341463414634,0.08536585365853659,0.0,0.0,0,0
2012,CE,2301802,0.9562043795620438,0.043795620437956206,0.0,0.0,0,0
2016,CE,2301802,0.4391891891891892,0.5608108108108109,0.0,0.0,0,0
2012,CE,2301851,0.5024696901661428,0.4975303098338572,0.0,0.0,1,0
2016,CE,2301851,0.03825273532113923,0.9617472646788607,0.0,0.0,1,1
2012,CE,2301901,0.0,0.45025401533558423,0.5497459846644157,0.0,1,0
2016,CE,2301901,0.0,0.5109493406527835,0.4890506593472164,0.0,1,1
2012,CE,2301950,0.0,1.0,0.0,0.0,0,0
2016,CE,2301950,0.0,0.4885446498307732,0.5114553501692267,0.0,0,0
2012,CE,2302008,0.0,1.0,0.0,0.0,0,0
2016,CE,2302008,0.4955875142997222,0.4837391730674947,0.020673312632783134,0.0,0,0
2012,CE,2302057,0.0,1.0,0.0,0.0,0,0
2016,CE,2302057,0.0,1.0,0.0,0.0,0,0
2012,CE,2302107,0.6375719567557449,0.36242804324425515,0.0,0.0,1,0
2016,CE,2302107,0.27080430021899266,0.5105016922158073,0.21869400756520008,0.0,1,1
2012,CE,2302206,0.4941230346511983,0.4392917111891314,0.06658525415967027,0.0,0,0
2016,CE,2302206,1.0,0.0,0.0,0.0,0,0
2012,CE,2302305,0.0010960906101571063,0.9415418341249543,0.05736207526488856,0.0,1,0
2016,CE,2302305,0.0,1.0,0.0,0.0,1,1
2012,CE,2302404,1.0,0.0,0.0,0.0,0,0
2016,CE,2302404,1.0,0.0,0.0,0.0,0,0
2012,CE,2302503,0.20612891580762904,0.793871084192371,0.0,0.0,1,0
2016,CE,2302503,0.0,1.0,0.0,0.0,1,1
2012,CE,2302602,0.4914761826453982,0.5056734089787864,0.0028504083758153814,0.0,1,0
2016,CE,2302602,0.0294688499494273,0.9705311500505727,0.0,0.0,1,1
2012,CE,2302701,0.4760519550805033,0.4252469219320796,0.09870112298741712,0.0,0,0
2016,CE,2302701,0.032481176676589035,0.967518823323411,0.0,0.0,0,0
2012,CE,2302909,0.3728293352717874,0.6271706647282126,0.0,0.0,1,0
2016,CE,2302909,0.44851904090267986,0.5514809590973202,0.0,0.0,1,1
2012,CE,2303006,0.4570835992342055,0.14207083599234205,0.40084556477345246,0.0,1,0
2016,CE,2303006,0.0,1.0,0.0,0.0,1,1
2012,CE,2303105,0.7376266644334646,0.26237333556653547,0.0,0.0,1,0
2016,CE,2303105,0.0,1.0,0.0,0.0,1,1
2012,CE,2303204,0.0,1.0,0.0,0.0,1,0
2016,CE,2303204,0.018076527574822754,0.9819234724251773,0.0,0.0,1,1
2012,CE,2303303,1.0,0.0,0.0,0.0,1,0
2016,CE,2303303,0.4834442595673877,0.4834442595673877,0.03311148086522463,0.0,1,1
2012,CE,2303402,0.6833681280445373,0.3166318719554628,0.0,0.0,0,0
2016,CE,2303402,0.0,1.0,0.0,0.0,0,0
2012,CE,2303600,0.0,1.0,0.0,0.0,0,0
2016,CE,2303600,0.39637412443345693,0.603625875566543,0.0,0.0,0,0
2012,CE,2303808,0.4859146190121618,0.5140853809878382,0.0,0.0,0,0
2016,CE,2303808,0.48510131108462456,0.5148986889153755,0.0,0.0,0,0
2012,CE,2303907,0.5923224568138196,0.40767754318618044,0.0,0.0,0,0
2016,CE,2303907,0.3064292321924144,0.6935707678075855,0.0,0.0,0,0
2012,CE,2304004,0.5106868644947085,0.48931313550529154,0.0,0.0,0,0
2016,CE,2304004,0.0,1.0,0.0,0.0,0,0
2012,CE,2304202,0.0,0.8885265387604577,0.11147346123954222,0.0,1,0
2016,CE,2304202,0.5878321547615339,0.38383539453599574,0.028332450702470327,0.0,1,1
2012,CE,2304236,0.0,1.0,0.0,0.0,0,0
2016,CE,2304236,0.0,1.0,0.0,0.0,0,0
2012,CE,2304269,0.0,0.5907749077490775,0.4092250922509225,0.0,0,0
2016,CE,2304269,0.0,0.7226002865329513,0.2773997134670487,0.0,0,0
2012,CE,2304277,1.0,0.0,0.0,0.0,0,0
2016,CE,2304277,0.5263644773358002,0.47363552266419984,0.0,0.0,0,0
2012,CE,2304301,0.4057753164556962,0.007357594936708861,0.586867088607595,0.0,1,0
2016,CE,2304301,0.3713274627602666,0.0,0.6286725372397334,0.0,1,1
2012,CE,2304509,0.0,1.0,0.0,0.0,1,0
2016,CE,2304509,0.33608345833901543,0.6639165416609846,0.0,0.0,1,1
2012,CE,2304608,1.0,0.0,0.0,0.0,0,0
2016,CE,2304608,0.4183066361556064,0.5816933638443936,0.0,0.0,0,0
2012,CE,2304657,0.5966898954703833,0.0,0.40331010452961674,0.0,0,0
2016,CE,2304657,0.0,0.48906560636182905,0.510934393638171,0.0,0,0
2012,CE,2304707,1.0,0.0,0.0,0.0,0,0
2016,CE,2304707,0.3277779508426529,0.6722220491573471,0.0,0.0,0,0
2012,CE,2304806,0.5615739616225407,0.4384260383774593,0.0,0.0,1,0
2016,CE,2304806,1.0,0.0,0.0,0.0,1,1
2012,CE,2304905,0.4266304347826087,0.0,0.5733695652173914,0.0,1,0
2016,CE,2304905,0.0,0.5490278360609876,0.45097216393901246,0.0,1,1
2012,CE,2305001,0.6447816091954023,0.3552183908045977,0.0,0.0,0,0
2016,CE,2305001,0.0,1.0,0.0,0.0,0,0
2012,CE,2305233,0.0,1.0,0.0,0.0,1,0
2016,CE,2305233,0.0,0.9693284979497025,0.03067150205029747,0.0,1,1
2012,CE,2305308,0.3350237717908082,0.6649762282091918,0.0,0.0,1,0
2016,CE,2305308,0.599608492696883,0.400391507303117,0.0,0.0,1,1
2012,CE,2305407,1.0,0.0,0.0,0.0,0,0
2016,CE,2305407,0.5231597845601437,0.4768402154398564,0.0,0.0,0,0
2012,CE,2305506,0.5886262204985285,0.4113737795014714,0.0,0.0,1,0
2016,CE,2305506,0.3991317427978446,0.6008682572021554,0.0,0.0,1,1
2012,CE,2305605,0.0,1.0,0.0,0.0,0,0
2016,CE,2305605,0.8037758586061459,0.1962241413938542,0.0,0.0,0,0
2012,CE,2305704,0.5438385458433574,0.4561614541566426,0.0,0.0,0,0
2016,CE,2305704,0.46822829041024977,0.5317717095897502,0.0,0.0,0,0
2012,CE,2305803,0.4411350097767268,0.032013096266654543,0.5268518939566186,0.0,0,0
2016,CE,2305803,0.0,0.46689183554332414,0.5331081644566759,0.0,0,0
2012,CE,2305902,0.0,0.9941022280471822,0.005897771952817824,0.0,0,0
2016,CE,2305902,0.0,1.0,0.0,0.0,0,0
2012,CE,2306009,0.0,0.4440693225298222,0.5559306774701778,0.0,0,0
2016,CE,2306009,0.38305236128167913,0.0,0.6169476387183208,0.0,0,0
2012,CE,2306108,1.0,0.0,0.0,0.0,1,0
2016,CE,2306108,1.0,0.0,0.0,0.0,1,1
2012,CE,2306207,0.49463955637707946,0.5053604436229205,0.0,0.0,0,0
2016,CE,2306207,0.0,1.0,0.0,0.0,0,0
2012,CE,2306256,0.5488962044926413,0.45110379550735863,0.0,0.0,1,0
2016,CE,2306256,0.29286868220632356,0.7071313177936764,0.0,0.0,1,1
2012,CE,2306306,0.43708500427322333,0.5629149957267767,0.0,0.0,1,0
2016,CE,2306306,0.4050134659208618,0.5949865340791382,0.0,0.0,1,1
2012,CE,2306405,0.0,0.35967624166912643,0.6403237583308735,0.0,1,0
2016,CE,2306405,0.06851659605510507,0.5453270110266266,0.3861563929182683,0.0,1,1
2012,CE,2306504,0.0,1.0,0.0,0.0,1,0
2016,CE,2306504,0.0,0.9496442255062945,0.05035577449370553,0.0,1,1
2012,CE,2306553,0.0,1.0,0.0,0.0,1,0
2016,CE,2306553,0.2031136271734735,0.5441164577436313,0.25276991508289526,0.0,1,1
2012,CE,2306702,1.0,0.0,0.0,0.0,0,0
2016,CE,2306702,1.0,0.0,0.0,0.0,0,0
2012,CE,2306801,0.16183574879227053,0.8381642512077294,0.0,0.0,0,0
2016,CE,2306801,0.12626920072897682,0.8737307992710232,0.0,0.0,0,0
2012,CE,2306900,0.5687675780349486,0.4312324219650514,0.0,0.0,0,0
2016,CE,2306900,0.0,1.0,0.0,0.0,0,0
2012,CE,2307007,0.0,0.47266353066477323,0.5273364693352268,0.0,0,0
2016,CE,2307007,0.5183216662345519,0.0,0.4816783337654481,0.0,0,0
2012,CE,2307106,0.4819554800752108,0.5180445199247893,0.0,0.0,1,0
2016,CE,2307106,0.0,0.36118514845348043,0.6388148515465195,0.0,1,1
2012,CE,2307205,1.0,0.0,0.0,0.0,1,0
2016,CE,2307205,1.0,0.0,0.0,0.0,1,1
2012,CE,2307403,0.0,1.0,0.0,0.0,1,0
2016,CE,2307403,0.4489384489384489,0.5510615510615511,0.0,0.0,1,1
2012,CE,2307502,0.5612682090831191,0.4387317909168809,0.0,0.0,0,0
2016,CE,2307502,0.0,1.0,0.0,0.0,0,0
2012,CE,2307601,0.9871208028885793,0.0014499758337361043,0.011429221277684587,0.0,1,0
2016,CE,2307601,0.26090969398056013,0.7199965388941767,0.01909376712526319,0.0,1,1
2012,CE,2307635,0.393026941362916,0.606973058637084,0.0,0.0,0,0
2016,CE,2307635,0.0,0.8910746812386157,0.10892531876138434,0.0,0,0
2012,CE,2307650,0.9925992962988024,0.0,0.007400703701197645,0.0,1,0
2016,CE,2307650,0.720979926230671,0.27902007376932897,0.0,0.0,1,1
2012,CE,2307809,1.0,0.0,0.0,0.0,1,0
2016,CE,2307809,1.0,0.0,0.0,0.0,1,1
2012,CE,2307908,0.5099612617598229,0.4900387382401771,0.0,0.0,0,0
2016,CE,2307908,0.5597401034773192,0.43773312477439535,0.0025267717482854047,0.0,0,0
2012,CE,2308005,0.0,1.0,0.0,0.0,0,0
2016,CE,2308005,0.4607876712328767,0.5392123287671233,0.0,0.0,0,0
2012,CE,2308104,0.0,0.41104488216950225,0.5889551178304978,0.0,0,0
2016,CE,2308104,0.0,0.5758560821543349,0.42414391784566513,0.0,0,0
2012,CE,2308203,0.5669370272487013,0.0,0.4330629727512986,0.0,1,0
2016,CE,2308203,0.4816213214880622,0.22021099389228208,0.29816768461965576,0.0,1,1
2012,CE,2308302,0.0,0.5244730260807431,0.47552697391925686,0.0,1,0
2016,CE,2308302,0.0,1.0,0.0,0.0,1,1
2012,CE,2308351,1.0,0.0,0.0,0.0,0,0
2016,CE,2308351,0.53015941404567,0.46984058595433004,0.0,0.0,0,0
2012,CE,2308377,0.5342814689025684,0.46571853109743155,0.0,0.0,1,0
2016,CE,2308377,1.0,0.0,0.0,0.0,1,1
2012,CE,2308401,0.003382291618403373,0.4885789741926516,0.508038734188945,0.0,1,0
2016,CE,2308401,0.0,0.5348858489271172,0.46511415107288284,0.0,1,1
2012,CE,2308500,0.7752695174010563,0.16511106287533464,0.059619419723609,0.0,0,0
2016,CE,2308500,0.4648861716676052,0.5351138283323948,0.0,0.0,0,0
2012,CE,2308609,0.0,1.0,0.0,0.0,0,0
2016,CE,2308609,0.017046944662995018,0.9829530553370049,0.0,0.0,0,0
2012,CE,2308807,0.0,1.0,0.0,0.0,0,0
2016,CE,2308807,0.4432252701579385,0.5567747298420616,0.0,0.0,0,0
2012,CE,2308906,0.0,0.4939333435724159,0.5060666564275841,0.0,0,0
2016,CE,2308906,0.0,0.5191157696700934,0.4808842303299066,0.0,0,0
2012,CE,2309003,0.4331486912132073,0.5357879874008906,0.03106332138590203,0.0,0,0
2016,CE,2309003,0.0,0.0,1.0,0.0,0,0
2012,CE,2309102,0.0,1.0,0.0,0.0,1,0
2016,CE,2309102,1.0,0.0,0.0,0.0,1,1
2012,CE,2309201,0.5182717334721499,0.48172826652785006,0.0,0.0,1,0
2016,CE,2309201,0.6095563847429519,0.0,0.39044361525704807,0.0,1,1
2012,CE,2309300,0.38942852035039627,0.6105714796496037,0.0,0.0,0,0
2016,CE,2309300,0.537046389149412,0.462953610850588,0.0,0.0,0,0
2012,CE,2309409,0.5142499010423539,0.0,0.48575009895764615,0.0,0,0
2016,CE,2309409,0.49511747647511395,0.0,0.504882523524886,0.0,0,0
2012,CE,2309458,0.44332644403350374,0.07968019145001631,0.47699336451647995,0.0,1,0
2016,CE,2309458,0.5179466410165544,0.48205335898344553,0.0,0.0,1,1
2012,CE,2309508,0.4408405330209401,0.5591594669790599,0.0,0.0,0,0
2016,CE,2309508,1.0,0.0,0.0,0.0,0,0
2012,CE,2309904,0.4816082121471343,0.5183917878528657,0.0,0.0,0,0
2016,CE,2309904,0.0,0.5275735294117647,0.4724264705882353,0.0,0,0
2012,CE,2310209,0.4032542184312998,0.007648804005191916,0.5890969775635082,0.0,0,0
2016,CE,2310209,0.2813974666777051,0.4047520490106797,0.3138504843116152,0.0,0,0
2012,CE,2310258,0.45985281195079086,0.5401471880492091,0.0,0.0,1,0
2016,CE,2310258,0.0,1.0,0.0,0.0,1,1
2012,CE,2310308,0.32701471435303975,0.6729852856469603,0.0,0.0,0,0
2016,CE,2310308,0.0,1.0,0.0,0.0,0,0
2012,CE,2310407,0.0,0.551501375762651,0.448498624237349,0.0,1,0
2016,CE,2310407,0.5118120130686102,0.4881879869313898,0.0,0.0,1,1
2012,CE,2310506,0.0,1.0,0.0,0.0,0,0
2016,CE,2310506,0.6312387251954299,0.36876127480457005,0.0,0.0,0,0
2012,CE,2310605,0.0,1.0,0.0,0.0,1,0
2016,CE,2310605,0.0,1.0,0.0,0.0,1,1
2012,CE,2310704,0.0,0.5974429149136065,0.40255708508639354,0.0,0,0
2016,CE,2310704,0.39469168287381307,0.6053083171261869,0.0,0.0,0,0
2012,CE,2310803,0.5012177795818957,0.4987822204181043,0.0,0.0,0,0
2016,CE,2310803,0.0,0.9451185101580135,0.05488148984198646,0.0,0,0
2012,CE,2310902,1.0,0.0,0.0,0.0,0,0
2016,CE,2310902,0.35485682201010665,0.6451431779898933,0.0,0.0,0,0
2012,CE,2310951,0.0,1.0,0.0,0.0,0,0
2016,CE,2310951,0.0,1.0,0.0,0.0,0,0
2012,CE,2311009,0.4299537839399191,0.5700462160600809,0.0,0.0,0,0
2016,CE,2311009,0.0,1.0,0.0,0.0,0,0
2012,CE,2311108,0.0,0.5698436712052446,0.4301563287947554,0.0,1,0
2016,CE,2311108,0.3063394276629571,0.6936605723370429,0.0,0.0,1,1
2012,CE,2311207,0.0,0.4626364399664148,0.5373635600335852,0.0,0,0
2016,CE,2311207,0.3419921875,0.0,0.6580078125,0.0,0,0
2012,CE,2311231,0.9421296296296297,0.05787037037037037,0.0,0.0,0,0
2016,CE,2311231,1.0,0.0,0.0,0.0,0,0
2012,CE,2311264,0.5051546391752577,0.4948453608247423,0.0,0.0,0,0
2016,CE,2311264,0.0,1.0,0.0,0.0,0,0
2012,CE,2311355,0.0,0.0,1.0,0.0,1,0
2016,CE,2311355,0.0217823571945047,0.46646782357194505,0.5117498192335502,0.0,1,1
2012,CE,2311405,0.5393996915411081,0.46060030845889194,0.0,0.0,0,0
2016,CE,2311405,0.0,1.0,0.0,0.0,0,0
2012,CE,2311504,0.47506857022294113,0.5249314297770589,0.0,0.0,1,0
2016,CE,2311504,0.0,1.0,0.0,0.0,1,1
2012,CE,2311603,0.0,1.0,0.0,0.0,0,0
2016,CE,2311603,0.8348849464254348,0.0,0.16511505357456527,0.0,0,0
2012,CE,2311702,0.0,0.526261319534282,0.473738680465718,0.0,0,0
2016,CE,2311702,0.0,0.7592495177976504,0.24075048220234965,0.0,0,0
2012,CE,2311900,0.0,0.9890402843601895,0.010959715639810427,0.0,0,0
2016,CE,2311900,0.5018900843268392,0.4466414655423088,0.051468450130851995,0.0,0,0
2012,CE,2311959,0.0,0.3431148900871008,0.6568851099128992,0.0,0,0
2016,CE,2311959,0.0,0.0,1.0,0.0,0,0
2012,CE,2312007,0.0,0.03721770551038844,0.9627822944896116,0.0,0,0
2016,CE,2312007,0.049097228927295546,0.5226899681374916,0.4282128029352129,0.0,0,0
2012,CE,2312106,1.0,0.0,0.0,0.0,1,0
2016,CE,2312106,0.509738507579846,0.49026149242015404,0.0,0.0,1,1
2012,CE,2312304,0.0,0.4617963511617028,0.5382036488382972,0.0,0,0
2016,CE,2312304,0.4663890764498462,0.0,0.5336109235501538,0.0,0,0
2012,CE,2312502,0.4984504974718643,0.12608057413146306,0.3754689283966727,0.0,0,0
2016,CE,2312502,0.0,0.5455580865603644,0.4544419134396355,0.0,0,0
2012,CE,2312601,0.5124009467942781,0.35278378100236696,0.13481527220335496,0.0,0,0
2016,CE,2312601,1.0,0.0,0.0,0.0,0,0
2012,CE,2312700,0.0,0.5150255947003914,0.48497440529960856,0.0,0,0
2016,CE,2312700,0.0,0.6149972699144574,0.3850027300855427,0.0,0,0
2012,CE,2312809,0.0,1.0,0.0,0.0,0,0
2016,CE,2312809,1.0,0.0,0.0,0.0,0,0
2012,CE,2313005,0.4675393130106299,0.46630940876746024,0.06615127822190986,0.0,0,0
2016,CE,2313005,0.9705933229545062,0.0,0.029406677045493858,0.0,0,0
2012,CE,2313104,0.0,0.5828177954704395,0.4171822045295605,0.0,0,0
2016,CE,2313104,0.5478497880072684,0.0,0.4521502119927317,0.0,0,0
2012,CE,2313203,0.0,1.0,0.0,0.0,0,0
2016,CE,2313203,0.0,1.0,0.0,0.0,0,0
2012,CE,2313252,0.1996769272188818,0.25702234586736067,0.5433007269137575,0.0,0,0
2016,CE,2313252,1.0,0.0,0.0,0.0,0,0
2012,CE,2313302,0.3401164572479313,0.6598835427520686,0.0,0.0,0,0
2016,CE,2313302,1.0,0.0,0.0,0.0,0,0
2012,CE,2313351,0.0,1.0,0.0,0.0,1,0
2016,CE,2313351,0.45909512174572414,0.5409048782542758,0.0,0.0,1,1
2012,CE,2313401,0.0,1.0,0.0,0.0,1,0
2016,CE,2313401,0.502487319150322,0.4784364491992542,0.01907623165042378,0.0,1,1
2012,CE,2313500,0.0,0.8031153283678536,0.19688467163214637,0.0,0,0
2016,CE,2313500,0.0928055388320289,0.9071944611679711,0.0,0.0,0,0
2012,CE,2313609,1.0,0.0,0.0,0.0,1,0
2016,CE,2313609,0.46525936140871965,0.5347406385912804,0.0,0.0,1,1
2012,CE,2313708,0.5376006283133713,0.4623993716866287,0.0,0.0,0,0
2016,CE,2313708,0.7439148073022313,0.0,0.25608519269776875,0.0,0,0
2012,CE,2313757,0.5711024687182956,0.42889753128170444,0.0,0.0,0,0
2016,CE,2313757,0.5128576020572163,0.4871423979427837,0.0,0.0,0,0
2012,CE,2313906,0.4475388601036269,0.552461139896373,0.0,0.0,0,0
2016,CE,2313906,0.0,1.0,0.0,0.0,0,0
2012,CE,2313955,0.0,1.0,0.0,0.0,0,0
2016,CE,2313955,0.0,1.0,0.0,0.0,0,0
2012,CE,2314003,1.0,0.0,0.0,0.0,1,0
2016,CE,2314003,0.0,1.0,0.0,0.0,1,1
2012,CE,2314102,0.0,0.5749559647718174,0.42504403522818257,0.0,1,0
2016,CE,2314102,0.0,0.9724969278483235,0.02750307215167652,0.0,1,1
2012,RN,2400307,0.5016997907949791,0.49830020920502094,0.0,0.0,1,0
2016,RN,2400307,0.4742065923293714,0.5257934076706287,0.0,0.0,1,1
2012,RN,2400703,0.5088960342979636,0.49110396570203646,0.0,0.0,1,0
2016,RN,2400703,0.9982510578279267,0.0017489421720733426,0.0,0.0,1,1
2012,RN,2400802,0.9658867264377871,0.0,0.03411327356221299,0.0,0,0
2016,RN,2400802,0.0,0.8847688336071344,0.11523116639286553,0.0,0,0
2012,RN,2401008,0.0,0.4369555843035791,0.5630444156964208,0.0,0,0
2016,RN,2401008,0.0,0.5385063934357949,0.46149360656420507,0.0,0,0
2012,RN,2401206,0.6841329250311897,0.3158670749688103,0.0,0.0,0,0
2016,RN,2401206,0.5207767801211108,0.46982668615577367,0.009396533723115472,0.0,0,0
2012,RN,2401305,0.3334795963141729,0.6665204036858271,0.0,0.0,0,0
2016,RN,2401305,1.0,0.0,0.0,0.0,0,0
2012,RN,2401404,0.4649298597194389,0.5350701402805611,0.0,0.0,1,0
2016,RN,2401404,0.5518108651911469,0.44818913480885314,0.0,0.0,1,1
2012,RN,2401651,0.5287539936102237,0.4712460063897764,0.0,0.0,0,0
2016,RN,2401651,1.0,0.0,0.0,0.0,0,0
2012,RN,2401909,0.38585858585858585,0.6141414141414141,0.0,0.0,0,0
2016,RN,2401909,0.434657455382844,0.565342544617156,0.0,0.0,0,0
2012,RN,2402006,0.1960441481805267,0.8039558518194733,0.0,0.0,1,0
2016,RN,2402006,0.2168022473225259,0.6570492187042781,0.126148533973196,0.0,1,1
2012,RN,2402204,1.0,0.0,0.0,0.0,1,0
2016,RN,2402204,0.40895953757225434,0.5066577208918249,0.08438274153592072,0.0,1,1
2012,RN,2402600,0.698708607607658,0.3012913923923421,0.0,0.0,1,0
2016,RN,2402600,0.5105634923160138,0.47405262655509245,0.015383881128893696,0.0,1,1
2012,RN,2403251,0.0,0.9467444342787436,0.05325556572125648,0.0,1,0
2016,RN,2403251,0.7779847344152968,0.18204079506082788,0.03997447052387527,0.0,1,1
2012,RN,2403509,0.41736066623959,0.58263933376041,0.0,0.0,1,0
2016,RN,2403509,0.4358843537414966,0.5641156462585034,0.0,0.0,1,1
2012,RN,2403608,0.26249627643729523,0.7280309800417039,0.009472743521000894,0.0,0,0
2016,RN,2403608,0.8039292730844794,0.19607072691552063,0.0,0.0,0,0
2012,RN,2403707,0.511611030478955,0.4769593613933237,0.011429608127721336,0.0,0,0
2016,RN,2403707,0.4472970818051347,0.5527029181948653,0.0,0.0,0,0
2012,RN,2403756,0.2368804664723032,0.7631195335276968,0.0,0.0,0,0
2016,RN,2403756,0.5750798722044729,0.39261625843095493,0.03230386936457224,0.0,0,0
2012,RN,2404101,1.0,0.0,0.0,0.0,1,0
2016,RN,2404101,0.6682166937921413,0.3317833062078586,0.0,0.0,1,1
2012,RN,2404200,0.0,0.7813151275601868,0.21868487243981316,0.0,1,0
2016,RN,2404200,1.0,0.0,0.0,0.0,1,1
2012,RN,2404804,0.6446821152703506,0.3553178847296494,0.0,0.0,0,0
2016,RN,2404804,0.35089751013317894,0.6491024898668211,0.0,0.0,0,0
2012,RN,2404903,0.5784450651769087,0.42155493482309125,0.0,0.0,0,0
2016,RN,2404903,1.0,0.0,0.0,0.0,0,0
2012,RN,2405207,0.0,0.518198014762026,0.481801985237974,0.0,0,0
2016,RN,2405207,0.0,0.40247912977485456,0.5975208702251454,0.0,0,0
2012,RN,2405603,1.0,0.0,0.0,0.0,1,0
2016,RN,2405603,0.6167615947925142,0.38323840520748575,0.0,0.0,1,1
2012,RN,2406106,0.2085220600570374,0.7914779399429626,0.0,0.0,0,0
2016,RN,2406106,0.5092975206611571,0.490702479338843,0.0,0.0,0,0
2012,RN,2406155,0.3493039818711557,0.6506960181288443,0.0,0.0,1,0
2016,RN,2406155,1.0,0.0,0.0,0.0,1,1
2012,RN,2406304,0.5731500659009603,0.4268499340990397,0.0,0.0,1,0
2016,RN,2406304,0.7633050694569727,0.23669493054302723,0.0,0.0,1,1
2012,RN,2406700,0.0,0.8247206703910615,0.17527932960893855,0.0,0,0
2016,RN,2406700,0.3969086783891095,0.6030913216108905,0.0,0.0,0,0
2012,RN,2407500,0.004526057157636105,0.9954739428423639,0.0,0.0,0,0
2016,RN,2407500,1.0,0.0,0.0,0.0,0,0
2012,RN,2407609,0.0,1.0,0.0,0.0,0,0
2016,RN,2407609,0.5618850336613154,0.43811496633868463,0.0,0.0,0,0
2012,RN,2407708,0.6868432114333753,0.31315678856662466,0.0,0.0,0,0
2016,RN,2407708,1.0,0.0,0.0,0.0,0,0
2012,RN,2408409,0.46770545363156574,0.5322945463684343,0.0,0.0,0,0
2016,RN,2408409,0.5016782855667441,0.49832171443325585,0.0,0.0,0,0
2012,RN,2408706,1.0,0.0,0.0,0.0,0,0
2016,RN,2408706,0.8028635821291263,0.19713641787087366,0.0,0.0,0,0
2012,RN,2408953,0.5452760200741872,0.45472397992581276,0.0,0.0,0,0
2016,RN,2408953,0.5941713788603741,0.4058286211396259,0.0,0.0,0,0
2012,RN,2409308,0.4565159925984668,0.5434840074015331,0.0,0.0,0,0
2016,RN,2409308,0.4858659424762375,0.5141340575237625,0.0,0.0,0,0
2012,RN,2409605,0.0,1.0,0.0,0.0,0,0
2016,RN,2409605,0.5511551155115512,0.44884488448844884,0.0,0.0,0,0
2012,RN,2409803,0.5052631578947369,0.4656034024455077,0.02913343965975545,0.0,0,0
2016,RN,2409803,0.41477092371177654,0.5852290762882235,0.0,0.0,0,0
2012,RN,2409902,0.4391219723183391,0.560878027681661,0.0,0.0,1,0
2016,RN,2409902,0.4976079248044127,0.5023920751955874,0.0,0.0,1,1
2012,RN,2410108,0.9992062592130627,0.0,0.0007937407869372944,0.0,0,0
2016,RN,2410108,1.0,0.0,0.0,0.0,0,0
2012,RN,2410207,1.0,0.0,0.0,0.0,0,0
2016,RN,2410207,0.991764705882353,0.0,0.00823529411764706,0.0,0,0
2012,RN,2410405,0.0,0.47086247086247085,0.5291375291375291,0.0,1,0
2016,RN,2410405,0.40084183260482437,0.5909017322324753,0.00825643516270034,0.0,1,1
2012,RN,2410702,0.5622473726758286,0.43775262732417136,0.0,0.0,0,0
2016,RN,2410702,0.557153965785381,0.442846034214619,0.0,0.0,0,0
2012,RN,2411007,1.0,0.0,0.0,0.0,0,0
2016,RN,2411007,0.5283854166666667,0.47161458333333334,0.0,0.0,0,0
2012,RN,2411403,0.5432244136983613,0.4567755863016387,0.0,0.0,0,0
2016,RN,2411403,0.5789093907844552,0.35924131532831666,0.061849293887228124,0.0,0,0
2012,RN,2412005,1.0,0.0,0.0,0.0,1,0
2016,RN,2412005,0.48370947077954074,0.5162905292204593,0.0,0.0,1,1
2012,RN,2412104,0.4797116374871267,0.494129763130793,0.02615859938208033,0.0,0,0
2016,RN,2412104,0.48148927219183846,0.5185107278081615,0.0,0.0,0,0
2012,RN,2412807,0.469601677148847,0.5303983228511531,0.0,0.0,0,0
2016,RN,2412807,0.9838760670249763,0.01612393297502371,0.0,0.0,0,0
2012,RN,2413102,0.5519287833827893,0.44807121661721067,0.0,0.0,1,0
2016,RN,2413102,0.4349754844734999,0.5650245155265001,0.0,0.0,1,1
2012,RN,2413201,0.0,1.0,0.0,0.0,0,0
2016,RN,2413201,0.523741418764302,0.4762585812356979,0.0,0.0,0,0
2012,RN,2413409,0.0,0.4722014925373134,0.5277985074626865,0.0,0,0
2016,RN,2413409,0.49622537285951024,0.5037746271404898,0.0,0.0,0,0
2012,RN,2413607,1.0,0.0,0.0,0.0,0,0
2016,RN,2413607,0.5256554608331993,0.4743445391668007,0.0,0.0,0,0
2012,RN,2413805,0.5024477080551847,0.4975522919448153,0.0,0.0,0,0
2016,RN,2413805,1.0,0.0,0.0,0.0,0,0
2012,RN,2413904,0.5109038042161377,0.4890961957838624,0.0,0.0,0,0
2016,RN,2413904,0.4236573457612073,0.5763426542387927,0.0,0.0,0,0
2012,RN,2414209,0.6854379977246872,0.31456200227531284,0.0,0.0,1,0
2016,RN,2414209,1.0,0.0,0.0,0.0,1,1
2012,RN,2414456,0.0,1.0,0.0,0.0,0,0
2016,RN,2414456,0.5092075892857143,0.4907924107142857,0.0,0.0,0,0
2012,RN,2414506,1.0,0.0,0.0,0.0,0,0
2016,RN,2414506,1.0,0.0,0.0,0.0,0,0
2012,RN,2414605,0.5561649846423871,0.443835015357613,0.0,0.0,0,0
2016,RN,2414605,1.0,0.0,0.0,0.0,0,0
2012,RN,2414902,1.0,0.0,0.0,0.0,0,0
2016,RN,2414902,1.0,0.0,0.0,0.0,0,0
2012,RN,2415008,0.6173913043478261,0.3826086956521739,0.0,0.0,1,0
2016,RN,2415008,0.44701429772918416,0.0,0.5529857022708158,0.0,1,1
2012,PB,2500106,0.0,1.0,0.0,0.0,0,0
2016,PB,2500106,0.0,1.0,0.0,0.0,0,0
2012,PB,2500304,0.5077399380804953,0.49226006191950467,0.0,0.0,0,0
2016,PB,2500304,0.4666874804870434,0.41860755541679673,0.11470496409615985,0.0,0,0
2012,PB,2500403,0.0,1.0,0.0,0.0,1,0
2016,PB,2500403,0.0,1.0,0.0,0.0,1,1
2012,PB,2500502,0.6518192412275022,0.3481807587724977,0.0,0.0,0,0
2016,PB,2500502,0.0,1.0,0.0,0.0,0,0
2012,PB,2500536,0.0,1.0,0.0,0.0,1,0
2016,PB,2500536,0.522364635103322,0.477635364896678,0.0,0.0,1,1
2012,PB,2500577,0.6219715956558062,0.3780284043441938,0.0,0.0,1,0
2016,PB,2500577,0.5004055150040552,0.49959448499594483,0.0,0.0,1,1
2012,PB,2500601,0.0,1.0,0.0,0.0,0,0
2016,PB,2500601,0.5185456482652994,0.4814543517347007,0.0,0.0,0,0
2012,PB,2500700,0.5814693661037927,0.4114578728671205,0.00707276102908673,0.0,0,0
2016,PB,2500700,0.5472292742712073,0.4527707257287928,0.0,0.0,0,0
2012,PB,2500734,0.48138572905894517,0.5186142709410548,0.0,0.0,1,0
2016,PB,2500734,0.5071393402264894,0.49286065977351057,0.0,0.0,1,1
2012,PB,2500775,0.5651770814018172,0.0,0.43482291859818284,0.0,1,0
2016,PB,2500775,0.5120492524186455,0.4879507475813544,0.0,0.0,1,1
2012,PB,2500809,0.9576500096469226,0.0,0.04234999035307737,0.0,1,0
2016,PB,2500809,0.41268478779208395,0.587315212207916,0.0,0.0,1,1
2012,PB,2500908,0.5725353182439618,0.4274646817560383,0.0,0.0,0,0
2016,PB,2500908,0.6079120207728731,0.3920879792271269,0.0,0.0,0,0
2012,PB,2501005,0.0,1.0,0.0,0.0,0,0
2016,PB,2501005,0.5702053128344847,0.4297946871655152,0.0,0.0,0,0
2012,PB,2501104,0.9780873603250617,0.0,0.021912639674938325,0.0,0,0
2016,PB,2501104,0.0,0.982201209761524,0.017798790238475977,0.0,0,0
2012,PB,2501153,0.49754601226993866,0.5024539877300613,0.0,0.0,1,0
2016,PB,2501153,0.5262492093611638,0.4737507906388362,0.0,0.0,1,1
2012,PB,2501203,0.48898167478543264,0.5110183252145674,0.0,0.0,1,0
2016,PB,2501203,0.0,1.0,0.0,0.0,1,1
2012,PB,2501302,0.0,1.0,0.0,0.0,0,0
2016,PB,2501302,0.0,1.0,0.0,0.0,0,0
2012,PB,2501351,0.6438213914849429,0.3561786085150571,0.0,0.0,1,0
2016,PB,2501351,0.34425686858656074,0.6557431314134392,0.0,0.0,1,1
2012,PB,2501401,0.4303586321934946,0.5696413678065054,0.0,0.0,0,0
2016,PB,2501401,0.0,1.0,0.0,0.0,0,0
2012,PB,2501500,0.47301638291037584,0.5269836170896242,0.0,0.0,1,0
2016,PB,2501500,0.0,1.0,0.0,0.0,1,1
2012,PB,2501534,0.2658742571160463,0.7341257428839537,0.0,0.0,0,0
2016,PB,2501534,0.0,1.0,0.0,0.0,0,0
2012,PB,2501575,0.548645425115011,0.4513545748849889,0.0,0.0,1,0
2016,PB,2501575,1.0,0.0,0.0,0.0,1,1
2012,PB,2501609,0.49577655141344745,0.5042234485865525,0.0,0.0,0,0
2016,PB,2501609,0.9946049230077554,0.005395076992244577,0.0,0.0,0,0
2012,PB,2501708,0.20710526315789474,0.7928947368421052,0.0,0.0,1,0
2016,PB,2501708,0.0,1.0,0.0,0.0,1,1
2012,PB,2501807,0.08693702670386608,0.913062973296134,0.0,0.0,1,0
2016,PB,2501807,0.6125081502105838,0.3874918497894162,0.0,0.0,1,1
2012,PB,2501906,0.0,1.0,0.0,0.0,0,0
2016,PB,2501906,0.10572936298529965,0.889464756879005,0.0048058801356954395,0.0,0,0
2012,PB,2502003,0.9874122988031366,0.012587701196863392,0.0,0.0,0,0
2016,PB,2502003,0.0,1.0,0.0,0.0,0,0
2012,PB,2502052,0.0,1.0,0.0,0.0,0,0
2016,PB,2502052,0.0,1.0,0.0,0.0,0,0
2012,PB,2502102,0.5378043571123452,0.46219564288765486,0.0,0.0,1,0
2016,PB,2502102,0.5635673624288425,0.4364326375711575,0.0,0.0,1,1
2012,PB,2502201,0.0,1.0,0.0,0.0,0,0
2016,PB,2502201,0.6,0.4,0.0,0.0,0,0
2012,PB,2502300,1.0,0.0,0.0,0.0,0,0
2016,PB,2502300,0.0,0.5874829931972789,0.4125170068027211,0.0,0,0
2012,PB,2502409,0.44429838974696023,0.5557016102530398,0.0,0.0,0,0
2016,PB,2502409,0.0,1.0,0.0,0.0,0,0
2012,PB,2502508,0.5322595078299777,0.4677404921700224,0.0,0.0,1,0
2016,PB,2502508,0.712926452940168,0.287073547059832,0.0,0.0,1,1
2012,PB,2502706,0.535287421741605,0.464712578258395,0.0,0.0,1,0
2016,PB,2502706,0.0,1.0,0.0,0.0,1,1
2012,PB,2502805,0.5333170314219342,0.4666829685780658,0.0,0.0,0,0
2016,PB,2502805,0.5603262173183018,0.43967378268169827,0.0,0.0,0,0
2012,PB,2502904,0.4799399270542802,0.5200600729457198,0.0,0.0,0,0
2016,PB,2502904,0.0,1.0,0.0,0.0,0,0
2012,PB,2503001,0.04338455772113943,0.9566154422788605,0.0,0.0,0,0
2016,PB,2503001,0.0,0.7131416090280306,0.2868583909719694,0.0,0,0
2012,PB,2503100,0.4689325544344132,0.5310674455655868,0.0,0.0,1,0
2016,PB,2503100,0.4613395396948539,0.5386604603051461,0.0,0.0,1,1
2012,PB,2503308,0.6230909090909091,0.3769090909090909,0.0,0.0,0,0
2016,PB,2503308,0.49181423321082524,0.5081857667891747,0.0,0.0,0,0
2012,PB,2503407,0.0,1.0,0.0,0.0,1,0
2016,PB,2503407,0.0,1.0,0.0,0.0,1,1
2012,PB,2503506,0.44107035478051715,0.5589296452194829,0.0,0.0,0,0
2016,PB,2503506,0.0,1.0,0.0,0.0,0,0
2012,PB,2503555,0.0,1.0,0.0,0.0,1,0
2016,PB,2503555,0.0,0.9344599223567024,0.06554007764329756,0.0,1,1
2012,PB,2503704,0.0,0.9791876667654906,0.020812333234509338,0.0,0,0
2016,PB,2503704,0.4970195272353546,0.46510057260314197,0.03787990016150345,0.0,0,0
2012,PB,2503753,0.4155405405405405,0.5844594594594594,0.0,0.0,1,0
2016,PB,2503753,0.0,1.0,0.0,0.0,1,1
2012,PB,2503803,0.0,1.0,0.0,0.0,0,0
2016,PB,2503803,0.0,1.0,0.0,0.0,0,0
2012,PB,2503902,1.0,0.0,0.0,0.0,1,0
2016,PB,2503902,0.4793756967670011,0.5206243032329989,0.0,0.0,1,1
2012,PB,2504074,1.0,0.0,0.0,0.0,1,0
2016,PB,2504074,0.0,1.0,0.0,0.0,1,1
2012,PB,2504108,0.47082294264339153,0.5291770573566085,0.0,0.0,0,0
2016,PB,2504108,0.5088062622309197,0.4911937377690802,0.0,0.0,0,0
2012,PB,2504157,0.5178236397748592,0.4821763602251407,0.0,0.0,0,0
2016,PB,2504157,0.0,1.0,0.0,0.0,0,0
2012,PB,2504306,0.4878290817815656,0.5121709182184344,0.0,0.0,0,0
2016,PB,2504306,0.0,1.0,0.0,0.0,0,0
2012,PB,2504355,1.0,0.0,0.0,0.0,1,0
2016,PB,2504355,0.5624198923352987,0.43758010766470135,0.0,0.0,1,1
2012,PB,2504405,0.0,1.0,0.0,0.0,0,0
2016,PB,2504405,0.0,1.0,0.0,0.0,0,0
2012,PB,2504504,0.6748055315471045,0.3251944684528954,0.0,0.0,0,0
2016,PB,2504504,0.6825571177504394,0.31744288224956063,0.0,0.0,0,0
2012,PB,2504603,0.2178584392014519,0.4169872958257713,0.36515426497277675,0.0,0,0
2016,PB,2504603,0.13243878401940717,0.8675612159805929,0.0,0.0,0,0
2012,PB,2504702,0.0,1.0,0.0,0.0,1,0
2016,PB,2504702,0.28791036998436687,0.7120896300156332,0.0,0.0,1,1
2012,PB,2504801,0.4702368020855964,0.5297631979144036,0.0,0.0,0,0
2016,PB,2504801,0.0,1.0,0.0,0.0,0,0
2012,PB,2504850,0.5483221476510067,0.45167785234899327,0.0,0.0,1,0
2016,PB,2504850,0.5594315245478036,0.0,0.4405684754521964,0.0,1,1
2012,PB,2504900,0.892024971423547,0.107975028576453,0.0,0.0,0,0
2016,PB,2504900,0.5574403087064876,0.41168904252753435,0.030870648765977973,0.0,0,0
2012,PB,2505006,0.3666158536585366,0.6333841463414634,0.0,0.0,1,0
2016,PB,2505006,0.2858252427184466,0.7141747572815534,0.0,0.0,1,1
2012,PB,2505105,0.0,1.0,0.0,0.0,0,0
2016,PB,2505105,0.5196951403561727,0.48030485964382735,0.0,0.0,0,0
2012,PB,2505204,0.4243667068757539,0.575633293124246,0.0,0.0,1,0
2016,PB,2505204,0.0,1.0,0.0,0.0,1,1
2012,PB,2505279,1.0,0.0,0.0,0.0,1,0
2016,PB,2505279,0.0,1.0,0.0,0.0,1,1
2012,PB,2505303,0.0,1.0,0.0,0.0,1,0
2016,PB,2505303,0.44938820912124583,0.5506117908787542,0.0,0.0,1,1
2012,PB,2505352,0.0,1.0,0.0,0.0,0,0
2016,PB,2505352,0.4688654353562005,0.5311345646437995,0.0,0.0,0,0
2012,PB,2505402,0.4733992906477506,0.5266007093522493,0.0,0.0,1,0
2016,PB,2505402,0.511521580102414,0.48847841989758595,0.0,0.0,1,1
2012,PB,2505501,0.0,1.0,0.0,0.0,0,0
2016,PB,2505501,0.0,1.0,0.0,0.0,0,0
2012,PB,2505600,0.0009269988412514484,0.9990730011587485,0.0,0.0,1,0
2016,PB,2505600,0.0,1.0,0.0,0.0,1,1
2012,PB,2505709,0.38344390832328107,0.616556091676719,0.0,0.0,1,0
2016,PB,2505709,0.5024211298606016,0.4975788701393984,0.0,0.0,1,1
2012,PB,2505808,0.5867275280898876,0.41327247191011235,0.0,0.0,0,0
2016,PB,2505808,0.5505050505050505,0.4494949494949495,0.0,0.0,0,0
2012,PB,2506004,0.5093359311576554,0.49066406884234454,0.0,0.0,1,0
2016,PB,2506004,0.44286293182048425,0.5571370681795158,0.0,0.0,1,1
2012,PB,2506103,0.08507089241034195,0.9149291075896581,0.0,0.0,0,0
2016,PB,2506103,0.0,1.0,0.0,0.0,0,0
2012,PB,2506202,0.47827885808853954,0.5217211419114605,0.0,0.0,0,0
2016,PB,2506202,0.0,1.0,0.0,0.0,0,0
2012,PB,2506251,0.4502505368647101,0.5497494631352899,0.0,0.0,0,0
2016,PB,2506251,0.44981412639405205,0.550185873605948,0.0,0.0,0,0
2012,PB,2506301,0.0,1.0,0.0,0.0,1,0
2016,PB,2506301,0.0,0.9855673222390318,0.01443267776096823,0.0,1,1
2012,PB,2506400,0.030622897575687275,0.9693771024243127,0.0,0.0,0,0
2016,PB,2506400,0.0,1.0,0.0,0.0,0,0
2012,PB,2506509,1.0,0.0,0.0,0.0,1,0
2016,PB,2506509,0.7092198581560284,0.0,0.2907801418439716,0.0,1,1
2012,PB,2506608,0.5093975903614458,0.0,0.4906024096385542,0.0,0,0
2016,PB,2506608,0.0,1.0,0.0,0.0,0,0
2012,PB,2506707,0.540109389243391,0.4457611668185962,0.014129443938012761,0.0,1,0
2016,PB,2506707,0.5363558597091531,0.4636441402908469,0.0,0.0,1,1
2012,PB,2506806,0.61739857023489,0.38260142976511,0.0,0.0,0,0
2016,PB,2506806,1.0,0.0,0.0,0.0,0,0
2012,PB,2506905,0.6090989399293286,0.3909010600706714,0.0,0.0,0,0
2016,PB,2506905,0.0627340208894436,0.9349011364382842,0.0023648426722722195,0.0,0,0
2012,PB,2507002,0.03330285017527816,0.9666971498247219,0.0,0.0,1,0
2016,PB,2507002,0.0,1.0,0.0,0.0,1,1
2012,PB,2507200,0.4175454684395537,0.5824545315604462,0.0,0.0,0,0
2016,PB,2507200,0.0,1.0,0.0,0.0,0,0
2012,PB,2507309,0.44187000205044086,0.5581299979495592,0.0,0.0,1,0
2016,PB,2507309,0.0,1.0,0.0,0.0,1,1
2012,PB,2507408,0.5114777618364419,0.4885222381635581,0.0,0.0,0,0
2016,PB,2507408,1.0,0.0,0.0,0.0,0,0
2012,PB,2507606,0.6494382022471911,0.0,0.350561797752809,0.0,0,0
2016,PB,2507606,0.5018081625624247,0.49819183743757534,0.0,0.0,0,0
2012,PB,2507705,0.4724517906336088,0.5275482093663911,0.0,0.0,1,0
2016,PB,2507705,0.0,1.0,0.0,0.0,1,1
2012,PB,2507804,0.5146856356126663,0.48531436438733366,0.0,0.0,1,0
2016,PB,2507804,0.0,1.0,0.0,0.0,1,1
2012,PB,2507903,0.6315212926194714,0.0,0.36847870738052857,0.0,0,0
2016,PB,2507903,0.0,1.0,0.0,0.0,0,0
2012,PB,2508000,0.4345277963831212,0.5654722036168788,0.0,0.0,0,0
2016,PB,2508000,0.0,1.0,0.0,0.0,0,0
2012,PB,2508109,0.0,1.0,0.0,0.0,1,0
2016,PB,2508109,0.24890265943712883,0.7510973405628711,0.0,0.0,1,1
2012,PB,2508208,0.5281035179943389,0.47189648200566114,0.0,0.0,1,0
2016,PB,2508208,0.6053348909657321,0.39466510903426794,0.0,0.0,1,1
2012,PB,2508406,0.0,1.0,0.0,0.0,1,0
2016,PB,2508406,0.0,1.0,0.0,0.0,1,1
2012,PB,2508505,0.5548357242017584,0.03979639055992596,0.4053678852383156,0.0,1,0
2016,PB,2508505,0.5631590273294599,0.4368409726705401,0.0,0.0,1,1
2012,PB,2508604,0.0,0.9856299717731588,0.01437002822684116,0.0,1,0
2016,PB,2508604,0.28673873488172963,0.7132612651182704,0.0,0.0,1,1
2012,PB,2508703,0.0,1.0,0.0,0.0,1,0
2016,PB,2508703,0.0,1.0,0.0,0.0,1,1
2012,PB,2508802,0.09256878374903574,0.9074312162509642,0.0,0.0,0,0
2016,PB,2508802,0.34095834336624126,0.6590416566337587,0.0,0.0,0,0
2012,PB,2509008,0.41883116883116883,0.5811688311688312,0.0,0.0,0,0
2016,PB,2509008,0.5370509544566361,0.4629490455433639,0.0,0.0,0,0
2012,PB,2509057,0.0,1.0,0.0,0.0,0,0
2016,PB,2509057,0.0,1.0,0.0,0.0,0,0
2012,PB,2509107,0.0,1.0,0.0,0.0,0,0
2016,PB,2509107,0.49438731454588275,0.46416516210063585,0.04144752335348143,0.0,0,0
2012,PB,2509156,0.0,1.0,0.0,0.0,1,0
2016,PB,2509156,0.450329717081472,0.5496702829185279,0.0,0.0,1,1
2012,PB,2509339,0.4144144144144144,0.5855855855855856,0.0,0.0,1,0
2016,PB,2509339,0.5375036200405444,0.46249637995945553,0.0,0.0,1,1
2012,PB,2509370,0.5145307289185327,0.48546927108146737,0.0,0.0,0,0
2016,PB,2509370,0.3004963726613211,0.6995036273386789,0.0,0.0,0,0
2012,PB,2509396,0.44061302681992337,0.5593869731800766,0.0,0.0,1,0
2016,PB,2509396,0.0,1.0,0.0,0.0,1,1
2012,PB,2509404,0.5990594477269987,0.40094055227300135,0.0,0.0,0,0
2016,PB,2509404,0.9954824510598865,0.004517548940113518,0.0,0.0,0,0
2012,PB,2509503,0.4459858323494687,0.5540141676505312,0.0,0.0,1,0
2016,PB,2509503,0.5281954887218046,0.4718045112781955,0.0,0.0,1,1
2012,PB,2509602,0.45327569005653473,0.5467243099434652,0.0,0.0,0,0
2016,PB,2509602,0.0,1.0,0.0,0.0,0,0
2012,PB,2509701,0.0,1.0,0.0,0.0,1,0
2016,PB,2509701,0.0,1.0,0.0,0.0,1,1
2012,PB,2509800,0.0,1.0,0.0,0.0,0,0
2016,PB,2509800,0.0,1.0,0.0,0.0,0,0
2012,PB,2509909,1.0,0.0,0.0,0.0,0,0
2016,PB,2509909,0.42868869279704497,0.5713113072029551,0.0,0.0,0,0
2012,PB,2510006,0.0,1.0,0.0,0.0,1,0
2016,PB,2510006,0.5006708836496071,0.49932911635039295,0.0,0.0,1,1
2012,PB,2510105,0.9889013993887728,0.0,0.01109860061122728,0.0,0,0
2016,PB,2510105,0.0,1.0,0.0,0.0,0,0
2012,PB,2510303,0.6550643926209537,0.34493560737904627,0.0,0.0,0,0
2016,PB,2510303,0.44785690178872767,0.5521430982112724,0.0,0.0,0,0
2012,PB,2510501,0.4861299052774019,0.4996617050067659,0.014208389715832206,0.0,1,0
2016,PB,2510501,0.5226768157310498,0.4773231842689502,0.0,0.0,1,1
2012,PB,2510600,0.6785564414603441,0.3214435585396559,0.0,0.0,0,0
2016,PB,2510600,0.6578411405295316,0.3421588594704684,0.0,0.0,0,0
2012,PB,2510659,0.4517114914425428,0.5482885085574573,0.0,0.0,1,0
2016,PB,2510659,0.0,1.0,0.0,0.0,1,1
2012,PB,2510709,0.0,1.0,0.0,0.0,1,0
2016,PB,2510709,0.0,1.0,0.0,0.0,1,1
2012,PB,2510808,0.44302382846535593,0.5380725082395726,0.01890366329507141,0.0,1,0
2016,PB,2510808,0.0,0.9620892518481248,0.037910748151875215,0.0,1,1
2012,PB,2510907,0.4556898288016113,0.5443101711983888,0.0,0.0,1,0
2016,PB,2510907,0.5620437956204379,0.43795620437956206,0.0,0.0,1,1
2012,PB,2511004,0.0,1.0,0.0,0.0,1,0
2016,PB,2511004,0.6099003735990037,0.39009962640099627,0.0,0.0,1,1
2012,PB,2511103,0.42622637907997707,0.5340713876694025,0.03970223325062035,0.0,0,0
2016,PB,2511103,0.8741244746848109,0.1258755253151891,0.0,0.0,0,0
2012,PB,2511400,0.6267346360804305,0.37326536391956955,0.0,0.0,0,0
2016,PB,2511400,0.0,0.452130368358513,0.547869631641487,0.0,0,0
2012,PB,2511509,1.0,0.0,0.0,0.0,0,0
2016,PB,2511509,0.37782421313830483,0.5289277785033303,0.0932480083583649,0.0,0,0
2012,PB,2511608,0.3967760730238881,0.6032239269761118,0.0,0.0,1,0
2016,PB,2511608,0.0,1.0,0.0,0.0,1,1
2012,PB,2511707,0.48809225369766857,0.5119077463023314,0.0,0.0,1,0
2016,PB,2511707,0.0,1.0,0.0,0.0,1,1
2012,PB,2511806,0.46516739939127494,0.5348326006087251,0.0,0.0,0,0
2016,PB,2511806,0.0,1.0,0.0,0.0,0,0
2012,PB,2511905,0.6758628786100024,0.3241371213899977,0.0,0.0,0,0
2016,PB,2511905,0.6449018977163075,0.3550981022836925,0.0,0.0,0,0
2012,PB,2512002,0.5455244688010769,0.4544755311989232,0.0,0.0,0,0
2016,PB,2512002,0.0,1.0,0.0,0.0,0,0
2012,PB,2512036,0.0,1.0,0.0,0.0,0,0
2016,PB,2512036,0.0,1.0,0.0,0.0,0,0
2012,PB,2512077,0.5175307162121666,0.4824692837878334,0.0,0.0,0,0
2016,PB,2512077,0.5966029723991507,0.4033970276008493,0.0,0.0,0,0
2012,PB,2512101,0.0,0.4960899565550728,0.5039100434449272,0.0,1,0
2016,PB,2512101,0.0,0.5106169296987088,0.48938307030129125,0.0,1,1
2012,PB,2512200,0.48947879572677244,0.5105212042732276,0.0,0.0,0,0
2016,PB,2512200,0.0,0.996940960538391,0.0030590394616090547,0.0,0,0
2012,PB,2512309,0.0,0.575386766891006,0.42461323310899396,0.0,0,0
2016,PB,2512309,0.0,0.9692730452160879,0.030726954783912065,0.0,0,0
2012,PB,2512408,0.3233984241178486,0.40219253168893454,0.2744090441932169,0.0,0,0
2016,PB,2512408,0.40958844133099825,0.5904115586690017,0.0,0.0,0,0
2012,PB,2512507,0.9878606401489095,0.01213935985109052,0.0,0.0,0,0
2016,PB,2512507,0.4966496009637103,0.5033503990362898,0.0,0.0,0,0
2012,PB,2512606,0.30058177117000645,0.6994182288299935,0.0,0.0,1,0
2016,PB,2512606,0.3838782412626832,0.6161217587373168,0.0,0.0,1,1
2012,PB,2512705,0.4409694288012872,0.5590305711987128,0.0,0.0,1,0
2016,PB,2512705,0.4163901179941003,0.5836098820058997,0.0,0.0,1,1
2012,PB,2512721,0.0,1.0,0.0,0.0,1,0
2016,PB,2512721,0.0,1.0,0.0,0.0,1,1
2012,PB,2512747,0.0,1.0,0.0,0.0,0,0
2016,PB,2512747,0.0,1.0,0.0,0.0,0,0
2012,PB,2512754,0.0,1.0,0.0,0.0,0,0
2016,PB,2512754,0.4561891515994437,0.5438108484005564,0.0,0.0,0,0
2012,PB,2512762,0.0,1.0,0.0,0.0,0,0
2016,PB,2512762,0.4878389712049203,0.5121610287950796,0.0,0.0,0,0
2012,PB,2512788,0.492814371257485,0.5071856287425149,0.0,0.0,1,0
2016,PB,2512788,0.0,1.0,0.0,0.0,1,1
2012,PB,2512804,0.5648133050709278,0.43518669492907225,0.0,0.0,0,0
2016,PB,2512804,0.5433446049800185,0.45665539501998154,0.0,0.0,0,0
2012,PB,2512903,0.46785608964907105,0.5321439103509289,0.0,0.0,0,0
2016,PB,2512903,0.626624492883174,0.373375507116826,0.0,0.0,0,0
2012,PB,2513000,0.4129881154499151,0.5870118845500849,0.0,0.0,1,0
2016,PB,2513000,0.0,1.0,0.0,0.0,1,1
2012,PB,2513109,0.6535391861834359,0.3464608138165642,0.0,0.0,0,0
2016,PB,2513109,1.0,0.0,0.0,0.0,0,0
2012,PB,2513158,0.0,1.0,0.0,0.0,0,0
2016,PB,2513158,0.5242624223602484,0.47573757763975155,0.0,0.0,0,0
2012,PB,2513208,0.0,0.3796015591165007,0.6203984408834994,0.0,1,0
2016,PB,2513208,0.3655846858094049,0.634415314190595,0.0,0.0,1,1
2012,PB,2513307,0.5109780439121756,0.48902195608782434,0.0,0.0,0,0
2016,PB,2513307,0.5497578159401145,0.45024218405988553,0.0,0.0,0,0
2012,PB,2513356,0.0,1.0,0.0,0.0,0,0
2016,PB,2513356,0.2864583333333333,0.7135416666666666,0.0,0.0,0,0
2012,PB,2513406,0.5674853537629563,0.4325146462370437,0.0,0.0,1,0
2016,PB,2513406,0.426696305705515,0.5245051339049434,0.048798560389541654,0.0,1,1
2012,PB,2513505,0.0,1.0,0.0,0.0,0,0
2016,PB,2513505,0.0,0.5232862375719518,0.47671376242804814,0.0,0,0
2012,PB,2513653,0.21339950372208435,0.7866004962779156,0.0,0.0,0,0
2016,PB,2513653,0.0,1.0,0.0,0.0,0,0
2012,PB,2513703,0.5151951496779082,0.3973929518757105,0.08741189844638121,0.0,1,0
2016,PB,2513703,0.0009347592994803838,0.9351167074478322,0.06394853325268743,0.0,1,1
2012,PB,2513802,0.7239715591670899,0.2760284408329101,0.0,0.0,1,0
2016,PB,2513802,0.0,1.0,0.0,0.0,1,1
2012,PB,2513851,0.4496964440589766,0.5503035559410234,0.0,0.0,1,0
2016,PB,2513851,0.4017447199265381,0.5982552800734618,0.0,0.0,1,1
2012,PB,2513901,0.5811310164179803,0.41886898358201974,0.0,0.0,0,0
2016,PB,2513901,0.5010481245261139,0.4989518754738861,0.0,0.0,0,0
2012,PB,2513927,0.47968855788761,0.52031144211239,0.0,0.0,1,0
2016,PB,2513927,0.4522944866292506,0.5477055133707495,0.0,0.0,1,1
2012,PB,2513943,0.0,1.0,0.0,0.0,1,0
2016,PB,2513943,0.0,1.0,0.0,0.0,1,1
2012,PB,2513968,0.0,1.0,0.0,0.0,1,0
2016,PB,2513968,0.559437751004016,0.44056224899598395,0.0,0.0,1,1
2012,PB,2513984,0.0,1.0,0.0,0.0,1,0
2016,PB,2513984,0.0,1.0,0.0,0.0,1,1
2012,PB,2514008,0.46001202645820805,0.539987973541792,0.0,0.0,1,0
2016,PB,2514008,0.5440023235550392,0.4559976764449608,0.0,0.0,1,1
2012,PB,2514107,0.54341164453524,0.45658835546475995,0.0,0.0,1,0
2016,PB,2514107,0.2668377164849262,0.7331622835150737,0.0,0.0,1,1
2012,PB,2514206,0.5730584467574059,0.4269415532425941,0.0,0.0,1,0
2016,PB,2514206,0.5087623220153341,0.49123767798466594,0.0,0.0,1,1
2012,PB,2514305,0.0,1.0,0.0,0.0,1,0
2016,PB,2514305,0.5121822033898306,0.4878177966101695,0.0,0.0,1,1
2012,PB,2514404,0.0,1.0,0.0,0.0,1,0
2016,PB,2514404,0.0,1.0,0.0,0.0,1,1
2012,PB,2514453,0.44612575006522304,0.553874249934777,0.0,0.0,0,0
2016,PB,2514453,0.0,1.0,0.0,0.0,0,0
2012,PB,2514503,0.41725789286981196,0.582742107130188,0.0,0.0,0,0
2016,PB,2514503,0.4608732157850546,0.5391267842149454,0.0,0.0,0,0
2012,PB,2514552,0.0,0.9340263894442223,0.06597361055577769,0.0,0,0
2016,PB,2514552,0.2617801047120419,0.7382198952879581,0.0,0.0,0,0
2012,PB,2514602,0.0,1.0,0.0,0.0,1,0
2016,PB,2514602,0.0,0.9729458917835672,0.027054108216432865,0.0,1,1
2012,PB,2514651,0.42773817239144524,0.5722618276085548,0.0,0.0,0,0
2016,PB,2514651,0.5246913580246914,0.47530864197530864,0.0,0.0,0,0
2012,PB,2514701,0.0,1.0,0.0,0.0,1,0
2016,PB,2514701,1.0,0.0,0.0,0.0,1,1
2012,PB,2514800,0.0,1.0,0.0,0.0,1,0
2016,PB,2514800,0.0,0.9064,0.0936,0.0,1,1
2012,PB,2514909,0.5257462686567164,0.4742537313432836,0.0,0.0,1,0
2016,PB,2514909,1.0,0.0,0.0,0.0,1,1
2012,PB,2515005,0.009188704616763783,0.5210667861945316,0.46974450918870464,0.0,0,0
2016,PB,2515005,0.0,1.0,0.0,0.0,0,0
2012,PB,2515104,0.013531598513011153,0.9864684014869889,0.0,0.0,1,0
2016,PB,2515104,0.11265213699405605,0.8873478630059439,0.0,0.0,1,1
2012,PB,2515203,0.5763327948303716,0.4236672051696284,0.0,0.0,1,0
2016,PB,2515203,1.0,0.0,0.0,0.0,1,1
2012,PB,2515302,0.1555660155330666,0.8188201145367537,0.02561386993017965,0.0,0,0
2016,PB,2515302,0.15480723465016658,0.8451927653498335,0.0,0.0,0,0
2012,PB,2515401,0.5196374622356495,0.48036253776435045,0.0,0.0,1,0
2016,PB,2515401,0.0,1.0,0.0,0.0,1,1
2012,PB,2515500,0.0,0.6813086548488009,0.3186913451511992,0.0,1,0
2016,PB,2515500,0.193004064539968,0.45054809705628773,0.3564478384037443,0.0,1,1
2012,PB,2515708,0.0,1.0,0.0,0.0,1,0
2016,PB,2515708,0.0,1.0,0.0,0.0,1,1
2012,PB,2515807,0.48013923013923016,0.5198607698607699,0.0,0.0,0,0
2016,PB,2515807,1.0,0.0,0.0,0.0,0,0
2012,PB,2515906,0.0,1.0,0.0,0.0,0,0
2016,PB,2515906,0.5304446332483715,0.46955536675162846,0.0,0.0,0,0
2012,PB,2515930,0.3067446874037573,0.6932553125962427,0.0,0.0,0,0
2016,PB,2515930,0.6370991043051142,0.36290089569488587,0.0,0.0,0,0
2012,PB,2515971,0.0,1.0,0.0,0.0,0,0
2016,PB,2515971,0.3827382020455769,0.6172617979544232,0.0,0.0,0,0
2012,PB,2516003,0.0,1.0,0.0,0.0,0,0
2016,PB,2516003,0.9897388673288167,0.0,0.01026113267118332,0.0,0,0
2012,PB,2516102,0.0,0.49727488151658766,0.5027251184834123,0.0,1,0
2016,PB,2516102,0.47303383762559187,0.4507448897101282,0.07622127266427994,0.0,1,1
2012,PB,2516151,1.0,0.0,0.0,0.0,0,0
2016,PB,2516151,0.0,1.0,0.0,0.0,0,0
2012,PB,2516201,0.4869675607055074,0.5072522486022203,0.0057801906922723715,0.0,1,0
2016,PB,2516201,0.0,1.0,0.0,0.0,1,1
2012,PB,2516300,0.0,1.0,0.0,0.0,1,0
2016,PB,2516300,0.4853103379123634,0.5146896620876367,0.0,0.0,1,1
2012,PB,2516409,0.0,1.0,0.0,0.0,0,0
2016,PB,2516409,0.4990916597853014,0.5009083402146985,0.0,0.0,0,0
2012,PB,2516508,0.0,1.0,0.0,0.0,1,0
2016,PB,2516508,0.0,1.0,0.0,0.0,1,1
2012,PB,2516607,0.0,0.9954215948111408,0.004578405188859214,0.0,0,0
2016,PB,2516607,0.0,1.0,0.0,0.0,0,0
2012,PB,2516706,0.010921004732435385,0.9890789952675646,0.0,0.0,1,0
2016,PB,2516706,0.0,1.0,0.0,0.0,1,1
2012,PB,2516755,0.44549315714959886,0.5545068428504011,0.0,0.0,1,0
2016,PB,2516755,0.0,1.0,0.0,0.0,1,1
2012,PB,2516805,0.41424310216256527,0.5857568978374348,0.0,0.0,0,0
2016,PB,2516805,0.005004468275245755,0.9949955317247542,0.0,0.0,0,0
2012,PB,2516904,0.46967727961880007,0.5303227203811999,0.0,0.0,0,0
2016,PB,2516904,0.4326798793623438,0.5673201206376561,0.0,0.0,0,0
2012,PB,2517001,0.6587362009897221,0.34126379901027787,0.0,0.0,0,0
2016,PB,2517001,0.0,1.0,0.0,0.0,0,0
2012,PB,2517100,0.5715604801477377,0.42843951985226225,0.0,0.0,1,0
2016,PB,2517100,0.6066907775768535,0.3933092224231465,0.0,0.0,1,1
2012,PB,2517209,0.0,1.0,0.0,0.0,1,0
2016,PB,2517209,0.8224619911721432,0.17753800882785678,0.0,0.0,1,1
2012,PB,2517407,0.5491017964071856,0.0,0.45089820359281435,0.0,1,0
2016,PB,2517407,0.0,1.0,0.0,0.0,1,1
2012,PE,2600054,0.0,0.31652944048761594,0.683470559512384,0.0,0,0
2016,PE,2600054,0.0,1.0,0.0,0.0,0,0
2012,PE,2600203,0.4501378676470588,0.5498621323529411,0.0,0.0,0,0
2016,PE,2600203,0.0,1.0,0.0,0.0,0,0
2012,PE,2600302,0.0,0.5124650133437479,0.48753498665625206,0.0,0,0
2016,PE,2600302,0.0,0.9947280282825777,0.005271971717422316,0.0,0,0
2012,PE,2600401,0.0,1.0,0.0,0.0,0,0
2016,PE,2600401,0.16067929457870672,0.8393207054212932,0.0,0.0,0,0
2012,PE,2600500,0.0,0.43309198176454816,0.5669080182354519,0.0,0,0
2016,PE,2600500,0.0,0.46110586223961847,0.5388941377603815,0.0,0,0
2012,PE,2600609,0.31011460999221097,0.671636808723712,0.018248581284077,0.0,0,0
2016,PE,2600609,0.0,1.0,0.0,0.0,0,0
2012,PE,2600906,0.4032210182573846,0.29189550244916135,0.30488347929345405,0.0,1,0
2016,PE,2600906,0.5703005044966001,0.42969949550339986,0.0,0.0,1,1
2012,PE,2601003,0.6575254073237619,0.2868204549120826,0.05565413776415551,0.0,0,0
2016,PE,2601003,0.47807486631016044,0.5219251336898396,0.0,0.0,0,0
2012,PE,2601052,0.0,1.0,0.0,0.0,1,0
2016,PE,2601052,0.4874007860060106,0.5125992139939893,0.0,0.0,1,1
2012,PE,2601508,0.48526912181303117,0.5147308781869688,0.0,0.0,0,0
2016,PE,2601508,0.0,1.0,0.0,0.0,0,0
2012,PE,2601607,0.0,0.5700592965640484,0.4299407034359516,0.0,0,0
2016,PE,2601607,0.5877439563087302,0.4122560436912698,0.0,0.0,0,0
2012,PE,2601706,0.6938707209791547,0.3061292790208453,0.0,0.0,0,0
2016,PE,2601706,0.011303692539562924,0.9886963074604371,0.0,0.0,0,0
2012,PE,2601805,0.9661436829066887,0.033856317093311314,0.0,0.0,0,0
2016,PE,2601805,0.0,1.0,0.0,0.0,0,0
2012,PE,2601904,0.22119761876969768,0.6814520835765145,0.09735029765378779,0.0,1,0
2016,PE,2601904,0.0,1.0,0.0,0.0,1,1
2012,PE,2602001,0.4945584577114428,0.5054415422885572,0.0,0.0,0,0
2016,PE,2602001,0.5206509911529545,0.47934900884704545,0.0,0.0,0,0
2012,PE,2602100,0.0,0.8795306843459676,0.12046931565403236,0.0,0,0
2016,PE,2602100,0.0,1.0,0.0,0.0,0,0
2012,PE,2602209,0.5726526240628347,0.4273473759371653,0.0,0.0,1,0
2016,PE,2602209,0.9688888888888889,0.026243386243386242,0.004867724867724868,0.0,1,1
2012,PE,2602308,0.43473229783256934,0.5652677021674307,0.0,0.0,1,0
2016,PE,2602308,0.0,1.0,0.0,0.0,1,1
2012,PE,2602407,0.0,1.0,0.0,0.0,1,0
2016,PE,2602407,0.0,1.0,0.0,0.0,1,1
2012,PE,2602506,0.3505747126436782,0.6494252873563219,0.0,0.0,0,0
2016,PE,2602506,0.0,1.0,0.0,0.0,0,0
2012,PE,2602605,0.21897375969404015,0.7810262403059598,0.0,0.0,0,0
2016,PE,2602605,0.5253768946320452,0.4746231053679548,0.0,0.0,0,0
2012,PE,2602704,0.4515295131408876,0.5484704868591125,0.0,0.0,0,0
2016,PE,2602704,0.5143433914152146,0.4856566085847854,0.0,0.0,0,0
2012,PE,2602803,0.5557532141990782,0.41145791218565536,0.03278887361526644,0.0,0,0
2016,PE,2602803,0.0,0.9842568778738991,0.01574312212610085,0.0,0,0
2012,PE,2602902,0.0,0.990016981423352,0.00998301857664797,0.0,0,0
2016,PE,2602902,0.0,0.9203356383596173,0.07966436164038274,0.0,0,0
2012,PE,2603009,0.3166331546023235,0.6833668453976764,0.0,0.0,0,0
2016,PE,2603009,0.0,1.0,0.0,0.0,0,0
2012,PE,2603207,0.0,1.0,0.0,0.0,0,0
2016,PE,2603207,0.0,1.0,0.0,0.0,0,0
2012,PE,2603405,0.0,0.5074035453597497,0.49259645464025026,0.0,0,0
2016,PE,2603405,0.017475728155339806,0.43320388349514566,0.5493203883495146,0.0,0,0
2012,PE,2603454,0.0,0.8891030510550006,0.11089694894499938,0.0,0,0
2016,PE,2603454,0.0,0.9826827604056375,0.017317239594362484,0.0,0,0
2012,PE,2603504,0.0,1.0,0.0,0.0,1,0
2016,PE,2603504,0.5125909813435957,0.48740901865640424,0.0,0.0,1,1
2012,PE,2603801,0.5158236170772332,0.4841763829227667,0.0,0.0,0,0
2016,PE,2603801,0.4728498861446838,0.5271501138553162,0.0,0.0,0,0
2012,PE,2603926,0.0,1.0,0.0,0.0,0,0
2016,PE,2603926,0.5583856710862991,0.44161432891370084,0.0,0.0,0,0
2012,PE,2604007,0.005660422044857069,0.9943395779551429,0.0,0.0,0,0
2016,PE,2604007,0.002807907429632481,0.9928443649373881,0.004347727632979325,0.0,0,0
2012,PE,2604155,0.0032399907428835918,0.9967600092571164,0.0,0.0,0,0
2016,PE,2604155,0.4413675577803813,0.5231654063265524,0.03546703589306635,0.0,0,0
2012,PE,2604304,0.0,1.0,0.0,0.0,0,0
2016,PE,2604304,0.5585035818519501,0.4414964181480499,0.0,0.0,0,0
2012,PE,2604502,1.0,0.0,0.0,0.0,0,0
2016,PE,2604502,0.6158301158301158,0.3841698841698842,0.0,0.0,0,0
2012,PE,2604601,0.007679003804911795,0.9878934624697336,0.004427533725354549,0.0,0,0
2016,PE,2604601,0.0,0.9689023586770326,0.031097641322967454,0.0,0,0
2012,PE,2604700,0.4999458933015907,0.5000541066984092,0.0,0.0,0,0
2016,PE,2604700,0.4743341157260945,0.5256658842739055,0.0,0.0,0,0
2012,PE,2604809,0.0,1.0,0.0,0.0,0,0
2016,PE,2604809,0.0,1.0,0.0,0.0,0,0
2012,PE,2604908,0.5184462725807819,0.48155372741921804,0.0,0.0,0,0
2016,PE,2604908,1.0,0.0,0.0,0.0,0,0
2012,PE,2605152,0.0,1.0,0.0,0.0,0,0
2016,PE,2605152,0.0,1.0,0.0,0.0,0,0
2012,PE,2605301,0.009291751099688628,0.9907082489003114,0.0,0.0,0,0
2016,PE,2605301,0.600269429089051,0.39973057091094905,0.0,0.0,0,0
2012,PE,2605400,0.0,0.5175902506323292,0.4824097493676707,0.0,0,0
2016,PE,2605400,0.5264318698738714,0.4735681301261286,0.0,0.0,0,0
2012,PE,2605608,0.5832737669764118,0.4167262330235883,0.0,0.0,0,0
2016,PE,2605608,0.4787673806839534,0.5212326193160466,0.0,0.0,0,0
2012,PE,2605707,0.0,0.9959807529012171,0.004019247098782904,0.0,0,0
2016,PE,2605707,0.9390607226044093,0.0,0.060939277395590706,0.0,0,0
2012,PE,2605806,0.542942942942943,0.45705705705705707,0.0,0.0,0,0
2016,PE,2605806,0.541693963500234,0.45830603649976603,0.0,0.0,0,0
2012,PE,2605905,0.008419739611756452,0.9687378186637562,0.02284244172448741,0.0,0,0
2016,PE,2605905,0.19193918758413175,0.7568295193602027,0.05123129305566553,0.0,0,0
2012,PE,2606101,0.0,1.0,0.0,0.0,1,0
2016,PE,2606101,0.6211650143720303,0.37883498562796974,0.0,0.0,1,1
2012,PE,2606309,0.0,0.5083809899428121,0.49161901005718794,0.0,0,0
2016,PE,2606309,0.0,0.44983582634075153,0.5501641736592484,0.0,0,0
2012,PE,2606408,0.02752886438049285,0.9724711356195072,0.0,0.0,0,0
2016,PE,2606408,0.08170318205529473,0.9146018083811511,0.0036950095635541647,0.0,0,0
2012,PE,2606507,0.453027758569594,0.546972241430406,0.0,0.0,0,0
2016,PE,2606507,0.47727484834344375,0.5227251516565562,0.0,0.0,0,0
2012,PE,2606606,1.0,0.0,0.0,0.0,0,0
2016,PE,2606606,1.0,0.0,0.0,0.0,0,0
2012,PE,2606903,0.5668503480278422,0.43314965197215777,0.0,0.0,1,0
2016,PE,2606903,0.0,1.0,0.0,0.0,1,1
2012,PE,2607000,0.0,1.0,0.0,0.0,0,0
2016,PE,2607000,0.5050167224080268,0.49020544672718586,0.004777830864787387,0.0,0,0
2012,PE,2607109,0.0,1.0,0.0,0.0,1,0
2016,PE,2607109,0.0,1.0,0.0,0.0,1,1
2012,PE,2607307,0.9780262392554773,0.021973760744522716,0.0,0.0,0,0
2016,PE,2607307,0.0,1.0,0.0,0.0,0,0
2012,PE,2607406,0.0,1.0,0.0,0.0,0,0
2016,PE,2607406,0.0,1.0,0.0,0.0,0,0
2012,PE,2607703,0.0,1.0,0.0,0.0,0,0
2016,PE,2607703,0.0,1.0,0.0,0.0,0,0
2012,PE,2607802,0.5070084839542605,0.4929915160457396,0.0,0.0,0,0
2016,PE,2607802,0.986198243412798,0.013801756587202008,0.0,0.0,0,0
2012,PE,2607901,0.36581828170221886,0.629301104084039,0.0048806142137420945,0.0,0,0
2016,PE,2607901,0.47717572610183484,0.5046412050968996,0.018183068801265627,0.0,0,0
2012,PE,2607950,0.0,0.4642172052530618,0.5357827947469381,0.0,0,0
2016,PE,2607950,0.4697010503635874,0.0,0.5302989496364126,0.0,0,0
2012,PE,2608008,0.0,1.0,0.0,0.0,0,0
2016,PE,2608008,0.03301024140453548,0.9669897585954645,0.0,0.0,0,0
2012,PE,2608057,0.0,0.42687116564417177,0.5731288343558282,0.0,1,0
2016,PE,2608057,0.29254093389933294,0.6960582171012735,0.011400848999393571,0.0,1,1
2012,PE,2608107,0.0,1.0,0.0,0.0,0,0
2016,PE,2608107,0.537295103849645,0.46270489615035504,0.0,0.0,0,0
2012,PE,2608206,0.4811060814800236,0.5188939185199763,0.0,0.0,0,0
2016,PE,2608206,0.0,1.0,0.0,0.0,0,0
2012,PE,2608255,0.0,1.0,0.0,0.0,1,0
2016,PE,2608255,0.0,1.0,0.0,0.0,1,1
2012,PE,2608305,0.34738521134784095,0.652614788652159,0.0,0.0,1,0
2016,PE,2608305,0.5931874528403579,0.4068125471596421,0.0,0.0,1,1
2012,PE,2608453,0.001868634962160142,0.9981313650378398,0.0,0.0,0,0
2016,PE,2608453,0.0,1.0,0.0,0.0,0,0
2012,PE,2608503,0.003544842254519674,0.9964551577454803,0.0,0.0,0,0
2016,PE,2608503,0.02927880937478267,0.9707211906252173,0.0,0.0,0,0
2012,PE,2608602,0.0,1.0,0.0,0.0,0,0
2016,PE,2608602,0.4184432325235498,0.5815567674764501,0.0,0.0,0,0
2012,PE,2608701,0.0,1.0,0.0,0.0,0,0
2016,PE,2608701,0.0,1.0,0.0,0.0,0,0
2012,PE,2608750,0.4176669302091569,0.5823330697908431,0.0,0.0,0,0
2016,PE,2608750,0.0,0.9854101221640489,0.014589877835951134,0.0,0,0
2012,PE,2608800,0.5751871172601497,0.4248128827398503,0.0,0.0,1,0
2016,PE,2608800,0.5504682622268471,0.449531737773153,0.0,0.0,1,1
2012,PE,2608909,0.04333254241309764,0.9566674575869024,0.0,0.0,1,0
2016,PE,2608909,0.0,1.0,0.0,0.0,1,1
2012,PE,2609105,0.49369346413555865,0.0,0.5063065358644413,0.0,0,0
2016,PE,2609105,0.0,1.0,0.0,0.0,0,0
2012,PE,2609154,0.0,1.0,0.0,0.0,0,0
2016,PE,2609154,0.3458207016024253,0.6541792983975747,0.0,0.0,0,0
2012,PE,2609204,0.48350398179749715,0.5164960182025028,0.0,0.0,0,0
2016,PE,2609204,0.0,1.0,0.0,0.0,0,0
2012,PE,2609303,0.6047885244172556,0.39521147558274444,0.0,0.0,0,0
2016,PE,2609303,0.9673880818262675,0.0,0.03261191817373258,0.0,0,0
2012,PE,2609501,0.0,1.0,0.0,0.0,1,0
2016,PE,2609501,0.2761246368099389,0.7238753631900611,0.0,0.0,1,1
2012,PE,2609600,0.09116776802446,0.40436926718611305,0.504462964789427,0.0,1,0
2016,PE,2609600,0.0,0.7627290883754156,0.23727091162458433,0.0,1,1
2012,PE,2609709,0.5959154929577465,0.4040845070422535,0.0,0.0,0,0
2016,PE,2609709,0.5753763662610848,0.42462363373891526,0.0,0.0,0,0
2012,PE,2609808,0.3767253955784985,0.0,0.6232746044215015,0.0,0,0
2016,PE,2609808,0.15257219749508333,0.3119759859227823,0.5354518165821344,0.0,0,0
2012,PE,2609907,0.0055411672589291095,0.9928928506896344,0.0015659820514364873,0.0,0,0
2016,PE,2609907,0.32331747885278117,0.6766825211472188,0.0,0.0,0,0
2012,PE,2610103,0.0,1.0,0.0,0.0,0,0
2016,PE,2610103,0.0,1.0,0.0,0.0,0,0
2012,PE,2610202,0.0,1.0,0.0,0.0,0,0
2016,PE,2610202,0.38781943792340196,0.612180562076598,0.0,0.0,0,0
2012,PE,2610301,0.0,0.6476618452464542,0.35233815475354585,0.0,1,0
2016,PE,2610301,0.0,1.0,0.0,0.0,1,1
2012,PE,2610400,0.9868899180619879,0.0,0.013110081938012113,0.0,0,0
2016,PE,2610400,0.0,1.0,0.0,0.0,0,0
2012,PE,2610509,0.4797349360456157,0.5202650639543843,0.0,0.0,1,0
2016,PE,2610509,1.0,0.0,0.0,0.0,1,1
2012,PE,2610608,0.04981397271599835,0.9501860272840017,0.0,0.0,0,0
2016,PE,2610608,0.6142368666459435,0.3857631333540566,0.0,0.0,0,0
2012,PE,2610707,0.09381957249197569,0.5544287372806119,0.35175169022741243,0.0,1,0
2016,PE,2610707,0.038193654764612235,0.9482886058676371,0.013517739367750739,0.0,1,1
2012,PE,2610806,0.48929708910451075,0.5107029108954892,0.0,0.0,0,0
2016,PE,2610806,0.0,1.0,0.0,0.0,0,0
2012,PE,2610905,0.5288058103533089,0.4711941896466912,0.0,0.0,0,0
2016,PE,2610905,0.7945205479452054,0.16566156795399178,0.039817884100802746,0.0,0,0
2012,PE,2611101,0.0,0.7777204600906239,0.2222795399093761,0.0,1,0
2016,PE,2611101,0.0,0.735317506124386,0.26468249387561404,0.0,1,1
2012,PE,2611200,0.36216068749147456,0.6378393125085254,0.0,0.0,0,0
2016,PE,2611200,0.021505376344086023,0.978494623655914,0.0,0.0,0,0
2012,PE,2611408,0.9858619159322893,0.014138084067710645,0.0,0.0,0,0
2016,PE,2611408,0.2504623208506704,0.7495376791493297,0.0,0.0,0,0
2012,PE,2611507,0.47444287962886256,0.5255571203711374,0.0,0.0,0,0
2016,PE,2611507,0.4703776041666667,0.5296223958333334,0.0,0.0,0,0
2012,PE,2611533,0.7445008460236887,0.25549915397631134,0.0,0.0,1,0
2016,PE,2611533,0.5704752275025278,0.4295247724974722,0.0,0.0,1,1
2012,PE,2611705,0.0,1.0,0.0,0.0,0,0
2016,PE,2611705,0.0,1.0,0.0,0.0,0,0
2012,PE,2611804,0.5263271751827976,0.4604335222601999,0.013239302557002553,0.0,0,0
2016,PE,2611804,0.0878914963861872,0.8548228785580441,0.057285625055768716,0.0,0,0
2012,PE,2612000,0.0,0.6051378584874322,0.3948621415125678,0.0,0,0
2016,PE,2612000,0.0,1.0,0.0,0.0,0,0
2012,PE,2612109,0.5480936713760403,0.45190632862395974,0.0,0.0,0,0
2016,PE,2612109,0.43725207356653445,0.5627479264334656,0.0,0.0,0,0
2012,PE,2612307,0.0,1.0,0.0,0.0,0,0
2016,PE,2612307,0.010094360324775072,0.9899056396752249,0.0,0.0,0,0
2012,PE,2612455,1.0,0.0,0.0,0.0,0,0
2016,PE,2612455,0.6354269428915926,0.3645730571084073,0.0,0.0,0,0
2012,PE,2612471,0.0,1.0,0.0,0.0,0,0
2016,PE,2612471,0.46336785577291906,0.5366321442270809,0.0,0.0,0,0
2012,PE,2612505,0.0,1.0,0.0,0.0,1,0
2016,PE,2612505,0.0,0.9949193530494975,0.005080646950502518,0.0,1,1
2012,PE,2612554,0.40740291262135925,0.5671116504854369,0.025485436893203883,0.0,0,0
2016,PE,2612554,1.0,0.0,0.0,0.0,0,0
2012,PE,2612604,0.3834608593290171,0.6165391406709829,0.0,0.0,0,0
2016,PE,2612604,0.2304424778761062,0.7695575221238938,0.0,0.0,0,0
2012,PE,2612703,0.0,1.0,0.0,0.0,1,0
2016,PE,2612703,0.0,1.0,0.0,0.0,1,1
2012,PE,2612802,0.0,1.0,0.0,0.0,0,0
2016,PE,2612802,0.6807277411044921,0.319272258895508,0.0,0.0,0,0
2012,PE,2612901,0.5316067473164082,0.4683932526835918,0.0,0.0,0,0
2016,PE,2612901,0.5741279069767442,0.4258720930232558,0.0,0.0,0,0
2012,PE,2613008,0.39956478733926803,0.600435212660732,0.0,0.0,0,0
2016,PE,2613008,0.006038553843771773,0.9939614461562283,0.0,0.0,0,0
2012,PE,2613206,0.5054901017872886,0.4945098982127114,0.0,0.0,0,0
2016,PE,2613206,0.5226660682226212,0.4773339317773788,0.0,0.0,0,0
2012,PE,2613503,0.47425429095150806,0.4712547908681886,0.054490918180303285,0.0,0,0
2016,PE,2613503,0.616800354313272,0.38319964568672804,0.0,0.0,0,0
2012,PE,2613602,0.0,0.474048823400044,0.525951176599956,0.0,0,0
2016,PE,2613602,0.0,0.5113061268439755,0.4886938731560245,0.0,0,0
2012,PE,2613701,0.07646696577812967,0.907592152722794,0.015940881499076274,0.0,0,0
2016,PE,2613701,0.03232933684244728,0.9633655002111967,0.004305162946356045,0.0,0,0
2012,PE,2614006,0.686337395766517,0.0,0.313662604233483,0.0,0,0
2016,PE,2614006,0.5110688914587808,0.48893110854121924,0.0,0.0,0,0
2012,PE,2614105,0.0,1.0,0.0,0.0,0,0
2016,PE,2614105,0.0,0.9804307208181728,0.01956927918182712,0.0,0,0
2012,PE,2614402,0.38482384823848237,0.6151761517615176,0.0,0.0,1,0
2016,PE,2614402,0.48715132879420164,0.5128486712057984,0.0,0.0,1,1
2012,PE,2614501,0.01909917581582069,0.4550348225418935,0.5258660016422858,0.0,0,0
2016,PE,2614501,0.0259265555933356,0.515357588121954,0.4587158562847104,0.0,0,0
2012,PE,2614808,0.43773062730627305,0.5622693726937269,0.0,0.0,1,0
2016,PE,2614808,0.0,1.0,0.0,0.0,1,1
2012,PE,2615003,0.0,0.5716287661634499,0.4283712338365501,0.0,0,0
2016,PE,2615003,0.9722664381045671,0.02773356189543284,0.0,0.0,0,0
2012,PE,2615102,1.0,0.0,0.0,0.0,0,0
2016,PE,2615102,0.4500825082508251,0.5499174917491749,0.0,0.0,0,0
2012,PE,2615201,0.6270646189510287,0.37293538104897134,0.0,0.0,0,0
2016,PE,2615201,0.7319772659288064,0.26802273407119354,0.0,0.0,0,0
2012,PE,2615409,0.3816215722954784,0.6183784277045216,0.0,0.0,0,0
2016,PE,2615409,0.0,1.0,0.0,0.0,0,0
2012,PE,2615607,0.5769993390614673,0.4230006609385327,0.0,0.0,0,0
2016,PE,2615607,0.48447488584474885,0.5155251141552512,0.0,0.0,0,0
2012,PE,2615706,0.6252331321996709,0.0,0.37476686780032914,0.0,0,0
2016,PE,2615706,0.8042289464090412,0.1957710535909588,0.0,0.0,0,0
2012,PE,2615805,0.48941238750661725,0.0,0.5105876124933827,0.0,0,0
2016,PE,2615805,0.5044778641432917,0.48774923960797567,0.00777289624873268,0.0,0,0
2012,PE,2615904,0.5158138764696142,0.4841861235303858,0.0,0.0,0,0
2016,PE,2615904,0.4790365744870651,0.5209634255129348,0.0,0.0,0,0
2012,PE,2616001,1.0,0.0,0.0,0.0,0,0
2016,PE,2616001,0.6793215659205206,0.3206784340794793,0.0,0.0,0,0
2012,PE,2616100,0.4857657068062827,0.49574607329842935,0.01848821989528796,0.0,0,0
2016,PE,2616100,0.0,1.0,0.0,0.0,0,0
2012,PE,2616183,0.4186547382372432,0.0,0.5813452617627568,0.0,0,0
2016,PE,2616183,0.030796517252499194,0.5054821025475653,0.46372138019993553,0.0,0,0
2012,PE,2616209,0.0,1.0,0.0,0.0,0,0
2016,PE,2616209,0.44481553398058254,0.5551844660194175,0.0,0.0,0,0
2012,PE,2616407,0.5090137308951612,0.4660351231380466,0.0249511459667922,0.0,1,0
2016,PE,2616407,0.5759448102525166,0.42405518974748335,0.0,0.0,1,1
2012,PE,2616506,0.0,0.5497612926918839,0.45023870730811605,0.0,0,0
2016,PE,2616506,0.0,1.0,0.0,0.0,0,0
2012,BA,2900207,0.0,0.5053730738037308,0.49462692619626925,0.0,0,0
2016,BA,2900207,0.0,0.48923879623590794,0.5107612037640921,0.0,0,0
2012,BA,2900504,0.0,0.4717579250720461,0.5282420749279539,0.0,0,0
2016,BA,2900504,1.0,0.0,0.0,0.0,0,0
2012,BA,2900603,0.5225487343613616,0.0,0.4774512656386383,0.0,1,0
2016,BA,2900603,1.0,0.0,0.0,0.0,1,1
2012,BA,2900702,0.0728811768745213,0.6108866175421915,0.31623220558328713,0.0,1,0
2016,BA,2900702,0.3693306839852241,0.4084441303159214,0.22222518569885447,0.0,1,1
2012,BA,2902054,0.0,0.3586698337292161,0.6413301662707839,0.0,1,0
2016,BA,2902054,0.0,0.5606906400103856,0.43930935998961446,0.0,1,1
2012,BA,2902203,0.03663380903339709,0.9633661909666029,0.0,0.0,1,0
2016,BA,2902203,0.4765764528094518,0.5234235471905482,0.0,0.0,1,1
2012,BA,2902609,0.0,0.4896357060950869,0.5103642939049131,0.0,0,0
2016,BA,2902609,0.3438825725436959,0.5180722891566265,0.13804513829967757,0.0,0,0
2012,BA,2902807,0.48815602836879435,0.5118439716312057,0.0,0.0,0,0
2016,BA,2902807,0.4380257992148065,0.5619742007851934,0.0,0.0,0,0
2012,BA,2903235,0.5433060641475133,0.0,0.4566939358524867,0.0,0,0
2016,BA,2903235,0.0,1.0,0.0,0.0,0,0
2012,BA,2903300,0.045910493827160496,0.04938271604938271,0.9047067901234568,0.0,0,0
2016,BA,2903300,0.015638207945900255,0.5262045646661031,0.45815722738799664,0.0,0,0
2012,BA,2903409,0.8075042233484485,0.19249577665155151,0.0,0.0,0,0
2016,BA,2903409,0.7667987452534258,0.23320125474657422,0.0,0.0,0,0
2012,BA,2904050,1.0,0.0,0.0,0.0,0,0
2016,BA,2904050,0.5071242849713988,0.49287571502860117,0.0,0.0,0,0
2012,BA,2904506,0.5066704513198979,0.0,0.4933295486801022,0.0,0,0
2016,BA,2904506,0.4721569711206301,0.0,0.52784302887937,0.0,0,0
2012,BA,2904803,0.0,1.0,0.0,0.0,0,0
2016,BA,2904803,0.629585997980478,0.37041400201952207,0.0,0.0,0,0
2012,BA,2905503,0.0,0.41694452864504394,0.5830554713549561,0.0,0,0
2016,BA,2905503,0.0,0.508298755186722,0.491701244813278,0.0,0,0
2012,BA,2905800,0.6719660141023956,0.322909823501073,0.005124162396531336,0.0,0,0
2016,BA,2905800,0.43940744383317454,0.2867504686971755,0.27384208746964994,0.0,0,0
2012,BA,2906204,0.41055272561392836,0.0,0.5894472743860716,0.0,0,0
2016,BA,2906204,0.8561035937727339,0.0,0.14389640622726613,0.0,0,0
2012,BA,2906808,0.547549514150693,0.4429989911325864,0.00945149471672065,0.0,0,0
2016,BA,2906808,0.5420132489913831,0.4579867510086168,0.0,0.0,0,0
2012,BA,2906873,0.00789746245468669,0.5897203521491455,0.40238218539616777,0.0,0,0
2016,BA,2906873,1.0,0.0,0.0,0.0,0,0
2012,BA,2907004,0.0,1.0,0.0,0.0,0,0
2016,BA,2907004,0.9753931544865865,0.0,0.024606845513413505,0.0,0,0
2012,BA,2907558,0.43485704502653655,0.5651429549734635,0.0,0.0,0,0
2016,BA,2907558,1.0,0.0,0.0,0.0,0,0
2012,BA,2907707,1.0,0.0,0.0,0.0,0,0
2016,BA,2907707,0.5357142857142857,0.4642857142857143,0.0,0.0,0,0
2012,BA,2907905,0.5340874659125341,0.012523987476012525,0.4533885466114534,0.0,0,0
2016,BA,2907905,0.33284385707293196,0.15212922173274596,0.515026921194322,0.0,0,0
2012,BA,2909307,0.0,0.5870891048170354,0.41291089518296464,0.0,0,0
2016,BA,2909307,0.0,0.4660228536758014,0.5339771463241986,0.0,0,0
2012,BA,2909406,0.58753362179862,0.41246637820137994,0.0,0.0,0,0
2016,BA,2909406,1.0,0.0,0.0,0.0,0,0
2012,BA,2909901,0.20435641505510502,0.4236847577458931,0.37195882719900186,0.0,0,0
2016,BA,2909901,0.7310889657665101,0.26891103423348994,0.0,0.0,0,0
2012,BA,2910008,0.3529800231137527,0.6470199768862473,0.0,0.0,1,0
2016,BA,2910008,0.0,1.0,0.0,0.0,1,1
2012,BA,2910503,0.9734281080049614,0.0,0.026571891995038642,0.0,0,0
2016,BA,2910503,0.25518719503853343,0.7242008299512062,0.020611975010260387,0.0,0,0
2012,BA,2910859,0.490521327014218,0.509478672985782,0.0,0.0,0,0
2016,BA,2910859,0.6753379953379953,0.3246620046620047,0.0,0.0,0,0
2012,BA,2910909,0.4382212215029552,0.5617787784970447,0.0,0.0,0,0
2016,BA,2910909,0.4827044025157233,0.5172955974842768,0.0,0.0,0,0
2012,BA,2911105,0.26256696264768475,0.7374330373523152,0.0,0.0,0,0
2016,BA,2911105,1.0,0.0,0.0,0.0,0,0
2012,BA,2911253,0.6105755185509787,0.3894244814490213,0.0,0.0,0,0
2016,BA,2911253,0.6600054749520942,0.33999452504790584,0.0,0.0,0,0
2012,BA,2912202,0.4977380015735641,0.0,0.5022619984264359,0.0,0,0
2016,BA,2912202,0.6264285714285714,0.3645535714285714,0.009017857142857143,0.0,0,0
2012,BA,2912806,1.0,0.0,0.0,0.0,0,0
2016,BA,2912806,0.5603890362511053,0.4396109637488948,0.0,0.0,0,0
2012,BA,2914109,0.5927689594356261,0.0,0.4072310405643739,0.0,0,0
2016,BA,2914109,1.0,0.0,0.0,0.0,0,0
2012,BA,2914208,0.5875350140056023,0.41246498599439774,0.0,0.0,1,0
2016,BA,2914208,0.5704475491356855,0.4295524508643145,0.0,0.0,1,1
2012,BA,2914307,0.4945690506418395,0.5054309493581606,0.0,0.0,0,0
2016,BA,2914307,0.9176556066844272,0.0,0.08234439331557278,0.0,0,0
2012,BA,2915106,0.2928442573662057,0.35333734215273604,0.35381840048105834,0.0,1,0
2016,BA,2915106,0.0,0.6432154171066525,0.3567845828933474,0.0,1,1
2012,BA,2915205,0.002632783882783883,0.38587454212454214,0.611492673992674,0.0,1,0
2016,BA,2915205,0.5141222738648552,0.018233821952091528,0.4676439041830533,0.0,1,1
2012,BA,2915403,0.32604638762996535,0.2412689949346841,0.4326846174353506,0.0,0,0
2016,BA,2915403,0.0,1.0,0.0,0.0,0,0
2012,BA,2915502,0.4798951048951049,0.5201048951048951,0.0,0.0,0,0
2016,BA,2915502,1.0,0.0,0.0,0.0,0,0
2012,BA,2915809,0.5732186550011121,0.4267813449988878,0.0,0.0,0,0
2016,BA,2915809,0.47673985857834017,0.5232601414216599,0.0,0.0,0,0
2012,BA,2916708,0.0,1.0,0.0,0.0,1,0
2016,BA,2916708,0.0,1.0,0.0,0.0,1,1
2012,BA,2916906,0.0,0.5297593921485859,0.4702406078514141,0.0,0,0
2016,BA,2916906,1.0,0.0,0.0,0.0,0,0
2012,BA,2917003,0.0015287403179779862,0.472431716265797,0.526039543416225,0.0,0,0
2016,BA,2917003,0.4416767922235723,0.011543134872417983,0.5467800729040098,0.0,0,0
2012,BA,2917102,0.0,0.5342349957734573,0.4657650042265427,0.0,0,0
2016,BA,2917102,0.02651452963388606,0.8035626333935314,0.1699228369725825,0.0,0,0
2012,BA,2917607,0.5324350107321727,0.0,0.46756498926782736,0.0,1,0
2016,BA,2917607,0.5619294932326094,0.4380705067673906,0.0,0.0,1,1
2012,BA,2918209,0.9891812146545366,0.010818785345463487,0.0,0.0,0,0
2016,BA,2918209,1.0,0.0,0.0,0.0,0,0
2012,BA,2918308,0.0,0.0,1.0,0.0,1,0
2016,BA,2918308,0.0,0.6722113502935421,0.32778864970645794,0.0,1,1
2012,BA,2918803,0.0,0.4688025747933582,0.5311974252066418,0.0,0,0
2016,BA,2918803,0.026010348203048525,0.5931338274367222,0.38085582436022936,0.0,0,0
2012,BA,2918902,0.9672987084363837,0.0,0.032701291563616376,0.0,0,0
2016,BA,2918902,1.0,0.0,0.0,0.0,0,0
2012,BA,2919058,0.0,1.0,0.0,0.0,0,0
2016,BA,2919058,1.0,0.0,0.0,0.0,0,0
2012,BA,2919702,0.4645500375415639,0.5354499624584361,0.0,0.0,0,0
2016,BA,2919702,0.43246505078950015,0.5653223373227396,0.002212611887760233,0.0,0,0
2012,BA,2919900,0.47193828351012534,0.0,0.5280617164898747,0.0,0,0
2016,BA,2919900,0.5067683508102955,0.49323164918970447,0.0,0.0,0,0
2012,BA,2919926,0.0,0.3315634218289086,0.6684365781710915,0.0,1,0
2016,BA,2919926,0.9210418878092594,0.07895811219074059,0.0,0.0,1,1
2012,BA,2920007,1.0,0.0,0.0,0.0,0,0
2016,BA,2920007,0.8906510851419032,0.10934891485809682,0.0,0.0,0,0
2012,BA,2920106,0.0,1.0,0.0,0.0,0,0
2016,BA,2920106,0.41346334145884117,0.0,0.5865366585411588,0.0,0,0
2012,BA,2920452,0.3515850144092219,0.6061479346781941,0.04226705091258405,0.0,0,0
2016,BA,2920452,1.0,0.0,0.0,0.0,0,0
2012,BA,2920502,0.0021681354035529444,0.4371240732969646,0.5607077912994824,0.0,0,0
2016,BA,2920502,0.4103290183387271,0.5455771305285868,0.04409385113268608,0.0,0,0
2012,BA,2920700,0.6774857142857142,0.3225142857142857,0.0,0.0,0,0
2016,BA,2920700,0.5306399415387828,0.46936005846121726,0.0,0.0,0,0
2012,BA,2921104,0.0,0.5707508095489118,0.42924919045108817,0.0,0,0
2016,BA,2921104,0.041202346041055715,0.9587976539589442,0.0,0.0,0,0
2012,BA,2921500,0.9692976356050069,0.0,0.030702364394993045,0.0,0,0
2016,BA,2921500,0.9980536912751677,0.0019463087248322148,0.0,0.0,0,0
2012,BA,2922102,0.558072667073277,0.44192733292672304,0.0,0.0,0,0
2016,BA,2922102,0.4840685186828792,0.5159314813171207,0.0,0.0,0,0
2012,BA,2922250,0.3519930508638162,0.0,0.6480069491361837,0.0,0,0
2016,BA,2922250,0.5079282557837276,0.0,0.4920717442162724,0.0,0,0
2012,BA,2922409,0.4961443675967883,0.0,0.5038556324032117,0.0,0,0
2016,BA,2922409,0.0,0.5672118676302776,0.4327881323697223,0.0,0,0
2012,BA,2922656,0.5655559015882903,0.4344440984117097,0.0,0.0,0,0
2016,BA,2922656,1.0,0.0,0.0,0.0,0,0
2012,BA,2922904,0.0,0.5713001797483523,0.4286998202516477,0.0,0,0
2016,BA,2922904,0.9918804585152838,0.008119541484716157,0.0,0.0,0,0
2012,BA,2923209,0.6587420754087421,0.0,0.3412579245912579,0.0,0,0
2016,BA,2923209,0.48320173401455335,0.5167982659854466,0.0,0.0,0,0
2012,BA,2923605,0.58636907815974,0.0,0.41363092184025996,0.0,0,0
2016,BA,2923605,0.4810658054097699,0.5189341945902302,0.0,0.0,0,0
2012,BA,2924603,0.47941375804811925,0.0,0.5205862419518807,0.0,0,0
2016,BA,2924603,0.0,0.9974322869212292,0.0025677130787708107,0.0,0,0
2012,BA,2924801,0.48841193067311567,0.5115880693268843,0.0,0.0,0,0
2016,BA,2924801,1.0,0.0,0.0,0.0,0,0
2012,BA,2924900,0.49191206968063045,0.0,0.5080879303193696,0.0,0,0
2016,BA,2924900,0.5072142064372919,0.49278579356270813,0.0,0.0,0,0
2012,BA,2925253,1.0,0.0,0.0,0.0,0,0
2016,BA,2925253,0.48363400669763423,0.5163659933023658,0.0,0.0,0,0
2012,BA,2925808,0.6404961640496164,0.0,0.3595038359503836,0.0,0,0
2016,BA,2925808,0.0,0.4596578710437011,0.540342128956299,0.0,0,0
2012,BA,2925931,0.0,0.4690909090909091,0.5309090909090909,0.0,0,0
2016,BA,2925931,0.0,0.5107719928186715,0.48922800718132853,0.0,0,0
2012,BA,2926202,0.47482120474821204,0.34446656344466564,0.18071223180712231,0.0,0,0
2016,BA,2926202,0.9873804192957459,0.0,0.01261958070425402,0.0,0,0
2012,BA,2926509,0.5435946235280124,0.0,0.45640537647198764,0.0,0,0
2016,BA,2926509,0.3564977973568282,0.0,0.6435022026431718,0.0,0,0
2012,BA,2926905,0.0,0.5373775973250537,0.46262240267494625,0.0,0,0
2016,BA,2926905,0.5430819180819181,0.0,0.4569180819180819,0.0,0,0
2012,BA,2927101,0.3838186437365644,0.0,0.6161813562634356,0.0,0,0
2016,BA,2927101,0.0,0.2845730516598615,0.7154269483401384,0.0,0,0
2012,BA,2928000,0.4945286750164799,0.4818721160184575,0.023599208965062624,0.0,0,0
2016,BA,2928000,0.497021205682623,0.46523351247760697,0.03774528183977003,0.0,0,0
2012,BA,2928406,0.3829064748201439,0.3616115107913669,0.2554820143884892,0.0,0,0
2016,BA,2928406,1.0,0.0,0.0,0.0,0,0
2012,BA,2929206,0.0,0.2312355771111198,0.7687644228888803,0.0,1,0
2016,BA,2929206,0.9116617746669677,0.08833822533303229,0.0,0.0,1,1
2012,BA,2929370,0.4570216930353939,0.5429783069646061,0.0,0.0,0,0
2016,BA,2929370,0.48309881934336085,0.5169011806566391,0.0,0.0,0,0
2012,BA,2929503,0.0,0.6223402031687638,0.3776597968312361,0.0,0,0
2016,BA,2929503,1.0,0.0,0.0,0.0,0,0
2012,BA,2929800,0.4633728179551122,0.3687655860349127,0.16786159600997505,0.0,0,0
2016,BA,2929800,0.0,1.0,0.0,0.0,0,0
2012,BA,2930808,0.0,0.4974630487535848,0.5025369512464152,0.0,0,0
2016,BA,2930808,0.5895759207616117,0.0,0.4104240792383883,0.0,0,0
2012,BA,2931301,0.6099947807933194,0.3900052192066806,0.0,0.0,0,0
2016,BA,2931301,0.6217228464419475,0.0,0.3782771535580524,0.0,0,0
2012,BA,2931707,0.0,1.0,0.0,0.0,0,0
2016,BA,2931707,0.3607789966720079,0.6392210033279921,0.0,0.0,0,0
2012,BA,2932804,0.5606263521170289,0.4293808591737921,0.009992788709178944,0.0,0,0
2016,BA,2932804,1.0,0.0,0.0,0.0,0,0
2012,BA,2933059,0.4959959323757468,0.44375238337358586,0.06025168425066735,0.0,0,0
2016,BA,2933059,0.0,0.5092276948395439,0.4907723051604561,0.0,0,0
2012,BA,2933406,0.5041243046230578,0.4582773834644159,0.037598311912526376,0.0,0,0
2016,BA,2933406,1.0,0.0,0.0,0.0,0,0
2012,BA,2933455,0.4338946614116804,0.4762928460527887,0.08981249253553088,0.0,0,0
2016,BA,2933455,1.0,0.0,0.0,0.0,0,0
2012,MG,3100104,0.471675845790716,0.528324154209284,0.0,0.0,0,0
2016,MG,3100104,0.5635849818328623,0.4364150181671377,0.0,0.0,0,0
2012,MG,3100302,0.4451348052812604,0.0,0.5548651947187396,0.0,1,0
2016,MG,3100302,0.42669762042948345,0.0,0.5733023795705166,0.0,1,1
2012,MG,3100401,0.4197040779501985,0.2093107181522916,0.37098520389750994,0.0,0,0
2016,MG,3100401,0.0,0.465452045376418,0.534547954623582,0.0,0,0
2012,MG,3100500,0.014617940199335547,0.4388704318936877,0.5465116279069767,0.0,0,0
2016,MG,3100500,0.3606342978584273,0.22560078469838157,0.4137649174431911,0.0,0,0
2012,MG,3100609,0.0,1.0,0.0,0.0,0,0
2016,MG,3100609,0.4915548357242018,0.5084451642757982,0.0,0.0,0,0
2012,MG,3100807,0.0,0.6169531022429362,0.3830468977570638,0.0,0,0
2016,MG,3100807,0.46305732484076434,0.5369426751592357,0.0,0.0,0,0
2012,MG,3100906,0.29013912866863006,0.5364070275210724,0.17345384381029755,0.0,0,0
2016,MG,3100906,0.5572769953051643,0.43295774647887325,0.009765258215962441,0.0,0,0
2012,MG,3101003,0.3835671883432272,0.4778737182946573,0.1385590933621155,0.0,0,0
2016,MG,3101003,0.0,1.0,0.0,0.0,0,0
2012,MG,3101102,0.5115141634399837,0.4884858365600163,0.0,0.0,0,0
2016,MG,3101102,0.0,1.0,0.0,0.0,0,0
2012,MG,3101300,0.4547826086956522,0.5452173913043479,0.0,0.0,0,0
2016,MG,3101300,0.43252595155709345,0.5674740484429066,0.0,0.0,0,0
2012,MG,3101409,0.4678777137793531,0.5321222862206468,0.0,0.0,0,0
2016,MG,3101409,0.630188679245283,0.36981132075471695,0.0,0.0,0,0
2012,MG,3101508,0.12821223886115732,0.8203919393603254,0.05139582177851729,0.0,0,0
2016,MG,3101508,0.642304589245883,0.35769541075411704,0.0,0.0,0,0
2012,MG,3101607,0.0,0.5405159622840185,0.45948403771598145,0.0,0,0
2016,MG,3101607,0.4178264524565664,0.15706146086306744,0.42511208668036615,0.0,0,0
2012,MG,3101631,0.03023860146468226,0.4077486416253248,0.5620127569099929,0.0,0,0
2016,MG,3101631,0.7515240185320653,0.24847598146793465,0.0,0.0,0,0
2012,MG,3101706,0.35019549162523533,0.6067480812859005,0.043056427088864216,0.0,0,0
2016,MG,3101706,0.530063903950426,0.469936096049574,0.0,0.0,0,0
2012,MG,3101904,0.2306093607116136,0.7333942971153047,0.035996342173081716,0.0,0,0
2016,MG,3101904,1.0,0.0,0.0,0.0,0,0
2012,MG,3102001,0.0,0.5840651782880119,0.41593482171198815,0.0,0,0
2016,MG,3102001,0.49918467183041176,0.5008153281695883,0.0,0.0,0,0
2012,MG,3102050,0.41337295690936104,0.586627043090639,0.0,0.0,0,0
2016,MG,3102050,0.3270748299319728,0.6729251700680272,0.0,0.0,0,0
2012,MG,3102100,0.0,1.0,0.0,0.0,0,0
2016,MG,3102100,0.0213007310310058,0.9786992689689942,0.0,0.0,0,0
2012,MG,3102209,0.43216209284431906,0.0,0.5678379071556809,0.0,0,0
2016,MG,3102209,0.44777690081557486,0.5522230991844251,0.0,0.0,0,0
2012,MG,3102308,0.059867182079492515,0.8768956289027654,0.0632371890177421,0.0,0,0
2016,MG,3102308,0.0,1.0,0.0,0.0,0,0
2012,MG,3102407,0.6290212183436003,0.37097878165639975,0.0,0.0,0,0
2016,MG,3102407,0.03691123188405797,0.963088768115942,0.0,0.0,0,0
2012,MG,3102506,0.0,0.9435979684576317,0.05640203154236835,0.0,0,0
2016,MG,3102506,1.0,0.0,0.0,0.0,0,0
2012,MG,3102704,0.36818437324339515,0.0,0.6318156267566049,0.0,0,0
2016,MG,3102704,0.0,0.3922437673130194,0.6077562326869806,0.0,0,0
2012,MG,3102852,0.0,1.0,0.0,0.0,0,0
2016,MG,3102852,0.10550268928423666,0.8522962350020686,0.042201075713694663,0.0,0,0
2012,MG,3102902,0.0,1.0,0.0,0.0,0,0
2016,MG,3102902,0.03140096618357488,0.9685990338164251,0.0,0.0,0,0
2012,MG,3103009,0.38745545260156805,0.6125445473984319,0.0,0.0,0,0
2016,MG,3103009,0.3057338025253571,0.6845373628648312,0.009728834609811634,0.0,0,0
2012,MG,3103108,0.5304347826086957,0.46956521739130436,0.0,0.0,0,0
2016,MG,3103108,0.4140625,0.5859375,0.0,0.0,0,0
2012,MG,3103207,0.0,1.0,0.0,0.0,0,0
2016,MG,3103207,0.0,1.0,0.0,0.0,0,0
2012,MG,3103306,0.2777777777777778,0.7222222222222222,0.0,0.0,0,0
2016,MG,3103306,0.0,1.0,0.0,0.0,0,0
2012,MG,3103405,0.0,0.4895376588777266,0.5104623411222734,0.0,0,0
2016,MG,3103405,0.11712577407644673,0.41036728592782407,0.47250693999572924,0.0,0,0
2012,MG,3103603,0.5648637657584384,0.4351362342415616,0.0,0.0,1,0
2016,MG,3103603,0.5201543739279588,0.0,0.4798456260720412,0.0,1,1
2012,MG,3103702,0.30945503562487964,0.6905449643751204,0.0,0.0,0,0
2016,MG,3103702,0.3770459859703819,0.622954014029618,0.0,0.0,0,0
2012,MG,3103801,0.48173352435530087,0.5182664756446992,0.0,0.0,1,0
2016,MG,3103801,0.007063572149344097,0.992936427850656,0.0,0.0,1,1
2012,MG,3103900,0.3285766556897183,0.6714233443102817,0.0,0.0,0,0
2016,MG,3103900,0.6138401559454191,0.38615984405458087,0.0,0.0,0,0
2012,MG,3104007,0.7303573614000735,0.0,0.26964263859992654,0.0,0,0
2016,MG,3104007,0.5459018748653114,0.4169240715465843,0.0371740535881043,0.0,0,0
2012,MG,3104106,0.4988890787899504,0.5011109212100495,0.0,0.0,0,0
2016,MG,3104106,1.0,0.0,0.0,0.0,0,0
2012,MG,3104205,0.6527387787603202,0.013872008717153514,0.3333892125225263,0.0,0,0
2016,MG,3104205,0.39227436530752724,0.45685710815078756,0.15086852654168523,0.0,0,0
2012,MG,3104304,0.8119785118299234,0.18802148817007658,0.0,0.0,0,0
2016,MG,3104304,0.3684326954982856,0.6315673045017144,0.0,0.0,0,0
2012,MG,3104403,0.0,1.0,0.0,0.0,0,0
2016,MG,3104403,0.516582130316036,0.4834178696839641,0.0,0.0,0,0
2012,MG,3104452,0.42555720653789003,0.5744427934621099,0.0,0.0,0,0
2016,MG,3104452,0.0,1.0,0.0,0.0,0,0
2012,MG,3104908,0.491690635985938,0.508309364014062,0.0,0.0,0,0
2016,MG,3104908,0.4973354103468066,0.5026645896531934,0.0,0.0,0,0
2012,MG,3105202,0.6205970149253731,0.3794029850746269,0.0,0.0,0,0
2016,MG,3105202,0.556762939662568,0.4432370603374321,0.0,0.0,0,0
2012,MG,3105301,1.0,0.0,0.0,0.0,0,0
2016,MG,3105301,0.36507936507936506,0.6349206349206349,0.0,0.0,0,0
2012,MG,3105400,0.029862981613772103,0.8721161728539641,0.09802084553226373,0.0,0,0
2016,MG,3105400,0.0,1.0,0.0,0.0,0,0
2012,MG,3105509,0.5540209400757407,0.4459790599242593,0.0,0.0,0,0
2016,MG,3105509,0.5653982116864213,0.4346017883135787,0.0,0.0,0,0
2012,MG,3105608,0.0,0.8868551890713468,0.11314481092865321,0.0,0,0
2016,MG,3105608,0.3071756970923755,0.4192753691412073,0.27354893376641715,0.0,0,0
2012,MG,3105707,0.49281409364858597,0.507185906351414,0.0,0.0,0,0
2016,MG,3105707,0.3740357064139299,0.6259642935860701,0.0,0.0,0,0
2012,MG,3105905,0.49119201409277746,0.47130064591896653,0.03750733998825602,0.0,0,0
2016,MG,3105905,0.0,1.0,0.0,0.0,0,0
2012,MG,3106002,0.5368046132971506,0.4631953867028494,0.0,0.0,0,0
2016,MG,3106002,0.5920925747348119,0.40790742526518803,0.0,0.0,0,0
2012,MG,3106309,0.012931323283082077,0.5235510887772195,0.4635175879396985,0.0,0,0
2016,MG,3106309,0.0,0.6460974197284602,0.3539025802715398,0.0,0,0
2012,MG,3106408,0.0,1.0,0.0,0.0,1,0
2016,MG,3106408,0.0,0.8653968253968254,0.1346031746031746,0.0,1,1
2012,MG,3106507,0.48775325068037495,0.512246749319625,0.0,0.0,0,0
2016,MG,3106507,0.5582642613359337,0.4417357386640663,0.0,0.0,0,0
2012,MG,3106606,0.628093412338794,0.0,0.371906587661206,0.0,0,0
2016,MG,3106606,0.5012360939431397,0.49876390605686033,0.0,0.0,0,0
2012,MG,3106655,0.4655760054533061,0.45262440354464895,0.081799591002045,0.0,0,0
2016,MG,3106655,0.2638190954773869,0.7361809045226131,0.0,0.0,0,0
2012,MG,3106804,0.525483870967742,0.47451612903225804,0.0,0.0,0,0
2016,MG,3106804,1.0,0.0,0.0,0.0,0,0
2012,MG,3106903,0.2245542766869781,0.7754457233130219,0.0,0.0,0,0
2016,MG,3106903,0.3935221758266561,0.6064778241733438,0.0,0.0,0,0
2012,MG,3107000,0.6623207301173403,0.3376792698826597,0.0,0.0,0,0
2016,MG,3107000,0.48628613787991104,0.513713862120089,0.0,0.0,0,0
2012,MG,3107109,0.3548303324099723,0.1713123268698061,0.4738573407202216,0.0,0,0
2016,MG,3107109,0.0,1.0,0.0,0.0,0,0
2012,MG,3107406,0.0,1.0,0.0,0.0,0,0
2016,MG,3107406,0.031098257640674094,0.9689017423593259,0.0,0.0,0,0
2012,MG,3107604,0.0,1.0,0.0,0.0,0,0
2016,MG,3107604,0.0,1.0,0.0,0.0,0,0
2012,MG,3107901,0.0,1.0,0.0,0.0,0,0
2016,MG,3107901,0.0,0.733751425313569,0.26624857468643104,0.0,0,0
2012,MG,3108008,0.46695210061546694,0.06493622335206493,0.4681116760324681,0.0,0,0
2016,MG,3108008,0.973404255319149,0.026595744680851064,0.0,0.0,0,0
2012,MG,3108107,0.26728201099764337,0.7327179890023566,0.0,0.0,0,0
2016,MG,3108107,0.21254801536491677,0.7874519846350833,0.0,0.0,0,0
2012,MG,3108206,0.0,0.43912077056063226,0.5608792294393677,0.0,0,0
2016,MG,3108206,1.0,0.0,0.0,0.0,0,0
2012,MG,3108255,0.0,1.0,0.0,0.0,0,0
2016,MG,3108255,0.0,1.0,0.0,0.0,0,0
2012,MG,3108305,0.0,0.34296592795079567,0.6570340720492044,0.0,0,0
2016,MG,3108305,0.31338582677165355,0.6866141732283465,0.0,0.0,0,0
2012,MG,3108404,0.665294055537958,0.0,0.33470594446204205,0.0,0,0
2016,MG,3108404,0.6644607589701168,0.32499224485575434,0.01054699617412884,0.0,0,0
2012,MG,3108503,0.0,1.0,0.0,0.0,0,0
2016,MG,3108503,1.0,0.0,0.0,0.0,0,0
2012,MG,3108552,0.6008151522416687,0.39918484775833135,0.0,0.0,0,0
2016,MG,3108552,1.0,0.0,0.0,0.0,0,0
2012,MG,3108602,0.0,0.37469940159946313,0.6253005984005369,0.0,0,0
2016,MG,3108602,0.018527290910047896,0.9814727090899521,0.0,0.0,0,0
2012,MG,3108800,0.49185367353212417,0.5081463264678758,0.0,0.0,0,0
2016,MG,3108800,0.7388825541619156,0.2611174458380844,0.0,0.0,0,0
2012,MG,3108909,0.08999072260591691,0.38037315740645294,0.5296361199876302,0.0,0,0
2016,MG,3108909,0.6162129215765949,0.1531897602600569,0.23059731816334822,0.0,0,0
2012,MG,3109006,0.0,1.0,0.0,0.0,0,0
2016,MG,3109006,0.02320860056291238,0.9563973607714668,0.02039403866562082,0.0,0,0
2012,MG,3109105,0.49873039581777445,0.5012696041822255,0.0,0.0,0,0
2016,MG,3109105,0.7259414225941423,0.27405857740585776,0.0,0.0,0,0
2012,MG,3109303,0.3935847099785169,0.42706867175346325,0.17934661826801984,0.0,0,0
2016,MG,3109303,0.4778588807785888,0.5221411192214112,0.0,0.0,0,0
2012,MG,3109402,0.49728279562495703,0.45174382609892,0.050973378276123,0.0,0,0
2016,MG,3109402,0.49660201047713437,0.5033979895228656,0.0,0.0,0,0
2012,MG,3109451,0.5599562363238512,0.1700218818380744,0.2700218818380744,0.0,0,0
2016,MG,3109451,0.683679706601467,0.316320293398533,0.0,0.0,0,0
2012,MG,3109501,0.5032518210197711,0.49674817898022894,0.0,0.0,0,0
2016,MG,3109501,0.50967996839194,0.0,0.49032003160806004,0.0,0,0
2012,MG,3109907,0.5621890547263682,0.43781094527363185,0.0,0.0,0,0
2016,MG,3109907,0.27513920733704555,0.7248607926629544,0.0,0.0,0,0
2012,MG,3110004,0.046700706991358996,0.953299293008641,0.0,0.0,0,0
2016,MG,3110004,0.0,1.0,0.0,0.0,0,0
2012,MG,3110103,0.37709585574185384,0.6229041442581461,0.0,0.0,0,0
2016,MG,3110103,1.0,0.0,0.0,0.0,0,0
2012,MG,3110202,0.6329915560916767,0.36700844390832327,0.0,0.0,0,0
2016,MG,3110202,0.49777909387029906,0.5022209061297009,0.0,0.0,0,0
2012,MG,3110301,0.0,1.0,0.0,0.0,0,0
2016,MG,3110301,0.40844912595248767,0.5915508740475123,0.0,0.0,0,0
2012,MG,3110400,0.5600440690414984,0.43995593095850166,0.0,0.0,0,0
2016,MG,3110400,0.5234171725932351,0.0,0.47658282740676494,0.0,0,0
2012,MG,3110509,0.0,1.0,0.0,0.0,0,0
2016,MG,3110509,0.464034401876466,0.5359655981235341,0.0,0.0,0,0
2012,MG,3110608,0.0,0.35846663378197446,0.6415333662180255,0.0,0,0
2016,MG,3110608,0.23723477070499657,0.5879534565366188,0.17481177275838466,0.0,0,0
2012,MG,3110707,0.0,0.3885773894901552,0.6114226105098448,0.0,0,0
2016,MG,3110707,0.5931960375391032,0.4068039624608968,0.0,0.0,0,0
2012,MG,3110905,0.3795960054471176,0.0,0.6204039945528824,0.0,0,0
2016,MG,3110905,0.3128528727997343,0.6871471272002657,0.0,0.0,0,0
2012,MG,3111002,0.0,1.0,0.0,0.0,0,0
2016,MG,3111002,0.36249901021458547,0.6375009897854145,0.0,0.0,0,0
2012,MG,3111101,0.5087491403683044,0.49125085963169557,0.0,0.0,0,0
2016,MG,3111101,0.4504574352612808,0.5495425647387192,0.0,0.0,0,0
2012,MG,3111150,0.39435279187817257,0.0,0.6056472081218274,0.0,0,0
2016,MG,3111150,0.685064935064935,0.0,0.31493506493506496,0.0,0,0
2012,MG,3111200,0.09360066486598795,0.906399335134012,0.0,0.0,0,0
2016,MG,3111200,0.18657972987496865,0.7956865976426755,0.01773367248235589,0.0,0,0
2012,MG,3111309,0.4232256455033055,0.5767743544966946,0.0,0.0,0,0
2016,MG,3111309,0.4820463552299748,0.5179536447700253,0.0,0.0,0,0
2012,MG,3111507,0.8632566508160905,0.1367433491839095,0.0,0.0,0,0
2016,MG,3111507,0.018605870020964362,0.9813941299790356,0.0,0.0,0,0
2012,MG,3111606,0.4301007950917173,0.5158079258749139,0.05409127903336881,0.0,0,0
2016,MG,3111606,0.4197733169466066,0.5802266830533934,0.0,0.0,0,0
2012,MG,3111705,0.4925329428989751,0.5074670571010249,0.0,0.0,0,0
2016,MG,3111705,0.5459192667019214,0.45408073329807863,0.0,0.0,0,0
2012,MG,3111804,1.0,0.0,0.0,0.0,0,0
2016,MG,3111804,0.9737812911725955,0.02621870882740448,0.0,0.0,0,0
2012,MG,3111903,0.4896791842825168,0.5103208157174832,0.0,0.0,0,0
2016,MG,3111903,1.0,0.0,0.0,0.0,0,0
2012,MG,3112000,0.4940230614619697,0.5059769385380303,0.0,0.0,0,0
2016,MG,3112000,0.7035682624113475,0.2241799645390071,0.07225177304964539,0.0,0,0
2012,MG,3112109,0.45808636748518206,0.541913632514818,0.0,0.0,0,0
2016,MG,3112109,0.171609006040637,0.828390993959363,0.0,0.0,0,0
2012,MG,3112208,0.4953742640874685,0.0,0.5046257359125316,0.0,0,0
2016,MG,3112208,0.5763742071881607,0.4236257928118393,0.0,0.0,0,0
2012,MG,3112307,0.0,1.0,0.0,0.0,0,0
2016,MG,3112307,0.6036985381476316,0.3963014618523684,0.0,0.0,0,0
2012,MG,3112406,0.3676683937823834,0.4770984455958549,0.15523316062176165,0.0,0,0
2016,MG,3112406,0.33196544276457884,0.6680345572354212,0.0,0.0,0,0
2012,MG,3112604,0.6016243446077928,0.39837565539220726,0.0,0.0,0,0
2016,MG,3112604,0.0,1.0,0.0,0.0,0,0
2012,MG,3112653,0.0,0.9575045207956601,0.042495479204339964,0.0,0,0
2016,MG,3112653,0.0,1.0,0.0,0.0,0,0
2012,MG,3112703,0.0,0.48524005792581043,0.5147599420741896,0.0,0,0
2016,MG,3112703,0.0,0.5882039249146758,0.41179607508532423,0.0,0,0
2012,MG,3112802,0.3504316069057105,0.0,0.6495683930942895,0.0,0,0
2016,MG,3112802,0.35172883665474364,0.0,0.6482711633452564,0.0,0,0
2012,MG,3113008,1.0,0.0,0.0,0.0,0,0
2016,MG,3113008,0.40874659125340873,0.5912534087465913,0.0,0.0,0,0
2012,MG,3113107,0.0,0.4661144578313253,0.5338855421686747,0.0,0,0
2016,MG,3113107,0.0,1.0,0.0,0.0,0,0
2012,MG,3113206,0.49711160275319566,0.48801622418879054,0.014872173058013766,0.0,0,0
2016,MG,3113206,0.4011794030032221,0.5988205969967779,0.0,0.0,0,0
2012,MG,3113305,0.0,1.0,0.0,0.0,0,0
2016,MG,3113305,0.06677880571909167,0.9332211942809083,0.0,0.0,0,0
2012,MG,3113503,0.0,0.4388620861753452,0.5611379138246548,0.0,0,0
2016,MG,3113503,0.0,0.5387996618765849,0.46120033812341504,0.0,0,0
2012,MG,3113701,0.0,1.0,0.0,0.0,0,0
2016,MG,3113701,0.4055087322964636,0.5944912677035363,0.0,0.0,0,0
2012,MG,3113800,0.0,1.0,0.0,0.0,0,0
2016,MG,3113800,0.0,1.0,0.0,0.0,0,0
2012,MG,3113909,0.11660825020221084,0.8833917497977891,0.0,0.0,0,0
2016,MG,3113909,0.4904704784752766,0.5095295215247234,0.0,0.0,0,0
2012,MG,3114006,1.0,0.0,0.0,0.0,0,0
2016,MG,3114006,0.13629501833081734,0.8637049816691826,0.0,0.0,0,0
2012,MG,3114105,0.8118471506016132,0.0,0.1881528493983869,0.0,0,0
2016,MG,3114105,0.29146195724339397,0.708538042756606,0.0,0.0,0,0
2012,MG,3114204,0.8160829888464238,0.0,0.18391701115357617,0.0,0,0
2016,MG,3114204,0.0,0.8664681451296921,0.13353185487030797,0.0,0,0
2012,MG,3114303,0.49883464180569187,0.5011653581943082,0.0,0.0,0,0
2016,MG,3114303,0.3758931929296728,0.6241068070703272,0.0,0.0,0,0
2012,MG,3114402,0.3998684643209471,0.23931272607694837,0.36081880960210455,0.0,0,0
2016,MG,3114402,0.0,1.0,0.0,0.0,0,0
2012,MG,3114501,0.7172724657140117,0.2827275342859883,0.0,0.0,0,0
2016,MG,3114501,0.5890347633136095,0.37990014792899407,0.03106508875739645,0.0,0,0
2012,MG,3114600,0.42087790483216525,0.5791220951678347,0.0,0.0,0,0
2016,MG,3114600,0.0,1.0,0.0,0.0,0,0
2012,MG,3114709,0.0,0.4829059829059829,0.5170940170940171,0.0,1,0
2016,MG,3114709,0.5823485967503693,0.0,0.41765140324963074,0.0,1,1
2012,MG,3114907,0.0,1.0,0.0,0.0,0,0
2016,MG,3114907,0.0,1.0,0.0,0.0,0,0
2012,MG,3115003,0.7334132693844924,0.2665867306155076,0.0,0.0,0,0
2016,MG,3115003,0.9881944444444445,0.011805555555555555,0.0,0.0,0,0
2012,MG,3115102,0.5697909024211298,0.0,0.43020909757887016,0.0,0,0
2016,MG,3115102,0.4725132103457866,0.4095670714749235,0.11791971817928988,0.0,0,0
2012,MG,3115359,0.0,0.43591160220994474,0.5640883977900553,0.0,0,0
2016,MG,3115359,0.0,1.0,0.0,0.0,0,0
2012,MG,3115409,1.0,0.0,0.0,0.0,0,0
2016,MG,3115409,0.4162229877857814,0.5837770122142186,0.0,0.0,0,0
2012,MG,3115458,1.0,0.0,0.0,0.0,0,0
2016,MG,3115458,1.0,0.0,0.0,0.0,0,0
2012,MG,3115474,0.5573580533024334,0.4426419466975666,0.0,0.0,0,0
2016,MG,3115474,1.0,0.0,0.0,0.0,0,0
2012,MG,3115508,0.46925316889345664,0.27714970880438505,0.25359712230215825,0.0,0,0
2016,MG,3115508,0.30306461352657005,0.6807065217391305,0.016228864734299516,0.0,0,0
2012,MG,3115607,0.5573294629898403,0.4426705370101596,0.0,0.0,1,0
2016,MG,3115607,0.5061525840853158,0.4938474159146842,0.0,0.0,1,1
2012,MG,3115805,1.0,0.0,0.0,0.0,0,0
2016,MG,3115805,0.5150173885551691,0.48498261144483085,0.0,0.0,0,0
2012,MG,3115904,1.0,0.0,0.0,0.0,1,0
2016,MG,3115904,1.0,0.0,0.0,0.0,1,1
2012,MG,3116001,1.0,0.0,0.0,0.0,0,0
2016,MG,3116001,0.0,1.0,0.0,0.0,0,0
2012,MG,3116100,1.0,0.0,0.0,0.0,0,0
2016,MG,3116100,1.0,0.0,0.0,0.0,0,0
2012,MG,3116209,0.47588192944564434,0.0,0.5241180705543557,0.0,1,0
2016,MG,3116209,0.45942647956070776,0.0,0.5405735204392923,0.0,1,1
2012,MG,3116308,0.0,1.0,0.0,0.0,0,0
2016,MG,3116308,1.0,0.0,0.0,0.0,0,0
2012,MG,3116407,0.5566343042071198,0.44336569579288027,0.0,0.0,0,0
2016,MG,3116407,0.20303698261082537,0.7969630173891746,0.0,0.0,0,0
2012,MG,3116506,0.0,1.0,0.0,0.0,1,0
2016,MG,3116506,0.0,1.0,0.0,0.0,1,1
2012,MG,3116605,0.9525427115595964,0.0,0.04745728844040364,0.0,0,0
2016,MG,3116605,0.6835876673933354,0.31641233260666457,0.0,0.0,0,0
2012,MG,3116803,0.40067008277493105,0.0,0.599329917225069,0.0,0,0
2016,MG,3116803,0.0,0.7048192771084337,0.29518072289156627,0.0,0,0
2012,MG,3116902,0.4148510449088484,0.5851489550911516,0.0,0.0,0,0
2016,MG,3116902,0.0,1.0,0.0,0.0,0,0
2012,MG,3117009,0.0,1.0,0.0,0.0,0,0
2016,MG,3117009,0.0,0.5854608394634357,0.41453916053656426,0.0,0,0
2012,MG,3117108,0.0,0.8421879911977366,0.15781200880226343,0.0,0,0
2016,MG,3117108,0.0,1.0,0.0,0.0,0,0
2012,MG,3117207,0.0,1.0,0.0,0.0,0,0
2016,MG,3117207,0.4745114698385726,0.5254885301614274,0.0,0.0,0,0
2012,MG,3117306,0.44630071599045346,0.5536992840095465,0.0,0.0,0,0
2016,MG,3117306,0.4124233031817319,0.5875766968182681,0.0,0.0,0,0
2012,MG,3117504,0.6698971518987342,0.33010284810126583,0.0,0.0,0,0
2016,MG,3117504,0.10336517772613822,0.8966348222738618,0.0,0.0,0,0
2012,MG,3117603,0.3224730631092868,0.6775269368907132,0.0,0.0,0,0
2016,MG,3117603,0.0,1.0,0.0,0.0,0,0
2012,MG,3117702,0.6296684576071289,0.3703315423928712,0.0,0.0,0,0
2016,MG,3117702,0.6744916659394362,0.32550833406056373,0.0,0.0,0,0
2012,MG,3117801,0.476994918280456,0.5230050817195441,0.0,0.0,1,0
2016,MG,3117801,0.43143170597915526,0.5685682940208447,0.0,0.0,1,1
2012,MG,3117836,0.4864926220204313,0.5135073779795687,0.0,0.0,0,0
2016,MG,3117836,1.0,0.0,0.0,0.0,0,0
2012,MG,3117876,0.7760974585171182,0.22390254148288175,0.0,0.0,0,0
2016,MG,3117876,0.4223578786722625,0.5776421213277375,0.0,0.0,0,0
2012,MG,3118007,0.06362127306390858,0.8660218348975293,0.07035689203856221,0.0,0,0
2016,MG,3118007,0.0,0.9841119129003671,0.015888087099632867,0.0,0,0
2012,MG,3118106,0.5056704469646431,0.4943295530353569,0.0,0.0,0,0
2016,MG,3118106,0.44605475040257647,0.5539452495974235,0.0,0.0,0,0
2012,MG,3118205,0.0,1.0,0.0,0.0,0,0
2016,MG,3118205,0.7191157347204161,0.2808842652795839,0.0,0.0,0,0
2012,MG,3118304,0.27234839967018964,0.38199535267221346,0.3456562476575969,0.0,0,0
2016,MG,3118304,0.7384490458790094,0.26155095412099066,0.0,0.0,0,0
2012,MG,3118403,0.5627540439651597,0.0,0.4372459560348403,0.0,0,0
2016,MG,3118403,0.9486548686612174,0.0,0.051345131338782636,0.0,0,0
2012,MG,3118502,0.5032894736842105,0.4967105263157895,0.0,0.0,0,0
2016,MG,3118502,0.0,1.0,0.0,0.0,0,0
2012,MG,3118700,0.0,1.0,0.0,0.0,0,0
2016,MG,3118700,0.31626984126984126,0.6837301587301587,0.0,0.0,0,0
2012,MG,3118809,1.0,0.0,0.0,0.0,0,0
2016,MG,3118809,0.9408959718910779,0.04743380599824319,0.01167022211067888,0.0,0,0
2012,MG,3118908,0.0,0.4239581454086235,0.5760418545913765,0.0,0,0
2016,MG,3118908,0.0,0.40211254780549993,0.5978874521945001,0.0,0,0
2012,MG,3119005,0.8587550054605023,0.0,0.14124499453949763,0.0,1,0
2016,MG,3119005,0.6321603927986906,0.3678396072013093,0.0,0.0,1,1
2012,MG,3119302,0.16612795363352653,0.7683905483727151,0.06548149799375835,0.0,0,0
2016,MG,3119302,0.40976024666418587,0.5902397533358141,0.0,0.0,0,0
2012,MG,3119401,0.0,0.0,1.0,0.0,0,0
2016,MG,3119401,0.021301918035048984,0.4663481440596109,0.5123499379053401,0.0,0,0
2012,MG,3119500,0.6382940435486774,0.36170595645132264,0.0,0.0,0,0
2016,MG,3119500,0.44756225885654155,0.5524377411434584,0.0,0.0,0,0
2012,MG,3119708,0.0,0.523070097604259,0.4769299023957409,0.0,0,0
2016,MG,3119708,0.0,1.0,0.0,0.0,0,0
2012,MG,3119807,0.36745213549337263,0.6325478645066274,0.0,0.0,0,0
2016,MG,3119807,0.3616265298065535,0.6383734701934465,0.0,0.0,0,0
2012,MG,3119906,1.0,0.0,0.0,0.0,0,0
2016,MG,3119906,1.0,0.0,0.0,0.0,0,0
2012,MG,3119955,0.39886363636363636,0.44522727272727275,0.1559090909090909,0.0,0,0
2016,MG,3119955,0.5443919982018431,0.4556080017981569,0.0,0.0,0,0
2012,MG,3120003,1.0,0.0,0.0,0.0,1,0
2016,MG,3120003,1.0,0.0,0.0,0.0,1,1
2012,MG,3120102,0.4044943820224719,0.48552945182158663,0.10997616615594144,0.0,0,0
2016,MG,3120102,0.0,1.0,0.0,0.0,0,0
2012,MG,3120151,0.005898876404494382,0.9941011235955056,0.0,0.0,0,0
2016,MG,3120151,0.0,1.0,0.0,0.0,0,0
2012,MG,3120201,0.5086756636511939,0.10158683078748332,0.38973750556132286,0.0,0,0
2016,MG,3120201,0.394961763382816,0.605038236617184,0.0,0.0,0,0
2012,MG,3120300,1.0,0.0,0.0,0.0,0,0
2016,MG,3120300,0.0,0.5759198882161155,0.4240801117838845,0.0,0,0
2012,MG,3120409,0.0,1.0,0.0,0.0,0,0
2016,MG,3120409,0.011003356956359567,0.7178291682208131,0.2711674748228273,0.0,0,0
2012,MG,3120508,0.8555231616456106,0.14447683835438938,0.0,0.0,0,0
2016,MG,3120508,1.0,0.0,0.0,0.0,0,0
2012,MG,3120607,0.6692793931731985,0.33072060682680154,0.0,0.0,0,0
2016,MG,3120607,0.5335714285714286,0.4664285714285714,0.0,0.0,0,0
2012,MG,3120706,0.5425439861551774,0.4574560138448226,0.0,0.0,0,0
2016,MG,3120706,0.2960219478737997,0.7039780521262002,0.0,0.0,0,0
2012,MG,3120805,0.4963402991407659,0.4448923305399385,0.05876737031929564,0.0,0,0
2016,MG,3120805,0.639066463723998,0.36093353627600205,0.0,0.0,0,0
2012,MG,3120839,0.3831717234907726,0.6168282765092274,0.0,0.0,0,0
2016,MG,3120839,0.46670350925670073,0.5332964907432992,0.0,0.0,0,0
2012,MG,3120870,0.0,1.0,0.0,0.0,0,0
2016,MG,3120870,0.3111821086261981,0.6888178913738019,0.0,0.0,0,0
2012,MG,3121001,0.547806524184477,0.0,0.45219347581552305,0.0,0,0
2016,MG,3121001,0.0,0.0,1.0,0.0,0,0
2012,MG,3121100,0.03775038520801233,0.5408320493066255,0.4214175654853621,0.0,0,0
2016,MG,3121100,0.0,0.49135987978963186,0.5086401202103682,0.0,0,0
2012,MG,3121209,0.0,1.0,0.0,0.0,0,0
2016,MG,3121209,0.4286542923433875,0.5713457076566125,0.0,0.0,0,0
2012,MG,3121308,0.34394059931052773,0.6560594006894723,0.0,0.0,0,0
2016,MG,3121308,0.0,1.0,0.0,0.0,0,0
2012,MG,3121407,0.6595463554283197,0.0,0.34045364457168026,0.0,0,0
2016,MG,3121407,0.5242469557786797,0.47575304422132025,0.0,0.0,0,0
2012,MG,3121506,0.0,1.0,0.0,0.0,0,0
2016,MG,3121506,0.4317226890756303,0.5682773109243697,0.0,0.0,0,0
2012,MG,3121605,0.1315243093604014,0.7592998442816772,0.10917584635792145,0.0,0,0
2016,MG,3121605,0.114196542893726,0.8858034571062741,0.0,0.0,0,0
2012,MG,3121704,1.0,0.0,0.0,0.0,1,0
2016,MG,3121704,0.7424892703862661,0.2575107296137339,0.0,0.0,1,1
2012,MG,3121803,0.4344086021505376,0.5655913978494623,0.0,0.0,0,0
2016,MG,3121803,0.45779714256763604,0.542202857432364,0.0,0.0,0,0
2012,MG,3122009,0.0,0.4657917760279965,0.5342082239720035,0.0,0,0
2016,MG,3122009,0.058075919535392644,0.4992845720057234,0.44263950845888395,0.0,0,0
2012,MG,3122108,0.5125958378970427,0.4874041621029573,0.0,0.0,0,0
2016,MG,3122108,0.4726958240672103,0.5273041759327898,0.0,0.0,0,0
2012,MG,3122207,0.5427431211930267,0.4572568788069733,0.0,0.0,0,0
2016,MG,3122207,0.0,1.0,0.0,0.0,0,0
2012,MG,3122355,1.0,0.0,0.0,0.0,0,0
2016,MG,3122355,0.5429708222811671,0.4570291777188329,0.0,0.0,0,0
2012,MG,3122405,0.0,1.0,0.0,0.0,0,0
2016,MG,3122405,0.0,1.0,0.0,0.0,0,0
2012,MG,3122454,0.5047887323943662,0.4952112676056338,0.0,0.0,0,0
2016,MG,3122454,0.0,1.0,0.0,0.0,0,0
2012,MG,3122470,0.0,1.0,0.0,0.0,0,0
2016,MG,3122470,1.0,0.0,0.0,0.0,0,0
2012,MG,3122603,0.4266923323708694,0.5733076676291305,0.0,0.0,0,0
2016,MG,3122603,0.4381915902624091,0.5618084097375909,0.0,0.0,0,0
2012,MG,3122702,0.4758842443729904,0.5241157556270096,0.0,0.0,0,0
2016,MG,3122702,0.0,1.0,0.0,0.0,0,0
2012,MG,3122801,0.0,0.3505674653215637,0.6494325346784363,0.0,0,0
2016,MG,3122801,0.40264572137246796,0.597354278627532,0.0,0.0,0,0
2012,MG,3123007,0.5007555152614083,0.49924448473859173,0.0,0.0,0,0
2016,MG,3123007,0.47541940189642595,0.524580598103574,0.0,0.0,0,0
2012,MG,3123106,0.48035363457760316,0.4079076620825147,0.11173870333988212,0.0,0,0
2016,MG,3123106,0.0,1.0,0.0,0.0,0,0
2012,MG,3123205,0.1571395510298542,0.05658412404535987,0.7862763249247859,0.0,0,0
2016,MG,3123205,0.3415437141811974,0.6584562858188026,0.0,0.0,0,0
2012,MG,3123403,0.0,0.5477826358525921,0.4522173641474079,0.0,0,0
2016,MG,3123403,0.0,1.0,0.0,0.0,0,0
2012,MG,3123502,0.0,1.0,0.0,0.0,1,0
2016,MG,3123502,0.5261363636363636,0.4738636363636364,0.0,0.0,1,1
2012,MG,3123528,0.0,1.0,0.0,0.0,0,0
2016,MG,3123528,0.0,1.0,0.0,0.0,0,0
2012,MG,3123601,0.0,0.9265098877605559,0.07349011223944414,0.0,0,0
2016,MG,3123601,0.0,1.0,0.0,0.0,0,0
2012,MG,3123700,0.0,1.0,0.0,0.0,0,0
2016,MG,3123700,0.5749506903353058,0.4250493096646943,0.0,0.0,0,0
2012,MG,3123908,0.6600255699978692,0.33997443000213085,0.0,0.0,0,0
2016,MG,3123908,0.0,1.0,0.0,0.0,0,0
2012,MG,3124005,0.4801866528405303,0.5198133471594697,0.0,0.0,0,0
2016,MG,3124005,0.371227673988914,0.628772326011086,0.0,0.0,0,0
2012,MG,3124104,0.5653230566260459,0.0,0.4346769433739541,0.0,0,0
2016,MG,3124104,0.33715356043048983,0.3567097368170418,0.30613670275246835,0.0,0,0
2012,MG,3124203,0.5000959324635457,0.49990406753645433,0.0,0.0,0,0
2016,MG,3124203,0.0,1.0,0.0,0.0,0,0
2012,MG,3124302,0.504153425879467,0.0,0.49584657412053296,0.0,1,0
2016,MG,3124302,0.0,0.0,1.0,0.0,1,1
2012,MG,3124401,1.0,0.0,0.0,0.0,0,0
2016,MG,3124401,1.0,0.0,0.0,0.0,0,0
2012,MG,3124708,1.0,0.0,0.0,0.0,0,0
2016,MG,3124708,1.0,0.0,0.0,0.0,0,0
2012,MG,3124807,0.4822924600152323,0.5177075399847677,0.0,0.0,0,0
2016,MG,3124807,1.0,0.0,0.0,0.0,0,0
2012,MG,3124906,0.4432732316227462,0.48044382801664354,0.07628294036061026,0.0,0,0
2016,MG,3124906,0.5632658680985818,0.3732617375740052,0.06347239432741292,0.0,0,0
2012,MG,3125002,0.9681122448979592,0.03188775510204082,0.0,0.0,0,0
2016,MG,3125002,0.0,1.0,0.0,0.0,0,0
2012,MG,3125101,0.17672389687377663,0.6572898607460432,0.1659862423801801,0.0,0,0
2016,MG,3125101,0.44055143354401394,0.5594485664559861,0.0,0.0,0,0
2012,MG,3125200,0.0,0.7,0.3,0.0,0,0
2016,MG,3125200,0.0,1.0,0.0,0.0,0,0
2012,MG,3125408,0.752411575562701,0.19131832797427653,0.05627009646302251,0.0,0,0
2016,MG,3125408,0.0,1.0,0.0,0.0,0,0
2012,MG,3125507,0.0,0.34771784232365144,0.6522821576763486,0.0,0,0
2016,MG,3125507,0.0,0.5849936413734633,0.4150063586265367,0.0,0,0
2012,MG,3125606,1.0,0.0,0.0,0.0,0,0
2016,MG,3125606,1.0,0.0,0.0,0.0,0,0
2012,MG,3125804,0.0,1.0,0.0,0.0,0,0
2016,MG,3125804,0.0,1.0,0.0,0.0,0,0
2012,MG,3125903,0.0,0.9403710247349824,0.05962897526501767,0.0,0,0
2016,MG,3125903,0.0,1.0,0.0,0.0,0,0
2012,MG,3125952,0.4943786982248521,0.3599112426035503,0.14571005917159763,0.0,0,0
2016,MG,3125952,0.5636256273988781,0.43637437260112194,0.0,0.0,0,0
2012,MG,3126109,0.25142717138306997,0.5348033811098861,0.213769447507044,0.0,0,0
2016,MG,3126109,0.846157994068482,0.0,0.15384200593151792,0.0,0,0
2012,MG,3126208,0.4527373385277835,0.5472626614722165,0.0,0.0,0,0
2016,MG,3126208,0.007171314741035857,0.9928286852589642,0.0,0.0,0,0
2012,MG,3126307,0.5402985074626866,0.4597014925373134,0.0,0.0,0,0
2016,MG,3126307,0.0,1.0,0.0,0.0,0,0
2012,MG,3126505,0.0,1.0,0.0,0.0,0,0
2016,MG,3126505,0.0,0.5451025938830817,0.4548974061169183,0.0,0,0
2012,MG,3126703,0.0,0.3212728857890148,0.6787271142109852,0.0,0,0
2016,MG,3126703,0.3648762064624423,0.2536718422156945,0.3814519513218632,0.0,0,0
2012,MG,3126752,0.39660222612770946,0.5638547158758055,0.03954305799648506,0.0,0,0
2016,MG,3126752,0.5630005339028297,0.43699946609717033,0.0,0.0,0,0
2012,MG,3126950,0.0,1.0,0.0,0.0,1,0
2016,MG,3126950,0.0,1.0,0.0,0.0,1,1
2012,MG,3127008,0.0,0.9476904619076185,0.05230953809238152,0.0,0,0
2016,MG,3127008,0.19904534606205251,0.8009546539379475,0.0,0.0,0,0
2012,MG,3127057,0.49265536723163844,0.5073446327683616,0.0,0.0,0,0
2016,MG,3127057,0.0,0.5682150160677768,0.4317849839322232,0.0,0,0
2012,MG,3127073,0.509016393442623,0.0,0.49098360655737705,0.0,0,0
2016,MG,3127073,0.0,0.6286532951289399,0.3713467048710602,0.0,0,0
2012,MG,3127107,0.46056813022893833,0.3664958817043907,0.172935988066671,0.0,0,0
2016,MG,3127107,0.5245819565435066,0.47541804345649347,0.0,0.0,0,0
2012,MG,3127339,0.0,1.0,0.0,0.0,0,0
2016,MG,3127339,0.0,0.0,1.0,0.0,0,0
2012,MG,3127370,0.561953931691819,0.4380460683081811,0.0,0.0,0,0
2016,MG,3127370,0.5594843462246777,0.44051565377532226,0.0,0.0,0,0
2012,MG,3127404,0.37025948103792417,0.13739188290086493,0.49234863606121093,0.0,0,0
2016,MG,3127404,0.5957860615883306,0.0,0.40421393841166936,0.0,0,0
2012,MG,3127503,0.16185133239831698,0.838148667601683,0.0,0.0,0,0
2016,MG,3127503,1.0,0.0,0.0,0.0,0,0
2012,MG,3127602,0.0,1.0,0.0,0.0,0,0
2016,MG,3127602,0.2007683727847317,0.7992316272152683,0.0,0.0,0,0
2012,MG,3127800,0.5752161383285302,0.42478386167146975,0.0,0.0,0,0
2016,MG,3127800,0.04363513361145563,0.9563648663885443,0.0,0.0,0,0
2012,MG,3127909,0.0,1.0,0.0,0.0,0,0
2016,MG,3127909,0.0,1.0,0.0,0.0,0,0
2012,MG,3128006,0.5548618882148536,0.44513811178514634,0.0,0.0,0,0
2016,MG,3128006,0.6164522133203852,0.3486283078417092,0.03491947883790564,0.0,0,0
2012,MG,3128105,0.17235494880546076,0.8276450511945392,0.0,0.0,0,0
2016,MG,3128105,0.09217945574895808,0.44496200049031626,0.46285854376072566,0.0,0,0
2012,MG,3128204,0.45135135135135135,0.5486486486486486,0.0,0.0,0,0
2016,MG,3128204,0.5630075187969925,0.43699248120300754,0.0,0.0,0,0
2012,MG,3128253,0.44242561889620713,0.5575743811037929,0.0,0.0,1,0
2016,MG,3128253,0.0,1.0,0.0,0.0,1,1
2012,MG,3128303,0.528668363019508,0.47133163698049196,0.0,0.0,0,0
2016,MG,3128303,0.3927809540063145,0.6072190459936855,0.0,0.0,0,0
2012,MG,3128402,0.0,0.5339319633914695,0.46606803660853047,0.0,0,0
2016,MG,3128402,0.0,1.0,0.0,0.0,0,0
2012,MG,3128501,1.0,0.0,0.0,0.0,0,0
2016,MG,3128501,0.526566757493188,0.473433242506812,0.0,0.0,0,0
2012,MG,3128600,0.0,1.0,0.0,0.0,0,0
2016,MG,3128600,0.0,1.0,0.0,0.0,0,0
2012,MG,3128709,0.33178784685634,0.3881278538812785,0.28008429926238143,0.0,0,0
2016,MG,3128709,0.3549965565986444,0.5299575917938308,0.11504585160752474,0.0,0,0
2012,MG,3128808,0.3879598662207358,0.6120401337792643,0.0,0.0,1,0
2016,MG,3128808,0.3736821554080437,0.6263178445919563,0.0,0.0,1,1
2012,MG,3128907,0.48256447511805306,0.0,0.517435524881947,0.0,0,0
2016,MG,3128907,0.0,1.0,0.0,0.0,0,0
2012,MG,3129004,0.5078405749754982,0.4921594250245018,0.0,0.0,0,0
2016,MG,3129004,0.0,0.5157022158456879,0.4842977841543121,0.0,0,0
2012,MG,3129103,0.451861643533818,0.5384445913196739,0.009693765146508042,0.0,0,0
2016,MG,3129103,0.33998100664767333,0.6600189933523267,0.0,0.0,0,0
2012,MG,3129202,0.6309327036599763,0.0,0.3690672963400236,0.0,0,0
2016,MG,3129202,0.8170072821235612,0.0,0.1829927178764388,0.0,0,0
2012,MG,3129400,0.0,1.0,0.0,0.0,0,0
2016,MG,3129400,0.0,1.0,0.0,0.0,0,0
2012,MG,3129509,0.6072128577028616,0.0,0.3927871422971384,0.0,0,0
2016,MG,3129509,0.46580871154431924,0.5341912884556808,0.0,0.0,0,0
2012,MG,3129608,0.6486696445911827,0.35133035540881724,0.0,0.0,0,0
2016,MG,3129608,0.43342498036135113,0.5665750196386489,0.0,0.0,0,0
2012,MG,3129657,0.0,0.4555475676971004,0.5444524323028996,0.0,0,0
2016,MG,3129657,0.38329799380198987,0.2939161637579514,0.3227858424400587,0.0,0,0
2012,MG,3129707,0.0,0.7401051757542209,0.25989482424577914,0.0,0,0
2016,MG,3129707,0.3910877759827679,0.28150242326332797,0.32740980075390413,0.0,0,0
2012,MG,3129806,0.43708442940422215,0.29778318285767164,0.26513238773810627,0.0,0,0
2016,MG,3129806,0.9843411412650913,0.0,0.015658858734908677,0.0,0,0
2012,MG,3129905,0.4129353233830846,0.5870646766169154,0.0,0.0,1,0
2016,MG,3129905,0.6975102920995884,0.3024897079004117,0.0,0.0,1,1
2012,MG,3130002,0.3625,0.6375,0.0,0.0,0,0
2016,MG,3130002,0.46967399545109934,0.5303260045489007,0.0,0.0,0,0
2012,MG,3130051,1.0,0.0,0.0,0.0,0,0
2016,MG,3130051,0.0,0.5124455507156191,0.48755444928438085,0.0,0,0
2012,MG,3130101,0.0,1.0,0.0,0.0,0,0
2016,MG,3130101,0.35649756775538566,0.5669611833614613,0.07654124888315299,0.0,0,0
2012,MG,3130309,1.0,0.0,0.0,0.0,0,0
2016,MG,3130309,0.6147313691507799,0.3852686308492201,0.0,0.0,0,0
2012,MG,3130408,0.5121319199057714,0.4878680800942285,0.0,0.0,0,0
2016,MG,3130408,0.24527027027027026,0.7547297297297297,0.0,0.0,0,0
2012,MG,3130507,0.0,0.6027505950806665,0.3972494049193335,0.0,0,0
2016,MG,3130507,0.3633942161339422,0.38406900050735665,0.25253678335870117,0.0,0,0
2012,MG,3130606,0.502377468910022,0.49762253108997806,0.0,0.0,0,0
2016,MG,3130606,0.0,1.0,0.0,0.0,0,0
2012,MG,3130655,0.6715447154471544,0.3284552845528455,0.0,0.0,0,0
2016,MG,3130655,0.5064907872696818,0.4935092127303183,0.0,0.0,0,0
2012,MG,3130804,0.0,1.0,0.0,0.0,0,0
2016,MG,3130804,0.0,1.0,0.0,0.0,0,0
2012,MG,3131158,0.0,0.9052202887819326,0.09477971121806739,0.0,0,0
2016,MG,3131158,0.413524731926669,0.5562953995157385,0.03017986855759253,0.0,0,0
2012,MG,3131307,0.0,0.2629921140888902,0.7370078859111098,0.0,0,0
2016,MG,3131307,0.12520924438446465,0.4501576632106199,0.4246330924049155,0.0,0,0
2012,MG,3131406,0.7183816502070723,0.28161834979292766,0.0,0.0,0,0
2016,MG,3131406,1.0,0.0,0.0,0.0,0,0
2012,MG,3131505,0.5056007365352156,0.0,0.4943992634647844,0.0,0,0
2016,MG,3131505,0.0,1.0,0.0,0.0,0,0
2012,MG,3131604,0.0,1.0,0.0,0.0,1,0
2016,MG,3131604,0.45923528221727694,0.5407647177827231,0.0,0.0,1,1
2012,MG,3131901,0.4861490174672489,0.5138509825327511,0.0,0.0,0,0
2016,MG,3131901,0.31943637164244826,0.6478555702333774,0.03270805812417437,0.0,0,0
2012,MG,3132107,0.0,1.0,0.0,0.0,0,0
2016,MG,3132107,0.0,1.0,0.0,0.0,0,0
2012,MG,3132305,1.0,0.0,0.0,0.0,0,0
2016,MG,3132305,0.959729381443299,0.040270618556701034,0.0,0.0,0,0
2012,MG,3132404,0.0,0.7949818864886623,0.20501811351133772,0.0,0,0
2016,MG,3132404,0.0,0.9884218130698792,0.011578186930120858,0.0,0,0
2012,MG,3132503,0.024368446139180173,0.7688870352716873,0.2067445185891325,0.0,0,0
2016,MG,3132503,0.6214120752226988,0.37858792477730124,0.0,0.0,0,0
2012,MG,3132909,0.0,1.0,0.0,0.0,0,0
2016,MG,3132909,0.6188916188916189,0.38110838110838113,0.0,0.0,0,0
2012,MG,3133006,0.5316511730854361,0.468348826914564,0.0,0.0,0,0
2016,MG,3133006,0.44613379669852304,0.553866203301477,0.0,0.0,0,0
2012,MG,3133105,0.0,0.9914592998734711,0.008540700126528892,0.0,0,0
2016,MG,3133105,0.2674648620510151,0.732535137948985,0.0,0.0,0,0
2012,MG,3133204,0.2563543003851091,0.4522464698331194,0.2913992297817715,0.0,0,0
2016,MG,3133204,0.1655089500400748,0.6480096179535132,0.18648143200641196,0.0,0,0
2012,MG,3133303,0.0,0.3751239296980622,0.6248760703019378,0.0,0,0
2016,MG,3133303,0.0,1.0,0.0,0.0,0,0
2012,MG,3133402,0.4275511439293064,0.5724488560706936,0.0,0.0,0,0
2016,MG,3133402,0.49747563696137137,0.5025243630386286,0.0,0.0,0,0
2012,MG,3133501,0.9798810840707964,0.0,0.020118915929203538,0.0,0,0
2016,MG,3133501,1.0,0.0,0.0,0.0,0,0
2012,MG,3133709,0.14910834707028323,0.8508916529297168,0.0,0.0,0,0
2016,MG,3133709,0.0,1.0,0.0,0.0,0,0
2012,MG,3133758,1.0,0.0,0.0,0.0,0,0
2016,MG,3133758,1.0,0.0,0.0,0.0,0,0
2012,MG,3133808,0.4534703484700614,0.5465296515299386,0.0,0.0,0,0
2016,MG,3133808,0.6913766143510743,0.29860427404876355,0.010019111600162159,0.0,0,0
2012,MG,3133907,0.9291111111111111,0.0,0.07088888888888889,0.0,0,0
2016,MG,3133907,0.9569347688410387,0.0,0.04306523115896137,0.0,0,0
2012,MG,3134004,0.061826508620689655,0.8957435344827587,0.04242995689655173,0.0,0,0
2016,MG,3134004,0.0,0.9815616879099122,0.01843831209008786,0.0,0,0
2012,MG,3134103,0.5214659685863874,0.47853403141361256,0.0,0.0,1,0
2016,MG,3134103,0.0,1.0,0.0,0.0,1,1
2012,MG,3134202,0.39647176184392446,0.3595617704195033,0.2439664677365722,0.0,0,0
2016,MG,3134202,0.46920607898423505,0.5211469915412034,0.009646929474561543,0.0,0,0
2012,MG,3134301,0.5906382978723405,0.24404255319148938,0.16531914893617022,0.0,0,0
2016,MG,3134301,0.5085590465872156,0.4914409534127844,0.0,0.0,0,0
2012,MG,3134509,0.49769129287598945,0.5023087071240105,0.0,0.0,0,0
2016,MG,3134509,0.47596950613191913,0.5240304938680809,0.0,0.0,0,0
2012,MG,3134608,0.0,1.0,0.0,0.0,0,0
2016,MG,3134608,0.765756594169366,0.23424340583063397,0.0,0.0,0,0
2012,MG,3134707,0.6054738681030718,0.39452613189692826,0.0,0.0,0,0
2016,MG,3134707,0.5687914168507415,0.4312085831492584,0.0,0.0,0,0
2012,MG,3134806,0.0,1.0,0.0,0.0,0,0
2016,MG,3134806,0.21232339089481947,0.7876766091051806,0.0,0.0,0,0
2012,MG,3134905,0.4063404748118124,0.5936595251881877,0.0,0.0,0,0
2016,MG,3134905,0.009426661976785086,0.9905733380232149,0.0,0.0,0,0
2012,MG,3135001,1.0,0.0,0.0,0.0,0,0
2016,MG,3135001,0.8717080511662905,0.12829194883370956,0.0,0.0,0,0
2012,MG,3135050,0.030046051892620464,0.4552959676513535,0.5146579804560261,0.0,0,0
2016,MG,3135050,0.47078105572510454,0.0,0.5292189442748955,0.0,0,0
2012,MG,3135209,0.3295833463180529,0.0945495341082614,0.5758671195736856,0.0,0,0
2016,MG,3135209,0.1715880390383836,0.7705091827507717,0.05790277821084469,0.0,0,0
2012,MG,3135308,0.47030218825981246,0.026398054880166725,0.5032997568600208,0.0,0,0
2016,MG,3135308,0.6575637800934243,0.34243621990657563,0.0,0.0,0,0
2012,MG,3135357,1.0,0.0,0.0,0.0,0,0
2016,MG,3135357,0.8409888357256778,0.15901116427432216,0.0,0.0,0,0
2012,MG,3135407,0.0,1.0,0.0,0.0,0,0
2016,MG,3135407,0.0,0.6206470224603338,0.3793529775396662,0.0,0,0
2012,MG,3135456,0.0,1.0,0.0,0.0,0,0
2016,MG,3135456,0.0,0.9541622760800843,0.0458377239199157,0.0,0,0
2012,MG,3135506,0.0,1.0,0.0,0.0,0,0
2016,MG,3135506,0.0,1.0,0.0,0.0,0,0
2012,MG,3135605,0.6486486486486487,0.0,0.35135135135135137,0.0,0,0
2016,MG,3135605,0.7008530053560802,0.29914699464391986,0.0,0.0,0,0
2012,MG,3135803,0.4089504884361693,0.5910495115638307,0.0,0.0,0,0
2016,MG,3135803,0.0,1.0,0.0,0.0,0,0
2012,MG,3135902,0.0,1.0,0.0,0.0,0,0
2016,MG,3135902,1.0,0.0,0.0,0.0,0,0
2012,MG,3136009,0.35586075605112866,0.0,0.6441392439488713,0.0,0,0
2016,MG,3136009,0.19211072664359863,0.5753633217993079,0.23252595155709344,0.0,0,0
2012,MG,3136108,0.0,0.6441136671177267,0.35588633288227334,0.0,0,0
2016,MG,3136108,0.2772981208735399,0.7227018791264601,0.0,0.0,0,0
2012,MG,3136207,0.0,0.7987294184829161,0.20127058151708385,0.0,0,0
2016,MG,3136207,0.0,1.0,0.0,0.0,0,0
2012,MG,3136306,0.055581723975506356,0.9444182760244937,0.0,0.0,0,0
2016,MG,3136306,0.43040839050321467,0.5695916094967853,0.0,0.0,0,0
2012,MG,3136405,0.5411479944674965,0.45885200553250344,0.0,0.0,1,0
2016,MG,3136405,0.3814827706230421,0.6185172293769579,0.0,0.0,1,1
2012,MG,3136504,0.0,1.0,0.0,0.0,0,0
2016,MG,3136504,0.0,1.0,0.0,0.0,0,0
2012,MG,3136520,0.4459216672655408,0.5540783327344592,0.0,0.0,0,0
2016,MG,3136520,0.0,1.0,0.0,0.0,0,0
2012,MG,3136553,0.0,0.4373479318734793,0.5626520681265207,0.0,0,0
2016,MG,3136553,0.09219644471226272,0.6251883097318469,0.28261524555589035,0.0,0,0
2012,MG,3136579,0.0,1.0,0.0,0.0,0,0
2016,MG,3136579,0.573687994248742,0.0,0.4263120057512581,0.0,0,0
2012,MG,3136603,0.3425047438330171,0.6574952561669829,0.0,0.0,0,0
2016,MG,3136603,0.0,1.0,0.0,0.0,0,0
2012,MG,3136652,0.0,0.90625,0.09375,0.0,0,0
2016,MG,3136652,0.6632581218359205,0.3367418781640795,0.0,0.0,0,0
2012,MG,3136801,0.6060070671378092,0.39399293286219084,0.0,0.0,1,0
2016,MG,3136801,0.7157485875706214,0.0,0.2842514124293785,0.0,1,1
2012,MG,3136900,0.30455361514607476,0.6954463848539253,0.0,0.0,0,0
2016,MG,3136900,0.0,1.0,0.0,0.0,0,0
2012,MG,3136959,0.5398731309469869,0.0,0.46012686905301314,0.0,0,0
2016,MG,3136959,0.3931909212283044,0.0,0.6068090787716955,0.0,0,0
2012,MG,3137106,0.4751596877217885,0.5248403122782115,0.0,0.0,0,0
2016,MG,3137106,0.44450499545867395,0.555495004541326,0.0,0.0,0,0
2012,MG,3137205,0.15594617717974643,0.7189079878665319,0.1251458349537217,0.0,0,0
2016,MG,3137205,0.0,1.0,0.0,0.0,0,0
2012,MG,3137304,1.0,0.0,0.0,0.0,0,0
2016,MG,3137304,0.9804478082623778,0.019552191737622203,0.0,0.0,0,0
2012,MG,3137502,0.42607856892318485,0.5739214310768151,0.0,0.0,0,0
2016,MG,3137502,0.0,1.0,0.0,0.0,0,0
2012,MG,3137536,0.5078836720392431,0.4921163279607568,0.0,0.0,0,0
2016,MG,3137536,0.44194508766126367,0.5580549123387364,0.0,0.0,0,0
2012,MG,3137601,0.08807131057268723,0.9119286894273128,0.0,0.0,0,0
2016,MG,3137601,0.0,1.0,0.0,0.0,0,0
2012,MG,3137700,0.0,1.0,0.0,0.0,0,0
2016,MG,3137700,0.0,1.0,0.0,0.0,0,0
2012,MG,3137809,0.0,0.5546072257209148,0.4453927742790852,0.0,0,0
2016,MG,3137809,0.2531252553313179,0.6096903341776289,0.13718441049105318,0.0,0,0
2012,MG,3137908,0.39124579124579123,0.6087542087542087,0.0,0.0,0,0
2016,MG,3137908,0.0,1.0,0.0,0.0,0,0
2012,MG,3138005,0.47323888232979144,0.5267611176702086,0.0,0.0,0,0
2016,MG,3138005,1.0,0.0,0.0,0.0,0,0
2012,MG,3138104,0.23585787751285647,0.0,0.7641421224871435,0.0,0,0
2016,MG,3138104,0.0,1.0,0.0,0.0,0,0
2012,MG,3138203,0.46878116505993467,0.3788889106161638,0.15232992432390152,0.0,0,0
2016,MG,3138203,0.9687795065478878,0.0,0.031220493452112155,0.0,0,0
2012,MG,3138302,0.0,1.0,0.0,0.0,0,0
2016,MG,3138302,0.0,1.0,0.0,0.0,0,0
2012,MG,3138351,0.0,0.5701725822207749,0.429827417779225,0.0,0,0
2016,MG,3138351,0.5560246833387463,0.0,0.44397531666125367,0.0,0,0
2012,MG,3138401,1.0,0.0,0.0,0.0,0,0
2016,MG,3138401,1.0,0.0,0.0,0.0,0,0
2012,MG,3138609,0.019522365428354813,0.5517437452615618,0.4287338893100834,0.0,0,0
2016,MG,3138609,1.0,0.0,0.0,0.0,0,0
2012,MG,3138658,0.4416430121890132,0.5583569878109869,0.0,0.0,0,0
2016,MG,3138658,0.0,1.0,0.0,0.0,0,0
2012,MG,3138682,0.5452751589563692,0.45472484104363076,0.0,0.0,0,0
2016,MG,3138682,0.7929497568881686,0.20705024311183146,0.0,0.0,0,0
2012,MG,3138708,0.6319137168141593,0.0,0.3680862831858407,0.0,0,0
2016,MG,3138708,1.0,0.0,0.0,0.0,0,0
2012,MG,3138807,0.5310406431442608,0.4689593568557392,0.0,0.0,0,0
2016,MG,3138807,0.3367401350870956,0.45662993245645217,0.2066299324564522,0.0,0,0
2012,MG,3138906,0.47414372061786436,0.5258562793821356,0.0,0.0,0,0
2016,MG,3138906,1.0,0.0,0.0,0.0,0,0
2012,MG,3139102,0.6736577181208053,0.3263422818791946,0.0,0.0,1,0
2016,MG,3139102,0.0,1.0,0.0,0.0,1,1
2012,MG,3139201,0.46536275171018404,0.534637248289816,0.0,0.0,0,0
2016,MG,3139201,1.0,0.0,0.0,0.0,0,0
2012,MG,3139300,0.22292314526876944,0.3856063971568192,0.39147045757441135,0.0,0,0
2016,MG,3139300,0.0,0.5670962199312715,0.43290378006872854,0.0,0,0
2012,MG,3139508,0.3070110701107011,0.4010660106601066,0.2919229192291923,0.0,0,0
2016,MG,3139508,0.44588254327778676,0.12101601682575636,0.4331014398964569,0.0,0,0
2012,MG,3139706,0.27301153019347274,0.7269884698065273,0.0,0.0,0,0
2016,MG,3139706,0.0,1.0,0.0,0.0,0,0
2012,MG,3139805,0.0,1.0,0.0,0.0,1,0
2016,MG,3139805,0.0,1.0,0.0,0.0,1,1
2012,MG,3139904,0.6605263157894737,0.0,0.3394736842105263,0.0,0,0
2016,MG,3139904,0.6728192914557904,0.12622804406073235,0.20095266448347723,0.0,0,0
2012,MG,3140159,0.0,0.6728157827312324,0.3271842172687676,0.0,0,0
2016,MG,3140159,0.012903949730700179,0.9870960502692998,0.0,0.0,0,0
2012,MG,3140209,0.3862433862433862,0.6137566137566137,0.0,0.0,0,0
2016,MG,3140209,0.0,1.0,0.0,0.0,0,0
2012,MG,3140308,0.4873172187406744,0.29304685168606387,0.21963592957326172,0.0,0,0
2016,MG,3140308,0.5697674418604651,0.43023255813953487,0.0,0.0,0,0
2012,MG,3140506,0.5545751238970144,0.4454248761029856,0.0,0.0,0,0
2016,MG,3140506,0.46366863905325445,0.5363313609467456,0.0,0.0,0,0
2012,MG,3140530,0.0,1.0,0.0,0.0,0,0
2016,MG,3140530,0.0,1.0,0.0,0.0,0,0
2012,MG,3140605,0.4587894397939472,0.5412105602060528,0.0,0.0,0,0
2016,MG,3140605,0.55072,0.44928,0.0,0.0,0,0
2012,MG,3140704,0.043679437349620584,0.9563205626503795,0.0,0.0,0,0
2016,MG,3140704,1.0,0.0,0.0,0.0,0,0
2012,MG,3140803,0.0,1.0,0.0,0.0,0,0
2016,MG,3140803,0.7984229231452687,0.0,0.20157707685473122,0.0,0,0
2012,MG,3140852,0.6986330178759201,0.3013669821240799,0.0,0.0,0,0
2016,MG,3140852,1.0,0.0,0.0,0.0,0,0
2012,MG,3141009,0.07915690866510539,0.5161592505854801,0.40468384074941455,0.0,0,0
2016,MG,3141009,0.038741488612350314,0.9612585113876497,0.0,0.0,0,0
2012,MG,3141207,0.0,1.0,0.0,0.0,0,0
2016,MG,3141207,0.2491178546224418,0.7508821453775583,0.0,0.0,0,0
2012,MG,3141405,0.6319857312722948,0.3680142687277051,0.0,0.0,0,0
2016,MG,3141405,0.04880093912460171,0.5427637095421768,0.4084353513332215,0.0,0,0
2012,MG,3141603,0.6799691833590139,0.32003081664098615,0.0,0.0,0,0
2016,MG,3141603,1.0,0.0,0.0,0.0,0,0
2012,MG,3141702,0.0,0.7594132029339853,0.24058679706601466,0.0,0,0
2016,MG,3141702,1.0,0.0,0.0,0.0,0,0
2012,MG,3141801,0.3125335377539287,0.6874664622460713,0.0,0.0,0,0
2016,MG,3141801,0.6324622745675377,0.36753772543246227,0.0,0.0,0,0
2012,MG,3141900,0.4667910447761194,0.5332089552238806,0.0,0.0,0,0
2016,MG,3141900,0.41419261404779145,0.5858073859522085,0.0,0.0,0,0
2012,MG,3142106,0.0,1.0,0.0,0.0,1,0
2016,MG,3142106,0.4674043062200957,0.5325956937799043,0.0,0.0,1,1
2012,MG,3142254,1.0,0.0,0.0,0.0,0,0
2016,MG,3142254,0.5314189189189189,0.4685810810810811,0.0,0.0,0,0
2012,MG,3142403,0.40401785714285715,0.5959821428571429,0.0,0.0,0,0
2016,MG,3142403,0.0,1.0,0.0,0.0,0,0
2012,MG,3142502,0.43781344032096287,0.5621865596790371,0.0,0.0,0,0
2016,MG,3142502,0.0,1.0,0.0,0.0,0,0
2012,MG,3142601,0.0,0.4956140350877193,0.5043859649122807,0.0,0,0
2016,MG,3142601,0.0,0.6465932553337922,0.35340674466620786,0.0,0,0
2012,MG,3142700,0.5195116861435726,0.4804883138564274,0.0,0.0,0,0
2016,MG,3142700,0.31274416640270297,0.687255833597297,0.0,0.0,0,0
2012,MG,3142809,0.43520390967307043,0.5647960903269296,0.0,0.0,0,0
2016,MG,3142809,1.0,0.0,0.0,0.0,0,0
2012,MG,3142908,0.5013199944421287,0.49868000555787134,0.0,0.0,0,0
2016,MG,3142908,0.0,0.6124099497077613,0.3875900502922387,0.0,0,0
2012,MG,3143005,0.4924726002649645,0.31542815849692885,0.1920992412381067,0.0,0,0
2016,MG,3143005,0.5459453115831475,0.4540546884168525,0.0,0.0,0,0
2012,MG,3143153,0.0,0.7260504201680672,0.2739495798319328,0.0,0,0
2016,MG,3143153,0.5219426565242832,0.47805734347571677,0.0,0.0,0,0
2012,MG,3143203,0.5849637109498265,0.41503628905017353,0.0,0.0,0,0
2016,MG,3143203,0.05408345636801616,0.9459165436319839,0.0,0.0,0,0
2012,MG,3143401,0.0,0.4662526189763544,0.5337473810236456,0.0,0,0
2016,MG,3143401,0.35561380515508956,0.6443861948449104,0.0,0.0,0,0
2012,MG,3143500,0.0,1.0,0.0,0.0,0,0
2016,MG,3143500,0.0,1.0,0.0,0.0,0,0
2012,MG,3143609,1.0,0.0,0.0,0.0,1,0
2016,MG,3143609,0.5725031341412453,0.4274968658587547,0.0,0.0,1,1
2012,MG,3143708,0.7824588280352356,0.21754117196476447,0.0,0.0,0,0
2016,MG,3143708,0.0,1.0,0.0,0.0,0,0
2012,MG,3143807,0.4646808510638298,0.5353191489361702,0.0,0.0,0,0
2016,MG,3143807,1.0,0.0,0.0,0.0,0,0
2012,MG,3143906,0.31148110813723107,0.6885188918627689,0.0,0.0,0,0
2016,MG,3143906,0.6960624911635798,0.3039375088364202,0.0,0.0,0,0
2012,MG,3144003,0.31613541181945093,0.6838645881805491,0.0,0.0,0,0
2016,MG,3144003,0.0,0.45244904167934286,0.5475509583206571,0.0,0,0
2012,MG,3144102,0.5326004548900682,0.46739954510993176,0.0,0.0,0,0
2016,MG,3144102,0.41934293097083797,0.580657069029162,0.0,0.0,0,0
2012,MG,3144300,0.501751064836725,0.49824893516327495,0.0,0.0,0,0
2016,MG,3144300,0.4926717631591761,0.48590349125967763,0.021424745581146223,0.0,0,0
2012,MG,3144359,0.0,0.5936893203883495,0.40631067961165046,0.0,0,0
2016,MG,3144359,0.0,0.63013070396698,0.36986929603301993,0.0,0,0
2012,MG,3144375,0.5804059328649492,0.41959406713505076,0.0,0.0,0,0
2016,MG,3144375,0.7476671850699844,0.2523328149300155,0.0,0.0,0,0
2012,MG,3144409,0.38463735008566535,0.0,0.6153626499143346,0.0,0,0
2016,MG,3144409,0.46674514420247204,0.0,0.533254855797528,0.0,0,0
2012,MG,3144607,0.3059442889510862,0.07910169265627083,0.614954018392643,0.0,0,0
2016,MG,3144607,0.6907428409413099,0.3092571590586901,0.0,0.0,0,0
2012,MG,3144656,0.0,0.36018680677174547,0.6398131932282545,0.0,0,0
2016,MG,3144656,0.0,1.0,0.0,0.0,0,0
2012,MG,3144672,0.6691558441558442,0.0,0.33084415584415583,0.0,1,0
2016,MG,3144672,0.0,1.0,0.0,0.0,1,1
2012,MG,3144706,0.42948076748204056,0.3470946621805947,0.22342457033736474,0.0,0,0
2016,MG,3144706,0.0,0.6650576562080986,0.3349423437919013,0.0,0,0
2012,MG,3144805,0.44327176781002636,0.5567282321899736,0.0,0.0,0,0
2016,MG,3144805,0.9606439322573217,0.03935606774267831,0.0,0.0,0,0
2012,MG,3144904,0.5745441544511977,0.4254558455488023,0.0,0.0,1,0
2016,MG,3144904,0.0,1.0,0.0,0.0,1,1
2012,MG,3145000,0.6829714285714286,0.0,0.31702857142857144,0.0,0,0
2016,MG,3145000,0.41690318511510566,0.5830968148848944,0.0,0.0,0,0
2012,MG,3145059,0.0,1.0,0.0,0.0,1,0
2016,MG,3145059,0.29178145087235996,0.70821854912764,0.0,0.0,1,1
2012,MG,3145109,0.0,0.4397916666666667,0.5602083333333333,0.0,0,0
2016,MG,3145109,0.022567409144196953,0.34583821805392734,0.6315943728018757,0.0,0,0
2012,MG,3145208,0.0,1.0,0.0,0.0,0,0
2016,MG,3145208,0.0,1.0,0.0,0.0,0,0
2012,MG,3145307,0.4019202466886257,0.5269465274371015,0.0711332258742729,0.0,0,0
2016,MG,3145307,0.5473960039305601,0.4526039960694399,0.0,0.0,0,0
2012,MG,3145372,0.4897443101994942,0.5102556898005057,0.0,0.0,0,0
2016,MG,3145372,1.0,0.0,0.0,0.0,0,0
2012,MG,3145406,1.0,0.0,0.0,0.0,0,0
2016,MG,3145406,1.0,0.0,0.0,0.0,0,0
2012,MG,3145505,0.6034214618973561,0.0,0.3965785381026439,0.0,0,0
2016,MG,3145505,0.5149393090569561,0.0,0.4850606909430439,0.0,0,0
2012,MG,3145604,0.0,0.6489100147516801,0.35108998524831997,0.0,0,0
2016,MG,3145604,0.0,0.9807279630241004,0.019272036975899638,0.0,0,0
2012,MG,3145703,0.0,1.0,0.0,0.0,0,0
2016,MG,3145703,0.09788208357183743,0.9021179164281625,0.0,0.0,0,0
2012,MG,3145877,0.05063291139240506,0.9493670886075949,0.0,0.0,0,0
2016,MG,3145877,0.0,1.0,0.0,0.0,0,0
2012,MG,3145901,0.5994355091617759,0.4005644908382241,0.0,0.0,0,0
2016,MG,3145901,0.40014393666786613,0.44696833393306945,0.15288772939906442,0.0,0,0
2012,MG,3146008,0.0,1.0,0.0,0.0,0,0
2016,MG,3146008,0.0,1.0,0.0,0.0,0,0
2012,MG,3146107,0.26280962569203964,0.7310364602863004,0.006153914021660013,0.0,0,0
2016,MG,3146107,0.18527456515800017,0.8147254348419998,0.0,0.0,0,0
2012,MG,3146255,0.0,0.5026896180742335,0.49731038192576654,0.0,0,0
2016,MG,3146255,0.4648342764753436,0.5351657235246564,0.0,0.0,0,0
2012,MG,3146305,0.4357832219747587,0.038286138508855656,0.5259306395163856,0.0,0,0
2016,MG,3146305,0.8869722194363655,0.0,0.11302778056363454,0.0,0,0
2012,MG,3146503,0.0,0.4214398318444561,0.5785601681555439,0.0,0,0
2016,MG,3146503,0.0,1.0,0.0,0.0,0,0
2012,MG,3146552,0.5126835781041389,0.48731642189586116,0.0,0.0,0,0
2016,MG,3146552,0.5377406281661601,0.4622593718338399,0.0,0.0,0,0
2012,MG,3146602,0.48364153627311524,0.5163584637268848,0.0,0.0,0,0
2016,MG,3146602,1.0,0.0,0.0,0.0,0,0
2012,MG,3146701,1.0,0.0,0.0,0.0,0,0
2016,MG,3146701,1.0,0.0,0.0,0.0,0,0
2012,MG,3146750,0.4785330948121646,0.0,0.5214669051878354,0.0,0,0
2016,MG,3146750,0.5563811188811189,0.4436188811188811,0.0,0.0,0,0
2012,MG,3146909,0.5759251382390472,0.42407486176095277,0.0,0.0,0,0
2016,MG,3146909,0.2915687276443536,0.7084312723556464,0.0,0.0,0,0
2012,MG,3147006,0.0,0.9008035750891722,0.09919642491082777,0.0,0,0
2016,MG,3147006,0.06321673995183065,0.9367832600481694,0.0,0.0,0,0
2012,MG,3147204,0.5711642251349267,0.42883577486507324,0.0,0.0,0,0
2016,MG,3147204,0.0,1.0,0.0,0.0,0,0
2012,MG,3147303,0.0,0.5252533441426834,0.47474665585731657,0.0,0,0
2016,MG,3147303,0.5148358059676613,0.0,0.48516419403233874,0.0,0,0
2012,MG,3147402,1.0,0.0,0.0,0.0,0,0
2016,MG,3147402,0.44442939383677615,0.5555706061632238,0.0,0.0,0,0
2012,MG,3147501,0.4793014230271669,0.5206985769728332,0.0,0.0,1,0
2016,MG,3147501,1.0,0.0,0.0,0.0,1,1
2012,MG,3147600,0.0,1.0,0.0,0.0,0,0
2016,MG,3147600,0.39259021994448,0.6074097800555199,0.0,0.0,0,0
2012,MG,3147709,1.0,0.0,0.0,0.0,0,0
2016,MG,3147709,0.2655086848635236,0.7344913151364765,0.0,0.0,0,0
2012,MG,3147907,0.348264390604523,0.5894351288685775,0.062300480526899425,0.0,0,0
2016,MG,3147907,0.5641440352623347,0.4358559647376653,0.0,0.0,0,0
2012,MG,3148004,0.8422091978176387,0.15779080218236136,0.0,0.0,0,0
2016,MG,3148004,0.625175377657908,0.374824622342092,0.0,0.0,0,0
2012,MG,3148103,0.5381899116142701,0.4618100883857299,0.0,0.0,0,0
2016,MG,3148103,0.33029142735588174,0.627079344820251,0.042629227823867265,0.0,0,0
2012,MG,3148202,0.42649647887323944,0.5735035211267606,0.0,0.0,0,0
2016,MG,3148202,0.5641025641025641,0.4358974358974359,0.0,0.0,0,0
2012,MG,3148301,0.0,1.0,0.0,0.0,0,0
2016,MG,3148301,1.0,0.0,0.0,0.0,0,0
2012,MG,3148400,0.0,0.7616454930429523,0.2383545069570478,0.0,0,0
2016,MG,3148400,0.0,0.7712486883525709,0.22875131164742918,0.0,0,0
2012,MG,3148707,0.9760025013679355,0.02399749863206441,0.0,0.0,0,0
2016,MG,3148707,1.0,0.0,0.0,0.0,0,0
2012,MG,3148756,1.0,0.0,0.0,0.0,1,0
2016,MG,3148756,0.791484942886812,0.20851505711318796,0.0,0.0,1,1
2012,MG,3148806,0.4832285115303983,0.5167714884696016,0.0,0.0,0,0
2016,MG,3148806,0.020428015564202335,0.9795719844357976,0.0,0.0,0,0
2012,MG,3148905,0.4882775867458581,0.5117224132541419,0.0,0.0,1,0
2016,MG,3148905,0.4269314303443996,0.5730685696556004,0.0,0.0,1,1
2012,MG,3149002,0.0,0.7317487266553481,0.26825127334465193,0.0,0,0
2016,MG,3149002,0.0,1.0,0.0,0.0,0,0
2012,MG,3149101,0.25705713896086185,0.11264148370380472,0.6303013773353334,0.0,0,0
2016,MG,3149101,0.2335975943138327,0.47731000546746855,0.28909240021869875,0.0,0,0
2012,MG,3149150,0.3088616341337018,0.664017965106236,0.027120400760062186,0.0,0,0
2016,MG,3149150,1.0,0.0,0.0,0.0,0,0
2012,MG,3149200,0.8450405930109425,0.0,0.15495940698905752,0.0,0,0
2016,MG,3149200,0.515516611902154,0.4844833880978459,0.0,0.0,0,0
2012,MG,3149309,0.5888800994462651,0.4111199005537349,0.0,0.0,0,0
2016,MG,3149309,0.6702961170641779,0.3297038829358221,0.0,0.0,0,0
2012,MG,3149408,0.0,1.0,0.0,0.0,0,0
2016,MG,3149408,0.0,1.0,0.0,0.0,0,0
2012,MG,3149507,0.028044563964656165,0.9719554360353438,0.0,0.0,0,0
2016,MG,3149507,0.0,1.0,0.0,0.0,0,0
2012,MG,3149705,0.6616655428186109,0.3383344571813891,0.0,0.0,0,0
2016,MG,3149705,0.3756265664160401,0.6243734335839599,0.0,0.0,0,0
2012,MG,3149804,0.0,1.0,0.0,0.0,0,0
2016,MG,3149804,0.42459142261708893,0.5754085773829111,0.0,0.0,0,0
2012,MG,3149903,0.6963857348472733,0.3036142651527267,0.0,0.0,0,0
2016,MG,3149903,0.39736757105943155,0.6026324289405685,0.0,0.0,0,0
2012,MG,3150109,0.5794753086419753,0.42052469135802467,0.0,0.0,1,0
2016,MG,3150109,0.47236789027833803,0.527632109721662,0.0,0.0,1,1
2012,MG,3150208,0.47908863920099876,0.5209113607990012,0.0,0.0,0,0
2016,MG,3150208,0.5817792723937634,0.41822072760623663,0.0,0.0,0,0
2012,MG,3150307,0.6450567260940032,0.3549432739059968,0.0,0.0,0,0
2016,MG,3150307,0.10914927768860354,0.8131621187800963,0.07768860353130017,0.0,0,0
2012,MG,3150406,0.5342394145321484,0.46576058546785154,0.0,0.0,0,0
2016,MG,3150406,1.0,0.0,0.0,0.0,0,0
2012,MG,3150505,0.5434936350777935,0.45650636492220653,0.0,0.0,0,0
2016,MG,3150505,0.0,1.0,0.0,0.0,0,0
2012,MG,3150570,0.44765659220324133,0.007227332457293035,0.5451160753394656,0.0,0,0
2016,MG,3150570,0.6004158004158004,0.11891891891891893,0.2806652806652807,0.0,0,0
2012,MG,3150604,0.2602321319486866,0.7397678680513133,0.0,0.0,0,0
2016,MG,3150604,0.0,1.0,0.0,0.0,0,0
2012,MG,3150703,0.6634615384615384,0.0,0.33653846153846156,0.0,0,0
2016,MG,3150703,0.6158392434988179,0.38416075650118203,0.0,0.0,0,0
2012,MG,3150901,0.0,0.8900160170848905,0.10998398291510945,0.0,0,0
2016,MG,3150901,0.6966751918158568,0.20895140664961637,0.09437340153452685,0.0,0,0
2012,MG,3151008,0.0,0.4731843575418994,0.5268156424581005,0.0,0,0
2016,MG,3151008,0.6460276016411787,0.0,0.3539723983588213,0.0,0,0
2012,MG,3151107,0.5371413934426229,0.46285860655737704,0.0,0.0,0,0
2016,MG,3151107,1.0,0.0,0.0,0.0,0,0
2012,MG,3151206,0.0,1.0,0.0,0.0,0,0
2016,MG,3151206,0.5187085093542547,0.48129149064574533,0.0,0.0,0,0
2012,MG,3151305,0.0,0.4877370417193426,0.5122629582806574,0.0,0,0
2016,MG,3151305,0.5500125031257814,0.4499874968742186,0.0,0.0,0,0
2012,MG,3151404,0.0,0.7654095038891431,0.23459049611085692,0.0,0,0
2016,MG,3151404,0.15795461728082927,0.8420453827191707,0.0,0.0,0,0
2012,MG,3151503,0.40155218464949854,0.53338708864587,0.06506072670463135,0.0,0,0
2016,MG,3151503,0.4118803366300141,0.5881196633699859,0.0,0.0,0,0
2012,MG,3151602,0.6067731440402248,0.3932268559597752,0.0,0.0,0,0
2016,MG,3151602,0.5521155830753354,0.44788441692466463,0.0,0.0,0,0
2012,MG,3151701,0.0,0.45010240178737665,0.5498975982126233,0.0,0,0
2016,MG,3151701,0.0,0.45382927802153966,0.5461707219784603,0.0,0,0
2012,MG,3152006,0.4116495913433867,0.5563485668239899,0.03200184183262346,0.0,0,0
2016,MG,3152006,0.6164171122994653,0.3783422459893048,0.005240641711229946,0.0,0,0
2012,MG,3152131,0.5188246097337006,0.48117539026629935,0.0,0.0,0,0
2016,MG,3152131,0.0,1.0,0.0,0.0,0,0
2012,MG,3152170,0.0,0.5547945205479452,0.4452054794520548,0.0,0,0
2016,MG,3152170,0.0,1.0,0.0,0.0,0,0
2012,MG,3152204,0.43587312532322015,0.562489225995518,0.0016376486812618514,0.0,0,0
2016,MG,3152204,0.44333057166528583,0.5566694283347142,0.0,0.0,0,0
2012,MG,3152600,0.0,1.0,0.0,0.0,0,0
2016,MG,3152600,0.3915114768297964,0.6084885231702035,0.0,0.0,0,0
2012,MG,3152709,0.0,0.45381740523224773,0.5461825947677522,0.0,0,0
2016,MG,3152709,0.0,1.0,0.0,0.0,0,0
2012,MG,3152808,0.0,1.0,0.0,0.0,0,0
2016,MG,3152808,0.45974977113213306,0.540250228867867,0.0,0.0,0,0
2012,MG,3152907,0.4558332007003024,0.5086742002228235,0.035492599076874104,0.0,0,0
2016,MG,3152907,0.5714993394980185,0.0,0.4285006605019815,0.0,0,0
2012,MG,3153004,1.0,0.0,0.0,0.0,0,0
2016,MG,3153004,1.0,0.0,0.0,0.0,0,0
2012,MG,3153301,1.0,0.0,0.0,0.0,0,0
2016,MG,3153301,0.25368603642671295,0.746313963573287,0.0,0.0,0,0
2012,MG,3153400,0.250980090706434,0.749019909293566,0.0,0.0,0,0
2016,MG,3153400,0.0,1.0,0.0,0.0,0,0
2012,MG,3153509,0.0,1.0,0.0,0.0,0,0
2016,MG,3153509,0.2510072522159549,0.7489927477840451,0.0,0.0,0,0
2012,MG,3153608,0.40036351619299404,0.0,0.599636483807006,0.0,1,0
2016,MG,3153608,0.5152459016393443,0.018524590163934426,0.4662295081967213,0.0,1,1
2012,MG,3153707,0.0,1.0,0.0,0.0,0,0
2016,MG,3153707,0.0,1.0,0.0,0.0,0,0
2012,MG,3153806,0.44593202883625127,0.5540679711637487,0.0,0.0,0,0
2016,MG,3153806,1.0,0.0,0.0,0.0,0,0
2012,MG,3153905,0.49724972497249725,0.45074507450745077,0.052005200520052,0.0,0,0
2016,MG,3153905,0.27172883923499336,0.7282711607650066,0.0,0.0,0,0
2012,MG,3154002,0.7461894799760909,0.25381052002390914,0.0,0.0,0,0
2016,MG,3154002,0.5053870252922747,0.49461297470772525,0.0,0.0,0,0
2012,MG,3154101,0.0,1.0,0.0,0.0,0,0
2016,MG,3154101,0.0,1.0,0.0,0.0,0,0
2012,MG,3154200,0.38685512367491165,0.31773851590106006,0.2954063604240283,0.0,0,0
2016,MG,3154200,0.6491278238490135,0.0,0.35087217615098654,0.0,0,0
2012,MG,3154408,0.4797336421540243,0.0,0.5202663578459756,0.0,0,0
2016,MG,3154408,0.5906883747500714,0.0,0.4093116252499286,0.0,0,0
2012,MG,3154457,0.0,1.0,0.0,0.0,0,0
2016,MG,3154457,0.0,1.0,0.0,0.0,0,0
2012,MG,3154507,0.0,1.0,0.0,0.0,0,0
2016,MG,3154507,0.40766309975837073,0.5284777355885398,0.0638591646530894,0.0,0,0
2012,MG,3154606,0.03398300440838493,0.37939100493182953,0.5866259906597856,0.0,0,0
2016,MG,3154606,0.5467286742689685,0.376815633560553,0.07645569217047843,0.0,0,0
2012,MG,3154705,0.42279138827023016,0.5772086117297699,0.0,0.0,0,0
2016,MG,3154705,0.6769911504424779,0.0,0.3230088495575221,0.0,0,0
2012,MG,3154804,0.5505940188447358,0.44940598115526426,0.0,0.0,0,0
2016,MG,3154804,0.07609798521524859,0.7835918249021597,0.14031018988259167,0.0,0,0
2012,MG,3154903,0.6164649463347797,0.3835350536652204,0.0,0.0,0,0
2016,MG,3154903,0.0,1.0,0.0,0.0,0,0
2012,MG,3155009,0.0,0.40735221063089916,0.5926477893691009,0.0,0,0
2016,MG,3155009,0.40610205155181484,0.0,0.5938979484481852,0.0,0,0
2012,MG,3155108,0.0,1.0,0.0,0.0,0,0
2016,MG,3155108,0.46367896895137667,0.5363210310486233,0.0,0.0,0,0
2012,MG,3155207,0.4939083820662768,0.5060916179337231,0.0,0.0,0,0
2016,MG,3155207,0.5021040974529347,0.49789590254706534,0.0,0.0,0,0
2012,MG,3155306,0.5339280886726142,0.4660719113273858,0.0,0.0,0,0
2016,MG,3155306,0.44521783964939415,0.5547821603506058,0.0,0.0,0,0
2012,MG,3155603,0.9154509283819628,0.0,0.08454907161803714,0.0,0,0
2016,MG,3155603,0.7107349903378424,0.14526554274671818,0.14399946691543947,0.0,0,0
2012,MG,3155702,0.4644802905672471,0.535519709432753,0.0,0.0,0,0
2016,MG,3155702,0.5492294520547946,0.04173801369863014,0.4090325342465753,0.0,0,0
2012,MG,3155801,0.3080164641317131,0.691983535868287,0.0,0.0,0,0
2016,MG,3155801,0.032497678737233054,0.9675023212627669,0.0,0.0,0,0
2012,MG,3156007,0.0,1.0,0.0,0.0,0,0
2016,MG,3156007,0.6657866128280789,0.3342133871719211,0.0,0.0,0,0
2012,MG,3156205,0.0,0.5516908212560386,0.44830917874396137,0.0,0,0
2016,MG,3156205,0.09155261915998113,0.4700330344502124,0.43841434638980653,0.0,0,0
2012,MG,3156403,0.4011432414256893,0.0,0.5988567585743106,0.0,1,0
2016,MG,3156403,0.0,1.0,0.0,0.0,1,1
2012,MG,3156452,0.607898448519041,0.3921015514809591,0.0,0.0,0,0
2016,MG,3156452,0.4091877811982003,0.5908122188017997,0.0,0.0,0,0
2012,MG,3156502,0.0,1.0,0.0,0.0,0,0
2016,MG,3156502,0.0,1.0,0.0,0.0,0,0
2012,MG,3156601,0.0,1.0,0.0,0.0,0,0
2016,MG,3156601,1.0,0.0,0.0,0.0,0,0
2012,MG,3156700,0.0819004075141636,0.9020806414206672,0.016018951065169134,0.0,0,0
2016,MG,3156700,0.14784755438975467,0.8356889368924548,0.016463508717790464,0.0,0,0
2012,MG,3156809,0.4170692431561997,0.16412733804038152,0.4188034188034188,0.0,0,0
2016,MG,3156809,0.6919847328244275,0.0,0.30801526717557254,0.0,0,0
2012,MG,3156908,0.5273558187435633,0.47264418125643665,0.0,0.0,0,0
2016,MG,3156908,0.0646058118752896,0.9353941881247104,0.0,0.0,0,0
2012,MG,3157005,0.0,0.40355479173262176,0.5964452082673782,0.0,0,0
2016,MG,3157005,0.5300044189129474,0.09235528060097216,0.37764030048608044,0.0,0,0
2012,MG,3157104,0.5673671199011124,0.4326328800988875,0.0,0.0,0,0
2016,MG,3157104,0.53183128111082,0.46816871888918,0.0,0.0,0,0
2012,MG,3157203,0.4205246468722975,0.5794753531277025,0.0,0.0,0,0
2016,MG,3157203,1.0,0.0,0.0,0.0,0,0
2012,MG,3157278,1.0,0.0,0.0,0.0,1,0
2016,MG,3157278,0.4793569601753745,0.5206430398246255,0.0,0.0,1,1
2012,MG,3157302,0.0,0.9884615384615385,0.011538461538461539,0.0,0,0
2016,MG,3157302,0.0,1.0,0.0,0.0,0,0
2012,MG,3157377,0.0,1.0,0.0,0.0,0,0
2016,MG,3157377,0.0,1.0,0.0,0.0,0,0
2012,MG,3157401,0.5824146981627296,0.41758530183727033,0.0,0.0,0,0
2016,MG,3157401,0.3954802259887006,0.4772783099975436,0.12724146401375583,0.0,0,0
2012,MG,3157609,0.49347527472527475,0.0,0.5065247252747253,0.0,0,0
2016,MG,3157609,0.5255395683453238,0.4744604316546763,0.0,0.0,0,0
2012,MG,3157658,0.0,1.0,0.0,0.0,0,0
2016,MG,3157658,0.002301201738685758,0.9457939145998466,0.05190488366146766,0.0,0,0
2012,MG,3157708,0.5390582471420795,0.46094175285792055,0.0,0.0,0,0
2016,MG,3157708,0.3600525624178712,0.6399474375821288,0.0,0.0,0,0
2012,MG,3158102,0.544589774078478,0.45541022592152197,0.0,0.0,0,0
2016,MG,3158102,0.0,1.0,0.0,0.0,0,0
2012,MG,3158201,0.0,1.0,0.0,0.0,0,0
2016,MG,3158201,0.5549738219895288,0.44502617801047123,0.0,0.0,0,0
2012,MG,3158300,0.0,0.3844917637605464,0.6155082362394536,0.0,0,0
2016,MG,3158300,0.0,0.42475055432372505,0.5752494456762749,0.0,0,0
2012,MG,3158409,0.4874047066622473,0.5125952933377528,0.0,0.0,1,0
2016,MG,3158409,0.025218914185639228,0.9747810858143607,0.0,0.0,1,1
2012,MG,3158607,0.5455223880597015,0.4544776119402985,0.0,0.0,0,0
2016,MG,3158607,0.5306049822064057,0.0,0.4693950177935943,0.0,0,0
2012,MG,3158706,0.4723646723646724,0.5276353276353276,0.0,0.0,0,0
2016,MG,3158706,0.6502564102564102,0.34974358974358977,0.0,0.0,0,0
2012,MG,3158805,1.0,0.0,0.0,0.0,0,0
2016,MG,3158805,1.0,0.0,0.0,0.0,0,0
2012,MG,3158953,0.27068373399937556,0.35388698095535437,0.37542928504527007,0.0,0,0
2016,MG,3158953,0.7599485695917712,0.0,0.24005143040822888,0.0,0,0
2012,MG,3159001,0.0,1.0,0.0,0.0,0,0
2016,MG,3159001,0.4284680337756333,0.5715319662243667,0.0,0.0,0,0
2012,MG,3159100,0.9825396825396825,0.01746031746031746,0.0,0.0,0,0
2016,MG,3159100,1.0,0.0,0.0,0.0,0,0
2012,MG,3159209,0.9001458907440428,0.0,0.09985410925595721,0.0,0,0
2016,MG,3159209,1.0,0.0,0.0,0.0,0,0
2012,MG,3159308,0.5388095238095238,0.4611904761904762,0.0,0.0,1,0
2016,MG,3159308,0.7412458532989311,0.25875414670106894,0.0,0.0,1,1
2012,MG,3159407,0.6945975744211687,0.3054024255788313,0.0,0.0,0,0
2016,MG,3159407,0.5930109424638192,0.38581009530533006,0.02117896223085069,0.0,0,0
2012,MG,3159605,0.86836487142164,0.0,0.13163512857836002,0.0,0,0
2016,MG,3159605,0.7770628993071178,0.22293710069288222,0.0,0.0,0,0
2012,MG,3159704,1.0,0.0,0.0,0.0,0,0
2016,MG,3159704,0.4529532967032967,0.5470467032967034,0.0,0.0,0,0
2012,MG,3159803,0.0,1.0,0.0,0.0,0,0
2016,MG,3159803,0.0,1.0,0.0,0.0,0,0
2012,MG,3159902,1.0,0.0,0.0,0.0,0,0
2016,MG,3159902,0.27239628245664466,0.7276037175433554,0.0,0.0,0,0
2012,MG,3160009,0.0,0.5068587105624143,0.49314128943758573,0.0,0,0
2016,MG,3160009,0.0,1.0,0.0,0.0,0,0
2012,MG,3160108,0.5091416176014875,0.49085838239851254,0.0,0.0,0,0
2016,MG,3160108,0.4631111111111111,0.5368888888888889,0.0,0.0,0,0
2012,MG,3160207,0.0,1.0,0.0,0.0,0,0
2016,MG,3160207,0.0,0.19835943325876212,0.8016405667412378,0.0,0,0
2012,MG,3160306,0.842809364548495,0.15719063545150502,0.0,0.0,0,0
2016,MG,3160306,0.4336051252184042,0.4142399534071054,0.15215492137449038,0.0,0,0
2012,MG,3160454,0.3239099185433637,0.5368950646861523,0.13919501677048396,0.0,0,0
2016,MG,3160454,0.3814781433077963,0.0,0.6185218566922037,0.0,0,0
2012,MG,3160603,0.0,1.0,0.0,0.0,1,0
2016,MG,3160603,0.4573295222539812,0.5426704777460187,0.0,0.0,1,1
2012,MG,3160702,0.5167782964616737,0.3880657600974224,0.09515594344090386,0.0,0,0
2016,MG,3160702,0.2908245459871119,0.5542984768599882,0.15487697715289983,0.0,0,0
2012,MG,3160801,0.0,0.5422680412371134,0.4577319587628866,0.0,1,0
2016,MG,3160801,0.0,0.6689778129952456,0.33102218700475433,0.0,1,1
2012,MG,3160900,0.4811715481171548,0.3103841764929631,0.20844427538988208,0.0,0,0
2016,MG,3160900,0.6325581395348837,0.0,0.3674418604651163,0.0,0,0
2012,MG,3160959,0.42381056785792587,0.5761894321420741,0.0,0.0,1,0
2016,MG,3160959,0.5512129380053908,0.44878706199460916,0.0,0.0,1,1
2012,MG,3161007,0.3660130718954248,0.6339869281045751,0.0,0.0,0,0
2016,MG,3161007,0.3973634651600753,0.6026365348399246,0.0,0.0,0,0
2012,MG,3161106,0.0,1.0,0.0,0.0,0,0
2016,MG,3161106,0.42902452776994643,0.2929588384550324,0.27801663377502117,0.0,0,0
2012,MG,3161205,0.6500435540069687,0.3499564459930314,0.0,0.0,0,0
2016,MG,3161205,0.43082498401193775,0.5691750159880622,0.0,0.0,0,0
2012,MG,3161304,0.0,0.942176008115648,0.05782399188435201,0.0,0,0
2016,MG,3161304,0.5567058823529412,0.44329411764705884,0.0,0.0,0,0
2012,MG,3161403,0.4276762402088773,0.0,0.5723237597911227,0.0,0,0
2016,MG,3161403,0.4964997307485191,0.5035002692514808,0.0,0.0,0,0
2012,MG,3161502,0.0,1.0,0.0,0.0,0,0
2016,MG,3161502,0.0,0.6338183827592558,0.36618161724074416,0.0,0,0
2012,MG,3161601,0.6756935270805813,0.3243064729194188,0.0,0.0,0,0
2016,MG,3161601,0.6119063109954457,0.3880936890045543,0.0,0.0,0,0
2012,MG,3161650,0.7483333333333333,0.0,0.25166666666666665,0.0,0,0
2016,MG,3161650,0.4884074496389206,0.5115925503610794,0.0,0.0,0,0
2012,MG,3161700,0.0,1.0,0.0,0.0,0,0
2016,MG,3161700,0.5076887766812027,0.49231122331879734,0.0,0.0,0,0
2012,MG,3161908,0.006523157208088715,0.9934768427919113,0.0,0.0,0,0
2016,MG,3161908,0.0,1.0,0.0,0.0,0,0
2012,MG,3162104,0.3178286148997446,0.3191327500950932,0.3630386350051622,0.0,0,0
2016,MG,3162104,0.3250365239976192,0.1610302472809913,0.5139332287213896,0.0,0,0
2012,MG,3162203,0.0,1.0,0.0,0.0,0,0
2016,MG,3162203,0.28837393543275897,0.7116260645672411,0.0,0.0,0,0
2012,MG,3162252,0.0,0.6851296043656208,0.31487039563437924,0.0,0,0
2016,MG,3162252,0.4490316004077472,0.5509683995922529,0.0,0.0,0,0
2012,MG,3162302,0.5442260442260443,0.4557739557739558,0.0,0.0,0,0
2016,MG,3162302,0.5546218487394958,0.44537815126050423,0.0,0.0,0,0
2012,MG,3162401,0.38651714866548625,0.6134828513345137,0.0,0.0,0,0
2016,MG,3162401,0.02949262684328918,0.4412646838290427,0.529242689327668,0.0,0,0
2012,MG,3162450,0.0,0.4231086204054722,0.5768913795945277,0.0,0,0
2016,MG,3162450,0.46891418563922943,0.0,0.5310858143607706,0.0,0,0
2012,MG,3162658,0.6068515497553018,0.0,0.3931484502446982,0.0,0,0
2016,MG,3162658,0.45068664169787764,0.0,0.5493133583021224,0.0,0,0
2012,MG,3162708,0.0,0.7163640964007844,0.28363590359921564,0.0,0,0
2016,MG,3162708,1.0,0.0,0.0,0.0,0,0
2012,MG,3162807,0.47867351496203664,0.5213264850379634,0.0,0.0,0,0
2016,MG,3162807,0.0,1.0,0.0,0.0,0,0
2012,MG,3162906,0.0,0.9157216335130446,0.08427836648695544,0.0,0,0
2016,MG,3162906,0.0,0.87673372485318,0.12326627514681994,0.0,0,0
2012,MG,3162922,0.573923847109552,0.42074106555579915,0.005335087334648834,0.0,0,0
2016,MG,3162922,0.6166746855453983,0.3833253144546017,0.0,0.0,0,0
2012,MG,3162948,1.0,0.0,0.0,0.0,0,0
2016,MG,3162948,0.0,1.0,0.0,0.0,0,0
2012,MG,3162955,0.35602922346915716,0.0,0.6439707765308428,0.0,0,0
2016,MG,3162955,0.14542069992553983,0.4434102755026061,0.41116902457185406,0.0,0,0
2012,MG,3163003,0.0,1.0,0.0,0.0,0,0
2016,MG,3163003,0.0,0.5945945945945946,0.40540540540540543,0.0,0,0
2012,MG,3163201,1.0,0.0,0.0,0.0,0,0
2016,MG,3163201,0.4157374960178401,0.58426250398216,0.0,0.0,0,0
2012,MG,3163409,0.5519203413940256,0.41621621621621624,0.031863442389758176,0.0,0,0
2016,MG,3163409,0.4412878787878788,0.5587121212121212,0.0,0.0,0,0
2012,MG,3163607,0.4393647738209817,0.5606352261790183,0.0,0.0,0,0
2016,MG,3163607,0.3982717989002357,0.6017282010997643,0.0,0.0,0,0
2012,MG,3163706,0.3885046313149699,0.440885005864984,0.1706103628200461,0.0,0,0
2016,MG,3163706,0.8991024838238364,0.08290544771446462,0.01799206846169902,0.0,0,0
2012,MG,3163805,0.3993808049535604,0.02435500515995872,0.5762641898864809,0.0,0,0
2016,MG,3163805,0.4297253634894992,0.5702746365105008,0.0,0.0,0,0
2012,MG,3163904,0.0,0.4893192822557676,0.5106807177442324,0.0,0,0
2016,MG,3163904,0.0,1.0,0.0,0.0,0,0
2012,MG,3164001,0.1886867088607595,0.8113132911392406,0.0,0.0,0,0
2016,MG,3164001,0.6524738813325448,0.34752611866745514,0.0,0.0,0,0
2012,MG,3164209,0.5173692427790788,0.48263075722092114,0.0,0.0,0,0
2016,MG,3164209,0.0,1.0,0.0,0.0,0,0
2012,MG,3164308,0.44333333333333336,0.5566666666666666,0.0,0.0,0,0
2016,MG,3164308,0.835547810934437,0.16445218906556305,0.0,0.0,0,0
2012,MG,3164407,0.42139303482587065,0.0,0.5786069651741294,0.0,0,0
2016,MG,3164407,0.17304678755316769,0.0,0.8269532124468323,0.0,0,0
2012,MG,3164431,0.0,1.0,0.0,0.0,1,0
2016,MG,3164431,0.45901639344262296,0.5409836065573771,0.0,0.0,1,1
2012,MG,3164506,1.0,0.0,0.0,0.0,0,0
2016,MG,3164506,0.5139212941359464,0.4860787058640535,0.0,0.0,0,0
2012,MG,3164605,0.49759384023099135,0.5024061597690087,0.0,0.0,0,0
2016,MG,3164605,0.0,1.0,0.0,0.0,0,0
2012,MG,3164704,0.41203935300983824,0.5879606469901617,0.0,0.0,0,0
2016,MG,3164704,0.2509878487180249,0.43456430672331325,0.31444784455866187,0.0,0,0
2012,MG,3164803,0.41653290529695025,0.5834670947030498,0.0,0.0,0,0
2016,MG,3164803,0.7523879500367376,0.0,0.2476120499632623,0.0,0,0
2012,MG,3164902,0.608259587020649,0.391740412979351,0.0,0.0,0,0
2016,MG,3164902,0.4208065458796026,0.5791934541203975,0.0,0.0,0,0
2012,MG,3165107,0.527392879982946,0.4726071200170539,0.0,0.0,0,0
2016,MG,3165107,0.4221652786675208,0.5778347213324792,0.0,0.0,0,0
2012,MG,3165206,0.0,0.3401495162708883,0.6598504837291117,0.0,1,0
2016,MG,3165206,0.4221867517956903,0.1300877893056664,0.44772545889864324,0.0,1,1
2012,MG,3165404,0.0,1.0,0.0,0.0,0,0
2016,MG,3165404,0.0,1.0,0.0,0.0,0,0
2012,MG,3165503,1.0,0.0,0.0,0.0,0,0
2016,MG,3165503,0.5299503008108815,0.4700496991891185,0.0,0.0,0,0
2012,MG,3165537,0.12734652460679857,0.8726534753932014,0.0,0.0,0,0
2016,MG,3165537,0.8539179226202127,0.0,0.14608207737978732,0.0,0,0
2012,MG,3165552,0.0,1.0,0.0,0.0,0,0
2016,MG,3165552,0.42797599199733244,0.5720240080026675,0.0,0.0,0,0
2012,MG,3165560,0.4217285664699757,0.5782714335300243,0.0,0.0,0,0
2016,MG,3165560,0.49302163293789253,0.5069783670621074,0.0,0.0,0,0
2012,MG,3165578,0.5902048975512244,0.4097951024487756,0.0,0.0,0,0
2016,MG,3165578,0.44532130777903045,0.5546786922209695,0.0,0.0,0,0
2012,MG,3165602,0.6235693090292497,0.3764306909707503,0.0,0.0,1,0
2016,MG,3165602,0.0,0.97246850209986,0.027531497900139992,0.0,1,1
2012,MG,3165800,0.0,1.0,0.0,0.0,1,0
2016,MG,3165800,0.4785972150593089,0.521402784940691,0.0,0.0,1,1
2012,MG,3165909,0.5439866369710468,0.45601336302895323,0.0,0.0,0,0
2016,MG,3165909,0.4165298303229338,0.5834701696770662,0.0,0.0,0,0
2012,MG,3166006,1.0,0.0,0.0,0.0,1,0
2016,MG,3166006,0.5664221678891606,0.43357783211083945,0.0,0.0,1,1
2012,MG,3166105,0.4976671850699845,0.4762830482115086,0.026049766718507,0.0,0,0
2016,MG,3166105,0.5345029239766081,0.4654970760233918,0.0,0.0,0,0
2012,MG,3166204,0.5071561916614811,0.4651524579962663,0.027691350342252646,0.0,0,0
2016,MG,3166204,0.43162393162393164,0.5683760683760684,0.0,0.0,0,0
2012,MG,3166402,0.5108898568761667,0.4891101431238332,0.0,0.0,1,0
2016,MG,3166402,1.0,0.0,0.0,0.0,1,1
2012,MG,3166501,0.41861355802374567,0.5813864419762543,0.0,0.0,0,0
2016,MG,3166501,0.0,1.0,0.0,0.0,0,0
2012,MG,3166600,0.0,1.0,0.0,0.0,0,0
2016,MG,3166600,0.5651672433679354,0.4348327566320646,0.0,0.0,0,0
2012,MG,3166709,0.9108910891089109,0.0,0.0891089108910891,0.0,0,0
2016,MG,3166709,0.5708045977011494,0.42919540229885056,0.0,0.0,0,0
2012,MG,3166808,0.011722020653084008,0.573681272676528,0.41459670667038795,0.0,0,0
2016,MG,3166808,0.0,1.0,0.0,0.0,0,0
2012,MG,3166907,0.0,0.4959057319752347,0.5040942680247653,0.0,0,0
2016,MG,3166907,0.1390748630553865,0.8609251369446135,0.0,0.0,0,0
2012,MG,3166956,0.7184959349593496,0.0,0.2815040650406504,0.0,0,0
2016,MG,3166956,0.5209471766848816,0.0,0.4790528233151184,0.0,0,0
2012,MG,3167004,0.0,0.4461805555555556,0.5538194444444444,0.0,1,0
2016,MG,3167004,0.4273789649415693,0.14468558708959378,0.4279354479688369,0.0,1,1
2012,MG,3167103,0.6877308963639899,0.3122691036360101,0.0,0.0,0,0
2016,MG,3167103,0.7461770813668114,0.2538229186331886,0.0,0.0,0,0
2012,MG,3167301,1.0,0.0,0.0,0.0,0,0
2016,MG,3167301,0.9096258932324506,0.0903741067675494,0.0,0.0,0,0
2012,MG,3167400,0.0,0.43980778958017197,0.560192210419828,0.0,0,0
2016,MG,3167400,0.0,1.0,0.0,0.0,0,0
2012,MG,3167509,1.0,0.0,0.0,0.0,0,0
2016,MG,3167509,0.5569349315068494,0.4430650684931507,0.0,0.0,0,0
2012,MG,3167707,0.0,0.930987452264048,0.06901254773595199,0.0,0,0
2016,MG,3167707,0.5190883190883191,0.4809116809116809,0.0,0.0,0,0
2012,MG,3167806,0.4027711419015767,0.5972288580984233,0.0,0.0,0,0
2016,MG,3167806,0.22747909199522104,0.772520908004779,0.0,0.0,0,0
2012,MG,3167905,0.5406925125776857,0.4593074874223143,0.0,0.0,0,0
2016,MG,3167905,1.0,0.0,0.0,0.0,0,0
2012,MG,3168002,0.0,1.0,0.0,0.0,0,0
2016,MG,3168002,0.0,1.0,0.0,0.0,0,0
2012,MG,3168051,0.4593481989708405,0.516295025728988,0.024356775300171527,0.0,1,0
2016,MG,3168051,0.0,1.0,0.0,0.0,1,1
2012,MG,3168200,0.0,0.9785107446276862,0.02148925537231384,0.0,1,0
2016,MG,3168200,0.4633991088478676,0.5366008911521324,0.0,0.0,1,1
2012,MG,3168309,0.4197952218430034,0.5802047781569966,0.0,0.0,0,0
2016,MG,3168309,0.46225129463068954,0.5377487053693104,0.0,0.0,0,0
2012,MG,3168408,0.45476973684210525,0.04851973684210526,0.4967105263157895,0.0,0,0
2016,MG,3168408,0.5644765873988723,0.0,0.4355234126011277,0.0,0,0
2012,MG,3168507,0.4894183093481679,0.5105816906518321,0.0,0.0,0,0
2016,MG,3168507,0.6118389131489568,0.2012372634643377,0.1869238233867055,0.0,0,0
2012,MG,3168705,0.0,0.476254817702565,0.5237451822974349,0.0,0,0
2016,MG,3168705,0.12150450172496004,0.755826999130508,0.12266849914453201,0.0,0,0
2012,MG,3168903,0.34399477806788514,0.6327241079199304,0.02328111401218451,0.0,0,0
2016,MG,3168903,0.0,1.0,0.0,0.0,0,0
2012,MG,3169059,0.47153024911032027,0.5284697508896797,0.0,0.0,0,0
2016,MG,3169059,0.4283568639231,0.5716431360769,0.0,0.0,0,0
2012,MG,3169109,0.5226635514018692,0.4546728971962617,0.02266355140186916,0.0,0,0
2016,MG,3169109,0.48583333333333334,0.5141666666666667,0.0,0.0,0,0
2012,MG,3169208,0.5901944209636517,0.0,0.4098055790363483,0.0,0,0
2016,MG,3169208,0.5082496413199427,0.0,0.4917503586800574,0.0,0,0
2012,MG,3169356,0.3393389947211384,0.6606610052788616,0.0,0.0,0,0
2016,MG,3169356,0.029397219627452058,0.970602780372548,0.0,0.0,0,0
2012,MG,3169406,0.0,1.0,0.0,0.0,0,0
2016,MG,3169406,0.6096434071792441,0.36826205425897407,0.022094538561781778,0.0,0,0
2012,MG,3169505,0.0,0.5869663941871026,0.4130336058128974,0.0,0,0
2016,MG,3169505,0.0,1.0,0.0,0.0,0,0
2012,MG,3169604,0.3985561364202141,0.41392830470500375,0.18751555887478216,0.0,0,0
2016,MG,3169604,0.5127789309807992,0.4872210690192008,0.0,0.0,0,0
2012,MG,3169703,0.0,1.0,0.0,0.0,0,0
2016,MG,3169703,0.48342274206314306,0.5165772579368569,0.0,0.0,0,0
2012,MG,3169802,0.0,0.5610778443113772,0.43892215568862275,0.0,0,0
2016,MG,3169802,0.43981070689145224,0.5601892931085478,0.0,0.0,0,0
2012,MG,3170008,1.0,0.0,0.0,0.0,0,0
2016,MG,3170008,1.0,0.0,0.0,0.0,0,0
2012,MG,3170404,0.0,0.9379802911129193,0.062019708887080735,0.0,0,0
2016,MG,3170404,0.3726994862456916,0.6273005137543084,0.0,0.0,0,0
2012,MG,3170438,0.0,1.0,0.0,0.0,1,0
2016,MG,3170438,1.0,0.0,0.0,0.0,1,1
2012,MG,3170479,0.0,1.0,0.0,0.0,1,0
2016,MG,3170479,0.0,1.0,0.0,0.0,1,1
2012,MG,3170503,0.58663215590743,0.0,0.41336784409257005,0.0,0,0
2016,MG,3170503,0.581515937166387,0.41848406283361295,0.0,0.0,0,0
2012,MG,3170602,0.0,1.0,0.0,0.0,0,0
2016,MG,3170602,0.0,1.0,0.0,0.0,0,0
2012,MG,3170651,0.0,1.0,0.0,0.0,0,0
2016,MG,3170651,0.5806652160397886,0.4193347839602114,0.0,0.0,0,0
2012,MG,3170701,0.18260703468223866,0.4319180287608808,0.38547493655688053,0.0,0,0
2016,MG,3170701,0.0,0.84754062482902,0.15245937517097993,0.0,0,0
2012,MG,3170750,0.0,1.0,0.0,0.0,0,0
2016,MG,3170750,0.0,1.0,0.0,0.0,0,0
2012,MG,3170800,0.9899621763165551,0.010037823683444864,0.0,0.0,0,0
2016,MG,3170800,0.9911903298504405,0.008809670149559516,0.0,0.0,0,0
2012,MG,3170909,0.012921680804892484,0.9870783191951075,0.0,0.0,0,0
2016,MG,3170909,0.0,1.0,0.0,0.0,0,0
2012,MG,3171006,1.0,0.0,0.0,0.0,0,0
2016,MG,3171006,1.0,0.0,0.0,0.0,0,0
2012,MG,3171071,0.5385224274406333,0.4614775725593668,0.0,0.0,0,0
2016,MG,3171071,0.49012158054711247,0.5098784194528876,0.0,0.0,0,0
2012,MG,3171154,0.0,1.0,0.0,0.0,0,0
2016,MG,3171154,0.5597964376590331,0.4402035623409669,0.0,0.0,0,0
2012,MG,3171204,0.0,0.9915250965250966,0.008474903474903475,0.0,0,0
2016,MG,3171204,0.39416947210085235,0.537783826373469,0.06804670152567868,0.0,0,0
2012,MG,3171303,0.46793337322960304,0.532066626770397,0.0,0.0,0,0
2016,MG,3171303,0.015547230398715547,0.9844527696012845,0.0,0.0,0,0
2012,MG,3171402,0.0,0.38678955453149,0.61321044546851,0.0,1,0
2016,MG,3171402,0.0,0.4519921619856303,0.5480078380143697,0.0,1,1
2012,MG,3171600,0.0,0.46444476368337884,0.5355552363166212,0.0,0,0
2016,MG,3171600,0.0,0.5195923640017224,0.48040763599827757,0.0,0,0
2012,MG,3171709,0.0,1.0,0.0,0.0,0,0
2016,MG,3171709,0.0,1.0,0.0,0.0,0,0
2012,MG,3171808,0.0,1.0,0.0,0.0,0,0
2016,MG,3171808,0.5649942043384666,0.43500579566153336,0.0,0.0,0,0
2012,MG,3172004,0.48059935606373316,0.013126393131346488,0.5062742508049203,0.0,0,0
2016,MG,3172004,0.0,0.46707328258277536,0.5329267174172246,0.0,0,0
2012,MG,3172103,0.0,1.0,0.0,0.0,0,0
2016,MG,3172103,0.23483057525610718,0.7651694247438928,0.0,0.0,0,0
2012,MG,3172202,0.0,0.5068012286090391,0.49319877139096097,0.0,0,0
2016,MG,3172202,0.37309346890887757,0.6269065310911224,0.0,0.0,0,0
2012,ES,3200102,0.0,1.0,0.0,0.0,0,0
2016,ES,3200102,0.0,0.8209407358448998,0.17905926415510023,0.0,0,0
2012,ES,3200136,0.0,1.0,0.0,0.0,1,0
2016,ES,3200136,0.6154851830331203,0.3845148169668797,0.0,0.0,1,1
2012,ES,3200169,0.5004998333888704,0.333622125958014,0.16587804065311562,0.0,1,0
2016,ES,3200169,0.6071599616858238,0.39284003831417624,0.0,0.0,1,1
2012,ES,3200300,0.36409966024915064,0.6359003397508494,0.0,0.0,0,0
2016,ES,3200300,0.0,1.0,0.0,0.0,0,0
2012,ES,3200359,0.344937975190076,0.36474589835934373,0.29031612645058025,0.0,0,0
2016,ES,3200359,0.0,1.0,0.0,0.0,0,0
2012,ES,3200409,0.0,1.0,0.0,0.0,0,0
2016,ES,3200409,0.008598406920926307,0.9914015930790737,0.0,0.0,0,0
2012,ES,3200607,0.0,0.6590952880477832,0.34090471195221683,0.0,0,0
2016,ES,3200607,0.0282402318377136,0.9717597681622864,0.0,0.0,0,0
2012,ES,3200706,0.6930579460699943,0.30694205393000573,0.0,0.0,0,0
2016,ES,3200706,0.0,1.0,0.0,0.0,0,0
2012,ES,3200904,1.0,0.0,0.0,0.0,0,0
2016,ES,3200904,0.3779754651068324,0.0,0.6220245348931676,0.0,0,0
2012,ES,3201159,0.0,1.0,0.0,0.0,0,0
2016,ES,3201159,0.0,1.0,0.0,0.0,0,0
2012,ES,3201209,0.48212927756653995,0.0,0.5178707224334601,0.0,0,0
2016,ES,3201209,0.008197209376178472,0.9645316872754699,0.027271103348351627,0.0,0,0
2012,ES,3201308,0.04353778602012709,0.729937000572722,0.22652521340715084,0.0,0,0
2016,ES,3201308,0.0,1.0,0.0,0.0,0,0
2012,ES,3201506,0.0,0.36185735825807813,0.6381426417419219,0.0,0,0
2016,ES,3201506,0.23362203998894315,0.7601431247888448,0.006234835222211984,0.0,0,0
2012,ES,3201605,0.0,0.9259707192870783,0.07402928071292171,0.0,0,0
2016,ES,3201605,0.510742978140375,0.4716323098959955,0.01762471196362957,0.0,0,0
2012,ES,3201704,0.35454545454545455,0.6454545454545455,0.0,0.0,0,0
2016,ES,3201704,0.3021562187633871,0.6978437812366128,0.0,0.0,0,0
2012,ES,3201803,0.0,1.0,0.0,0.0,1,0
2016,ES,3201803,0.0,1.0,0.0,0.0,1,1
2012,ES,3202108,0.46456858484614844,0.0,0.5354314151538515,0.0,0,0
2016,ES,3202108,0.739468438538206,0.15847176079734218,0.10205980066445183,0.0,0,0
2012,ES,3202207,0.24215204236006052,0.45537065052950076,0.30247730711043874,0.0,0,0
2016,ES,3202207,0.5783132530120482,0.42168674698795183,0.0,0.0,0,0
2012,ES,3202256,0.0,1.0,0.0,0.0,0,0
2016,ES,3202256,0.0,1.0,0.0,0.0,0,0
2012,ES,3202306,0.11379991084506146,0.8862000891549385,0.0,0.0,0,0
2016,ES,3202306,0.0,1.0,0.0,0.0,0,0
2012,ES,3202405,0.7010373338744039,0.298962666125596,0.0,0.0,0,0
2016,ES,3202405,0.4693966071199075,0.5037430921475389,0.026860300732553657,0.0,0,0
2012,ES,3202454,0.5102187163858014,0.48978128361419865,0.0,0.0,0,0
2016,ES,3202454,0.4793825333051385,0.5206174666948615,0.0,0.0,0,0
2012,ES,3202553,1.0,0.0,0.0,0.0,1,0
2016,ES,3202553,0.0,1.0,0.0,0.0,1,1
2012,ES,3202603,0.0,1.0,0.0,0.0,0,0
2016,ES,3202603,0.0,1.0,0.0,0.0,0,0
2012,ES,3202652,0.009869298479594559,0.9901307015204054,0.0,0.0,0,0
2016,ES,3202652,0.185456595264938,0.814543404735062,0.0,0.0,0,0
2012,ES,3203007,0.41532132394190613,0.5846786760580939,0.0,0.0,0,0
2016,ES,3203007,0.08735987630459992,0.9126401236954,0.0,0.0,0,0
2012,ES,3203056,0.5738320176006212,0.4261679823993788,0.0,0.0,0,0
2016,ES,3203056,0.42131216549401646,0.5786878345059835,0.0,0.0,0,0
2012,ES,3203106,0.0,1.0,0.0,0.0,0,0
2016,ES,3203106,0.42830954563310203,0.571690454366898,0.0,0.0,0,0
2012,ES,3203130,0.44518678836924813,0.0,0.5548132116307518,0.0,1,0
2016,ES,3203130,0.8042346407497397,0.19576535925026034,0.0,0.0,1,1
2012,ES,3203163,0.0421130402659771,0.9578869597340229,0.0,0.0,1,0
2016,ES,3203163,0.0,1.0,0.0,0.0,1,1
2012,ES,3203205,0.0,0.984899723760328,0.015100276239671981,0.0,0,0
2016,ES,3203205,0.21351277394960075,0.7680788079305455,0.018408418119853727,0.0,0,0
2012,ES,3203304,0.0,0.5699001426533523,0.43009985734664763,0.0,0,0
2016,ES,3203304,0.0,0.5589622641509434,0.4410377358490566,0.0,0,0
2012,ES,3203320,0.0,1.0,0.0,0.0,0,0
2016,ES,3203320,0.668415136755339,0.3315848632446609,0.0,0.0,0,0
2012,ES,3203346,0.43904390439043905,0.560956095609561,0.0,0.0,1,0
2016,ES,3203346,0.5322498211182664,0.46775017888173365,0.0,0.0,1,1
2012,ES,3203353,0.4923799702074023,0.5076200297925977,0.0,0.0,1,0
2016,ES,3203353,0.5156007172743574,0.48439928272564253,0.0,0.0,1,1
2012,ES,3203403,0.0,1.0,0.0,0.0,1,0
2016,ES,3203403,0.36847485783656,0.63152514216344,0.0,0.0,1,1
2012,ES,3203502,0.6433410672853829,0.3566589327146172,0.0,0.0,0,0
2016,ES,3203502,0.6498322604043885,0.33012965817390516,0.020038081421706412,0.0,0,0
2012,ES,3203809,0.07284984233989344,0.9271501576601066,0.0,0.0,0,0
2016,ES,3203809,0.08566524886202523,0.8737407656145064,0.0405939855234684,0.0,0,0
2012,ES,3203908,0.4104420593050755,0.5895579406949245,0.0,0.0,0,0
2016,ES,3203908,0.31901393042083,0.68098606957917,0.0,0.0,0,0
2012,ES,3204005,0.5657883140918304,0.4268969771745836,0.00731470873358597,0.0,0,0
2016,ES,3204005,0.04382276843467012,0.9561772315653299,0.0,0.0,0,0
2012,ES,3204054,0.1827199001871491,0.6898315658140985,0.12744853399875233,0.0,0,0
2016,ES,3204054,0.536283185840708,0.38327433628318586,0.0804424778761062,0.0,0,0
2012,ES,3204104,0.0,1.0,0.0,0.0,0,0
2016,ES,3204104,0.5372580410420609,0.4627419589579392,0.0,0.0,0,0
2012,ES,3204203,0.3343239227340267,0.412982912332838,0.2526931649331352,0.0,0,0
2016,ES,3204203,0.0,0.9700401606425703,0.02995983935742972,0.0,0,0
2012,ES,3204252,0.0,1.0,0.0,0.0,1,0
2016,ES,3204252,0.012366186784791436,0.9876338132152086,0.0,0.0,1,1
2012,ES,3204302,0.42350869469513536,0.5764913053048646,0.0,0.0,0,0
2016,ES,3204302,0.008915022761760243,0.9910849772382397,0.0,0.0,0,0
2012,ES,3204351,0.5097427245887811,0.0,0.4902572754112189,0.0,0,0
2016,ES,3204351,0.20151632635478592,0.7984836736452141,0.0,0.0,0,0
2012,ES,3204559,0.0,1.0,0.0,0.0,0,0
2016,ES,3204559,0.0,1.0,0.0,0.0,0,0
2012,ES,3204658,0.0,1.0,0.0,0.0,1,0
2016,ES,3204658,0.7198226309738873,0.2801773690261127,0.0,0.0,1,1
2012,ES,3204708,0.9066081569437274,0.0,0.09339184305627259,0.0,0,0
2016,ES,3204708,0.5625857432914448,0.4374142567085551,0.0,0.0,0,0
2012,ES,3204807,0.4400271370420624,0.4561736770691995,0.10379918588873813,0.0,0,0
2016,ES,3204807,0.024239085525409723,0.9757609144745902,0.0,0.0,0,0
2012,ES,3204906,0.0,1.0,0.0,0.0,0,0
2016,ES,3204906,0.25274982027318477,0.7472501797268153,0.0,0.0,0,0
2012,ES,3204955,0.0,0.5212912950634342,0.47870870493656575,0.0,1,0
2016,ES,3204955,0.0,1.0,0.0,0.0,1,1
2012,ES,3205002,0.0,0.9895684227268049,0.010431577273195056,0.0,0,0
2016,ES,3205002,0.03917471806928794,0.9201072216681634,0.04071806026254868,0.0,0,0
2012,ES,3205010,0.0,1.0,0.0,0.0,0,0
2016,ES,3205010,0.03933865450399088,0.9606613454960091,0.0,0.0,0,0
2012,ES,3205036,0.30968237704918034,0.6903176229508197,0.0,0.0,0,0
2016,ES,3205036,0.06804414571404863,0.9319558542859514,0.0,0.0,0,0
2012,ES,3205069,0.49477886977886976,0.5052211302211302,0.0,0.0,0,0
2016,ES,3205069,1.0,0.0,0.0,0.0,0,0
2012,ES,3205150,0.0,1.0,0.0,0.0,1,0
2016,ES,3205150,0.0,1.0,0.0,0.0,1,1
2012,ES,3205176,0.0,0.4012399496270464,0.5987600503729535,0.0,1,0
2016,ES,3205176,0.5674360930942388,0.0,0.4325639069057612,0.0,1,1
2012,ES,3205200,0.729163914035911,0.242916436964376,0.027919648999712967,0.0,0,0
2016,ES,3205200,0.6037108703737706,0.37804079980037947,0.018248329825849917,0.0,0,0
2012,ES,3205309,0.01694906260115576,0.7583033956497052,0.22474754174913902,0.0,1,0
2016,ES,3205309,0.0,0.9346434460238601,0.06535655397613993,0.0,1,1
2012,RJ,3300100,0.0,0.4757929883138564,0.5242070116861436,0.0,0,0
2016,RJ,3300100,0.10245015483240072,0.8695278969957082,0.028021948171891128,0.0,0,0
2012,RJ,3300159,0.0,1.0,0.0,0.0,0,0
2016,RJ,3300159,0.49343814080656184,0.5065618591934381,0.0,0.0,0,0
2012,RJ,3300209,0.4964507008361908,0.5035492991638092,0.0,0.0,0,0
2016,RJ,3300209,0.07581016740900015,0.9241898325909998,0.0,0.0,0,0
2012,RJ,3300225,0.476072821846554,0.46046814044213263,0.06345903771131339,0.0,0,0
2016,RJ,3300225,0.06358490566037736,0.9364150943396227,0.0,0.0,0,0
2012,RJ,3300308,0.35565599758435873,0.6443440024156413,0.0,0.0,0,0
2016,RJ,3300308,0.6475966665350132,0.33591374066906277,0.016489592795924008,0.0,0,0
2012,RJ,3300407,0.0,0.34376156793693036,0.6562384320630696,0.0,0,0
2016,RJ,3300407,0.17213833198344633,0.7220268276175789,0.10583484039897482,0.0,0,0
2012,RJ,3300456,0.3610373544809914,0.0,0.6389626455190086,0.0,0,0
2016,RJ,3300456,0.46128304211200033,0.5225959201743959,0.01612103771360375,0.0,0,0
2012,RJ,3300506,0.09936178200475534,0.9006382179952447,0.0,0.0,0,0
2016,RJ,3300506,0.023348483905111763,0.9766515160948882,0.0,0.0,0,0
2012,RJ,3300605,0.4561515928231417,0.3246521420725009,0.21919626510435739,0.0,0,0
2016,RJ,3300605,0.6419508683523801,0.3580491316476199,0.0,0.0,0,0
2012,RJ,3300704,0.559241524244547,0.3898991449874771,0.05085933076797589,0.0,0,0
2016,RJ,3300704,0.009594938360185245,0.9656447720305263,0.02476028960928837,0.0,0,0
2012,RJ,3300803,0.8142144270233561,0.18578557297664394,0.0,0.0,0,0
2016,RJ,3300803,0.0,1.0,0.0,0.0,0,0
2012,RJ,3300902,0.002613149367617853,0.9973868506323822,0.0,0.0,0,0
2016,RJ,3300902,0.0,1.0,0.0,0.0,0,0
2012,RJ,3300936,0.97332493173703,0.026675068262969965,0.0,0.0,0,0
2016,RJ,3300936,0.8296865759905382,0.17031342400946187,0.0,0.0,0,0
2012,RJ,3300951,0.4184580572167448,0.5815419427832552,0.0,0.0,0,0
2016,RJ,3300951,0.0,1.0,0.0,0.0,0,0
2012,RJ,3301009,0.7226523857028964,0.0,0.2773476142971036,0.0,0,0
2016,RJ,3301009,0.325936128966432,0.674063871033568,0.0,0.0,0,0
2012,RJ,3301108,0.0,0.045154935979998485,0.9548450640200015,0.0,0,0
2016,RJ,3301108,0.6908204841415675,0.3091795158584325,0.0,0.0,0,0
2012,RJ,3301157,1.0,0.0,0.0,0.0,0,0
2016,RJ,3301157,0.5244096155882665,0.47559038441173357,0.0,0.0,0,0
2012,RJ,3301306,0.5278820028464226,0.47211799715357744,0.0,0.0,0,0
2016,RJ,3301306,0.017045454545454544,0.9586267605633803,0.024327784891165175,0.0,0,0
2012,RJ,3301405,0.14251371046502892,0.38697318007662834,0.47051310945834274,0.0,0,0
2016,RJ,3301405,0.0,0.9978617248752673,0.0021382751247327157,0.0,0,0
2012,RJ,3301504,0.46201952410006103,0.537980475899939,0.0,0.0,0,0
2016,RJ,3301504,0.5813728649693845,0.41862713503061555,0.0,0.0,0,0
2012,RJ,3301603,0.4677039748953975,0.5322960251046025,0.0,0.0,0,0
2016,RJ,3301603,0.581081081081081,0.4189189189189189,0.0,0.0,0,0
2012,RJ,3301702,0.3045477088097046,0.6840522973346617,0.011399993855633726,0.0,0,0
2016,RJ,3301702,0.4101962319830198,0.5654532388185493,0.02435052919843091,0.0,0,0
2012,RJ,3301801,0.6491059642385696,0.35089403576143047,0.0,0.0,0,0
2016,RJ,3301801,0.8394764037202893,0.16052359627971063,0.0,0.0,0,0
2012,RJ,3301850,0.3850708028944362,0.6149291971055638,0.0,0.0,0,0
2016,RJ,3301850,0.004527520858935386,0.9783972576159369,0.01707522152512774,0.0,0,0
2012,RJ,3301876,0.4679995123735219,0.5320004876264781,0.0,0.0,0,0
2016,RJ,3301876,0.6421214632413875,0.35787853675861253,0.0,0.0,0,0
2012,RJ,3301900,0.5413908953468839,0.43780446833529313,0.020804636317822946,0.0,0,0
2016,RJ,3301900,0.48676283741151455,0.5132371625884854,0.0,0.0,0,0
2012,RJ,3302007,0.12417635806030425,0.8758236419396958,0.0,0.0,0,0
2016,RJ,3302007,0.20333419711496933,0.7966658028850306,0.0,0.0,0,0
2012,RJ,3302056,0.5820071451770055,0.38454043520623576,0.03345241961675869,0.0,0,0
2016,RJ,3302056,0.8441761681198301,0.1558238318801699,0.0,0.0,0,0
2012,RJ,3302106,0.21353216983589476,0.31941911956238606,0.4670487106017192,0.0,0,0
2016,RJ,3302106,0.449510561566203,0.550489438433797,0.0,0.0,0,0
2012,RJ,3302205,0.7702810959001656,0.21937585672832144,0.010343047371513004,0.0,0,0
2016,RJ,3302205,0.9343106294408957,0.06568937055910429,0.0,0.0,0,0
2012,RJ,3302254,0.6441834028040925,0.2931846478644508,0.06263194933145672,0.0,0,0
2016,RJ,3302254,0.2686551759727526,0.7181339663535968,0.013210857673650532,0.0,0,0
2012,RJ,3302270,0.7196002006714777,0.0,0.2803997993285224,0.0,0,0
2016,RJ,3302270,0.5485757648670159,0.015935886283292306,0.43548834884969184,0.0,0,0
2012,RJ,3302304,0.5360752875566399,0.46392471244336003,0.0,0.0,0,0
2016,RJ,3302304,0.4903448857407876,0.5096551142592124,0.0,0.0,0,0
2012,RJ,3302403,0.3217249252817019,0.6616792589429913,0.016595815775306763,0.0,0,0
2016,RJ,3302403,0.09320093089668345,0.903980417790882,0.002818651312434517,0.0,0,0
2012,RJ,3302452,0.46449300102424035,0.5355069989757596,0.0,0.0,0,0
2016,RJ,3302452,0.8915125863221207,0.0,0.10848741367787926,0.0,0,0
2012,RJ,3302502,0.0,1.0,0.0,0.0,0,0
2016,RJ,3302502,0.35114031030238413,0.6397419112055381,0.009117778492077802,0.0,0,0
2012,RJ,3302601,0.9860704833542276,0.0,0.013929516645772392,0.0,0,0
2016,RJ,3302601,0.1377039627039627,0.8447358197358197,0.01756021756021756,0.0,0,0
2012,RJ,3302700,0.4134090691514823,0.14500430800650987,0.44158662284200784,0.0,0,0
2016,RJ,3302700,0.4505392163479059,0.012687443480138751,0.5367733401719553,0.0,0,0
2012,RJ,3302809,0.0,0.7850711209708992,0.21492887902910088,0.0,0,0
2016,RJ,3302809,0.5153276065352872,0.4653865588681152,0.01928583459659761,0.0,0,0
2012,RJ,3302858,0.5033084180860189,0.3635890209533145,0.13310256096066658,0.0,0,0
2016,RJ,3302858,0.4402844367828476,0.499078812691914,0.06063675052523838,0.0,0,0
2012,RJ,3302908,0.39024108893759374,0.25297035413542507,0.3567885569269812,0.0,0,0
2016,RJ,3302908,0.6295328048574802,0.36093776353516616,0.009529431607353686,0.0,0,0
2012,RJ,3303104,0.4957326937022368,0.0,0.5042673062977632,0.0,0,0
2016,RJ,3303104,0.3690064001678733,0.34172699611793095,0.28926660371419577,0.0,0,0
2012,RJ,3303203,0.9549080467904841,0.0,0.04509195320951582,0.0,0,0
2016,RJ,3303203,0.0,0.9813630096904414,0.018636990309558524,0.0,0,0
2012,RJ,3303401,0.6921562930541627,0.24424304338453753,0.06360066356129976,0.0,0,0
2016,RJ,3303401,0.5237086144215254,0.2277057371153061,0.24858564846316852,0.0,0,0
2012,RJ,3303500,0.13839997539054688,0.6954554543263931,0.16614457028305998,0.0,0,0
2016,RJ,3303500,0.5289975523817209,0.45984561177008526,0.011156835848193873,0.0,0,0
2012,RJ,3303609,0.18105198636172087,0.3229130751254645,0.4960349385128146,0.0,0,0
2016,RJ,3303609,0.4787350466055323,0.5212649533944678,0.0,0.0,0,0
2012,RJ,3303708,0.6315914114303758,0.3684085885696243,0.0,0.0,0,0
2016,RJ,3303708,0.34355498170862925,0.6564450182913708,0.0,0.0,0,0
2012,RJ,3303807,0.37528515264767265,0.0,0.6247148473523273,0.0,0,0
2016,RJ,3303807,0.1381122605998911,0.843706351648872,0.01818138775123695,0.0,0,0
2012,RJ,3303856,0.27691315959112256,0.6609264204807073,0.06216041992817018,0.0,0,0
2016,RJ,3303856,0.3403929139223257,0.6596070860776743,0.0,0.0,0,0
2012,RJ,3303906,0.0,0.7124989626678996,0.2875010373321004,0.0,0,0
2016,RJ,3303906,0.0,0.902441297675874,0.09755870232412604,0.0,0,0
2012,RJ,3303955,0.3676438012257255,0.3110093775382116,0.3213468212360629,0.0,0,0
2016,RJ,3303955,0.0934612153458415,0.9065387846541585,0.0,0.0,0,0
2012,RJ,3304003,0.394807680803972,0.605192319196028,0.0,0.0,0,0
2016,RJ,3304003,0.0,1.0,0.0,0.0,0,0
2012,RJ,3304102,0.0,0.5896731406916154,0.41032685930838464,0.0,0,0
2016,RJ,3304102,0.631196042293142,0.3688039577068581,0.0,0.0,0,0
2012,RJ,3304110,0.43823931761487084,0.5121911965880743,0.0495694857970548,0.0,0,0
2016,RJ,3304110,0.4407839866555463,0.5592160133444537,0.0,0.0,0,0
2012,RJ,3304128,0.5810055865921788,0.38996842360942435,0.029025989798396892,0.0,0,0
2016,RJ,3304128,0.42529016493585825,0.5747098350641417,0.0,0.0,0,0
2012,RJ,3304144,0.0,0.9310418576229759,0.06895814237702413,0.0,0,0
2016,RJ,3304144,0.014391253687681285,0.9712050970572923,0.014403649255026402,0.0,0,0
2012,RJ,3304151,0.6047550333264619,0.0,0.3952449666735381,0.0,0,0
2016,RJ,3304151,0.48562960920807774,0.5143703907919223,0.0,0.0,0,0
2012,RJ,3304201,0.7035372721763167,0.2286736337969875,0.06778909402669583,0.0,0,0
2016,RJ,3304201,0.38129464614478237,0.5926504160836585,0.026054937771559025,0.0,0,0
2012,RJ,3304300,0.0,1.0,0.0,0.0,0,0
2016,RJ,3304300,0.424351830793723,0.575648169206277,0.0,0.0,0,0
2012,RJ,3304409,0.9621727303638218,0.03782726963617817,0.0,0.0,0,0
2016,RJ,3304409,0.5463638599655654,0.4536361400344347,0.0,0.0,0,0
2012,RJ,3304508,0.0,0.49588737741221134,0.5041126225877887,0.0,0,0
2016,RJ,3304508,0.326416933574711,0.673583066425289,0.0,0.0,0,0
2012,RJ,3304524,0.9781189666268273,0.012006987220741012,0.009874046152431737,0.0,0,0
2016,RJ,3304524,0.3558897507979117,0.604732514637188,0.03937773456490034,0.0,0,0
2012,RJ,3304557,0.030904476959227857,0.6834179737424817,0.2856775492982905,0.0,0,0
2016,RJ,3304557,0.5201428750891486,0.261663005105084,0.21819411980576742,0.0,0,0
2012,RJ,3304607,0.7453970080552359,0.2546029919447641,0.0,0.0,0,0
2016,RJ,3304607,0.47272462077012833,0.5272753792298717,0.0,0.0,0,0
2012,RJ,3304706,0.01472258115039743,0.9852774188496025,0.0,0.0,0,0
2016,RJ,3304706,0.0,1.0,0.0,0.0,0,0
2012,RJ,3304755,1.0,0.0,0.0,0.0,0,0
2016,RJ,3304755,0.0,1.0,0.0,0.0,0,0
2012,RJ,3304805,0.4244757678586966,0.5755242321413034,0.0,0.0,0,0
2016,RJ,3304805,0.6262562245359892,0.3737437754640109,0.0,0.0,0,0
2012,RJ,3304904,0.29110094498840644,0.6611720622270436,0.04772699278454999,0.0,0,0
2016,RJ,3304904,0.3651579542620364,0.5885311846384449,0.046310861099518714,0.0,0,0
2012,RJ,3305000,0.36903039073806077,0.6309696092619392,0.0,0.0,0,0
2016,RJ,3305000,0.7301650427520382,0.2698349572479618,0.0,0.0,0,0
2012,RJ,3305109,0.3544343587614143,0.6228321063640703,0.02273353487451539,0.0,0,0
2016,RJ,3305109,0.68184043505683,0.30296521397792076,0.015194350965249263,0.0,0,0
2012,RJ,3305133,0.4506409189279174,0.5493590810720825,0.0,0.0,0,0
2016,RJ,3305133,0.5126746831329216,0.4873253168670783,0.0,0.0,0,0
2012,RJ,3305158,0.16051230871590152,0.8394876912840985,0.0,0.0,0,0
2016,RJ,3305158,0.3351139303897838,0.6648860696102161,0.0,0.0,0,0
2012,RJ,3305208,0.4031220014510052,0.0,0.5968779985489948,0.0,0,0
2016,RJ,3305208,0.012278801011195377,0.9708152762730228,0.01690592271578187,0.0,0,0
2012,RJ,3305307,0.5245490196078432,0.046431372549019606,0.42901960784313725,0.0,0,0
2016,RJ,3305307,0.6639070211749721,0.33609297882502787,0.0,0.0,0,0
2012,RJ,3305406,0.5342634702844369,0.4657365297155631,0.0,0.0,0,0
2016,RJ,3305406,0.0,0.9753048309924371,0.024695169007562894,0.0,0,0
2012,RJ,3305505,0.3468084165856246,0.6361948545663514,0.016996728848024046,0.0,0,0
2016,RJ,3305505,0.5219968591714406,0.44318860454314213,0.034814536285417266,0.0,0,0
2012,RJ,3305554,0.31471274880261857,0.5483645815783773,0.13692266961900407,0.0,0,0
2016,RJ,3305554,0.10372766385076783,0.8962723361492322,0.0,0.0,0,0
2012,RJ,3305604,0.5197251601945495,0.0,0.4802748398054505,0.0,0,0
2016,RJ,3305604,0.4703031552897505,0.5242833573932769,0.005413487316972571,0.0,0,0
2012,RJ,3305703,0.0,1.0,0.0,0.0,0,0
2016,RJ,3305703,0.0,1.0,0.0,0.0,0,0
2012,RJ,3305752,0.35405344202898553,0.6459465579710145,0.0,0.0,0,0
2016,RJ,3305752,0.4303829571392341,0.5696170428607659,0.0,0.0,0,0
2012,RJ,3305802,0.3285899688752599,0.4699261505242968,0.20148388060044334,0.0,0,0
2016,RJ,3305802,0.26041338437506284,0.7025120844199814,0.03707453120495578,0.0,0,0
2012,RJ,3306008,0.1307774834147089,0.8321984542289755,0.03702406235631555,0.0,0,0
2016,RJ,3306008,0.3531877343922347,0.5062210456651224,0.14059121994264284,0.0,0,0
2012,RJ,3306107,0.9504347214736003,0.04019123057814441,0.009374047948255256,0.0,0,0
2016,RJ,3306107,0.6837636893398975,0.3022957902140058,0.013940520446096654,0.0,0,0
2012,RJ,3306156,0.6673421667965705,0.33265783320342945,0.0,0.0,0,0
2016,RJ,3306156,0.5336677306581548,0.46633226934184524,0.0,0.0,0,0
2012,RJ,3306305,0.42934423521638587,0.5485216385860588,0.022134126197555334,0.0,0,0
2016,RJ,3306305,0.5132880273088848,0.4705333375090038,0.016178635182111427,0.0,0,0
2012,SP,3500105,0.39154693131881696,0.5112822791685182,0.09717078951266479,0.0,0,0
2016,SP,3500105,0.8147098154586788,0.1852901845413212,0.0,0.0,0,0
2012,SP,3500204,1.0,0.0,0.0,0.0,0,0
2016,SP,3500204,0.29123494819378326,0.7087650518062167,0.0,0.0,0,0
2012,SP,3500303,0.10369553226696084,0.8963044677330392,0.0,0.0,0,0
2016,SP,3500303,0.0,1.0,0.0,0.0,0,0
2012,SP,3500402,0.904507100226384,0.0,0.09549289977361597,0.0,0,0
2016,SP,3500402,0.4693743139407245,0.5306256860592755,0.0,0.0,0,0
2012,SP,3500501,0.8634382107657316,0.0,0.13656178923426837,0.0,0,0
2016,SP,3500501,0.08959864330130017,0.8905219521386848,0.019879404560015076,0.0,0,0
2012,SP,3500550,0.3372629420809841,0.39056893900563816,0.2721681189133778,0.0,0,0
2016,SP,3500550,0.8112865648459746,0.18871343515402536,0.0,0.0,0,0
2012,SP,3500709,0.0,1.0,0.0,0.0,0,0
2016,SP,3500709,1.0,0.0,0.0,0.0,0,0
2012,SP,3500758,0.0,1.0,0.0,0.0,0,0
2016,SP,3500758,0.0,1.0,0.0,0.0,0,0
2012,SP,3500808,0.7322022621423819,0.2677977378576181,0.0,0.0,0,0
2016,SP,3500808,0.5151702786377709,0.4848297213622291,0.0,0.0,0,0
2012,SP,3500907,1.0,0.0,0.0,0.0,0,0
2016,SP,3500907,1.0,0.0,0.0,0.0,0,0
2012,SP,3501004,0.0491562729273661,0.9508437270726339,0.0,0.0,0,0
2016,SP,3501004,0.6500154178230034,0.33580018501387604,0.014184397163120567,0.0,0,0
2012,SP,3501103,0.39375193318898855,0.6062480668110114,0.0,0.0,0,0
2016,SP,3501103,0.0,1.0,0.0,0.0,0,0
2012,SP,3501202,0.4490155744930943,0.5509844255069056,0.0,0.0,0,0
2016,SP,3501202,0.4716263915286451,0.5283736084713548,0.0,0.0,0,0
2012,SP,3501301,0.0,1.0,0.0,0.0,0,0
2016,SP,3501301,0.12163024405806348,0.8783697559419366,0.0,0.0,0,0
2012,SP,3501400,0.3299373040752351,0.44200626959247646,0.2280564263322884,0.0,0,0
2016,SP,3501400,0.5068233510235026,0.4931766489764973,0.0,0.0,0,0
2012,SP,3501509,0.0,1.0,0.0,0.0,0,0
2016,SP,3501509,0.6431739773287334,0.3568260226712666,0.0,0.0,0,0
2012,SP,3501608,0.16900258616260283,0.6826784195292385,0.14831899430815867,0.0,0,0
2016,SP,3501608,0.03564575266422232,0.9643542473357777,0.0,0.0,0,0
2012,SP,3501707,0.0,0.8618554658477389,0.13814453415226113,0.0,0,0
2016,SP,3501707,0.0,1.0,0.0,0.0,0,0
2012,SP,3501806,0.5008468424872974,0.4991531575127026,0.0,0.0,0,0
2016,SP,3501806,0.3598027127003699,0.6401972872996301,0.0,0.0,0,0
2012,SP,3501905,0.0,0.7284849128771781,0.2715150871228219,0.0,0,0
2016,SP,3501905,0.16348853532990174,0.7763511932615816,0.06016027140851661,0.0,0,0
2012,SP,3502101,0.0,0.3230827518706785,0.6769172481293215,0.0,0,0
2016,SP,3502101,0.38871883170716154,0.1601619794655953,0.45111918882724317,0.0,0,0
2012,SP,3502200,0.0,0.8669149596523898,0.13308504034761018,0.0,0,0
2016,SP,3502200,0.0,1.0,0.0,0.0,0,0
2012,SP,3502309,0.4790118058592042,0.5209881941407958,0.0,0.0,0,0
2016,SP,3502309,1.0,0.0,0.0,0.0,0,0
2012,SP,3502408,0.28632938643702904,0.7136706135629709,0.0,0.0,0,0
2016,SP,3502408,0.42794316644113667,0.5720568335588633,0.0,0.0,0,0
2012,SP,3502507,0.30226408858039994,0.6905470170219798,0.007188894397620228,0.0,0,0
2016,SP,3502507,0.6647456550347144,0.33525434496528567,0.0,0.0,0,0
2012,SP,3502606,0.5217521752175217,0.43234323432343236,0.04590459045904591,0.0,0,0
2016,SP,3502606,0.5453134698944755,0.4546865301055245,0.0,0.0,0,0
2012,SP,3502705,0.033128155474099176,0.230444705719621,0.7364271388062799,0.0,0,0
2016,SP,3502705,0.3681612791101842,0.5625304136253041,0.06930830726451165,0.0,0,0
2012,SP,3502804,0.02399097908079944,0.4161190605801384,0.5598899603390621,0.0,0,0
2016,SP,3502804,0.0,0.9827365532494394,0.0172634467505606,0.0,0,0
2012,SP,3502903,0.0,0.6014797165966518,0.39852028340334816,0.0,0,0
2016,SP,3502903,0.13039499771236845,0.6843068476437395,0.18529815464389202,0.0,0,0
2012,SP,3503000,0.5475392939963927,0.4524607060036073,0.0,0.0,0,0
2016,SP,3503000,0.48903290129611166,0.5109670987038883,0.0,0.0,0,0
2012,SP,3503109,0.8263583815028902,0.17364161849710982,0.0,0.0,0,0
2016,SP,3503109,0.8945297127115309,0.0,0.1054702872884691,0.0,0,0
2012,SP,3503158,0.0,1.0,0.0,0.0,0,0
2016,SP,3503158,0.07094918504314478,0.835091083413231,0.09395973154362416,0.0,0,0
2012,SP,3503208,0.06528849455176278,0.5361137714812338,0.3985977339670034,0.0,0,0
2016,SP,3503208,0.026794025984538793,0.5002934391063262,0.47291253490913504,0.0,0,0
2012,SP,3503307,0.11386817775126752,0.3265284819564569,0.5596033402922755,0.0,0,0
2016,SP,3503307,0.4439908007958862,0.5560091992041138,0.0,0.0,0,0
2012,SP,3503356,0.0,1.0,0.0,0.0,0,0
2016,SP,3503356,0.0,1.0,0.0,0.0,0,0
2012,SP,3503406,0.0,1.0,0.0,0.0,0,0
2016,SP,3503406,0.0,1.0,0.0,0.0,0,0
2012,SP,3503505,0.4764133957508102,0.5235866042491898,0.0,0.0,0,0
2016,SP,3503505,0.732409381663113,0.267590618336887,0.0,0.0,0,0
2012,SP,3503604,0.48636166835041134,0.5136383316495887,0.0,0.0,0,0
2016,SP,3503604,0.5271127776175367,0.4728872223824632,0.0,0.0,0,0
2012,SP,3503703,0.0,1.0,0.0,0.0,0,0
2016,SP,3503703,0.0,1.0,0.0,0.0,0,0
2012,SP,3503802,0.6811054660126139,0.2347582340574632,0.08413629992992291,0.0,0,0
2016,SP,3503802,0.3966395499125675,0.6033604500874326,0.0,0.0,0,0
2012,SP,3503901,0.7976265537740947,0.0,0.20237344622590525,0.0,0,0
2016,SP,3503901,0.4203818201540297,0.5796181798459703,0.0,0.0,0,0
2012,SP,3503950,0.5826575171553338,0.0,0.41734248284466624,0.0,0,0
2016,SP,3503950,0.5086053412462908,0.4913946587537092,0.0,0.0,0,0
2012,SP,3504008,0.28168240273482015,0.4822562265993814,0.23606137066579846,0.0,0,0
2016,SP,3504008,0.2485884132699806,0.7366458568597788,0.014765729870240555,0.0,0,0
2012,SP,3504107,0.7122814333800006,0.2877185666199994,0.0,0.0,0,0
2016,SP,3504107,0.15539864844389223,0.8446013515561077,0.0,0.0,0,0
2012,SP,3504206,0.03769566606325205,0.962304333936748,0.0,0.0,0,0
2016,SP,3504206,0.11654478976234003,0.8834552102376599,0.0,0.0,0,0
2012,SP,3504305,0.0,1.0,0.0,0.0,0,0
2016,SP,3504305,0.7780562517404622,0.22194374825953772,0.0,0.0,0,0
2012,SP,3504404,0.0,1.0,0.0,0.0,0,0
2016,SP,3504404,0.9260988568668491,0.07390114313315087,0.0,0.0,0,0
2012,SP,3504503,0.2827546347752634,0.7172453652247366,0.0,0.0,0,0
2016,SP,3504503,0.0,1.0,0.0,0.0,0,0
2012,SP,3504602,0.0,1.0,0.0,0.0,0,0
2016,SP,3504602,0.0,1.0,0.0,0.0,0,0
2012,SP,3504701,0.0,1.0,0.0,0.0,0,0
2016,SP,3504701,0.0,1.0,0.0,0.0,0,0
2012,SP,3504800,0.0,0.5523792923130556,0.4476207076869444,0.0,0,0
2016,SP,3504800,0.47304516755706655,0.5269548324429335,0.0,0.0,0,0
2012,SP,3504909,0.23973448595245447,0.7602655140475455,0.0,0.0,0,0
2016,SP,3504909,0.2605717689100655,0.7394282310899345,0.0,0.0,0,0
2012,SP,3505005,0.5750845002414292,0.42491549975857074,0.0,0.0,0,0
2016,SP,3505005,0.0,0.5464352720450282,0.4535647279549719,0.0,0,0
2012,SP,3505104,0.641223053233612,0.35877694676638805,0.0,0.0,0,0
2016,SP,3505104,0.7036613272311213,0.2963386727688787,0.0,0.0,0,0
2012,SP,3505203,0.03151862464183381,0.9684813753581661,0.0,0.0,0,0
2016,SP,3505203,0.18354505053683093,0.8164549494631691,0.0,0.0,0,0
2012,SP,3505302,0.3651991427040543,0.3378728344347205,0.2969280228612252,0.0,0,0
2016,SP,3505302,0.0,0.9834006077373123,0.01659939226268765,0.0,0,0
2012,SP,3505351,0.4315557998900495,0.5684442001099506,0.0,0.0,0,0
2016,SP,3505351,0.4961618981158409,0.0,0.5038381018841591,0.0,0,0
2012,SP,3505401,0.32557259133068334,0.06416808631459398,0.6102593223547227,0.0,0,0
2016,SP,3505401,0.003586258965647414,0.9964137410343525,0.0,0.0,0,0
2012,SP,3505500,0.0,0.9472727272727273,0.05272727272727273,0.0,0,0
2016,SP,3505500,0.07329168431455597,0.9149724692926726,0.011735846392771424,0.0,0,0
2012,SP,3505609,0.0,0.41239721695129666,0.5876027830487034,0.0,0,0
2016,SP,3505609,0.0,0.9831550950296448,0.016844904970355182,0.0,0,0
2012,SP,3505708,0.5582885328826318,0.4121102061120401,0.029601261005328106,0.0,0,0
2016,SP,3505708,0.020117118182893648,0.8667751094286053,0.11310777238850113,0.0,0,0
2012,SP,3505807,0.0,1.0,0.0,0.0,0,0
2016,SP,3505807,0.14418817779135482,0.8558118222086452,0.0,0.0,0,0
2012,SP,3505906,0.0,1.0,0.0,0.0,0,0
2016,SP,3505906,0.5057837206834341,0.49421627931656587,0.0,0.0,0,0
2012,SP,3506003,0.05320073586263897,0.9431892713360173,0.003609992801343749,0.0,0,0
2016,SP,3506003,0.5268626619169102,0.4454291342929701,0.027708203790119654,0.0,0,0
2012,SP,3506102,0.33081442117836335,0.6691855788216367,0.0,0.0,0,0
2016,SP,3506102,0.7002498154772043,0.29975018452279567,0.0,0.0,0,0
2012,SP,3506201,0.7156435643564356,0.0,0.28435643564356433,0.0,0,0
2016,SP,3506201,0.0,1.0,0.0,0.0,0,0
2012,SP,3506300,0.2704066034851727,0.4582696423112198,0.27132375420360744,0.0,0,0
2016,SP,3506300,0.45901379419692406,0.540986205803076,0.0,0.0,0,0
2012,SP,3506359,0.5202113725667314,0.4797886274332686,0.0,0.0,0,0
2016,SP,3506359,0.0,1.0,0.0,0.0,0,0
2012,SP,3506409,0.0,1.0,0.0,0.0,0,0
2016,SP,3506409,0.0,1.0,0.0,0.0,0,0
2012,SP,3506508,0.0,0.9459116426653649,0.0540883573346351,0.0,0,0
2016,SP,3506508,0.3930358705161855,0.546246719160105,0.06071741032370954,0.0,0,0
2012,SP,3506706,0.0,0.3033590834128982,0.6966409165871018,0.0,0,0
2016,SP,3506706,0.4724462365591398,0.5275537634408602,0.0,0.0,0,0
2012,SP,3506805,0.0,0.5253922967189729,0.4746077032810271,0.0,0,0
2016,SP,3506805,0.0,1.0,0.0,0.0,0,0
2012,SP,3506904,0.0,0.4599696612169223,0.5400303387830777,0.0,0,0
2016,SP,3506904,0.0,1.0,0.0,0.0,0,0
2012,SP,3507001,0.0,1.0,0.0,0.0,0,0
2016,SP,3507001,0.0,1.0,0.0,0.0,0,0
2012,SP,3507100,0.0,0.9709594845087828,0.02904051549121723,0.0,0,0
2016,SP,3507100,0.0,1.0,0.0,0.0,0,0
2012,SP,3507159,0.0,0.57661444401987,0.42338555598012995,0.0,0,0
2016,SP,3507159,0.0,1.0,0.0,0.0,0,0
2012,SP,3507209,0.0,0.0,1.0,0.0,0,0
2016,SP,3507209,1.0,0.0,0.0,0.0,0,0
2012,SP,3507308,0.4963087248322148,0.40570469798657716,0.09798657718120805,0.0,0,0
2016,SP,3507308,0.0,1.0,0.0,0.0,0,0
2012,SP,3507407,0.0,1.0,0.0,0.0,0,0
2016,SP,3507407,0.4939419899645086,0.5060580100354913,0.0,0.0,0,0
2012,SP,3507456,0.5073529411764706,0.4813348416289593,0.011312217194570135,0.0,0,0
2016,SP,3507456,0.3778825995807128,0.6221174004192872,0.0,0.0,0,0
2012,SP,3507506,0.0,0.5766822812104989,0.4233177187895011,0.0,0,0
2016,SP,3507506,0.06109885523491534,0.9049010255187216,0.03400011924636299,0.0,0,0
2012,SP,3507605,0.38047641289117234,0.22126342830453058,0.39826015880429705,0.0,0,0
2016,SP,3507605,0.7119429715208765,0.2593320925659304,0.028724935913193105,0.0,0,0
2012,SP,3507704,0.0,1.0,0.0,0.0,0,0
2016,SP,3507704,0.0,1.0,0.0,0.0,0,0
2012,SP,3507753,0.0,1.0,0.0,0.0,0,0
2016,SP,3507753,0.0,1.0,0.0,0.0,0,0
2012,SP,3507803,0.0,0.40959933222036726,0.5904006677796327,0.0,0,0
2016,SP,3507803,0.0,1.0,0.0,0.0,0,0
2012,SP,3507902,0.41971602434077077,0.34052738336713995,0.23975659229208926,0.0,0,0
2016,SP,3507902,0.402088567839196,0.597911432160804,0.0,0.0,0,0
2012,SP,3508009,0.32763880414887125,0.6723611958511287,0.0,0.0,0,0
2016,SP,3508009,0.5296264855687606,0.47037351443123937,0.0,0.0,0,0
2012,SP,3508108,0.0,1.0,0.0,0.0,0,0
2016,SP,3508108,1.0,0.0,0.0,0.0,0,0
2012,SP,3508207,0.4892110586648685,0.5107889413351315,0.0,0.0,0,0
2016,SP,3508207,0.45859085290482077,0.5414091470951793,0.0,0.0,0,0
2012,SP,3508306,0.08487084870848709,0.7201722017220172,0.1949569495694957,0.0,0,0
2016,SP,3508306,0.0,1.0,0.0,0.0,0,0
2012,SP,3508405,0.0,1.0,0.0,0.0,0,0
2016,SP,3508405,0.14560091536921255,0.8543990846307875,0.0,0.0,0,0
2012,SP,3508504,0.23146712483761472,0.5708209361773456,0.1977119389850396,0.0,0,0
2016,SP,3508504,0.10588706201120758,0.8756696840938482,0.01844325389494427,0.0,0,0
2012,SP,3508603,0.24392064846416384,0.2246160409556314,0.5314633105802048,0.0,0,0
2016,SP,3508603,0.4185310487831496,0.534595656444396,0.04687329477245444,0.0,0,0
2012,SP,3508702,0.0,0.5671131639722864,0.4328868360277136,0.0,0,0
2016,SP,3508702,0.2274498886414254,0.7725501113585747,0.0,0.0,0,0
2012,SP,3508801,0.415141765533883,0.5452443193243515,0.039613915141765536,0.0,0,0
2016,SP,3508801,0.33428981348637016,0.6657101865136298,0.0,0.0,0,0
2012,SP,3508900,0.3410386320455985,0.6589613679544015,0.0,0.0,0,0
2016,SP,3508900,0.0,1.0,0.0,0.0,0,0
2012,SP,3509007,0.6513009845288327,0.08459915611814346,0.26409985935302394,0.0,0,0
2016,SP,3509007,0.399309006578636,0.5653130768138578,0.03537791660750627,0.0,0,0
2012,SP,3509106,0.0534711964549483,0.7663220088626292,0.18020679468242246,0.0,0,0
2016,SP,3509106,0.0,1.0,0.0,0.0,0,0
2012,SP,3509205,0.009542242426970339,0.10852050231804473,0.8819372552549849,0.0,0,0
2016,SP,3509205,1.0,0.0,0.0,0.0,0,0
2012,SP,3509254,0.0,1.0,0.0,0.0,0,0
2016,SP,3509254,0.4323941056785252,0.4983044577347555,0.06930143658671928,0.0,0,0
2012,SP,3509304,0.5040770941438102,0.49592290585618976,0.0,0.0,0,0
2016,SP,3509304,0.458376924226573,0.5416230757734269,0.0,0.0,0,0
2012,SP,3509403,0.11232896339279318,0.8777133032452181,0.009957733361988682,0.0,0,0
2016,SP,3509403,0.37926054303870593,0.6207394569612941,0.0,0.0,0,0
2012,SP,3509452,0.030671602326811213,0.88841882601798,0.08090957165520889,0.0,0,0
2016,SP,3509452,0.06415191172696946,0.9358480882730306,0.0,0.0,0,0
2012,SP,3509502,0.008149415000902686,0.6607684677042062,0.3310821172948912,0.0,0,0
2016,SP,3509502,0.15827837486163415,0.6587589874555054,0.18296263768286045,0.0,0,0
2012,SP,3509601,0.38577232061347455,0.2987036698922768,0.3155240094942487,0.0,0,0
2016,SP,3509601,0.4671744558500845,0.5328255441499155,0.0,0.0,0,0
2012,SP,3509700,0.2226811465194944,0.44878048780487806,0.32853836567562755,0.0,0,0
2016,SP,3509700,0.21881421721592206,0.7811857827840779,0.0,0.0,0,0
2012,SP,3509809,0.0,1.0,0.0,0.0,0,0
2016,SP,3509809,0.0,1.0,0.0,0.0,0,0
2012,SP,3509908,0.40426851966745253,0.39905695495719073,0.19667452537535673,0.0,0,0
2016,SP,3509908,0.5622364304176303,0.4377635695823697,0.0,0.0,0,0
2012,SP,3509957,0.0,1.0,0.0,0.0,0,0
2016,SP,3509957,0.0,1.0,0.0,0.0,0,0
2012,SP,3510005,0.16945629581008642,0.8305437041899135,0.0,0.0,0,0
2016,SP,3510005,0.7376316253897288,0.2623683746102712,0.0,0.0,0,0
2012,SP,3510104,0.0,1.0,0.0,0.0,0,0
2016,SP,3510104,0.0,1.0,0.0,0.0,0,0
2012,SP,3510153,0.4081360453484495,0.5238412804268089,0.06802267422474158,0.0,0,0
2016,SP,3510153,0.0,1.0,0.0,0.0,0,0
2012,SP,3510203,0.7595837685195931,0.24041623148040694,0.0,0.0,0,0
2016,SP,3510203,0.31830258578752385,0.6745874340455787,0.007109980166897429,0.0,0,0
2012,SP,3510302,0.0,1.0,0.0,0.0,0,0
2016,SP,3510302,0.06746846582575536,0.9325315341742446,0.0,0.0,0,0
2012,SP,3510401,0.0,1.0,0.0,0.0,0,0
2016,SP,3510401,0.45656565656565656,0.5271202591957309,0.01631408423861254,0.0,0,0
2012,SP,3510500,0.07545622308796392,0.8389658321993774,0.08557794471265867,0.0,0,0
2016,SP,3510500,0.05518920564066146,0.9381488620608028,0.006661932298535727,0.0,0,0
2012,SP,3510609,0.003475693455232965,0.3164227810727513,0.6801015254720157,0.0,0,0
2016,SP,3510609,0.37891899402528834,0.6074864526886202,0.013594553286091427,0.0,0,0
2012,SP,3510708,0.34982420894023103,0.650175791059769,0.0,0.0,0,0
2016,SP,3510708,0.747074122236671,0.252925877763329,0.0,0.0,0,0
2012,SP,3510807,0.5396694214876033,0.46033057851239667,0.0,0.0,0,0
2016,SP,3510807,0.4302411055571891,0.5697588944428109,0.0,0.0,0,0
2012,SP,3510906,0.0,1.0,0.0,0.0,0,0
2016,SP,3510906,0.0,1.0,0.0,0.0,0,0
2012,SP,3511003,0.379073756432247,0.6209262435677531,0.0,0.0,0,0
2016,SP,3511003,1.0,0.0,0.0,0.0,0,0
2012,SP,3511102,0.042659234363472416,0.5839495040577096,0.3733912615788179,0.0,0,0
2016,SP,3511102,0.07867738351957132,0.7367019538652552,0.1846206626151735,0.0,0,0
2012,SP,3511201,0.0,1.0,0.0,0.0,0,0
2016,SP,3511201,0.04343870821014328,0.9565612917898567,0.0,0.0,0,0
2012,SP,3511300,0.08304115150396753,0.9169588484960325,0.0,0.0,0,0
2016,SP,3511300,0.0,1.0,0.0,0.0,0,0
2012,SP,3511409,0.8967196819085487,0.08021868787276341,0.023061630218687873,0.0,0,0
2016,SP,3511409,0.5414492753623188,0.45855072463768115,0.0,0.0,0,0
2012,SP,3511607,0.0,1.0,0.0,0.0,0,0
2016,SP,3511607,0.23959893972571164,0.6970150973838884,0.06338596289039991,0.0,0,0
2012,SP,3511706,0.0,0.47696476964769646,0.5230352303523035,0.0,0,0
2016,SP,3511706,0.11819011869737242,0.8818098813026276,0.0,0.0,0,0
2012,SP,3511904,0.5008058945429427,0.49919410545705734,0.0,0.0,0,0
2016,SP,3511904,0.5186885245901639,0.48131147540983604,0.0,0.0,0,0
2012,SP,3512001,0.0,1.0,0.0,0.0,0,0
2016,SP,3512001,0.0,1.0,0.0,0.0,0,0
2012,SP,3512100,0.46087704213241615,0.5391229578675838,0.0,0.0,0,0
2016,SP,3512100,0.43536859301613234,0.5646314069838677,0.0,0.0,0,0
2012,SP,3512209,1.0,0.0,0.0,0.0,0,0
2016,SP,3512209,0.1368909512761021,0.8631090487238979,0.0,0.0,0,0
2012,SP,3512308,0.0,0.8346664065548186,0.16533359344518142,0.0,0,0
2016,SP,3512308,0.0,1.0,0.0,0.0,0,0
2012,SP,3512407,0.3128254014812642,0.3664295666202244,0.3207450318985114,0.0,0,0
2016,SP,3512407,0.029045337265020274,0.9709546627349798,0.0,0.0,0,0
2012,SP,3512506,0.3307404206280611,0.1331028522039758,0.5361567271679631,0.0,0,0
2016,SP,3512506,0.5189173457508731,0.0,0.4810826542491269,0.0,0,0
2012,SP,3512605,0.0,1.0,0.0,0.0,0,0
2016,SP,3512605,0.5444997236042012,0.45550027639579876,0.0,0.0,0,0
2012,SP,3512803,0.0,0.6736858144141399,0.3263141855858601,0.0,0,0
2016,SP,3512803,0.020990764063811923,0.5930052315442743,0.38600400439191374,0.0,0,0
2012,SP,3512902,0.0,1.0,0.0,0.0,0,0
2016,SP,3512902,0.46773877230829575,0.5322612276917043,0.0,0.0,0,0
2012,SP,3513009,0.0,0.717011444098455,0.28298855590154504,0.0,0,0
2016,SP,3513009,0.4108104450051722,0.5571894003113006,0.03200015468352717,0.0,0,0
2012,SP,3513108,0.0,1.0,0.0,0.0,0,0
2016,SP,3513108,0.0,1.0,0.0,0.0,0,0
2012,SP,3513207,0.190039554117224,0.8099604458827759,0.0,0.0,0,0
2016,SP,3513207,0.4558025555750044,0.5441974444249956,0.0,0.0,0,0
2012,SP,3513306,1.0,0.0,0.0,0.0,0,0
2016,SP,3513306,0.5141242937853108,0.4858757062146893,0.0,0.0,0,0
2012,SP,3513405,0.5645254122769701,0.43547458772302994,0.0,0.0,0,0
2016,SP,3513405,0.2802572150348312,0.7197427849651687,0.0,0.0,0,0
2012,SP,3513504,0.0,0.4335969419553204,0.5664030580446796,0.0,0,0
2016,SP,3513504,0.0,0.943814485647155,0.05618551435284503,0.0,0,0
2012,SP,3513603,0.0,1.0,0.0,0.0,0,0
2016,SP,3513603,0.0,1.0,0.0,0.0,0,0
2012,SP,3513702,0.0677519029316452,0.9100158263621976,0.022232270706157208,0.0,0,0
2016,SP,3513702,0.5939049461845447,0.38112226387713144,0.024972789938323862,0.0,0,0
2012,SP,3513801,0.016191460024562072,0.5140744221927634,0.46973411778267443,0.0,0,0
2016,SP,3513801,0.3426793674243007,0.48528589528543364,0.17203473729026567,0.0,0,0
2012,SP,3513850,0.44248985115020295,0.557510148849797,0.0,0.0,0,0
2016,SP,3513850,0.5163826998689384,0.4836173001310616,0.0,0.0,0,0
2012,SP,3513900,0.0,0.4694237288135593,0.5305762711864407,0.0,0,0
2016,SP,3513900,0.0,1.0,0.0,0.0,0,0
2012,SP,3514007,0.0,0.19847499439336175,0.8015250056066383,0.0,0,0
2016,SP,3514007,0.1661031276415892,0.768385460693153,0.06551141166525781,0.0,0,0
2012,SP,3514106,0.0,1.0,0.0,0.0,0,0
2016,SP,3514106,0.0,1.0,0.0,0.0,0,0
2012,SP,3514205,0.4892996108949416,0.5107003891050583,0.0,0.0,0,0
2016,SP,3514205,0.0,1.0,0.0,0.0,0,0
2012,SP,3514304,0.862557497700092,0.0,0.137442502299908,0.0,0,0
2016,SP,3514304,0.16741431903822,0.83258568096178,0.0,0.0,0,0
2012,SP,3514403,0.5489758508009883,0.45102414919901174,0.0,0.0,0,0
2016,SP,3514403,0.6202846664338106,0.3797153335661893,0.0,0.0,0,0
2012,SP,3514502,0.46091982910278967,0.5390801708972104,0.0,0.0,0,0
2016,SP,3514502,0.0,1.0,0.0,0.0,0,0
2012,SP,3514601,1.0,0.0,0.0,0.0,0,0
2016,SP,3514601,0.0,1.0,0.0,0.0,0,0
2012,SP,3514700,0.0,1.0,0.0,0.0,0,0
2016,SP,3514700,0.1446291242867775,0.8553708757132226,0.0,0.0,0,0
2012,SP,3514809,0.0,0.9961381677751555,0.003861832224844454,0.0,0,0
2016,SP,3514809,0.8212045911726423,0.1787954088273577,0.0,0.0,0,0
2012,SP,3514908,0.12449322654009691,0.8755067734599031,0.0,0.0,0,0
2016,SP,3514908,0.0,1.0,0.0,0.0,0,0
2012,SP,3514924,0.0,1.0,0.0,0.0,0,0
2016,SP,3514924,0.45023295213892417,0.5497670478610758,0.0,0.0,0,0
2012,SP,3514957,0.5657298277425205,0.4342701722574796,0.0,0.0,0,0
2016,SP,3514957,0.5236270753512133,0.4763729246487867,0.0,0.0,0,0
2012,SP,3515103,0.24603929910989195,0.7180204892795163,0.03594021161059172,0.0,0,0
2016,SP,3515103,0.12227934875749785,0.8696943730362754,0.008026278206226792,0.0,0,0
2012,SP,3515129,0.05099030762747577,0.9490096923725242,0.0,0.0,0,0
2016,SP,3515129,0.0,1.0,0.0,0.0,0,0
2012,SP,3515152,0.0,0.9718635170603674,0.028136482939632546,0.0,0,0
2016,SP,3515152,0.0,1.0,0.0,0.0,0,0
2012,SP,3515194,0.0,0.5816259087904825,0.4183740912095175,0.0,0,0
2016,SP,3515194,0.38432188692334374,0.6156781130766562,0.0,0.0,0,0
2012,SP,3515202,0.7339025257915333,0.26609747420846674,0.0,0.0,0,0
2016,SP,3515202,1.0,0.0,0.0,0.0,0,0
2012,SP,3515301,0.017035775127768313,0.9829642248722317,0.0,0.0,0,0
2016,SP,3515301,0.0,1.0,0.0,0.0,0,0
2012,SP,3515350,0.6306894243641231,0.3693105756358768,0.0,0.0,0,0
2016,SP,3515350,0.7176143279429664,0.2823856720570336,0.0,0.0,0,0
2012,SP,3515400,0.044189852700491,0.955810147299509,0.0,0.0,0,0
2016,SP,3515400,0.4416649787320235,0.44591857403281343,0.11241644723516306,0.0,0,0
2012,SP,3515509,1.0,0.0,0.0,0.0,0,0
2016,SP,3515509,0.913053579207202,0.08694642079279803,0.0,0.0,0,0
2012,SP,3515608,0.0,1.0,0.0,0.0,0,0
2016,SP,3515608,0.0,1.0,0.0,0.0,0,0
2012,SP,3515657,0.6144638403990025,0.3855361596009975,0.0,0.0,0,0
2016,SP,3515657,1.0,0.0,0.0,0.0,0,0
2012,SP,3515707,0.0,0.992744818148572,0.0072551818514280325,0.0,0,0
2016,SP,3515707,0.37536289979714055,0.588474666861023,0.03616243334183643,0.0,0,0
2012,SP,3515806,0.5304948216340621,0.46950517836593786,0.0,0.0,0,0
2016,SP,3515806,0.2164366373902133,0.7835633626097867,0.0,0.0,0,0
2012,SP,3515905,0.0,1.0,0.0,0.0,0,0
2016,SP,3515905,0.0,1.0,0.0,0.0,0,0
2012,SP,3516002,0.0,1.0,0.0,0.0,0,0
2016,SP,3516002,0.0,1.0,0.0,0.0,0,0
2012,SP,3516101,0.37973086627417996,0.62026913372582,0.0,0.0,0,0
2016,SP,3516101,0.4333198216457235,0.5666801783542764,0.0,0.0,0,0
2012,SP,3516200,0.2989094777905843,0.5803528681620711,0.12073765404734463,0.0,0,0
2016,SP,3516200,0.22562977776344226,0.7564816308099216,0.01788859142663613,0.0,0,0
2012,SP,3516309,0.0,1.0,0.0,0.0,0,0
2016,SP,3516309,0.3805235761237129,0.6007447091454843,0.018731714730802842,0.0,0,0
2012,SP,3516408,0.0,0.0,1.0,0.0,0,0
2016,SP,3516408,0.24906372934697088,0.0,0.7509362706530291,0.0,0,0
2012,SP,3516507,0.4984736153510685,0.5015263846489315,0.0,0.0,0,0
2016,SP,3516507,0.0,1.0,0.0,0.0,0,0
2012,SP,3516606,0.0,1.0,0.0,0.0,0,0
2016,SP,3516606,0.5733763014377788,0.4266236985622211,0.0,0.0,0,0
2012,SP,3516705,0.29056417431381426,0.6953623307682811,0.014073494917904612,0.0,0,0
2016,SP,3516705,0.43575906015193655,0.5501681265307817,0.014072813317281746,0.0,0,0
2012,SP,3516804,0.0,1.0,0.0,0.0,0,0
2016,SP,3516804,0.0,1.0,0.0,0.0,0,0
2012,SP,3516853,0.6644941030415891,0.33550589695841093,0.0,0.0,0,0
2016,SP,3516853,0.4993961352657005,0.4489734299516908,0.051630434782608696,0.0,0,0
2012,SP,3516903,0.7258667220261573,0.2741332779738426,0.0,0.0,0,0
2016,SP,3516903,0.3972055888223553,0.6027944111776448,0.0,0.0,0,0
2012,SP,3517000,0.0,0.8847540983606558,0.11524590163934426,0.0,0,0
2016,SP,3517000,0.0,1.0,0.0,0.0,0,0
2012,SP,3517109,0.0,0.6100056850483229,0.3899943149516771,0.0,0,0
2016,SP,3517109,0.0,1.0,0.0,0.0,0,0
2012,SP,3517208,0.0,0.5519845733569018,0.4480154266430982,0.0,0,0
2016,SP,3517208,0.764894419306184,0.23510558069381599,0.0,0.0,0,0
2012,SP,3517307,0.0,1.0,0.0,0.0,0,0
2016,SP,3517307,0.18033635187580854,0.8196636481241915,0.0,0.0,0,0
2012,SP,3517406,0.43875636558563386,0.0,0.5612436344143661,0.0,0,0
2016,SP,3517406,0.0,0.9376545802417285,0.0623454197582715,0.0,0,0
2012,SP,3517505,0.0,1.0,0.0,0.0,0,0
2016,SP,3517505,0.5107129313613955,0.4892870686386045,0.0,0.0,0,0
2012,SP,3517604,0.263985514152292,0.0,0.736014485847708,0.0,0,0
2016,SP,3517604,0.0,1.0,0.0,0.0,0,0
2012,SP,3517703,0.03439020298607616,0.9656097970139238,0.0,0.0,0,0
2016,SP,3517703,0.0,1.0,0.0,0.0,0,0
2012,SP,3517802,0.5337586390217969,0.0,0.46624136097820307,0.0,0,0
2016,SP,3517802,0.0,1.0,0.0,0.0,0,0
2012,SP,3517901,0.0,1.0,0.0,0.0,0,0
2016,SP,3517901,0.5009628203229152,0.4990371796770849,0.0,0.0,0,0
2012,SP,3518008,0.6078431372549019,0.07773109243697479,0.31442577030812324,0.0,0,0
2016,SP,3518008,0.0,1.0,0.0,0.0,0,0
2012,SP,3518107,0.0,1.0,0.0,0.0,0,0
2016,SP,3518107,0.0,0.7879545454545455,0.21204545454545454,0.0,0,0
2012,SP,3518206,0.0,1.0,0.0,0.0,0,0
2016,SP,3518206,0.19735706580366774,0.8026429341963323,0.0,0.0,0,0
2012,SP,3518404,0.0,0.7626054601969101,0.23739453980308992,0.0,0,0
2016,SP,3518404,0.12497913220318405,0.858888163785646,0.016132704011169962,0.0,0,0
2012,SP,3518503,0.0,0.41150245207311636,0.5884975479268837,0.0,0,0
2016,SP,3518503,0.36914001862775536,0.6308599813722446,0.0,0.0,0,0
2012,SP,3518602,0.2752866185649152,0.5013500951706432,0.2233632862644416,0.0,0,0
2016,SP,3518602,0.400170221287674,0.4873835986782818,0.11244618003404426,0.0,0,0
2012,SP,3518701,0.05967498860941388,0.8840613572905592,0.05626365410002687,0.0,0,0
2016,SP,3518701,0.03391224325964796,0.903960997004288,0.06212675973606407,0.0,0,0
2012,SP,3518800,0.14401738032224265,0.34838834944663194,0.5075942702311254,0.0,0,0
2016,SP,3518800,0.3886186859026905,0.41017310103052496,0.20120821306678457,0.0,0,0
2012,SP,3518909,0.0,1.0,0.0,0.0,0,0
2016,SP,3518909,0.47798938495160787,0.4895410552606931,0.03246955978769903,0.0,0,0
2012,SP,3519006,0.0,0.8117117117117117,0.18828828828828828,0.0,0,0
2016,SP,3519006,0.38887908208296557,0.6111209179170344,0.0,0.0,0,0
2012,SP,3519055,0.0,1.0,0.0,0.0,0,0
2016,SP,3519055,0.0,1.0,0.0,0.0,0,0
2012,SP,3519071,0.33876405670847903,0.0,0.6612359432915209,0.0,0,0
2016,SP,3519071,0.0,0.7386997893223368,0.2613002106776632,0.0,0,0
2012,SP,3519105,0.4930999663412992,0.46028273308650286,0.046617300572197914,0.0,0,0
2016,SP,3519105,0.4113367687177933,0.5886632312822068,0.0,0.0,0,0
2012,SP,3519204,0.0,1.0,0.0,0.0,0,0
2016,SP,3519204,0.0,1.0,0.0,0.0,0,0
2012,SP,3519253,0.6088984571223538,0.3598851811984212,0.031216361679224973,0.0,0,0
2016,SP,3519253,0.0,0.9603399433427762,0.039660056657223795,0.0,0,0
2012,SP,3519303,0.05525001809103408,0.9447499819089659,0.0,0.0,0,0
2016,SP,3519303,0.0,1.0,0.0,0.0,0,0
2012,SP,3519402,0.0,1.0,0.0,0.0,0,0
2016,SP,3519402,0.0,1.0,0.0,0.0,0,0
2012,SP,3519501,0.3581754735792622,0.6418245264207378,0.0,0.0,0,0
2016,SP,3519501,0.3367768595041322,0.6632231404958677,0.0,0.0,0,0
2012,SP,3519600,0.0,1.0,0.0,0.0,0,0
2016,SP,3519600,0.0,1.0,0.0,0.0,0,0
2012,SP,3519709,0.12298266943192925,0.4902619847910558,0.3867553457770149,0.0,0,0
2016,SP,3519709,0.5248859010731467,0.47511409892685336,0.0,0.0,0,0
2012,SP,3519808,0.792396109637489,0.20760389036251106,0.0,0.0,0,0
2016,SP,3519808,0.7604881769641495,0.2395118230358505,0.0,0.0,0,0
2012,SP,3519907,0.0,0.5746691871455577,0.42533081285444235,0.0,0,0
2016,SP,3519907,0.36583876221498374,0.6341612377850163,0.0,0.0,0,0
2012,SP,3520004,0.045827184784390886,0.9541728152156091,0.0,0.0,0,0
2016,SP,3520004,0.0,1.0,0.0,0.0,0,0
2012,SP,3520103,0.07688614128803793,0.7469539643478783,0.1761598943640838,0.0,0,0
2016,SP,3520103,0.2332921556516368,0.7667078443483631,0.0,0.0,0,0
2012,SP,3520202,0.6165663604687995,0.3834336395312005,0.0,0.0,0,0
2016,SP,3520202,0.30791215403128763,0.6920878459687124,0.0,0.0,0,0
2012,SP,3520301,0.0,1.0,0.0,0.0,0,0
2016,SP,3520301,0.29567291763302633,0.6427009475846531,0.06162613478232059,0.0,0,0
2012,SP,3520400,0.1869926285341047,0.8130073714658953,0.0,0.0,0,0
2016,SP,3520400,0.04624309700451833,0.942935237351481,0.01082166564400067,0.0,0,0
2012,SP,3520426,0.0,0.7226264726264726,0.2773735273735274,0.0,0,0
2016,SP,3520426,0.0,1.0,0.0,0.0,0,0
2012,SP,3520442,0.5073832646002394,0.0,0.49261673539976053,0.0,0,0
2016,SP,3520442,0.5777109296662369,0.42228907033376306,0.0,0.0,0,0
2012,SP,3520509,0.17816103072042094,0.6509808094095798,0.17085815986999922,0.0,0,0
2016,SP,3520509,0.0034771339654841977,0.9851970832230568,0.011325782811459028,0.0,0,0
2012,SP,3520608,0.28897228637413397,0.6734988452655889,0.037528868360277134,0.0,0,0
2016,SP,3520608,0.8029350104821803,0.1970649895178197,0.0,0.0,0,0
2012,SP,3520707,0.5116355293346444,0.4883644706653556,0.0,0.0,0,0
2016,SP,3520707,0.5733618233618234,0.42663817663817666,0.0,0.0,0,0
2012,SP,3520806,0.8470588235294118,0.15294117647058825,0.0,0.0,0,0
2016,SP,3520806,0.003699593044765076,0.9963004069552349,0.0,0.0,0,0
2012,SP,3520905,1.0,0.0,0.0,0.0,0,0
2016,SP,3520905,1.0,0.0,0.0,0.0,0,0
2012,SP,3521002,0.0,0.9129140662506001,0.08708593374939991,0.0,0,0
2016,SP,3521002,0.0,1.0,0.0,0.0,0,0
2012,SP,3521150,0.0,1.0,0.0,0.0,0,0
2016,SP,3521150,0.0,1.0,0.0,0.0,0,0
2012,SP,3521200,0.0,1.0,0.0,0.0,0,0
2016,SP,3521200,0.0,1.0,0.0,0.0,0,0
2012,SP,3521309,0.0,1.0,0.0,0.0,0,0
2016,SP,3521309,0.0,1.0,0.0,0.0,0,0
2012,SP,3521408,0.0724601799125196,0.38095238095238093,0.5465874391350994,0.0,0,0
2016,SP,3521408,0.42098051157125455,0.5790194884287454,0.0,0.0,0,0
2012,SP,3521507,0.0,1.0,0.0,0.0,0,0
2016,SP,3521507,0.3076923076923077,0.6923076923076923,0.0,0.0,0,0
2012,SP,3521606,0.6271676300578035,0.37283236994219654,0.0,0.0,0,0
2016,SP,3521606,0.5638703527168732,0.4361296472831268,0.0,0.0,0,0
2012,SP,3521705,0.5929562836370503,0.3099801718440185,0.09706354451893116,0.0,0,0
2016,SP,3521705,0.44438133106125155,0.5556186689387485,0.0,0.0,0,0
2012,SP,3521804,0.4505974025974026,0.5494025974025974,0.0,0.0,0,0
2016,SP,3521804,0.2571137414752685,0.7428862585247316,0.0,0.0,0,0
2012,SP,3521903,0.4552996291235604,0.5447003708764396,0.0,0.0,0,0
2016,SP,3521903,0.0,1.0,0.0,0.0,0,0
2012,SP,3522000,0.7695473251028807,0.23045267489711935,0.0,0.0,0,0
2016,SP,3522000,1.0,0.0,0.0,0.0,0,0
2012,SP,3522109,0.09670841829303815,0.8957804502517581,0.007511131455203695,0.0,0,0
2016,SP,3522109,0.006935228391626354,0.9662870842073719,0.026777687401001754,0.0,0,0
2012,SP,3522158,1.0,0.0,0.0,0.0,0,0
2016,SP,3522158,1.0,0.0,0.0,0.0,0,0
2012,SP,3522208,0.0,0.6382226980728052,0.36177730192719487,0.0,0,0
2016,SP,3522208,0.1621972003321146,0.7689181512286783,0.068884648439207,0.0,0,0
2012,SP,3522307,0.0,0.934821486848117,0.06517851315188304,0.0,0,0
2016,SP,3522307,0.32705316634518733,0.5482354858866039,0.12471134776820886,0.0,0,0
2012,SP,3522406,0.2911330650079278,0.7088669349920722,0.0,0.0,0,0
2016,SP,3522406,0.33254180076929113,0.6674581992307088,0.0,0.0,0,0
2012,SP,3522505,0.38783597019397115,0.6041906271443621,0.00797340266166678,0.0,0,0
2016,SP,3522505,0.6638613384689456,0.3217621569571497,0.01437650457390467,0.0,0,0
2012,SP,3522604,0.0,1.0,0.0,0.0,0,0
2016,SP,3522604,0.4364085239085239,0.4487785862785863,0.11481288981288981,0.0,0,0
2012,SP,3522653,0.49325337331334335,0.0,0.5067466266866567,0.0,0,0
2016,SP,3522653,0.44165170556552963,0.0,0.5583482944344704,0.0,0,0
2012,SP,3522703,0.0,1.0,0.0,0.0,0,0
2016,SP,3522703,0.7618900873138161,0.23810991268618387,0.0,0.0,0,0
2012,SP,3522802,0.0,0.9837547191396865,0.016245280860313464,0.0,0,0
2016,SP,3522802,0.49444444444444446,0.39861111111111114,0.10694444444444444,0.0,0,0
2012,SP,3522901,0.0,1.0,0.0,0.0,0,0
2016,SP,3522901,0.0,1.0,0.0,0.0,0,0
2012,SP,3523008,0.35826257348138474,0.44676681907250165,0.19497060744611366,0.0,0,0
2016,SP,3523008,0.5568219912839424,0.1320817968488099,0.31109621186724773,0.0,0,0
2012,SP,3523107,0.45805888369850606,0.5377128002658171,0.004228316035676824,0.0,0,0
2016,SP,3523107,0.18721086770285156,0.806363970138294,0.006425162158854485,0.0,0,0
2012,SP,3523206,0.13276327632763277,0.40745949594959496,0.4597772277227723,0.0,0,0
2016,SP,3523206,0.33321327090086844,0.6667867290991315,0.0,0.0,0,0
2012,SP,3523305,0.3736975499859195,0.6263024500140806,0.0,0.0,0,0
2016,SP,3523305,0.10382035578885973,0.8961796442111403,0.0,0.0,0,0
2012,SP,3523404,0.0,1.0,0.0,0.0,0,0
2016,SP,3523404,0.20284106632229498,0.797158933677705,0.0,0.0,0,0
2012,SP,3523503,0.0,0.9194010537018209,0.08059894629817912,0.0,0,0
2016,SP,3523503,0.5529781321734928,0.4470218678265072,0.0,0.0,0,0
2012,SP,3523701,0.5266200915442062,0.3717176583955673,0.10166225006022646,0.0,0,0
2016,SP,3523701,0.5273224043715847,0.4726775956284153,0.0,0.0,0,0
2012,SP,3523800,0.4713763702801462,0.5286236297198539,0.0,0.0,0,0
2016,SP,3523800,0.0,1.0,0.0,0.0,0,0
2012,SP,3523909,0.40751455670707143,0.5924854432929285,0.0,0.0,0,0
2016,SP,3523909,0.47045330555968856,0.46861826117145267,0.0609284332688588,0.0,0,0
2012,SP,3524105,0.6569216757741347,0.3430783242258652,0.0,0.0,0,0
2016,SP,3524105,0.02481116741562291,0.975188832584377,0.0,0.0,0,0
2012,SP,3524204,0.0,1.0,0.0,0.0,0,0
2016,SP,3524204,0.6542814960629921,0.34571850393700787,0.0,0.0,0,0
2012,SP,3524303,0.04374313653715421,0.7008576060241594,0.2553992574386864,0.0,0,0
2016,SP,3524303,0.3606524652807483,0.5969144779992586,0.04243305671999316,0.0,0,0
2012,SP,3524402,0.0,0.50636682396984,0.49363317603016005,0.0,0,0
2016,SP,3524402,0.36417886266673866,0.6285215387661788,0.007299598567082501,0.0,0,0
2012,SP,3524501,1.0,0.0,0.0,0.0,0,0
2016,SP,3524501,0.7297781761147211,0.27022182388527893,0.0,0.0,0,0
2012,SP,3524600,0.0,0.7599167100468506,0.2400832899531494,0.0,0,0
2016,SP,3524600,0.36257747381919214,0.6374225261808079,0.0,0.0,0,0
2012,SP,3524709,0.005421927877442597,0.9945780721225574,0.0,0.0,0,0
2016,SP,3524709,0.02840664851697951,0.9715933514830205,0.0,0.0,0,0
2012,SP,3524808,0.46182856724396765,0.5381714327560324,0.0,0.0,0,0
2016,SP,3524808,1.0,0.0,0.0,0.0,0,0
2012,SP,3524907,0.4254633360193392,0.42143432715551976,0.15310233682514102,0.0,0,0
2016,SP,3524907,0.4246192893401015,0.5753807106598985,0.0,0.0,0,0
2012,SP,3525003,0.01369391269117796,0.9234072723589588,0.06289881494986327,0.0,0,0
2016,SP,3525003,0.0,0.8733779666754429,0.12662203332455713,0.0,0,0
2012,SP,3525102,0.019249900517309987,0.8391862315957024,0.14156386788698766,0.0,0,0
2016,SP,3525102,0.09365608436697448,0.9063439156330255,0.0,0.0,0,0
2012,SP,3525201,0.0,0.8229428275963954,0.17705717240360466,0.0,0,0
2016,SP,3525201,0.8061530265698874,0.19384697343011253,0.0,0.0,0,0
2012,SP,3525300,0.12051717238619586,0.2812573305184143,0.5982254970953899,0.0,0,0
2016,SP,3525300,0.20521568052910275,0.7774545302329475,0.017329789237949728,0.0,0,0
2012,SP,3525409,1.0,0.0,0.0,0.0,0,0
2016,SP,3525409,0.0,1.0,0.0,0.0,0,0
2012,SP,3525508,0.27176616915422885,0.32545605306799336,0.4027777777777778,0.0,0,0
2016,SP,3525508,0.582750249892903,0.417249750107097,0.0,0.0,0,0
2012,SP,3525607,0.0,0.960997442455243,0.03900255754475703,0.0,0,0
2016,SP,3525607,0.0,1.0,0.0,0.0,0,0
2012,SP,3525706,0.32008555511341025,0.3211798647035416,0.35873458018304816,0.0,0,0
2016,SP,3525706,0.4336635634987803,0.5663364365012197,0.0,0.0,0,0
2012,SP,3525805,0.6590322580645162,0.34096774193548385,0.0,0.0,0,0
2016,SP,3525805,0.0,0.7431252021999353,0.2568747978000647,0.0,0,0
2012,SP,3525854,0.0,1.0,0.0,0.0,0,0
2016,SP,3525854,0.0,1.0,0.0,0.0,0,0
2012,SP,3526001,0.0,1.0,0.0,0.0,0,0
2016,SP,3526001,0.26813662762082885,0.7318633723791712,0.0,0.0,0,0
2012,SP,3526100,0.08408819005298239,0.9159118099470176,0.0,0.0,0,0
2016,SP,3526100,0.10195043814190144,0.8980495618580986,0.0,0.0,0,0
2012,SP,3526209,0.0025323910482921083,0.9974676089517079,0.0,0.0,0,0
2016,SP,3526209,0.4442001735608909,0.49777263523286086,0.05802719120624819,0.0,0,0
2012,SP,3526308,0.4917657822506862,0.49565416285452885,0.012580054894784995,0.0,0,0
2016,SP,3526308,0.5620172648796001,0.3983038013024383,0.03967893381796153,0.0,0,0
2012,SP,3526407,0.3974367272962651,0.0,0.6025632727037349,0.0,0,0
2016,SP,3526407,0.031014359714117107,0.9689856402858829,0.0,0.0,0,0
2012,SP,3526506,0.0,1.0,0.0,0.0,0,0
2016,SP,3526506,0.3693488768837077,0.6306511231162923,0.0,0.0,0,0
2012,SP,3526605,0.0,0.574345883854499,0.42565411614550097,0.0,0,0
2016,SP,3526605,0.0,1.0,0.0,0.0,0,0
2012,SP,3526704,0.29958346683755205,0.0,0.7004165331624479,0.0,0,0
2016,SP,3526704,0.9453350018870548,0.0,0.054664998112945194,0.0,0,0
2012,SP,3526803,0.0,0.922974849560253,0.07702515043974695,0.0,0,0
2016,SP,3526803,0.048761815023114746,0.9447896116133212,0.0064485733635640885,0.0,0,0
2012,SP,3526902,0.42265061977515134,0.5773493802248486,0.0,0.0,0,0
2016,SP,3526902,0.5286481551486794,0.44425503384426646,0.027096811007054158,0.0,0,0
2012,SP,3527009,0.0,1.0,0.0,0.0,0,0
2016,SP,3527009,0.2871987618837055,0.7128012381162945,0.0,0.0,0,0
2012,SP,3527207,0.3551191851307361,0.638454268612832,0.006426546256431797,0.0,0,0
2016,SP,3527207,0.0,1.0,0.0,0.0,0,0
2012,SP,3527256,0.3910645339216768,0.6089354660783233,0.0,0.0,0,0
2016,SP,3527256,0.5361262902246509,0.46387370977534914,0.0,0.0,0,0
2012,SP,3527405,0.0,0.8216082700576343,0.17839172994236574,0.0,0,0
2016,SP,3527405,0.20157248157248156,0.7984275184275185,0.0,0.0,0,0
2012,SP,3527504,1.0,0.0,0.0,0.0,0,0
2016,SP,3527504,1.0,0.0,0.0,0.0,0,0
2012,SP,3527603,0.0,1.0,0.0,0.0,0,0
2016,SP,3527603,0.3310446957458266,0.4691707054388799,0.19978459881529348,0.0,0,0
2012,SP,3527702,0.0,1.0,0.0,0.0,0,0
2016,SP,3527702,0.43192064923354373,0.5680793507664562,0.0,0.0,0,0
2012,SP,3527801,0.0,1.0,0.0,0.0,0,0
2016,SP,3527801,0.15873015873015872,0.8412698412698413,0.0,0.0,0,0
2012,SP,3527900,0.0,1.0,0.0,0.0,0,0
2016,SP,3527900,0.5234445446348062,0.4765554553651939,0.0,0.0,0,0
2012,SP,3528007,0.7588638963019443,0.24113610369805566,0.0,0.0,0,0
2016,SP,3528007,1.0,0.0,0.0,0.0,0,0
2012,SP,3528106,0.5896607431340872,0.38408723747980617,0.026252019386106624,0.0,0,0
2016,SP,3528106,0.0,1.0,0.0,0.0,0,0
2012,SP,3528205,0.35138888888888886,0.6486111111111111,0.0,0.0,0,0
2016,SP,3528205,0.3434157137587606,0.6565842862412394,0.0,0.0,0,0
2012,SP,3528304,0.0,1.0,0.0,0.0,0,0
2016,SP,3528304,0.49637542922548644,0.5036245707745135,0.0,0.0,0,0
2012,SP,3528502,0.016514493838247768,0.9798433368258245,0.0036421693359277555,0.0,0,0
2016,SP,3528502,0.22435917746585976,0.7546338835905073,0.021006938943632966,0.0,0,0
2012,SP,3528601,0.0,0.7999286733238231,0.20007132667617689,0.0,0,0
2016,SP,3528601,0.0,1.0,0.0,0.0,0,0
2012,SP,3528700,0.0,1.0,0.0,0.0,0,0
2016,SP,3528700,0.3265669515669516,0.6734330484330484,0.0,0.0,0,0
2012,SP,3528809,0.5706159063559786,0.42938409364402147,0.0,0.0,0,0
2016,SP,3528809,0.5297062750333779,0.47029372496662214,0.0,0.0,0,0
2012,SP,3528858,0.0,1.0,0.0,0.0,0,0
2016,SP,3528858,0.3720538720538721,0.6279461279461279,0.0,0.0,0,0
2012,SP,3528908,0.0,1.0,0.0,0.0,0,0
2016,SP,3528908,0.5478095238095239,0.4521904761904762,0.0,0.0,0,0
2012,SP,3529005,0.0,0.7975857154832761,0.20241428451672394,0.0,0,0
2016,SP,3529005,0.0,0.9809185811298945,0.019081418870105477,0.0,0,0
2012,SP,3529104,0.0,0.8825283243887895,0.1174716756112105,0.0,0,0
2016,SP,3529104,0.0,1.0,0.0,0.0,0,0
2012,SP,3529203,0.0,0.988619702576276,0.01138029742372408,0.0,0,0
2016,SP,3529203,0.20548446069469836,0.7945155393053016,0.0,0.0,0,0
2012,SP,3529302,0.1990206218207147,0.39552947632817614,0.4054499018511092,0.0,0,0
2016,SP,3529302,0.0,1.0,0.0,0.0,0,0
2012,SP,3529401,0.0718037137757343,0.5620707056547702,0.36612558056949546,0.0,0,0
2016,SP,3529401,0.04425039567756372,0.7046444359548109,0.25110516836762536,0.0,0,0
2012,SP,3529500,0.5449606085302907,0.45503939146970934,0.0,0.0,0,0
2016,SP,3529500,0.06623081296191018,0.9337691870380899,0.0,0.0,0,0
2012,SP,3529609,0.09674447174447175,0.9032555282555282,0.0,0.0,0,0
2016,SP,3529609,0.3163945734651644,0.6836054265348356,0.0,0.0,0,0
2012,SP,3529658,0.0,1.0,0.0,0.0,0,0
2016,SP,3529658,0.3700384122919334,0.6299615877080665,0.0,0.0,0,0
2012,SP,3529708,0.34397875699727287,0.6560212430027271,0.0,0.0,0,0
2016,SP,3529708,0.4202285893220604,0.5797714106779396,0.0,0.0,0,0
2012,SP,3529807,0.3649859943977591,0.6350140056022409,0.0,0.0,0,0
2016,SP,3529807,0.450199203187251,0.549800796812749,0.0,0.0,0,0
2012,SP,3529906,0.2508063147173655,0.7491936852826345,0.0,0.0,0,0
2016,SP,3529906,0.21541811846689896,0.784581881533101,0.0,0.0,0,0
2012,SP,3530003,0.6441501103752759,0.0,0.3558498896247241,0.0,0,0
2016,SP,3530003,0.0,1.0,0.0,0.0,0,0
2012,SP,3530102,1.0,0.0,0.0,0.0,0,0
2016,SP,3530102,0.8364783207887204,0.1582741439626842,0.005247535248595356,0.0,0,0
2012,SP,3530201,0.44867199705909383,0.5513280029409061,0.0,0.0,0,0
2016,SP,3530201,1.0,0.0,0.0,0.0,0,0
2012,SP,3530300,0.0,1.0,0.0,0.0,0,0
2016,SP,3530300,0.4443469409245674,0.5556530590754326,0.0,0.0,0,0
2012,SP,3530409,0.0,0.0,1.0,0.0,0,0
2016,SP,3530409,0.5906239683063718,0.40937603169362824,0.0,0.0,0,0
2012,SP,3530508,0.5443647650647544,0.45563523493524566,0.0,0.0,0,0
2016,SP,3530508,0.6471241394625805,0.3528758605374195,0.0,0.0,0,0
2012,SP,3530706,0.0,0.7263044946945912,0.27369550530540876,0.0,0,0
2016,SP,3530706,0.35664444759608566,0.6433555524039143,0.0,0.0,0,0
2012,SP,3530805,0.0,0.7918327129406613,0.20816728705933873,0.0,0,0
2016,SP,3530805,0.2141403987458414,0.6984275148991168,0.08743208635504177,0.0,0,0
2012,SP,3530904,0.45511319281811086,0.3797814207650273,0.16510538641686182,0.0,0,0
2016,SP,3530904,0.6865188138549714,0.3134811861450287,0.0,0.0,0,0
2012,SP,3531001,0.0,1.0,0.0,0.0,0,0
2016,SP,3531001,0.0,1.0,0.0,0.0,0,0
2012,SP,3531100,0.0,1.0,0.0,0.0,0,0
2016,SP,3531100,0.45805578684429643,0.5419442131557036,0.0,0.0,0,0
2012,SP,3531209,0.3510445049954587,0.14282470481380563,0.5061307901907357,0.0,0,0
2016,SP,3531209,0.5523971149766652,0.44760288502333473,0.0,0.0,0,0
2012,SP,3531308,0.0,1.0,0.0,0.0,0,0
2016,SP,3531308,0.3424,0.6131121951219513,0.04448780487804878,0.0,0,0
2012,SP,3531407,0.42283806862288464,0.5771619313771154,0.0,0.0,0,0
2016,SP,3531407,0.6349664534248712,0.3650335465751287,0.0,0.0,0,0
2012,SP,3531506,0.384964638086091,0.6150353619139091,0.0,0.0,0,0
2016,SP,3531506,1.0,0.0,0.0,0.0,0,0
2012,SP,3531605,0.0,0.43141973186662086,0.5685802681333791,0.0,0,0
2016,SP,3531605,0.25259515570934254,0.7474048442906575,0.0,0.0,0,0
2012,SP,3531704,0.2557277628032345,0.7442722371967655,0.0,0.0,0,0
2016,SP,3531704,0.28653391832602093,0.7134660816739791,0.0,0.0,0,0
2012,SP,3531803,0.0,0.9247994164843181,0.07520058351568198,0.0,0,0
2016,SP,3531803,0.0,1.0,0.0,0.0,0,0
2012,SP,3531902,0.0,0.5847167816949574,0.4152832183050426,0.0,0,0
2016,SP,3531902,0.36104624007473146,0.6389537599252686,0.0,0.0,0,0
2012,SP,3532009,0.0,1.0,0.0,0.0,0,0
2016,SP,3532009,0.5840153452685422,0.4159846547314578,0.0,0.0,0,0
2012,SP,3532058,0.0,0.5910585141354372,0.4089414858645628,0.0,0,0
2016,SP,3532058,0.4139372822299652,0.0,0.5860627177700348,0.0,0,0
2012,SP,3532108,0.0,0.6413934426229508,0.35860655737704916,0.0,0,0
2016,SP,3532108,0.0,1.0,0.0,0.0,0,0
2012,SP,3532157,0.0,0.0,1.0,0.0,0,0
2016,SP,3532157,0.45539033457249073,0.0,0.5446096654275093,0.0,0,0
2012,SP,3532207,0.464025633556656,0.5359743664433441,0.0,0.0,0,0
2016,SP,3532207,0.4586038961038961,0.5413961038961039,0.0,0.0,0,0
2012,SP,3532306,0.4789272030651341,0.5210727969348659,0.0,0.0,0,0
2016,SP,3532306,0.0,1.0,0.0,0.0,0,0
2012,SP,3532405,0.0,0.35415421398685,0.64584578601315,0.0,0,0
2016,SP,3532405,0.1808671159843074,0.8191328840156926,0.0,0.0,0,0
2012,SP,3532504,0.5032530904359142,0.4967469095640859,0.0,0.0,0,0
2016,SP,3532504,0.3187787821934163,0.6812212178065836,0.0,0.0,0,0
2012,SP,3532603,0.0,1.0,0.0,0.0,0,0
2016,SP,3532603,0.15922779922779923,0.8407722007722007,0.0,0.0,0,0
2012,SP,3532702,0.6724619683328159,0.3275380316671841,0.0,0.0,0,0
2016,SP,3532702,0.5427375971309025,0.4572624028690974,0.0,0.0,0,0
2012,SP,3532801,0.0,0.5079509313948205,0.49204906860517944,0.0,0,0
2016,SP,3532801,0.6594150350495528,0.3405849649504472,0.0,0.0,0,0
2012,SP,3532827,0.040657592363443525,0.9593424076365564,0.0,0.0,0,0
2016,SP,3532827,0.0,1.0,0.0,0.0,0,0
2012,SP,3532843,0.8047520661157025,0.0,0.1952479338842975,0.0,0,0
2016,SP,3532843,0.0,0.7968580715059588,0.20314192849404117,0.0,0,0
2012,SP,3532868,0.0,1.0,0.0,0.0,0,0
2016,SP,3532868,0.011272141706924315,0.9887278582930756,0.0,0.0,0,0
2012,SP,3532900,0.0,0.5800324675324675,0.4199675324675325,0.0,0,0
2016,SP,3532900,0.138262599469496,0.861737400530504,0.0,0.0,0,0
2012,SP,3533007,0.5061025894771565,0.0,0.49389741052284347,0.0,0,0
2016,SP,3533007,0.0,1.0,0.0,0.0,0,0
2012,SP,3533106,0.0,1.0,0.0,0.0,0,0
2016,SP,3533106,0.0,1.0,0.0,0.0,0,0
2012,SP,3533205,0.0,1.0,0.0,0.0,0,0
2016,SP,3533205,0.47864651773981604,0.521353482260184,0.0,0.0,0,0
2012,SP,3533254,0.07823960880195599,0.5623471882640587,0.3594132029339853,0.0,0,0
2016,SP,3533254,0.5024263992235523,0.49757360077644774,0.0,0.0,0,0
2012,SP,3533304,0.0,0.5116462692459535,0.4883537307540466,0.0,0,0
2016,SP,3533304,0.01087378640776699,0.989126213592233,0.0,0.0,0,0
2012,SP,3533403,0.1193092105263158,0.8806907894736842,0.0,0.0,0,0
2016,SP,3533403,0.4594472862979764,0.5316732619116559,0.008879451790367724,0.0,0,0
2012,SP,3533502,0.12794014496142156,0.8720598550385784,0.0,0.0,0,0
2016,SP,3533502,0.4140691615348176,0.5859308384651823,0.0,0.0,0,0
2012,SP,3533700,0.0,1.0,0.0,0.0,0,0
2016,SP,3533700,0.0,1.0,0.0,0.0,0,0
2012,SP,3533809,0.6125,0.3875,0.0,0.0,0,0
2016,SP,3533809,0.0,1.0,0.0,0.0,0,0
2012,SP,3533908,0.7864577705744642,0.21354222942553575,0.0,0.0,0,0
2016,SP,3533908,0.839427036705461,0.14080572963294538,0.019767233661593553,0.0,0,0
2012,SP,3534005,0.0,0.9024966261808367,0.0975033738191633,0.0,0,0
2016,SP,3534005,1.0,0.0,0.0,0.0,0,0
2012,SP,3534104,0.6432776077230986,0.35672239227690133,0.0,0.0,0,0
2016,SP,3534104,0.9160443539262276,0.08395564607377234,0.0,0.0,0,0
2012,SP,3534203,0.0,0.5950873638895923,0.4049126361104077,0.0,0,0
2016,SP,3534203,0.0,1.0,0.0,0.0,0,0
2012,SP,3534302,0.0,0.9794571404999588,0.02054285950004125,0.0,0,0
2016,SP,3534302,0.17163126817661056,0.8191151846302988,0.009253547193090685,0.0,0,0
2012,SP,3534401,0.20389288284928847,0.1596957845169235,0.636411332633788,0.0,0,0
2016,SP,3534401,0.44731819015130003,0.502579181779294,0.050102628069406054,0.0,0,0
2012,SP,3534500,0.43389683571738186,0.5661031642826181,0.0,0.0,0,0
2016,SP,3534500,1.0,0.0,0.0,0.0,0,0
2012,SP,3534609,0.0,1.0,0.0,0.0,0,0
2016,SP,3534609,0.44457652303120354,0.5554234769687965,0.0,0.0,0,0
2012,SP,3534708,0.0,0.7873788855671217,0.2126211144328783,0.0,0,0
2016,SP,3534708,0.6746218120255584,0.26082682540549396,0.06455136256894763,0.0,0,0
2012,SP,3534757,0.0,1.0,0.0,0.0,0,0
2016,SP,3534757,0.39235170129479074,0.6076482987052093,0.0,0.0,0,0
2012,SP,3534807,0.6445943184140609,0.3554056815859391,0.0,0.0,0,0
2016,SP,3534807,0.34477254588986433,0.6552274541101357,0.0,0.0,0,0
2012,SP,3534906,0.9473610133708655,0.05263898662913441,0.0,0.0,0,0
2016,SP,3534906,0.43901351953647305,0.560986480463527,0.0,0.0,0,0
2012,SP,3535002,0.5557004201071998,0.4442995798928002,0.0,0.0,0,0
2016,SP,3535002,0.7521605798717591,0.24783942012824087,0.0,0.0,0,0
2012,SP,3535101,0.42324018394057306,0.5767598160594269,0.0,0.0,0,0
2016,SP,3535101,0.8716160106294636,0.12838398937053647,0.0,0.0,0,0
2012,SP,3535200,0.0,0.5183530162783275,0.48164698372167253,0.0,0,0
2016,SP,3535200,0.5117878192534381,0.48821218074656186,0.0,0.0,0,0
2012,SP,3535309,0.4368619022031166,0.5631380977968834,0.0,0.0,0,0
2016,SP,3535309,0.5325030376670717,0.4674969623329283,0.0,0.0,0,0
2012,SP,3535408,0.23845517892996337,0.7615448210700366,0.0,0.0,0,0
2016,SP,3535408,0.0,1.0,0.0,0.0,0,0
2012,SP,3535507,0.7806593596271684,0.13148355916112886,0.08785708121170277,0.0,0,0
2016,SP,3535507,0.40532738485763026,0.5946726151423698,0.0,0.0,0,0
2012,SP,3535606,0.7128292268479184,0.0,0.28717077315208156,0.0,0,0
2016,SP,3535606,0.06670966553026812,0.9332903344697319,0.0,0.0,0,0
2012,SP,3535705,0.0,0.29490413723511605,0.705095862764884,0.0,0,0
2016,SP,3535705,0.0,1.0,0.0,0.0,0,0
2012,SP,3535804,0.0,1.0,0.0,0.0,0,0
2016,SP,3535804,0.26031050576245357,0.7238784646156777,0.015811029621868748,0.0,0,0
2012,SP,3535903,0.0,1.0,0.0,0.0,0,0
2016,SP,3535903,1.0,0.0,0.0,0.0,0,0
2012,SP,3536000,1.0,0.0,0.0,0.0,0,0
2016,SP,3536000,1.0,0.0,0.0,0.0,0,0
2012,SP,3536109,0.4647713226205192,0.5352286773794809,0.0,0.0,0,0
2016,SP,3536109,0.4503436833372837,0.5496563166627163,0.0,0.0,0,0
2012,SP,3536208,0.7465861588481189,0.2534138411518811,0.0,0.0,0,0
2016,SP,3536208,1.0,0.0,0.0,0.0,0,0
2012,SP,3536257,0.610443864229765,0.389556135770235,0.0,0.0,0,0
2016,SP,3536257,0.5387038703870387,0.4612961296129613,0.0,0.0,0,0
2012,SP,3536307,0.0,0.5675415362388635,0.4324584637611365,0.0,0,0
2016,SP,3536307,0.0,1.0,0.0,0.0,0,0
2012,SP,3536406,0.026490066225165563,0.9735099337748344,0.0,0.0,0,0
2016,SP,3536406,0.48229819947400365,0.5177018005259963,0.0,0.0,0,0
2012,SP,3536505,0.0,0.5931723620489735,0.40682763795102656,0.0,0,0
2016,SP,3536505,0.022860337167907262,0.9121774691812057,0.06496219365088705,0.0,0,0
2012,SP,3536570,1.0,0.0,0.0,0.0,0,0
2016,SP,3536570,0.1784776902887139,0.821522309711286,0.0,0.0,0,0
2012,SP,3536604,0.2331764054278593,0.43076710052617,0.33605649404597066,0.0,0,0
2016,SP,3536604,0.017244757985498727,0.9827552420145013,0.0,0.0,0,0
2012,SP,3536703,0.08826475252483099,0.8657874968700442,0.04594775060512478,0.0,0,0
2016,SP,3536703,0.03693613220187584,0.9630638677981241,0.0,0.0,0,0
2012,SP,3536802,0.4553314121037464,0.2690594707885774,0.27560911710767616,0.0,0,0
2016,SP,3536802,0.39956278843818316,0.6004372115618168,0.0,0.0,0,0
2012,SP,3536901,1.0,0.0,0.0,0.0,0,0
2016,SP,3536901,0.0,1.0,0.0,0.0,0,0
2012,SP,3537008,0.4040940106141016,0.5959059893858984,0.0,0.0,0,0
2016,SP,3537008,0.0,1.0,0.0,0.0,0,0
2012,SP,3537107,0.03518441773725653,0.3104019892250311,0.6544135930377124,0.0,0,0
2016,SP,3537107,0.0,1.0,0.0,0.0,0,0
2012,SP,3537156,0.0,1.0,0.0,0.0,0,0
2016,SP,3537156,0.5538700894593543,0.44612991054064566,0.0,0.0,0,0
2012,SP,3537206,0.3953625466692867,0.6046374533307133,0.0,0.0,0,0
2016,SP,3537206,0.6068121693121693,0.3931878306878307,0.0,0.0,0,0
2012,SP,3537305,0.3537769358276107,0.3332938669192517,0.31292919725313756,0.0,0,0
2016,SP,3537305,0.24501965035912726,0.698265347608077,0.056715002032795774,0.0,0,0
2012,SP,3537404,0.10565556152606126,0.5613917248790973,0.33295271359484147,0.0,0,0
2016,SP,3537404,0.6356634636543681,0.3643365363456319,0.0,0.0,0,0
2012,SP,3537503,0.5136457745153398,0.3557312252964427,0.13062300018821757,0.0,0,0
2016,SP,3537503,0.20441882804995196,0.7955811719500481,0.0,0.0,0,0
2012,SP,3537602,0.0,0.7132607551455719,0.2867392448544281,0.0,0,0
2016,SP,3537602,0.5074626865671642,0.4925373134328358,0.0,0.0,0,0
2012,SP,3537701,0.0,1.0,0.0,0.0,0,0
2016,SP,3537701,0.8065254722381225,0.1934745277618775,0.0,0.0,0,0
2012,SP,3537800,0.0,0.6049666183899113,0.39503338161008866,0.0,0,0
2016,SP,3537800,0.3754088764934752,0.4766380883517543,0.1479530351547705,0.0,0,0
2012,SP,3537909,0.0,0.9524236409041429,0.04757635909585708,0.0,0,0
2016,SP,3537909,0.5773592547590117,0.38537869582827056,0.0372620494127177,0.0,0,0
2012,SP,3538006,0.0224647304984088,0.8846568271230612,0.09287844237853009,0.0,0,0
2016,SP,3538006,0.5153237865581765,0.4724980129595452,0.012178200482278294,0.0,0,0
2012,SP,3538105,0.563366002027712,0.4366339979722879,0.0,0.0,0,0
2016,SP,3538105,0.3569023569023569,0.6430976430976431,0.0,0.0,0,0
2012,SP,3538204,0.3313447675863783,0.6686552324136217,0.0,0.0,0,0
2016,SP,3538204,0.6385542168674698,0.3614457831325301,0.0,0.0,0,0
2012,SP,3538303,0.47383935151068535,0.5261606484893147,0.0,0.0,0,0
2016,SP,3538303,0.0,1.0,0.0,0.0,0,0
2012,SP,3538501,0.0,0.5754031342266637,0.4245968657733364,0.0,0,0
2016,SP,3538501,0.04070381231671554,0.9485043988269795,0.010791788856304985,0.0,0,0
2012,SP,3538600,0.19609910384818133,0.8039008961518187,0.0,0.0,0,0
2016,SP,3538600,0.5943145408684982,0.3813484218419797,0.02433703728952212,0.0,0,0
2012,SP,3538709,0.012186858098807785,0.8606293543400462,0.12718378756114604,0.0,0,0
2016,SP,3538709,0.2548733773143222,0.7137316450308576,0.031394977654820175,0.0,0,0
2012,SP,3538808,0.0,0.7775721687638786,0.2224278312361214,0.0,0,0
2016,SP,3538808,0.2743761255466941,0.7256238744533059,0.0,0.0,0,0
2012,SP,3538907,0.5611437324483023,0.430516551782827,0.008339715768870734,0.0,0,0
2016,SP,3538907,0.39377229970807653,0.6062277002919234,0.0,0.0,0,0
2012,SP,3539004,0.5835671967570939,0.41643280324290616,0.0,0.0,0,0
2016,SP,3539004,0.0,1.0,0.0,0.0,0,0
2012,SP,3539103,0.0,0.8002218524681087,0.1997781475318913,0.0,0,0
2016,SP,3539103,0.09520757672861924,0.8885565762301503,0.016235847041230506,0.0,0,0
2012,SP,3539202,0.5198312236286919,0.480168776371308,0.0,0.0,0,0
2016,SP,3539202,0.43067046131444836,0.5519226950824012,0.01740684360315044,0.0,0,0
2012,SP,3539301,0.139687524130653,0.860312475869347,0.0,0.0,0,0
2016,SP,3539301,0.0,0.9896002265297191,0.010399773470280845,0.0,0,0
2012,SP,3539400,0.0,1.0,0.0,0.0,0,0
2016,SP,3539400,0.23621937639198218,0.7637806236080178,0.0,0.0,0,0
2012,SP,3539509,0.0,0.537732502153971,0.4622674978460291,0.0,0,0
2016,SP,3539509,0.03742893240682249,0.9625710675931776,0.0,0.0,0,0
2012,SP,3539608,0.47498545666084935,0.5250145433391507,0.0,0.0,0,0
2016,SP,3539608,0.4951563797398284,0.5048436202601716,0.0,0.0,0,0
2012,SP,3539707,1.0,0.0,0.0,0.0,0,0
2016,SP,3539707,0.0,1.0,0.0,0.0,0,0
2012,SP,3539806,0.0749121300960495,0.7975023890895544,0.12758548081439608,0.0,0,0
2016,SP,3539806,0.5706036745406824,0.4293963254593176,0.0,0.0,0,0
2012,SP,3539905,0.334047682828824,0.5874631663541388,0.07848915081703724,0.0,0,0
2016,SP,3539905,0.0,1.0,0.0,0.0,0,0
2012,SP,3540002,0.5156732550957381,0.48432674490426186,0.0,0.0,0,0
2016,SP,3540002,0.0,1.0,0.0,0.0,0,0
2012,SP,3540101,0.0,1.0,0.0,0.0,0,0
2016,SP,3540101,0.0,1.0,0.0,0.0,0,0
2012,SP,3540200,0.060653188180404355,0.9393468118195957,0.0,0.0,0,0
2016,SP,3540200,0.4399102224035911,0.5495817180167313,0.010508059579677617,0.0,0,0
2012,SP,3540259,0.43103448275862066,0.5689655172413793,0.0,0.0,0,0
2016,SP,3540259,0.0,1.0,0.0,0.0,0,0
2012,SP,3540309,0.0,1.0,0.0,0.0,0,0
2016,SP,3540309,0.09018691588785047,0.9098130841121496,0.0,0.0,0,0
2012,SP,3540408,0.0,1.0,0.0,0.0,0,0
2016,SP,3540408,0.4706419227258899,0.5293580772741101,0.0,0.0,0,0
2012,SP,3540507,0.4620817843866171,0.5379182156133829,0.0,0.0,0,0
2016,SP,3540507,0.5190609951845907,0.4809390048154093,0.0,0.0,0,0
2012,SP,3540606,0.6211701144522641,0.03049690765621668,0.3483329778915192,0.0,0,0
2016,SP,3540606,0.22983250903952454,0.7377498857071609,0.03241760525331449,0.0,0,0
2012,SP,3540705,0.0,0.6561714113268283,0.34382858867317173,0.0,0,0
2016,SP,3540705,0.5431848852901484,0.45681511470985153,0.0,0.0,0,0
2012,SP,3540754,0.5300925925925926,0.1467236467236467,0.3231837606837607,0.0,0,0
2016,SP,3540754,1.0,0.0,0.0,0.0,0,0
2012,SP,3540804,0.468135005608239,0.5318649943917609,0.0,0.0,0,0
2016,SP,3540804,1.0,0.0,0.0,0.0,0,0
2012,SP,3540853,0.0,1.0,0.0,0.0,0,0
2016,SP,3540853,0.45314787701317716,0.5468521229868228,0.0,0.0,0,0
2012,SP,3540903,0.0,1.0,0.0,0.0,0,0
2016,SP,3540903,0.39665889665889664,0.6033411033411034,0.0,0.0,0,0
2012,SP,3541000,0.0,0.6244946586712203,0.37550534132877966,0.0,0,0
2016,SP,3541000,0.23459742117142282,0.7603372887289847,0.005065290099592542,0.0,0,0
2012,SP,3541059,0.56759941089838,0.43240058910162005,0.0,0.0,0,0
2016,SP,3541059,0.0,1.0,0.0,0.0,0,0
2012,SP,3541109,0.8861896838602329,0.0,0.11381031613976705,0.0,0,0
2016,SP,3541109,0.9397269397269398,0.06027306027306027,0.0,0.0,0,0
2012,SP,3541208,0.021705240436503178,0.9782947595634969,0.0,0.0,0,0
2016,SP,3541208,0.4795706793511404,0.5204293206488596,0.0,0.0,0,0
2012,SP,3541307,0.03940908293880414,0.9359985972295283,0.024592319831667542,0.0,0,0
2016,SP,3541307,0.6584581886049043,0.34154181139509565,0.0,0.0,0,0
2012,SP,3541406,0.0016309751220438577,0.9951182456963482,0.0032507791816079627,0.0,0,0
2016,SP,3541406,0.10067953585749263,0.8550619211525496,0.04425854298995777,0.0,0,0
2012,SP,3541505,0.0,1.0,0.0,0.0,0,0
2016,SP,3541505,0.7493342712153946,0.25066572878460536,0.0,0.0,0,0
2012,SP,3541604,0.0,0.5289208633093525,0.4710791366906475,0.0,0,0
2016,SP,3541604,0.47823871165018855,0.5217612883498114,0.0,0.0,0,0
2012,SP,3541653,0.8436886854153042,0.15631131458469588,0.0,0.0,0,0
2016,SP,3541653,0.05103607060629317,0.9489639293937069,0.0,0.0,0,0
2012,SP,3541703,0.0,1.0,0.0,0.0,0,0
2016,SP,3541703,1.0,0.0,0.0,0.0,0,0
2012,SP,3541802,0.0,0.30182309250506417,0.6981769074949359,0.0,0,0
2016,SP,3541802,0.37039452233452885,0.6296054776654711,0.0,0.0,0,0
2012,SP,3541901,0.0,0.9725247927166314,0.02747520728336856,0.0,0,0
2016,SP,3541901,0.3041166380789022,0.6958833619210978,0.0,0.0,0,0
2012,SP,3542008,0.7377690802348337,0.2622309197651663,0.0,0.0,0,0
2016,SP,3542008,0.0,1.0,0.0,0.0,0,0
2012,SP,3542107,0.453099173553719,0.546900826446281,0.0,0.0,0,0
2016,SP,3542107,0.7772569444444445,0.22274305555555557,0.0,0.0,0,0
2012,SP,3542206,0.5617653581725438,0.4382346418274562,0.0,0.0,0,0
2016,SP,3542206,0.499359652541901,0.500640347458099,0.0,0.0,0,0
2012,SP,3542305,0.0,1.0,0.0,0.0,0,0
2016,SP,3542305,0.199438202247191,0.800561797752809,0.0,0.0,0,0
2012,SP,3542404,0.0,1.0,0.0,0.0,0,0
2016,SP,3542404,0.0,1.0,0.0,0.0,0,0
2012,SP,3542503,0.5199894095843262,0.4800105904156738,0.0,0.0,0,0
2016,SP,3542503,0.44404238821400877,0.5559576117859912,0.0,0.0,0,0
2012,SP,3542602,0.03891247861081184,0.5417643703656759,0.41932315102351225,0.0,0,0
2016,SP,3542602,0.0,0.9108399044596407,0.08916009554035925,0.0,0,0
2012,SP,3542701,0.6583965932234771,0.34160340677652284,0.0,0.0,0,0
2016,SP,3542701,0.0,1.0,0.0,0.0,0,0
2012,SP,3542800,0.0,0.5664808917197452,0.43351910828025475,0.0,0,0
2016,SP,3542800,0.0,1.0,0.0,0.0,0,0
2012,SP,3542909,0.0,1.0,0.0,0.0,0,0
2016,SP,3542909,0.05236564079007809,0.9476343592099219,0.0,0.0,0,0
2012,SP,3543006,0.36251306909989545,0.0,0.6374869309001046,0.0,0,0
2016,SP,3543006,0.09100147819660015,0.4847560975609756,0.42424242424242425,0.0,0,0
2012,SP,3543105,0.0,0.276500447894894,0.723499552105106,0.0,0,0
2016,SP,3543105,0.0,0.5574644549763034,0.4425355450236967,0.0,0,0
2012,SP,3543204,0.0,0.6840958605664488,0.3159041394335512,0.0,0,0
2016,SP,3543204,0.0,0.9229583975346687,0.07704160246533127,0.0,0,0
2012,SP,3543238,0.0,1.0,0.0,0.0,0,0
2016,SP,3543238,0.0,1.0,0.0,0.0,0,0
2012,SP,3543253,0.5130780894617134,0.4869219105382866,0.0,0.0,0,0
2016,SP,3543253,0.24567752312022517,0.7543224768797748,0.0,0.0,0,0
2012,SP,3543303,0.0,0.5831279036692898,0.41687209633071015,0.0,0,0
2016,SP,3543303,0.31639588433685434,0.601718854325384,0.08188526133776172,0.0,0,0
2012,SP,3543501,0.4801082543978349,0.3445196211096076,0.1753721244925575,0.0,0,0
2016,SP,3543501,0.25894094815636265,0.7410590518436374,0.0,0.0,0,0
2012,SP,3543600,0.0,1.0,0.0,0.0,0,0
2016,SP,3543600,0.39510939510939513,0.6048906048906049,0.0,0.0,0,0
2012,SP,3543709,0.0,0.4906573239906573,0.5093426760093427,0.0,0,0
2016,SP,3543709,0.3802239219598714,0.06994789934597051,0.5498281786941581,0.0,0,0
2012,SP,3543808,0.0,1.0,0.0,0.0,0,0
2016,SP,3543808,0.0,1.0,0.0,0.0,0,0
2012,SP,3543907,0.0,1.0,0.0,0.0,0,0
2016,SP,3543907,0.6057416065048925,0.3547371434023471,0.039521250092760446,0.0,0,0
2012,SP,3544004,0.0,1.0,0.0,0.0,0,0
2016,SP,3544004,0.1952250535841867,0.8047749464158133,0.0,0.0,0,0
2012,SP,3544103,0.012928501469147894,0.6060333006856023,0.3810381978452498,0.0,0,0
2016,SP,3544103,0.10648775083097378,0.5584143789240429,0.3350978702449834,0.0,0,0
2012,SP,3544202,0.0,0.7984927328189485,0.2015072671810515,0.0,0,0
2016,SP,3544202,0.49210754553339114,0.5078924544666088,0.0,0.0,0,0
2012,SP,3544251,0.21460760139443924,0.6834452852648585,0.10194711334070232,0.0,0,0
2016,SP,3544251,0.5527209323667064,0.44727906763329356,0.0,0.0,0,0
2012,SP,3544301,0.0,0.6570924261874198,0.34290757381258025,0.0,0,0
2016,SP,3544301,0.5006667654467328,0.49933323455326717,0.0,0.0,0,0
2012,SP,3544400,0.5511661113755355,0.44883388862446455,0.0,0.0,0,0
2016,SP,3544400,0.5623202301054651,0.437679769894535,0.0,0.0,0,0
2012,SP,3544509,0.2923076923076923,0.602262443438914,0.10542986425339367,0.0,0,0
2016,SP,3544509,1.0,0.0,0.0,0.0,0,0
2012,SP,3544608,0.9355314960629921,0.06446850393700787,0.0,0.0,0,0
2016,SP,3544608,0.8461339539694854,0.0,0.1538660460305146,0.0,0,0
2012,SP,3544707,1.0,0.0,0.0,0.0,0,0
2016,SP,3544707,0.4941113490364026,0.5058886509635975,0.0,0.0,0,0
2012,SP,3544806,0.0,0.4962962962962963,0.5037037037037037,0.0,0,0
2016,SP,3544806,0.4355725555821181,0.564427444417882,0.0,0.0,0,0
2012,SP,3545001,0.46601593982269185,0.4015402525297752,0.1324438076475329,0.0,0,0
2016,SP,3545001,0.658335144533797,0.341664855466203,0.0,0.0,0,0
2012,SP,3545100,0.46803303762618537,0.5319669623738146,0.0,0.0,0,0
2016,SP,3545100,0.0,1.0,0.0,0.0,0,0
2012,SP,3545159,0.0,1.0,0.0,0.0,0,0
2016,SP,3545159,0.0,1.0,0.0,0.0,0,0
2012,SP,3545209,0.0,0.4015142767596457,0.5984857232403543,0.0,0,0
2016,SP,3545209,0.6986394445088908,0.3013605554911092,0.0,0.0,0,0
2012,SP,3545308,0.0,0.8063199005858335,0.19368009941416653,0.0,0,0
2016,SP,3545308,0.048262456739202576,0.9517375432607974,0.0,0.0,0,0
2012,SP,3545407,0.02755236837139083,0.9724476316286091,0.0,0.0,0,0
2016,SP,3545407,0.17269643866591294,0.827303561334087,0.0,0.0,0,0
2012,SP,3545506,0.43346508563899866,0.5665349143610013,0.0,0.0,0,0
2016,SP,3545506,0.1354723707664884,0.8645276292335116,0.0,0.0,0,0
2012,SP,3545605,1.0,0.0,0.0,0.0,0,0
2016,SP,3545605,0.6509226108510052,0.3490773891489948,0.0,0.0,0,0
2012,SP,3545704,0.0,1.0,0.0,0.0,0,0
2016,SP,3545704,0.0,1.0,0.0,0.0,0,0
2012,SP,3546009,0.14349972572682393,0.5117937465715853,0.34470652770159077,0.0,0,0
2016,SP,3546009,0.44687465304762963,0.538025979793494,0.01509936715887643,0.0,0,0
2012,SP,3546108,0.5434900054024852,0.45650999459751485,0.0,0.0,0,0
2016,SP,3546108,0.0,1.0,0.0,0.0,0,0
2012,SP,3546207,0.30879775674728355,0.6912022432527164,0.0,0.0,0,0
2016,SP,3546207,0.5325077399380805,0.4674922600619195,0.0,0.0,0,0
2012,SP,3546256,0.0,1.0,0.0,0.0,0,0
2016,SP,3546256,0.0,1.0,0.0,0.0,0,0
2012,SP,3546306,0.00809453471196455,0.9138552437223043,0.07805022156573117,0.0,0,0
2016,SP,3546306,0.8401149473158136,0.1598850526841864,0.0,0.0,0,0
2012,SP,3546405,0.0,0.5255465684311684,0.4744534315688316,0.0,0,0
2016,SP,3546405,0.0,1.0,0.0,0.0,0,0
2012,SP,3546504,0.0,1.0,0.0,0.0,0,0
2016,SP,3546504,0.0,1.0,0.0,0.0,0,0
2012,SP,3546603,0.0,1.0,0.0,0.0,0,0
2016,SP,3546603,0.6771854515923197,0.32281454840768026,0.0,0.0,0,0
2012,SP,3546801,0.15202748215007408,0.5183214333827294,0.32965108446719654,0.0,0,0
2016,SP,3546801,1.0,0.0,0.0,0.0,0,0
2012,SP,3546900,0.0,0.5140112089671738,0.4859887910328263,0.0,0,0
2016,SP,3546900,0.7567383145684067,0.24326168543159332,0.0,0.0,0,0
2012,SP,3547106,0.0,0.5599088838268793,0.44009111617312074,0.0,0,0
2016,SP,3547106,0.3231401186672752,0.6768598813327248,0.0,0.0,0,0
2012,SP,3547205,0.0,0.6427536231884058,0.3572463768115942,0.0,0,0
2016,SP,3547205,0.0,1.0,0.0,0.0,0,0
2012,SP,3547304,0.4059350503919373,0.5730910081414001,0.02097394146666263,0.0,0,0
2016,SP,3547304,0.363456024538241,0.636543975461759,0.0,0.0,0,0
2012,SP,3547403,0.0,1.0,0.0,0.0,0,0
2016,SP,3547403,0.24105011933174225,0.7589498806682577,0.0,0.0,0,0
2012,SP,3547502,0.0,1.0,0.0,0.0,0,0
2016,SP,3547502,0.03012754222681834,0.9698724577731817,0.0,0.0,0,0
2012,SP,3547601,0.0,1.0,0.0,0.0,0,0
2016,SP,3547601,0.5847044700233034,0.3955229150483723,0.019772614928324272,0.0,0,0
2012,SP,3547650,0.0,1.0,0.0,0.0,0,0
2016,SP,3547650,0.654776299879081,0.34522370012091896,0.0,0.0,0,0
2012,SP,3547700,0.0,0.7468840636513286,0.2531159363486713,0.0,0,0
2016,SP,3547700,0.0,1.0,0.0,0.0,0,0
2012,SP,3547809,0.005229402515290288,0.5542505762256326,0.4405200212590771,0.0,0,0
2016,SP,3547809,0.0,0.7638818074392212,0.23611819256077884,0.0,0,0
2012,SP,3547908,0.00682660425199922,0.9931733957480008,0.0,0.0,0,0
2016,SP,3547908,0.38997050147492623,0.6100294985250737,0.0,0.0,0,0
2012,SP,3548005,0.4114189080367209,0.5885810919632791,0.0,0.0,0,0
2016,SP,3548005,1.0,0.0,0.0,0.0,0,0
2012,SP,3548054,0.008935219657483246,0.4640729709605361,0.5269918093819806,0.0,0,0
2016,SP,3548054,0.53047363717605,0.46952636282394994,0.0,0.0,0,0
2012,SP,3548203,0.1515214241357897,0.2502587456013248,0.5982198302628855,0.0,0,0
2016,SP,3548203,0.6058165548098434,0.3941834451901566,0.0,0.0,0,0
2012,SP,3548302,0.0,1.0,0.0,0.0,0,0
2016,SP,3548302,0.0,1.0,0.0,0.0,0,0
2012,SP,3548401,0.7012893982808023,0.0,0.2987106017191977,0.0,0,0
2016,SP,3548401,0.0,1.0,0.0,0.0,0,0
2012,SP,3548500,0.042025039086085354,0.7769833939117674,0.18099156700214725,0.0,0,0
2016,SP,3548500,0.03092271578187071,0.8849268689057421,0.08415041531238715,0.0,0,0
2012,SP,3548609,0.43941229930324144,0.5605877006967586,0.0,0.0,0,0
2016,SP,3548609,0.36088318663285096,0.639116813367149,0.0,0.0,0,0
2012,SP,3548708,0.019665693283657235,0.30944517168462393,0.6708891350317189,0.0,0,0
2016,SP,3548708,0.0,0.7536052092844954,0.2463947907155046,0.0,0,0
2012,SP,3548807,0.0,0.9815766568574626,0.018423343142537407,0.0,0,0
2016,SP,3548807,0.3227164169513671,0.6676662418472149,0.009617341201417969,0.0,0,0
2012,SP,3548906,0.01438393556503232,0.5361457698728549,0.4494702945621128,0.0,0,0
2016,SP,3548906,0.0,0.9009860112687003,0.09901398873129978,0.0,0,0
2012,SP,3549003,1.0,0.0,0.0,0.0,0,0
2016,SP,3549003,0.546031746031746,0.45396825396825397,0.0,0.0,0,0
2012,SP,3549102,0.19731114998169466,0.8026888500183054,0.0,0.0,0,0
2016,SP,3549102,0.0,1.0,0.0,0.0,0,0
2012,SP,3549201,0.6225716928769658,0.3774283071230342,0.0,0.0,0,0
2016,SP,3549201,0.6468899521531101,0.0,0.35311004784688993,0.0,0,0
2012,SP,3549250,0.0,1.0,0.0,0.0,0,0
2016,SP,3549250,1.0,0.0,0.0,0.0,0,0
2012,SP,3549300,0.0,1.0,0.0,0.0,0,0
2016,SP,3549300,0.0,1.0,0.0,0.0,0,0
2012,SP,3549409,0.0,0.5144992633583672,0.48550073664163285,0.0,0,0
2016,SP,3549409,0.011385779238146182,0.9513620907041608,0.03725213005769304,0.0,0,0
2012,SP,3549508,0.0,1.0,0.0,0.0,0,0
2016,SP,3549508,0.0,1.0,0.0,0.0,0,0
2012,SP,3549607,0.0,1.0,0.0,0.0,0,0
2016,SP,3549607,0.0,0.9762303314362236,0.023769668563776363,0.0,0,0
2012,SP,3549706,0.0,0.6678591084204734,0.3321408915795267,0.0,0,0
2016,SP,3549706,0.13312850031113876,0.8668714996888612,0.0,0.0,0,0
2012,SP,3549805,0.0,0.6884747956313308,0.3115252043686692,0.0,0,0
2016,SP,3549805,0.018437852912028395,0.8719214547465948,0.10964069234137684,0.0,0,0
2012,SP,3549904,0.010445837598811025,0.47007397254865463,0.5194801898525343,0.0,0,0
2016,SP,3549904,0.12474030151950183,0.646495452265081,0.22876424621541724,0.0,0,0
2012,SP,3549953,0.05848557968516604,0.941514420314834,0.0,0.0,0,0
2016,SP,3549953,0.0,1.0,0.0,0.0,0,0
2012,SP,3550001,0.47854130488712476,0.5214586951128752,0.0,0.0,0,0
2016,SP,3550001,0.38042916235780766,0.5920372285418821,0.027533609100310236,0.0,0,0
2012,SP,3550100,0.5598301706957802,0.4401698293042197,0.0,0.0,0,0
2016,SP,3550100,0.22915843540102726,0.7708415645989727,0.0,0.0,0,0
2012,SP,3550209,0.0,1.0,0.0,0.0,0,0
2016,SP,3550209,0.4595383837816589,0.5404616162183411,0.0,0.0,0,0
2012,SP,3550308,0.2213331566769033,0.476325889995149,0.3023409533279477,0.0,0,0
2016,SP,3550308,0.141228392727946,0.6589536832385964,0.19981792403345763,0.0,0,0
2012,SP,3550506,0.3847472150814053,0.28320479862896314,0.33204798628963156,0.0,0,0
2016,SP,3550506,1.0,0.0,0.0,0.0,0,0
2012,SP,3550704,0.3647481181239143,0.5737348002316155,0.06151708164447018,0.0,0,0
2016,SP,3550704,0.0,1.0,0.0,0.0,0,0
2012,SP,3550803,0.3875879902312886,0.15198965665852607,0.4604223531101853,0.0,0,0
2016,SP,3550803,0.10405643738977072,0.8959435626102292,0.0,0.0,0,0
2012,SP,3550902,0.6203937960620394,0.24793752062479374,0.13166868331316686,0.0,0,0
2016,SP,3550902,1.0,0.0,0.0,0.0,0,0
2012,SP,3551108,0.15955056179775282,0.8404494382022472,0.0,0.0,0,0
2016,SP,3551108,0.0,1.0,0.0,0.0,0,0
2012,SP,3551207,0.0,1.0,0.0,0.0,0,0
2016,SP,3551207,0.0,1.0,0.0,0.0,0,0
2012,SP,3551306,0.4888384411653424,0.5111615588346576,0.0,0.0,0,0
2016,SP,3551306,0.019390581717451522,0.9806094182825484,0.0,0.0,0,0
2012,SP,3551405,0.0,0.47132521616375506,0.5286747838362449,0.0,0,0
2016,SP,3551405,0.0,1.0,0.0,0.0,0,0
2012,SP,3551504,0.39980199653493936,0.44711657454005443,0.15308142892500617,0.0,0,0
2016,SP,3551504,0.029172099087353326,0.9607643415906127,0.010063559322033898,0.0,0,0
2012,SP,3551603,0.5221205186880244,0.4778794813119756,0.0,0.0,0,0
2016,SP,3551603,0.5450935178068153,0.4382526261849859,0.01665385600819882,0.0,0,0
2012,SP,3551702,0.0,0.9120397199555187,0.08796028004448134,0.0,0,0
2016,SP,3551702,0.019484758700346508,0.9805152412996535,0.0,0.0,0,0
2012,SP,3551801,0.3087843833185448,0.495500063379389,0.19571555330206616,0.0,0,0
2016,SP,3551801,0.2638305641774694,0.7361694358225306,0.0,0.0,0,0
2012,SP,3551900,0.5865398472402363,0.41346015275976367,0.0,0.0,0,0
2016,SP,3551900,0.22172474206735449,0.7782752579326455,0.0,0.0,0,0
2012,SP,3552007,0.6060122978820315,0.3939877021179686,0.0,0.0,0,0
2016,SP,3552007,0.32595010491956167,0.6740498950804383,0.0,0.0,0,0
2012,SP,3552205,0.0,0.7459922288339585,0.25400777116604145,0.0,0,0
2016,SP,3552205,0.559412144200987,0.13468261393843795,0.3059052418605751,0.0,0,0
2012,SP,3552304,0.0,1.0,0.0,0.0,0,0
2016,SP,3552304,0.0,1.0,0.0,0.0,0,0
2012,SP,3552403,0.0,0.6013293420086918,0.39867065799130813,0.0,0,0
2016,SP,3552403,0.04395576415470664,0.836381691180839,0.1196625446644543,0.0,0,0
2012,SP,3552502,0.05375342824510225,0.5667789409359746,0.3794676308189232,0.0,0,0
2016,SP,3552502,0.565641018298445,0.3502333839237135,0.08412559777784141,0.0,0,0
2012,SP,3552551,0.0,1.0,0.0,0.0,0,0
2016,SP,3552551,0.0,0.6223107569721116,0.3776892430278884,0.0,0,0
2012,SP,3552601,0.0,1.0,0.0,0.0,0,0
2016,SP,3552601,0.0,1.0,0.0,0.0,0,0
2012,SP,3552700,0.41678927578878533,0.5832107242112147,0.0,0.0,0,0
2016,SP,3552700,0.7326158940397351,0.2673841059602649,0.0,0.0,0,0
2012,SP,3552809,0.0,0.9477335185130463,0.052266481486953696,0.0,0,0
2016,SP,3552809,0.2559200642284243,0.7221564216500663,0.021923514121509367,0.0,0,0
2012,SP,3552908,1.0,0.0,0.0,0.0,0,0
2016,SP,3552908,0.0,1.0,0.0,0.0,0,0
2012,SP,3553005,0.0,0.2401035322777101,0.7598964677222899,0.0,0,0
2016,SP,3553005,0.0,0.8650278293135436,0.1349721706864564,0.0,0,0
2012,SP,3553104,0.4177997527812114,0.5658838071693448,0.016316440049443756,0.0,0,0
2016,SP,3553104,0.29175946547884185,0.7082405345211581,0.0,0.0,0,0
2012,SP,3553203,0.27782764811490124,0.0,0.7221723518850988,0.0,0,0
2016,SP,3553203,0.39349112426035504,0.606508875739645,0.0,0.0,0,0
2012,SP,3553302,0.5441696113074205,0.4558303886925795,0.0,0.0,0,0
2016,SP,3553302,0.7237507018528916,0.27624929814710836,0.0,0.0,0,0
2012,SP,3553401,0.0,0.48982309301883203,0.510176906981168,0.0,0,0
2016,SP,3553401,0.0,0.45350309979334713,0.5464969002066529,0.0,0,0
2012,SP,3553500,0.0,0.7510279605263158,0.2489720394736842,0.0,0,0
2016,SP,3553500,0.0,0.9589356798659124,0.041064320134087576,0.0,0,0
2012,SP,3553609,0.0,0.9766629227505303,0.023337077249469613,0.0,0,0
2016,SP,3553609,0.1095213319458897,0.8904786680541104,0.0,0.0,0,0
2012,SP,3553658,0.0,1.0,0.0,0.0,0,0
2016,SP,3553658,0.1945288753799392,0.8054711246200608,0.0,0.0,0,0
2012,SP,3553708,0.0,0.503294807659134,0.49670519234086596,0.0,0,0
2016,SP,3553708,0.5761153902049121,0.39216683621566634,0.0317177735794216,0.0,0,0
2012,SP,3553807,0.0,0.9398757763975155,0.06012422360248447,0.0,0,0
2016,SP,3553807,0.0,1.0,0.0,0.0,0,0
2012,SP,3553856,0.3218166620228476,0.6781833379771524,0.0,0.0,0,0
2016,SP,3553856,0.0,1.0,0.0,0.0,0,0
2012,SP,3553906,0.0,1.0,0.0,0.0,0,0
2016,SP,3553906,0.7281659388646288,0.2718340611353712,0.0,0.0,0,0
2012,SP,3553955,0.4727126805778491,0.5272873194221509,0.0,0.0,0,0
2016,SP,3553955,0.4728623734654318,0.5271376265345682,0.0,0.0,0,0
2012,SP,3554003,0.0,1.0,0.0,0.0,0,0
2016,SP,3554003,0.24332101004464285,0.7566789899553571,0.0,0.0,0,0
2012,SP,3554102,0.12409182832746611,0.6082128679499663,0.2676953037225676,0.0,0,0
2016,SP,3554102,0.01917393156901601,0.9085602981258919,0.07226577030509208,0.0,0,0
2012,SP,3554201,0.0,1.0,0.0,0.0,0,0
2016,SP,3554201,0.0,1.0,0.0,0.0,0,0
2012,SP,3554300,0.28979950475277577,0.7102004952472242,0.0,0.0,0,0
2016,SP,3554300,0.39318253220232485,0.6068174677976752,0.0,0.0,0,0
2012,SP,3554409,0.0,1.0,0.0,0.0,0,0
2016,SP,3554409,0.0,1.0,0.0,0.0,0,0
2012,SP,3554508,1.0,0.0,0.0,0.0,0,0
2016,SP,3554508,0.518398629028419,0.4816013709715809,0.0,0.0,0,0
2012,SP,3554607,0.3976303317535545,0.6023696682464454,0.0,0.0,0,0
2016,SP,3554607,0.2845849802371542,0.7154150197628458,0.0,0.0,0,0
2012,SP,3554656,0.0,1.0,0.0,0.0,0,0
2016,SP,3554656,0.46672661870503596,0.533273381294964,0.0,0.0,0,0
2012,SP,3554706,0.7855607309208169,0.2144392690791831,0.0,0.0,0,0
2016,SP,3554706,0.43937232524964337,0.5606276747503567,0.0,0.0,0,0
2012,SP,3554755,1.0,0.0,0.0,0.0,0,0
2016,SP,3554755,0.3803009575923393,0.6196990424076607,0.0,0.0,0,0
2012,SP,3554805,0.0,1.0,0.0,0.0,0,0
2016,SP,3554805,0.0,0.9687465118874874,0.03125348811251256,0.0,0,0
2012,SP,3554904,0.0,1.0,0.0,0.0,0,0
2016,SP,3554904,0.40584737363726464,0.5941526263627354,0.0,0.0,0,0
2012,SP,3554953,0.5536011409555502,0.4463988590444497,0.0,0.0,0,0
2016,SP,3554953,0.4523281596452328,0.5476718403547672,0.0,0.0,0,0
2012,SP,3555000,0.0,1.0,0.0,0.0,0,0
2016,SP,3555000,0.0,0.9780845310943503,0.021915468905649636,0.0,0,0
2012,SP,3555109,0.959246225451243,0.040753774548756956,0.0,0.0,0,0
2016,SP,3555109,1.0,0.0,0.0,0.0,0,0
2012,SP,3555208,0.0,1.0,0.0,0.0,0,0
2016,SP,3555208,0.09021601016518424,0.9097839898348158,0.0,0.0,0,0
2012,SP,3555307,0.40130796670630203,0.598692033293698,0.0,0.0,0,0
2016,SP,3555307,0.0,1.0,0.0,0.0,0,0
2012,SP,3555356,1.0,0.0,0.0,0.0,0,0
2016,SP,3555356,0.5899728997289972,0.4100271002710027,0.0,0.0,0,0
2012,SP,3555406,0.14291094373061586,0.38210013291980505,0.4749889233495791,0.0,0,0
2016,SP,3555406,0.36409417418645673,0.5084997060252051,0.12740611978833816,0.0,0,0
2012,SP,3555505,0.5030091859360152,0.4969908140639848,0.0,0.0,0,0
2016,SP,3555505,1.0,0.0,0.0,0.0,0,0
2012,SP,3555604,0.0,1.0,0.0,0.0,0,0
2016,SP,3555604,0.06878063725490197,0.9312193627450981,0.0,0.0,0,0
2012,SP,3555703,0.41617819460726846,0.5838218053927315,0.0,0.0,0,0
2016,SP,3555703,0.22086570477247502,0.779134295227525,0.0,0.0,0,0
2012,SP,3555802,1.0,0.0,0.0,0.0,0,0
2016,SP,3555802,0.0,1.0,0.0,0.0,0,0
2012,SP,3555901,0.0,1.0,0.0,0.0,0,0
2016,SP,3555901,0.0,1.0,0.0,0.0,0,0
2012,SP,3556008,0.0,1.0,0.0,0.0,0,0
2016,SP,3556008,0.12493290391841116,0.8750670960815888,0.0,0.0,0,0
2012,SP,3556107,0.5383563517024477,0.4616436482975523,0.0,0.0,0,0
2016,SP,3556107,0.0,1.0,0.0,0.0,0,0
2012,SP,3556206,0.0,0.7212161630670839,0.2787838369329161,0.0,0,0
2016,SP,3556206,0.0,1.0,0.0,0.0,0,0
2012,SP,3556305,0.0,1.0,0.0,0.0,0,0
2016,SP,3556305,0.0,1.0,0.0,0.0,0,0
2012,SP,3556354,0.741580824088748,0.25841917591125196,0.0,0.0,0,0
2016,SP,3556354,0.5832813474734873,0.4167186525265128,0.0,0.0,0,0
2012,SP,3556404,0.0,1.0,0.0,0.0,0,0
2016,SP,3556404,0.0,1.0,0.0,0.0,0,0
2012,SP,3556453,0.16088749263695268,0.8391125073630473,0.0,0.0,0,0
2016,SP,3556453,0.6267946286908401,0.3732053713091599,0.0,0.0,0,0
2012,SP,3556503,0.0,0.5628822522064774,0.43711774779352264,0.0,0,0
2016,SP,3556503,0.0214982392093958,0.9785017607906042,0.0,0.0,0,0
2012,SP,3556602,0.0,0.6162983010073673,0.3837016989926327,0.0,0,0
2016,SP,3556602,0.4076580039981547,0.5923419960018453,0.0,0.0,0,0
2012,SP,3556800,0.5139356286133402,0.48606437138665975,0.0,0.0,0,0
2016,SP,3556800,0.0,1.0,0.0,0.0,0,0
2012,SP,3556909,0.178110599078341,0.5329493087557604,0.2889400921658986,0.0,0,0
2016,SP,3556909,0.7502262443438914,0.2497737556561086,0.0,0.0,0,0
2012,SP,3556958,0.0,0.9333810888252149,0.0666189111747851,0.0,0,0
2016,SP,3556958,0.0,1.0,0.0,0.0,0,0
2012,SP,3557006,0.29407832964654584,0.3745245635533205,0.3313971068001337,0.0,0,0
2016,SP,3557006,0.7967802890868487,0.1365432280546762,0.06667648285847505,0.0,0,0
2012,SP,3557105,0.0,0.9042566628773525,0.09574333712264747,0.0,0,0
2016,SP,3557105,0.0,0.9834163622273885,0.016583637772611536,0.0,0,0
2012,SP,3557154,0.0,1.0,0.0,0.0,0,0
2016,SP,3557154,0.0,1.0,0.0,0.0,0,0
2012,SP,3557204,0.6524085285601474,0.0,0.3475914714398526,0.0,0,0
2016,SP,3557204,0.0,0.9598811292719168,0.04011887072808321,0.0,0,0
2012,SP,3557303,0.5720244302100402,0.42797556978995976,0.0,0.0,0,0
2016,SP,3557303,0.4263336781439338,0.5736663218560663,0.0,0.0,0,0
2012,PR,4100103,0.508988083215512,0.0,0.49101191678448797,0.0,0,0
2016,PR,4100103,0.33015305108328363,0.6698469489167164,0.0,0.0,0,0
2012,PR,4100202,0.0,0.32557587271431965,0.6744241272856804,0.0,1,0
2016,PR,4100202,0.6854171590640511,0.31458284093594896,0.0,0.0,1,1
2012,PR,4100301,0.6744932432432432,0.0,0.3255067567567568,0.0,1,0
2016,PR,4100301,0.5068378919279519,0.493162108072048,0.0,0.0,1,1
2012,PR,4100400,0.4936655742946207,0.2863080489169531,0.22002637678842618,0.0,1,0
2016,PR,4100400,0.4792805285912391,0.45003670772493676,0.07068276368382413,0.0,1,1
2012,PR,4100459,0.0,1.0,0.0,0.0,1,0
2016,PR,4100459,0.0,1.0,0.0,0.0,1,1
2012,PR,4100509,0.39490394662808453,0.5127401334297886,0.09235591994212684,0.0,0,0
2016,PR,4100509,0.6114257572026595,0.36460641878026756,0.02396782401707297,0.0,0,0
2012,PR,4100608,0.0,0.5589460784313726,0.44105392156862744,0.0,0,0
2016,PR,4100608,0.25147372381788535,0.7485262761821146,0.0,0.0,0,0
2012,PR,4100707,0.0,1.0,0.0,0.0,0,0
2016,PR,4100707,0.49847818735204596,0.4354075076090632,0.06611430503889076,0.0,0,0
2012,PR,4100806,0.0,1.0,0.0,0.0,0,0
2016,PR,4100806,0.0,1.0,0.0,0.0,0,0
2012,PR,4101002,0.43062636562272394,0.5693736343772761,0.0,0.0,0,0
2016,PR,4101002,0.3967274678111588,0.6032725321888412,0.0,0.0,0,0
2012,PR,4101051,0.0,0.3202247191011236,0.6797752808988764,0.0,0,0
2016,PR,4101051,0.5256356815339724,0.4743643184660275,0.0,0.0,0,0
2012,PR,4101101,0.0,1.0,0.0,0.0,0,0
2016,PR,4101101,0.23134216069816432,0.7686578393018357,0.0,0.0,0,0
2012,PR,4101150,0.0,1.0,0.0,0.0,0,0
2016,PR,4101150,0.8252307692307692,0.17476923076923076,0.0,0.0,0,0
2012,PR,4101200,0.5098934550989346,0.4901065449010654,0.0,0.0,0,0
2016,PR,4101200,0.15205579433946964,0.8479442056605304,0.0,0.0,0,0
2012,PR,4101309,0.0,1.0,0.0,0.0,0,0
2016,PR,4101309,0.0,1.0,0.0,0.0,0,0
2012,PR,4101408,0.057099266835242767,0.4872084645919564,0.4556922685728009,0.0,1,0
2016,PR,4101408,0.8611430047649119,0.12639933406050863,0.012457661174579483,0.0,1,1
2012,PR,4101507,0.7856948075905102,0.21430519240948975,0.0,0.0,0,0
2016,PR,4101507,1.0,0.0,0.0,0.0,0,0
2012,PR,4101606,1.0,0.0,0.0,0.0,0,0
2016,PR,4101606,0.49600224435404683,0.5039977556459532,0.0,0.0,0,0
2012,PR,4101655,0.44499645138396027,0.5550035486160397,0.0,0.0,0,0
2016,PR,4101655,0.43730130695867186,0.5626986930413281,0.0,0.0,0,0
2012,PR,4101705,0.11740936132001346,0.8825906386799865,0.0,0.0,0,0
2016,PR,4101705,0.0,1.0,0.0,0.0,0,0
2012,PR,4101804,0.0,0.9931835001752815,0.006816499824718576,0.0,1,0
2016,PR,4101804,0.25132611026465773,0.7413943908357317,0.007279498899610631,0.0,1,1
2012,PR,4101853,0.49757516973811833,0.5024248302618817,0.0,0.0,0,0
2016,PR,4101853,0.0,0.48697299857887255,0.5130270014211274,0.0,0,0
2012,PR,4101903,0.44475550578574097,0.4817095931317656,0.07353490108249347,0.0,0,0
2016,PR,4101903,0.004011349183054496,0.9959886508169455,0.0,0.0,0,0
2012,PR,4102000,0.11213464123885873,0.8878653587611413,0.0,0.0,0,0
2016,PR,4102000,0.0,1.0,0.0,0.0,0,0
2012,PR,4102109,0.35125133287336135,0.6487486671266387,0.0,0.0,0,0
2016,PR,4102109,0.48440721649484536,0.5155927835051546,0.0,0.0,0,0
2012,PR,4102208,0.0,0.4667731629392971,0.5332268370607028,0.0,0,0
2016,PR,4102208,0.5354938271604939,0.4645061728395062,0.0,0.0,0,0
2012,PR,4102406,0.27126189745164264,0.7287381025483574,0.0,0.0,0,0
2016,PR,4102406,0.49155422803584303,0.4994850139046246,0.008960758059532392,0.0,0,0
2012,PR,4102505,0.0,0.32494075829383884,0.6750592417061612,0.0,0,0
2016,PR,4102505,0.17378597122302158,0.8262140287769785,0.0,0.0,0,0
2012,PR,4102604,0.407758766728782,0.592241233271218,0.0,0.0,1,0
2016,PR,4102604,0.24037319762510603,0.759626802374894,0.0,0.0,1,1
2012,PR,4102703,1.0,0.0,0.0,0.0,0,0
2016,PR,4102703,1.0,0.0,0.0,0.0,0,0
2012,PR,4102752,0.0,0.549154880993446,0.450845119006554,0.0,0,0
2016,PR,4102752,0.3698255217242559,0.6301744782757441,0.0,0.0,0,0
2012,PR,4102802,0.4248956209340713,0.5751043790659287,0.0,0.0,0,0
2016,PR,4102802,1.0,0.0,0.0,0.0,0,0
2012,PR,4103008,0.0,1.0,0.0,0.0,0,0
2016,PR,4103008,0.0,1.0,0.0,0.0,0,0
2012,PR,4103024,0.0,1.0,0.0,0.0,0,0
2016,PR,4103024,0.2324074074074074,0.7675925925925926,0.0,0.0,0,0
2012,PR,4103040,0.0,1.0,0.0,0.0,0,0
2016,PR,4103040,0.0,1.0,0.0,0.0,0,0
2012,PR,4103057,0.4788554975706316,0.5211445024293684,0.0,0.0,0,0
2016,PR,4103057,0.2964509394572025,0.7035490605427975,0.0,0.0,0,0
2012,PR,4103107,0.6280077716335376,0.3719922283664624,0.0,0.0,1,0
2016,PR,4103107,0.0,1.0,0.0,0.0,1,1
2012,PR,4103156,0.0,0.650730411686587,0.34926958831341304,0.0,1,0
2016,PR,4103156,0.0,1.0,0.0,0.0,1,1
2012,PR,4103206,0.333959164515372,0.666040835484628,0.0,0.0,0,0
2016,PR,4103206,0.5759781619654231,0.4240218380345769,0.0,0.0,0,0
2012,PR,4103222,0.0,1.0,0.0,0.0,0,0
2016,PR,4103222,0.0,1.0,0.0,0.0,0,0
2012,PR,4103305,0.0,1.0,0.0,0.0,0,0
2016,PR,4103305,0.0,1.0,0.0,0.0,0,0
2012,PR,4103354,0.0,1.0,0.0,0.0,0,0
2016,PR,4103354,0.08806117414898865,0.9119388258510114,0.0,0.0,0,0
2012,PR,4103370,0.47140115163147794,0.5285988483685221,0.0,0.0,0,0
2016,PR,4103370,0.0,1.0,0.0,0.0,0,0
2012,PR,4103404,0.5842050209205021,0.4157949790794979,0.0,0.0,0,0
2016,PR,4103404,0.5412474849094567,0.0,0.45875251509054327,0.0,0,0
2012,PR,4103453,0.513239376468076,0.48676062353192395,0.0,0.0,0,0
2016,PR,4103453,0.437108190091001,0.562891809908999,0.0,0.0,0,0
2012,PR,4103479,0.0,1.0,0.0,0.0,0,0
2016,PR,4103479,0.0,1.0,0.0,0.0,0,0
2012,PR,4103503,0.0,1.0,0.0,0.0,0,0
2016,PR,4103503,0.5826675929142063,0.41733240708579367,0.0,0.0,0,0
2012,PR,4103602,0.27271474822621755,0.7272852517737824,0.0,0.0,0,0
2016,PR,4103602,0.2965107057890563,0.7034892942109437,0.0,0.0,0,0
2012,PR,4103701,0.4569715722297428,0.5430284277702572,0.0,0.0,1,0
2016,PR,4103701,0.17767681728880158,0.8223231827111984,0.0,0.0,1,1
2012,PR,4103800,0.49826474962816064,0.5017352503718394,0.0,0.0,1,0
2016,PR,4103800,0.7157697901516725,0.2842302098483274,0.0,0.0,1,1
2012,PR,4103909,0.9887063655030801,0.011293634496919919,0.0,0.0,1,0
2016,PR,4103909,0.5676491298662106,0.43235087013378937,0.0,0.0,1,1
2012,PR,4103958,0.0,0.4896364254162419,0.510363574583758,0.0,1,0
2016,PR,4103958,0.5562690098006083,0.0,0.44373099019939166,0.0,1,1
2012,PR,4104006,0.33578882750153466,0.6642111724984653,0.0,0.0,1,0
2016,PR,4104006,0.0,1.0,0.0,0.0,1,1
2012,PR,4104055,1.0,0.0,0.0,0.0,1,0
2016,PR,4104055,1.0,0.0,0.0,0.0,1,1
2012,PR,4104105,0.1160676532769556,0.8839323467230444,0.0,0.0,0,0
2016,PR,4104105,0.14402679568291776,0.8559732043170822,0.0,0.0,0,0
2012,PR,4104253,0.4836447066535562,0.3221894460832514,0.1941658472631924,0.0,1,0
2016,PR,4104253,0.4787710970464135,0.5212289029535865,0.0,0.0,1,1
2012,PR,4104303,0.4036914910728647,0.5963085089271353,0.0,0.0,1,0
2016,PR,4104303,0.45764749172083896,0.5142892186925059,0.02806328958665522,0.0,1,1
2012,PR,4104402,0.0,0.8950437317784257,0.10495626822157435,0.0,0,0
2016,PR,4104402,0.3984313725490196,0.6015686274509804,0.0,0.0,0,0
2012,PR,4104428,0.0,0.6795435510887772,0.32045644891122277,0.0,1,0
2016,PR,4104428,0.37425431711145996,0.62574568288854,0.0,0.0,1,1
2012,PR,4104451,0.47130185233498567,0.5286981476650143,0.0,0.0,0,0
2016,PR,4104451,0.43567639257294427,0.5643236074270557,0.0,0.0,0,0
2012,PR,4104501,0.0,0.6133421291333389,0.38665787086666115,0.0,0,0
2016,PR,4104501,0.0,1.0,0.0,0.0,0,0
2012,PR,4104600,0.0,1.0,0.0,0.0,0,0
2016,PR,4104600,0.0,1.0,0.0,0.0,0,0
2012,PR,4104709,1.0,0.0,0.0,0.0,0,0
2016,PR,4104709,0.3745064861816131,0.6254935138183869,0.0,0.0,0,0
2012,PR,4104808,0.22571993926873585,0.43375563133135875,0.3405244293999054,0.0,1,0
2016,PR,4104808,0.8846636121065173,0.08632995192336262,0.029006435970119985,0.0,1,1
2012,PR,4105003,0.0,1.0,0.0,0.0,0,0
2016,PR,4105003,0.8027364045722203,0.19726359542777971,0.0,0.0,0,0
2012,PR,4105102,1.0,0.0,0.0,0.0,0,0
2016,PR,4105102,0.6215019988577956,0.37849800114220444,0.0,0.0,0,0
2012,PR,4105201,0.0,1.0,0.0,0.0,0,0
2016,PR,4105201,0.0,1.0,0.0,0.0,0,0
2012,PR,4105300,0.0,1.0,0.0,0.0,0,0
2016,PR,4105300,1.0,0.0,0.0,0.0,0,0
2012,PR,4105409,0.0,1.0,0.0,0.0,0,0
2016,PR,4105409,0.462844507620627,0.537155492379373,0.0,0.0,0,0
2012,PR,4105607,0.0,1.0,0.0,0.0,0,0
2016,PR,4105607,0.0,1.0,0.0,0.0,0,0
2012,PR,4105706,0.14483091787439614,0.49594202898550727,0.3592270531400966,0.0,0,0
2016,PR,4105706,0.03340969835815197,0.966590301641848,0.0,0.0,0,0
2012,PR,4105805,0.6812234829797731,0.3187765170202269,0.0,0.0,1,0
2016,PR,4105805,0.41622483132338095,0.583775168676619,0.0,0.0,1,1
2012,PR,4105904,0.928395061728395,0.07160493827160494,0.0,0.0,0,0
2016,PR,4105904,0.7061437539676941,0.29385624603230587,0.0,0.0,0,0
2012,PR,4106001,0.0,1.0,0.0,0.0,0,0
2016,PR,4106001,0.0,1.0,0.0,0.0,0,0
2012,PR,4106100,0.955563853622106,0.04443614637789395,0.0,0.0,0,0
2016,PR,4106100,0.5954793452844894,0.4045206547155105,0.0,0.0,0,0
2012,PR,4106209,0.0,1.0,0.0,0.0,1,0
2016,PR,4106209,0.0,1.0,0.0,0.0,1,1
2012,PR,4106308,0.5290316947524666,0.4709683052475334,0.0,0.0,0,0
2016,PR,4106308,0.06864429772994483,0.9313557022700552,0.0,0.0,0,0
2012,PR,4106407,0.6327348788565452,0.0,0.3672651211434548,0.0,0,0
2016,PR,4106407,0.0,1.0,0.0,0.0,0,0
2012,PR,4106456,1.0,0.0,0.0,0.0,0,0
2016,PR,4106456,0.0,1.0,0.0,0.0,0,0
2012,PR,4106506,0.44227746820974423,0.5577225317902558,0.0,0.0,1,0
2016,PR,4106506,0.0,1.0,0.0,0.0,1,1
2012,PR,4106555,0.2814392589953687,0.562522265764161,0.15603847524047026,0.0,0,0
2016,PR,4106555,0.3485677502413904,0.6514322497586096,0.0,0.0,0,0
2012,PR,4106571,0.0,1.0,0.0,0.0,0,0
2016,PR,4106571,0.0,1.0,0.0,0.0,0,0
2012,PR,4106605,0.1912786657400973,0.8087213342599027,0.0,0.0,0,0
2016,PR,4106605,0.9306160547604232,0.06938394523957685,0.0,0.0,0,0
2012,PR,4106704,0.0,0.6702888189877038,0.32971118101229624,0.0,0,0
2016,PR,4106704,0.0,0.6444572085008615,0.3555427914991384,0.0,0,0
2012,PR,4106852,0.0,1.0,0.0,0.0,0,0
2016,PR,4106852,0.0,1.0,0.0,0.0,0,0
2012,PR,4107009,0.0,0.0,1.0,0.0,0,0
2016,PR,4107009,0.5345633456334563,0.4654366543665437,0.0,0.0,0,0
2012,PR,4107108,0.05580182529335072,0.49491525423728816,0.44928292046936114,0.0,0,0
2016,PR,4107108,0.05347448425624322,0.46959826275787186,0.4769272529858849,0.0,0,0
2012,PR,4107124,0.32717678100263853,0.6728232189973615,0.0,0.0,1,0
2016,PR,4107124,0.43169398907103823,0.5683060109289617,0.0,0.0,1,1
2012,PR,4107157,0.4270928462709285,0.5729071537290715,0.0,0.0,0,0
2016,PR,4107157,0.5140158439975625,0.48598415600243755,0.0,0.0,0,0
2012,PR,4107207,0.0,1.0,0.0,0.0,0,0
2016,PR,4107207,0.3700524956253646,0.6299475043746354,0.0,0.0,0,0
2012,PR,4107405,0.0,1.0,0.0,0.0,0,0
2016,PR,4107405,0.0,1.0,0.0,0.0,0,0
2012,PR,4107504,0.7569311246730601,0.24306887532693985,0.0,0.0,0,0
2016,PR,4107504,0.155032560265052,0.844967439734948,0.0,0.0,0,0
2012,PR,4107520,0.47846332945285214,0.5215366705471478,0.0,0.0,0,0
2016,PR,4107520,0.0,1.0,0.0,0.0,0,0
2012,PR,4107538,0.5198686371100164,0.4801313628899836,0.0,0.0,0,0
2016,PR,4107538,0.6316306483300589,0.0,0.36836935166994106,0.0,0,0
2012,PR,4107546,0.0,1.0,0.0,0.0,0,0
2016,PR,4107546,0.0,1.0,0.0,0.0,0,0
2012,PR,4107553,0.40639082343301924,0.5936091765669808,0.0,0.0,1,0
2016,PR,4107553,0.0,1.0,0.0,0.0,1,1
2012,PR,4107603,0.3706315789473684,0.6293684210526316,0.0,0.0,0,0
2016,PR,4107603,0.05425531914893617,0.9457446808510638,0.0,0.0,0,0
2012,PR,4107652,0.0,1.0,0.0,0.0,1,0
2016,PR,4107652,0.3100691121743753,0.6777246145667198,0.012206273258904839,0.0,1,1
2012,PR,4107702,0.4182177100958827,0.5817822899041173,0.0,0.0,0,0
2016,PR,4107702,0.019389791844881665,0.9806102081551183,0.0,0.0,0,0
2012,PR,4107736,0.5165945165945166,0.4834054834054834,0.0,0.0,0,0
2016,PR,4107736,0.48825503355704697,0.511744966442953,0.0,0.0,0,0
2012,PR,4107751,0.9302195757350205,0.06978042426497953,0.0,0.0,0,0
2016,PR,4107751,0.0,1.0,0.0,0.0,0,0
2012,PR,4107801,0.4685714285714286,0.5314285714285715,0.0,0.0,0,0
2016,PR,4107801,0.0,1.0,0.0,0.0,0,0
2012,PR,4107850,1.0,0.0,0.0,0.0,0,0
2016,PR,4107850,0.5634032634032634,0.4365967365967366,0.0,0.0,0,0
2012,PR,4108007,0.5831675783192442,0.41683242168075585,0.0,0.0,1,0
2016,PR,4108007,0.0,1.0,0.0,0.0,1,1
2012,PR,4108106,0.5316698656429942,0.46833013435700577,0.0,0.0,0,0
2016,PR,4108106,0.48525970987365463,0.5147402901263454,0.0,0.0,0,0
2012,PR,4108205,0.0,0.49914529914529915,0.5008547008547009,0.0,0,0
2016,PR,4108205,0.0,1.0,0.0,0.0,0,0
2012,PR,4108304,0.0,0.5404555607722623,0.4595444392277377,0.0,1,0
2016,PR,4108304,0.6630428908986408,0.3266114175955355,0.01034569150582375,0.0,1,1
2012,PR,4108320,0.0,1.0,0.0,0.0,0,0
2016,PR,4108320,0.14074242769300843,0.8592575723069916,0.0,0.0,0,0
2012,PR,4108403,0.46431671430083626,0.5356832856991638,0.0,0.0,0,0
2016,PR,4108403,0.0,1.0,0.0,0.0,0,0
2012,PR,4108452,1.0,0.0,0.0,0.0,1,0
2016,PR,4108452,0.4921941527107579,0.5078058472892422,0.0,0.0,1,1
2012,PR,4108551,0.0,1.0,0.0,0.0,0,0
2016,PR,4108551,0.0,1.0,0.0,0.0,0,0
2012,PR,4108601,0.6464585834333734,0.35354141656662663,0.0,0.0,0,0
2016,PR,4108601,0.34513692162417375,0.6548630783758262,0.0,0.0,0,0
2012,PR,4108650,0.4997879558948261,0.0,0.5002120441051738,0.0,0,0
2016,PR,4108650,0.4940113469216222,0.5059886530783778,0.0,0.0,0,0
2012,PR,4108700,0.42016433488785254,0.5798356651121475,0.0,0.0,0,0
2016,PR,4108700,0.9494172494172494,0.05058275058275058,0.0,0.0,0,0
2012,PR,4108809,0.0,0.38570222347312133,0.6142977765268787,0.0,0,0
2016,PR,4108809,0.6550805377255662,0.3449194622744338,0.0,0.0,0,0
2012,PR,4108908,0.5322009907997169,0.4677990092002831,0.0,0.0,0,0
2016,PR,4108908,0.37967914438502676,0.6203208556149733,0.0,0.0,0,0
2012,PR,4108957,0.44377008211353086,0.5562299178864691,0.0,0.0,0,0
2016,PR,4108957,0.5378028784842412,0.4621971215157588,0.0,0.0,0,0
2012,PR,4109005,0.45006657789613846,0.5499334221038615,0.0,0.0,0,0
2016,PR,4109005,0.4631449631449631,0.5368550368550369,0.0,0.0,0,0
2012,PR,4109104,0.0,1.0,0.0,0.0,0,0
2016,PR,4109104,0.0,1.0,0.0,0.0,0,0
2012,PR,4109203,1.0,0.0,0.0,0.0,0,0
2016,PR,4109203,0.0,1.0,0.0,0.0,0,0
2012,PR,4109302,0.0,1.0,0.0,0.0,1,0
2016,PR,4109302,0.41654450261780107,0.5834554973821989,0.0,0.0,1,1
2012,PR,4109401,0.14046042257962787,0.5426048565121413,0.3169347209082308,0.0,1,0
2016,PR,4109401,0.0,0.660718356857137,0.3392816431428631,0.0,1,1
2012,PR,4109500,0.40589141976365817,0.5941085802363418,0.0,0.0,0,0
2016,PR,4109500,0.0255338904363974,0.9744661095636026,0.0,0.0,0,0
2012,PR,4109609,0.0,1.0,0.0,0.0,0,0
2016,PR,4109609,0.4918250697859896,0.5081749302140104,0.0,0.0,0,0
2012,PR,4109658,0.548457614768035,0.45154238523196505,0.0,0.0,1,0
2016,PR,4109658,0.0,1.0,0.0,0.0,1,1
2012,PR,4109708,0.0,1.0,0.0,0.0,0,0
2016,PR,4109708,0.1793461840594598,0.8206538159405402,0.0,0.0,0,0
2012,PR,4109757,0.42062714355707986,0.5793728564429201,0.0,0.0,0,0
2016,PR,4109757,0.1489805375347544,0.8510194624652456,0.0,0.0,0,0
2012,PR,4109807,0.08406448391468721,0.9159355160853128,0.0,0.0,0,0
2016,PR,4109807,0.4208690700736681,0.5791309299263319,0.0,0.0,0,0
2012,PR,4109906,0.0,1.0,0.0,0.0,0,0
2016,PR,4109906,0.0,1.0,0.0,0.0,0,0
2012,PR,4110003,0.5131756756756757,0.4868243243243243,0.0,0.0,0,0
2016,PR,4110003,0.0,1.0,0.0,0.0,0,0
2012,PR,4110052,0.4974271012006861,0.0,0.5025728987993139,0.0,0,0
2016,PR,4110052,0.5238095238095238,0.47619047619047616,0.0,0.0,0,0
2012,PR,4110102,0.6198787329291098,0.3801212670708902,0.0,0.0,0,0
2016,PR,4110102,0.9387143782383419,0.061285621761658034,0.0,0.0,0,0
2012,PR,4110201,0.3685925925925926,0.6314074074074074,0.0,0.0,0,0
2016,PR,4110201,0.6322889469103569,0.3677110530896432,0.0,0.0,0,0
2012,PR,4110300,1.0,0.0,0.0,0.0,0,0
2016,PR,4110300,0.5136268343815513,0.4863731656184486,0.0,0.0,0,0
2012,PR,4110508,0.6783632286995516,0.32163677130044843,0.0,0.0,0,0
2016,PR,4110508,1.0,0.0,0.0,0.0,0,0
2012,PR,4110607,0.0,1.0,0.0,0.0,0,0
2016,PR,4110607,0.0,1.0,0.0,0.0,0,0
2012,PR,4110656,0.0,1.0,0.0,0.0,0,0
2016,PR,4110656,0.0,1.0,0.0,0.0,0,0
2012,PR,4110706,0.0,0.4624279115140734,0.5375720884859266,0.0,0,0
2016,PR,4110706,0.0724511426663182,0.9275488573336818,0.0,0.0,0,0
2012,PR,4110805,0.0,1.0,0.0,0.0,0,0
2016,PR,4110805,0.42272727272727273,0.5772727272727273,0.0,0.0,0,0
2012,PR,4110904,0.0,1.0,0.0,0.0,0,0
2016,PR,4110904,0.0,1.0,0.0,0.0,0,0
2012,PR,4110953,0.5533565124364803,0.4466434875635197,0.0,0.0,0,0
2016,PR,4110953,0.0,1.0,0.0,0.0,0,0
2012,PR,4111001,0.6172506738544474,0.38274932614555257,0.0,0.0,0,0
2016,PR,4111001,0.0,1.0,0.0,0.0,0,0
2012,PR,4111100,0.39526276831976315,0.02936096718480138,0.5753762644954354,0.0,0,0
2016,PR,4111100,1.0,0.0,0.0,0.0,0,0
2012,PR,4111209,0.0,1.0,0.0,0.0,0,0
2016,PR,4111209,0.52482088024565,0.47517911975435007,0.0,0.0,0,0
2012,PR,4111258,0.41300203773088806,0.5869979622691119,0.0,0.0,1,0
2016,PR,4111258,0.4767723203484152,0.5232276796515848,0.0,0.0,1,1
2012,PR,4111308,0.5183767228177641,0.48162327718223585,0.0,0.0,0,0
2016,PR,4111308,0.5132211538461539,0.48677884615384615,0.0,0.0,0,0
2012,PR,4111407,0.56531152273274,0.43468847726726006,0.0,0.0,0,0
2016,PR,4111407,0.3763062244434348,0.6236937755565652,0.0,0.0,0,0
2012,PR,4111506,0.0,0.5875636558563387,0.4124363441436612,0.0,0,0
2016,PR,4111506,0.24310047434238896,0.7568995256576111,0.0,0.0,0,0
2012,PR,4111555,0.3815052871656645,0.6184947128343354,0.0,0.0,0,0
2016,PR,4111555,1.0,0.0,0.0,0.0,0,0
2012,PR,4111704,0.0,1.0,0.0,0.0,0,0
2016,PR,4111704,0.0,1.0,0.0,0.0,0,0
2012,PR,4111803,0.723063865902822,0.0,0.27693613409717804,0.0,0,0
2016,PR,4111803,0.5958930317588538,0.0,0.4041069682411462,0.0,0,0
2012,PR,4111902,0.0,0.612590799031477,0.387409200968523,0.0,0,0
2016,PR,4111902,0.44953902888752306,0.5504609711124769,0.0,0.0,0,0
2012,PR,4112009,0.0,0.44743962320873837,0.5525603767912617,0.0,0,0
2016,PR,4112009,1.0,0.0,0.0,0.0,0,0
2012,PR,4112108,1.0,0.0,0.0,0.0,0,0
2016,PR,4112108,0.8749212846347607,0.1250787153652393,0.0,0.0,0,0
2012,PR,4112207,0.0,1.0,0.0,0.0,1,0
2016,PR,4112207,0.0,1.0,0.0,0.0,1,1
2012,PR,4112306,0.4835640138408305,0.5164359861591695,0.0,0.0,0,0
2016,PR,4112306,0.42264786360766154,0.5773521363923384,0.0,0.0,0,0
2012,PR,4112504,0.0,1.0,0.0,0.0,0,0
2016,PR,4112504,0.2593575418994413,0.7406424581005586,0.0,0.0,0,0
2012,PR,4112603,0.0,1.0,0.0,0.0,0,0
2016,PR,4112603,1.0,0.0,0.0,0.0,0,0
2012,PR,4112702,0.0,1.0,0.0,0.0,0,0
2016,PR,4112702,0.5530854733614412,0.44691452663855885,0.0,0.0,0,0
2012,PR,4112751,0.5361616836479038,0.4638383163520962,0.0,0.0,0,0
2016,PR,4112751,0.4712570056044836,0.5287429943955164,0.0,0.0,0,0
2012,PR,4112801,0.6652390438247012,0.33476095617529883,0.0,0.0,0,0
2016,PR,4112801,0.17243964612385665,0.8275603538761434,0.0,0.0,0,0
2012,PR,4112900,0.5224706153491588,0.1647845125604978,0.3127448720903434,0.0,0,0
2016,PR,4112900,1.0,0.0,0.0,0.0,0,0
2012,PR,4112959,0.0,1.0,0.0,0.0,0,0
2016,PR,4112959,0.5341687879381242,0.46583121206187583,0.0,0.0,0,0
2012,PR,4113106,0.0,0.6594022415940224,0.34059775840597756,0.0,0,0
2016,PR,4113106,0.0,1.0,0.0,0.0,0,0
2012,PR,4113205,0.14969265157865325,0.38600167644593464,0.4643056719754121,0.0,1,0
2016,PR,4113205,0.06943353096649761,0.6344024573183799,0.2961640117151225,0.0,1,1
2012,PR,4113254,0.5320869125821122,0.46791308741788784,0.0,0.0,0,0
2016,PR,4113254,1.0,0.0,0.0,0.0,0,0
2012,PR,4113304,0.0,0.866601381861705,0.13339861813829498,0.0,0,0
2016,PR,4113304,0.9601429943442535,0.0,0.03985700565574645,0.0,0,0
2012,PR,4113403,0.0,0.9554183813443072,0.04458161865569273,0.0,0,0
2016,PR,4113403,0.5481577246283129,0.45184227537168714,0.0,0.0,0,0
2012,PR,4113429,1.0,0.0,0.0,0.0,0,0
2016,PR,4113429,1.0,0.0,0.0,0.0,0,0
2012,PR,4113452,1.0,0.0,0.0,0.0,1,0
2016,PR,4113452,1.0,0.0,0.0,0.0,1,1
2012,PR,4113502,0.5252749056294108,0.42548826522238636,0.049236829148202856,0.0,0,0
2016,PR,4113502,0.5814854504987222,0.4185145495012777,0.0,0.0,0,0
2012,PR,4113601,0.5424665503199535,0.45753344968004656,0.0,0.0,0,0
2016,PR,4113601,0.0,1.0,0.0,0.0,0,0
2012,PR,4113734,0.0,1.0,0.0,0.0,1,0
2016,PR,4113734,0.0,1.0,0.0,0.0,1,1
2012,PR,4113759,0.020963172804532578,0.9790368271954675,0.0,0.0,0,0
2016,PR,4113759,0.03208556149732621,0.9679144385026738,0.0,0.0,0,0
2012,PR,4113809,0.0,1.0,0.0,0.0,0,0
2016,PR,4113809,0.0,1.0,0.0,0.0,0,0
2012,PR,4113908,0.0,1.0,0.0,0.0,0,0
2016,PR,4113908,0.6021695554769485,0.39783044452305155,0.0,0.0,0,0
2012,PR,4114005,0.0,1.0,0.0,0.0,0,0
2016,PR,4114005,0.6682129445548929,0.3317870554451071,0.0,0.0,0,0
2012,PR,4114104,0.4779969650986343,0.4599472885552272,0.06205574634613849,0.0,0,0
2016,PR,4114104,0.1341893055664292,0.8658106944335708,0.0,0.0,0,0
2012,PR,4114203,0.0,0.25644582635733076,0.7435541736426692,0.0,0,0
2016,PR,4114203,0.0,1.0,0.0,0.0,0,0
2012,PR,4114302,0.18682701720039155,0.8131729827996085,0.0,0.0,1,0
2016,PR,4114302,0.8033526322875993,0.1966473677124007,0.0,0.0,1,1
2012,PR,4114351,0.9315068493150684,0.0,0.0684931506849315,0.0,0,0
2016,PR,4114351,0.5,0.5,0.0,0.0,0,0
2012,PR,4114401,0.0,0.9575299635226681,0.04247003647733194,0.0,0,0
2016,PR,4114401,0.0,1.0,0.0,0.0,0,0
2012,PR,4114500,0.7528681807539218,0.2471318192460782,0.0,0.0,0,0
2016,PR,4114500,1.0,0.0,0.0,0.0,0,0
2012,PR,4114609,0.08105547563072389,0.8913996982350257,0.027544826134250324,0.0,0,0
2016,PR,4114609,0.5723176747111597,0.41169265402059124,0.01598967126824908,0.0,0,0
2012,PR,4114807,0.4244728988158275,0.5755271011841725,0.0,0.0,0,0
2016,PR,4114807,0.699239882215983,0.30076011778401696,0.0,0.0,0,0
2012,PR,4114906,0.0,1.0,0.0,0.0,0,0
2016,PR,4114906,0.04442523768366465,0.9555747623163353,0.0,0.0,0,0
2012,PR,4115002,1.0,0.0,0.0,0.0,0,0
2016,PR,4115002,1.0,0.0,0.0,0.0,0,0
2012,PR,4115101,0.0,0.6517106842737095,0.3482893157262905,0.0,0,0
2016,PR,4115101,1.0,0.0,0.0,0.0,0,0
2012,PR,4115309,0.5112849162011173,0.4887150837988827,0.0,0.0,0,0
2016,PR,4115309,0.4841725090291056,0.5158274909708944,0.0,0.0,0,0
2012,PR,4115358,0.0,1.0,0.0,0.0,0,0
2016,PR,4115358,0.0,1.0,0.0,0.0,0,0
2012,PR,4115408,1.0,0.0,0.0,0.0,0,0
2016,PR,4115408,1.0,0.0,0.0,0.0,0,0
2012,PR,4115457,0.0,1.0,0.0,0.0,0,0
2016,PR,4115457,0.3622961104140527,0.6377038895859473,0.0,0.0,0,0
2012,PR,4115507,0.47429266808640097,0.49558868268938244,0.03011864922421661,0.0,0,0
2016,PR,4115507,0.0,1.0,0.0,0.0,0,0
2012,PR,4115606,0.5739348370927319,0.42606516290726815,0.0,0.0,0,0
2016,PR,4115606,0.6142400639105252,0.38575993608947473,0.0,0.0,0,0
2012,PR,4115705,0.0,1.0,0.0,0.0,0,0
2016,PR,4115705,0.5752076740506329,0.4247923259493671,0.0,0.0,0,0
2012,PR,4115739,0.4943574808882417,0.044048052420822714,0.46159446669093557,0.0,0,0
2016,PR,4115739,0.6060825488776249,0.3939174511223751,0.0,0.0,0,0
2012,PR,4115754,0.5306303116147308,0.4693696883852691,0.0,0.0,0,0
2016,PR,4115754,0.058662613981762916,0.9413373860182371,0.0,0.0,0,0
2012,PR,4115804,0.0,0.6145549318364074,0.38544506816359264,0.0,0,0
2016,PR,4115804,0.14158747258666463,0.8584125274133354,0.0,0.0,0,0
2012,PR,4115853,0.4335846113854952,0.5664153886145048,0.0,0.0,0,0
2016,PR,4115853,0.0,1.0,0.0,0.0,0,0
2012,PR,4115903,0.5171102661596958,0.4828897338403042,0.0,0.0,0,0
2016,PR,4115903,1.0,0.0,0.0,0.0,0,0
2012,PR,4116000,0.0,1.0,0.0,0.0,1,0
2016,PR,4116000,0.0,1.0,0.0,0.0,1,1
2012,PR,4116059,1.0,0.0,0.0,0.0,0,0
2016,PR,4116059,0.5415695415695416,0.45843045843045843,0.0,0.0,0,0
2012,PR,4116109,0.47821656050955413,0.5217834394904458,0.0,0.0,0,0
2016,PR,4116109,0.0,1.0,0.0,0.0,0,0
2012,PR,4116208,0.28044024612184765,0.43955282086835945,0.2800069330097929,0.0,0,0
2016,PR,4116208,0.0,1.0,0.0,0.0,0,0
2012,PR,4116307,0.0,0.5283084404307051,0.47169155956929487,0.0,0,0
2016,PR,4116307,0.0,0.5295269168026101,0.4704730831973899,0.0,0,0
2012,PR,4116406,1.0,0.0,0.0,0.0,0,0
2016,PR,4116406,0.7883542538354253,0.21164574616457463,0.0,0.0,0,0
2012,PR,4116604,0.41081487044686443,0.5891851295531355,0.0,0.0,0,0
2016,PR,4116604,0.15265113137453562,0.8473488686254643,0.0,0.0,0,0
2012,PR,4116703,0.0,1.0,0.0,0.0,0,0
2016,PR,4116703,0.03349514563106796,0.9665048543689321,0.0,0.0,0,0
2012,PR,4116802,0.0,1.0,0.0,0.0,1,0
2016,PR,4116802,0.4575188697503387,0.5424811302496613,0.0,0.0,1,1
2012,PR,4116901,0.6303558460421206,0.3696441539578795,0.0,0.0,0,0
2016,PR,4116901,0.05783096707054189,0.9421690329294581,0.0,0.0,0,0
2012,PR,4116950,0.2807831014940752,0.5399278722308088,0.17928902627511592,0.0,0,0
2016,PR,4116950,0.0,1.0,0.0,0.0,0,0
2012,PR,4117008,0.0,1.0,0.0,0.0,0,0
2016,PR,4117008,0.2038863109048724,0.7961136890951276,0.0,0.0,0,0
2012,PR,4117057,0.0,0.5580411124546554,0.4419588875453446,0.0,0,0
2016,PR,4117057,0.0,0.7368756981011648,0.2631243018988352,0.0,0,0
2012,PR,4117107,0.6295610298203371,0.0,0.3704389701796629,0.0,0,0
2016,PR,4117107,0.7821670428893905,0.2178329571106095,0.0,0.0,0,0
2012,PR,4117206,0.4939729397293973,0.5060270602706027,0.0,0.0,0,0
2016,PR,4117206,0.0,1.0,0.0,0.0,0,0
2012,PR,4117214,0.40974212034383956,0.5902578796561605,0.0,0.0,0,0
2016,PR,4117214,1.0,0.0,0.0,0.0,0,0
2012,PR,4117222,0.5504507628294036,0.4495492371705964,0.0,0.0,0,0
2016,PR,4117222,0.46251301631377995,0.53748698368622,0.0,0.0,0,0
2012,PR,4117255,0.0,1.0,0.0,0.0,0,0
2016,PR,4117255,0.699867197875166,0.300132802124834,0.0,0.0,0,0
2012,PR,4117271,0.6143679386058409,0.385632061394159,0.0,0.0,0,0
2016,PR,4117271,1.0,0.0,0.0,0.0,0,0
2012,PR,4117297,0.0,1.0,0.0,0.0,1,0
2016,PR,4117297,0.605709557302441,0.394290442697559,0.0,0.0,1,1
2012,PR,4117305,0.023551286024171055,0.976448713975829,0.0,0.0,0,0
2016,PR,4117305,0.01654361498496035,0.9834563850150396,0.0,0.0,0,0
2012,PR,4117404,0.6183206106870229,0.0,0.3816793893129771,0.0,0,0
2016,PR,4117404,0.0,1.0,0.0,0.0,0,0
2012,PR,4117453,1.0,0.0,0.0,0.0,1,0
2016,PR,4117453,0.5814013395157136,0.41859866048428646,0.0,0.0,1,1
2012,PR,4117602,0.0,0.876158940397351,0.123841059602649,0.0,0,0
2016,PR,4117602,0.5121183924852674,0.44924453896938277,0.03863706854534982,0.0,0,0
2012,PR,4117701,0.43610557526855587,0.5638944247314441,0.0,0.0,0,0
2016,PR,4117701,1.0,0.0,0.0,0.0,0,0
2012,PR,4117800,0.0,1.0,0.0,0.0,0,0
2016,PR,4117800,0.534834229390681,0.465165770609319,0.0,0.0,0,0
2012,PR,4117909,0.0,1.0,0.0,0.0,0,0
2016,PR,4117909,1.0,0.0,0.0,0.0,0,0
2012,PR,4118006,0.0,0.0,1.0,0.0,0,0
2016,PR,4118006,0.1714994775339603,0.3667711598746082,0.46172936259143155,0.0,0,0
2012,PR,4118105,0.4576079948420374,0.5423920051579626,0.0,0.0,0,0
2016,PR,4118105,0.6659299021155668,0.3340700978844332,0.0,0.0,0,0
2012,PR,4118204,0.07472845940285422,0.681786079586966,0.24348546101017973,0.0,1,0
2016,PR,4118204,0.5155574879752167,0.44021576673279167,0.04422674529199163,0.0,1,1
2012,PR,4118303,0.0,0.43230016313213704,0.567699836867863,0.0,0,0
2016,PR,4118303,0.42469262295081966,0.0,0.5753073770491803,0.0,0,0
2012,PR,4118451,0.5395051875498803,0.4604948124501197,0.0,0.0,0,0
2016,PR,4118451,0.3906790945406125,0.6093209054593874,0.0,0.0,0,0
2012,PR,4118501,0.0,1.0,0.0,0.0,0,0
2016,PR,4118501,0.0,1.0,0.0,0.0,0,0
2012,PR,4118709,0.0,1.0,0.0,0.0,0,0
2016,PR,4118709,0.1820096903307352,0.8179903096692648,0.0,0.0,0,0
2012,PR,4118808,0.0,0.43721726372417163,0.5627827362758283,0.0,0,0
2016,PR,4118808,0.46684053651266766,0.2496274217585693,0.28353204172876306,0.0,0,0
2012,PR,4118907,0.29166038304931385,0.5916151410043734,0.11672447594631277,0.0,0,0
2016,PR,4118907,0.0,1.0,0.0,0.0,0,0
2012,PR,4119004,1.0,0.0,0.0,0.0,0,0
2016,PR,4119004,1.0,0.0,0.0,0.0,0,0
2012,PR,4119103,0.5946843853820598,0.4053156146179402,0.0,0.0,0,0
2016,PR,4119103,0.0,1.0,0.0,0.0,0,0
2012,PR,4119152,0.008644758648491273,0.053690072711527835,0.9376651686399808,0.0,1,0
2016,PR,4119152,0.1642107422475982,0.8357892577524018,0.0,0.0,1,1
2012,PR,4119202,0.7067973577668869,0.29320264223311315,0.0,0.0,0,0
2016,PR,4119202,0.26625452995096993,0.73374547004903,0.0,0.0,0,0
2012,PR,4119251,0.0,1.0,0.0,0.0,0,0
2016,PR,4119251,0.22077922077922077,0.7792207792207793,0.0,0.0,0,0
2012,PR,4119301,0.6985617039964866,0.013504611330698288,0.2879336846728151,0.0,0,0
2016,PR,4119301,0.5998713067724811,0.0,0.40012869322751893,0.0,0,0
2012,PR,4119400,0.6210098271772281,0.3789901728227719,0.0,0.0,0,0
2016,PR,4119400,0.9811499928778311,0.018850007122168937,0.0,0.0,0,0
2012,PR,4119509,0.10657918884198936,0.8832125160579923,0.010208295100018352,0.0,1,0
2016,PR,4119509,0.3527338079767747,0.6316213912121841,0.01564480081104122,0.0,1,1
2012,PR,4119608,0.542219155123971,0.457780844876029,0.0,0.0,0,0
2016,PR,4119608,0.2915323762086141,0.7084676237913858,0.0,0.0,0,0
2012,PR,4119657,0.40898876404494383,0.5910112359550562,0.0,0.0,0,0
2016,PR,4119657,0.4366737739872068,0.5633262260127931,0.0,0.0,0,0
2012,PR,4119707,0.0,0.8582981715893109,0.14170182841068918,0.0,0,0
2016,PR,4119707,0.3978568959557553,0.6021431040442448,0.0,0.0,0,0
2012,PR,4119806,0.0,1.0,0.0,0.0,0,0
2016,PR,4119806,0.0,0.3987435750999429,0.6012564249000572,0.0,0,0
2012,PR,4119905,0.0,0.6345227480470831,0.3654772519529169,0.0,1,0
2016,PR,4119905,0.17232984917095093,0.758361422264592,0.06930872856445701,0.0,1,1
2012,PR,4119954,0.5704790281916112,0.4295209718083887,0.0,0.0,0,0
2016,PR,4119954,0.5079387784294093,0.49206122157059073,0.0,0.0,0,0
2012,PR,4120002,0.0,1.0,0.0,0.0,1,0
2016,PR,4120002,1.0,0.0,0.0,0.0,1,1
2012,PR,4120101,0.573086574654956,0.4269134253450439,0.0,0.0,0,0
2016,PR,4120101,0.48927313480627604,0.510726865193724,0.0,0.0,0,0
2012,PR,4120150,0.0,0.5741472172351885,0.4258527827648115,0.0,0,0
2016,PR,4120150,0.4855769230769231,0.5144230769230769,0.0,0.0,0,0
2012,PR,4120200,0.17681728880157171,0.8231827111984283,0.0,0.0,0,0
2016,PR,4120200,0.0,1.0,0.0,0.0,0,0
2012,PR,4120333,0.5296566077003122,0.4703433922996878,0.0,0.0,1,0
2016,PR,4120333,0.6191512513601741,0.3808487486398259,0.0,0.0,1,1
2012,PR,4120358,0.0,0.4945560125816598,0.5054439874183402,0.0,0,0
2016,PR,4120358,0.6348167539267016,0.36518324607329844,0.0,0.0,0,0
2012,PR,4120408,1.0,0.0,0.0,0.0,0,0
2016,PR,4120408,1.0,0.0,0.0,0.0,0,0
2012,PR,4120507,0.0,1.0,0.0,0.0,0,0
2016,PR,4120507,0.5254343542898083,0.47456564571019166,0.0,0.0,0,0
2012,PR,4120606,0.0,1.0,0.0,0.0,0,0
2016,PR,4120606,0.3950205253145546,0.6049794746854453,0.0,0.0,0,0
2012,PR,4120655,0.0,1.0,0.0,0.0,0,0
2016,PR,4120655,0.0,1.0,0.0,0.0,0,0
2012,PR,4120705,0.47374301675977654,0.5262569832402234,0.0,0.0,0,0
2016,PR,4120705,0.17097701149425287,0.8290229885057471,0.0,0.0,0,0
2012,PR,4120804,0.8109651627641348,0.18903483723586523,0.0,0.0,1,0
2016,PR,4120804,0.39965052421367947,0.6003494757863205,0.0,0.0,1,1
2012,PR,4120853,0.0,0.4724025974025974,0.5275974025974026,0.0,0,0
2016,PR,4120853,0.4947569113441373,0.5052430886558628,0.0,0.0,0,0
2012,PR,4120903,0.9957510891195611,0.004248910880438874,0.0,0.0,0,0
2016,PR,4120903,0.7004320320938127,0.29956796790618734,0.0,0.0,0,0
2012,PR,4121000,0.0,1.0,0.0,0.0,0,0
2016,PR,4121000,0.0,1.0,0.0,0.0,0,0
2012,PR,4121109,0.5234685759745425,0.47653142402545745,0.0,0.0,0,0
2016,PR,4121109,0.6799358803099118,0.3200641196900882,0.0,0.0,0,0
2012,PR,4121208,0.0,1.0,0.0,0.0,0,0
2016,PR,4121208,0.41444600280504906,0.5855539971949509,0.0,0.0,0,0
2012,PR,4121257,0.4435965494359655,0.5564034505640345,0.0,0.0,0,0
2016,PR,4121257,1.0,0.0,0.0,0.0,0,0
2012,PR,4121307,0.0,0.4670614359733531,0.532938564026647,0.0,0,0
2016,PR,4121307,0.24616248596031448,0.7538375140396855,0.0,0.0,0,0
2012,PR,4121356,1.0,0.0,0.0,0.0,0,0
2016,PR,4121356,0.0,1.0,0.0,0.0,0,0
2012,PR,4121406,0.0,0.0,1.0,0.0,0,0
2016,PR,4121406,0.0,0.661038489469862,0.33896151053013795,0.0,0,0
2012,PR,4121505,0.02261433931649934,0.5112057600649021,0.46617990061859854,0.0,0,0
2016,PR,4121505,1.0,0.0,0.0,0.0,0,0
2012,PR,4121604,0.21579917088899125,0.0,0.7842008291110087,0.0,0,0
2016,PR,4121604,0.6190256291849457,0.38097437081505425,0.0,0.0,0,0
2012,PR,4121703,0.0,0.3619422572178478,0.6380577427821522,0.0,0,0
2016,PR,4121703,0.03576432908520718,0.9642356709147928,0.0,0.0,0,0
2012,PR,4121752,0.0,1.0,0.0,0.0,0,0
2016,PR,4121752,0.0,1.0,0.0,0.0,0,0
2012,PR,4121802,0.0,1.0,0.0,0.0,0,0
2016,PR,4121802,0.9663951120162932,0.03360488798370672,0.0,0.0,0,0
2012,PR,4121901,0.8227536053247874,0.1772463946752126,0.0,0.0,0,0
2016,PR,4121901,0.7035376787012357,0.2964623212987642,0.0,0.0,0,0
2012,PR,4122008,1.0,0.0,0.0,0.0,0,0
2016,PR,4122008,0.19331175836030204,0.7747572815533981,0.03193096008629989,0.0,0,0
2012,PR,4122107,0.0,1.0,0.0,0.0,0,0
2016,PR,4122107,0.0,1.0,0.0,0.0,0,0
2012,PR,4122156,0.44455032757593804,0.555449672424062,0.0,0.0,0,0
2016,PR,4122156,1.0,0.0,0.0,0.0,0,0
2012,PR,4122172,0.0,1.0,0.0,0.0,0,0
2016,PR,4122172,0.2125699243172096,0.7874300756827904,0.0,0.0,0,0
2012,PR,4122206,0.5505182650699406,0.4494817349300594,0.0,0.0,1,0
2016,PR,4122206,0.39974323617517,0.6002567638248301,0.0,0.0,1,1
2012,PR,4122305,0.22680817610062892,0.773191823899371,0.0,0.0,0,0
2016,PR,4122305,0.0,1.0,0.0,0.0,0,0
2012,PR,4122404,0.1339633041971809,0.7894164894873612,0.0766202063154579,0.0,0,0
2016,PR,4122404,0.29528429325801303,0.704715706741987,0.0,0.0,0,0
2012,PR,4122503,0.3522091722595078,0.6477908277404921,0.0,0.0,0,0
2016,PR,4122503,0.3985823336968375,0.6014176663031625,0.0,0.0,0,0
2012,PR,4122602,0.0,0.49692671394799054,0.5030732860520094,0.0,0,0
2016,PR,4122602,1.0,0.0,0.0,0.0,0,0
2012,PR,4122651,0.0,1.0,0.0,0.0,0,0
2016,PR,4122651,0.5233874938453964,0.47661250615460365,0.0,0.0,0,0
2012,PR,4122701,0.5474166121648136,0.4525833878351864,0.0,0.0,0,0
2016,PR,4122701,0.5064231232436772,0.4935768767563228,0.0,0.0,0,0
2012,PR,4122800,0.3143211407315561,0.6856788592684439,0.0,0.0,1,0
2016,PR,4122800,0.0,1.0,0.0,0.0,1,1
2012,PR,4122909,0.0,1.0,0.0,0.0,0,0
2016,PR,4122909,0.750791974656811,0.249208025343189,0.0,0.0,0,0
2012,PR,4123006,0.0,0.675534991324465,0.324465008675535,0.0,0,0
2016,PR,4123006,0.0,0.7028461712220465,0.2971538287779535,0.0,0,0
2012,PR,4123105,0.466868610374858,0.533131389625142,0.0,0.0,0,0
2016,PR,4123105,0.0,1.0,0.0,0.0,0,0
2012,PR,4123204,0.0,1.0,0.0,0.0,0,0
2016,PR,4123204,0.44307116104868915,0.5569288389513108,0.0,0.0,0,0
2012,PR,4123303,0.7625133120340788,0.0,0.2374866879659212,0.0,0,0
2016,PR,4123303,0.8856218759188474,0.0,0.1143781240811526,0.0,0,0
2012,PR,4123402,0.0,1.0,0.0,0.0,0,0
2016,PR,4123402,0.0,1.0,0.0,0.0,0,0
2012,PR,4123501,1.0,0.0,0.0,0.0,0,0
2016,PR,4123501,0.4958711093145464,0.5041288906854536,0.0,0.0,0,0
2012,PR,4123600,1.0,0.0,0.0,0.0,0,0
2016,PR,4123600,1.0,0.0,0.0,0.0,0,0
2012,PR,4123709,1.0,0.0,0.0,0.0,0,0
2016,PR,4123709,0.20567765567765567,0.7943223443223443,0.0,0.0,0,0
2012,PR,4123808,0.0,0.6428469139338393,0.3571530860661607,0.0,0,0
2016,PR,4123808,0.0,1.0,0.0,0.0,0,0
2012,PR,4123824,0.0,1.0,0.0,0.0,0,0
2016,PR,4123824,0.0,1.0,0.0,0.0,0,0
2012,PR,4123857,0.463939566704675,0.5360604332953249,0.0,0.0,0,0
2016,PR,4123857,0.0,1.0,0.0,0.0,0,0
2012,PR,4123907,0.4769816106531389,0.5230183893468612,0.0,0.0,0,0
2016,PR,4123907,0.0,1.0,0.0,0.0,0,0
2012,PR,4123956,0.0,0.5615414864333464,0.43845851356665355,0.0,0,0
2016,PR,4123956,0.0,1.0,0.0,0.0,0,0
2012,PR,4124004,0.0,0.4361564361564362,0.5638435638435638,0.0,0,0
2016,PR,4124004,0.4518860662047729,0.5481139337952271,0.0,0.0,0,0
2012,PR,4124020,1.0,0.0,0.0,0.0,1,0
2016,PR,4124020,0.5977378576180972,0.32335329341317365,0.07890884896872921,0.0,1,1
2012,PR,4124053,0.018489208633093526,0.9815107913669064,0.0,0.0,1,0
2016,PR,4124053,0.23150742504903335,0.7684925749509667,0.0,0.0,1,1
2012,PR,4124103,0.6088103185395805,0.3590472658342605,0.03214241562615898,0.0,0,0
2016,PR,4124103,0.6637066193059089,0.3362933806940911,0.0,0.0,0,0
2012,PR,4124202,0.44940747493163175,0.5505925250683683,0.0,0.0,0,0
2016,PR,4124202,0.5337052533705253,0.4662947466294747,0.0,0.0,0,0
2012,PR,4124301,0.009410599306587419,0.9905894006934126,0.0,0.0,0,0
2016,PR,4124301,0.0,1.0,0.0,0.0,0,0
2012,PR,4124400,1.0,0.0,0.0,0.0,0,0
2016,PR,4124400,0.0,0.5267090346959807,0.47329096530401926,0.0,0,0
2012,PR,4124509,0.6638836520333962,0.33611634796660383,0.0,0.0,0,0
2016,PR,4124509,0.40372829417773237,0.5962717058222676,0.0,0.0,0,0
2012,PR,4124608,0.6081049965461662,0.39189500345383377,0.0,0.0,0,0
2016,PR,4124608,0.4197176885752095,0.5802823114247905,0.0,0.0,0,0
2012,PR,4124707,0.0,1.0,0.0,0.0,0,0
2016,PR,4124707,0.0,1.0,0.0,0.0,0,0
2012,PR,4124806,0.4401776758847972,0.5598223241152027,0.0,0.0,0,0
2016,PR,4124806,0.0,1.0,0.0,0.0,0,0
2012,PR,4124905,0.0,0.5345222929936305,0.4654777070063694,0.0,0,0
2016,PR,4124905,0.0,0.6426943530007597,0.35730564699924033,0.0,0,0
2012,PR,4125001,0.0,1.0,0.0,0.0,0,0
2016,PR,4125001,0.5925728025647876,0.4074271974352124,0.0,0.0,0,0
2012,PR,4125100,0.47562596942167074,0.20529581209838246,0.31907821847994683,0.0,0,0
2016,PR,4125100,0.5262926775716325,0.0,0.47370732242836755,0.0,0,0
2012,PR,4125209,0.0,1.0,0.0,0.0,0,0
2016,PR,4125209,0.39564912280701753,0.5904561403508772,0.013894736842105264,0.0,0,0
2012,PR,4125308,1.0,0.0,0.0,0.0,0,0
2016,PR,4125308,1.0,0.0,0.0,0.0,0,0
2012,PR,4125357,0.452569617387367,0.547430382612633,0.0,0.0,0,0
2016,PR,4125357,0.560352233676976,0.43964776632302405,0.0,0.0,0,0
2012,PR,4125407,0.0,0.611551809618245,0.3884481903817551,0.0,0,0
2016,PR,4125407,0.0,1.0,0.0,0.0,0,0
2012,PR,4125456,1.0,0.0,0.0,0.0,0,0
2016,PR,4125456,0.6131362889983579,0.386863711001642,0.0,0.0,0,0
2012,PR,4125506,0.7334948207635009,0.26511580540037244,0.0013893738361266295,0.0,1,0
2016,PR,4125506,0.5331460333151236,0.4668539666848764,0.0,0.0,1,1
2012,PR,4125605,0.0,0.33077013154299545,0.6692298684570046,0.0,0,0
2016,PR,4125605,0.0873570396970998,0.8846559194347945,0.027987040868105703,0.0,0,0
2012,PR,4125704,1.0,0.0,0.0,0.0,0,0
2016,PR,4125704,0.4853109938030755,0.5146890061969245,0.0,0.0,0,0
2012,PR,4125753,0.39443850267379676,0.5229946524064171,0.0825668449197861,0.0,1,0
2016,PR,4125753,0.6060058703996387,0.39399412960036123,0.0,0.0,1,1
2012,PR,4125803,0.6378343744994394,0.36216562550056064,0.0,0.0,0,0
2016,PR,4125803,0.0,1.0,0.0,0.0,0,0
2012,PR,4125902,0.0,1.0,0.0,0.0,0,0
2016,PR,4125902,0.0,1.0,0.0,0.0,0,0
2012,PR,4126009,0.5371702637889688,0.4628297362110312,0.0,0.0,0,0
2016,PR,4126009,0.10615674841365118,0.8938432515863488,0.0,0.0,0,0
2012,PR,4126207,0.0,0.47127448822364076,0.5287255117763592,0.0,0,0
2016,PR,4126207,0.0,1.0,0.0,0.0,0,0
2012,PR,4126272,0.05489192263936291,0.9451080773606371,0.0,0.0,0,0
2016,PR,4126272,0.0,1.0,0.0,0.0,0,0
2012,PR,4126306,0.0,1.0,0.0,0.0,0,0
2016,PR,4126306,0.28387400094029147,0.7161259990597085,0.0,0.0,0,0
2012,PR,4126355,0.0,1.0,0.0,0.0,0,0
2016,PR,4126355,0.21643231320650674,0.7481389578163772,0.035428728977116075,0.0,0,0
2012,PR,4126405,0.0,1.0,0.0,0.0,0,0
2016,PR,4126405,0.6211208893006022,0.3788791106993979,0.0,0.0,0,0
2012,PR,4126504,0.042974588938714496,0.4885089686098655,0.46851644245142005,0.0,0,0
2016,PR,4126504,0.0,1.0,0.0,0.0,0,0
2012,PR,4126603,0.046397245675875075,0.9536027543241249,0.0,0.0,0,0
2016,PR,4126603,0.0,0.6166652364198061,0.3833347635801939,0.0,0,0
2012,PR,4126652,0.4893369523070958,0.5106630476929043,0.0,0.0,0,0
2016,PR,4126652,0.0,1.0,0.0,0.0,0,0
2012,PR,4126801,0.0,1.0,0.0,0.0,0,0
2016,PR,4126801,0.3966267105123581,0.6033732894876419,0.0,0.0,0,0
2012,PR,4126900,0.0,0.5286529397171917,0.47134706028280826,0.0,0,0
2016,PR,4126900,0.4701653486700216,0.5298346513299784,0.0,0.0,0,0
2012,PR,4127007,0.6280507131537243,0.37194928684627576,0.0,0.0,0,0
2016,PR,4127007,0.40043156596794083,0.5995684340320592,0.0,0.0,0,0
2012,PR,4127205,0.0,1.0,0.0,0.0,0,0
2016,PR,4127205,0.0,1.0,0.0,0.0,0,0
2012,PR,4127304,1.0,0.0,0.0,0.0,0,0
2016,PR,4127304,1.0,0.0,0.0,0.0,0,0
2012,PR,4127403,1.0,0.0,0.0,0.0,0,0
2016,PR,4127403,1.0,0.0,0.0,0.0,0,0
2012,PR,4127502,0.0,1.0,0.0,0.0,0,0
2016,PR,4127502,0.4535319223064193,0.5464680776935807,0.0,0.0,0,0
2012,PR,4127601,0.49978840457046125,0.36637748624629707,0.13383410918324165,0.0,1,0
2016,PR,4127601,0.14761021837659663,0.8523897816234034,0.0,0.0,1,1
2012,PR,4127700,0.4557166305742148,0.5442833694257851,0.0,0.0,1,0
2016,PR,4127700,0.5720768963024445,0.3945353289244692,0.03338777477308629,0.0,1,1
2012,PR,4127809,1.0,0.0,0.0,0.0,0,0
2016,PR,4127809,1.0,0.0,0.0,0.0,0,0
2012,PR,4127858,0.5455256978867727,0.45447430211322726,0.0,0.0,0,0
2016,PR,4127858,0.18371712595948156,0.8162828740405185,0.0,0.0,0,0
2012,PR,4127882,0.0,1.0,0.0,0.0,1,0
2016,PR,4127882,0.3845789971617786,0.6154210028382214,0.0,0.0,1,1
2012,PR,4127908,0.5657329438047775,0.43426705619522254,0.0,0.0,0,0
2016,PR,4127908,1.0,0.0,0.0,0.0,0,0
2012,PR,4127957,1.0,0.0,0.0,0.0,0,0
2016,PR,4127957,0.49511458518386925,0.5048854148161308,0.0,0.0,0,0
2012,PR,4127965,0.8030608991391222,0.0,0.19693910086087787,0.0,1,0
2016,PR,4127965,0.5538271350571752,0.44617286494282477,0.0,0.0,1,1
2012,PR,4128005,0.0,1.0,0.0,0.0,0,0
2016,PR,4128005,0.5596664564501437,0.4403335435498564,0.0,0.0,0,0
2012,PR,4128302,0.985974025974026,0.014025974025974027,0.0,0.0,0,0
2016,PR,4128302,0.5205680705190989,0.4794319294809011,0.0,0.0,0,0
2012,PR,4128401,0.0,1.0,0.0,0.0,0,0
2016,PR,4128401,1.0,0.0,0.0,0.0,0,0
2012,PR,4128500,0.5982218458933107,0.40177815410668927,0.0,0.0,0,0
2016,PR,4128500,0.0,1.0,0.0,0.0,0,0
2012,PR,4128534,0.8422446614798874,0.15775533852011256,0.0,0.0,0,0
2016,PR,4128534,0.8227667984189724,0.17723320158102768,0.0,0.0,0,0
2012,PR,4128559,0.3759239704329461,0.0,0.6240760295670539,0.0,0,0
2016,PR,4128559,0.38375399928901527,0.6162460007109847,0.0,0.0,0,0
2012,PR,4128609,0.0,0.49764648596007144,0.5023535140399286,0.0,0,0
2016,PR,4128609,1.0,0.0,0.0,0.0,0,0
2012,PR,4128625,0.3833757421543681,0.410941475826972,0.2056827820186599,0.0,0,0
2016,PR,4128625,1.0,0.0,0.0,0.0,0,0
2012,PR,4128633,0.5413607440039158,0.4586392559960842,0.0,0.0,0,0
2016,PR,4128633,0.5885074263452642,0.4114925736547358,0.0,0.0,0,0
2012,PR,4128658,0.612453531598513,0.387546468401487,0.0,0.0,0,0
2016,PR,4128658,0.49110546378653114,0.5088945362134689,0.0,0.0,0,0
2012,PR,4128708,0.33962264150943394,0.660377358490566,0.0,0.0,0,0
2016,PR,4128708,0.0,1.0,0.0,0.0,0,0
2012,PR,4128807,1.0,0.0,0.0,0.0,0,0
2016,PR,4128807,0.4939063502245029,0.5060936497754971,0.0,0.0,0,0
2012,SC,4200051,0.0,1.0,0.0,0.0,0,0
2016,SC,4200051,0.4693599636858829,0.5306400363141172,0.0,0.0,0,0
2012,SC,4200101,0.4964014783116125,0.0,0.5035985216883875,0.0,0,0
2016,SC,4200101,0.2736727272727273,0.5517090909090909,0.1746181818181818,0.0,0,0
2012,SC,4200200,0.0,0.3325761017719219,0.6674238982280781,0.0,0,0
2016,SC,4200200,0.0,1.0,0.0,0.0,0,0
2012,SC,4200309,0.47714860592124175,0.5228513940787582,0.0,0.0,0,0
2016,SC,4200309,0.0,1.0,0.0,0.0,0,0
2012,SC,4200408,0.44432479000646136,0.5556752099935387,0.0,0.0,0,0
2016,SC,4200408,0.8277672757823986,0.17223272421760136,0.0,0.0,0,0
2012,SC,4200507,0.4899193548387097,0.5100806451612904,0.0,0.0,0,0
2016,SC,4200507,0.0,1.0,0.0,0.0,0,0
2012,SC,4200556,1.0,0.0,0.0,0.0,0,0
2016,SC,4200556,0.5101856043458578,0.48981439565414214,0.0,0.0,0,0
2012,SC,4200705,0.47985781990521326,0.5201421800947867,0.0,0.0,0,0
2016,SC,4200705,0.4246713852376138,0.5753286147623863,0.0,0.0,0,0
2012,SC,4200754,0.5411303861219922,0.45886961387800784,0.0,0.0,0,0
2016,SC,4200754,0.5070422535211268,0.49295774647887325,0.0,0.0,0,0
2012,SC,4200804,0.0,1.0,0.0,0.0,0,0
2016,SC,4200804,0.0,0.4272915230875258,0.5727084769124742,0.0,0,0
2012,SC,4201000,0.0,1.0,0.0,0.0,0,0
2016,SC,4201000,0.6823349736976073,0.3176650263023927,0.0,0.0,0,0
2012,SC,4201257,0.5265582265726213,0.4734417734273787,0.0,0.0,0,0
2016,SC,4201257,0.5115956117205943,0.48840438827940563,0.0,0.0,0,0
2012,SC,4201273,0.47689137474241977,0.5231086252575802,0.0,0.0,0,0
2016,SC,4201273,0.5680967463288223,0.43190325367117766,0.0,0.0,0,0
2012,SC,4201307,0.3864494631617919,0.613550536838208,0.0,0.0,0,0
2016,SC,4201307,0.0,1.0,0.0,0.0,0,0
2012,SC,4201406,0.29151975763274046,0.339653686437358,0.36882655592990155,0.0,0,0
2016,SC,4201406,0.5515653285060164,0.40448301565328504,0.04395165584069854,0.0,0,0
2012,SC,4201505,0.4821912854818297,0.5178087145181703,0.0,0.0,0,0
2016,SC,4201505,0.5447941888619855,0.4552058111380145,0.0,0.0,0,0
2012,SC,4201604,0.5483528161530287,0.45164718384697133,0.0,0.0,0,0
2016,SC,4201604,1.0,0.0,0.0,0.0,0,0
2012,SC,4201653,0.0,0.5687751004016064,0.43122489959839355,0.0,0,0
2016,SC,4201653,0.46307477937761266,0.5369252206223873,0.0,0.0,0,0
2012,SC,4201703,0.6632308845577212,0.3367691154422789,0.0,0.0,0,0
2016,SC,4201703,0.3798688777477825,0.6201311222522176,0.0,0.0,0,0
2012,SC,4201802,0.0,0.4378316906747536,0.5621683093252464,0.0,0,0
2016,SC,4201802,0.4768642447418738,0.5231357552581262,0.0,0.0,0,0
2012,SC,4201901,0.5127776450919512,0.4872223549080487,0.0,0.0,0,0
2016,SC,4201901,0.45614441101596853,0.5438555889840315,0.0,0.0,0,0
2012,SC,4201950,0.6351937333892852,0.3648062666107148,0.0,0.0,0,0
2016,SC,4201950,1.0,0.0,0.0,0.0,0,0
2012,SC,4202057,0.050204918032786885,0.4843384074941452,0.46545667447306793,0.0,0,0
2016,SC,4202057,0.36958723727525955,0.6304127627247404,0.0,0.0,0,0
2012,SC,4202073,0.5315889137545189,0.445859872611465,0.02255121363401618,0.0,0,0
2016,SC,4202073,0.532024950555302,0.46797504944469803,0.0,0.0,0,0
2012,SC,4202081,0.0,0.547923322683706,0.4520766773162939,0.0,0,0
2016,SC,4202081,0.0,0.4575396825396825,0.5424603174603174,0.0,0,0
2012,SC,4202099,0.33295647258338046,0.6670435274166195,0.0,0.0,0,0
2016,SC,4202099,0.6007348438456828,0.3992651561543172,0.0,0.0,0,0
2012,SC,4202107,0.33512162857352834,0.6648783714264717,0.0,0.0,0,0
2016,SC,4202107,1.0,0.0,0.0,0.0,0,0
2012,SC,4202131,0.0,1.0,0.0,0.0,0,0
2016,SC,4202131,0.14063205417607225,0.8593679458239277,0.0,0.0,0,0
2012,SC,4202156,0.5215759849906192,0.47842401500938087,0.0,0.0,0,0
2016,SC,4202156,0.530296329057939,0.46970367094206106,0.0,0.0,0,0
2012,SC,4202206,0.7012604187843058,0.29873958121569427,0.0,0.0,0,0
2016,SC,4202206,0.5329978432782171,0.4670021567217829,0.0,0.0,0,0
2012,SC,4202305,0.5262483248849269,0.4367243488900542,0.03702732622501893,0.0,1,0
2016,SC,4202305,0.47235776717250255,0.4701324467799882,0.05750978604750925,0.0,1,1
2012,SC,4202404,0.3074614642766706,0.3867957566255583,0.3057427790977711,0.0,1,0
2016,SC,4202404,0.3505713764450268,0.5401511507692988,0.1092774727856744,0.0,1,1
2012,SC,4202438,0.0,1.0,0.0,0.0,0,0
2016,SC,4202438,0.0,1.0,0.0,0.0,0,0
2012,SC,4202453,0.0,0.697225030895405,0.302774969104595,0.0,0,0
2016,SC,4202453,0.0,1.0,0.0,0.0,0,0
2012,SC,4202503,0.3562519987208187,0.6437480012791813,0.0,0.0,0,0
2016,SC,4202503,0.6560767590618337,0.3439232409381663,0.0,0.0,0,0
2012,SC,4202537,0.0,1.0,0.0,0.0,0,0
2016,SC,4202537,0.5277407900577008,0.47225920994229914,0.0,0.0,0,0
2012,SC,4202578,0.4626951995373048,0.5373048004626952,0.0,0.0,0,0
2016,SC,4202578,0.5406643757159221,0.45933562428407787,0.0,0.0,0,0
2012,SC,4202602,0.4663958015913323,0.5336041984086677,0.0,0.0,0,0
2016,SC,4202602,0.5528455284552846,0.44715447154471544,0.0,0.0,0,0
2012,SC,4202800,0.4746884938220114,0.5253115061779886,0.0,0.0,0,0
2016,SC,4202800,0.6432917554000609,0.35670824459993916,0.0,0.0,0,0
2012,SC,4202859,0.0,0.49910104279036316,0.5008989572096368,0.0,0,0
2016,SC,4202859,0.35369127516778526,0.6463087248322148,0.0,0.0,0,0
2012,SC,4202875,0.5623807706982068,0.4376192293017932,0.0,0.0,0,0
2016,SC,4202875,0.518918918918919,0.4810810810810811,0.0,0.0,0,0
2012,SC,4203006,0.3480756068025062,0.6519243931974938,0.0,0.0,0,0
2016,SC,4203006,0.0,1.0,0.0,0.0,0,0
2012,SC,4203105,0.0,0.0,1.0,0.0,0,0
2016,SC,4203105,0.0,1.0,0.0,0.0,0,0
2012,SC,4203154,0.0,1.0,0.0,0.0,0,0
2016,SC,4203154,0.5539425932035632,0.4460574067964368,0.0,0.0,0,0
2012,SC,4203253,0.3471798780487805,0.6528201219512195,0.0,0.0,0,0
2016,SC,4203253,1.0,0.0,0.0,0.0,0,0
2012,SC,4203303,0.5469465648854962,0.4530534351145038,0.0,0.0,0,0
2016,SC,4203303,0.5532885565834496,0.4467114434165505,0.0,0.0,0,0
2012,SC,4203402,0.4435483870967742,0.5564516129032258,0.0,0.0,0,0
2016,SC,4203402,0.4778401393458487,0.5221598606541513,0.0,0.0,0,0
2012,SC,4203501,0.29068166169382603,0.0,0.709318338306174,0.0,0,0
2016,SC,4203501,0.5244824186657904,0.4755175813342097,0.0,0.0,0,0
2012,SC,4203600,0.3666102370045808,0.6333897629954193,0.0,0.0,0,0
2016,SC,4203600,0.576962482314485,0.42303751768551495,0.0,0.0,0,0
2012,SC,4203709,0.5102453832532254,0.4897546167467746,0.0,0.0,0,0
2016,SC,4203709,0.0,1.0,0.0,0.0,0,0
2012,SC,4203808,0.0,0.5352068793619142,0.46479312063808575,0.0,0,0
2016,SC,4203808,0.5062102206018662,0.49378977939813384,0.0,0.0,0,0
2012,SC,4203907,0.0,0.4504670035216659,0.5495329964783341,0.0,0,0
2016,SC,4203907,0.4232656450517098,0.5767343549482902,0.0,0.0,0,0
2012,SC,4203956,0.6001407459535538,0.3998592540464462,0.0,0.0,0,0
2016,SC,4203956,0.49640439932318103,0.503595600676819,0.0,0.0,0,0
2012,SC,4204004,0.5156200694225308,0.44793310192489744,0.03644682865257179,0.0,0,0
2016,SC,4204004,0.4494596312778131,0.5505403687221869,0.0,0.0,0,0
2012,SC,4204103,0.0,1.0,0.0,0.0,0,0
2016,SC,4204103,0.0,0.45675740785352925,0.5432425921464707,0.0,0,0
2012,SC,4204152,0.48100664767331436,0.5189933523266856,0.0,0.0,0,0
2016,SC,4204152,0.49551090209491233,0.5044890979050877,0.0,0.0,0,0
2012,SC,4204178,0.44138929088277856,0.5586107091172214,0.0,0.0,0,0
2016,SC,4204178,1.0,0.0,0.0,0.0,0,0
2012,SC,4204194,0.0,0.4939981532779317,0.5060018467220684,0.0,0,0
2016,SC,4204194,0.49411251635412123,0.5058874836458788,0.0,0.0,0,0
2012,SC,4204202,0.5768229408811113,0.0,0.42317705911888864,0.0,0,0
2016,SC,4204202,0.0,0.6174127448141887,0.38258725518581127,0.0,0,0
2012,SC,4204251,0.3487791342952275,0.6512208657047724,0.0,0.0,0,0
2016,SC,4204251,0.635600108371715,0.364399891628285,0.0,0.0,0,0
2012,SC,4204301,0.4372931308093403,0.0,0.5627068691906597,0.0,0,0
2016,SC,4204301,0.19488158042429005,0.4571332360534291,0.34798518352228086,0.0,0,0
2012,SC,4204350,0.40820073439412485,0.5917992656058751,0.0,0.0,0,0
2016,SC,4204350,0.0,1.0,0.0,0.0,0,0
2012,SC,4204400,0.0,0.48883066740209596,0.511169332597904,0.0,0,0
2016,SC,4204400,0.4692144373673036,0.5307855626326964,0.0,0.0,0,0
2012,SC,4204459,0.5585443037974683,0.0,0.44145569620253167,0.0,0,0
2016,SC,4204459,0.28506559031281536,0.2204843592330979,0.4944500504540868,0.0,0,0
2012,SC,4204558,0.3148239471348259,0.44846631817733507,0.23670973468783904,0.0,0,0
2016,SC,4204558,0.5616479251666833,0.43835207483331673,0.0,0.0,0,0
2012,SC,4204608,0.5986264813195429,0.2566414377468866,0.14473208093357054,0.0,0,0
2016,SC,4204608,0.11906090233128161,0.7587320169381465,0.12220708073057189,0.0,0,0
2012,SC,4204707,0.4772727272727273,0.5227272727272727,0.0,0.0,0,0
2016,SC,4204707,0.0,1.0,0.0,0.0,0,0
2012,SC,4204756,0.5037831021437579,0.4962168978562421,0.0,0.0,0,0
2016,SC,4204756,0.0,1.0,0.0,0.0,0,0
2012,SC,4204806,0.38195961891443053,0.6180403810855695,0.0,0.0,0,0
2016,SC,4204806,0.0,0.7445299230692377,0.2554700769307623,0.0,0,0
2012,SC,4204905,0.0,0.5447470817120622,0.45525291828793774,0.0,0,0
2016,SC,4204905,0.48532617809827266,0.0,0.5146738219017273,0.0,0,0
2012,SC,4205001,0.0,0.4645591774228834,0.5354408225771166,0.0,0,0
2016,SC,4205001,0.0,0.568961818961819,0.43103818103818103,0.0,0,0
2012,SC,4205100,0.0,0.4378986866791745,0.5621013133208255,0.0,0,0
2016,SC,4205100,0.4989406779661017,0.5010593220338984,0.0,0.0,0,0
2012,SC,4205159,0.6286503551696921,0.3713496448303078,0.0,0.0,0,0
2016,SC,4205159,0.47720364741641336,0.5227963525835866,0.0,0.0,0,0
2012,SC,4205175,0.4851607584501237,0.5148392415498764,0.0,0.0,0,0
2016,SC,4205175,0.556399544246107,0.4436004557538929,0.0,0.0,0,0
2012,SC,4205191,0.5210526315789473,0.4789473684210526,0.0,0.0,0,0
2016,SC,4205191,0.5017892644135189,0.4982107355864811,0.0,0.0,0,0
2012,SC,4205209,0.47304140601727734,0.5269585939827227,0.0,0.0,0,0
2016,SC,4205209,0.43354249857387334,0.49486594409583573,0.07159155733029093,0.0,0,0
2012,SC,4205308,0.5524777282850779,0.0,0.44752227171492204,0.0,0,0
2016,SC,4205308,0.4731553258685042,0.5268446741314958,0.0,0.0,0,0
2012,SC,4205357,0.7535310734463276,0.2464689265536723,0.0,0.0,0,0
2016,SC,4205357,0.5443675267463813,0.4556324732536186,0.0,0.0,0,0
2012,SC,4205431,0.5633869441816461,0.43661305581835386,0.0,0.0,0,0
2016,SC,4205431,0.0,0.4912037037037037,0.5087962962962963,0.0,0,0
2012,SC,4205456,1.0,0.0,0.0,0.0,0,0
2016,SC,4205456,1.0,0.0,0.0,0.0,0,0
2012,SC,4205506,0.5934503260452627,0.40654967395473723,0.0,0.0,0,0
2016,SC,4205506,0.03502685233591559,0.9649731476640844,0.0,0.0,0,0
2012,SC,4205555,0.38740079365079366,0.6125992063492064,0.0,0.0,0,0
2016,SC,4205555,0.5288932419196866,0.47110675808031344,0.0,0.0,0,0
2012,SC,4205605,0.0,0.5635482668654491,0.4364517331345509,0.0,0,0
2016,SC,4205605,0.8055555555555556,0.19444444444444445,0.0,0.0,0,0
2012,SC,4205704,0.4153676586364352,0.5525901432845222,0.03204219807904267,0.0,0,0
2016,SC,4205704,0.864839111632339,0.13516088836766108,0.0,0.0,0,0
2012,SC,4205902,0.04379193634582269,0.4755952734398195,0.4806127902143578,0.0,0,0
2016,SC,4205902,0.25913733434624797,0.5092991193269745,0.23156354632677753,0.0,0,0
2012,SC,4206108,0.5032307107563664,0.4967692892436336,0.0,0.0,0,0
2016,SC,4206108,0.528424265547501,0.47157573445249906,0.0,0.0,0,0
2012,SC,4206207,0.5386235030925122,0.46137649690748783,0.0,0.0,0,0
2016,SC,4206207,0.0,0.9662001584367573,0.03379984156324267,0.0,0,0
2012,SC,4206405,0.5141559829059829,0.0,0.4858440170940171,0.0,0,0
2016,SC,4206405,0.5622119815668203,0.0,0.4377880184331797,0.0,0,0
2012,SC,4206504,0.528390022675737,0.471609977324263,0.0,0.0,0,0
2016,SC,4206504,0.527720378105078,0.47227962189492195,0.0,0.0,0,0
2012,SC,4206603,0.0,1.0,0.0,0.0,0,0
2016,SC,4206603,0.13352855051244508,0.3856515373352855,0.4808199121522694,0.0,0,0
2012,SC,4206652,0.5784586815227484,0.4215413184772516,0.0,0.0,0,0
2016,SC,4206652,0.22907395634668362,0.6615808433990252,0.10934520025429116,0.0,0,0
2012,SC,4206702,0.6871300652602823,0.3128699347397177,0.0,0.0,0,0
2016,SC,4206702,0.6915619668062665,0.30843803319373353,0.0,0.0,0,0
2012,SC,4206751,0.0,1.0,0.0,0.0,0,0
2016,SC,4206751,0.6773428232502966,0.32265717674970346,0.0,0.0,0,0
2012,SC,4206801,0.0,1.0,0.0,0.0,0,0
2016,SC,4206801,0.0,0.6,0.4,0.0,0,0
2012,SC,4206900,0.4444350473612991,0.5177604871447903,0.03780446549391069,0.0,0,0
2016,SC,4206900,0.39082873895160586,0.6091712610483941,0.0,0.0,0,0
2012,SC,4207007,0.4702247191011236,0.0,0.5297752808988764,0.0,0,0
2016,SC,4207007,0.3402239169235762,0.6162907674833685,0.04348531559305533,0.0,0,0
2012,SC,4207106,0.5062952646239555,0.4937047353760446,0.0,0.0,0,0
2016,SC,4207106,0.3577875491784309,0.6422124508215691,0.0,0.0,0,0
2012,SC,4207205,0.4235363690124187,0.0,0.5764636309875814,0.0,0,0
2016,SC,4207205,1.0,0.0,0.0,0.0,0,0
2012,SC,4207304,0.3537530724144451,0.4622423898657591,0.1840045377197958,0.0,0,0
2016,SC,4207304,0.377581345728873,0.0,0.6224186542711271,0.0,0,0
2012,SC,4207403,0.633059497137167,0.366940502862833,0.0,0.0,0,0
2016,SC,4207403,0.4315002411963338,0.5684997588036662,0.0,0.0,0,0
2012,SC,4207502,0.0,0.6555366376592257,0.34446336234077435,0.0,0,0
2016,SC,4207502,0.16827665566423403,0.7403324955334161,0.09139084880234988,0.0,0,0
2012,SC,4207577,0.4659176029962547,0.5340823970037453,0.0,0.0,0,0
2016,SC,4207577,0.47356233114627555,0.5264376688537244,0.0,0.0,0,0
2012,SC,4207601,0.0,0.0,1.0,0.0,0,0
2016,SC,4207601,0.37819570966794,0.0,0.62180429033206,0.0,0,0
2012,SC,4207650,0.0,0.4516940623951694,0.5483059376048306,0.0,0,0
2016,SC,4207650,0.5796560674886437,0.42034393251135627,0.0,0.0,0,0
2012,SC,4207684,0.5389919163100333,0.0,0.4610080836899667,0.0,0,0
2016,SC,4207684,0.36363636363636365,0.0,0.6363636363636364,0.0,0,0
2012,SC,4207700,0.5337153772683859,0.0,0.46628462273161414,0.0,0,0
2016,SC,4207700,0.2503785011355034,0.46555639666919,0.28406510219530656,0.0,0,0
2012,SC,4207759,0.5164801935288781,0.48351980647112186,0.0,0.0,0,0
2016,SC,4207759,0.0,0.6147149677057007,0.38528503229429933,0.0,0,0
2012,SC,4207809,0.40408805031446543,0.42641509433962266,0.16949685534591194,0.0,0,0
2016,SC,4207809,0.5227272727272727,0.4772727272727273,0.0,0.0,0,0
2012,SC,4207858,0.5473251028806584,0.45267489711934156,0.0,0.0,0,0
2016,SC,4207858,0.0,0.5455555555555556,0.45444444444444443,0.0,0,0
2012,SC,4207908,0.0,0.8689488764892173,0.13105112351078269,0.0,0,0
2016,SC,4207908,0.0,1.0,0.0,0.0,0,0
2012,SC,4208005,0.47317262830482115,0.5268273716951789,0.0,0.0,0,0
2016,SC,4208005,0.1875978090766823,0.8124021909233177,0.0,0.0,0,0
2012,SC,4208104,0.5919540229885057,0.40804597701149425,0.0,0.0,0,0
2016,SC,4208104,0.9339648671019958,0.06603513289800424,0.0,0.0,0,0
2012,SC,4208203,0.6256748415163481,0.19294343578840106,0.18138172269525088,0.0,0,0
2016,SC,4208203,0.27516263015153525,0.7248373698484647,0.0,0.0,0,0
2012,SC,4208302,0.5022686207588838,0.4560530014053403,0.04167837783577595,0.0,0,0
2016,SC,4208302,0.5462795549374131,0.42527816411682895,0.028442280945757997,0.0,0,0
2012,SC,4208401,0.0,0.45350229495110755,0.5464977050488924,0.0,0,0
2016,SC,4208401,0.0,1.0,0.0,0.0,0,0
2012,SC,4208500,0.0,1.0,0.0,0.0,0,0
2016,SC,4208500,0.0,1.0,0.0,0.0,0,0
2012,SC,4208609,0.4452194129613484,0.5547805870386515,0.0,0.0,0,0
2016,SC,4208609,0.39415640217702663,0.6058435978229734,0.0,0.0,0,0
2012,SC,4208708,0.0,0.4925794186189133,0.5074205813810867,0.0,0,0
2016,SC,4208708,0.4826418289585097,0.5173581710414903,0.0,0.0,0,0
2012,SC,4208807,0.5276012044161927,0.4723987955838073,0.0,0.0,0,0
2016,SC,4208807,0.45610043815301654,0.5438995618469835,0.0,0.0,0,0
2012,SC,4208955,0.0,1.0,0.0,0.0,0,0
2016,SC,4208955,1.0,0.0,0.0,0.0,0,0
2012,SC,4209003,0.5640302976924432,0.43596970230755683,0.0,0.0,0,0
2016,SC,4209003,0.2763135326739466,0.7236864673260534,0.0,0.0,0,0
2012,SC,4209102,0.4141662078985384,0.5443708115849646,0.04146298051649703,0.0,1,0
2016,SC,4209102,0.30011538247820646,0.631478824210055,0.06840579331173861,0.0,1,1
2012,SC,4209151,0.5569770901517406,0.4430229098482594,0.0,0.0,0,0
2016,SC,4209151,0.46361406377759606,0.5363859362224039,0.0,0.0,0,0
2012,SC,4209177,0.0,1.0,0.0,0.0,0,0
2016,SC,4209177,0.5602536997885835,0.4397463002114165,0.0,0.0,0,0
2012,SC,4209201,0.0,0.5674246430460074,0.4325753569539926,0.0,0,0
2016,SC,4209201,0.32802547770700635,0.6719745222929936,0.0,0.0,0,0
2012,SC,4209300,0.4929134372550727,0.5070865627449272,0.0,0.0,0,0
2016,SC,4209300,0.7101040856871383,0.2898959143128617,0.0,0.0,0,0
2012,SC,4209409,0.01667947732513451,0.6406225980015373,0.3426979246733282,0.0,0,0
2016,SC,4209409,0.35022556390977444,0.38533834586466165,0.2644360902255639,0.0,0,0
2012,SC,4209458,0.428476821192053,0.571523178807947,0.0,0.0,0,0
2016,SC,4209458,0.5012391573729864,0.0,0.49876084262701365,0.0,0,0
2012,SC,4209508,0.0,1.0,0.0,0.0,0,0
2016,SC,4209508,0.05062748042475598,0.949372519575244,0.0,0.0,0,0
2012,SC,4209607,0.5749178017848755,0.4250821982151245,0.0,0.0,0,0
2016,SC,4209607,0.5173799289852364,0.4826200710147636,0.0,0.0,0,0
2012,SC,4209706,0.0,1.0,0.0,0.0,0,0
2016,SC,4209706,0.0,1.0,0.0,0.0,0,0
2012,SC,4209805,0.0,1.0,0.0,0.0,0,0
2016,SC,4209805,0.9209416725228391,0.07905832747716093,0.0,0.0,0,0
2012,SC,4209854,0.0,0.416796267496112,0.583203732503888,0.0,0,0
2016,SC,4209854,1.0,0.0,0.0,0.0,0,0
2012,SC,4209904,0.5456981244417981,0.45430187555820184,0.0,0.0,0,0
2016,SC,4209904,0.4235393973687933,0.5764606026312067,0.0,0.0,0,0
2012,SC,4210001,0.0,0.640729809498256,0.359270190501744,0.0,0,0
2016,SC,4210001,0.0,1.0,0.0,0.0,0,0
2012,SC,4210035,0.6370248709526044,0.3629751290473956,0.0,0.0,0,0
2016,SC,4210035,0.565962441314554,0.434037558685446,0.0,0.0,0,0
2012,SC,4210050,0.0,1.0,0.0,0.0,0,0
2016,SC,4210050,0.0,1.0,0.0,0.0,0,0
2012,SC,4210100,0.5481847674957516,0.0,0.45181523250424843,0.0,0,0
2016,SC,4210100,0.8819124423963134,0.11808755760368664,0.0,0.0,0,0
2012,SC,4210308,0.0,0.874169597499023,0.12583040250097693,0.0,0,0
2016,SC,4210308,0.00784313725490196,0.9921568627450981,0.0,0.0,0,0
2012,SC,4210407,0.41155234657039713,0.5884476534296029,0.0,0.0,0,0
2016,SC,4210407,0.0,0.8479039770691509,0.15209602293084915,0.0,0,0
2012,SC,4210506,0.0,1.0,0.0,0.0,0,0
2016,SC,4210506,0.4928833945873705,0.5071166054126295,0.0,0.0,0,0
2012,SC,4210555,0.5253793825222397,0.47462061747776035,0.0,0.0,0,0
2016,SC,4210555,0.4438095238095238,0.5561904761904762,0.0,0.0,0,0
2012,SC,4210605,0.4397344713134187,0.5602655286865813,0.0,0.0,0,0
2016,SC,4210605,0.3510224438902743,0.6489775561097257,0.0,0.0,0,0
2012,SC,4210704,0.47343676539727314,0.0,0.5265632346027268,0.0,0,0
2016,SC,4210704,0.4214992927864215,0.0,0.5785007072135785,0.0,0,0
2012,SC,4210803,0.6066693451185214,0.3933306548814785,0.0,0.0,0,0
2016,SC,4210803,0.5574614065180102,0.4425385934819897,0.0,0.0,0,0
2012,SC,4210852,0.0,1.0,0.0,0.0,0,0
2016,SC,4210852,0.48356164383561645,0.5164383561643836,0.0,0.0,0,0
2012,SC,4210902,0.4976010966415353,0.5023989033584647,0.0,0.0,0,0
2016,SC,4210902,0.46151379089159716,0.5384862091084028,0.0,0.0,0,0
2012,SC,4211009,0.48904088294730297,0.510959117052697,0.0,0.0,0,0
2016,SC,4211009,0.627123786407767,0.372876213592233,0.0,0.0,0,0
2012,SC,4211058,0.0,1.0,0.0,0.0,0,0
2016,SC,4211058,0.4628741524723003,0.5371258475276997,0.0,0.0,0,0
2012,SC,4211108,0.0,1.0,0.0,0.0,0,0
2016,SC,4211108,0.44076990376202974,0.5592300962379703,0.0,0.0,0,0
2012,SC,4211207,0.5350682908822444,0.4649317091177556,0.0,0.0,0,0
2016,SC,4211207,1.0,0.0,0.0,0.0,0,0
2012,SC,4211256,0.5991041433370661,0.4008958566629339,0.0,0.0,0,0
2016,SC,4211256,0.6771653543307087,0.3228346456692913,0.0,0.0,0,0
2012,SC,4211306,0.0,0.6380934259347351,0.36190657406526494,0.0,0,0
2016,SC,4211306,0.0,1.0,0.0,0.0,0,0
2012,SC,4211405,0.4756902761104442,0.0,0.5243097238895558,0.0,0,0
2016,SC,4211405,0.45928529584065614,0.5407147041593439,0.0,0.0,0,0
2012,SC,4211454,1.0,0.0,0.0,0.0,0,0
2016,SC,4211454,0.5442139737991266,0.4557860262008734,0.0,0.0,0,0
2012,SC,4211603,0.5400038372985418,0.45999616270145816,0.0,0.0,0,0
2016,SC,4211603,0.4443484935712915,0.5556515064287085,0.0,0.0,0,0
2012,SC,4211652,0.0,0.49221611721611724,0.5077838827838828,0.0,0,0
2016,SC,4211652,0.0,0.5360556038227628,0.4639443961772372,0.0,0,0
2012,SC,4211702,0.959739263803681,0.040260736196319015,0.0,0.0,0,0
2016,SC,4211702,0.4534644555855508,0.5465355444144492,0.0,0.0,0,0
2012,SC,4211751,0.10426409903713893,0.895735900962861,0.0,0.0,0,0
2016,SC,4211751,0.5408340573414422,0.45916594265855776,0.0,0.0,0,0
2012,SC,4211801,0.0,0.422218052167386,0.577781947832614,0.0,0,0
2016,SC,4211801,1.0,0.0,0.0,0.0,0,0
2012,SC,4211850,0.4909957627118644,0.0,0.5090042372881356,0.0,0,0
2016,SC,4211850,0.0,0.5052465897166841,0.4947534102833158,0.0,0,0
2012,SC,4211876,0.5680863827234554,0.4319136172765447,0.0,0.0,0,0
2016,SC,4211876,0.5110481586402267,0.0,0.4889518413597734,0.0,0,0
2012,SC,4211892,0.4228877961555655,0.5771122038444345,0.0,0.0,0,0
2016,SC,4211892,0.4794759825327511,0.5205240174672489,0.0,0.0,0,0
2012,SC,4211900,0.5826408569095538,0.41735914309044625,0.0,0.0,1,0
2016,SC,4211900,0.7296219237445677,0.2230785330001108,0.047299543255321506,0.0,1,1
2012,SC,4212007,0.6570057965220868,0.34299420347791326,0.0,0.0,0,0
2016,SC,4212007,0.4734585545120457,0.5265414454879542,0.0,0.0,0,0
2012,SC,4212056,0.42890173410404625,0.5710982658959538,0.0,0.0,0,0
2016,SC,4212056,0.5718654434250765,0.42813455657492355,0.0,0.0,0,0
2012,SC,4212106,0.5251627096892474,0.4748372903107526,0.0,0.0,0,0
2016,SC,4212106,0.33872656324355194,0.570476824973827,0.0907966117826211,0.0,0,0
2012,SC,4212205,0.48574506878833085,0.5142549312116692,0.0,0.0,0,0
2016,SC,4212205,0.6835212201591512,0.3164787798408488,0.0,0.0,0,0
2012,SC,4212239,0.0,1.0,0.0,0.0,0,0
2016,SC,4212239,0.36735941320293397,0.2139364303178484,0.4187041564792176,0.0,0,0
2012,SC,4212254,0.5410628019323671,0.45893719806763283,0.0,0.0,0,0
2016,SC,4212254,0.41060419235511714,0.5893958076448829,0.0,0.0,0,0
2012,SC,4212270,0.0,1.0,0.0,0.0,0,0
2016,SC,4212270,0.5011185682326622,0.4988814317673378,0.0,0.0,0,0
2012,SC,4212403,0.4841692350798543,0.5158307649201457,0.0,0.0,0,0
2016,SC,4212403,1.0,0.0,0.0,0.0,0,0
2012,SC,4212502,0.0,1.0,0.0,0.0,0,0
2016,SC,4212502,0.3848775952897428,0.6151224047102573,0.0,0.0,0,0
2012,SC,4212601,1.0,0.0,0.0,0.0,0,0
2016,SC,4212601,1.0,0.0,0.0,0.0,0,0
2012,SC,4212650,0.0,1.0,0.0,0.0,0,0
2016,SC,4212650,0.18351715686274508,0.8164828431372549,0.0,0.0,0,0
2012,SC,4212700,0.5200709691727656,0.4799290308272344,0.0,0.0,0,0
2016,SC,4212700,0.5424698157170091,0.4575301842829909,0.0,0.0,0,0
2012,SC,4212809,0.4262052647145815,0.5737947352854185,0.0,0.0,0,0
2016,SC,4212809,0.35997411422099984,0.6400258857790002,0.0,0.0,0,0
2012,SC,4212908,0.4397756609988427,0.0,0.5602243390011573,0.0,0,0
2016,SC,4212908,0.023348956114188326,0.9766510438858117,0.0,0.0,0,0
2012,SC,4213005,1.0,0.0,0.0,0.0,0,0
2016,SC,4213005,0.0,1.0,0.0,0.0,0,0
2012,SC,4213104,0.0,0.5073568050446663,0.4926431949553337,0.0,0,0
2016,SC,4213104,0.5074424898511503,0.4925575101488498,0.0,0.0,0,0
2012,SC,4213153,0.45020984357115607,0.549790156428844,0.0,0.0,0,0
2016,SC,4213153,1.0,0.0,0.0,0.0,0,0
2012,SC,4213203,0.4626233346340376,0.47271308322648975,0.06466358213947265,0.0,0,0
2016,SC,4213203,0.6825650387950707,0.31743496120492926,0.0,0.0,0,0
2012,SC,4213302,1.0,0.0,0.0,0.0,0,0
2016,SC,4213302,0.22440717177559283,0.4236552920763447,0.35193753614806245,0.0,0,0
2012,SC,4213351,0.5178723404255319,0.48212765957446807,0.0,0.0,0,0
2016,SC,4213351,0.0,1.0,0.0,0.0,0,0
2012,SC,4213401,0.6578800298062594,0.3421199701937407,0.0,0.0,0,0
2016,SC,4213401,0.0,1.0,0.0,0.0,0,0
2012,SC,4213500,0.46646845061116615,0.0,0.5335315493888338,0.0,0,0
2016,SC,4213500,0.0,0.5838050950262839,0.41619490497371614,0.0,0,0
2012,SC,4213609,0.10105860526028593,0.38240750845792865,0.5165338862817854,0.0,0,0
2016,SC,4213609,0.0,0.9452498539642079,0.05475014603579204,0.0,0,0
2012,SC,4213708,0.6153846153846154,0.38461538461538464,0.0,0.0,0,0
2016,SC,4213708,0.0,1.0,0.0,0.0,0,0
2012,SC,4213807,0.0,0.5239679123459206,0.47603208765407945,0.0,0,0
2016,SC,4213807,0.0,1.0,0.0,0.0,0,0
2012,SC,4213906,0.2573426573426573,0.7426573426573426,0.0,0.0,0,0
2016,SC,4213906,0.4816484224082421,0.5183515775917579,0.0,0.0,0,0
2012,SC,4214003,0.6546140856263037,0.34538591437369626,0.0,0.0,0,0
2016,SC,4214003,0.48517110266159696,0.5148288973384031,0.0,0.0,0,0
2012,SC,4214102,0.0,0.3425751879699248,0.6574248120300752,0.0,0,0
2016,SC,4214102,0.5619794218520333,0.4380205781479667,0.0,0.0,0,0
2012,SC,4214151,0.0,0.4409660107334526,0.5590339892665475,0.0,0,0
2016,SC,4214151,0.4924209614551754,0.5075790385448246,0.0,0.0,0,0
2012,SC,4214201,0.3308342420937841,0.18306979280261723,0.4860959651035987,0.0,0,0
2016,SC,4214201,0.3628559749284644,0.6371440250715357,0.0,0.0,0,0
2012,SC,4214409,0.0,1.0,0.0,0.0,0,0
2016,SC,4214409,0.0,1.0,0.0,0.0,0,0
2012,SC,4214508,0.4391080617495712,0.0,0.5608919382504288,0.0,0,0
2016,SC,4214508,0.48222698072805137,0.0,0.5177730192719486,0.0,0,0
2012,SC,4214607,0.4877406281661601,0.51225937183384,0.0,0.0,0,0
2016,SC,4214607,0.0,1.0,0.0,0.0,0,0
2012,SC,4214706,0.48934707903780067,0.3905154639175258,0.12013745704467355,0.0,0,0
2016,SC,4214706,0.5078563411896745,0.49214365881032546,0.0,0.0,0,0
2012,SC,4214805,0.45986124876114964,0.5401387512388504,0.0,0.0,0,0
2016,SC,4214805,0.0,0.8762589129650695,0.1237410870349305,0.0,0,0
2012,SC,4214904,0.4782934131736527,0.5217065868263473,0.0,0.0,0,0
2016,SC,4214904,0.569420886842743,0.4305791131572571,0.0,0.0,0,0
2012,SC,4215000,0.40043151670129457,0.5995684832987055,0.0,0.0,0,0
2016,SC,4215000,0.0,1.0,0.0,0.0,0,0
2012,SC,4215059,0.0,1.0,0.0,0.0,0,0
2016,SC,4215059,0.0,1.0,0.0,0.0,0,0
2012,SC,4215075,0.0,1.0,0.0,0.0,0,0
2016,SC,4215075,0.5038716814159292,0.4961283185840708,0.0,0.0,0,0
2012,SC,4215109,0.15283093572654086,0.3024943909198891,0.54467467335357,0.0,0,0
2016,SC,4215109,0.0,0.3885024281401759,0.6114975718598241,0.0,0,0
2012,SC,4215208,0.5362742492692001,0.0,0.4637257507307999,0.0,0,0
2016,SC,4215208,0.14707490431930018,0.8529250956806999,0.0,0.0,0,0
2012,SC,4215307,0.5008412787436904,0.4991587212563096,0.0,0.0,0,0
2016,SC,4215307,0.47276119402985073,0.5272388059701493,0.0,0.0,0,0
2012,SC,4215356,0.4594412655671491,0.0,0.5405587344328509,0.0,0,0
2016,SC,4215356,0.0,1.0,0.0,0.0,0,0
2012,SC,4215406,1.0,0.0,0.0,0.0,0,0
2016,SC,4215406,0.0,1.0,0.0,0.0,0,0
2012,SC,4215455,0.5185762904140669,0.48142370958593306,0.0,0.0,0,0
2016,SC,4215455,0.349146110056926,0.650853889943074,0.0,0.0,0,0
2012,SC,4215505,0.0,1.0,0.0,0.0,0,0
2016,SC,4215505,0.3883504746835443,0.6116495253164557,0.0,0.0,0,0
2012,SC,4215554,0.0,0.5636192271442035,0.4363807728557964,0.0,0,0
2016,SC,4215554,1.0,0.0,0.0,0.0,0,0
2012,SC,4215604,0.463519313304721,0.5364806866952789,0.0,0.0,0,0
2016,SC,4215604,0.0,0.4849445324881141,0.5150554675118859,0.0,0,0
2012,SC,4215653,0.546105334924152,0.45389466507584797,0.0,0.0,0,0
2016,SC,4215653,0.605406296357343,0.394593703642657,0.0,0.0,0,0
2012,SC,4215679,0.3372800526229239,0.6627199473770762,0.0,0.0,0,0
2016,SC,4215679,0.5486158001350439,0.4513841998649561,0.0,0.0,0,0
2012,SC,4215687,0.0,0.4289556252801434,0.5710443747198566,0.0,0,0
2016,SC,4215687,0.4230430958663149,0.3940193491644679,0.18293755496921724,0.0,0,0
2012,SC,4215695,0.0,0.49606299212598426,0.5039370078740157,0.0,0,0
2016,SC,4215695,0.38051209103840683,0.6194879089615932,0.0,0.0,0,0
2012,SC,4215703,0.5254302397049785,0.4745697602950215,0.0,0.0,1,0
2016,SC,4215703,0.31219343696027635,0.6572711571675303,0.030535405872193437,0.0,1,1
2012,SC,4215752,1.0,0.0,0.0,0.0,0,0
2016,SC,4215752,0.35782747603833864,0.31081697854860796,0.3313555454130534,0.0,0,0
2012,SC,4215802,0.5234996684350133,0.47382708885941643,0.0026732427055702916,0.0,0,0
2016,SC,4215802,0.37938283023627345,0.6206171697637266,0.0,0.0,0,0
2012,SC,4216008,0.49314664701547534,0.5068533529845247,0.0,0.0,0,0
2016,SC,4216008,0.5888712700014416,0.41112872999855843,0.0,0.0,0,0
2012,SC,4216057,1.0,0.0,0.0,0.0,0,0
2016,SC,4216057,0.3557628247834777,0.6442371752165224,0.0,0.0,0,0
2012,SC,4216107,0.4161662067846129,0.0,0.5838337932153871,0.0,0,0
2016,SC,4216107,0.430860164877897,0.135479856898429,0.43365997822367397,0.0,0,0
2012,SC,4216255,0.0,0.4071269487750557,0.5928730512249443,0.0,0,0
2016,SC,4216255,0.46462585034013604,0.535374149659864,0.0,0.0,0,0
2012,SC,4216354,0.52506221116246,0.47493778883754,0.0,0.0,0,0
2016,SC,4216354,0.4808176100628931,0.519182389937107,0.0,0.0,0,0
2012,SC,4216404,0.0,1.0,0.0,0.0,0,0
2016,SC,4216404,0.7354242832403309,0.26457571675966907,0.0,0.0,0,0
2012,SC,4216503,0.18976503385105536,0.8102349661489446,0.0,0.0,0,0
2016,SC,4216503,0.0,1.0,0.0,0.0,0,0
2012,SC,4216602,0.6119313848896076,0.35086687676292505,0.03720173834746736,0.0,1,0
2016,SC,4216602,0.391407271313995,0.5195738967600607,0.08901883192594424,0.0,1,1
2012,SC,4216701,1.0,0.0,0.0,0.0,0,0
2016,SC,4216701,0.5759991382096306,0.4240008617903695,0.0,0.0,0,0
2012,SC,4216800,1.0,0.0,0.0,0.0,0,0
2016,SC,4216800,0.5424354243542435,0.4575645756457565,0.0,0.0,0,0
2012,SC,4216909,0.0,0.46768246016837123,0.5323175398316288,0.0,0,0
2016,SC,4216909,0.0,0.7411973030034734,0.2588026969965266,0.0,0,0
2012,SC,4217006,0.33722046920016463,0.6627795307998353,0.0,0.0,0,0
2016,SC,4217006,0.2183861902850261,0.7816138097149739,0.0,0.0,0,0
2012,SC,4217105,1.0,0.0,0.0,0.0,0,0
2016,SC,4217105,0.47484909456740443,0.5251509054325956,0.0,0.0,0,0
2012,SC,4217154,0.0,1.0,0.0,0.0,0,0
2016,SC,4217154,0.33997509339975096,0.660024906600249,0.0,0.0,0,0
2012,SC,4217204,0.0,0.596518564687027,0.40348143531297304,0.0,0,0
2016,SC,4217204,0.322500585343011,0.677499414656989,0.0,0.0,0,0
2012,SC,4217303,0.0,0.4392071172155455,0.5607928827844545,0.0,0,0
2016,SC,4217303,0.4804371930936163,0.0,0.5195628069063837,0.0,0,0
2012,SC,4217402,0.0,1.0,0.0,0.0,0,0
2016,SC,4217402,0.1307104232705575,0.8692895767294425,0.0,0.0,0,0
2012,SC,4217501,0.496133154001345,0.503866845998655,0.0,0.0,0,0
2016,SC,4217501,0.565871591006241,0.4341284089937591,0.0,0.0,0,0
2012,SC,4217550,0.5537392725786677,0.44626072742133227,0.0,0.0,0,0
2016,SC,4217550,1.0,0.0,0.0,0.0,0,0
2012,SC,4217600,0.3915104276385085,0.6084895723614915,0.0,0.0,0,0
2016,SC,4217600,0.5307901907356948,0.46920980926430517,0.0,0.0,0,0
2012,SC,4217709,0.47050938337801607,0.5294906166219839,0.0,0.0,0,0
2016,SC,4217709,0.4452665307311389,0.554733469268861,0.0,0.0,0,0
2012,SC,4217758,0.0,1.0,0.0,0.0,0,0
2016,SC,4217758,0.0,1.0,0.0,0.0,0,0
2012,SC,4217808,0.4865713289152424,0.5134286710847575,0.0,0.0,0,0
2016,SC,4217808,0.47588085405500397,0.5241191459449961,0.0,0.0,0,0
2012,SC,4217907,0.6656062212796041,0.3343937787203959,0.0,0.0,0,0
2016,SC,4217907,0.4291379310344828,0.5708620689655173,0.0,0.0,0,0
2012,SC,4217956,0.507168458781362,0.492831541218638,0.0,0.0,0,0
2016,SC,4217956,0.0,1.0,0.0,0.0,0,0
2012,SC,4218004,0.0,0.5287737270262127,0.4712262729737873,0.0,0,0
2016,SC,4218004,0.5735134602110246,0.42648653978897544,0.0,0.0,0,0
2012,SC,4218103,0.0,1.0,0.0,0.0,0,0
2016,SC,4218103,0.5604137282557593,0.4395862717442407,0.0,0.0,0,0
2012,SC,4218202,0.9742547987231044,0.02574520127689565,0.0,0.0,0,0
2016,SC,4218202,0.5683585023679742,0.43164149763202575,0.0,0.0,0,0
2012,SC,4218251,0.1059878990194033,0.42603797204256205,0.46797412893803464,0.0,0,0
2016,SC,4218251,0.0,0.6973058637083994,0.30269413629160064,0.0,0,0
2012,SC,4218301,0.8787444097544511,0.1212555902455489,0.0,0.0,0,0
2016,SC,4218301,1.0,0.0,0.0,0.0,0,0
2012,SC,4218350,0.4925544100801833,0.5074455899198167,0.0,0.0,0,0
2016,SC,4218350,0.518970893970894,0.48102910602910603,0.0,0.0,0,0
2012,SC,4218400,1.0,0.0,0.0,0.0,0,0
2016,SC,4218400,0.7608774474256708,0.0,0.2391225525743292,0.0,0,0
2012,SC,4218509,0.0,1.0,0.0,0.0,0,0
2016,SC,4218509,0.5574760516451479,0.44252394835485215,0.0,0.0,0,0
2012,SC,4218608,0.5514322916666666,0.0,0.4485677083333333,0.0,0,0
2016,SC,4218608,0.4856454087223318,0.5143545912776682,0.0,0.0,0,0
2012,SC,4218707,0.133572693128609,0.42100299475504227,0.4454243121163487,0.0,0,0
2016,SC,4218707,0.5255305378614981,0.2713151888816977,0.20315427325680416,0.0,0,0
2012,SC,4218756,0.5163170163170163,0.0,0.4836829836829837,0.0,0,0
2016,SC,4218756,0.4281922736655854,0.0,0.5718077263344147,0.0,0,0
2012,SC,4218806,0.34069185252617207,0.6593081474738279,0.0,0.0,0,0
2016,SC,4218806,0.46051758460517583,0.5394824153948241,0.0,0.0,0,0
2012,SC,4218855,0.4735952682720744,0.5264047317279257,0.0,0.0,0,0
2016,SC,4218855,0.4561844863731656,0.0,0.5438155136268343,0.0,0,0
2012,SC,4218905,0.41971958389868835,0.5802804161013116,0.0,0.0,0,0
2016,SC,4218905,0.42402717726991973,0.5759728227300803,0.0,0.0,0,0
2012,SC,4218954,0.40311587147030187,0.5968841285296982,0.0,0.0,0,0
2016,SC,4218954,0.6133333333333333,0.38666666666666666,0.0,0.0,0,0
2012,SC,4219002,0.4723535310127489,0.5276464689872511,0.0,0.0,0,0
2016,SC,4219002,0.569152419061477,0.4308475809385231,0.0,0.0,0,0
2012,SC,4219101,0.0,1.0,0.0,0.0,0,0
2016,SC,4219101,1.0,0.0,0.0,0.0,0,0
2012,SC,4219150,0.5869056897895557,0.4130943102104443,0.0,0.0,0,0
2016,SC,4219150,1.0,0.0,0.0,0.0,0,0
2012,SC,4219176,0.48622589531680444,0.5137741046831956,0.0,0.0,0,0
2016,SC,4219176,0.43069675179766925,0.5693032482023308,0.0,0.0,0,0
2012,SC,4219200,0.4956798544793088,0.5043201455206913,0.0,0.0,0,0
2016,SC,4219200,0.7419014456051493,0.2580985543948507,0.0,0.0,0,0
2012,SC,4219309,0.29360538342509623,0.7063946165749038,0.0,0.0,0,0
2016,SC,4219309,1.0,0.0,0.0,0.0,0,0
2012,SC,4219358,0.0,0.5451837140019861,0.4548162859980139,0.0,0,0
2016,SC,4219358,0.5057324840764331,0.4942675159235669,0.0,0.0,0,0
2012,SC,4219408,0.5236314178850731,0.4763685821149269,0.0,0.0,0,0
2016,SC,4219408,0.5514485514485514,0.4485514485514486,0.0,0.0,0,0
2012,SC,4219507,0.5374511218252914,0.46254887817470863,0.0,0.0,0,0
2016,SC,4219507,0.3896246806838279,0.3886814698369031,0.221693849479269,0.0,0,0
2012,SC,4219606,0.4866898148148148,0.0,0.5133101851851852,0.0,0,0
2016,SC,4219606,0.0,1.0,0.0,0.0,0,0
2012,SC,4219705,0.39653028933092227,0.6034697106690777,0.0,0.0,0,0
2016,SC,4219705,0.6674599489203622,0.3325400510796378,0.0,0.0,0,0
2012,SC,4219853,0.5155179363160016,0.4844820636839984,0.0,0.0,0,0
2016,SC,4219853,0.3904302372336148,0.6095697627663852,0.0,0.0,0,0
2012,SC,4220000,0.0,0.6520821495251238,0.3479178504748762,0.0,0,0
2016,SC,4220000,0.0,0.5810825708301179,0.41891742916988206,0.0,0,0
2012,RS,4300034,0.0,1.0,0.0,0.0,1,0
2016,RS,4300034,0.24922600619195046,0.6972136222910217,0.05356037151702786,0.0,1,1
2012,RS,4300059,0.4441696113074205,0.5558303886925795,0.0,0.0,1,0
2016,RS,4300059,0.0,1.0,0.0,0.0,1,1
2012,RS,4300455,1.0,0.0,0.0,0.0,1,0
2016,RS,4300455,1.0,0.0,0.0,0.0,1,1
2012,RS,4300505,0.4220723058294413,0.5779276941705588,0.0,0.0,1,0
2016,RS,4300505,0.09785535233497354,0.9021446476650264,0.0,0.0,1,1
2012,RS,4300604,0.03153093533969314,0.471314688304945,0.4971543763553619,0.0,1,0
2016,RS,4300604,0.1983862371562078,0.5688204162070376,0.23279334663675463,0.0,1,1
2012,RS,4300638,0.0,1.0,0.0,0.0,1,0
2016,RS,4300638,0.4166465621230398,0.5833534378769601,0.0,0.0,1,1
2012,RS,4300646,0.0,0.0,1.0,0.0,1,0
2016,RS,4300646,0.4184474487570868,0.5815525512429132,0.0,0.0,1,1
2012,RS,4300703,0.531809759110562,0.46819024088943795,0.0,0.0,1,0
2016,RS,4300703,0.0,1.0,0.0,0.0,1,1
2012,RS,4300901,0.0,0.5094860932031682,0.4905139067968318,0.0,1,0
2016,RS,4300901,0.0,0.5073891625615764,0.49261083743842365,0.0,1,1
2012,RS,4301008,0.40953215093788775,0.5904678490621122,0.0,0.0,1,0
2016,RS,4301008,0.4680320046979373,0.5319679953020627,0.0,0.0,1,1
2012,RS,4301057,0.23055162659123055,0.7694483734087695,0.0,0.0,1,0
2016,RS,4301057,0.0,0.9633917929507918,0.03660820704920824,0.0,1,1
2012,RS,4301107,0.0,1.0,0.0,0.0,1,0
2016,RS,4301107,0.23016258189759767,0.745692793011405,0.02414462509099733,0.0,1,1
2012,RS,4301404,0.0,1.0,0.0,0.0,1,0
2016,RS,4301404,0.3337449285588287,0.6662550714411712,0.0,0.0,1,1
2012,RS,4301552,0.0,0.4678834678834679,0.5321165321165321,0.0,1,0
2016,RS,4301552,0.5550256786500367,0.0,0.44497432134996334,0.0,1,1
2012,RS,4301636,0.0,1.0,0.0,0.0,1,0
2016,RS,4301636,0.0,1.0,0.0,0.0,1,1
2012,RS,4301651,0.5850673194614443,0.0,0.4149326805385557,0.0,1,0
2016,RS,4301651,0.4892485549132948,0.5107514450867052,0.0,0.0,1,1
2012,RS,4301800,0.5170824295010846,0.4829175704989154,0.0,0.0,1,0
2016,RS,4301800,0.44950026301946344,0.5504997369805366,0.0,0.0,1,1
2012,RS,4301909,0.3061023622047244,0.5669291338582677,0.12696850393700787,0.0,1,0
2016,RS,4301909,0.46077405857740583,0.4905857740585774,0.04864016736401674,0.0,1,1
2012,RS,4302006,0.0,1.0,0.0,0.0,1,0
2016,RS,4302006,0.0,1.0,0.0,0.0,1,1
2012,RS,4302204,0.0,0.4222351346116599,0.5777648653883402,0.0,1,0
2016,RS,4302204,0.0,0.47100690810131884,0.5289930918986812,0.0,1,1
2012,RS,4302220,0.45174752217005737,0.5482524778299426,0.0,0.0,1,0
2016,RS,4302220,0.43442169341449915,0.5655783065855008,0.0,0.0,1,1
2012,RS,4302238,0.569835111542192,0.4301648884578079,0.0,0.0,1,0
2016,RS,4302238,0.5301701908200103,0.4698298091799897,0.0,0.0,1,1
2012,RS,4302303,0.5473267326732674,0.4526732673267327,0.0,0.0,1,0
2016,RS,4302303,0.5250905328504915,0.47490946714950855,0.0,0.0,1,1
2012,RS,4302402,0.0,1.0,0.0,0.0,1,0
2016,RS,4302402,0.0,1.0,0.0,0.0,1,1
2012,RS,4302451,0.0,1.0,0.0,0.0,1,0
2016,RS,4302451,0.0,1.0,0.0,0.0,1,1
2012,RS,4302501,0.5276949296974861,0.0,0.47230507030251384,0.0,1,0
2016,RS,4302501,0.4800676491906258,0.5199323508093743,0.0,0.0,1,1
2012,RS,4302600,0.40502183406113534,0.5949781659388647,0.0,0.0,1,0
2016,RS,4302600,0.42514285714285716,0.5748571428571428,0.0,0.0,1,1
2012,RS,4302659,0.0,0.5367137711277362,0.4632862288722638,0.0,1,0
2016,RS,4302659,0.6349583828775267,0.36504161712247324,0.0,0.0,1,1
2012,RS,4303103,0.006370816424488371,0.744134630769007,0.24949455280650462,0.0,0,0
2016,RS,4303103,0.017397297115578567,0.7927284340751698,0.18987426880925165,0.0,0,0
2012,RS,4303202,0.0,1.0,0.0,0.0,1,0
2016,RS,4303202,1.0,0.0,0.0,0.0,1,1
2012,RS,4303301,0.4628555647611157,0.5371444352388843,0.0,0.0,1,0
2016,RS,4303301,0.4051580698835274,0.5948419301164726,0.0,0.0,1,1
2012,RS,4303400,0.0,1.0,0.0,0.0,1,0
2016,RS,4303400,0.10170394036208733,0.8982960596379127,0.0,0.0,1,1
2012,RS,4303558,0.0,0.4796269023073147,0.5203730976926854,0.0,1,0
2016,RS,4303558,0.5169651272384543,0.4830348727615457,0.0,0.0,1,1
2012,RS,4303608,0.4963655244029076,0.46417445482866043,0.03946002076843198,0.0,1,0
2016,RS,4303608,0.47530161620760303,0.524698383792397,0.0,0.0,1,1
2012,RS,4303673,0.4090534979423868,0.5909465020576131,0.0,0.0,1,0
2016,RS,4303673,0.5809273840769904,0.41907261592300965,0.0,0.0,1,1
2012,RS,4303806,0.45534678728833217,0.5446532127116678,0.0,0.0,1,0
2016,RS,4303806,0.5457594633445136,0.45424053665548636,0.0,0.0,1,1
2012,RS,4304309,0.5349763033175355,0.46502369668246446,0.0,0.0,1,0
2016,RS,4304309,0.4838584208479191,0.5161415791520809,0.0,0.0,1,1
2012,RS,4304408,0.5015750642460416,0.4984249357539584,0.0,0.0,0,0
2016,RS,4304408,0.2856136278857711,0.7143863721142288,0.0,0.0,0,0
2012,RS,4304689,0.44801699716713883,0.5519830028328612,0.0,0.0,1,0
2016,RS,4304689,0.7521731999343939,0.24782680006560603,0.0,0.0,1,1
2012,RS,4304713,0.4909090909090909,0.4608391608391608,0.04825174825174825,0.0,1,0
2016,RS,4304713,0.481959244718639,0.518040755281361,0.0,0.0,1,1
2012,RS,4304952,0.5049301561216105,0.0,0.4950698438783895,0.0,1,0
2016,RS,4304952,0.4997992773986351,0.5002007226013649,0.0,0.0,1,1
2012,RS,4305108,0.0377684758345769,0.57234246854359,0.38988905562183307,0.0,1,0
2016,RS,4305108,0.29105385097858505,0.44112915957315174,0.2678169894482632,0.0,1,1
2012,RS,4305124,0.6962930847604596,0.3037069152395404,0.0,0.0,1,0
2016,RS,4305124,0.56760231412042,0.43239768587958005,0.0,0.0,1,1
2012,RS,4305173,0.0,1.0,0.0,0.0,1,0
2016,RS,4305173,0.0,0.8839946200403497,0.11600537995965031,0.0,1,1
2012,RS,4305207,0.4731319188191882,0.5268680811808119,0.0,0.0,1,0
2016,RS,4305207,0.4328376858677996,0.36511308259402725,0.2020492315381732,0.0,1,1
2012,RS,4305306,0.4924965893587995,0.5075034106412005,0.0,0.0,1,0
2016,RS,4305306,0.49415375621163404,0.505846243788366,0.0,0.0,1,1
2012,RS,4305371,0.0,1.0,0.0,0.0,1,0
2016,RS,4305371,0.6982885085574572,0.3017114914425428,0.0,0.0,1,1
2012,RS,4305439,1.0,0.0,0.0,0.0,1,0
2016,RS,4305439,0.7622492601118054,0.23775073988819467,0.0,0.0,1,1
2012,RS,4306502,0.0,0.7679178983769313,0.23208210162306878,0.0,1,0
2016,RS,4306502,0.0,0.4907050745268799,0.50929492547312,0.0,1,1
2012,RS,4306767,0.05058038762540049,0.9494196123745995,0.0,0.0,0,0
2016,RS,4306767,0.15549910024346353,0.8445008997565364,0.0,0.0,0,0
2012,RS,4306932,0.2554182051693691,0.7445817948306309,0.0,0.0,1,0
2016,RS,4306932,1.0,0.0,0.0,0.0,1,1
2012,RS,4307104,0.5861690450054885,0.4138309549945115,0.0,0.0,1,0
2016,RS,4307104,0.0,1.0,0.0,0.0,1,1
2012,RS,4307203,0.0,1.0,0.0,0.0,1,0
2016,RS,4307203,0.0,1.0,0.0,0.0,1,1
2012,RS,4307302,0.0,0.4170606776989756,0.5829393223010244,0.0,1,0
2016,RS,4307302,0.0,1.0,0.0,0.0,1,1
2012,RS,4307401,0.24018379281537175,0.3817878028404344,0.3780284043441938,0.0,1,0
2016,RS,4307401,0.0,1.0,0.0,0.0,1,1
2012,RS,4307500,0.5627440044617958,0.4372559955382041,0.0,0.0,1,0
2016,RS,4307500,0.3384615384615385,0.6615384615384615,0.0,0.0,1,1
2012,RS,4307559,0.0,1.0,0.0,0.0,1,0
2016,RS,4307559,0.3462268628381585,0.6537731371618415,0.0,0.0,1,1
2012,RS,4308003,0.36688548504741064,0.0,0.6331145149525893,0.0,1,0
2016,RS,4308003,0.5381184964960714,0.0,0.46188150350392865,0.0,1,1
2012,RS,4308102,0.0,0.5474023090586145,0.4525976909413854,0.0,1,0
2016,RS,4308102,0.2980804056501268,0.7019195943498733,0.0,0.0,1,1
2012,RS,4309001,0.4143222506393862,0.5856777493606138,0.0,0.0,1,0
2016,RS,4309001,0.5265580410567983,0.0,0.4734419589432017,0.0,1,1
2012,RS,4309159,0.0,0.49272727272727274,0.5072727272727273,0.0,1,0
2016,RS,4309159,0.5169275573352748,0.48307244266472515,0.0,0.0,1,1
2012,RS,4309308,0.0,0.9228136389706019,0.07718636102939816,0.0,0,0
2016,RS,4309308,0.44312573443008224,0.5568742655699177,0.0,0.0,0,0
2012,RS,4309654,0.4140979689366786,0.0,0.5859020310633214,0.0,1,0
2016,RS,4309654,0.5523439397619626,0.1583677435025504,0.289288316735487,0.0,1,1
2012,RS,4309704,0.617678381256656,0.38232161874334397,0.0,0.0,1,0
2016,RS,4309704,0.5268465521940583,0.47315344780594165,0.0,0.0,1,1
2012,RS,4309902,0.0,1.0,0.0,0.0,1,0
2016,RS,4309902,0.0,1.0,0.0,0.0,1,1
2012,RS,4310306,0.0,0.9657679491063315,0.034232050893668584,0.0,1,0
2016,RS,4310306,0.0,1.0,0.0,0.0,1,1
2012,RS,4310439,0.40311488673139156,0.36003236245954695,0.23685275080906149,0.0,1,0
2016,RS,4310439,0.5337539432176656,0.4662460567823344,0.0,0.0,1,1
2012,RS,4311007,0.0,0.4517983923018248,0.5482016076981752,0.0,0,0
2016,RS,4311007,0.0,0.6832470414201184,0.31675295857988167,0.0,0,0
2012,RS,4311155,1.0,0.0,0.0,0.0,1,0
2016,RS,4311155,1.0,0.0,0.0,0.0,1,1
2012,RS,4311239,0.0,1.0,0.0,0.0,1,0
2016,RS,4311239,0.0,0.5534861509073543,0.44651384909264563,0.0,1,1
2012,RS,4311429,0.43664289632473946,0.5633571036752606,0.0,0.0,1,0
2016,RS,4311429,0.5614140203714799,0.4385859796285201,0.0,0.0,1,1
2012,RS,4311502,0.6691315889268108,0.3308684110731892,0.0,0.0,1,0
2016,RS,4311502,0.0,1.0,0.0,0.0,1,1
2012,RS,4311601,0.48904933814681106,0.5109506618531889,0.0,0.0,1,0
2016,RS,4311601,0.0,1.0,0.0,0.0,1,1
2012,RS,4311627,0.0,0.6317427385892116,0.3682572614107884,0.0,1,0
2016,RS,4311627,0.6190599844196313,0.3809400155803687,0.0,0.0,1,1
2012,RS,4311734,0.0,1.0,0.0,0.0,1,0
2016,RS,4311734,0.0,0.4343152866242038,0.5656847133757962,0.0,1,1
2012,RS,4311759,0.5429638854296388,0.45703611457036114,0.0,0.0,1,0
2016,RS,4311759,0.46581841708000865,0.5341815829199914,0.0,0.0,1,1
2012,RS,4311775,0.537044220325834,0.41194724592707527,0.051008533747090766,0.0,1,0
2016,RS,4311775,0.40380243852035547,0.5961975614796445,0.0,0.0,1,1
2012,RS,4311908,0.0,0.40799790904338734,0.5920020909566126,0.0,1,0
2016,RS,4311908,0.0,0.4571256038647343,0.5428743961352657,0.0,1,1
2012,RS,4312104,0.45242613174301977,0.5475738682569802,0.0,0.0,1,0
2016,RS,4312104,0.49032800672834315,0.5096719932716569,0.0,0.0,1,1
2012,RS,4312203,0.5564979123173278,0.44350208768267224,0.0,0.0,1,0
2016,RS,4312203,0.0,0.5757746478873239,0.42422535211267604,0.0,1,1
2012,RS,4312252,0.6037201062887511,0.3962798937112489,0.0,0.0,1,0
2016,RS,4312252,0.715633423180593,0.284366576819407,0.0,0.0,1,1
2012,RS,4312302,0.0,1.0,0.0,0.0,1,0
2016,RS,4312302,0.3833810888252149,0.6166189111747851,0.0,0.0,1,1
2012,RS,4312450,1.0,0.0,0.0,0.0,1,0
2016,RS,4312450,0.37675896504766226,0.6232410349523377,0.0,0.0,1,1
2012,RS,4312476,0.0,0.5256527714154833,0.4743472285845167,0.0,1,0
2016,RS,4312476,0.0,1.0,0.0,0.0,1,1
2012,RS,4312807,0.4142901911626449,0.585709808837355,0.0,0.0,1,0
2016,RS,4312807,0.0,1.0,0.0,0.0,1,1
2012,RS,4312906,0.0,1.0,0.0,0.0,1,0
2016,RS,4312906,0.5154892640550729,0.48451073594492705,0.0,0.0,1,1
2012,RS,4313003,0.5072863332020481,0.492713666797952,0.0,0.0,1,0
2016,RS,4313003,0.44012563800549664,0.5598743619945034,0.0,0.0,1,1
2012,RS,4313037,0.4594594594594595,0.5405405405405406,0.0,0.0,1,0
2016,RS,4313037,0.5248680188941373,0.47513198110586274,0.0,0.0,1,1
2012,RS,4313060,0.13711776187378008,0.4244469746258946,0.4384352635003253,0.0,1,0
2016,RS,4313060,0.5275773609106943,0.3291646624979958,0.14325797659130993,0.0,1,1
2012,RS,4313102,0.0,1.0,0.0,0.0,1,0
2016,RS,4313102,0.0,1.0,0.0,0.0,1,1
2012,RS,4313334,0.0,0.503751875937969,0.496248124062031,0.0,1,0
2016,RS,4313334,0.0,1.0,0.0,0.0,1,1
2012,RS,4313359,0.0,0.4293002915451895,0.5706997084548106,0.0,1,0
2016,RS,4313359,0.517672259907176,0.482327740092824,0.0,0.0,1,1
2012,RS,4313425,0.47143303153293786,0.0,0.5285669684670621,0.0,1,0
2016,RS,4313425,0.5612968591691996,0.0,0.4387031408308004,0.0,1,1
2012,RS,4313953,0.49259362772498605,0.507406372275014,0.0,0.0,1,0
2016,RS,4313953,0.4409981672071056,0.4354997885238968,0.12350204426899761,0.0,1,1
2012,RS,4314076,0.0,0.4707719767960732,0.5292280232039268,0.0,1,0
2016,RS,4314076,0.0,1.0,0.0,0.0,1,1
2012,RS,4314159,0.0,1.0,0.0,0.0,1,0
2016,RS,4314159,0.19420917864880835,0.8057908213511916,0.0,0.0,1,1
2012,RS,4314209,0.0,0.4479015918958032,0.5520984081041969,0.0,1,0
2016,RS,4314209,0.0,0.4989399293286219,0.5010600706713781,0.0,1,1
2012,RS,4314407,0.08181907627298572,0.5019237839769249,0.4162571397500893,0.0,1,0
2016,RS,4314407,0.018721762850566873,0.8008961299121985,0.1803821072372347,0.0,1,1
2012,RS,4314423,0.26588046100241225,0.445993031358885,0.28812650763870273,0.0,1,0
2016,RS,4314423,1.0,0.0,0.0,0.0,1,1
2012,RS,4314456,0.5967078189300411,0.40329218106995884,0.0,0.0,1,0
2016,RS,4314456,1.0,0.0,0.0,0.0,1,1
2012,RS,4314472,0.0,0.4964726631393298,0.5035273368606702,0.0,1,0
2016,RS,4314472,0.5253863134657837,0.0,0.4746136865342163,0.0,1,1
2012,RS,4314506,0.0,1.0,0.0,0.0,1,0
2016,RS,4314506,0.0862875430822255,0.9137124569177745,0.0,0.0,1,1
2012,RS,4314779,0.0,0.4920424403183024,0.5079575596816976,0.0,1,0
2016,RS,4314779,0.0,0.47182359117955897,0.528176408820441,0.0,1,1
2012,RS,4314902,0.005555170829057623,0.6767474802163143,0.31769734895462814,0.0,0,0
2016,RS,4314902,0.011570123271255423,0.7005301809263361,0.28789969580240843,0.0,0,0
2012,RS,4315008,0.0,1.0,0.0,0.0,1,0
2016,RS,4315008,0.0,0.5671383193762634,0.43286168062373664,0.0,1,1
2012,RS,4315149,0.0,1.0,0.0,0.0,1,0
2016,RS,4315149,0.0,1.0,0.0,0.0,1,1
2012,RS,4315156,0.5044948630136986,0.0,0.4955051369863014,0.0,1,0
2016,RS,4315156,0.0,1.0,0.0,0.0,1,1
2012,RS,4315313,0.5053547523427041,0.49464524765729584,0.0,0.0,1,0
2016,RS,4315313,0.5443126308443824,0.4556873691556176,0.0,0.0,1,1
2012,RS,4315354,0.0,1.0,0.0,0.0,1,0
2016,RS,4315354,0.30866246266179886,0.6913375373382011,0.0,0.0,1,1
2012,RS,4315602,0.0,0.4331641576077638,0.5668358423922362,0.0,0,0
2016,RS,4315602,0.16522684004454183,0.3128973741872912,0.521875785768167,0.0,0,0
2012,RS,4315909,0.0,0.46261355695317957,0.5373864430468204,0.0,1,0
2016,RS,4315909,1.0,0.0,0.0,0.0,1,1
2012,RS,4316006,0.024863553668890235,0.9751364463311097,0.0,0.0,1,0
2016,RS,4316006,0.0,1.0,0.0,0.0,1,1
2012,RS,4316204,0.5235102420856611,0.4764897579143389,0.0,0.0,1,0
2016,RS,4316204,0.5635563787913869,0.43644362120861313,0.0,0.0,1,1
2012,RS,4316402,0.3134530250860797,0.6545745204131825,0.031972454500737824,0.0,0,0
2016,RS,4316402,0.35543024227234754,0.6187552213868003,0.02581453634085213,0.0,0,0
2012,RS,4316501,0.0,0.9004024144869215,0.09959758551307847,0.0,1,0
2016,RS,4316501,0.3982150446238844,0.6017849553761156,0.0,0.0,1,1
2012,RS,4316709,0.4506625097427903,0.5493374902572097,0.0,0.0,1,0
2016,RS,4316709,0.5788598969586173,0.4211401030413828,0.0,0.0,1,1
2012,RS,4316758,0.0,1.0,0.0,0.0,1,0
2016,RS,4316758,0.0,1.0,0.0,0.0,1,1
2012,RS,4317004,0.39299042674022394,0.6070095732597761,0.0,0.0,1,0
2016,RS,4317004,0.43685741998060135,0.11387002909796315,0.4492725509214355,0.0,1,1
2012,RS,4317103,0.12874402468787188,0.5710683958934226,0.3001875794187055,0.0,0,0
2016,RS,4317103,0.11032644373271798,0.6310449780182618,0.25862857824902025,0.0,0,0
2012,RS,4317707,0.36946932228311724,0.6305306777168828,0.0,0.0,1,0
2016,RS,4317707,0.5134001082837033,0.4865998917162967,0.0,0.0,1,1
2012,RS,4318614,1.0,0.0,0.0,0.0,1,0
2016,RS,4318614,0.43633071816535907,0.5636692818346409,0.0,0.0,1,1
2012,RS,4319000,0.4562100780695529,0.5437899219304472,0.0,0.0,0,0
2016,RS,4319000,0.33718842037209973,0.6628115796279003,0.0,0.0,0,0
2012,RS,4319109,0.4894343649946638,0.5105656350053361,0.0,0.0,1,0
2016,RS,4319109,0.5964252116650988,0.40357478833490124,0.0,0.0,1,1
2012,RS,4319364,0.0,1.0,0.0,0.0,1,0
2016,RS,4319364,1.0,0.0,0.0,0.0,1,1
2012,RS,4319372,0.4290627687016337,0.0,0.5709372312983663,0.0,1,0
2016,RS,4319372,0.5211864406779662,0.0,0.4788135593220339,0.0,1,1
2012,RS,4319406,0.1581847044541974,0.17396582313941544,0.6678494724063871,0.0,1,0
2016,RS,4319406,0.6908108108108109,0.0,0.3091891891891892,0.0,1,1
2012,RS,4319703,0.0,1.0,0.0,0.0,1,0
2016,RS,4319703,0.46676406135865595,0.533235938641344,0.0,0.0,1,1
2012,RS,4320008,0.05588273786153645,0.4703703703703704,0.4737468917680932,0.0,0,0
2016,RS,4320008,0.28982110141179007,0.30288824226748573,0.4072906563207242,0.0,0,0
2012,RS,4320263,0.4698085419734904,0.5301914580265096,0.0,0.0,1,0
2016,RS,4320263,0.49412467635929097,0.505875323640709,0.0,0.0,1,1
2012,RS,4320305,0.48179763996987196,0.5182023600301281,0.0,0.0,1,0
2016,RS,4320305,0.4566353187042842,0.5433646812957158,0.0,0.0,1,1
2012,RS,4320354,0.5090565017572317,0.44849959448499593,0.04244390375777237,0.0,1,0
2016,RS,4320354,0.35199296600234464,0.6480070339976554,0.0,0.0,1,1
2012,RS,4320404,0.5338444466861697,0.0,0.46615555331383035,0.0,1,0
2016,RS,4320404,0.45752666930067165,0.5424733306993283,0.0,0.0,1,1
2012,RS,4320859,0.3391057934508816,0.3051007556675063,0.35579345088161207,0.0,1,0
2016,RS,4320859,0.5987951807228916,0.0,0.40120481927710844,0.0,1,1
2012,RS,4321329,0.0,1.0,0.0,0.0,1,0
2016,RS,4321329,0.0,0.979565772669221,0.020434227330779056,0.0,1,1
2012,RS,4321352,0.4936274509803922,0.5063725490196078,0.0,0.0,1,0
2016,RS,4321352,0.5553826199740597,0.4446173800259403,0.0,0.0,1,1
2012,RS,4321436,0.49937849596022377,0.4578931013051585,0.042728402734617775,0.0,1,0
2016,RS,4321436,0.37835323305938906,0.6216467669406109,0.0,0.0,1,1
2012,RS,4321469,0.4681139755766621,0.5318860244233379,0.0,0.0,1,0
2016,RS,4321469,0.0,1.0,0.0,0.0,1,1
2012,RS,4321477,0.0,0.39770940938693017,0.6022905906130699,0.0,1,0
2016,RS,4321477,0.0,1.0,0.0,0.0,1,1
2012,RS,4321626,0.5346432264736298,0.4653567735263702,0.0,0.0,1,0
2016,RS,4321626,0.0,1.0,0.0,0.0,1,1
2012,RS,4321634,0.0,0.5519562473706352,0.44804375262936474,0.0,1,0
2016,RS,4321634,0.0,1.0,0.0,0.0,1,1
2012,RS,4321709,0.0,0.935033850783013,0.06496614921698694,0.0,1,0
2016,RS,4321709,0.4917052857814494,0.5082947142185507,0.0,0.0,1,1
2012,RS,4321956,0.5159924741298213,0.0,0.48400752587017876,0.0,1,0
2016,RS,4321956,0.0,1.0,0.0,0.0,1,1
2012,RS,4322103,0.6461513994910941,0.3538486005089059,0.0,0.0,1,0
2016,RS,4322103,0.4120627261761158,0.31145958986731004,0.2764776839565742,0.0,1,1
2012,RS,4322152,0.5227336910477266,0.47726630895227334,0.0,0.0,1,0
2016,RS,4322152,0.0,1.0,0.0,0.0,1,1
2012,RS,4322202,0.35358094110683636,0.6464190588931636,0.0,0.0,1,0
2016,RS,4322202,0.7835243109321771,0.21647568906782286,0.0,0.0,1,1
2012,RS,4322251,0.2626010286554004,0.7373989713445995,0.0,0.0,1,0
2016,RS,4322251,0.5959183673469388,0.40408163265306124,0.0,0.0,1,1
2012,RS,4322301,0.5059754521963824,0.0,0.4940245478036176,0.0,1,0
2016,RS,4322301,0.3710610932475884,0.6289389067524116,0.0,0.0,1,1
2012,RS,4322533,0.49162086070518835,0.5083791392948116,0.0,0.0,1,0
2016,RS,4322533,0.8602878916172735,0.0,0.1397121083827265,0.0,1,1
2012,RS,4323002,0.0,0.5310199325576879,0.46898006744231213,0.0,1,0
2016,RS,4323002,0.0,0.7060603282295773,0.2939396717704227,0.0,1,1
2012,RS,4323507,0.0,0.5233805233805234,0.4766194766194766,0.0,1,0
2016,RS,4323507,0.47810858143607704,0.521891418563923,0.0,0.0,1,1
2012,RS,4323804,0.0,1.0,0.0,0.0,1,0
2016,RS,4323804,0.0,1.0,0.0,0.0,1,1
2012,MS,5000203,0.0,1.0,0.0,0.0,0,0
2016,MS,5000203,0.03310795057122873,0.9668920494287713,0.0,0.0,0,0
2012,MS,5000252,0.4642857142857143,0.5357142857142857,0.0,0.0,0,0
2016,MS,5000252,0.4264607118871726,0.5735392881128274,0.0,0.0,0,0
2012,MS,5000609,0.0,1.0,0.0,0.0,0,0
2016,MS,5000609,0.0,0.7906782956502416,0.20932170434975836,0.0,0,0
2012,MS,5000708,0.11947783759864297,0.8805221624013571,0.0,0.0,0,0
2016,MS,5000708,0.1025695931477516,0.8974304068522484,0.0,0.0,0,0
2012,MS,5000807,0.5323082555372506,0.4676917444627494,0.0,0.0,0,0
2016,MS,5000807,0.44235874099355327,0.5576412590064467,0.0,0.0,0,0
2012,MS,5000856,0.41086920936323457,0.5891307906367654,0.0,0.0,0,0
2016,MS,5000856,0.48125097245993465,0.5187490275400654,0.0,0.0,0,0
2012,MS,5000906,0.0,0.521055485270197,0.478944514729803,0.0,0,0
2016,MS,5000906,0.0,1.0,0.0,0.0,0,0
2012,MS,5001003,0.4870788596815994,0.5129211403184006,0.0,0.0,0,0
2016,MS,5001003,0.11702048968118944,0.8829795103188106,0.0,0.0,0,0
2012,MS,5001102,0.1780232048163949,0.8219767951836051,0.0,0.0,0,0
2016,MS,5001102,0.31479025037307246,0.6243160338252363,0.06089371580169126,0.0,0,0
2012,MS,5001243,0.0,1.0,0.0,0.0,0,0
2016,MS,5001243,1.0,0.0,0.0,0.0,0,0
2012,MS,5001904,0.0,1.0,0.0,0.0,0,0
2016,MS,5001904,0.4138592586908142,0.5861407413091858,0.0,0.0,0,0
2012,MS,5002001,0.0,1.0,0.0,0.0,0,0
2016,MS,5002001,0.42643890427823944,0.5735610957217605,0.0,0.0,0,0
2012,MS,5002100,0.19178871153529703,0.808211288464703,0.0,0.0,0,0
2016,MS,5002100,0.26388319251907144,0.7361168074809286,0.0,0.0,0,0
2012,MS,5002159,0.0,1.0,0.0,0.0,0,0
2016,MS,5002159,0.0,1.0,0.0,0.0,0,0
2012,MS,5002209,0.0,1.0,0.0,0.0,1,0
2016,MS,5002209,0.42779655687445955,0.5722034431255404,0.0,0.0,1,1
2012,MS,5002308,0.0,0.4137146108977095,0.5862853891022906,0.0,0,0
2016,MS,5002308,0.0,1.0,0.0,0.0,0,0
2012,MS,5002407,0.9770147559591373,0.022985244040862655,0.0,0.0,0,0
2016,MS,5002407,0.34417056240260663,0.6558294375973934,0.0,0.0,0,0
2012,MS,5002704,0.4017767810543541,0.5463578951206893,0.051865323824956525,0.0,0,0
2016,MS,5002704,0.6761380924517262,0.30055002925687535,0.02331187829139848,0.0,0,0
2012,MS,5002803,0.41169275929549903,0.0,0.588307240704501,0.0,0,0
2016,MS,5002803,1.0,0.0,0.0,0.0,0,0
2012,MS,5002902,1.0,0.0,0.0,0.0,0,0
2016,MS,5002902,0.40086132644272177,0.5991386735572782,0.0,0.0,0,0
2012,MS,5002951,0.0,1.0,0.0,0.0,0,0
2016,MS,5002951,0.0,0.986800647194073,0.013199352805926936,0.0,0,0
2012,MS,5003108,0.4699066623752816,0.5300933376247183,0.0,0.0,0,0
2016,MS,5003108,0.0,1.0,0.0,0.0,0,0
2012,MS,5003157,0.5212089077412513,0.47879109225874866,0.0,0.0,0,0
2016,MS,5003157,0.4224585062240664,0.5775414937759336,0.0,0.0,0,0
2012,MS,5003207,0.0,0.4383365388389528,0.5616634611610473,0.0,0,0
2016,MS,5003207,0.0,1.0,0.0,0.0,0,0
2012,MS,5003256,0.5450375642546461,0.45045472518782126,0.0045077105575326215,0.0,0,0
2016,MS,5003256,0.7657168037602821,0.23428319623971797,0.0,0.0,0,0
2012,MS,5003306,0.16931476931476933,0.46186186186186184,0.3688233688233688,0.0,0,0
2016,MS,5003306,0.02913937203523831,0.9708606279647617,0.0,0.0,0,0
2012,MS,5003454,0.0,0.5263638736622291,0.4736361263377708,0.0,0,0
2016,MS,5003454,0.0,1.0,0.0,0.0,0,0
2012,MS,5003488,0.0,1.0,0.0,0.0,0,0
2016,MS,5003488,0.445174409510402,0.554825590489598,0.0,0.0,0,0
2012,MS,5003504,0.0,1.0,0.0,0.0,0,0
2016,MS,5003504,1.0,0.0,0.0,0.0,0,0
2012,MS,5003702,0.35997381180556215,0.6242848061029879,0.015741382091449933,0.0,0,0
2016,MS,5003702,0.41721061692705697,0.5602795091098243,0.022509873963118793,0.0,0,0
2012,MS,5003751,0.3156232050545663,0.0,0.6843767949454337,0.0,0,0
2016,MS,5003751,0.5678918590522479,0.43210814094775213,0.0,0.0,0,0
2012,MS,5003900,0.0,1.0,0.0,0.0,0,0
2016,MS,5003900,0.0,1.0,0.0,0.0,0,0
2012,MS,5004007,0.45938769134645424,0.5406123086535458,0.0,0.0,0,0
2016,MS,5004007,1.0,0.0,0.0,0.0,0,0
2012,MS,5004106,0.022768520046196998,0.977231479953803,0.0,0.0,0,0
2016,MS,5004106,0.0,1.0,0.0,0.0,0,0
2012,MS,5004304,0.0,1.0,0.0,0.0,0,0
2016,MS,5004304,0.32183341547560373,0.6781665845243963,0.0,0.0,0,0
2012,MS,5004403,1.0,0.0,0.0,0.0,0,0
2016,MS,5004403,0.0,1.0,0.0,0.0,0,0
2012,MS,5004502,0.0,1.0,0.0,0.0,0,0
2016,MS,5004502,0.0,1.0,0.0,0.0,0,0
2012,MS,5004601,0.0,0.6073601854534918,0.39263981454650826,0.0,0,0
2016,MS,5004601,0.0,0.9124232404345772,0.08757675956542277,0.0,0,0
2012,MS,5004700,0.3860628174858696,0.4981040280460757,0.11583315446805466,0.0,0,0
2016,MS,5004700,0.3513771475320425,0.6486228524679575,0.0,0.0,0,0
2012,MS,5004809,0.0,0.4786533300805074,0.5213466699194925,0.0,0,0
2016,MS,5004809,0.416338457629272,0.583661542370728,0.0,0.0,0,0
2012,MS,5005004,0.21067735975154303,0.5128749459448835,0.2764476943035735,0.0,0,0
2016,MS,5005004,0.027696150455480458,0.553776079929474,0.41852776961504556,0.0,0,0
2012,MS,5005152,0.5428786359077231,0.4571213640922768,0.0,0.0,0,0
2016,MS,5005152,0.38215048658912887,0.6178495134108711,0.0,0.0,0,0
2012,MS,5005202,0.2991577414994281,0.32536133929499844,0.37548091920557347,0.0,0,0
2016,MS,5005202,0.0,0.9506201731804353,0.04937982681956471,0.0,0,0
2012,MS,5005251,0.0,1.0,0.0,0.0,0,0
2016,MS,5005251,0.46589259796806964,0.5341074020319303,0.0,0.0,0,0
2012,MS,5005400,0.0,0.8419687897788883,0.1580312102211117,0.0,0,0
2016,MS,5005400,0.3282517941742108,0.6717482058257892,0.0,0.0,0,0
2012,MS,5005608,0.0,0.6033678230878474,0.3966321769121526,0.0,0,0
2016,MS,5005608,0.5166605638960088,0.4833394361039912,0.0,0.0,0,0
2012,MS,5005681,0.0,0.4991408157728136,0.5008591842271864,0.0,0,0
2016,MS,5005681,0.574024105054866,0.0,0.425975894945134,0.0,0,0
2012,MS,5005707,0.01657751982094761,0.9834224801790524,0.0,0.0,0,0
2016,MS,5005707,1.0,0.0,0.0,0.0,0,0
2012,MS,5005806,0.3110874452727488,0.6889125547272512,0.0,0.0,0,0
2016,MS,5005806,0.0,1.0,0.0,0.0,0,0
2012,MS,5006002,0.0,0.5533754881904408,0.44662451180955925,0.0,0,0
2016,MS,5006002,0.0,1.0,0.0,0.0,0,0
2012,MS,5006200,0.0,0.6023959168178176,0.3976040831821825,0.0,0,0
2016,MS,5006200,0.4760805014846585,0.4183850214450676,0.10553447707027384,0.0,0,0
2012,MS,5006259,0.45176544766708704,0.17686002522068095,0.371374527112232,0.0,0,0
2016,MS,5006259,0.0,1.0,0.0,0.0,0,0
2012,MS,5006275,0.0,0.8118279569892473,0.1881720430107527,0.0,0,0
2016,MS,5006275,0.0,1.0,0.0,0.0,0,0
2012,MS,5006309,0.17513347354796957,0.7196246562044977,0.10524187024753276,0.0,0,0
2016,MS,5006309,0.0,1.0,0.0,0.0,0,0
2012,MS,5006358,0.0,1.0,0.0,0.0,0,0
2016,MS,5006358,0.0,1.0,0.0,0.0,0,0
2012,MS,5006408,0.0,0.4977004599080184,0.5022995400919816,0.0,0,0
2016,MS,5006408,0.0804914213090447,0.9195085786909553,0.0,0.0,0,0
2012,MS,5006606,0.20543439399356453,0.7945656060064354,0.0,0.0,0,0
2016,MS,5006606,0.0,1.0,0.0,0.0,0,0
2012,MS,5006903,0.0,0.5162721893491125,0.48372781065088755,0.0,0,0
2016,MS,5006903,0.0,1.0,0.0,0.0,0,0
2012,MS,5007208,0.0,1.0,0.0,0.0,0,0
2016,MS,5007208,0.0,1.0,0.0,0.0,0,0
2012,MS,5007307,0.41067285382830626,0.5893271461716937,0.0,0.0,0,0
2016,MS,5007307,0.0,1.0,0.0,0.0,0,0
2012,MS,5007406,0.0,0.46704565642209983,0.5329543435779002,0.0,0,0
2016,MS,5007406,0.4894927536231884,0.5105072463768116,0.0,0.0,0,0
2012,MS,5007505,0.0,1.0,0.0,0.0,0,0
2016,MS,5007505,0.08043117744610281,0.9195688225538972,0.0,0.0,0,0
2012,MS,5007554,0.7250062956434148,0.27499370435658527,0.0,0.0,0,0
2016,MS,5007554,0.0,1.0,0.0,0.0,0,0
2012,MS,5007695,0.5920588235294117,0.40794117647058825,0.0,0.0,0,0
2016,MS,5007695,0.0,1.0,0.0,0.0,0,0
2012,MS,5007703,0.42907503777068995,0.5709249622293101,0.0,0.0,0,0
2016,MS,5007703,0.3437388512308241,0.6562611487691759,0.0,0.0,0,0
2012,MS,5007802,0.49798686162322525,0.5020131383767747,0.0,0.0,0,0
2016,MS,5007802,0.0,1.0,0.0,0.0,0,0
2012,MS,5007935,0.5517662741612975,0.0,0.4482337258387025,0.0,0,0
2016,MS,5007935,0.0,1.0,0.0,0.0,0,0
2012,MS,5007950,0.5492615820352013,0.0,0.4507384179647987,0.0,0,0
2016,MS,5007950,0.32547229618359325,0.6745277038164067,0.0,0.0,0,0
2012,MS,5007976,0.0,1.0,0.0,0.0,0,0
2016,MS,5007976,0.4667876588021779,0.5332123411978221,0.0,0.0,0,0
2012,MS,5008008,0.0,1.0,0.0,0.0,0,0
2016,MS,5008008,0.5288368492355332,0.4711631507644668,0.0,0.0,0,0
2012,MS,5008305,0.4629494039237773,0.5370505960762226,0.0,0.0,0,0
2016,MS,5008305,0.355611973785204,0.644388026214796,0.0,0.0,0,0
2012,MT,5100201,0.0,1.0,0.0,0.0,0,0
2016,MT,5100201,0.6827123955431755,0.3172876044568245,0.0,0.0,0,0
2012,MT,5100359,0.3941923774954628,0.6058076225045372,0.0,0.0,0,0
2016,MT,5100359,0.6337432744043043,0.3662567255956956,0.0,0.0,0,0
2012,MT,5100409,0.9556633762757236,0.044336623724276394,0.0,0.0,0,0
2016,MT,5100409,0.9748490945674044,0.025150905432595575,0.0,0.0,0,0
2012,MT,5100508,0.0,1.0,0.0,0.0,0,0
2016,MT,5100508,0.03751196172248804,0.962488038277512,0.0,0.0,0,0
2012,MT,5100607,0.5169110459433041,0.483088954056696,0.0,0.0,0,0
2016,MT,5100607,0.30473658772353795,0.695263412276462,0.0,0.0,0,0
2012,MT,5100805,0.5891181988742964,0.41088180112570355,0.0,0.0,0,0
2016,MT,5100805,0.0,1.0,0.0,0.0,0,0
2012,MT,5101209,0.9024970273483948,0.09750297265160524,0.0,0.0,1,0
2016,MT,5101209,0.5896279594137542,0.41037204058624577,0.0,0.0,1,1
2012,MT,5101258,0.30956827419532024,0.6904317258046798,0.0,0.0,0,0
2016,MT,5101258,0.39308068737908275,0.6069193126209173,0.0,0.0,0,0
2012,MT,5101407,0.30906821963394343,0.6909317803660566,0.0,0.0,0,0
2016,MT,5101407,0.49871043376318874,0.5012895662368112,0.0,0.0,0,0
2012,MT,5101704,0.9221354470217974,0.07786455297820259,0.0,0.0,0,0
2016,MT,5101704,0.03906528719229397,0.9536805803305982,0.007254132477107861,0.0,0,0
2012,MT,5101852,0.6135560552521683,0.38644394474783167,0.0,0.0,0,0
2016,MT,5101852,0.24977348233162186,0.7502265176683781,0.0,0.0,0,0
2012,MT,5101902,0.516847970283895,0.48315202971610505,0.0,0.0,0,0
2016,MT,5101902,1.0,0.0,0.0,0.0,0,0
2012,MT,5102603,0.49840301974448314,0.5015969802555168,0.0,0.0,0,0
2016,MT,5102603,1.0,0.0,0.0,0.0,0,0
2012,MT,5102637,0.3987425289140728,0.6012574710859272,0.0,0.0,0,0
2016,MT,5102637,0.6381325586109047,0.3618674413890953,0.0,0.0,0,0
2012,MT,5102694,0.38842710997442453,0.6115728900255755,0.0,0.0,0,0
2016,MT,5102694,0.37668752057951926,0.6233124794204807,0.0,0.0,0,0
2012,MT,5102702,1.0,0.0,0.0,0.0,0,0
2016,MT,5102702,0.30216700915374556,0.6978329908462544,0.0,0.0,0,0
2012,MT,5102793,0.46132925378208395,0.538670746217916,0.0,0.0,0,0
2016,MT,5102793,1.0,0.0,0.0,0.0,0,0
2012,MT,5102850,0.4675209898365002,0.0,0.5324790101634997,0.0,0,0
2016,MT,5102850,0.39400765938274385,0.0,0.6059923406172562,0.0,0,0
2012,MT,5103056,0.5648621041879469,0.4351378958120531,0.0,0.0,0,0
2016,MT,5103056,0.4923625254582485,0.5076374745417516,0.0,0.0,0,0
2012,MT,5103205,0.3318662474992855,0.6681337525007145,0.0,0.0,0,0
2016,MT,5103205,0.8088288505608491,0.1911711494391509,0.0,0.0,0,0
2012,MT,5103254,0.16931335271751285,0.5925594572429732,0.2381271900395139,0.0,0,0
2016,MT,5103254,0.0,1.0,0.0,0.0,0,0
2012,MT,5103304,0.483974358974359,0.13591746794871795,0.3801081730769231,0.0,0,0
2016,MT,5103304,0.5448857994041708,0.4551142005958292,0.0,0.0,0,0
2012,MT,5103353,0.5982845451683979,0.2784073024866226,0.12330815234497954,0.0,0,0
2016,MT,5103353,0.0,1.0,0.0,0.0,0,0
2012,MT,5103361,1.0,0.0,0.0,0.0,0,0
2016,MT,5103361,0.37550744248985113,0.6244925575101489,0.0,0.0,0,0
2012,MT,5103379,0.4132433208848032,0.5867566791151968,0.0,0.0,0,0
2016,MT,5103379,0.0,1.0,0.0,0.0,0,0
2012,MT,5103437,0.7449664429530202,0.2550335570469799,0.0,0.0,0,0
2016,MT,5103437,0.408615774469433,0.591384225530567,0.0,0.0,0,0
2012,MT,5103452,0.6168073984720547,0.3831926015279453,0.0,0.0,0,0
2016,MT,5103452,0.38272167768406656,0.6172783223159335,0.0,0.0,0,0
2012,MT,5103502,0.4945548833189283,0.5054451166810717,0.0,0.0,0,0
2016,MT,5103502,0.0,1.0,0.0,0.0,0,0
2012,MT,5103601,0.8084036992360274,0.0,0.19159630076397266,0.0,0,0
2016,MT,5103601,0.4858383685800604,0.5141616314199395,0.0,0.0,0,0
2012,MT,5103700,0.5647235319331333,0.4352764680668667,0.0,0.0,0,0
2016,MT,5103700,0.0,1.0,0.0,0.0,0,0
2012,MT,5103809,0.5289881166726683,0.4710118833273316,0.0,0.0,0,0
2016,MT,5103809,0.42498066511987626,0.5750193348801237,0.0,0.0,0,0
2012,MT,5103858,1.0,0.0,0.0,0.0,0,0
2016,MT,5103858,0.47651386530843237,0.5234861346915677,0.0,0.0,0,0
2012,MT,5103908,0.6926188068756319,0.3006403774856758,0.006740815638692282,0.0,0,0
2016,MT,5103908,0.5082401412595644,0.49175985874043554,0.0,0.0,0,0
2012,MT,5103957,0.5497910007376444,0.4502089992623555,0.0,0.0,0,0
2016,MT,5103957,0.0,1.0,0.0,0.0,0,0
2012,MT,5104104,0.6323831081559029,0.36761689184409707,0.0,0.0,0,0
2016,MT,5104104,0.7356465129164069,0.264353487083593,0.0,0.0,0,0
2012,MT,5104203,0.6104175634954799,0.38958243650452,0.0,0.0,0,0
2016,MT,5104203,0.4258784497059267,0.5741215502940733,0.0,0.0,0,0
2012,MT,5104526,0.22685834502103785,0.4154978962131837,0.3576437587657784,0.0,0,0
2016,MT,5104526,0.05319148936170213,0.9468085106382979,0.0,0.0,0,0
2012,MT,5104542,0.35950540958268934,0.6404945904173107,0.0,0.0,0,0
2016,MT,5104542,1.0,0.0,0.0,0.0,0,0
2012,MT,5104559,1.0,0.0,0.0,0.0,0,0
2016,MT,5104559,0.0,1.0,0.0,0.0,0,0
2012,MT,5104609,0.6207765263781861,0.3747777119146414,0.004445761707172495,0.0,0,0
2016,MT,5104609,0.7074429944069984,0.2925570055930016,0.0,0.0,0,0
2012,MT,5104807,0.24657709532949457,0.34401791426743444,0.409404990403071,0.0,1,0
2016,MT,5104807,0.0,1.0,0.0,0.0,1,1
2012,MT,5105002,0.4167601345938151,0.0,0.5832398654061849,0.0,0,0
2016,MT,5105002,0.5253848673435965,0.47461513265640354,0.0,0.0,0,0
2012,MT,5105101,0.6639641561766588,0.33313420098143803,0.0029016428419031365,0.0,0,0
2016,MT,5105101,0.4426022022528794,0.5573977977471206,0.0,0.0,0,0
2012,MT,5105150,0.0,0.5376069170695426,0.46239308293045744,0.0,0,0
2016,MT,5105150,0.41324117861040377,0.0,0.5867588213895962,0.0,0,0
2012,MT,5105176,0.4532967032967033,0.5467032967032966,0.0,0.0,0,0
2016,MT,5105176,0.7896403528613436,0.2103596471386564,0.0,0.0,0,0
2012,MT,5105200,0.635646032405484,0.364353967594516,0.0,0.0,0,0
2016,MT,5105200,0.10156822512091455,0.8984317748790854,0.0,0.0,0,0
2012,MT,5105234,1.0,0.0,0.0,0.0,0,0
2016,MT,5105234,0.33963793569305595,0.6603620643069441,0.0,0.0,0,0
2012,MT,5105507,0.40418388429752067,0.5958161157024794,0.0,0.0,0,0
2016,MT,5105507,0.0,1.0,0.0,0.0,0,0
2012,MT,5105580,0.551550215101617,0.44844978489838305,0.0,0.0,0,0
2016,MT,5105580,0.5331202789076118,0.4668797210923881,0.0,0.0,0,0
2012,MT,5105606,0.0,1.0,0.0,0.0,0,0
2016,MT,5105606,0.4226307996051333,0.5430651530108588,0.0343040473840079,0.0,0,0
2012,MT,5106000,0.5897978373295721,0.4102021626704278,0.0,0.0,1,0
2016,MT,5106000,1.0,0.0,0.0,0.0,1,1
2012,MT,5106158,0.7346754807692307,0.2653245192307692,0.0,0.0,0,0
2016,MT,5106158,0.23353293413173654,0.7664670658682635,0.0,0.0,0,0
2012,MT,5106174,0.5098493626882966,0.4901506373117034,0.0,0.0,0,0
2016,MT,5106174,0.0,1.0,0.0,0.0,0,0
2012,MT,5106182,0.5383737517831669,0.0,0.46162624821683307,0.0,0,0
2016,MT,5106182,1.0,0.0,0.0,0.0,0,0
2012,MT,5106190,0.5076182838813151,0.49238171611868486,0.0,0.0,0,0
2016,MT,5106190,0.5489422732162065,0.45105772678379347,0.0,0.0,0,0
2012,MT,5106208,0.0,0.46374309392265195,0.5362569060773481,0.0,1,0
2016,MT,5106208,0.0,1.0,0.0,0.0,1,1
2012,MT,5106216,0.38863667629660203,0.611363323703398,0.0,0.0,0,0
2016,MT,5106216,0.366120218579235,0.6338797814207651,0.0,0.0,0,0
2012,MT,5106224,0.0,1.0,0.0,0.0,1,0
2016,MT,5106224,0.0,1.0,0.0,0.0,1,1
2012,MT,5106232,0.6113119285562407,0.3886880714437593,0.0,0.0,0,0
2016,MT,5106232,0.8043502263442641,0.19564977365573588,0.0,0.0,0,0
2012,MT,5106240,0.0,1.0,0.0,0.0,0,0
2016,MT,5106240,0.47771761765930865,0.5222823823406914,0.0,0.0,0,0
2012,MT,5106257,1.0,0.0,0.0,0.0,0,0
2016,MT,5106257,1.0,0.0,0.0,0.0,0,0
2012,MT,5106265,0.08100263852242744,0.9189973614775726,0.0,0.0,0,0
2016,MT,5106265,0.3138339920948617,0.6861660079051384,0.0,0.0,0,0
2012,MT,5106273,0.5286997266692698,0.47130027333073016,0.0,0.0,0,0
2016,MT,5106273,0.5442390876917027,0.4557609123082973,0.0,0.0,0,0
2012,MT,5106281,0.5599404318689502,0.4400595681310499,0.0,0.0,0,0
2016,MT,5106281,0.4862096138691883,0.5137903861308116,0.0,0.0,0,0
2012,MT,5106299,0.48614107883817426,0.5138589211618257,0.0,0.0,0,0
2016,MT,5106299,0.0,1.0,0.0,0.0,0,0
2012,MT,5106307,0.8012874335292471,0.18070715551823865,0.018005410952514227,0.0,0,0
2016,MT,5106307,0.0,1.0,0.0,0.0,0,0
2012,MT,5106315,0.4007547169811321,0.5992452830188679,0.0,0.0,0,0
2016,MT,5106315,0.6363636363636364,0.36363636363636365,0.0,0.0,0,0
2012,MT,5106372,0.3284254807692308,0.6715745192307693,0.0,0.0,0,0
2016,MT,5106372,0.0,1.0,0.0,0.0,0,0
2012,MT,5106422,0.5386373691195989,0.46136263088040114,0.0,0.0,0,0
2016,MT,5106422,0.0,1.0,0.0,0.0,0,0
2012,MT,5106653,0.0,1.0,0.0,0.0,0,0
2016,MT,5106653,0.5724137931034483,0.42758620689655175,0.0,0.0,0,0
2012,MT,5106778,0.5045592705167173,0.3238095238095238,0.17163120567375886,0.0,0,0
2016,MT,5106778,0.0,0.6617188931647425,0.3382811068352575,0.0,0,0
2012,MT,5106802,0.4159581425768476,0.5840418574231524,0.0,0.0,0,0
2016,MT,5106802,0.0,1.0,0.0,0.0,0,0
2012,MT,5106828,0.481651376146789,0.0,0.518348623853211,0.0,0,0
2016,MT,5106828,0.1516734693877551,0.848326530612245,0.0,0.0,0,0
2012,MT,5106851,0.3693554612118873,0.6306445387881127,0.0,0.0,0,0
2016,MT,5106851,0.6255905511811024,0.37440944881889765,0.0,0.0,0,0
2012,MT,5107008,1.0,0.0,0.0,0.0,0,0
2016,MT,5107008,0.27109084363374536,0.7289091563662546,0.0,0.0,0,0
2012,MT,5107040,0.5569269355158075,0.4227443733086925,0.020328691175499968,0.0,1,0
2016,MT,5107040,0.21677158148692494,0.7832284185130751,0.0,0.0,1,1
2012,MT,5107065,0.4959038054968288,0.5040961945031712,0.0,0.0,0,0
2016,MT,5107065,0.0,1.0,0.0,0.0,0,0
2012,MT,5107107,0.3812048633330286,0.6187951366669714,0.0,0.0,0,0
2016,MT,5107107,0.36437287457491496,0.635627125425085,0.0,0.0,0,0
2012,MT,5107156,0.0,1.0,0.0,0.0,0,0
2016,MT,5107156,0.5882691201840138,0.4117308798159862,0.0,0.0,0,0
2012,MT,5107180,0.4935665460394049,0.5064334539605951,0.0,0.0,0,0
2016,MT,5107180,0.2847109670448406,0.7152890329551593,0.0,0.0,0,0
2012,MT,5107198,1.0,0.0,0.0,0.0,1,0
2016,MT,5107198,0.0,1.0,0.0,0.0,1,1
2012,MT,5107206,0.5699257425742574,0.0,0.43007425742574257,0.0,0,0
2016,MT,5107206,1.0,0.0,0.0,0.0,0,0
2012,MT,5107248,0.5651197604790419,0.43488023952095806,0.0,0.0,0,0
2016,MT,5107248,0.5819088319088319,0.4180911680911681,0.0,0.0,0,0
2012,MT,5107263,0.9011916583912611,0.09880834160873883,0.0,0.0,0,0
2016,MT,5107263,0.0,1.0,0.0,0.0,0,0
2012,MT,5107297,0.47797778628877824,0.5220222137112217,0.0,0.0,0,0
2016,MT,5107297,1.0,0.0,0.0,0.0,0,0
2012,MT,5107305,0.5843416370106762,0.3747330960854093,0.04092526690391459,0.0,0,0
2016,MT,5107305,0.5175867122618466,0.4824132877381534,0.0,0.0,0,0
2012,MT,5107354,0.5389019872010778,0.4610980127989222,0.0,0.0,0,0
2016,MT,5107354,0.0,1.0,0.0,0.0,0,0
2012,MT,5107404,0.52019669827889,0.47980330172110996,0.0,0.0,0,0
2016,MT,5107404,1.0,0.0,0.0,0.0,0,0
2012,MT,5107578,0.49929211892402076,0.0,0.5007078810759792,0.0,0,0
2016,MT,5107578,0.5065248912518124,0.4934751087481875,0.0,0.0,0,0
2012,MT,5107743,0.0,1.0,0.0,0.0,0,0
2016,MT,5107743,0.4616013071895425,0.5383986928104575,0.0,0.0,0,0
2012,MT,5107750,0.7866666666666666,0.21333333333333335,0.0,0.0,0,0
2016,MT,5107750,1.0,0.0,0.0,0.0,0,0
2012,MT,5107768,0.5727513227513228,0.42724867724867727,0.0,0.0,0,0
2016,MT,5107768,0.7022144522144522,0.2977855477855478,0.0,0.0,0,0
2012,MT,5107776,0.43000542593597396,0.14677156809549646,0.4232230059685296,0.0,0,0
2016,MT,5107776,0.0,0.6528008874098724,0.3471991125901276,0.0,0,0
2012,MT,5107792,0.0,1.0,0.0,0.0,0,0
2016,MT,5107792,0.5967143614202438,0.40328563857975624,0.0,0.0,0,0
2012,MT,5107859,0.32720050177712734,0.5598996445745348,0.11289985364833786,0.0,0,0
2016,MT,5107859,0.0,1.0,0.0,0.0,0,0
2012,MT,5107875,0.5901732140835503,0.40982678591644967,0.0,0.0,0,0
2016,MT,5107875,0.6401244167962675,0.35987558320373253,0.0,0.0,0,0
2012,MT,5107941,0.3313028099823148,0.6686971900176852,0.0,0.0,0,0
2016,MT,5107941,0.3736036408771204,0.6263963591228796,0.0,0.0,0,0
2012,MT,5108006,0.4624350008965394,0.5375649991034607,0.0,0.0,0,0
2016,MT,5108006,1.0,0.0,0.0,0.0,0,0
2012,MT,5108055,0.6625931445603577,0.0,0.33740685543964233,0.0,0,0
2016,MT,5108055,1.0,0.0,0.0,0.0,0,0
2012,MT,5108105,1.0,0.0,0.0,0.0,0,0
2016,MT,5108105,0.48578924355050285,0.5142107564494972,0.0,0.0,0,0
2012,MT,5108204,1.0,0.0,0.0,0.0,1,0
2016,MT,5108204,1.0,0.0,0.0,0.0,1,1
2012,MT,5108303,0.0,1.0,0.0,0.0,0,0
2016,MT,5108303,1.0,0.0,0.0,0.0,0,0
2012,MT,5108501,1.0,0.0,0.0,0.0,0,0
2016,MT,5108501,0.0,1.0,0.0,0.0,0,0
2012,MT,5108600,0.5484616192376351,0.0,0.4515383807623648,0.0,0,0
2016,MT,5108600,0.4920582758242962,0.5079417241757038,0.0,0.0,0,0
2012,MT,5108808,0.47862648913805184,0.5213735108619482,0.0,0.0,0,0
2016,MT,5108808,0.5050744248985115,0.12110960757780785,0.3738159675236806,0.0,0,0
2012,MT,5108857,1.0,0.0,0.0,0.0,0,0
2016,MT,5108857,0.4003598740440846,0.5996401259559154,0.0,0.0,0,0
2012,MT,5108907,0.585450748346676,0.41454925165332407,0.0,0.0,0,0
2016,MT,5108907,0.34439834024896265,0.6556016597510373,0.0,0.0,0,0
2012,MT,5108956,0.42416140009722897,0.575838599902771,0.0,0.0,0,0
2016,MT,5108956,0.0,1.0,0.0,0.0,0,0
2012,GO,5200100,0.5620237351655215,0.43797626483447843,0.0,0.0,0,0
2016,GO,5200100,0.7444444444444445,0.25555555555555554,0.0,0.0,0,0
2012,GO,5200134,0.645770030385415,0.35422996961458497,0.0,0.0,0,0
2016,GO,5200134,0.43581740148263753,0.5641825985173625,0.0,0.0,0,0
2012,GO,5200159,0.0,1.0,0.0,0.0,0,0
2016,GO,5200159,0.5340823970037453,0.4659176029962547,0.0,0.0,0,0
2012,GO,5200175,0.0,1.0,0.0,0.0,1,0
2016,GO,5200175,0.9752212389380531,0.024778761061946902,0.0,0.0,1,1
2012,GO,5200209,0.0,1.0,0.0,0.0,1,0
2016,GO,5200209,0.5562560620756547,0.4437439379243453,0.0,0.0,1,1
2012,GO,5200258,0.3918382420829102,0.5402825223894377,0.06787923552765211,0.0,0,0
2016,GO,5200258,0.19786462597537136,0.8021353740246286,0.0,0.0,0,0
2012,GO,5200308,0.20539013257987393,0.7786713033398537,0.015938564080272406,0.0,0,0
2016,GO,5200308,0.1655243097815643,0.8344756902184357,0.0,0.0,0,0
2012,GO,5200506,0.4164427727028479,0.5835572272971521,0.0,0.0,0,0
2016,GO,5200506,0.0,1.0,0.0,0.0,0,0
2012,GO,5200555,0.5257100881488737,0.47428991185112634,0.0,0.0,1,0
2016,GO,5200555,0.5215097402597403,0.4784902597402597,0.0,0.0,1,1
2012,GO,5200605,0.0,1.0,0.0,0.0,0,0
2016,GO,5200605,0.6913491492930746,0.3086508507069255,0.0,0.0,0,0
2012,GO,5200803,0.0,1.0,0.0,0.0,1,0
2016,GO,5200803,0.0,0.7160371761914178,0.2839628238085822,0.0,1,1
2012,GO,5200829,0.0,0.5614632071458954,0.43853679285410463,0.0,1,0
2016,GO,5200829,0.0,1.0,0.0,0.0,1,1
2012,GO,5200852,0.6704896338773709,0.329510366122629,0.0,0.0,0,0
2016,GO,5200852,0.0,1.0,0.0,0.0,0,0
2012,GO,5200902,0.0,1.0,0.0,0.0,0,0
2016,GO,5200902,0.0,1.0,0.0,0.0,0,0
2012,GO,5201207,0.0,1.0,0.0,0.0,1,0
2016,GO,5201207,0.025936599423631124,0.9740634005763689,0.0,0.0,1,1
2012,GO,5201306,0.5964472617380409,0.40355273826195914,0.0,0.0,0,0
2016,GO,5201306,0.5693430656934306,0.4306569343065693,0.0,0.0,0,0
2012,GO,5201454,0.0,1.0,0.0,0.0,0,0
2016,GO,5201454,0.4560618388934093,0.5439381611065908,0.0,0.0,0,0
2012,GO,5201504,0.6015625,0.3984375,0.0,0.0,1,0
2016,GO,5201504,0.5532334384858044,0.4467665615141956,0.0,0.0,1,1
2012,GO,5201603,0.0,1.0,0.0,0.0,0,0
2016,GO,5201603,0.47837150127226463,0.5216284987277354,0.0,0.0,0,0
2012,GO,5201702,0.0,0.7051739518287243,0.29482604817127567,0.0,0,0
2016,GO,5201702,0.7354979934330537,0.12094126231302445,0.14356074425392193,0.0,0,0
2012,GO,5202155,0.347723704866562,0.652276295133438,0.0,0.0,1,0
2016,GO,5202155,0.0,1.0,0.0,0.0,1,1
2012,GO,5202353,0.49279633267845446,0.5072036673215455,0.0,0.0,1,0
2016,GO,5202353,0.0,1.0,0.0,0.0,1,1
2012,GO,5202502,0.0,1.0,0.0,0.0,1,0
2016,GO,5202502,0.3288604045663929,0.671139595433607,0.0,0.0,1,1
2012,GO,5202601,0.2689277149708804,0.7310722850291196,0.0,0.0,1,0
2016,GO,5202601,0.018448923812777587,0.9815510761872224,0.0,0.0,1,1
2012,GO,5202809,1.0,0.0,0.0,0.0,0,0
2016,GO,5202809,1.0,0.0,0.0,0.0,0,0
2012,GO,5203104,0.0,0.5653429602888087,0.43465703971119135,0.0,0,0
2016,GO,5203104,0.261101243339254,0.738898756660746,0.0,0.0,0,0
2012,GO,5203203,0.0,0.42628774422735344,0.5737122557726465,0.0,1,0
2016,GO,5203203,0.0,1.0,0.0,0.0,1,1
2012,GO,5203401,0.0,0.6204334365325077,0.37956656346749224,0.0,0,0
2016,GO,5203401,0.43081609748276417,0.5691839025172358,0.0,0.0,0,0
2012,GO,5203500,0.44687198385540056,0.5531280161445995,0.0,0.0,0,0
2016,GO,5203500,0.0,1.0,0.0,0.0,0,0
2012,GO,5203559,0.6908602150537635,0.30913978494623656,0.0,0.0,0,0
2016,GO,5203559,0.5189896755162242,0.4810103244837758,0.0,0.0,0,0
2012,GO,5203575,0.3902138157894737,0.6097861842105263,0.0,0.0,0,0
2016,GO,5203575,0.0,0.5075202468183572,0.4924797531816429,0.0,0,0
2012,GO,5203807,1.0,0.0,0.0,0.0,0,0
2016,GO,5203807,0.593313373253493,0.40668662674650696,0.0,0.0,0,0
2012,GO,5203906,0.5517411300919842,0.4482588699080158,0.0,0.0,1,0
2016,GO,5203906,0.0,1.0,0.0,0.0,1,1
2012,GO,5203939,0.4270637014700339,0.5729362985299661,0.0,0.0,0,0
2016,GO,5203939,0.0,1.0,0.0,0.0,0,0
2012,GO,5203962,1.0,0.0,0.0,0.0,1,0
2016,GO,5203962,0.0,0.8521428571428571,0.14785714285714285,0.0,1,1
2012,GO,5204003,0.822553734419472,0.17744626558052803,0.0,0.0,0,0
2016,GO,5204003,0.5492853165026916,0.4507146834973083,0.0,0.0,0,0
2012,GO,5204102,0.6573402417962003,0.3426597582037997,0.0,0.0,1,0
2016,GO,5204102,1.0,0.0,0.0,0.0,1,1
2012,GO,5204201,0.5102339181286549,0.489766081871345,0.0,0.0,1,0
2016,GO,5204201,0.480275516593613,0.519724483406387,0.0,0.0,1,1
2012,GO,5204250,0.388529886914378,0.6114701130856219,0.0,0.0,1,0
2016,GO,5204250,1.0,0.0,0.0,0.0,1,1
2012,GO,5204300,0.0,1.0,0.0,0.0,0,0
2016,GO,5204300,0.03844258255298177,0.9615574174470183,0.0,0.0,0,0
2012,GO,5204409,0.4499498495486459,0.5500501504513541,0.0,0.0,1,0
2016,GO,5204409,0.5147017642117054,0.4852982357882946,0.0,0.0,1,1
2012,GO,5204508,0.5789447210904884,0.1896282883154771,0.23142699059403452,0.0,1,0
2016,GO,5204508,0.7976368904876099,0.2023631095123901,0.0,0.0,1,1
2012,GO,5204656,0.536043730782371,0.3621455415100786,0.1018107277075504,0.0,0,0
2016,GO,5204656,0.5726215329555622,0.4273784670444378,0.0,0.0,0,0
2012,GO,5204706,0.4323677916555939,0.5522189742226946,0.015413234121711401,0.0,1,0
2016,GO,5204706,1.0,0.0,0.0,0.0,1,1
2012,GO,5204805,0.4802395209580838,0.5197604790419161,0.0,0.0,1,0
2016,GO,5204805,0.5382385730211817,0.4617614269788183,0.0,0.0,1,1
2012,GO,5204904,0.9748473525927276,0.0,0.025152647407272397,0.0,1,0
2016,GO,5204904,0.3949322442918136,0.6050677557081864,0.0,0.0,1,1
2012,GO,5204953,0.4993419320873914,0.5006580679126086,0.0,0.0,0,0
2016,GO,5204953,0.4635065984379208,0.5364934015620791,0.0,0.0,0,0
2012,GO,5205000,0.0,1.0,0.0,0.0,0,0
2016,GO,5205000,0.4104803493449782,0.5895196506550219,0.0,0.0,0,0
2012,GO,5205059,0.651685393258427,0.34831460674157305,0.0,0.0,1,0
2016,GO,5205059,0.594019728729963,0.405980271270037,0.0,0.0,1,1
2012,GO,5205109,0.030240119080261665,0.9697598809197383,0.0,0.0,1,0
2016,GO,5205109,0.0,0.9395668688905291,0.06043313110947092,0.0,1,1
2012,GO,5205307,0.5006582659394395,0.4993417340605605,0.0,0.0,0,0
2016,GO,5205307,0.0,1.0,0.0,0.0,0,0
2012,GO,5205406,0.11380345086271568,0.4186046511627907,0.46759189797449363,0.0,0,0
2016,GO,5205406,0.0,1.0,0.0,0.0,0,0
2012,GO,5205455,0.9745554874310239,0.0,0.025444512568976087,0.0,1,0
2016,GO,5205455,1.0,0.0,0.0,0.0,1,1
2012,GO,5205471,0.7065362383281458,0.2934637616718542,0.0,0.0,1,0
2016,GO,5205471,0.5001725327812284,0.4998274672187716,0.0,0.0,1,1
2012,GO,5205497,0.0,0.5429382809541841,0.457061719045816,0.0,1,0
2016,GO,5205497,0.9744700997887683,0.0255299002112317,0.0,0.0,1,1
2012,GO,5205521,0.5377229080932785,0.46227709190672156,0.0,0.0,0,0
2016,GO,5205521,0.5290771175726928,0.47092288242730723,0.0,0.0,0,0
2012,GO,5205703,0.0,1.0,0.0,0.0,0,0
2016,GO,5205703,1.0,0.0,0.0,0.0,0,0
2012,GO,5205901,0.6763587989357659,0.3236412010642341,0.0,0.0,1,0
2016,GO,5205901,0.5760377358490566,0.4239622641509434,0.0,0.0,1,1
2012,GO,5206206,0.5406173662003109,0.4593826337996891,0.0,0.0,0,0
2016,GO,5206206,0.1539677349029867,0.8460322650970133,0.0,0.0,0,0
2012,GO,5206305,0.0,1.0,0.0,0.0,1,0
2016,GO,5206305,0.0,1.0,0.0,0.0,1,1
2012,GO,5206404,0.018944012004126418,0.9798368189064991,0.0012191690893744724,0.0,0,0
2016,GO,5206404,0.635107521650287,0.3623625571664883,0.0025299211832246764,0.0,0,0
2012,GO,5206503,0.1402238314680711,0.859776168531929,0.0,0.0,0,0
2016,GO,5206503,0.03250303766707169,0.9674969623329283,0.0,0.0,0,0
2012,GO,5206602,0.0,1.0,0.0,0.0,1,0
2016,GO,5206602,0.3098464317976513,0.6901535682023487,0.0,0.0,1,1
2012,GO,5206701,0.29513399153737657,0.7048660084626234,0.0,0.0,1,0
2016,GO,5206701,0.0,1.0,0.0,0.0,1,1
2012,GO,5206909,0.5079646017699115,0.0,0.4920353982300885,0.0,1,0
2016,GO,5206909,0.7393024092053219,0.2606975907946782,0.0,0.0,1,1
2012,GO,5207105,0.41312931885488646,0.5868706811451135,0.0,0.0,0,0
2016,GO,5207105,0.0,0.4910071942446043,0.5089928057553957,0.0,0,0
2012,GO,5207253,0.0,1.0,0.0,0.0,1,0
2016,GO,5207253,0.0,1.0,0.0,0.0,1,1
2012,GO,5207352,0.0,1.0,0.0,0.0,1,0
2016,GO,5207352,0.47145754853665606,0.528542451463344,0.0,0.0,1,1
2012,GO,5207402,0.0,1.0,0.0,0.0,1,0
2016,GO,5207402,0.31556694426649584,0.6844330557335042,0.0,0.0,1,1
2012,GO,5207501,0.0,1.0,0.0,0.0,1,0
2016,GO,5207501,0.10207401382675885,0.8979259861732412,0.0,0.0,1,1
2012,GO,5207535,0.428863678631207,0.571136321368793,0.0,0.0,1,0
2016,GO,5207535,0.43133997785160577,0.5686600221483943,0.0,0.0,1,1
2012,GO,5207600,0.5094862502664677,0.4905137497335323,0.0,0.0,0,0
2016,GO,5207600,0.0820911190426202,0.9179088809573798,0.0,0.0,0,0
2012,GO,5207808,0.31993350460933956,0.6800664953906604,0.0,0.0,1,0
2016,GO,5207808,0.6660787771898883,0.3339212228101117,0.0,0.0,1,1
2012,GO,5207907,0.0,0.9926890868004785,0.0073109131995214675,0.0,0,0
2016,GO,5207907,0.5375893947322519,0.46241060526774813,0.0,0.0,0,0
2012,GO,5208004,0.5332202713487629,0.466779728651237,0.0,0.0,0,0
2016,GO,5208004,0.0,0.981103448275862,0.01889655172413793,0.0,0,0
2012,GO,5208103,0.0,1.0,0.0,0.0,1,0
2016,GO,5208103,0.4670846394984326,0.5329153605015674,0.0,0.0,1,1
2012,GO,5208152,0.7307366638441999,0.26926333615580017,0.0,0.0,0,0
2016,GO,5208152,1.0,0.0,0.0,0.0,0,0
2012,GO,5208301,0.0,1.0,0.0,0.0,0,0
2016,GO,5208301,0.48813376483279397,0.5118662351672061,0.0,0.0,0,0
2012,GO,5208509,0.0,0.47438330170777987,0.5256166982922201,0.0,0,0
2016,GO,5208509,0.0,1.0,0.0,0.0,0,0
2012,GO,5208608,0.0,1.0,0.0,0.0,1,0
2016,GO,5208608,0.0,1.0,0.0,0.0,1,1
2012,GO,5208905,0.0,0.46736868655022384,0.5326313134497761,0.0,1,0
2016,GO,5208905,0.19131306381556967,0.3827597728032075,0.42592716338122283,0.0,1,1
2012,GO,5209101,0.07317931652374247,0.9268206834762576,0.0,0.0,0,0
2016,GO,5209101,0.6114236913493419,0.37948357279212297,0.009092735858535116,0.0,0,0
2012,GO,5209150,0.5737704918032787,0.4262295081967213,0.0,0.0,0,0
2016,GO,5209150,0.4458186101295642,0.5541813898704359,0.0,0.0,0,0
2012,GO,5209291,0.0,1.0,0.0,0.0,1,0
2016,GO,5209291,0.008425720620842573,0.9915742793791574,0.0,0.0,1,1
2012,GO,5209408,0.0,0.5284840682330222,0.4715159317669778,0.0,0,0
2016,GO,5209408,0.4302730970366066,0.5697269029633933,0.0,0.0,0,0
2012,GO,5209457,0.6624775583482945,0.0,0.3375224416517056,0.0,0,0
2016,GO,5209457,0.5446954813359528,0.45530451866404714,0.0,0.0,0,0
2012,GO,5209606,0.0,1.0,0.0,0.0,0,0
2016,GO,5209606,0.5873864243719936,0.41261357562800643,0.0,0.0,0,0
2012,GO,5209804,0.0,1.0,0.0,0.0,0,0
2016,GO,5209804,0.4083149779735683,0.5916850220264317,0.0,0.0,0,0
2012,GO,5209903,0.3718923661889441,0.6281076338110558,0.0,0.0,0,0
2016,GO,5209903,0.6382946210268948,0.3617053789731051,0.0,0.0,0,0
2012,GO,5209937,0.0,1.0,0.0,0.0,0,0
2016,GO,5209937,0.3922596754057428,0.6077403245942572,0.0,0.0,0,0
2012,GO,5209952,0.9826576576576577,0.017342342342342342,0.0,0.0,0,0
2016,GO,5209952,0.3486347022145775,0.6138464846269619,0.03751881315846055,0.0,0,0
2012,GO,5210109,0.0,1.0,0.0,0.0,1,0
2016,GO,5210109,0.25739739102768056,0.7426026089723194,0.0,0.0,1,1
2012,GO,5210158,0.4753521126760563,0.5246478873239436,0.0,0.0,0,0
2016,GO,5210158,0.5446142907927479,0.455385709207252,0.0,0.0,0,0
2012,GO,5210208,0.0,1.0,0.0,0.0,0,0
2016,GO,5210208,0.35895776015536496,0.641042239844635,0.0,0.0,0,0
2012,GO,5210307,0.0,1.0,0.0,0.0,0,0
2016,GO,5210307,0.0,1.0,0.0,0.0,0,0
2012,GO,5210406,0.9487342924786013,0.0,0.051265707521398654,0.0,0,0
2016,GO,5210406,1.0,0.0,0.0,0.0,0,0
2012,GO,5210562,0.19496195224350565,0.8050380477564943,0.0,0.0,1,0
2016,GO,5210562,0.42455878697489435,0.5754412130251056,0.0,0.0,1,1
2012,GO,5210604,0.5107692307692308,0.0,0.48923076923076925,0.0,1,0
2016,GO,5210604,0.43698570809874404,0.563014291901256,0.0,0.0,1,1
2012,GO,5210802,0.5031277926720286,0.4968722073279714,0.0,0.0,1,0
2016,GO,5210802,0.04432855280312908,0.9556714471968709,0.0,0.0,1,1
2012,GO,5210901,0.043627324933573325,0.9563726750664266,0.0,0.0,0,0
2016,GO,5210901,0.4978978978978979,0.5021021021021022,0.0,0.0,0,0
2012,GO,5211008,1.0,0.0,0.0,0.0,0,0
2016,GO,5211008,0.5324496470993286,0.4675503529006714,0.0,0.0,0,0
2012,GO,5211206,0.8334487534626038,0.1665512465373961,0.0,0.0,1,0
2016,GO,5211206,0.8068576909243496,0.19314230907565041,0.0,0.0,1,1
2012,GO,5211305,0.0,1.0,0.0,0.0,0,0
2016,GO,5211305,0.0,1.0,0.0,0.0,0,0
2012,GO,5211404,0.3971476510067114,0.26929530201342283,0.33355704697986577,0.0,0,0
2016,GO,5211404,0.36098691836396757,0.6390130816360324,0.0,0.0,0,0
2012,GO,5211503,0.0,0.9683548942719976,0.031645105728002346,0.0,1,0
2016,GO,5211503,0.26151698464402046,0.7384830153559795,0.0,0.0,1,1
2012,GO,5211602,0.4346210995542348,0.5653789004457652,0.0,0.0,1,0
2016,GO,5211602,0.48701012769704977,0.5129898723029502,0.0,0.0,1,1
2012,GO,5211701,0.0,1.0,0.0,0.0,0,0
2016,GO,5211701,0.0,1.0,0.0,0.0,0,0
2012,GO,5211800,0.0,1.0,0.0,0.0,0,0
2016,GO,5211800,0.00927417770267615,0.9907258222973239,0.0,0.0,0,0
2012,GO,5211909,0.0,1.0,0.0,0.0,1,0
2016,GO,5211909,0.48517676245606783,0.5148232375439322,0.0,0.0,1,1
2012,GO,5212006,0.0,1.0,0.0,0.0,0,0
2016,GO,5212006,0.5150250417362271,0.48497495826377296,0.0,0.0,0,0
2012,GO,5212055,0.6819004524886878,0.3180995475113122,0.0,0.0,0,0
2016,GO,5212055,0.5516431924882629,0.44835680751173707,0.0,0.0,0,0
2012,GO,5212105,0.4312883435582822,0.5415132924335379,0.02719836400817996,0.0,0,0
2016,GO,5212105,0.38165097438143203,0.618349025618568,0.0,0.0,0,0
2012,GO,5212204,0.0,1.0,0.0,0.0,0,0
2016,GO,5212204,0.11091219096334186,0.8890878090366582,0.0,0.0,0,0
2012,GO,5212253,0.5581203627370157,0.44187963726298435,0.0,0.0,1,0
2016,GO,5212253,0.6392215568862275,0.36077844311377244,0.0,0.0,1,1
2012,GO,5212303,0.0,0.4253054789121009,0.5746945210878991,0.0,0,0
2016,GO,5212303,0.5378877110325874,0.0,0.46211228896741263,0.0,0,0
2012,GO,5212501,0.7296157672809969,0.23932818496233477,0.031056047756668405,0.0,0,0
2016,GO,5212501,0.4609644687750619,0.452619221962644,0.08641630926229413,0.0,0,0
2012,GO,5212600,0.3939130434782609,0.6060869565217392,0.0,0.0,0,0
2016,GO,5212600,1.0,0.0,0.0,0.0,0,0
2012,GO,5212709,0.0,1.0,0.0,0.0,1,0
2016,GO,5212709,0.5193704600484261,0.48062953995157387,0.0,0.0,1,1
2012,GO,5212808,0.0,0.9360046969029796,0.06399530309702041,0.0,1,0
2016,GO,5212808,0.5766110515842645,0.4233889484157355,0.0,0.0,1,1
2012,GO,5212907,0.42731277533039647,0.5726872246696035,0.0,0.0,1,0
2016,GO,5212907,0.46228835300153925,0.5377116469984607,0.0,0.0,1,1
2012,GO,5212956,0.45065502183406114,0.5493449781659389,0.0,0.0,0,0
2016,GO,5212956,1.0,0.0,0.0,0.0,0,0
2012,GO,5213004,0.05855182719739166,0.9414481728026084,0.0,0.0,1,0
2016,GO,5213004,0.0,1.0,0.0,0.0,1,1
2012,GO,5213053,1.0,0.0,0.0,0.0,0,0
2016,GO,5213053,0.8560237137412662,0.14397628625873385,0.0,0.0,0,0
2012,GO,5213087,0.0,1.0,0.0,0.0,0,0
2016,GO,5213087,0.4157132360659179,0.5842867639340821,0.0,0.0,0,0
2012,GO,5213103,0.0,0.7108433734939759,0.2891566265060241,0.0,0,0
2016,GO,5213103,0.0,1.0,0.0,0.0,0,0
2012,GO,5213400,0.0,1.0,0.0,0.0,1,0
2016,GO,5213400,0.0,1.0,0.0,0.0,1,1
2012,GO,5213509,1.0,0.0,0.0,0.0,1,0
2016,GO,5213509,1.0,0.0,0.0,0.0,1,1
2012,GO,5213707,0.5405603369346274,0.4544955136421901,0.004944149423182567,0.0,0,0
2016,GO,5213707,0.42531120331950206,0.5746887966804979,0.0,0.0,0,0
2012,GO,5213756,0.5133959882171413,0.11965212512273811,0.36695188666012063,0.0,1,0
2016,GO,5213756,0.511085772203218,0.48891422779678195,0.0,0.0,1,1
2012,GO,5213772,0.5266929415979935,0.47330705840200643,0.0,0.0,1,0
2016,GO,5213772,0.22495412844036697,0.775045871559633,0.0,0.0,1,1
2012,GO,5213806,0.0,1.0,0.0,0.0,1,0
2016,GO,5213806,0.13110478899952585,0.8688952110004742,0.0,0.0,1,1
2012,GO,5213855,0.5972871842843779,0.40271281571562206,0.0,0.0,0,0
2016,GO,5213855,0.6077722548576593,0.3922277451423407,0.0,0.0,0,0
2012,GO,5213905,1.0,0.0,0.0,0.0,1,0
2016,GO,5213905,0.3312374245472837,0.6687625754527163,0.0,0.0,1,1
2012,GO,5214002,0.2492564630519332,0.7507435369480668,0.0,0.0,1,0
2016,GO,5214002,0.47893544733861837,0.5210645526613816,0.0,0.0,1,1
2012,GO,5214051,1.0,0.0,0.0,0.0,0,0
2016,GO,5214051,0.8496567505720823,0.15034324942791763,0.0,0.0,0,0
2012,GO,5214101,0.4871069182389937,0.5128930817610063,0.0,0.0,1,0
2016,GO,5214101,1.0,0.0,0.0,0.0,1,1
2012,GO,5214408,0.706996930242405,0.293003069757595,0.0,0.0,0,0
2016,GO,5214408,0.6206195244055068,0.3793804755944931,0.0,0.0,0,0
2012,GO,5214606,0.4979906367817044,0.5020093632182956,0.0,0.0,0,0
2016,GO,5214606,0.7828459260737931,0.21715407392620686,0.0,0.0,0,0
2012,GO,5214705,0.0,0.5005224660397074,0.4994775339602926,0.0,0,0
2016,GO,5214705,0.0,1.0,0.0,0.0,0,0
2012,GO,5214804,0.0,0.4950724637681159,0.504927536231884,0.0,0,0
2016,GO,5214804,0.3290183387270766,0.0,0.6709816612729234,0.0,0,0
2012,GO,5214838,0.8422018348623853,0.1577981651376147,0.0,0.0,1,0
2016,GO,5214838,0.9716274793117037,0.028372520688296335,0.0,0.0,1,1
2012,GO,5214861,0.0,1.0,0.0,0.0,0,0
2016,GO,5214861,0.6523492286115007,0.3476507713884993,0.0,0.0,0,0
2012,GO,5214879,0.0,1.0,0.0,0.0,1,0
2016,GO,5214879,0.6323695080736011,0.3676304919263988,0.0,0.0,1,1
2012,GO,5214903,0.3919902912621359,0.6080097087378641,0.0,0.0,0,0
2016,GO,5214903,0.0,1.0,0.0,0.0,0,0
2012,GO,5215207,0.4589793281653747,0.5410206718346253,0.0,0.0,0,0
2016,GO,5215207,0.0,1.0,0.0,0.0,0,0
2012,GO,5215231,0.5900903382174727,0.37975101905916053,0.03015864272336675,0.0,0,0
2016,GO,5215231,0.3984978147653817,0.5860354348224334,0.015466750412184973,0.0,0,0
2012,GO,5215256,0.4881548214881548,0.5118451785118452,0.0,0.0,0,0
2016,GO,5215256,0.3189600507292327,0.6810399492707673,0.0,0.0,0,0
2012,GO,5215306,0.0,1.0,0.0,0.0,0,0
2016,GO,5215306,0.0,1.0,0.0,0.0,0,0
2012,GO,5215504,0.4272508038585209,0.5727491961414791,0.0,0.0,1,0
2016,GO,5215504,0.0,1.0,0.0,0.0,1,1
2012,GO,5215603,0.2903086552989424,0.7096913447010577,0.0,0.0,0,0
2016,GO,5215603,0.0,1.0,0.0,0.0,0,0
2012,GO,5215652,0.4927803379416283,0.5072196620583718,0.0,0.0,1,0
2016,GO,5215652,0.0,1.0,0.0,0.0,1,1
2012,GO,5215702,0.0,1.0,0.0,0.0,1,0
2016,GO,5215702,0.0,1.0,0.0,0.0,1,1
2012,GO,5215801,0.46971307120085015,0.5302869287991498,0.0,0.0,1,0
2016,GO,5215801,0.592534174553102,0.407465825446898,0.0,0.0,1,1
2012,GO,5215900,0.0,1.0,0.0,0.0,1,0
2016,GO,5215900,0.04950781702374059,0.9504921829762594,0.0,0.0,1,1
2012,GO,5216007,0.36698939603503916,0.6330106039649608,0.0,0.0,1,0
2016,GO,5216007,0.48958794860434207,0.5104120513956579,0.0,0.0,1,1
2012,GO,5216304,0.0,1.0,0.0,0.0,0,0
2016,GO,5216304,0.2761798824090259,0.7238201175909741,0.0,0.0,0,0
2012,GO,5216403,0.9747222222222223,0.025277777777777777,0.0,0.0,0,0
2016,GO,5216403,1.0,0.0,0.0,0.0,0,0
2012,GO,5216452,0.0,0.4939117199391172,0.5060882800608828,0.0,1,0
2016,GO,5216452,0.0,0.6533176285826463,0.34668237141735375,0.0,1,1
2012,GO,5216809,0.0,1.0,0.0,0.0,0,0
2016,GO,5216809,0.0,0.5040676863000325,0.49593231369996743,0.0,0,0
2012,GO,5216908,0.002979991485738612,0.9970200085142614,0.0,0.0,0,0
2016,GO,5216908,0.0,1.0,0.0,0.0,0,0
2012,GO,5217104,0.5757555847568988,0.4242444152431012,0.0,0.0,1,0
2016,GO,5217104,0.36241339880271745,0.6375866011972826,0.0,0.0,1,1
2012,GO,5217203,0.0,1.0,0.0,0.0,1,0
2016,GO,5217203,0.8937961403963217,0.10620385960367829,0.0,0.0,1,1
2012,GO,5217302,0.48388998035363456,0.506286836935167,0.009823182711198428,0.0,0,0
2016,GO,5217302,0.7638398557800646,0.2361601442199354,0.0,0.0,0,0
2012,GO,5217401,0.42117911425985455,0.5788208857401455,0.0,0.0,0,0
2016,GO,5217401,0.6135385734197928,0.38646142658020727,0.0,0.0,0,0
2012,GO,5217609,0.8325856494824692,0.07754191624270068,0.0898724342748302,0.0,1,0
2016,GO,5217609,0.7979187855034356,0.20112618758216952,0.0009550269143948603,0.0,1,1
2012,GO,5217708,0.0,1.0,0.0,0.0,0,0
2016,GO,5217708,0.35725062866722546,0.6427493713327745,0.0,0.0,0,0
2012,GO,5218003,0.0,1.0,0.0,0.0,0,0
2016,GO,5218003,0.2134576612903226,0.7865423387096774,0.0,0.0,0,0
2012,GO,5218052,0.07722007722007722,0.9227799227799228,0.0,0.0,0,0
2016,GO,5218052,0.0,1.0,0.0,0.0,0,0
2012,GO,5218102,0.0,1.0,0.0,0.0,0,0
2016,GO,5218102,0.19660493827160494,0.803395061728395,0.0,0.0,0,0
2012,GO,5218300,0.4781259150805271,0.4921815519765739,0.029692532942898975,0.0,0,0
2016,GO,5218300,0.0,0.9049394221808015,0.09506057781919851,0.0,0,0
2012,GO,5218391,0.4107205012182388,0.0,0.5892794987817612,0.0,0,0
2016,GO,5218391,0.3470273881095524,0.6529726118904475,0.0,0.0,0,0
2012,GO,5218508,0.5368218435873672,0.46317815641263277,0.0,0.0,0,0
2016,GO,5218508,0.0,1.0,0.0,0.0,0,0
2012,GO,5218607,0.45140147817598664,0.5329800585692372,0.015618463254776182,0.0,1,0
2016,GO,5218607,0.0,1.0,0.0,0.0,1,1
2012,GO,5218706,0.0,1.0,0.0,0.0,1,0
2016,GO,5218706,0.0,1.0,0.0,0.0,1,1
2012,GO,5218789,0.5665969316596932,0.0,0.43340306834030684,0.0,1,0
2016,GO,5218789,0.5469863901490603,0.45301360985093975,0.0,0.0,1,1
2012,GO,5218805,0.75432090441193,0.0,0.24567909558807002,0.0,1,0
2016,GO,5218805,0.3014194610162518,0.6985805389837482,0.0,0.0,1,1
2012,GO,5218904,0.0,1.0,0.0,0.0,0,0
2016,GO,5218904,0.15281718686663964,0.8471828131333603,0.0,0.0,0,0
2012,GO,5219001,0.5235039306914808,0.4764960693085192,0.0,0.0,0,0
2016,GO,5219001,0.37591473114858415,0.6240852688514158,0.0,0.0,0,0
2012,GO,5219100,0.0,1.0,0.0,0.0,0,0
2016,GO,5219100,0.9434133091896786,0.05658669081032141,0.0,0.0,0,0
2012,GO,5219209,0.43002640513013957,0.47642399094681254,0.09354960392304791,0.0,1,0
2016,GO,5219209,0.5549060542797495,0.4450939457202505,0.0,0.0,1,1
2012,GO,5219258,0.5495789187720728,0.4504210812279272,0.0,0.0,0,0
2016,GO,5219258,0.4674000536624631,0.5325999463375369,0.0,0.0,0,0
2012,GO,5219308,0.05238317955695395,0.6862961860623326,0.26132063438071346,0.0,1,0
2016,GO,5219308,0.5795115625675383,0.4204884374324616,0.0,0.0,1,1
2012,GO,5219357,0.7391707920792079,0.26082920792079206,0.0,0.0,1,0
2016,GO,5219357,0.472168284789644,0.527831715210356,0.0,0.0,1,1
2012,GO,5219407,0.3127007299270073,0.5337226277372262,0.15357664233576643,0.0,0,0
2016,GO,5219407,0.5471328671328671,0.45286713286713287,0.0,0.0,0,0
2012,GO,5219456,0.4593826157595451,0.5406173842404549,0.0,0.0,1,0
2016,GO,5219456,0.29122664500406176,0.7087733549959383,0.0,0.0,1,1
2012,GO,5219506,0.0,1.0,0.0,0.0,0,0
2016,GO,5219506,0.4054726368159204,0.5945273631840796,0.0,0.0,0,0
2012,GO,5219605,0.47326664367023114,0.5267333563297689,0.0,0.0,1,0
2016,GO,5219605,0.47635009310986964,0.5236499068901304,0.0,0.0,1,1
2012,GO,5219704,0.4518881118881119,0.5481118881118882,0.0,0.0,0,0
2016,GO,5219704,0.5045126353790613,0.4954873646209386,0.0,0.0,0,0
2012,GO,5219712,0.0,1.0,0.0,0.0,1,0
2016,GO,5219712,0.00830945558739255,0.9916905444126074,0.0,0.0,1,1
2012,GO,5219753,0.0,1.0,0.0,0.0,1,0
2016,GO,5219753,0.06795843864083123,0.8603923456492959,0.07164921570987283,0.0,1,1
2012,GO,5219803,0.0,1.0,0.0,0.0,0,0
2016,GO,5219803,0.0,1.0,0.0,0.0,0,0
2012,GO,5219902,0.0,1.0,0.0,0.0,0,0
2016,GO,5219902,0.3643114311431143,0.6356885688568857,0.0,0.0,0,0
2012,GO,5220009,0.6356758909018515,0.3643241090981485,0.0,0.0,0,0
2016,GO,5220009,0.5148038490007402,0.48519615099925983,0.0,0.0,0,0
2012,GO,5220058,0.5303867403314917,0.4696132596685083,0.0,0.0,0,0
2016,GO,5220058,1.0,0.0,0.0,0.0,0,0
2012,GO,5220108,0.4762212527602736,0.5237787472397264,0.0,0.0,1,0
2016,GO,5220108,0.0,1.0,0.0,0.0,1,1
2012,GO,5220157,0.43995603187688925,0.5457543281121187,0.014289640010992031,0.0,0,0
2016,GO,5220157,0.4312483504882555,0.5687516495117445,0.0,0.0,0,0
2012,GO,5220207,0.6392747477701418,0.3607252522298582,0.0,0.0,0,0
2016,GO,5220207,0.33981133413717285,0.6601886658628271,0.0,0.0,0,0
2012,GO,5220264,0.0,1.0,0.0,0.0,0,0
2016,GO,5220264,0.0,1.0,0.0,0.0,0,0
2012,GO,5220280,0.47947548460661343,0.5205245153933865,0.0,0.0,0,0
2016,GO,5220280,0.0,1.0,0.0,0.0,0,0
2012,GO,5220405,0.018640444634459172,0.9813595553655409,0.0,0.0,0,0
2016,GO,5220405,0.47469429347826086,0.5253057065217391,0.0,0.0,0,0
2012,GO,5220504,0.0,1.0,0.0,0.0,1,0
2016,GO,5220504,0.0341542750929368,0.9658457249070632,0.0,0.0,1,1
2012,GO,5220603,0.0,0.4615071945370295,0.5384928054629705,0.0,0,0
2016,GO,5220603,0.0668234643054787,0.9331765356945213,0.0,0.0,0,0
2012,GO,5220686,0.03114421123899797,0.968855788761002,0.0,0.0,1,0
2016,GO,5220686,0.040759111494500753,0.9592408885054993,0.0,0.0,1,1
2012,GO,5220702,0.0,1.0,0.0,0.0,1,0
2016,GO,5220702,0.5151515151515151,0.48484848484848486,0.0,0.0,1,1
2012,GO,5221007,0.49857954545454547,0.5014204545454546,0.0,0.0,1,0
2016,GO,5221007,0.4314214463840399,0.5685785536159601,0.0,0.0,1,1
2012,GO,5221080,0.5193868349864743,0.0,0.4806131650135257,0.0,0,0
2016,GO,5221080,0.0,1.0,0.0,0.0,0,0
2012,GO,5221304,0.0,1.0,0.0,0.0,1,0
2016,GO,5221304,0.13960735431598628,0.8603926456840137,0.0,0.0,1,1
2012,GO,5221452,0.45135135135135135,0.0,0.5486486486486486,0.0,1,0
2016,GO,5221452,0.06921824104234528,0.4820846905537459,0.44869706840390877,0.0,1,1
2012,GO,5221502,0.0,1.0,0.0,0.0,1,0
2016,GO,5221502,0.0,0.9957816377171216,0.004218362282878412,0.0,1,1
2012,GO,5221551,0.0,1.0,0.0,0.0,0,0
2016,GO,5221551,0.0,1.0,0.0,0.0,0,0
2012,GO,5221577,0.3660394265232975,0.6339605734767025,0.0,0.0,0,0
2016,GO,5221577,0.0,1.0,0.0,0.0,0,0
2012,GO,5221601,0.3935962051586125,0.6064037948413875,0.0,0.0,1,0
2016,GO,5221601,0.36842825848849947,0.6315717415115005,0.0,0.0,1,1
2012,GO,5221700,0.5243515377038416,0.4756484622961585,0.0,0.0,0,0
2016,GO,5221700,0.22250114103149246,0.7774988589685076,0.0,0.0,0,0
2012,GO,5221809,0.728659793814433,0.27134020618556703,0.0,0.0,0,0
2016,GO,5221809,0.6152506963788301,0.38474930362116994,0.0,0.0,0,0
2012,GO,5221858,0.010054949248263756,0.42310921163092424,0.566835839120812,0.0,1,0
2016,GO,5221858,0.36867220300737974,0.5175800395805205,0.1137477574120998,0.0,1,1
2012,GO,5221908,0.32483660130718955,0.6751633986928105,0.0,0.0,1,0
2016,GO,5221908,0.41045251752708733,0.5895474824729127,0.0,0.0,1,1
2012,GO,5222005,1.0,0.0,0.0,0.0,0,0
2016,GO,5222005,1.0,0.0,0.0,0.0,0,0
2012,GO,5222054,0.0,1.0,0.0,0.0,0,0
2016,GO,5222054,0.0,1.0,0.0,0.0,0,0
2012,GO,5222203,0.5196374622356495,0.48036253776435045,0.0,0.0,0,0
2016,GO,5222203,1.0,0.0,0.0,0.0,0,0
2012,GO,5222302,0.4541244573082489,0.5345875542691751,0.011287988422575976,0.0,1,0
2016,GO,5222302,0.5112579539892316,0.4887420460107685,0.0,0.0,1,1
