slug,label,category,family,frequency,pretrend_label,post_mean_ref0,post_abs_mean_ref0,max_abs_pretrend_t,n_pre_p05,n_obs,n_munis,n_treated,n_never,sample_year_min,sample_year_max,post_min_ref0,post_max_ref0,post_sign_share,n_post_raw_p05,n_post_ref0_ci_excludes0_naive,post_n,figure_path,output_dir
child_spending_share,Child/basic share of education spending,adult_eja,spending,annual,pass,17.794050687608376,17.794050687608376,1.0280764375654992,0,65846,4037,2790,1244,2004,2020,3.1568845545893467,30.42333117033168,1.0,0,0,8,resources/figures/downstream_bjs_ref0_nonhybrid/adult_eja/annual/child_spending_share_bjs_ref0_nonhybrid.png,resources/did/downstream_bjs_ref0_nonhybrid/adult_eja/annual/spending/child_spending_share
siconfi_education_pc_2008,Education Pc 2008,education,spending,annual,pass,14.82401934161344,14.82401934161344,1.399798836517624,0,81889,4037,2790,1244,2000,2020,-4.609705823396519,64.41058437305871,0.75,7,2,8,resources/figures/downstream_bjs_ref0_nonhybrid/education/annual/siconfi_education_pc_2008_bjs_ref0_nonhybrid.png,resources/did/downstream_bjs_ref0_nonhybrid/education/annual/spending/siconfi_education_pc_2008
inep_ind_municipal_dsu_em,Municipal Dsu Em,education,teacher_profile,annual,pass,11.853503638684678,11.853503638684678,1.778085142486525,0,938,4037,131,47,2011,2020,0.6950993489166902,27.04858540799852,1.0,5,5,6,resources/figures/downstream_bjs_ref0_nonhybrid/education/annual/inep_ind_municipal_dsu_em_bjs_ref0_nonhybrid.png,resources/did/downstream_bjs_ref0_nonhybrid/education/annual/teacher_profile/inep_ind_municipal_dsu_em
inep_ind_municipal_afd_em_grupo_5,Municipal Afd Em Grupo 5,education,teacher_profile,annual,pass,-8.90255931130888,8.90255931130888,1.1379458942076743,0,648,4037,96,42,2013,2020,-23.091396866711605,1.2731068310429143,0.8333333333333334,1,1,6,resources/figures/downstream_bjs_ref0_nonhybrid/education/annual/inep_ind_municipal_afd_em_grupo_5_bjs_ref0_nonhybrid.png,resources/did/downstream_bjs_ref0_nonhybrid/education/annual/teacher_profile/inep_ind_municipal_afd_em_grupo_5
ideb_municipal_ef_final_taxa_aprovacao,Municipal Ef Final Taxa Aprovacao,education,achievement,biennial,pass,4.002962952226035,4.002962952226035,1.9247950656095305,0,18817,4037,2041,761,2004,2018,0.3400182503785047,7.407281893561657,1.0,4,3,4,resources/figures/downstream_bjs_ref0_nonhybrid/education/biennial/ideb_municipal_ef_final_taxa_aprovacao_bjs_ref0_nonhybrid.png,resources/did/downstream_bjs_ref0_nonhybrid/education/biennial/achievement/ideb_municipal_ef_final_taxa_aprovacao
inep_ind_municipal_ied_em_nivel_5,Municipal Ied Em Nivel 5,education,teacher_profile,annual,pass,3.0326728877426903,3.0326728877426903,1.232287681676188,0,667,4037,97,46,2013,2020,-0.1650914995983766,8.785897057301284,0.8333333333333334,0,0,6,resources/figures/downstream_bjs_ref0_nonhybrid/education/annual/inep_ind_municipal_ied_em_nivel_5_bjs_ref0_nonhybrid.png,resources/did/downstream_bjs_ref0_nonhybrid/education/annual/teacher_profile/inep_ind_municipal_ied_em_nivel_5
ideb_publica_ef_final_taxa_aprovacao,Publica Ef Final Taxa Aprovacao,education,achievement,biennial,pass,2.706349679830673,2.706349679830673,1.665870620070302,0,27681,4037,2790,1244,2004,2018,0.071928887325821,5.55046502039393,1.0,4,3,4,resources/figures/downstream_bjs_ref0_nonhybrid/education/biennial/ideb_publica_ef_final_taxa_aprovacao_bjs_ref0_nonhybrid.png,resources/did/downstream_bjs_ref0_nonhybrid/education/biennial/achievement/ideb_publica_ef_final_taxa_aprovacao
inep_ind_municipal_tdi_em,Municipal Tdi Em,education,dropout_flow,annual,pass,-2.7063485615518887,2.7063485615518887,1.8301411884547,0,2085,4037,321,99,2006,2020,-6.579388945546016,0.1061996523536834,0.875,1,1,8,resources/figures/downstream_bjs_ref0_nonhybrid/education/annual/inep_ind_municipal_tdi_em_bjs_ref0_nonhybrid.png,resources/did/downstream_bjs_ref0_nonhybrid/education/annual/dropout_flow/inep_ind_municipal_tdi_em
ieps_mortality_csap_per_100k,IEPS CSAP mortality,birth_health,ieps,annual,pass,-2.668773665547456,2.668773665547456,1.3323048417377872,0,44383,4037,2792,1244,2010,2020,-14.223309675384938,8.630588654007697,0.625,2,3,8,resources/figures/downstream_bjs_ref0_nonhybrid/birth_health/annual/ieps_mortality_csap_per_100k_bjs_ref0_nonhybrid.png,resources/did/downstream_bjs_ref0_nonhybrid/birth_health/annual/ieps/ieps_mortality_csap_per_100k
ieps_mortality_avoidable_per_100k,IEPS avoidable mortality,birth_health,ieps,annual,pass,2.227695855161818,2.227695855161818,1.7857715264169454,0,44383,4037,2792,1244,2010,2020,0.416447708763529,7.839299257836591,1.0,4,1,8,resources/figures/downstream_bjs_ref0_nonhybrid/birth_health/annual/ieps_mortality_avoidable_per_100k_bjs_ref0_nonhybrid.png,resources/did/downstream_bjs_ref0_nonhybrid/birth_health/annual/ieps/ieps_mortality_avoidable_per_100k
saeb_municipal_grade5_math_media,Municipal Grade5 Math Media,education,achievement,biennial,pass,2.1000272259769743,2.1000272259769743,1.3814766049899512,0,18635,4037,2721,1217,2010,2018,-0.2490119714578581,6.691634177641937,0.3333333333333333,1,1,3,resources/figures/downstream_bjs_ref0_nonhybrid/education/biennial/saeb_municipal_grade5_math_media_bjs_ref0_nonhybrid.png,resources/did/downstream_bjs_ref0_nonhybrid/education/biennial/achievement/saeb_municipal_grade5_math_media
saeb_public_estadual_municipal_grade5_portuguese_saeb_low_levels_0_2,Public Estadual Municipal Grade5 Portuguese Low Levels 0 2,education,achievement,biennial,pass,-1.987803394460651,1.987803394460651,1.9076569023706007,0,19431,4037,2784,1244,2010,2018,-5.185159977964904,0.1043047850463723,0.6666666666666666,3,1,3,resources/figures/downstream_bjs_ref0_nonhybrid/education/biennial/saeb_public_estadual_municipal_grade5_portuguese_saeb_low_levels_0_2_bjs_ref0_nonhybrid.png,resources/did/downstream_bjs_ref0_nonhybrid/education/biennial/achievement/saeb_public_estadual_municipal_grade5_portuguese_saeb_low_levels_0_2
ieps_sus_beds_per_100k,IEPS SUS beds,birth_health,ieps,annual,pass,-1.9401021259224875,1.9401021259224875,1.8803830680883504,0,44395,4037,2792,1244,2010,2020,-4.000452141133261,1.1625877023348998,0.75,1,0,8,resources/figures/downstream_bjs_ref0_nonhybrid/birth_health/annual/ieps_sus_beds_per_100k_bjs_ref0_nonhybrid.png,resources/did/downstream_bjs_ref0_nonhybrid/birth_health/annual/ieps/ieps_sus_beds_per_100k
inep_ind_municipal_taxa_aprovacao_ef_anos_finais,Municipal Taxa Aprovacao Ef Anos Finais,education,dropout_flow,annual,pass,1.911407056523892,1.911407056523892,1.2933530189369007,0,37729,4037,2281,864,2007,2019,0.0081923389793736,6.681342245391159,1.0,3,3,8,resources/figures/downstream_bjs_ref0_nonhybrid/education/annual/inep_ind_municipal_taxa_aprovacao_ef_anos_finais_bjs_ref0_nonhybrid.png,resources/did/downstream_bjs_ref0_nonhybrid/education/annual/dropout_flow/inep_ind_municipal_taxa_aprovacao_ef_anos_finais
inep_ind_municipal_taxa_abandono_ef_anos_finais,Municipal Taxa Abandono Ef Anos Finais,education,dropout_flow,annual,pass,-1.043052280669351,1.043052280669351,1.5709169586576035,0,37729,4037,2281,864,2007,2019,-3.67951005764324,0.0584557136552937,0.875,4,3,8,resources/figures/downstream_bjs_ref0_nonhybrid/education/annual/inep_ind_municipal_taxa_abandono_ef_anos_finais_bjs_ref0_nonhybrid.png,resources/did/downstream_bjs_ref0_nonhybrid/education/annual/dropout_flow/inep_ind_municipal_taxa_abandono_ef_anos_finais
inep_ind_municipal_ied_em_nivel_6,Municipal Ied Em Nivel 6,education,teacher_profile,annual,pass,-1.0081235364737835,1.0081235364737835,1.1732887371828515,0,667,4037,97,46,2013,2020,-2.1107854932198995,-0.2965488398386746,1.0,0,0,6,resources/figures/downstream_bjs_ref0_nonhybrid/education/annual/inep_ind_municipal_ied_em_nivel_6_bjs_ref0_nonhybrid.png,resources/did/downstream_bjs_ref0_nonhybrid/education/annual/teacher_profile/inep_ind_municipal_ied_em_nivel_6
inep_ind_municipal_taxa_reprovacao_ef_anos_finais,Municipal Taxa Reprovacao Ef Anos Finais,education,dropout_flow,annual,pass,-0.8683547765640295,0.8683547765640295,1.3024787684951062,0,37729,4037,2281,864,2007,2019,-3.00183218889496,0.0561083502217388,0.875,2,3,8,resources/figures/downstream_bjs_ref0_nonhybrid/education/annual/inep_ind_municipal_taxa_reprovacao_ef_anos_finais_bjs_ref0_nonhybrid.png,resources/did/downstream_bjs_ref0_nonhybrid/education/annual/dropout_flow/inep_ind_municipal_taxa_reprovacao_ef_anos_finais
inep_ind_municipal_taxa_reprovacao_ef,Municipal Taxa Reprovacao Ef,education,dropout_flow,annual,pass,-0.7360625125586598,0.7360625125586598,1.5546438403108471,0,52118,4037,2784,1242,2007,2019,-3.1507926030075923,-0.0131609378530065,1.0,3,4,8,resources/figures/downstream_bjs_ref0_nonhybrid/education/annual/inep_ind_municipal_taxa_reprovacao_ef_bjs_ref0_nonhybrid.png,resources/did/downstream_bjs_ref0_nonhybrid/education/annual/dropout_flow/inep_ind_municipal_taxa_reprovacao_ef
inep_ind_municipal_atu_ef_anos_finais,Municipal Atu Ef Anos Finais,education,school_inputs,annual,pass,-0.697528516538783,0.697528516538783,1.1842963231942312,0,41339,4037,2779,1238,2007,2020,-2.403113637327124,0.2863403394416176,0.625,6,4,8,resources/figures/downstream_bjs_ref0_nonhybrid/education/annual/inep_ind_municipal_atu_ef_anos_finais_bjs_ref0_nonhybrid.png,resources/did/downstream_bjs_ref0_nonhybrid/education/annual/school_inputs/inep_ind_municipal_atu_ef_anos_finais
inep_ind_municipal_taxa_reprovacao_em,Municipal Taxa Reprovacao Em,education,dropout_flow,annual,pass,-0.6248527389009857,0.6248527389009857,1.8026341325205395,0,1829,4037,335,115,2007,2019,-5.8167070194136725,2.250145395480775,0.25,2,2,8,resources/figures/downstream_bjs_ref0_nonhybrid/education/annual/inep_ind_municipal_taxa_reprovacao_em_bjs_ref0_nonhybrid.png,resources/did/downstream_bjs_ref0_nonhybrid/education/annual/dropout_flow/inep_ind_municipal_taxa_reprovacao_em
inep_ind_publica_ird_baixa_regularidade,Publica Ird Baixa Regularidade,education,teacher_profile,annual,pass,0.6034052140409595,0.6034052140409595,1.660412285043698,0,32288,4037,2792,1244,2013,2020,-0.1364247080262328,1.6314249286925226,0.8333333333333334,2,2,6,resources/figures/downstream_bjs_ref0_nonhybrid/education/annual/inep_ind_publica_ird_baixa_regularidade_bjs_ref0_nonhybrid.png,resources/did/downstream_bjs_ref0_nonhybrid/education/annual/teacher_profile/inep_ind_publica_ird_baixa_regularidade
inep_ind_municipal_ird_baixa_regularidade,Municipal Ird Baixa Regularidade,education,teacher_profile,annual,pass,0.5360895608024246,0.5360895608024246,1.829937892532768,0,32266,4037,2790,1244,2013,2020,-0.0557451959891321,1.3513266838731433,0.8333333333333334,0,0,6,resources/figures/downstream_bjs_ref0_nonhybrid/education/annual/inep_ind_municipal_ird_baixa_regularidade_bjs_ref0_nonhybrid.png,resources/did/downstream_bjs_ref0_nonhybrid/education/annual/teacher_profile/inep_ind_municipal_ird_baixa_regularidade
saeb_municipal_grade5_portuguese_media,Municipal Grade5 Portuguese Media,education,achievement,biennial,pass,0.4792170868961811,0.4792170868961811,1.705917505381466,0,18635,4037,2721,1217,2010,2018,-0.8219720936544461,2.8301897309320188,0.3333333333333333,1,1,3,resources/figures/downstream_bjs_ref0_nonhybrid/education/biennial/saeb_municipal_grade5_portuguese_media_bjs_ref0_nonhybrid.png,resources/did/downstream_bjs_ref0_nonhybrid/education/biennial/achievement/saeb_municipal_grade5_portuguese_media
sinasc_lowedu_prenatal_adequate_share_known_pp,Adequate prenatal visits share: Low education proxy,birth_health,sinasc_lowedu,annual,pass,0.3558520945399394,0.3558520945399394,1.6864610550548575,0,27970,4037,2792,1244,2014,2020,-0.0762846844572553,1.0825432445288008,0.5,1,1,4,resources/figures/downstream_bjs_ref0_nonhybrid/birth_health/annual/sinasc_lowedu_prenatal_adequate_share_known_pp_bjs_ref0_nonhybrid.png,resources/did/downstream_bjs_ref0_nonhybrid/birth_health/annual/sinasc_lowedu/sinasc_lowedu_prenatal_adequate_share_known_pp
ieps_sus_icu_beds_per_100k,IEPS SUS ICU beds,birth_health,ieps,annual,pass,0.2906427577103494,0.2906427577103494,1.4560636795323454,0,44395,4037,2792,1244,2010,2020,-0.066105241915663,0.6802525129903084,0.875,2,0,8,resources/figures/downstream_bjs_ref0_nonhybrid/birth_health/annual/ieps_sus_icu_beds_per_100k_bjs_ref0_nonhybrid.png,resources/did/downstream_bjs_ref0_nonhybrid/birth_health/annual/ieps/ieps_sus_icu_beds_per_100k
imun_bcg_pp,BCG coverage,birth_health,immunization,annual,pass,0.2775169544090362,0.2775169544090362,1.7265605878082275,0,84548,4037,2792,1244,2000,2020,-5.404013594658011,4.708821732476975,0.625,3,3,8,resources/figures/downstream_bjs_ref0_nonhybrid/birth_health/annual/imun_bcg_pp_bjs_ref0_nonhybrid.png,resources/did/downstream_bjs_ref0_nonhybrid/birth_health/annual/immunization/imun_bcg_pp
sinasc_highedu_low_apgar1_share_known_pp,Low Apgar 1 share: High education proxy,birth_health,sinasc_highedu,annual,pass,0.2667995726070996,0.2667995726070996,0.9286189949070792,0,84296,4037,2792,1244,2000,2020,0.0035434732526117,0.5810603028262459,1.0,4,1,8,resources/figures/downstream_bjs_ref0_nonhybrid/birth_health/annual/sinasc_highedu_low_apgar1_share_known_pp_bjs_ref0_nonhybrid.png,resources/did/downstream_bjs_ref0_nonhybrid/birth_health/annual/sinasc_highedu/sinasc_highedu_low_apgar1_share_known_pp
sinasc_lowedu_low_birthweight_share_total_pp,Low-birthweight share: Low education proxy,birth_health,sinasc_lowedu,annual,pass,-0.217057134904742,0.217057134904742,1.9399443143989643,0,84312,4037,2792,1244,2000,2020,-0.5652547106206961,0.09205842649973,0.75,1,0,8,resources/figures/downstream_bjs_ref0_nonhybrid/birth_health/annual/sinasc_lowedu_low_birthweight_share_total_pp_bjs_ref0_nonhybrid.png,resources/did/downstream_bjs_ref0_nonhybrid/birth_health/annual/sinasc_lowedu/sinasc_lowedu_low_birthweight_share_total_pp
inep_ind_publica_ied_ef_nivel_5,Publica Ied Ef Nivel 5,education,teacher_profile,annual,pass,0.1944313549457905,0.1944313549457905,1.6152729601619618,0,32288,4037,2792,1244,2013,2020,-0.2306579348426835,0.9678466267765438,0.6666666666666666,3,1,6,resources/figures/downstream_bjs_ref0_nonhybrid/education/annual/inep_ind_publica_ied_ef_nivel_5_bjs_ref0_nonhybrid.png,resources/did/downstream_bjs_ref0_nonhybrid/education/annual/teacher_profile/inep_ind_publica_ied_ef_nivel_5
inep_transition_total_taxa_repetencia_em,Total Taxa Repetencia Em,education,dropout_flow,annual,pass,-0.1471713326512972,0.1471713326512972,1.949150371885768,0,52267,4037,2786,1244,2008,2020,-1.2369574107318675,0.6955176524176411,0.5,5,5,8,resources/figures/downstream_bjs_ref0_nonhybrid/education/annual/inep_transition_total_taxa_repetencia_em_bjs_ref0_nonhybrid.png,resources/did/downstream_bjs_ref0_nonhybrid/education/annual/dropout_flow/inep_transition_total_taxa_repetencia_em
sinasc_lowedu_very_low_birthweight_share_total_pp,Very-low-birthweight share: Low education proxy,birth_health,sinasc_lowedu,annual,pass,-0.1121675827964518,0.1121675827964518,1.3078565666858428,0,84312,4037,2792,1244,2000,2020,-0.2963943355220413,0.0701658844448775,0.875,0,1,8,resources/figures/downstream_bjs_ref0_nonhybrid/birth_health/annual/sinasc_lowedu_very_low_birthweight_share_total_pp_bjs_ref0_nonhybrid.png,resources/did/downstream_bjs_ref0_nonhybrid/birth_health/annual/sinasc_lowedu/sinasc_lowedu_very_low_birthweight_share_total_pp
sinasc_all_low_apgar1_share_known_pp,Low Apgar 1 share: All mothers,birth_health,sinasc_all,annual,pass,0.1087250054556876,0.1087250054556876,1.565827609288007,0,84509,4037,2792,1244,2000,2020,-0.3344814561333054,0.4120320387421129,0.75,2,0,8,resources/figures/downstream_bjs_ref0_nonhybrid/birth_health/annual/sinasc_all_low_apgar1_share_known_pp_bjs_ref0_nonhybrid.png,resources/did/downstream_bjs_ref0_nonhybrid/birth_health/annual/sinasc_all/sinasc_all_low_apgar1_share_known_pp
log_child_spending_pc,Child/basic education spending per capita,adult_eja,spending,annual,pass,0.0896085827800871,0.0896085827800871,1.6937292852005532,0,68575,4037,2792,1244,2004,2020,-0.0030389877694675,0.2385844803224284,0.875,2,5,8,resources/figures/downstream_bjs_ref0_nonhybrid/adult_eja/annual/log_child_spending_pc_bjs_ref0_nonhybrid.png,resources/did/downstream_bjs_ref0_nonhybrid/adult_eja/annual/spending/log_child_spending_pc
inep_ind_municipal_atu_em,Municipal Atu Em,education,school_inputs,annual,pass,-0.0649224144627483,0.0649224144627483,1.3617490496349596,0,1786,4037,276,84,2007,2020,-2.706344845167264,2.154348909391449,0.5,1,1,8,resources/figures/downstream_bjs_ref0_nonhybrid/education/annual/inep_ind_municipal_atu_em_bjs_ref0_nonhybrid.png,resources/did/downstream_bjs_ref0_nonhybrid/education/annual/school_inputs/inep_ind_municipal_atu_em
siconfi_annual_infrastructure_spending_log_pc,"Infrastructure expenditure per capita, log(1+x), annual",siconfi_log_pc,infrastructure_spending,annual,pass,0.0482873695760161,0.0482873695760161,1.3259609420392249,0,81889,4036,2790,1244,2000,2020,0.0017781839048459,0.1453244965911118,1.0,5,2,8,resources/figures/downstream_bjs_ref0_nonhybrid/siconfi_log_pc/annual/siconfi_annual_infrastructure_spending_log_pc_bjs_ref0_nonhybrid.png,resources/did/downstream_bjs_ref0_nonhybrid/siconfi_log_pc/annual/infrastructure_spending/siconfi_annual_infrastructure_spending_log_pc
imun_hepatite_b_rn_pp,Hepatitis B newborn coverage,birth_health,immunization,annual,pass,0.0435173277156799,0.0435173277156799,1.7993009940141176,0,28244,4037,2792,1244,2014,2020,-2.2995656389292884,4.1049449074461055,0.25,0,0,4,resources/figures/downstream_bjs_ref0_nonhybrid/birth_health/annual/imun_hepatite_b_rn_pp_bjs_ref0_nonhybrid.png,resources/did/downstream_bjs_ref0_nonhybrid/birth_health/annual/immunization/imun_hepatite_b_rn_pp
siconfi_cycle2_urbanism_log_pc,"Urbanism expenditure per capita, log(1+x), cycle2",siconfi_log_pc,urbanism,cycle2,pass,0.0410664253114168,0.0410664253114168,1.7811165624148604,0,44016,4036,2790,1244,2000,2020,0.0157803093156947,0.0876204869293033,1.0,3,1,4,resources/figures/downstream_bjs_ref0_nonhybrid/siconfi_log_pc/cycle2/siconfi_cycle2_urbanism_log_pc_bjs_ref0_nonhybrid.png,resources/did/downstream_bjs_ref0_nonhybrid/siconfi_log_pc/cycle2/urbanism/siconfi_cycle2_urbanism_log_pc
ideb_municipal_ef_final_indicador_rendimento,Municipal Ef Final Indicador Rendimento,education,achievement,biennial,pass,0.0395083442035527,0.0395083442035527,1.8590696049132696,0,18816,4037,2041,761,2004,2018,0.0039946109783013,0.0712916108702396,1.0,4,3,4,resources/figures/downstream_bjs_ref0_nonhybrid/education/biennial/ideb_municipal_ef_final_indicador_rendimento_bjs_ref0_nonhybrid.png,resources/did/downstream_bjs_ref0_nonhybrid/education/biennial/achievement/ideb_municipal_ef_final_indicador_rendimento
inep_ind_municipal_had_em,Municipal Had Em,education,school_inputs,annual,pass,0.0336241225721692,0.0336241225721692,1.2380752735927494,0,1099,4037,151,49,2010,2020,-0.0546378377413032,0.1305458325728985,0.6666666666666666,0,0,6,resources/figures/downstream_bjs_ref0_nonhybrid/education/annual/inep_ind_municipal_had_em_bjs_ref0_nonhybrid.png,resources/did/downstream_bjs_ref0_nonhybrid/education/annual/school_inputs/inep_ind_municipal_had_em
ideb_publica_ef_final_indicador_rendimento,Publica Ef Final Indicador Rendimento,education,achievement,biennial,pass,0.0269962661968538,0.0269962661968538,1.8574941805723644,0,27681,4037,2790,1244,2004,2018,0.0014434696027254,0.0537227888744775,1.0,4,3,4,resources/figures/downstream_bjs_ref0_nonhybrid/education/biennial/ideb_publica_ef_final_indicador_rendimento_bjs_ref0_nonhybrid.png,resources/did/downstream_bjs_ref0_nonhybrid/education/biennial/achievement/ideb_publica_ef_final_indicador_rendimento
ieps_doctors_per_1000,IEPS doctors,birth_health,ieps,annual,pass,-0.0250368539901724,0.0250368539901724,0.9536477256018414,0,44383,4037,2792,1244,2010,2020,-0.0889357741433775,0.0105937082718582,0.625,2,2,8,resources/figures/downstream_bjs_ref0_nonhybrid/birth_health/annual/ieps_doctors_per_1000_bjs_ref0_nonhybrid.png,resources/did/downstream_bjs_ref0_nonhybrid/birth_health/annual/ieps/ieps_doctors_per_1000
sinasc_dedicated_low_birthweight_low_education_share,SINASC low-birthweight share: low education proxy,birth_health,sinasc_dedicated,annual,pass,-0.00217057127328,0.00217057127328,1.9399443143991173,0,84312,4037,2792,1244,2000,2020,-0.0056525470102482,0.0009205842655807,0.75,1,0,8,resources/figures/downstream_bjs_ref0_nonhybrid/birth_health/annual/sinasc_dedicated_low_birthweight_low_education_share_bjs_ref0_nonhybrid.png,resources/did/downstream_bjs_ref0_nonhybrid/birth_health/annual/sinasc_dedicated/sinasc_dedicated_low_birthweight_low_education_share
inep_ind_municipal_afd_em_grupo_1,Municipal Afd Em Grupo 1,education,teacher_profile,annual,near,5.931131554954919,5.931131554954919,2.299583746391704,1,648,4037,96,42,2013,2020,-0.8659193316611193,19.31668628692217,0.6666666666666666,1,1,6,resources/figures/downstream_bjs_ref0_nonhybrid/education/annual/inep_ind_municipal_afd_em_grupo_1_bjs_ref0_nonhybrid.png,resources/did/downstream_bjs_ref0_nonhybrid/education/annual/teacher_profile/inep_ind_municipal_afd_em_grupo_1
inep_ind_municipal_taxa_abandono_em,Municipal Taxa Abandono Em,education,dropout_flow,annual,near,-5.616857160226399,5.616857160226399,2.326350361192956,1,1829,4037,335,115,2007,2019,-11.637498110267748,0.0179475692803595,0.875,5,5,8,resources/figures/downstream_bjs_ref0_nonhybrid/education/annual/inep_ind_municipal_taxa_abandono_em_bjs_ref0_nonhybrid.png,resources/did/downstream_bjs_ref0_nonhybrid/education/annual/dropout_flow/inep_ind_municipal_taxa_abandono_em
saeb_public_estadual_municipal_grade5_math_media,Public Estadual Municipal Grade5 Math Media,education,achievement,biennial,near,2.176792177836288,2.176792177836288,2.533770946135857,1,19431,4037,2784,1244,2010,2018,-0.3259211002540912,6.88263564156861,0.3333333333333333,1,1,3,resources/figures/downstream_bjs_ref0_nonhybrid/education/biennial/saeb_public_estadual_municipal_grade5_math_media_bjs_ref0_nonhybrid.png,resources/did/downstream_bjs_ref0_nonhybrid/education/biennial/achievement/saeb_public_estadual_municipal_grade5_math_media
inep_ind_municipal_afd_ef_grupo_1,Municipal Afd Ef Grupo 1,education,teacher_profile,annual,near,-1.0559887476682692,1.0559887476682692,2.5118589090972168,1,32173,4037,2784,1241,2013,2020,-1.8265961779996351,-0.4093900499346932,1.0,5,2,6,resources/figures/downstream_bjs_ref0_nonhybrid/education/annual/inep_ind_municipal_afd_ef_grupo_1_bjs_ref0_nonhybrid.png,resources/did/downstream_bjs_ref0_nonhybrid/education/annual/teacher_profile/inep_ind_municipal_afd_ef_grupo_1
sinasc_all_teen_mother_share_known_pp,Teen mother share: All mothers,birth_health,sinasc_all,annual,near,1.0233316797904546,1.0233316797904546,2.3862449163659343,1,84609,4037,2792,1244,2000,2020,0.1533377304012652,2.249255593607478,1.0,6,6,8,resources/figures/downstream_bjs_ref0_nonhybrid/birth_health/annual/sinasc_all_teen_mother_share_known_pp_bjs_ref0_nonhybrid.png,resources/did/downstream_bjs_ref0_nonhybrid/birth_health/annual/sinasc_all/sinasc_all_teen_mother_share_known_pp
sinasc_lowedu_very_preterm_share_known_pp,Very-preterm birth share: Low education proxy,birth_health,sinasc_lowedu,annual,near,-0.2546182590765269,0.2546182590765269,2.0269454629100987,1,84306,4037,2792,1244,2000,2020,-0.4032709646908684,-0.0650998771461988,1.0,0,4,8,resources/figures/downstream_bjs_ref0_nonhybrid/birth_health/annual/sinasc_lowedu_very_preterm_share_known_pp_bjs_ref0_nonhybrid.png,resources/did/downstream_bjs_ref0_nonhybrid/birth_health/annual/sinasc_lowedu/sinasc_lowedu_very_preterm_share_known_pp
sinasc_lowedu_multiple_pregnancy_share_known_pp,Multiple pregnancy share: Low education proxy,birth_health,sinasc_lowedu,annual,near,-0.1641352761742289,0.1641352761742289,1.98846444832248,1,84310,4037,2792,1244,2000,2020,-0.3399036925301836,0.0240117592474269,0.875,0,1,8,resources/figures/downstream_bjs_ref0_nonhybrid/birth_health/annual/sinasc_lowedu_multiple_pregnancy_share_known_pp_bjs_ref0_nonhybrid.png,resources/did/downstream_bjs_ref0_nonhybrid/birth_health/annual/sinasc_lowedu/sinasc_lowedu_multiple_pregnancy_share_known_pp
sinasc_highedu_preterm_share_known_pp,Preterm birth share: High education proxy,birth_health,sinasc_highedu,annual,near,0.1460398882366212,0.1460398882366212,2.44213663228476,1,84578,4037,2792,1244,2000,2020,-0.0721290632776182,0.6348462164960956,0.75,1,1,8,resources/figures/downstream_bjs_ref0_nonhybrid/birth_health/annual/sinasc_highedu_preterm_share_known_pp_bjs_ref0_nonhybrid.png,resources/did/downstream_bjs_ref0_nonhybrid/birth_health/annual/sinasc_highedu/sinasc_highedu_preterm_share_known_pp
inep_transition_publica_taxa_repetencia_em,Publica Taxa Repetencia Em,education,dropout_flow,annual,near,-0.1222981985930796,0.1222981985930796,2.0844745612073594,1,52266,4037,2786,1244,2008,2020,-1.196597488640348,0.7322315979246528,0.375,5,5,8,resources/figures/downstream_bjs_ref0_nonhybrid/education/annual/inep_transition_publica_taxa_repetencia_em_bjs_ref0_nonhybrid.png,resources/did/downstream_bjs_ref0_nonhybrid/education/annual/dropout_flow/inep_transition_publica_taxa_repetencia_em
inep_ind_municipal_ied_ef_nivel_5,Municipal Ied Ef Nivel 5,education,teacher_profile,annual,near,0.0860664562317806,0.0860664562317806,2.249272207315129,1,32184,4037,2784,1241,2013,2020,0.0288262498909286,0.1559006840674572,1.0,1,0,6,resources/figures/downstream_bjs_ref0_nonhybrid/education/annual/inep_ind_municipal_ied_ef_nivel_5_bjs_ref0_nonhybrid.png,resources/did/downstream_bjs_ref0_nonhybrid/education/annual/teacher_profile/inep_ind_municipal_ied_ef_nivel_5
siconfi_cycle2_infrastructure_spending_log_pc,"Infrastructure expenditure per capita, log(1+x), cycle2",siconfi_log_pc,infrastructure_spending,cycle2,near,0.0768722183674591,0.0768722183674591,2.056386366040247,1,44016,4036,2790,1244,2000,2020,0.0119860784162392,0.1567460113801657,1.0,4,2,4,resources/figures/downstream_bjs_ref0_nonhybrid/siconfi_log_pc/cycle2/siconfi_cycle2_infrastructure_spending_log_pc_bjs_ref0_nonhybrid.png,resources/did/downstream_bjs_ref0_nonhybrid/siconfi_log_pc/cycle2/infrastructure_spending/siconfi_cycle2_infrastructure_spending_log_pc
sinasc_highedu_very_low_birthweight_share_total_pp,Very-low-birthweight share: High education proxy,birth_health,sinasc_highedu,annual,near,0.051730524999253,0.051730524999253,2.0780257597207195,1,84584,4037,2792,1244,2000,2020,-0.0101512031634161,0.1474425877793546,0.75,1,0,8,resources/figures/downstream_bjs_ref0_nonhybrid/birth_health/annual/sinasc_highedu_very_low_birthweight_share_total_pp_bjs_ref0_nonhybrid.png,resources/did/downstream_bjs_ref0_nonhybrid/birth_health/annual/sinasc_highedu/sinasc_highedu_very_low_birthweight_share_total_pp
sinasc_all_very_low_birthweight_share_total_pp,Very-low-birthweight share: All mothers,birth_health,sinasc_all,annual,near,0.0365750291134149,0.0365750291134149,2.252124105479771,1,84609,4037,2792,1244,2000,2020,-0.0235497416970324,0.1655477850128986,0.75,1,1,8,resources/figures/downstream_bjs_ref0_nonhybrid/birth_health/annual/sinasc_all_very_low_birthweight_share_total_pp_bjs_ref0_nonhybrid.png,resources/did/downstream_bjs_ref0_nonhybrid/birth_health/annual/sinasc_all/sinasc_all_very_low_birthweight_share_total_pp
siconfi_annual_urbanism_share_total_revenue,"Urbanism share of total revenue, annual",siconfi_spending_shares,share_total_revenue,annual,near,-0.006852453715676,0.006852453715676,1.9959200459853053,1,81849,4036,2790,1244,2000,2020,-0.0187911736404623,0.0274419855962196,0.875,1,0,8,resources/figures/downstream_bjs_ref0_nonhybrid/siconfi_spending_shares/annual/siconfi_annual_urbanism_share_total_revenue_bjs_ref0_nonhybrid.png,resources/did/downstream_bjs_ref0_nonhybrid/siconfi_spending_shares/annual/share_total_revenue/siconfi_annual_urbanism_share_total_revenue
siconfi_cycle2_education_share_total_spending,"Education share of total expenditure, cycle2",siconfi_spending_shares,share_total_spending,cycle2,near,0.0028320289248624,0.0028320289248624,2.1746819182598847,1,44015,4036,2790,1244,2000,2020,-0.0011614041968722,0.011309262005366,0.75,2,1,4,resources/figures/downstream_bjs_ref0_nonhybrid/siconfi_spending_shares/cycle2/siconfi_cycle2_education_share_total_spending_bjs_ref0_nonhybrid.png,resources/did/downstream_bjs_ref0_nonhybrid/siconfi_spending_shares/cycle2/share_total_spending/siconfi_cycle2_education_share_total_spending
siconfi_cycle2_urbanism_share_total_revenue,"Urbanism share of total revenue, cycle2",siconfi_spending_shares,share_total_revenue,cycle2,near,-0.0020748492486149,0.0020748492486149,1.971914184846774,1,44014,4036,2790,1244,2000,2020,-0.0058013327686942,-0.0001060294083072,1.0,2,0,4,resources/figures/downstream_bjs_ref0_nonhybrid/siconfi_spending_shares/cycle2/siconfi_cycle2_urbanism_share_total_revenue_bjs_ref0_nonhybrid.png,resources/did/downstream_bjs_ref0_nonhybrid/siconfi_spending_shares/cycle2/share_total_revenue/siconfi_cycle2_urbanism_share_total_revenue
siconfi_cycle2_urbanism_share_total_spending,"Urbanism share of total expenditure, cycle2",siconfi_spending_shares,share_total_spending,cycle2,near,-0.001874300068956,0.001874300068956,2.23238735526965,1,44015,4036,2790,1244,2000,2020,-0.0059040848417049,0.0002999263661667,0.75,1,0,4,resources/figures/downstream_bjs_ref0_nonhybrid/siconfi_spending_shares/cycle2/siconfi_cycle2_urbanism_share_total_spending_bjs_ref0_nonhybrid.png,resources/did/downstream_bjs_ref0_nonhybrid/siconfi_spending_shares/cycle2/share_total_spending/siconfi_cycle2_urbanism_share_total_spending
siconfi_cycle2_infrastructure_spending_share_total_revenue,"Infrastructure share of total revenue, cycle2",siconfi_spending_shares,share_total_revenue,cycle2,near,0.0015751993806319,0.0015751993806319,2.19444062696287,1,44014,4036,2790,1244,2000,2020,-0.0015759085061886,0.0046862582162213,0.75,1,0,4,resources/figures/downstream_bjs_ref0_nonhybrid/siconfi_spending_shares/cycle2/siconfi_cycle2_infrastructure_spending_share_total_revenue_bjs_ref0_nonhybrid.png,resources/did/downstream_bjs_ref0_nonhybrid/siconfi_spending_shares/cycle2/share_total_revenue/siconfi_cycle2_infrastructure_spending_share_total_revenue
siconfi_cycle2_infrastructure_spending_share_total_spending,"Infrastructure share of total expenditure, cycle2",siconfi_spending_shares,share_total_spending,cycle2,near,0.0015248003693629,0.0015248003693629,2.4824944459869176,1,44015,4036,2790,1244,2000,2020,-0.0012157979593363,0.0043631033118392,0.75,1,0,4,resources/figures/downstream_bjs_ref0_nonhybrid/siconfi_spending_shares/cycle2/siconfi_cycle2_infrastructure_spending_share_total_spending_bjs_ref0_nonhybrid.png,resources/did/downstream_bjs_ref0_nonhybrid/siconfi_spending_shares/cycle2/share_total_spending/siconfi_cycle2_infrastructure_spending_share_total_spending
municipal_state_transport_share,Municipal-school students with state-responsibility transport,school_access_transport,municipal_school_access,annual,near,0.0005136300392284,0.0005136300392284,2.431622366747292,1,52365,4037,2790,1244,2008,2020,-0.0006426907773221,0.0017646628607706,0.625,6,2,8,resources/figures/downstream_bjs_ref0_nonhybrid/school_access_transport/annual/municipal_state_transport_share_bjs_ref0_nonhybrid.png,resources/did/downstream_bjs_ref0_nonhybrid/school_access_transport/annual/municipal_school_access/municipal_state_transport_share
ieps_hospitalizations_csap_per_100k,IEPS CSAP hospitalizations,birth_health,ieps,annual,fail,64.9117418976661,64.9117418976661,2.954512318578548,1,44383,4037,2792,1244,2010,2020,-40.6346228909294,233.6121789654839,0.75,4,3,8,resources/figures/downstream_bjs_ref0_nonhybrid/birth_health/annual/ieps_hospitalizations_csap_per_100k_bjs_ref0_nonhybrid.png,resources/did/downstream_bjs_ref0_nonhybrid/birth_health/annual/ieps/ieps_hospitalizations_csap_per_100k
ieps_hospitalizations_per_100k,IEPS hospitalizations,birth_health,ieps,annual,fail,33.76582604570257,33.76582604570257,2.458045603382019,2,44383,4037,2792,1244,2010,2020,-301.35707225583656,281.85014762443467,0.5,4,4,8,resources/figures/downstream_bjs_ref0_nonhybrid/birth_health/annual/ieps_hospitalizations_per_100k_bjs_ref0_nonhybrid.png,resources/did/downstream_bjs_ref0_nonhybrid/birth_health/annual/ieps/ieps_hospitalizations_per_100k
siconfi_investment_spending_pc_2008,Investment Spending Pc 2008,education,spending,annual,fail,-17.829216766873174,17.829216766873174,4.920481182574141,4,81889,4037,2790,1244,2000,2020,-50.24972151341081,0.5200074962657641,0.875,2,4,8,resources/figures/downstream_bjs_ref0_nonhybrid/education/annual/siconfi_investment_spending_pc_2008_bjs_ref0_nonhybrid.png,resources/did/downstream_bjs_ref0_nonhybrid/education/annual/spending/siconfi_investment_spending_pc_2008
ieps_mortality_per_100k,IEPS mortality,birth_health,ieps,annual,fail,9.057425650308772,9.057425650308772,6.59944458157464,5,44383,4037,2792,1244,2010,2020,-4.999190748446419,27.507395766685995,0.75,7,3,8,resources/figures/downstream_bjs_ref0_nonhybrid/birth_health/annual/ieps_mortality_per_100k_bjs_ref0_nonhybrid.png,resources/did/downstream_bjs_ref0_nonhybrid/birth_health/annual/ieps/ieps_mortality_per_100k
sim_mortality_per_100k,SIM all-cause mortality,birth_health,sim,annual,fail,6.797015922998554,6.797015922998554,7.232461872722089,8,84633,4037,2792,1244,2000,2020,-4.702045385513502,18.702268612790924,0.75,7,3,8,resources/figures/downstream_bjs_ref0_nonhybrid/birth_health/annual/sim_mortality_per_100k_bjs_ref0_nonhybrid.png,resources/did/downstream_bjs_ref0_nonhybrid/birth_health/annual/sim/sim_mortality_per_100k
sinasc_dedicated_mean_birthweight_low_education,SINASC mean birthweight: low education proxy,birth_health,sinasc_dedicated,annual,fail,6.439044545031084,6.439044545031084,3.499659258710235,2,84310,4037,2792,1244,2000,2020,-0.8859905511265715,13.668906320958042,0.875,2,0,8,resources/figures/downstream_bjs_ref0_nonhybrid/birth_health/annual/sinasc_dedicated_mean_birthweight_low_education_bjs_ref0_nonhybrid.png,resources/did/downstream_bjs_ref0_nonhybrid/birth_health/annual/sinasc_dedicated/sinasc_dedicated_mean_birthweight_low_education
sinasc_lowedu_mean_birthweight_grams,Mean birthweight: Low education proxy,birth_health,sinasc_lowedu,annual,fail,6.439044545031083,6.439044545031083,3.499659258710232,2,84310,4037,2792,1244,2000,2020,-0.8859905511265715,13.668906320958042,0.875,2,0,8,resources/figures/downstream_bjs_ref0_nonhybrid/birth_health/annual/sinasc_lowedu_mean_birthweight_grams_bjs_ref0_nonhybrid.png,resources/did/downstream_bjs_ref0_nonhybrid/birth_health/annual/sinasc_lowedu/sinasc_lowedu_mean_birthweight_grams
inep_ind_municipal_taxa_aprovacao_em,Municipal Taxa Aprovacao Em,education,dropout_flow,annual,fail,6.241709927677256,6.241709927677256,2.244891483651875,2,1829,4037,335,115,2007,2019,-0.6628119498828235,14.270660414731095,0.875,4,4,8,resources/figures/downstream_bjs_ref0_nonhybrid/education/annual/inep_ind_municipal_taxa_aprovacao_em_bjs_ref0_nonhybrid.png,resources/did/downstream_bjs_ref0_nonhybrid/education/annual/dropout_flow/inep_ind_municipal_taxa_aprovacao_em
public_child_enrollment_per_1000,"Regular child enrollment per 1,000 residents, public schools",adult_eja,child_enrollment,annual,fail,-5.817773342089837,5.817773342089837,9.868894784923969,8,56482,4037,2792,1244,2007,2020,-19.479500128170187,-0.7026513135729,1.0,8,2,8,resources/figures/downstream_bjs_ref0_nonhybrid/adult_eja/annual/public_child_enrollment_per_1000_bjs_ref0_nonhybrid.png,resources/did/downstream_bjs_ref0_nonhybrid/adult_eja/annual/child_enrollment/public_child_enrollment_per_1000
municipal_child_enrollment_per_1000,"Regular child enrollment per 1,000 residents, municipal schools",adult_eja,child_enrollment,annual,fail,-5.813883293996541,5.813883293996541,5.0995686081691245,8,56482,4037,2792,1244,2007,2020,-21.900420913919326,-0.5362809617090596,1.0,5,2,8,resources/figures/downstream_bjs_ref0_nonhybrid/adult_eja/annual/municipal_child_enrollment_per_1000_bjs_ref0_nonhybrid.png,resources/did/downstream_bjs_ref0_nonhybrid/adult_eja/annual/child_enrollment/municipal_child_enrollment_per_1000
saeb_municipal_grade5_math_saeb_mid_levels_3_5,Municipal Grade5 Math Mid Levels 3 5,education,achievement,biennial,fail,4.7306773752615525,4.7306773752615525,6.685794542029138,3,18635,4037,2721,1217,2010,2018,1.694056916357404,8.870620707680462,1.0,3,3,3,resources/figures/downstream_bjs_ref0_nonhybrid/education/biennial/saeb_municipal_grade5_math_saeb_mid_levels_3_5_bjs_ref0_nonhybrid.png,resources/did/downstream_bjs_ref0_nonhybrid/education/biennial/achievement/saeb_municipal_grade5_math_saeb_mid_levels_3_5
saeb_public_estadual_municipal_grade5_math_saeb_mid_levels_3_5,Public Estadual Municipal Grade5 Math Mid Levels 3 5,education,achievement,biennial,fail,4.673074223562593,4.673074223562593,7.259403676010558,3,19431,4037,2784,1244,2010,2018,1.6319043156885935,9.048614501457491,1.0,3,3,3,resources/figures/downstream_bjs_ref0_nonhybrid/education/biennial/saeb_public_estadual_municipal_grade5_math_saeb_mid_levels_3_5_bjs_ref0_nonhybrid.png,resources/did/downstream_bjs_ref0_nonhybrid/education/biennial/achievement/saeb_public_estadual_municipal_grade5_math_saeb_mid_levels_3_5
imun_triplice_viral_d1_pp,Triple viral dose 1 coverage,birth_health,immunization,annual,fail,4.032523700386237,4.032523700386237,4.635860988821025,8,84548,4037,2792,1244,2000,2020,1.2942635418235529,7.825987808264211,1.0,7,6,8,resources/figures/downstream_bjs_ref0_nonhybrid/birth_health/annual/imun_triplice_viral_d1_pp_bjs_ref0_nonhybrid.png,resources/did/downstream_bjs_ref0_nonhybrid/birth_health/annual/immunization/imun_triplice_viral_d1_pp
saeb_municipal_grade5_portuguese_saeb_mid_levels_3_5,Municipal Grade5 Portuguese Mid Levels 3 5,education,achievement,biennial,fail,3.9751225543077537,3.9751225543077537,7.540229847914627,3,18635,4037,2721,1217,2010,2018,0.8303229577652513,8.182207111485413,1.0,3,3,3,resources/figures/downstream_bjs_ref0_nonhybrid/education/biennial/saeb_municipal_grade5_portuguese_saeb_mid_levels_3_5_bjs_ref0_nonhybrid.png,resources/did/downstream_bjs_ref0_nonhybrid/education/biennial/achievement/saeb_municipal_grade5_portuguese_saeb_mid_levels_3_5
saeb_public_estadual_municipal_grade5_math_saeb_low_levels_0_2,Public Estadual Municipal Grade5 Math Low Levels 0 2,education,achievement,biennial,fail,-3.849383042082658,3.849383042082658,4.8412397547716814,2,19431,4037,2784,1244,2010,2018,-9.316217540033271,-0.5329681587812716,1.0,3,2,3,resources/figures/downstream_bjs_ref0_nonhybrid/education/biennial/saeb_public_estadual_municipal_grade5_math_saeb_low_levels_0_2_bjs_ref0_nonhybrid.png,resources/did/downstream_bjs_ref0_nonhybrid/education/biennial/achievement/saeb_public_estadual_municipal_grade5_math_saeb_low_levels_0_2
saeb_municipal_grade5_math_saeb_low_levels_0_2,Municipal Grade5 Math Low Levels 0 2,education,achievement,biennial,fail,-3.792097634405454,3.792097634405454,5.001647495023086,2,18635,4037,2721,1217,2010,2018,-9.033542324056226,-0.5891928756053859,1.0,3,2,3,resources/figures/downstream_bjs_ref0_nonhybrid/education/biennial/saeb_municipal_grade5_math_saeb_low_levels_0_2_bjs_ref0_nonhybrid.png,resources/did/downstream_bjs_ref0_nonhybrid/education/biennial/achievement/saeb_municipal_grade5_math_saeb_low_levels_0_2
saeb_public_estadual_municipal_grade5_portuguese_saeb_mid_levels_3_5,Public Estadual Municipal Grade5 Portuguese Mid Levels 3 5,education,achievement,biennial,fail,3.777190422181399,3.777190422181399,7.47958497676744,3,19431,4037,2784,1244,2010,2018,0.738807284532861,7.979751695416212,1.0,3,3,3,resources/figures/downstream_bjs_ref0_nonhybrid/education/biennial/saeb_public_estadual_municipal_grade5_portuguese_saeb_mid_levels_3_5_bjs_ref0_nonhybrid.png,resources/did/downstream_bjs_ref0_nonhybrid/education/biennial/achievement/saeb_public_estadual_municipal_grade5_portuguese_saeb_mid_levels_3_5
saeb_municipal_grade9_math_media,Municipal Grade9 Math Media,education,achievement,biennial,fail,3.4674766162408277,3.4674766162408277,4.335855282152981,2,12128,4037,2037,725,2010,2018,0.838599806330222,7.4914070147004175,1.0,3,2,3,resources/figures/downstream_bjs_ref0_nonhybrid/education/biennial/saeb_municipal_grade9_math_media_bjs_ref0_nonhybrid.png,resources/did/downstream_bjs_ref0_nonhybrid/education/biennial/achievement/saeb_municipal_grade9_math_media
saeb_municipal_grade9_portuguese_media,Municipal Grade9 Portuguese Media,education,achievement,biennial,fail,3.2984114887051823,3.2984114887051823,5.570864990484997,3,12128,4037,2037,725,2010,2018,0.7428593632404916,6.986416659831663,1.0,3,2,3,resources/figures/downstream_bjs_ref0_nonhybrid/education/biennial/saeb_municipal_grade9_portuguese_media_bjs_ref0_nonhybrid.png,resources/did/downstream_bjs_ref0_nonhybrid/education/biennial/achievement/saeb_municipal_grade9_portuguese_media
ieps_prenatal_7plus_pp,IEPS 7+ prenatal visits share,birth_health,ieps,annual,fail,2.9735511308933416,2.9735511308933416,8.539058546179215,6,44384,4037,2792,1244,2010,2020,-0.1010519445102029,11.417874237350643,0.75,8,4,8,resources/figures/downstream_bjs_ref0_nonhybrid/birth_health/annual/ieps_prenatal_7plus_pp_bjs_ref0_nonhybrid.png,resources/did/downstream_bjs_ref0_nonhybrid/birth_health/annual/ieps/ieps_prenatal_7plus_pp
saeb_municipal_grade9_portuguese_saeb_mid_levels_3_5,Municipal Grade9 Portuguese Mid Levels 3 5,education,achievement,biennial,fail,2.878238110399824,2.878238110399824,6.1311904233093575,3,12128,4037,2037,725,2010,2018,0.5408591845789339,5.960220632881095,1.0,3,2,3,resources/figures/downstream_bjs_ref0_nonhybrid/education/biennial/saeb_municipal_grade9_portuguese_saeb_mid_levels_3_5_bjs_ref0_nonhybrid.png,resources/did/downstream_bjs_ref0_nonhybrid/education/biennial/achievement/saeb_municipal_grade9_portuguese_saeb_mid_levels_3_5
saeb_municipal_grade9_math_saeb_low_levels_0_2,Municipal Grade9 Math Low Levels 0 2,education,achievement,biennial,fail,-2.558298871060153,2.558298871060153,4.765501627953235,2,12128,4037,2037,725,2010,2018,-5.896041916248387,-0.4800793075171723,1.0,3,1,3,resources/figures/downstream_bjs_ref0_nonhybrid/education/biennial/saeb_municipal_grade9_math_saeb_low_levels_0_2_bjs_ref0_nonhybrid.png,resources/did/downstream_bjs_ref0_nonhybrid/education/biennial/achievement/saeb_municipal_grade9_math_saeb_low_levels_0_2
saeb_municipal_grade9_math_saeb_mid_levels_3_5,Municipal Grade9 Math Mid Levels 3 5,education,achievement,biennial,fail,2.5539909780577363,2.5539909780577363,5.734550054079149,2,12128,4037,2037,725,2010,2018,0.4454464696782614,5.824612510886725,1.0,3,2,3,resources/figures/downstream_bjs_ref0_nonhybrid/education/biennial/saeb_municipal_grade9_math_saeb_mid_levels_3_5_bjs_ref0_nonhybrid.png,resources/did/downstream_bjs_ref0_nonhybrid/education/biennial/achievement/saeb_municipal_grade9_math_saeb_mid_levels_3_5
inep_ind_publica_dsu_em,Publica Dsu Em,education,teacher_profile,annual,fail,2.546010842920213,2.546010842920213,7.581995627293063,5,40267,4037,2784,1244,2011,2020,0.3587332009522196,6.116645720861956,1.0,8,8,8,resources/figures/downstream_bjs_ref0_nonhybrid/education/annual/inep_ind_publica_dsu_em_bjs_ref0_nonhybrid.png,resources/did/downstream_bjs_ref0_nonhybrid/education/annual/teacher_profile/inep_ind_publica_dsu_em
saeb_municipal_grade9_portuguese_saeb_low_levels_0_2,Municipal Grade9 Portuguese Low Levels 0 2,education,achievement,biennial,fail,-2.4915443193195403,2.4915443193195403,5.592633027341201,3,12128,4037,2037,725,2010,2018,-5.059260367716039,-0.6738769070405426,1.0,3,2,3,resources/figures/downstream_bjs_ref0_nonhybrid/education/biennial/saeb_municipal_grade9_portuguese_saeb_low_levels_0_2_bjs_ref0_nonhybrid.png,resources/did/downstream_bjs_ref0_nonhybrid/education/biennial/achievement/saeb_municipal_grade9_portuguese_saeb_low_levels_0_2
ideb_municipal_ef_initial_taxa_aprovacao,Municipal Ef Initial Taxa Aprovacao,education,achievement,biennial,fail,2.306707839388624,2.306707839388624,7.077815434717292,3,29175,4037,2699,1214,2004,2018,0.2767549825626757,5.29160085709377,1.0,4,3,4,resources/figures/downstream_bjs_ref0_nonhybrid/education/biennial/ideb_municipal_ef_initial_taxa_aprovacao_bjs_ref0_nonhybrid.png,resources/did/downstream_bjs_ref0_nonhybrid/education/biennial/achievement/ideb_municipal_ef_initial_taxa_aprovacao
ideb_publica_ef_initial_taxa_aprovacao,Publica Ef Initial Taxa Aprovacao,education,achievement,biennial,fail,2.135257611876576,2.135257611876576,7.627200145187903,3,27433,4037,2786,1244,2004,2018,-0.5152052503730453,5.279076501899582,0.75,4,4,4,resources/figures/downstream_bjs_ref0_nonhybrid/education/biennial/ideb_publica_ef_initial_taxa_aprovacao_bjs_ref0_nonhybrid.png,resources/did/downstream_bjs_ref0_nonhybrid/education/biennial/achievement/ideb_publica_ef_initial_taxa_aprovacao
saeb_municipal_grade5_portuguese_saeb_low_levels_0_2,Municipal Grade5 Portuguese Low Levels 0 2,education,achievement,biennial,fail,-1.9913258072891895,1.9913258072891895,2.834653620594671,1,18635,4037,2721,1217,2010,2018,-5.294713925568869,0.0230250571991641,0.6666666666666666,3,1,3,resources/figures/downstream_bjs_ref0_nonhybrid/education/biennial/saeb_municipal_grade5_portuguese_saeb_low_levels_0_2_bjs_ref0_nonhybrid.png,resources/did/downstream_bjs_ref0_nonhybrid/education/biennial/achievement/saeb_municipal_grade5_portuguese_saeb_low_levels_0_2
saeb_public_estadual_municipal_grade9_portuguese_media,Public Estadual Municipal Grade9 Portuguese Media,education,achievement,biennial,fail,1.92811468486286,1.92811468486286,7.704561118597375,3,19482,4037,2788,1244,2010,2018,0.2047895407128861,4.575049204574517,1.0,3,1,3,resources/figures/downstream_bjs_ref0_nonhybrid/education/biennial/saeb_public_estadual_municipal_grade9_portuguese_media_bjs_ref0_nonhybrid.png,resources/did/downstream_bjs_ref0_nonhybrid/education/biennial/achievement/saeb_public_estadual_municipal_grade9_portuguese_media
sinasc_all_prenatal_7plus_share_known_pp,7+ prenatal visits share: All mothers,birth_health,sinasc_all,annual,fail,1.9165552839782096,1.9165552839782096,8.053071863359921,8,84607,4037,2792,1244,2000,2020,-0.1915839396310907,7.140734203300147,0.75,8,3,8,resources/figures/downstream_bjs_ref0_nonhybrid/birth_health/annual/sinasc_all_prenatal_7plus_share_known_pp_bjs_ref0_nonhybrid.png,resources/did/downstream_bjs_ref0_nonhybrid/birth_health/annual/sinasc_all/sinasc_all_prenatal_7plus_share_known_pp
sinasc_lowedu_teen_mother_share_known_pp,Teen mother share: Low education proxy,birth_health,sinasc_lowedu,annual,fail,1.8393900694263652,1.8393900694263652,2.964273254871894,3,84312,4037,2792,1244,2000,2020,0.7409781245943061,3.516934253431721,1.0,8,8,8,resources/figures/downstream_bjs_ref0_nonhybrid/birth_health/annual/sinasc_lowedu_teen_mother_share_known_pp_bjs_ref0_nonhybrid.png,resources/did/downstream_bjs_ref0_nonhybrid/birth_health/annual/sinasc_lowedu/sinasc_lowedu_teen_mother_share_known_pp
sinasc_lowedu_prenatal_7plus_share_known_pp,7+ prenatal visits share: Low education proxy,birth_health,sinasc_lowedu,annual,fail,1.837648832092012,1.837648832092012,6.6034165134988365,8,84310,4037,2792,1244,2000,2020,-0.8261834851650722,7.168249895017169,0.875,8,2,8,resources/figures/downstream_bjs_ref0_nonhybrid/birth_health/annual/sinasc_lowedu_prenatal_7plus_share_known_pp_bjs_ref0_nonhybrid.png,resources/did/downstream_bjs_ref0_nonhybrid/birth_health/annual/sinasc_lowedu/sinasc_lowedu_prenatal_7plus_share_known_pp
inep_ind_publica_dsu_ef,Publica Dsu Ef,education,teacher_profile,annual,fail,1.810828958915729,1.810828958915729,6.636597386619178,5,40352,4037,2792,1244,2011,2020,0.7068815647934726,4.54018236943402,1.0,8,7,8,resources/figures/downstream_bjs_ref0_nonhybrid/education/annual/inep_ind_publica_dsu_ef_bjs_ref0_nonhybrid.png,resources/did/downstream_bjs_ref0_nonhybrid/education/annual/teacher_profile/inep_ind_publica_dsu_ef
saeb_public_estadual_municipal_grade9_portuguese_saeb_mid_levels_3_5,Public Estadual Municipal Grade9 Portuguese Mid Levels 3 5,education,achievement,biennial,fail,1.7629689036760483,1.7629689036760483,9.652920847076382,3,19482,4037,2788,1244,2010,2018,-0.1265823721888939,4.551219347885077,0.6666666666666666,3,1,3,resources/figures/downstream_bjs_ref0_nonhybrid/education/biennial/saeb_public_estadual_municipal_grade9_portuguese_saeb_mid_levels_3_5_bjs_ref0_nonhybrid.png,resources/did/downstream_bjs_ref0_nonhybrid/education/biennial/achievement/saeb_public_estadual_municipal_grade9_portuguese_saeb_mid_levels_3_5
saeb_public_estadual_municipal_grade9_math_saeb_mid_levels_3_5,Public Estadual Municipal Grade9 Math Mid Levels 3 5,education,achievement,biennial,fail,1.7524972695885552,1.7524972695885552,6.06753002323792,2,19482,4037,2788,1244,2010,2018,0.0905013771225127,4.92003112185027,1.0,3,1,3,resources/figures/downstream_bjs_ref0_nonhybrid/education/biennial/saeb_public_estadual_municipal_grade9_math_saeb_mid_levels_3_5_bjs_ref0_nonhybrid.png,resources/did/downstream_bjs_ref0_nonhybrid/education/biennial/achievement/saeb_public_estadual_municipal_grade9_math_saeb_mid_levels_3_5
saeb_public_estadual_municipal_grade9_math_media,Public Estadual Municipal Grade9 Math Media,education,achievement,biennial,fail,1.7478025221570832,1.7478025221570832,6.086034670403183,2,19482,4037,2788,1244,2010,2018,-0.0728983902132922,5.050354876362841,0.6666666666666666,3,1,3,resources/figures/downstream_bjs_ref0_nonhybrid/education/biennial/saeb_public_estadual_municipal_grade9_math_media_bjs_ref0_nonhybrid.png,resources/did/downstream_bjs_ref0_nonhybrid/education/biennial/achievement/saeb_public_estadual_municipal_grade9_math_media
inep_ind_publica_taxa_abandono_em,Publica Taxa Abandono Em,education,dropout_flow,annual,fail,-1.7385097358367745,1.7385097358367745,6.424053161921897,6,52275,4037,2786,1244,2007,2019,-4.700070896644419,-0.1065929681142112,1.0,8,6,8,resources/figures/downstream_bjs_ref0_nonhybrid/education/annual/inep_ind_publica_taxa_abandono_em_bjs_ref0_nonhybrid.png,resources/did/downstream_bjs_ref0_nonhybrid/education/annual/dropout_flow/inep_ind_publica_taxa_abandono_em
ab_esf_coverage_pp,Family Health Strategy coverage,birth_health,primary_care,annual,fail,-1.733006620330542,1.733006620330542,6.090429158868608,8,56475,4037,2792,1244,2007,2020,-4.96694151725278,0.2614993975943109,0.875,8,3,8,resources/figures/downstream_bjs_ref0_nonhybrid/birth_health/annual/ab_esf_coverage_pp_bjs_ref0_nonhybrid.png,resources/did/downstream_bjs_ref0_nonhybrid/birth_health/annual/primary_care/ab_esf_coverage_pp
inep_ind_publica_taxa_aprovacao_ef_anos_finais,Publica Taxa Aprovacao Ef Anos Finais,education,dropout_flow,annual,fail,1.7038573693874317,1.7038573693874317,3.177466405862857,4,52439,4037,2792,1244,2007,2019,-0.0950278289721651,6.1005826641955165,0.75,5,4,8,resources/figures/downstream_bjs_ref0_nonhybrid/education/annual/inep_ind_publica_taxa_aprovacao_ef_anos_finais_bjs_ref0_nonhybrid.png,resources/did/downstream_bjs_ref0_nonhybrid/education/annual/dropout_flow/inep_ind_publica_taxa_aprovacao_ef_anos_finais
ideb_municipal_ef_initial_nota_saeb_lingua_portuguesa,Municipal Ef Initial Nota Lingua Portuguesa,education,achievement,biennial,fail,-1.6589415441340345,1.6589415441340345,5.330959335420168,4,28727,4037,2697,1213,2004,2018,-2.3775174264881724,-0.6883037730424498,1.0,1,1,4,resources/figures/downstream_bjs_ref0_nonhybrid/education/biennial/ideb_municipal_ef_initial_nota_saeb_lingua_portuguesa_bjs_ref0_nonhybrid.png,resources/did/downstream_bjs_ref0_nonhybrid/education/biennial/achievement/ideb_municipal_ef_initial_nota_saeb_lingua_portuguesa
inep_ind_municipal_taxa_aprovacao_ef,Municipal Taxa Aprovacao Ef,education,dropout_flow,annual,fail,1.6145933758955535,1.6145933758955535,2.7969661832443413,1,52118,4037,2784,1242,2007,2019,0.10713099571181,5.610874989779016,1.0,7,6,8,resources/figures/downstream_bjs_ref0_nonhybrid/education/annual/inep_ind_municipal_taxa_aprovacao_ef_bjs_ref0_nonhybrid.png,resources/did/downstream_bjs_ref0_nonhybrid/education/annual/dropout_flow/inep_ind_municipal_taxa_aprovacao_ef
ab_total_coverage_pp,Total primary-care coverage,birth_health,primary_care,annual,fail,-1.5818529579324043,1.5818529579324043,5.860651691586139,8,56475,4037,2792,1244,2007,2020,-3.9274191034753914,0.2219535062917903,0.875,8,3,8,resources/figures/downstream_bjs_ref0_nonhybrid/birth_health/annual/ab_total_coverage_pp_bjs_ref0_nonhybrid.png,resources/did/downstream_bjs_ref0_nonhybrid/birth_health/annual/primary_care/ab_total_coverage_pp
inep_ind_publica_dsu_ef_anos_finais,Publica Dsu Ef Anos Finais,education,teacher_profile,annual,fail,1.5599007979550212,1.5599007979550212,6.073981241785924,5,40352,4037,2792,1244,2011,2020,0.6226387758115858,4.122133030831655,1.0,8,5,8,resources/figures/downstream_bjs_ref0_nonhybrid/education/annual/inep_ind_publica_dsu_ef_anos_finais_bjs_ref0_nonhybrid.png,resources/did/downstream_bjs_ref0_nonhybrid/education/annual/teacher_profile/inep_ind_publica_dsu_ef_anos_finais
inep_ind_publica_taxa_aprovacao_ef,Publica Taxa Aprovacao Ef,education,dropout_flow,annual,fail,1.5381084021989055,1.5381084021989055,4.56239054773827,4,52440,4037,2792,1244,2007,2019,-0.0247428248198086,5.317207056108722,0.875,7,6,8,resources/figures/downstream_bjs_ref0_nonhybrid/education/annual/inep_ind_publica_taxa_aprovacao_ef_bjs_ref0_nonhybrid.png,resources/did/downstream_bjs_ref0_nonhybrid/education/annual/dropout_flow/inep_ind_publica_taxa_aprovacao_ef
sinasc_highedu_teen_mother_share_known_pp,Teen mother share: High education proxy,birth_health,sinasc_highedu,annual,fail,1.5270306656219943,1.5270306656219943,4.246979012497415,5,84584,4037,2792,1244,2000,2020,0.1908757180404328,3.956106521872175,1.0,8,7,8,resources/figures/downstream_bjs_ref0_nonhybrid/birth_health/annual/sinasc_highedu_teen_mother_share_known_pp_bjs_ref0_nonhybrid.png,resources/did/downstream_bjs_ref0_nonhybrid/birth_health/annual/sinasc_highedu/sinasc_highedu_teen_mother_share_known_pp
public_eja_enrollment_per_1000,"EJA enrollment per 1,000 residents, public schools",adult_eja,adult_enrollment,annual,fail,-1.444472147659154,1.444472147659154,10.50983968375778,8,56482,4037,2792,1244,2007,2020,-3.134467321506268,0.0544327348756841,0.875,6,4,8,resources/figures/downstream_bjs_ref0_nonhybrid/adult_eja/annual/public_eja_enrollment_per_1000_bjs_ref0_nonhybrid.png,resources/did/downstream_bjs_ref0_nonhybrid/adult_eja/annual/adult_enrollment/public_eja_enrollment_per_1000
imun_rotavirus_pp,Rotavirus coverage,birth_health,immunization,annual,fail,1.3917373843844263,1.3917373843844263,2.626739012555449,2,60495,4037,2792,1244,2006,2020,-2.000959041517643,7.320938226325076,0.75,5,2,8,resources/figures/downstream_bjs_ref0_nonhybrid/birth_health/annual/imun_rotavirus_pp_bjs_ref0_nonhybrid.png,resources/did/downstream_bjs_ref0_nonhybrid/birth_health/annual/immunization/imun_rotavirus_pp
saeb_public_estadual_municipal_grade9_math_saeb_low_levels_0_2,Public Estadual Municipal Grade9 Math Low Levels 0 2,education,achievement,biennial,fail,-1.3767547317575106,1.3767547317575106,5.841091709707369,2,19482,4037,2788,1244,2010,2018,-4.281492985459992,0.0781196536779857,0.3333333333333333,3,1,3,resources/figures/downstream_bjs_ref0_nonhybrid/education/biennial/saeb_public_estadual_municipal_grade9_math_saeb_low_levels_0_2_bjs_ref0_nonhybrid.png,resources/did/downstream_bjs_ref0_nonhybrid/education/biennial/achievement/saeb_public_estadual_municipal_grade9_math_saeb_low_levels_0_2
imun_pneumococica_pp,Pneumococcal coverage,birth_health,immunization,annual,fail,1.3662502185642893,1.3662502185642893,4.933315511300735,4,44371,4037,2792,1244,2010,2020,-3.0027106117623825,7.113456634406748,0.75,3,2,8,resources/figures/downstream_bjs_ref0_nonhybrid/birth_health/annual/imun_pneumococica_pp_bjs_ref0_nonhybrid.png,resources/did/downstream_bjs_ref0_nonhybrid/birth_health/annual/immunization/imun_pneumococica_pp
imun_meningococo_pp,Meningococcal coverage,birth_health,immunization,annual,fail,1.3574657871313978,1.3574657871313978,5.6038606943889,2,44371,4037,2792,1244,2010,2020,-2.1076990559116315,7.626753056192001,0.625,5,2,8,resources/figures/downstream_bjs_ref0_nonhybrid/birth_health/annual/imun_meningococo_pp_bjs_ref0_nonhybrid.png,resources/did/downstream_bjs_ref0_nonhybrid/birth_health/annual/immunization/imun_meningococo_pp
ieps_cob_ab_pp,IEPS primary-care coverage,birth_health,ieps,annual,fail,-1.3536914649402156,1.3536914649402156,5.5264166634069865,6,44381,4037,2792,1244,2010,2020,-4.045496950004277,0.0566045898218716,0.875,8,2,8,resources/figures/downstream_bjs_ref0_nonhybrid/birth_health/annual/ieps_cob_ab_pp_bjs_ref0_nonhybrid.png,resources/did/downstream_bjs_ref0_nonhybrid/birth_health/annual/ieps/ieps_cob_ab_pp
ieps_cob_esf_pp,IEPS Family Health Strategy coverage,birth_health,ieps,annual,fail,-1.3169607013653035,1.3169607013653035,6.0175072447253175,7,44381,4037,2792,1244,2010,2020,-4.923876047275669,-0.006085271252862,1.0,6,2,8,resources/figures/downstream_bjs_ref0_nonhybrid/birth_health/annual/ieps_cob_esf_pp_bjs_ref0_nonhybrid.png,resources/did/downstream_bjs_ref0_nonhybrid/birth_health/annual/ieps/ieps_cob_esf_pp
saeb_public_estadual_municipal_grade9_portuguese_saeb_low_levels_0_2,Public Estadual Municipal Grade9 Portuguese Low Levels 0 2,education,achievement,biennial,fail,-1.3146818597448533,1.3146818597448533,8.147075109259207,3,19482,4037,2788,1244,2010,2018,-3.401525188733734,0.0117882855961837,0.6666666666666666,3,1,3,resources/figures/downstream_bjs_ref0_nonhybrid/education/biennial/saeb_public_estadual_municipal_grade9_portuguese_saeb_low_levels_0_2_bjs_ref0_nonhybrid.png,resources/did/downstream_bjs_ref0_nonhybrid/education/biennial/achievement/saeb_public_estadual_municipal_grade9_portuguese_saeb_low_levels_0_2
inep_ind_municipal_dsu_ef,Municipal Dsu Ef,education,teacher_profile,annual,fail,1.2828642949542644,1.2828642949542644,5.059515853135351,5,40218,4037,2784,1241,2011,2020,0.1425004378272947,3.1578321093506507,1.0,7,3,8,resources/figures/downstream_bjs_ref0_nonhybrid/education/annual/inep_ind_municipal_dsu_ef_bjs_ref0_nonhybrid.png,resources/did/downstream_bjs_ref0_nonhybrid/education/annual/teacher_profile/inep_ind_municipal_dsu_ef
ideb_municipal_ef_final_nota_saeb_lingua_portuguesa,Municipal Ef Final Nota Lingua Portuguesa,education,achievement,biennial,fail,1.277659539941436,1.277659539941436,6.25439616326408,4,17379,4037,1911,701,2004,2018,0.0543998838703192,3.479995096818348,1.0,3,1,4,resources/figures/downstream_bjs_ref0_nonhybrid/education/biennial/ideb_municipal_ef_final_nota_saeb_lingua_portuguesa_bjs_ref0_nonhybrid.png,resources/did/downstream_bjs_ref0_nonhybrid/education/biennial/achievement/ideb_municipal_ef_final_nota_saeb_lingua_portuguesa
ideb_publica_ef_initial_nota_saeb_lingua_portuguesa,Publica Ef Initial Nota Lingua Portuguesa,education,achievement,biennial,fail,-1.2724708218237988,1.2724708218237988,4.819597364830528,3,26874,4037,2777,1244,2004,2018,-1.9285675327473983,-0.3143479288849677,1.0,0,1,4,resources/figures/downstream_bjs_ref0_nonhybrid/education/biennial/ideb_publica_ef_initial_nota_saeb_lingua_portuguesa_bjs_ref0_nonhybrid.png,resources/did/downstream_bjs_ref0_nonhybrid/education/biennial/achievement/ideb_publica_ef_initial_nota_saeb_lingua_portuguesa
inep_ind_publica_tdi_em,Publica Tdi Em,education,dropout_flow,annual,fail,-1.2511363421968096,1.2511363421968096,10.077731589036938,8,60264,4037,2786,1244,2006,2020,-4.598523001320316,0.4021722006606875,0.75,6,4,8,resources/figures/downstream_bjs_ref0_nonhybrid/education/annual/inep_ind_publica_tdi_em_bjs_ref0_nonhybrid.png,resources/did/downstream_bjs_ref0_nonhybrid/education/annual/dropout_flow/inep_ind_publica_tdi_em
sinasc_lowedu_prenatal_1to3_share_known_pp,1-3 prenatal visits share: Low education proxy,birth_health,sinasc_lowedu,annual,fail,-1.2475510063626971,1.2475510063626971,6.552088251970001,8,84310,4037,2792,1244,2000,2020,-3.628238144201953,-0.0345837782529108,1.0,7,6,8,resources/figures/downstream_bjs_ref0_nonhybrid/birth_health/annual/sinasc_lowedu_prenatal_1to3_share_known_pp_bjs_ref0_nonhybrid.png,resources/did/downstream_bjs_ref0_nonhybrid/birth_health/annual/sinasc_lowedu/sinasc_lowedu_prenatal_1to3_share_known_pp
inep_transition_total_taxa_promocao_ef_anos_iniciais,Total Taxa Promocao Ef Anos Iniciais,education,dropout_flow,annual,fail,1.217961817988335,1.217961817988335,5.822644565896858,6,52442,4037,2792,1244,2008,2020,0.0713890548696955,4.546715665119951,1.0,8,5,8,resources/figures/downstream_bjs_ref0_nonhybrid/education/annual/inep_transition_total_taxa_promocao_ef_anos_iniciais_bjs_ref0_nonhybrid.png,resources/did/downstream_bjs_ref0_nonhybrid/education/annual/dropout_flow/inep_transition_total_taxa_promocao_ef_anos_iniciais
municipal_eja_teacher_share,"EJA teacher share, municipal schools",adult_eja,adult_teachers,annual,fail,1.2086275081780051,1.2086275081780051,3.296881401661318,4,56446,4037,2790,1244,2007,2020,0.2268216114025703,3.1089303562993003,1.0,8,7,8,resources/figures/downstream_bjs_ref0_nonhybrid/adult_eja/annual/municipal_eja_teacher_share_bjs_ref0_nonhybrid.png,resources/did/downstream_bjs_ref0_nonhybrid/adult_eja/annual/adult_teachers/municipal_eja_teacher_share
sinasc_highedu_prenatal_7plus_share_known_pp,7+ prenatal visits share: High education proxy,birth_health,sinasc_highedu,annual,fail,1.1889853216633466,1.1889853216633466,6.272928696253928,8,84580,4037,2792,1244,2000,2020,-0.5986131378980328,5.09317783315889,0.75,8,3,8,resources/figures/downstream_bjs_ref0_nonhybrid/birth_health/annual/sinasc_highedu_prenatal_7plus_share_known_pp_bjs_ref0_nonhybrid.png,resources/did/downstream_bjs_ref0_nonhybrid/birth_health/annual/sinasc_highedu/sinasc_highedu_prenatal_7plus_share_known_pp
inep_transition_publica_taxa_promocao_ef_anos_iniciais,Publica Taxa Promocao Ef Anos Iniciais,education,dropout_flow,annual,fail,1.1825499979221334,1.1825499979221334,5.562287052306699,6,52442,4037,2792,1244,2008,2020,0.0534549126421272,4.587704190133287,1.0,7,5,8,resources/figures/downstream_bjs_ref0_nonhybrid/education/annual/inep_transition_publica_taxa_promocao_ef_anos_iniciais_bjs_ref0_nonhybrid.png,resources/did/downstream_bjs_ref0_nonhybrid/education/annual/dropout_flow/inep_transition_publica_taxa_promocao_ef_anos_iniciais
inep_transition_total_taxa_promocao_ef_anos_finais,Total Taxa Promocao Ef Anos Finais,education,dropout_flow,annual,fail,1.1669864464274902,1.1669864464274902,2.9834499055117623,3,52442,4037,2792,1244,2008,2020,-0.2270413802687238,5.090380974478966,0.625,6,5,8,resources/figures/downstream_bjs_ref0_nonhybrid/education/annual/inep_transition_total_taxa_promocao_ef_anos_finais_bjs_ref0_nonhybrid.png,resources/did/downstream_bjs_ref0_nonhybrid/education/annual/dropout_flow/inep_transition_total_taxa_promocao_ef_anos_finais
ieps_mortality_ill_defined_pp,IEPS ill-defined mortality share,birth_health,ieps,annual,fail,1.1364214177947063,1.1364214177947063,3.184931293580332,5,44383,4037,2792,1244,2010,2020,0.1986568337567297,3.546147299877675,1.0,8,6,8,resources/figures/downstream_bjs_ref0_nonhybrid/birth_health/annual/ieps_mortality_ill_defined_pp_bjs_ref0_nonhybrid.png,resources/did/downstream_bjs_ref0_nonhybrid/birth_health/annual/ieps/ieps_mortality_ill_defined_pp
inep_ind_publica_tdi_ef,Publica Tdi Ef,education,dropout_flow,annual,fail,-1.1347357716704904,1.1347357716704904,4.913443706636127,6,60503,4037,2792,1244,2006,2020,-4.021675784085698,0.3161619070290286,0.875,7,5,8,resources/figures/downstream_bjs_ref0_nonhybrid/education/annual/inep_ind_publica_tdi_ef_bjs_ref0_nonhybrid.png,resources/did/downstream_bjs_ref0_nonhybrid/education/annual/dropout_flow/inep_ind_publica_tdi_ef
inep_transition_total_taxa_promocao_ef,Total Taxa Promocao Ef,education,dropout_flow,annual,fail,1.1341186742290728,1.1341186742290728,5.527505902419728,6,52442,4037,2792,1244,2008,2020,-0.0637281004137269,4.633446576924035,0.75,6,5,8,resources/figures/downstream_bjs_ref0_nonhybrid/education/annual/inep_transition_total_taxa_promocao_ef_bjs_ref0_nonhybrid.png,resources/did/downstream_bjs_ref0_nonhybrid/education/annual/dropout_flow/inep_transition_total_taxa_promocao_ef
inep_ind_publica_taxa_abandono_ef_anos_finais,Publica Taxa Abandono Ef Anos Finais,education,dropout_flow,annual,fail,-1.122136841659334,1.122136841659334,7.981098935307157,7,52439,4037,2792,1244,2007,2019,-3.492519156551094,-0.0078781213386899,1.0,8,5,8,resources/figures/downstream_bjs_ref0_nonhybrid/education/annual/inep_ind_publica_taxa_abandono_ef_anos_finais_bjs_ref0_nonhybrid.png,resources/did/downstream_bjs_ref0_nonhybrid/education/annual/dropout_flow/inep_ind_publica_taxa_abandono_ef_anos_finais
public_eja_teacher_share,"EJA teacher share, public schools",adult_eja,adult_teachers,annual,fail,1.1141046811884914,1.1141046811884914,9.356209210095647,8,56478,4037,2792,1244,2007,2020,0.0161064782072248,3.4657590626583823,1.0,8,4,8,resources/figures/downstream_bjs_ref0_nonhybrid/adult_eja/annual/public_eja_teacher_share_bjs_ref0_nonhybrid.png,resources/did/downstream_bjs_ref0_nonhybrid/adult_eja/annual/adult_teachers/public_eja_teacher_share
inep_ind_publica_afd_em_grupo_5,Publica Afd Em Grupo 5,education,teacher_profile,annual,fail,-1.1099935799147649,1.1099935799147649,4.2661367573087485,3,32224,4037,2784,1244,2013,2020,-1.4227024471169163,-0.748075654082693,1.0,6,6,6,resources/figures/downstream_bjs_ref0_nonhybrid/education/annual/inep_ind_publica_afd_em_grupo_5_bjs_ref0_nonhybrid.png,resources/did/downstream_bjs_ref0_nonhybrid/education/annual/teacher_profile/inep_ind_publica_afd_em_grupo_5
inep_ind_municipal_tdi_ef,Municipal Tdi Ef,education,dropout_flow,annual,fail,-1.1002926434285474,1.1002926434285474,4.58287340378878,6,59811,4037,2784,1241,2006,2020,-3.859881063768508,0.0993747044235836,0.875,8,5,8,resources/figures/downstream_bjs_ref0_nonhybrid/education/annual/inep_ind_municipal_tdi_ef_bjs_ref0_nonhybrid.png,resources/did/downstream_bjs_ref0_nonhybrid/education/annual/dropout_flow/inep_ind_municipal_tdi_ef
inep_transition_publica_taxa_promocao_ef_anos_finais,Publica Taxa Promocao Ef Anos Finais,education,dropout_flow,annual,fail,1.0833329270385406,1.0833329270385406,2.529822679775945,2,52442,4037,2792,1244,2008,2020,-0.3492954322248703,4.957886971645585,0.625,5,5,8,resources/figures/downstream_bjs_ref0_nonhybrid/education/annual/inep_transition_publica_taxa_promocao_ef_anos_finais_bjs_ref0_nonhybrid.png,resources/did/downstream_bjs_ref0_nonhybrid/education/annual/dropout_flow/inep_transition_publica_taxa_promocao_ef_anos_finais
inep_ind_publica_afd_em_grupo_1,Publica Afd Em Grupo 1,education,teacher_profile,annual,fail,1.0811803168300458,1.0811803168300458,2.585050709233795,2,32224,4037,2784,1244,2013,2020,0.2646708633981403,1.600925797585393,1.0,3,3,6,resources/figures/downstream_bjs_ref0_nonhybrid/education/annual/inep_ind_publica_afd_em_grupo_1_bjs_ref0_nonhybrid.png,resources/did/downstream_bjs_ref0_nonhybrid/education/annual/teacher_profile/inep_ind_publica_afd_em_grupo_1
inep_transition_total_taxa_repetencia_ef_anos_finais,Total Taxa Repetencia Ef Anos Finais,education,dropout_flow,annual,fail,-1.0788490873877017,1.0788490873877017,3.6833116401240735,3,52442,4037,2792,1244,2008,2020,-3.8809385489432406,-0.0509684709966249,1.0,7,5,8,resources/figures/downstream_bjs_ref0_nonhybrid/education/annual/inep_transition_total_taxa_repetencia_ef_anos_finais_bjs_ref0_nonhybrid.png,resources/did/downstream_bjs_ref0_nonhybrid/education/annual/dropout_flow/inep_transition_total_taxa_repetencia_ef_anos_finais
municipal_eja_enrollment_per_1000,"EJA enrollment per 1,000 residents, municipal schools",adult_eja,adult_enrollment,annual,fail,1.070912794532379,1.070912794532379,2.69181354984378,3,56482,4037,2792,1244,2007,2020,-0.3229404447877725,3.832786156454047,0.75,4,2,8,resources/figures/downstream_bjs_ref0_nonhybrid/adult_eja/annual/municipal_eja_enrollment_per_1000_bjs_ref0_nonhybrid.png,resources/did/downstream_bjs_ref0_nonhybrid/adult_eja/annual/adult_enrollment/municipal_eja_enrollment_per_1000
inep_ind_publica_tdi_ef_anos_finais,Publica Tdi Ef Anos Finais,education,dropout_flow,annual,fail,-1.0702241726995156,1.0702241726995156,4.213105286894789,2,60502,4037,2792,1244,2006,2020,-4.263874521669215,0.8336891777827727,0.75,5,6,8,resources/figures/downstream_bjs_ref0_nonhybrid/education/annual/inep_ind_publica_tdi_ef_anos_finais_bjs_ref0_nonhybrid.png,resources/did/downstream_bjs_ref0_nonhybrid/education/annual/dropout_flow/inep_ind_publica_tdi_ef_anos_finais
inep_transition_publica_taxa_promocao_ef,Publica Taxa Promocao Ef,education,dropout_flow,annual,fail,1.0611822265415525,1.0611822265415525,5.01552739965831,4,52442,4037,2792,1244,2008,2020,-0.1071686548756346,4.566438186605496,0.625,5,5,8,resources/figures/downstream_bjs_ref0_nonhybrid/education/annual/inep_transition_publica_taxa_promocao_ef_bjs_ref0_nonhybrid.png,resources/did/downstream_bjs_ref0_nonhybrid/education/annual/dropout_flow/inep_transition_publica_taxa_promocao_ef
inep_transition_publica_taxa_repetencia_ef_anos_finais,Publica Taxa Repetencia Ef Anos Finais,education,dropout_flow,annual,fail,-1.0407823442369375,1.0407823442369375,3.377022765053237,2,52442,4037,2792,1244,2008,2020,-3.8200893322399305,-0.0206490361111714,1.0,6,5,8,resources/figures/downstream_bjs_ref0_nonhybrid/education/annual/inep_transition_publica_taxa_repetencia_ef_anos_finais_bjs_ref0_nonhybrid.png,resources/did/downstream_bjs_ref0_nonhybrid/education/annual/dropout_flow/inep_transition_publica_taxa_repetencia_ef_anos_finais
ideb_municipal_ef_final_nota_saeb_matematica,Municipal Ef Final Nota Matematica,education,achievement,biennial,fail,1.040602769472689,1.040602769472689,5.823319862230006,4,17379,4037,1911,701,2004,2018,-0.318752326228882,3.27955672250273,0.75,3,1,4,resources/figures/downstream_bjs_ref0_nonhybrid/education/biennial/ideb_municipal_ef_final_nota_saeb_matematica_bjs_ref0_nonhybrid.png,resources/did/downstream_bjs_ref0_nonhybrid/education/biennial/achievement/ideb_municipal_ef_final_nota_saeb_matematica
child_spending_share_clean,"Child/basic share of education spending, clean denominator",adult_eja,spending,annual,fail,1.0296228492682309,1.0296228492682309,2.5734477099614006,3,64079,4037,2790,1244,2004,2020,-1.3180369988863208,4.267030209714987,0.625,4,3,8,resources/figures/downstream_bjs_ref0_nonhybrid/adult_eja/annual/child_spending_share_clean_bjs_ref0_nonhybrid.png,resources/did/downstream_bjs_ref0_nonhybrid/adult_eja/annual/spending/child_spending_share_clean
sinasc_all_prenatal_1to3_share_known_pp,1-3 prenatal visits share: All mothers,birth_health,sinasc_all,annual,fail,-1.0160473015544798,1.0160473015544798,6.761536597141693,8,84607,4037,2792,1244,2000,2020,-2.868811417098029,-0.1045852431334741,1.0,8,4,8,resources/figures/downstream_bjs_ref0_nonhybrid/birth_health/annual/sinasc_all_prenatal_1to3_share_known_pp_bjs_ref0_nonhybrid.png,resources/did/downstream_bjs_ref0_nonhybrid/birth_health/annual/sinasc_all/sinasc_all_prenatal_1to3_share_known_pp
inep_ind_publica_taxa_reprovacao_em,Publica Taxa Reprovacao Em,education,dropout_flow,annual,fail,1.0119607389950716,1.0119607389950716,7.020341762413045,8,52275,4037,2786,1244,2007,2019,0.2504863137793678,1.943779960955174,1.0,8,6,8,resources/figures/downstream_bjs_ref0_nonhybrid/education/annual/inep_ind_publica_taxa_reprovacao_em_bjs_ref0_nonhybrid.png,resources/did/downstream_bjs_ref0_nonhybrid/education/annual/dropout_flow/inep_ind_publica_taxa_reprovacao_em
sinasc_lowedu_no_prenatal_share_known_pp,No prenatal visits share: Low education proxy,birth_health,sinasc_lowedu,annual,fail,-0.9965969179655494,0.9965969179655494,3.5698802065015296,6,84310,4037,2792,1244,2000,2020,-2.336916184707892,-0.0681672838865673,1.0,6,5,8,resources/figures/downstream_bjs_ref0_nonhybrid/birth_health/annual/sinasc_lowedu_no_prenatal_share_known_pp_bjs_ref0_nonhybrid.png,resources/did/downstream_bjs_ref0_nonhybrid/birth_health/annual/sinasc_lowedu/sinasc_lowedu_no_prenatal_share_known_pp
inep_transition_total_taxa_repetencia_ef,Total Taxa Repetencia Ef,education,dropout_flow,annual,fail,-0.9620400765370012,0.9620400765370012,6.072714318178987,6,52442,4037,2792,1244,2008,2020,-3.7178437459876656,-0.0239335460223044,1.0,7,5,8,resources/figures/downstream_bjs_ref0_nonhybrid/education/annual/inep_transition_total_taxa_repetencia_ef_bjs_ref0_nonhybrid.png,resources/did/downstream_bjs_ref0_nonhybrid/education/annual/dropout_flow/inep_transition_total_taxa_repetencia_ef
inep_transition_total_taxa_repetencia_ef_anos_iniciais,Total Taxa Repetencia Ef Anos Iniciais,education,dropout_flow,annual,fail,-0.9236957226620072,0.9236957226620072,5.870492286073263,6,52442,4037,2792,1244,2008,2020,-3.6753106941428433,-0.0215519713919173,1.0,7,4,8,resources/figures/downstream_bjs_ref0_nonhybrid/education/annual/inep_transition_total_taxa_repetencia_ef_anos_iniciais_bjs_ref0_nonhybrid.png,resources/did/downstream_bjs_ref0_nonhybrid/education/annual/dropout_flow/inep_transition_total_taxa_repetencia_ef_anos_iniciais
inep_transition_publica_taxa_repetencia_ef,Publica Taxa Repetencia Ef,education,dropout_flow,annual,fail,-0.9164445973705552,0.9164445973705552,5.617349738238605,5,52442,4037,2792,1244,2008,2020,-3.681092018261457,-0.0104706726083001,1.0,6,5,8,resources/figures/downstream_bjs_ref0_nonhybrid/education/annual/inep_transition_publica_taxa_repetencia_ef_bjs_ref0_nonhybrid.png,resources/did/downstream_bjs_ref0_nonhybrid/education/annual/dropout_flow/inep_transition_publica_taxa_repetencia_ef
inep_transition_publica_taxa_repetencia_ef_anos_iniciais,Publica Taxa Repetencia Ef Anos Iniciais,education,dropout_flow,annual,fail,-0.8808623866806,0.8808623866806,5.543044734547513,6,52442,4037,2792,1244,2008,2020,-3.678857265346604,-0.0075246290567846,1.0,5,4,8,resources/figures/downstream_bjs_ref0_nonhybrid/education/annual/inep_transition_publica_taxa_repetencia_ef_anos_iniciais_bjs_ref0_nonhybrid.png,resources/did/downstream_bjs_ref0_nonhybrid/education/annual/dropout_flow/inep_transition_publica_taxa_repetencia_ef_anos_iniciais
inep_ind_municipal_taxa_abandono_ef,Municipal Taxa Abandono Ef,education,dropout_flow,annual,fail,-0.8785308634282274,0.8785308634282274,6.3940591500425485,7,52118,4037,2784,1242,2007,2019,-2.4600823869181845,-0.0939700578973903,1.0,8,7,8,resources/figures/downstream_bjs_ref0_nonhybrid/education/annual/inep_ind_municipal_taxa_abandono_ef_bjs_ref0_nonhybrid.png,resources/did/downstream_bjs_ref0_nonhybrid/education/annual/dropout_flow/inep_ind_municipal_taxa_abandono_ef
municipal_eja_enrollment_share,"EJA share of selected enrollment, municipal schools",adult_eja,adult_enrollment,annual,fail,0.8698901627023922,0.8698901627023922,4.408753012151662,6,56447,4037,2790,1244,2007,2020,0.0864965844319891,2.601900876470055,1.0,8,4,8,resources/figures/downstream_bjs_ref0_nonhybrid/adult_eja/annual/municipal_eja_enrollment_share_bjs_ref0_nonhybrid.png,resources/did/downstream_bjs_ref0_nonhybrid/adult_eja/annual/adult_enrollment/municipal_eja_enrollment_share
sinasc_highedu_csection_share_known_pp,C-section share: High education proxy,birth_health,sinasc_highedu,annual,fail,-0.8664442959486324,0.8664442959486324,10.569514216674248,8,84582,4037,2792,1244,2000,2020,-2.9647812440105623,0.7985091743258339,0.625,4,5,8,resources/figures/downstream_bjs_ref0_nonhybrid/birth_health/annual/sinasc_highedu_csection_share_known_pp_bjs_ref0_nonhybrid.png,resources/did/downstream_bjs_ref0_nonhybrid/birth_health/annual/sinasc_highedu/sinasc_highedu_csection_share_known_pp
sinasc_dedicated_mean_birthweight_all,SINASC mean birthweight: all births,birth_health,sinasc_dedicated,annual,fail,-0.8527603180445628,0.8527603180445628,5.060442697062004,8,84607,4037,2792,1244,2000,2020,-4.227247894107293,2.938656272969409,0.5,5,1,8,resources/figures/downstream_bjs_ref0_nonhybrid/birth_health/annual/sinasc_dedicated_mean_birthweight_all_bjs_ref0_nonhybrid.png,resources/did/downstream_bjs_ref0_nonhybrid/birth_health/annual/sinasc_dedicated/sinasc_dedicated_mean_birthweight_all
sinasc_all_mean_birthweight_grams,Mean birthweight: All mothers,birth_health,sinasc_all,annual,fail,-0.8527603180445628,0.8527603180445628,5.060442697062007,8,84607,4037,2792,1244,2000,2020,-4.227247894107295,2.938656272969413,0.5,5,1,8,resources/figures/downstream_bjs_ref0_nonhybrid/birth_health/annual/sinasc_all_mean_birthweight_grams_bjs_ref0_nonhybrid.png,resources/did/downstream_bjs_ref0_nonhybrid/birth_health/annual/sinasc_all/sinasc_all_mean_birthweight_grams
imun_cobertura_total_pp,Total immunization coverage,birth_health,immunization,annual,fail,-0.8379056414395385,0.8379056414395385,8.016678436514596,8,84548,4037,2792,1244,2000,2020,-6.863826285428525,3.8351112042146234,0.5,6,3,8,resources/figures/downstream_bjs_ref0_nonhybrid/birth_health/annual/imun_cobertura_total_pp_bjs_ref0_nonhybrid.png,resources/did/downstream_bjs_ref0_nonhybrid/birth_health/annual/immunization/imun_cobertura_total_pp
sinasc_all_no_prenatal_share_known_pp,No prenatal visits share: All mothers,birth_health,sinasc_all,annual,fail,-0.828997872898053,0.828997872898053,3.2896169498243872,4,84607,4037,2792,1244,2000,2020,-2.153936917906108,0.0140224326413038,0.75,6,6,8,resources/figures/downstream_bjs_ref0_nonhybrid/birth_health/annual/sinasc_all_no_prenatal_share_known_pp_bjs_ref0_nonhybrid.png,resources/did/downstream_bjs_ref0_nonhybrid/birth_health/annual/sinasc_all/sinasc_all_no_prenatal_share_known_pp
inep_ind_publica_taxa_abandono_ef,Publica Taxa Abandono Ef,education,dropout_flow,annual,fail,-0.8212639656910181,0.8212639656910181,8.320705093348584,8,52440,4037,2792,1244,2007,2019,-2.3320743360472544,-0.0208024036723178,1.0,8,7,8,resources/figures/downstream_bjs_ref0_nonhybrid/education/annual/inep_ind_publica_taxa_abandono_ef_bjs_ref0_nonhybrid.png,resources/did/downstream_bjs_ref0_nonhybrid/education/annual/dropout_flow/inep_ind_publica_taxa_abandono_ef
sinasc_lowedu_mother_35plus_share_known_pp,Mother age 35+ share: Low education proxy,birth_health,sinasc_lowedu,annual,fail,-0.7635819302435689,0.7635819302435689,5.420842265032189,7,84312,4037,2792,1244,2000,2020,-2.265989792722924,0.4169096939361892,0.75,7,3,8,resources/figures/downstream_bjs_ref0_nonhybrid/birth_health/annual/sinasc_lowedu_mother_35plus_share_known_pp_bjs_ref0_nonhybrid.png,resources/did/downstream_bjs_ref0_nonhybrid/birth_health/annual/sinasc_lowedu/sinasc_lowedu_mother_35plus_share_known_pp
inep_ind_publica_taxa_aprovacao_em,Publica Taxa Aprovacao Em,education,dropout_flow,annual,fail,0.7265489961896807,0.7265489961896807,3.702193391935958,2,52275,4037,2786,1244,2007,2019,-1.8371869934925045,3.7312479790558735,0.5,5,5,8,resources/figures/downstream_bjs_ref0_nonhybrid/education/annual/inep_ind_publica_taxa_aprovacao_em_bjs_ref0_nonhybrid.png,resources/did/downstream_bjs_ref0_nonhybrid/education/annual/dropout_flow/inep_ind_publica_taxa_aprovacao_em
inep_ind_publica_taxa_reprovacao_ef,Publica Taxa Reprovacao Ef,education,dropout_flow,annual,fail,-0.7168444364122303,0.7168444364122303,2.2355869394986385,2,52440,4037,2792,1244,2007,2019,-2.9851327199104354,0.100230196729394,0.75,4,4,8,resources/figures/downstream_bjs_ref0_nonhybrid/education/annual/inep_ind_publica_taxa_reprovacao_ef_bjs_ref0_nonhybrid.png,resources/did/downstream_bjs_ref0_nonhybrid/education/annual/dropout_flow/inep_ind_publica_taxa_reprovacao_ef
inep_ind_publica_afd_ef_grupo_5,Publica Afd Ef Grupo 5,education,teacher_profile,annual,fail,-0.6574240389856917,0.6574240389856917,3.919418402583693,1,32288,4037,2792,1244,2013,2020,-0.8681920275055776,-0.3739857173137936,1.0,3,2,6,resources/figures/downstream_bjs_ref0_nonhybrid/education/annual/inep_ind_publica_afd_ef_grupo_5_bjs_ref0_nonhybrid.png,resources/did/downstream_bjs_ref0_nonhybrid/education/annual/teacher_profile/inep_ind_publica_afd_ef_grupo_5
inep_ind_municipal_afd_ef_grupo_5,Municipal Afd Ef Grupo 5,education,teacher_profile,annual,fail,-0.624632897056716,0.624632897056716,3.334101667086462,1,32173,4037,2784,1241,2013,2020,-1.2464691408474522,-0.145330671282326,1.0,2,1,6,resources/figures/downstream_bjs_ref0_nonhybrid/education/annual/inep_ind_municipal_afd_ef_grupo_5_bjs_ref0_nonhybrid.png,resources/did/downstream_bjs_ref0_nonhybrid/education/annual/teacher_profile/inep_ind_municipal_afd_ef_grupo_5
inep_ind_publica_atu_ef_anos_finais,Publica Atu Ef Anos Finais,education,school_inputs,annual,fail,-0.6046660356349198,0.6046660356349198,2.691076220240853,3,56470,4037,2792,1244,2007,2020,-1.4851623033196029,-0.0343777169297622,1.0,6,5,8,resources/figures/downstream_bjs_ref0_nonhybrid/education/annual/inep_ind_publica_atu_ef_anos_finais_bjs_ref0_nonhybrid.png,resources/did/downstream_bjs_ref0_nonhybrid/education/annual/school_inputs/inep_ind_publica_atu_ef_anos_finais
saeb_public_estadual_municipal_grade5_portuguese_media,Public Estadual Municipal Grade5 Portuguese Media,education,achievement,biennial,fail,0.6002964292550947,0.6002964292550947,3.17385084064686,3,19431,4037,2784,1244,2010,2018,-0.6005897264565075,2.777311883059572,0.3333333333333333,1,1,3,resources/figures/downstream_bjs_ref0_nonhybrid/education/biennial/saeb_public_estadual_municipal_grade5_portuguese_media_bjs_ref0_nonhybrid.png,resources/did/downstream_bjs_ref0_nonhybrid/education/biennial/achievement/saeb_public_estadual_municipal_grade5_portuguese_media
inep_ind_publica_taxa_reprovacao_ef_anos_finais,Publica Taxa Reprovacao Ef Anos Finais,education,dropout_flow,annual,fail,-0.581720527530598,0.581720527530598,3.5870414983129217,4,52439,4037,2792,1244,2007,2019,-2.608063507334157,0.3450984223765355,0.75,3,4,8,resources/figures/downstream_bjs_ref0_nonhybrid/education/annual/inep_ind_publica_taxa_reprovacao_ef_anos_finais_bjs_ref0_nonhybrid.png,resources/did/downstream_bjs_ref0_nonhybrid/education/annual/dropout_flow/inep_ind_publica_taxa_reprovacao_ef_anos_finais
inep_ind_publica_taxa_abandono_ef_anos_iniciais,Publica Taxa Abandono Ef Anos Iniciais,education,dropout_flow,annual,fail,-0.5745762170121029,0.5745762170121029,6.2264827937824085,8,52439,4037,2792,1244,2007,2019,-1.4482330746013086,-0.050398459114287,1.0,8,7,8,resources/figures/downstream_bjs_ref0_nonhybrid/education/annual/inep_ind_publica_taxa_abandono_ef_anos_iniciais_bjs_ref0_nonhybrid.png,resources/did/downstream_bjs_ref0_nonhybrid/education/annual/dropout_flow/inep_ind_publica_taxa_abandono_ef_anos_iniciais
inep_ind_municipal_ird_alta,Municipal Ird Alta,education,teacher_profile,annual,fail,-0.5583559202531408,0.5583559202531408,2.431406797674362,3,32266,4037,2790,1244,2013,2020,-1.1445662406178196,0.6023498226699266,0.8333333333333334,0,0,6,resources/figures/downstream_bjs_ref0_nonhybrid/education/annual/inep_ind_municipal_ird_alta_bjs_ref0_nonhybrid.png,resources/did/downstream_bjs_ref0_nonhybrid/education/annual/teacher_profile/inep_ind_municipal_ird_alta
inep_ind_municipal_taxa_abandono_ef_anos_iniciais,Municipal Taxa Abandono Ef Anos Iniciais,education,dropout_flow,annual,fail,-0.5582930732339394,0.5582930732339394,5.157004776362161,8,52101,4037,2783,1242,2007,2019,-1.3998405222075252,-0.069676018556102,1.0,8,7,8,resources/figures/downstream_bjs_ref0_nonhybrid/education/annual/inep_ind_municipal_taxa_abandono_ef_anos_iniciais_bjs_ref0_nonhybrid.png,resources/did/downstream_bjs_ref0_nonhybrid/education/annual/dropout_flow/inep_ind_municipal_taxa_abandono_ef_anos_iniciais
inep_ind_publica_ied_em_nivel_6,Publica Ied Em Nivel 6,education,teacher_profile,annual,fail,0.5489242082250976,0.5489242082250976,2.773954617888236,2,32224,4037,2784,1244,2013,2020,-0.2779519639021999,2.001969808402034,0.8333333333333334,3,2,6,resources/figures/downstream_bjs_ref0_nonhybrid/education/annual/inep_ind_publica_ied_em_nivel_6_bjs_ref0_nonhybrid.png,resources/did/downstream_bjs_ref0_nonhybrid/education/annual/teacher_profile/inep_ind_publica_ied_em_nivel_6
sinasc_highedu_prenatal_1to3_share_known_pp,1-3 prenatal visits share: High education proxy,birth_health,sinasc_highedu,annual,fail,-0.5219781027513035,0.5219781027513035,2.630261600090685,3,84580,4037,2792,1244,2000,2020,-1.6409470291813295,-0.0094068873545604,1.0,4,3,8,resources/figures/downstream_bjs_ref0_nonhybrid/birth_health/annual/sinasc_highedu_prenatal_1to3_share_known_pp_bjs_ref0_nonhybrid.png,resources/did/downstream_bjs_ref0_nonhybrid/birth_health/annual/sinasc_highedu/sinasc_highedu_prenatal_1to3_share_known_pp
sinasc_lowedu_hospital_birth_location_share_known_pp,Hospital birth-location share: Low education proxy,birth_health,sinasc_lowedu,annual,fail,0.5079593706133256,0.5079593706133256,4.670379731613735,8,84312,4037,2792,1244,2000,2020,0.09275489948519,1.2460946192920033,1.0,3,2,8,resources/figures/downstream_bjs_ref0_nonhybrid/birth_health/annual/sinasc_lowedu_hospital_birth_location_share_known_pp_bjs_ref0_nonhybrid.png,resources/did/downstream_bjs_ref0_nonhybrid/birth_health/annual/sinasc_lowedu/sinasc_lowedu_hospital_birth_location_share_known_pp
ideb_municipal_ef_initial_nota_saeb_matematica,Municipal Ef Initial Nota Matematica,education,achievement,biennial,fail,-0.4808523755775574,0.4808523755775574,3.53552405647702,3,28727,4037,2697,1213,2004,2018,-2.297948361993557,0.6651099709839616,0.5,0,1,4,resources/figures/downstream_bjs_ref0_nonhybrid/education/biennial/ideb_municipal_ef_initial_nota_saeb_matematica_bjs_ref0_nonhybrid.png,resources/did/downstream_bjs_ref0_nonhybrid/education/biennial/achievement/ideb_municipal_ef_initial_nota_saeb_matematica
sim_infant_mortality_per_1000_births,SIM infant mortality,birth_health,sim,annual,fail,-0.4723814085122794,0.4723814085122794,2.472726171031157,2,84609,4037,2792,1244,2000,2020,-1.9935385907163772,0.1038302110174436,0.75,2,2,8,resources/figures/downstream_bjs_ref0_nonhybrid/birth_health/annual/sim_infant_mortality_per_1000_births_bjs_ref0_nonhybrid.png,resources/did/downstream_bjs_ref0_nonhybrid/birth_health/annual/sim/sim_infant_mortality_per_1000_births
inep_ind_municipal_tdi_ef_anos_finais,Municipal Tdi Ef Anos Finais,education,dropout_flow,annual,fail,-0.4638679080002765,0.4638679080002765,4.183260355906488,5,43166,4037,2226,795,2006,2020,-3.2568657710115474,1.2824185042733678,0.625,6,4,8,resources/figures/downstream_bjs_ref0_nonhybrid/education/annual/inep_ind_municipal_tdi_ef_anos_finais_bjs_ref0_nonhybrid.png,resources/did/downstream_bjs_ref0_nonhybrid/education/annual/dropout_flow/inep_ind_municipal_tdi_ef_anos_finais
imun_polio_pp,Polio coverage,birth_health,immunization,annual,fail,0.4608043145792781,0.4608043145792781,4.55891551552238,4,84548,4037,2792,1244,2000,2020,-3.067375407084776,5.061678346906896,0.5,3,2,8,resources/figures/downstream_bjs_ref0_nonhybrid/birth_health/annual/imun_polio_pp_bjs_ref0_nonhybrid.png,resources/did/downstream_bjs_ref0_nonhybrid/birth_health/annual/immunization/imun_polio_pp
sim_under5_mortality_per_1000_births,SIM under-5 mortality,birth_health,sim,annual,fail,-0.4588388249740738,0.4588388249740738,2.6485631501970994,2,84609,4037,2792,1244,2000,2020,-2.228646734226843,0.2896976520828225,0.375,2,2,8,resources/figures/downstream_bjs_ref0_nonhybrid/birth_health/annual/sim_under5_mortality_per_1000_births_bjs_ref0_nonhybrid.png,resources/did/downstream_bjs_ref0_nonhybrid/birth_health/annual/sim/sim_under5_mortality_per_1000_births
sinasc_all_hospital_birth_location_share_known_pp,Hospital birth-location share: All mothers,birth_health,sinasc_all,annual,fail,0.4494992497536587,0.4494992497536587,3.961746629075804,8,84609,4037,2792,1244,2000,2020,0.006836030605009,1.1849716907322898,1.0,3,2,8,resources/figures/downstream_bjs_ref0_nonhybrid/birth_health/annual/sinasc_all_hospital_birth_location_share_known_pp_bjs_ref0_nonhybrid.png,resources/did/downstream_bjs_ref0_nonhybrid/birth_health/annual/sinasc_all/sinasc_all_hospital_birth_location_share_known_pp
eja_to_child_spending_clean,"EJA spending relative to child/basic spending, clean denominator",adult_eja,spending,annual,fail,0.4138072480772005,0.4138072480772005,2.092993156344745,2,64447,4037,2790,1244,2004,2020,0.111630554515646,0.7244707442524445,1.0,7,5,8,resources/figures/downstream_bjs_ref0_nonhybrid/adult_eja/annual/eja_to_child_spending_clean_bjs_ref0_nonhybrid.png,resources/did/downstream_bjs_ref0_nonhybrid/adult_eja/annual/spending/eja_to_child_spending_clean
inep_transition_publica_taxa_migracao_eja_em,Publica Taxa Migracao Eja Em,education,dropout_flow,annual,fail,0.3635415788085525,0.3635415788085525,12.93916816012898,8,52266,4037,2786,1244,2008,2020,0.0995067588554113,1.1832144493629704,1.0,8,7,8,resources/figures/downstream_bjs_ref0_nonhybrid/education/annual/inep_transition_publica_taxa_migracao_eja_em_bjs_ref0_nonhybrid.png,resources/did/downstream_bjs_ref0_nonhybrid/education/annual/dropout_flow/inep_transition_publica_taxa_migracao_eja_em
inep_ind_publica_ied_em_nivel_5,Publica Ied Em Nivel 5,education,teacher_profile,annual,fail,-0.3580963215618326,0.3580963215618326,2.6928145058523696,3,32224,4037,2784,1244,2013,2020,-1.5285143374536498,1.719203948425979,0.8333333333333334,2,3,6,resources/figures/downstream_bjs_ref0_nonhybrid/education/annual/inep_ind_publica_ied_em_nivel_5_bjs_ref0_nonhybrid.png,resources/did/downstream_bjs_ref0_nonhybrid/education/annual/teacher_profile/inep_ind_publica_ied_em_nivel_5
ieps_prenatal_zero_pp,IEPS no-prenatal share,birth_health,ieps,annual,fail,-0.3580417920039343,0.3580417920039343,4.871838388139766,3,44384,4037,2792,1244,2010,2020,-0.9752578263130588,0.008061301854275,0.875,3,3,8,resources/figures/downstream_bjs_ref0_nonhybrid/birth_health/annual/ieps_prenatal_zero_pp_bjs_ref0_nonhybrid.png,resources/did/downstream_bjs_ref0_nonhybrid/birth_health/annual/ieps/ieps_prenatal_zero_pp
inep_transition_total_taxa_migracao_eja_em,Total Taxa Migracao Eja Em,education,dropout_flow,annual,fail,0.3424987212141897,0.3424987212141897,12.57832016535799,8,52267,4037,2786,1244,2008,2020,0.0984415695008606,1.127952590823487,1.0,8,7,8,resources/figures/downstream_bjs_ref0_nonhybrid/education/annual/inep_transition_total_taxa_migracao_eja_em_bjs_ref0_nonhybrid.png,resources/did/downstream_bjs_ref0_nonhybrid/education/annual/dropout_flow/inep_transition_total_taxa_migracao_eja_em
inep_ind_publica_ird_alta,Publica Ird Alta,education,teacher_profile,annual,fail,-0.319509499888509,0.319509499888509,3.1551619876346315,3,32288,4037,2792,1244,2013,2020,-0.7204370952510357,0.900416729998881,0.8333333333333334,2,0,6,resources/figures/downstream_bjs_ref0_nonhybrid/education/annual/inep_ind_publica_ird_alta_bjs_ref0_nonhybrid.png,resources/did/downstream_bjs_ref0_nonhybrid/education/annual/teacher_profile/inep_ind_publica_ird_alta
log_municipal_eja_enrollment,"EJA enrollment, municipal schools",adult_eja,adult_enrollment,annual,fail,0.3055031411659176,0.3055031411659176,2.5086383315709435,2,56518,4037,2792,1245,2007,2020,0.0530080298472102,0.6301713475386853,1.0,8,6,8,resources/figures/downstream_bjs_ref0_nonhybrid/adult_eja/annual/log_municipal_eja_enrollment_bjs_ref0_nonhybrid.png,resources/did/downstream_bjs_ref0_nonhybrid/adult_eja/annual/adult_enrollment/log_municipal_eja_enrollment
sinasc_all_mother_35plus_share_known_pp,Mother age 35+ share: All mothers,birth_health,sinasc_all,annual,fail,-0.3013427466588582,0.3013427466588582,6.471333444454841,7,84609,4037,2792,1244,2000,2020,-0.896615609137949,0.1012815635735608,0.75,8,3,8,resources/figures/downstream_bjs_ref0_nonhybrid/birth_health/annual/sinasc_all_mother_35plus_share_known_pp_bjs_ref0_nonhybrid.png,resources/did/downstream_bjs_ref0_nonhybrid/birth_health/annual/sinasc_all/sinasc_all_mother_35plus_share_known_pp
inep_ind_publica_atu_em,Publica Atu Em,education,school_inputs,annual,fail,-0.2990779739192268,0.2990779739192268,9.250695381222014,8,56315,4037,2786,1244,2007,2020,-1.3285044587490256,0.1351414090301333,0.5,5,3,8,resources/figures/downstream_bjs_ref0_nonhybrid/education/annual/inep_ind_publica_atu_em_bjs_ref0_nonhybrid.png,resources/did/downstream_bjs_ref0_nonhybrid/education/annual/school_inputs/inep_ind_publica_atu_em
eja_spending_share,EJA share of education spending,adult_eja,spending,annual,fail,0.2946764930885851,0.2946764930885851,2.506701198094172,3,65846,4037,2790,1244,2004,2020,0.0675530127217762,0.5523580639616529,1.0,5,5,8,resources/figures/downstream_bjs_ref0_nonhybrid/adult_eja/annual/eja_spending_share_bjs_ref0_nonhybrid.png,resources/did/downstream_bjs_ref0_nonhybrid/adult_eja/annual/spending/eja_spending_share
sinasc_highedu_hospital_birth_location_share_known_pp,Hospital birth-location share: High education proxy,birth_health,sinasc_highedu,annual,fail,0.2942521813007601,0.2942521813007601,2.4061436428589875,3,84584,4037,2792,1244,2000,2020,-0.0165460817885631,0.4936813649582274,0.875,1,1,8,resources/figures/downstream_bjs_ref0_nonhybrid/birth_health/annual/sinasc_highedu_hospital_birth_location_share_known_pp_bjs_ref0_nonhybrid.png,resources/did/downstream_bjs_ref0_nonhybrid/birth_health/annual/sinasc_highedu/sinasc_highedu_hospital_birth_location_share_known_pp
ideb_publica_ef_initial_nota_saeb_matematica,Publica Ef Initial Nota Matematica,education,achievement,biennial,fail,-0.2942387018268805,0.2942387018268805,2.7603180726735586,2,26874,4037,2777,1244,2004,2018,-2.3117234826313453,0.9517346119151217,0.5,1,1,4,resources/figures/downstream_bjs_ref0_nonhybrid/education/biennial/ideb_publica_ef_initial_nota_saeb_matematica_bjs_ref0_nonhybrid.png,resources/did/downstream_bjs_ref0_nonhybrid/education/biennial/achievement/ideb_publica_ef_initial_nota_saeb_matematica
eja_spending_share_clean,"EJA share of education spending, clean denominator",adult_eja,spending,annual,fail,0.2883828295398861,0.2883828295398861,2.6747667443532364,3,65840,4037,2790,1244,2004,2020,0.0614158910319315,0.5457884033425084,1.0,6,5,8,resources/figures/downstream_bjs_ref0_nonhybrid/adult_eja/annual/eja_spending_share_clean_bjs_ref0_nonhybrid.png,resources/did/downstream_bjs_ref0_nonhybrid/adult_eja/annual/spending/eja_spending_share_clean
sinasc_highedu_mother_35plus_share_known_pp,Mother age 35+ share: High education proxy,birth_health,sinasc_highedu,annual,fail,-0.2833591952976358,0.2833591952976358,5.934759978556115,7,84584,4037,2792,1244,2000,2020,-1.1929370419739889,0.1455782599367572,0.625,7,2,8,resources/figures/downstream_bjs_ref0_nonhybrid/birth_health/annual/sinasc_highedu_mother_35plus_share_known_pp_bjs_ref0_nonhybrid.png,resources/did/downstream_bjs_ref0_nonhybrid/birth_health/annual/sinasc_highedu/sinasc_highedu_mother_35plus_share_known_pp
sinasc_highedu_no_prenatal_share_known_pp,No prenatal visits share: High education proxy,birth_health,sinasc_highedu,annual,fail,-0.2602724051201696,0.2602724051201696,2.830107745819591,2,84580,4037,2792,1244,2000,2020,-0.5727581285381707,0.0374785310279618,0.875,3,3,8,resources/figures/downstream_bjs_ref0_nonhybrid/birth_health/annual/sinasc_highedu_no_prenatal_share_known_pp_bjs_ref0_nonhybrid.png,resources/did/downstream_bjs_ref0_nonhybrid/birth_health/annual/sinasc_highedu/sinasc_highedu_no_prenatal_share_known_pp
ideb_publica_ef_final_nota_saeb_lingua_portuguesa,Publica Ef Final Nota Lingua Portuguesa,education,achievement,biennial,fail,0.2600239736928246,0.2600239736928246,6.859841770766338,4,27136,4037,2789,1244,2004,2018,-0.5972861310439117,1.487987394382401,0.5,3,0,4,resources/figures/downstream_bjs_ref0_nonhybrid/education/biennial/ideb_publica_ef_final_nota_saeb_lingua_portuguesa_bjs_ref0_nonhybrid.png,resources/did/downstream_bjs_ref0_nonhybrid/education/biennial/achievement/ideb_publica_ef_final_nota_saeb_lingua_portuguesa
inep_transition_publica_taxa_evasao_em,Publica Taxa Evasao Em,education,dropout_flow,annual,fail,-0.239925678425976,0.239925678425976,6.894512297534694,6,52266,4037,2786,1244,2008,2020,-1.7602377757587844,0.8673853768325722,0.5,4,5,8,resources/figures/downstream_bjs_ref0_nonhybrid/education/annual/inep_transition_publica_taxa_evasao_em_bjs_ref0_nonhybrid.png,resources/did/downstream_bjs_ref0_nonhybrid/education/annual/dropout_flow/inep_transition_publica_taxa_evasao_em
sinasc_all_low_apgar5_share_known_pp,Low Apgar 5 share: All mothers,birth_health,sinasc_all,annual,fail,-0.2351293499434056,0.2351293499434056,3.2073972788846903,6,84493,4037,2792,1244,2000,2020,-0.9128066541848676,0.031101031696193,0.75,3,2,8,resources/figures/downstream_bjs_ref0_nonhybrid/birth_health/annual/sinasc_all_low_apgar5_share_known_pp_bjs_ref0_nonhybrid.png,resources/did/downstream_bjs_ref0_nonhybrid/birth_health/annual/sinasc_all/sinasc_all_low_apgar5_share_known_pp
sinasc_lowedu_low_apgar5_share_known_pp,Low Apgar 5 share: Low education proxy,birth_health,sinasc_lowedu,annual,fail,-0.2313479406330665,0.2313479406330665,3.203410823160445,6,84119,4037,2792,1244,2000,2020,-1.1476534378464769,0.1480688387404397,0.75,2,1,8,resources/figures/downstream_bjs_ref0_nonhybrid/birth_health/annual/sinasc_lowedu_low_apgar5_share_known_pp_bjs_ref0_nonhybrid.png,resources/did/downstream_bjs_ref0_nonhybrid/birth_health/annual/sinasc_lowedu/sinasc_lowedu_low_apgar5_share_known_pp
inep_transition_total_taxa_evasao_em,Total Taxa Evasao Em,education,dropout_flow,annual,fail,-0.2294147396653266,0.2294147396653266,6.946806123946747,6,52267,4037,2786,1244,2008,2020,-1.7293191221504818,0.8752990734231766,0.5,4,5,8,resources/figures/downstream_bjs_ref0_nonhybrid/education/annual/inep_transition_total_taxa_evasao_em_bjs_ref0_nonhybrid.png,resources/did/downstream_bjs_ref0_nonhybrid/education/annual/dropout_flow/inep_transition_total_taxa_evasao_em
inep_ind_publica_afd_ef_grupo_1,Publica Afd Ef Grupo 1,education,teacher_profile,annual,fail,-0.2242358629993912,0.2242358629993912,3.0641176829740866,1,32288,4037,2792,1244,2013,2020,-0.7926034649506132,0.2471717418857675,0.6666666666666666,1,0,6,resources/figures/downstream_bjs_ref0_nonhybrid/education/annual/inep_ind_publica_afd_ef_grupo_1_bjs_ref0_nonhybrid.png,resources/did/downstream_bjs_ref0_nonhybrid/education/annual/teacher_profile/inep_ind_publica_afd_ef_grupo_1
inep_transition_publica_taxa_evasao_ef_anos_iniciais,Publica Taxa Evasao Ef Anos Iniciais,education,dropout_flow,annual,fail,-0.220779881055482,0.220779881055482,4.375823667621407,7,52442,4037,2792,1244,2008,2020,-0.6929461548951833,-0.0236638555302479,1.0,6,3,8,resources/figures/downstream_bjs_ref0_nonhybrid/education/annual/inep_transition_publica_taxa_evasao_ef_anos_iniciais_bjs_ref0_nonhybrid.png,resources/did/downstream_bjs_ref0_nonhybrid/education/annual/dropout_flow/inep_transition_publica_taxa_evasao_ef_anos_iniciais
sinasc_lowedu_preterm_share_known_pp,Preterm birth share: Low education proxy,birth_health,sinasc_lowedu,annual,fail,-0.2177888622645716,0.2177888622645716,2.6261751562818136,2,84306,4037,2792,1244,2000,2020,-0.8827616487121438,0.0894679196854947,0.625,1,0,8,resources/figures/downstream_bjs_ref0_nonhybrid/birth_health/annual/sinasc_lowedu_preterm_share_known_pp_bjs_ref0_nonhybrid.png,resources/did/downstream_bjs_ref0_nonhybrid/birth_health/annual/sinasc_lowedu/sinasc_lowedu_preterm_share_known_pp
inep_transition_total_taxa_evasao_ef_anos_iniciais,Total Taxa Evasao Ef Anos Iniciais,education,dropout_flow,annual,fail,-0.2117780295161843,0.2117780295161843,4.349732305852927,7,52442,4037,2792,1244,2008,2020,-0.6514433930365254,-0.0240379513083658,1.0,7,3,8,resources/figures/downstream_bjs_ref0_nonhybrid/education/annual/inep_transition_total_taxa_evasao_ef_anos_iniciais_bjs_ref0_nonhybrid.png,resources/did/downstream_bjs_ref0_nonhybrid/education/annual/dropout_flow/inep_transition_total_taxa_evasao_ef_anos_iniciais
sinasc_all_prenatal_adequate_share_known_pp,Adequate prenatal visits share: All mothers,birth_health,sinasc_all,annual,fail,0.2014088528395262,0.2014088528395262,2.963893288355281,2,28252,4037,2792,1244,2014,2020,-0.0827625720126513,0.391625526620889,0.75,2,0,4,resources/figures/downstream_bjs_ref0_nonhybrid/birth_health/annual/sinasc_all_prenatal_adequate_share_known_pp_bjs_ref0_nonhybrid.png,resources/did/downstream_bjs_ref0_nonhybrid/birth_health/annual/sinasc_all/sinasc_all_prenatal_adequate_share_known_pp
imun_penta_pp,Pentavalent coverage,birth_health,immunization,annual,fail,-0.1991459910672699,0.1991459910672699,4.996511695813983,2,36308,4037,2792,1244,2012,2020,-2.703440861939881,2.6857472409540244,0.6666666666666666,0,0,6,resources/figures/downstream_bjs_ref0_nonhybrid/birth_health/annual/imun_penta_pp_bjs_ref0_nonhybrid.png,resources/did/downstream_bjs_ref0_nonhybrid/birth_health/annual/immunization/imun_penta_pp
inep_transition_total_taxa_evasao_ef_anos_finais,Total Taxa Evasao Ef Anos Finais,education,dropout_flow,annual,fail,-0.1941235225538757,0.1941235225538757,9.553221379302473,7,52442,4037,2792,1244,2008,2020,-1.1323591939968969,0.2372934918672143,0.625,5,5,8,resources/figures/downstream_bjs_ref0_nonhybrid/education/annual/inep_transition_total_taxa_evasao_ef_anos_finais_bjs_ref0_nonhybrid.png,resources/did/downstream_bjs_ref0_nonhybrid/education/annual/dropout_flow/inep_transition_total_taxa_evasao_ef_anos_finais
sinasc_highedu_low_birthweight_share_total_pp,Low-birthweight share: High education proxy,birth_health,sinasc_highedu,annual,fail,0.1905778806251791,0.1905778806251791,2.487029548626585,3,84584,4037,2792,1244,2000,2020,0.0787366346460844,0.3378655254925963,1.0,5,0,8,resources/figures/downstream_bjs_ref0_nonhybrid/birth_health/annual/sinasc_highedu_low_birthweight_share_total_pp_bjs_ref0_nonhybrid.png,resources/did/downstream_bjs_ref0_nonhybrid/birth_health/annual/sinasc_highedu/sinasc_highedu_low_birthweight_share_total_pp
sinasc_all_csection_share_known_pp,C-section share: All mothers,birth_health,sinasc_all,annual,fail,-0.1881404109761855,0.1881404109761855,14.152941423267327,8,84608,4037,2792,1244,2000,2020,-1.2609837014795873,1.0908183016511177,0.625,8,3,8,resources/figures/downstream_bjs_ref0_nonhybrid/birth_health/annual/sinasc_all_csection_share_known_pp_bjs_ref0_nonhybrid.png,resources/did/downstream_bjs_ref0_nonhybrid/birth_health/annual/sinasc_all/sinasc_all_csection_share_known_pp
ideb_municipal_ef_final_ideb,Municipal Ef Final Ideb,education,achievement,biennial,fail,0.1862644318619646,0.1862644318619646,4.012609472442653,4,17379,4037,1911,701,2004,2018,0.014829960984043,0.3772834492246212,1.0,4,3,4,resources/figures/downstream_bjs_ref0_nonhybrid/education/biennial/ideb_municipal_ef_final_ideb_bjs_ref0_nonhybrid.png,resources/did/downstream_bjs_ref0_nonhybrid/education/biennial/achievement/ideb_municipal_ef_final_ideb
inep_transition_publica_taxa_evasao_ef_anos_finais,Publica Taxa Evasao Ef Anos Finais,education,dropout_flow,annual,fail,-0.1814597662538756,0.1814597662538756,9.445187186449516,7,52442,4037,2792,1244,2008,2020,-1.1299774094454569,0.2636826484407951,0.625,5,5,8,resources/figures/downstream_bjs_ref0_nonhybrid/education/annual/inep_transition_publica_taxa_evasao_ef_anos_finais_bjs_ref0_nonhybrid.png,resources/did/downstream_bjs_ref0_nonhybrid/education/annual/dropout_flow/inep_transition_publica_taxa_evasao_ef_anos_finais
sinasc_lowedu_high_birthweight_share_total_pp,High-birthweight share: Low education proxy,birth_health,sinasc_lowedu,annual,fail,0.1813218614340388,0.1813218614340388,3.300171780108622,3,84312,4037,2792,1244,2000,2020,-0.1129613523262196,0.4459938311011875,0.875,0,0,8,resources/figures/downstream_bjs_ref0_nonhybrid/birth_health/annual/sinasc_lowedu_high_birthweight_share_total_pp_bjs_ref0_nonhybrid.png,resources/did/downstream_bjs_ref0_nonhybrid/birth_health/annual/sinasc_lowedu/sinasc_lowedu_high_birthweight_share_total_pp
siconfi_education_share_total_spending_pp,Education Share Total Spending Pp,education,spending,annual,fail,0.1785762378218434,0.1785762378218434,2.803265026298709,3,81882,4037,2790,1244,2000,2020,-0.6414505748000141,1.6228970063350532,0.5,4,2,8,resources/figures/downstream_bjs_ref0_nonhybrid/education/annual/siconfi_education_share_total_spending_pp_bjs_ref0_nonhybrid.png,resources/did/downstream_bjs_ref0_nonhybrid/education/annual/spending/siconfi_education_share_total_spending_pp
log_municipal_eja_teachers,"EJA teachers, municipal schools",adult_eja,adult_teachers,annual,fail,0.173040003162993,0.173040003162993,2.183431486284237,2,56518,4037,2792,1245,2007,2020,0.0344620060873521,0.3917765135649402,1.0,8,8,8,resources/figures/downstream_bjs_ref0_nonhybrid/adult_eja/annual/log_municipal_eja_teachers_bjs_ref0_nonhybrid.png,resources/did/downstream_bjs_ref0_nonhybrid/adult_eja/annual/adult_teachers/log_municipal_eja_teachers
sinasc_lowedu_congenital_anomaly_share_known_pp,Congenital anomaly share: Low education proxy,birth_health,sinasc_lowedu,annual,fail,0.1704871723694093,0.1704871723694093,2.549343953090066,3,80301,4037,2792,1244,2000,2020,-0.0637223841754191,0.3289201703816161,0.875,4,3,8,resources/figures/downstream_bjs_ref0_nonhybrid/birth_health/annual/sinasc_lowedu_congenital_anomaly_share_known_pp_bjs_ref0_nonhybrid.png,resources/did/downstream_bjs_ref0_nonhybrid/birth_health/annual/sinasc_lowedu/sinasc_lowedu_congenital_anomaly_share_known_pp
inep_transition_total_taxa_evasao_ef,Total Taxa Evasao Ef,education,dropout_flow,annual,fail,-0.166687339243234,0.166687339243234,7.940589861275885,7,52442,4037,2792,1244,2008,2020,-0.7699183439289543,0.1077287734231014,0.625,5,4,8,resources/figures/downstream_bjs_ref0_nonhybrid/education/annual/inep_transition_total_taxa_evasao_ef_bjs_ref0_nonhybrid.png,resources/did/downstream_bjs_ref0_nonhybrid/education/annual/dropout_flow/inep_transition_total_taxa_evasao_ef
inep_transition_publica_taxa_evasao_ef,Publica Taxa Evasao Ef,education,dropout_flow,annual,fail,-0.1613744032617546,0.1613744032617546,7.813855105547914,7,52442,4037,2792,1244,2008,2020,-0.7873170873578662,0.1144848360437928,0.625,5,4,8,resources/figures/downstream_bjs_ref0_nonhybrid/education/annual/inep_transition_publica_taxa_evasao_ef_bjs_ref0_nonhybrid.png,resources/did/downstream_bjs_ref0_nonhybrid/education/annual/dropout_flow/inep_transition_publica_taxa_evasao_ef
public_eja_enrollment_share,"EJA share of selected enrollment, public schools",adult_eja,adult_enrollment,annual,fail,0.1588252530451095,0.1588252530451095,13.452350728730876,8,56478,4037,2792,1244,2007,2020,-0.4794246848811913,1.432574588800002,0.5,8,5,8,resources/figures/downstream_bjs_ref0_nonhybrid/adult_eja/annual/public_eja_enrollment_share_bjs_ref0_nonhybrid.png,resources/did/downstream_bjs_ref0_nonhybrid/adult_eja/annual/adult_enrollment/public_eja_enrollment_share
sinasc_all_preterm_share_known_pp,Preterm birth share: All mothers,birth_health,sinasc_all,annual,fail,0.1508403881483254,0.1508403881483254,2.814776520182281,2,84607,4037,2792,1244,2000,2020,-0.0965684245752667,0.5247280846939689,0.875,1,1,8,resources/figures/downstream_bjs_ref0_nonhybrid/birth_health/annual/sinasc_all_preterm_share_known_pp_bjs_ref0_nonhybrid.png,resources/did/downstream_bjs_ref0_nonhybrid/birth_health/annual/sinasc_all/sinasc_all_preterm_share_known_pp
inep_ind_publica_ied_ef_nivel_6,Publica Ied Ef Nivel 6,education,teacher_profile,annual,fail,0.1430891669434339,0.1430891669434339,3.443969370054281,2,32288,4037,2792,1244,2013,2020,-0.2756903865609436,0.7233607146387968,0.5,4,4,6,resources/figures/downstream_bjs_ref0_nonhybrid/education/annual/inep_ind_publica_ied_ef_nivel_6_bjs_ref0_nonhybrid.png,resources/did/downstream_bjs_ref0_nonhybrid/education/annual/teacher_profile/inep_ind_publica_ied_ef_nivel_6
inep_transition_publica_taxa_migracao_eja_ef_anos_finais,Publica Taxa Migracao Eja Ef Anos Finais,education,dropout_flow,annual,fail,0.1389091829303295,0.1389091829303295,11.035944376295577,8,52442,4037,2792,1244,2008,2020,-0.0939445837381371,0.8379016280378477,0.625,6,2,8,resources/figures/downstream_bjs_ref0_nonhybrid/education/annual/inep_transition_publica_taxa_migracao_eja_ef_anos_finais_bjs_ref0_nonhybrid.png,resources/did/downstream_bjs_ref0_nonhybrid/education/annual/dropout_flow/inep_transition_publica_taxa_migracao_eja_ef_anos_finais
sinasc_highedu_low_apgar5_share_known_pp,Low Apgar 5 share: High education proxy,birth_health,sinasc_highedu,annual,fail,-0.1298202276123713,0.1298202276123713,2.1814568840547115,2,84263,4037,2792,1244,2000,2020,-0.6307874164655982,0.0596370289176894,0.5,2,2,8,resources/figures/downstream_bjs_ref0_nonhybrid/birth_health/annual/sinasc_highedu_low_apgar5_share_known_pp_bjs_ref0_nonhybrid.png,resources/did/downstream_bjs_ref0_nonhybrid/birth_health/annual/sinasc_highedu/sinasc_highedu_low_apgar5_share_known_pp
siconfi_cycle2_transport_log_pc,"Transport expenditure per capita, log(1+x), cycle2",siconfi_log_pc,transport,cycle2,fail,0.1289758020341523,0.1289758020341523,3.231406379060792,1,44016,4036,2790,1244,2000,2020,-0.0083335508412399,0.208062266708376,0.75,3,2,4,resources/figures/downstream_bjs_ref0_nonhybrid/siconfi_log_pc/cycle2/siconfi_cycle2_transport_log_pc_bjs_ref0_nonhybrid.png,resources/did/downstream_bjs_ref0_nonhybrid/siconfi_log_pc/cycle2/transport/siconfi_cycle2_transport_log_pc
sinasc_all_low_birthweight_share_total_pp,Low-birthweight share: All mothers,birth_health,sinasc_all,annual,fail,0.1261098650441798,0.1261098650441798,2.8605332082600725,3,84609,4037,2792,1244,2000,2020,0.0066697169355922,0.2439659383901558,1.0,6,0,8,resources/figures/downstream_bjs_ref0_nonhybrid/birth_health/annual/sinasc_all_low_birthweight_share_total_pp_bjs_ref0_nonhybrid.png,resources/did/downstream_bjs_ref0_nonhybrid/birth_health/annual/sinasc_all/sinasc_all_low_birthweight_share_total_pp
log_public_eja_enrollment,"EJA enrollment, public schools",adult_eja,adult_enrollment,annual,fail,0.1199142183325163,0.1199142183325163,7.747406838425259,8,56518,4037,2792,1245,2007,2020,0.0023098574132807,0.3294976358784891,1.0,8,3,8,resources/figures/downstream_bjs_ref0_nonhybrid/adult_eja/annual/log_public_eja_enrollment_bjs_ref0_nonhybrid.png,resources/did/downstream_bjs_ref0_nonhybrid/adult_eja/annual/adult_enrollment/log_public_eja_enrollment
sinasc_all_congenital_anomaly_share_known_pp,Congenital anomaly share: All mothers,birth_health,sinasc_all,annual,fail,0.1171131621609599,0.1171131621609599,2.7898779546617263,4,80667,4037,2792,1244,2000,2020,0.0020446787150632,0.241915291117995,1.0,6,4,8,resources/figures/downstream_bjs_ref0_nonhybrid/birth_health/annual/sinasc_all_congenital_anomaly_share_known_pp_bjs_ref0_nonhybrid.png,resources/did/downstream_bjs_ref0_nonhybrid/birth_health/annual/sinasc_all/sinasc_all_congenital_anomaly_share_known_pp
inep_ind_municipal_dsu_ef_anos_finais,Municipal Dsu Ef Anos Finais,education,teacher_profile,annual,fail,0.1123014395634989,0.1123014395634989,3.134321750482646,3,32657,4037,2490,978,2011,2020,-0.8888829427745304,0.6431536888634668,0.625,1,0,8,resources/figures/downstream_bjs_ref0_nonhybrid/education/annual/inep_ind_municipal_dsu_ef_anos_finais_bjs_ref0_nonhybrid.png,resources/did/downstream_bjs_ref0_nonhybrid/education/annual/teacher_profile/inep_ind_municipal_dsu_ef_anos_finais
inep_transition_total_taxa_migracao_eja_ef_anos_finais,Total Taxa Migracao Eja Ef Anos Finais,education,dropout_flow,annual,fail,0.1059861636680102,0.1059861636680102,10.623408519821302,8,52442,4037,2792,1244,2008,2020,-0.0991389480328663,0.7355260053248523,0.625,5,2,8,resources/figures/downstream_bjs_ref0_nonhybrid/education/annual/inep_transition_total_taxa_migracao_eja_ef_anos_finais_bjs_ref0_nonhybrid.png,resources/did/downstream_bjs_ref0_nonhybrid/education/annual/dropout_flow/inep_transition_total_taxa_migracao_eja_ef_anos_finais
sinasc_highedu_congenital_anomaly_share_known_pp,Congenital anomaly share: High education proxy,birth_health,sinasc_highedu,annual,fail,0.1055557888760951,0.1055557888760951,2.3516948303133294,2,80610,4037,2792,1244,2000,2020,0.0209650440558054,0.2013777721545225,1.0,5,4,8,resources/figures/downstream_bjs_ref0_nonhybrid/birth_health/annual/sinasc_highedu_congenital_anomaly_share_known_pp_bjs_ref0_nonhybrid.png,resources/did/downstream_bjs_ref0_nonhybrid/birth_health/annual/sinasc_highedu/sinasc_highedu_congenital_anomaly_share_known_pp
log_eja_spending_pc,EJA spending per capita,adult_eja,spending,annual,fail,0.1025184846333298,0.1025184846333298,5.216620776957117,7,68575,4037,2792,1244,2004,2020,0.0148001599799539,0.2203064386586115,1.0,3,6,8,resources/figures/downstream_bjs_ref0_nonhybrid/adult_eja/annual/log_eja_spending_pc_bjs_ref0_nonhybrid.png,resources/did/downstream_bjs_ref0_nonhybrid/adult_eja/annual/spending/log_eja_spending_pc
siconfi_annual_transport_log_pc,"Transport expenditure per capita, log(1+x), annual",siconfi_log_pc,transport,annual,fail,0.101893626124093,0.101893626124093,2.853563642109824,3,81888,4036,2790,1244,2000,2020,-0.0418942766133171,0.2267883632884187,0.75,5,2,8,resources/figures/downstream_bjs_ref0_nonhybrid/siconfi_log_pc/annual/siconfi_annual_transport_log_pc_bjs_ref0_nonhybrid.png,resources/did/downstream_bjs_ref0_nonhybrid/siconfi_log_pc/annual/transport/siconfi_annual_transport_log_pc
ieps_cob_acs_pp,IEPS community health-agent coverage,birth_health,ieps,annual,fail,-0.0985576579643326,0.0985576579643326,3.2602144759014138,5,44381,4037,2792,1244,2010,2020,-1.5892010425737864,1.017172744883291,0.625,1,1,8,resources/figures/downstream_bjs_ref0_nonhybrid/birth_health/annual/ieps_cob_acs_pp_bjs_ref0_nonhybrid.png,resources/did/downstream_bjs_ref0_nonhybrid/birth_health/annual/ieps/ieps_cob_acs_pp
ideb_publica_ef_final_ideb,Publica Ef Final Ideb,education,achievement,biennial,fail,0.0879161046138781,0.0879161046138781,2.885781178695125,2,27136,4037,2789,1244,2004,2018,-0.0062308156852562,0.2150918935801041,0.5,4,1,4,resources/figures/downstream_bjs_ref0_nonhybrid/education/biennial/ideb_publica_ef_final_ideb_bjs_ref0_nonhybrid.png,resources/did/downstream_bjs_ref0_nonhybrid/education/biennial/achievement/ideb_publica_ef_final_ideb
log_public_eja_teachers,"EJA teachers, public schools",adult_eja,adult_teachers,annual,fail,0.0871707243848364,0.0871707243848364,6.043160762844857,8,56518,4037,2792,1245,2007,2020,0.009515269388307,0.2489057821394436,1.0,8,4,8,resources/figures/downstream_bjs_ref0_nonhybrid/adult_eja/annual/log_public_eja_teachers_bjs_ref0_nonhybrid.png,resources/did/downstream_bjs_ref0_nonhybrid/adult_eja/annual/adult_teachers/log_public_eja_teachers
sinasc_highedu_prenatal_adequate_share_known_pp,Adequate prenatal visits share: High education proxy,birth_health,sinasc_highedu,annual,fail,0.0793217102935111,0.0793217102935111,2.440623350391869,3,28251,4037,2792,1244,2014,2020,-0.2171976005946264,0.2492532837133973,0.75,1,0,4,resources/figures/downstream_bjs_ref0_nonhybrid/birth_health/annual/sinasc_highedu_prenatal_adequate_share_known_pp_bjs_ref0_nonhybrid.png,resources/did/downstream_bjs_ref0_nonhybrid/birth_health/annual/sinasc_highedu/sinasc_highedu_prenatal_adequate_share_known_pp
ieps_private_plan_coverage_pp,IEPS private plan coverage,birth_health,ieps,annual,fail,0.0756502706534876,0.0756502706534876,2.530901227575701,3,44352,4037,2789,1243,2010,2020,-0.2292229895246689,0.2885087701803532,0.75,4,1,8,resources/figures/downstream_bjs_ref0_nonhybrid/birth_health/annual/ieps_private_plan_coverage_pp_bjs_ref0_nonhybrid.png,resources/did/downstream_bjs_ref0_nonhybrid/birth_health/annual/ieps/ieps_private_plan_coverage_pp
sinasc_highedu_high_birthweight_share_total_pp,High-birthweight share: High education proxy,birth_health,sinasc_highedu,annual,fail,0.0707359993464595,0.0707359993464595,3.20151143160983,3,84584,4037,2792,1244,2000,2020,-0.1090932030884861,0.4322657085666262,0.625,2,1,8,resources/figures/downstream_bjs_ref0_nonhybrid/birth_health/annual/sinasc_highedu_high_birthweight_share_total_pp_bjs_ref0_nonhybrid.png,resources/did/downstream_bjs_ref0_nonhybrid/birth_health/annual/sinasc_highedu/sinasc_highedu_high_birthweight_share_total_pp
ideb_publica_ef_final_nota_saeb_matematica,Publica Ef Final Nota Matematica,education,achievement,biennial,fail,0.0654320249270667,0.0654320249270667,5.857942062089085,3,27136,4037,2789,1244,2004,2018,-0.6927735922295148,1.7481373734556185,0.25,3,0,4,resources/figures/downstream_bjs_ref0_nonhybrid/education/biennial/ideb_publica_ef_final_nota_saeb_matematica_bjs_ref0_nonhybrid.png,resources/did/downstream_bjs_ref0_nonhybrid/education/biennial/achievement/ideb_publica_ef_final_nota_saeb_matematica
inep_ind_municipal_atu_ef,Municipal Atu Ef,education,school_inputs,annual,fail,-0.0543351788140103,0.0543351788140103,5.889765678621759,6,56148,4037,2784,1242,2007,2020,-0.6501867553016403,0.2560883149924519,0.375,6,4,8,resources/figures/downstream_bjs_ref0_nonhybrid/education/annual/inep_ind_municipal_atu_ef_bjs_ref0_nonhybrid.png,resources/did/downstream_bjs_ref0_nonhybrid/education/annual/school_inputs/inep_ind_municipal_atu_ef
inep_ind_publica_had_em,Publica Had Em,education,school_inputs,annual,fail,0.0533229447983907,0.0533229447983907,5.1364157125744105,7,44289,4037,2784,1244,2010,2020,-0.039823015470025,0.2329352267219002,0.75,6,3,8,resources/figures/downstream_bjs_ref0_nonhybrid/education/annual/inep_ind_publica_had_em_bjs_ref0_nonhybrid.png,resources/did/downstream_bjs_ref0_nonhybrid/education/annual/school_inputs/inep_ind_publica_had_em
inep_ind_publica_had_ef_anos_finais,Publica Had Ef Anos Finais,education,school_inputs,annual,fail,-0.053171571578447,0.053171571578447,9.531832848464076,7,44381,4037,2792,1244,2010,2020,-0.1750431204407085,0.0307517386382333,0.625,4,5,8,resources/figures/downstream_bjs_ref0_nonhybrid/education/annual/inep_ind_publica_had_ef_anos_finais_bjs_ref0_nonhybrid.png,resources/did/downstream_bjs_ref0_nonhybrid/education/annual/school_inputs/inep_ind_publica_had_ef_anos_finais
sinasc_lowedu_csection_share_known_pp,C-section share: Low education proxy,birth_health,sinasc_lowedu,annual,fail,-0.0490726402907827,0.0490726402907827,10.662354917513923,8,84310,4037,2792,1244,2000,2020,-1.3844061391937237,1.4230094943448917,0.375,6,1,8,resources/figures/downstream_bjs_ref0_nonhybrid/birth_health/annual/sinasc_lowedu_csection_share_known_pp_bjs_ref0_nonhybrid.png,resources/did/downstream_bjs_ref0_nonhybrid/birth_health/annual/sinasc_lowedu/sinasc_lowedu_csection_share_known_pp
log_public_child_teachers,"Regular child teachers, public schools",adult_eja,child_teachers,annual,fail,-0.0436789945768641,0.0436789945768641,10.629635098006146,8,56518,4037,2792,1245,2007,2020,-0.1106034075792428,0.0026263732229135,0.875,8,7,8,resources/figures/downstream_bjs_ref0_nonhybrid/adult_eja/annual/log_public_child_teachers_bjs_ref0_nonhybrid.png,resources/did/downstream_bjs_ref0_nonhybrid/adult_eja/annual/child_teachers/log_public_child_teachers
log_municipal_child_teachers,"Regular child teachers, municipal schools",adult_eja,child_teachers,annual,fail,-0.0415127366509495,0.0415127366509495,8.423779525842388,8,56518,4037,2792,1245,2007,2020,-0.1199806508042583,0.006440032894162,0.875,8,5,8,resources/figures/downstream_bjs_ref0_nonhybrid/adult_eja/annual/log_municipal_child_teachers_bjs_ref0_nonhybrid.png,resources/did/downstream_bjs_ref0_nonhybrid/adult_eja/annual/child_teachers/log_municipal_child_teachers
sinasc_lowedu_low_apgar1_share_known_pp,Low Apgar 1 share: Low education proxy,birth_health,sinasc_lowedu,annual,fail,-0.0415055111660356,0.0415055111660356,2.6311690517048376,3,84134,4037,2792,1244,2000,2020,-0.6073169709147619,0.2573336568386306,0.5,0,0,8,resources/figures/downstream_bjs_ref0_nonhybrid/birth_health/annual/sinasc_lowedu_low_apgar1_share_known_pp_bjs_ref0_nonhybrid.png,resources/did/downstream_bjs_ref0_nonhybrid/birth_health/annual/sinasc_lowedu/sinasc_lowedu_low_apgar1_share_known_pp
ideb_municipal_ef_initial_nota_saeb_media_padronizada,Municipal Ef Initial Nota Media Padronizada,education,achievement,biennial,fail,-0.0393750770044285,0.0393750770044285,4.458816838025764,4,28727,4037,2697,1213,2004,2018,-0.0870964900890308,-0.018428020910254,1.0,0,1,4,resources/figures/downstream_bjs_ref0_nonhybrid/education/biennial/ideb_municipal_ef_initial_nota_saeb_media_padronizada_bjs_ref0_nonhybrid.png,resources/did/downstream_bjs_ref0_nonhybrid/education/biennial/achievement/ideb_municipal_ef_initial_nota_saeb_media_padronizada
ideb_municipal_ef_final_nota_saeb_media_padronizada,Municipal Ef Final Nota Media Padronizada,education,achievement,biennial,fail,0.0386907877128099,0.0386907877128099,6.320654414317104,4,17379,4037,1911,701,2004,2018,0.0077996394517465,0.1126974698944952,1.0,3,1,4,resources/figures/downstream_bjs_ref0_nonhybrid/education/biennial/ideb_municipal_ef_final_nota_saeb_media_padronizada_bjs_ref0_nonhybrid.png,resources/did/downstream_bjs_ref0_nonhybrid/education/biennial/achievement/ideb_municipal_ef_final_nota_saeb_media_padronizada
sinasc_dedicated_mean_birthweight_high_education,SINASC mean birthweight: high education proxy,birth_health,sinasc_dedicated,annual,fail,0.0378637410561102,0.0378637410561102,4.71603238740465,8,84580,4037,2792,1244,2000,2020,-4.34740410690635,3.044352404310377,0.5,4,1,8,resources/figures/downstream_bjs_ref0_nonhybrid/birth_health/annual/sinasc_dedicated_mean_birthweight_high_education_bjs_ref0_nonhybrid.png,resources/did/downstream_bjs_ref0_nonhybrid/birth_health/annual/sinasc_dedicated/sinasc_dedicated_mean_birthweight_high_education
sinasc_highedu_mean_birthweight_grams,Mean birthweight: High education proxy,birth_health,sinasc_highedu,annual,fail,0.0378637410561099,0.0378637410561099,4.71603238740465,8,84580,4037,2792,1244,2000,2020,-4.34740410690635,3.044352404310377,0.5,4,1,8,resources/figures/downstream_bjs_ref0_nonhybrid/birth_health/annual/sinasc_highedu_mean_birthweight_grams_bjs_ref0_nonhybrid.png,resources/did/downstream_bjs_ref0_nonhybrid/birth_health/annual/sinasc_highedu/sinasc_highedu_mean_birthweight_grams
siconfi_cycle2_education_log_pc,"Education expenditure per capita, log(1+x), cycle2",siconfi_log_pc,education,cycle2,fail,0.0374404191468859,0.0374404191468859,3.802975256888226,3,44016,4036,2790,1244,2000,2020,0.0139198222169845,0.1015815055305609,1.0,4,1,4,resources/figures/downstream_bjs_ref0_nonhybrid/siconfi_log_pc/cycle2/siconfi_cycle2_education_log_pc_bjs_ref0_nonhybrid.png,resources/did/downstream_bjs_ref0_nonhybrid/siconfi_log_pc/cycle2/education/siconfi_cycle2_education_log_pc
inep_ind_municipal_ied_ef_nivel_6,Municipal Ied Ef Nivel 6,education,teacher_profile,annual,fail,-0.0355027516678465,0.0355027516678465,3.8114157102394,3,32184,4037,2784,1241,2013,2020,-0.2514344220903578,0.1565552625224598,0.5,2,0,6,resources/figures/downstream_bjs_ref0_nonhybrid/education/annual/inep_ind_municipal_ied_ef_nivel_6_bjs_ref0_nonhybrid.png,resources/did/downstream_bjs_ref0_nonhybrid/education/annual/teacher_profile/inep_ind_municipal_ied_ef_nivel_6
siconfi_annual_health_log_pc,"Health expenditure per capita, log(1+x), annual",siconfi_log_pc,health,annual,fail,-0.0354443248010092,0.0354443248010092,3.667628609209786,5,81889,4036,2790,1244,2000,2020,-0.1728473060277983,0.0178620777976458,0.75,3,2,8,resources/figures/downstream_bjs_ref0_nonhybrid/siconfi_log_pc/annual/siconfi_annual_health_log_pc_bjs_ref0_nonhybrid.png,resources/did/downstream_bjs_ref0_nonhybrid/siconfi_log_pc/annual/health/siconfi_annual_health_log_pc
ideb_publica_ef_initial_ideb,Publica Ef Initial Ideb,education,achievement,biennial,fail,0.0345872045105888,0.0345872045105888,6.437642100459168,2,26874,4037,2777,1244,2004,2018,-0.0539612610124315,0.1562628348028342,0.5,1,2,4,resources/figures/downstream_bjs_ref0_nonhybrid/education/biennial/ideb_publica_ef_initial_ideb_bjs_ref0_nonhybrid.png,resources/did/downstream_bjs_ref0_nonhybrid/education/biennial/achievement/ideb_publica_ef_initial_ideb
inep_transition_total_taxa_promocao_em,Total Taxa Promocao Em,education,dropout_flow,annual,fail,0.0340873505375521,0.0340873505375521,3.1658344682643693,3,52267,4037,2786,1244,2008,2020,-1.8028393032369032,1.838323941013368,0.5,6,5,8,resources/figures/downstream_bjs_ref0_nonhybrid/education/annual/inep_transition_total_taxa_promocao_em_bjs_ref0_nonhybrid.png,resources/did/downstream_bjs_ref0_nonhybrid/education/annual/dropout_flow/inep_transition_total_taxa_promocao_em
ideb_municipal_ef_initial_ideb,Municipal Ef Initial Ideb,education,achievement,biennial,fail,0.0327339031158975,0.0327339031158975,4.951311433508788,4,28726,4037,2697,1213,2004,2018,-0.056882357210661,0.1540493804106457,0.5,2,2,4,resources/figures/downstream_bjs_ref0_nonhybrid/education/biennial/ideb_municipal_ef_initial_ideb_bjs_ref0_nonhybrid.png,resources/did/downstream_bjs_ref0_nonhybrid/education/biennial/achievement/ideb_municipal_ef_initial_ideb
log_municipal_child_enrollment,"Regular child enrollment, municipal schools",adult_eja,child_enrollment,annual,fail,-0.0297539605290479,0.0297539605290479,5.936859155059568,8,56518,4037,2792,1245,2007,2020,-0.122363397638554,0.0057354280050565,0.875,5,2,8,resources/figures/downstream_bjs_ref0_nonhybrid/adult_eja/annual/log_municipal_child_enrollment_bjs_ref0_nonhybrid.png,resources/did/downstream_bjs_ref0_nonhybrid/adult_eja/annual/child_enrollment/log_municipal_child_enrollment
ideb_publica_ef_initial_nota_saeb_media_padronizada,Publica Ef Initial Nota Media Padronizada,education,achievement,biennial,fail,-0.0287849575630794,0.0287849575630794,3.774520256112196,2,26874,4037,2777,1244,2004,2018,-0.0791812372724091,-0.0035656870830251,1.0,1,1,4,resources/figures/downstream_bjs_ref0_nonhybrid/education/biennial/ideb_publica_ef_initial_nota_saeb_media_padronizada_bjs_ref0_nonhybrid.png,resources/did/downstream_bjs_ref0_nonhybrid/education/biennial/achievement/ideb_publica_ef_initial_nota_saeb_media_padronizada
inep_ind_publica_had_ef,Publica Had Ef,education,school_inputs,annual,fail,-0.0253063178718232,0.0253063178718232,10.721606029610609,7,44384,4037,2792,1244,2010,2020,-0.1124709920285058,0.0334143265984163,0.625,5,3,8,resources/figures/downstream_bjs_ref0_nonhybrid/education/annual/inep_ind_publica_had_ef_bjs_ref0_nonhybrid.png,resources/did/downstream_bjs_ref0_nonhybrid/education/annual/school_inputs/inep_ind_publica_had_ef
ideb_municipal_ef_initial_indicador_rendimento,Municipal Ef Initial Indicador Rendimento,education,achievement,biennial,fail,0.023381741975402,0.023381741975402,7.825146287199741,3,29175,4037,2699,1214,2004,2018,0.0029302249645224,0.0528458592718008,1.0,4,3,4,resources/figures/downstream_bjs_ref0_nonhybrid/education/biennial/ideb_municipal_ef_initial_indicador_rendimento_bjs_ref0_nonhybrid.png,resources/did/downstream_bjs_ref0_nonhybrid/education/biennial/achievement/ideb_municipal_ef_initial_indicador_rendimento
sinasc_all_multiple_pregnancy_share_known_pp,Multiple pregnancy share: All mothers,birth_health,sinasc_all,annual,fail,-0.0229697849125745,0.0229697849125745,3.628123545074218,1,84609,4037,2792,1244,2000,2020,-0.1300466947360203,0.2095145447726332,0.75,0,0,8,resources/figures/downstream_bjs_ref0_nonhybrid/birth_health/annual/sinasc_all_multiple_pregnancy_share_known_pp_bjs_ref0_nonhybrid.png,resources/did/downstream_bjs_ref0_nonhybrid/birth_health/annual/sinasc_all/sinasc_all_multiple_pregnancy_share_known_pp
log_public_child_enrollment,"Regular child enrollment, public schools",adult_eja,child_enrollment,annual,fail,-0.0223288246473459,0.0223288246473459,8.457018217741204,8,56518,4037,2792,1245,2007,2020,-0.0657384168349153,-0.0040411263640381,1.0,8,3,8,resources/figures/downstream_bjs_ref0_nonhybrid/adult_eja/annual/log_public_child_enrollment_bjs_ref0_nonhybrid.png,resources/did/downstream_bjs_ref0_nonhybrid/adult_eja/annual/child_enrollment/log_public_child_enrollment
ideb_publica_ef_initial_indicador_rendimento,Publica Ef Initial Indicador Rendimento,education,achievement,biennial,fail,0.0213053459445952,0.0213053459445952,8.053184821658968,3,27433,4037,2786,1244,2004,2018,-0.0049947321101107,0.0520773827593107,0.75,4,4,4,resources/figures/downstream_bjs_ref0_nonhybrid/education/biennial/ideb_publica_ef_initial_indicador_rendimento_bjs_ref0_nonhybrid.png,resources/did/downstream_bjs_ref0_nonhybrid/education/biennial/achievement/ideb_publica_ef_initial_indicador_rendimento
public_municipal_transport_share,Public-school students with municipal-responsibility transport,school_access_transport,transport_access,annual,fail,0.0213007720359843,0.0213007720359843,12.982139863688452,8,52447,4037,2792,1244,2008,2020,0.0057636865425968,0.0436988841809479,1.0,8,8,8,resources/figures/downstream_bjs_ref0_nonhybrid/school_access_transport/annual/public_municipal_transport_share_bjs_ref0_nonhybrid.png,resources/did/downstream_bjs_ref0_nonhybrid/school_access_transport/annual/transport_access/public_municipal_transport_share
sinasc_highedu_very_preterm_share_known_pp,Very-preterm birth share: High education proxy,birth_health,sinasc_highedu,annual,fail,0.0206768643092905,0.0206768643092905,2.924404427255362,3,84578,4037,2792,1244,2000,2020,-0.0510363264835797,0.1503844552351109,0.5,2,0,8,resources/figures/downstream_bjs_ref0_nonhybrid/birth_health/annual/sinasc_highedu_very_preterm_share_known_pp_bjs_ref0_nonhybrid.png,resources/did/downstream_bjs_ref0_nonhybrid/birth_health/annual/sinasc_highedu/sinasc_highedu_very_preterm_share_known_pp
sinasc_all_high_birthweight_share_total_pp,High-birthweight share: All mothers,birth_health,sinasc_all,annual,fail,0.0203626535384856,0.0203626535384856,3.643463365040262,2,84609,4037,2792,1244,2000,2020,-0.1414464353899439,0.2997929256332613,0.5,2,1,8,resources/figures/downstream_bjs_ref0_nonhybrid/birth_health/annual/sinasc_all_high_birthweight_share_total_pp_bjs_ref0_nonhybrid.png,resources/did/downstream_bjs_ref0_nonhybrid/birth_health/annual/sinasc_all/sinasc_all_high_birthweight_share_total_pp
public_public_transport_share,Public-school students using public school transport,school_access_transport,transport_access,annual,fail,0.0198092467586283,0.0198092467586283,6.634027384448324,8,52447,4037,2792,1244,2008,2020,-0.0006904057677277,0.0749741362817516,0.875,8,2,8,resources/figures/downstream_bjs_ref0_nonhybrid/school_access_transport/annual/public_public_transport_share_bjs_ref0_nonhybrid.png,resources/did/downstream_bjs_ref0_nonhybrid/school_access_transport/annual/transport_access/public_public_transport_share
municipal_public_transport_share,Municipal-school students using public transport,school_access_transport,municipal_school_access,annual,fail,0.0191143914740365,0.0191143914740365,6.217175786597902,8,52365,4037,2790,1244,2008,2020,0.0010951645121847,0.063293673130091,1.0,8,3,8,resources/figures/downstream_bjs_ref0_nonhybrid/school_access_transport/annual/municipal_public_transport_share_bjs_ref0_nonhybrid.png,resources/did/downstream_bjs_ref0_nonhybrid/school_access_transport/annual/municipal_school_access/municipal_public_transport_share
municipal_municipal_transport_share,Municipal-school students with municipal-responsibility transport,school_access_transport,municipal_school_access,annual,fail,0.0186007615448587,0.0186007615448587,6.175686165232028,8,52365,4037,2790,1244,2008,2020,0.0002774178713533,0.0615290104802713,1.0,8,2,8,resources/figures/downstream_bjs_ref0_nonhybrid/school_access_transport/annual/municipal_municipal_transport_share_bjs_ref0_nonhybrid.png,resources/did/downstream_bjs_ref0_nonhybrid/school_access_transport/annual/municipal_school_access/municipal_municipal_transport_share
inep_ind_publica_atu_ef,Publica Atu Ef,education,school_inputs,annual,fail,0.017059425812201,0.017059425812201,7.656929395543019,6,56478,4037,2792,1244,2007,2020,-0.3419537845422369,0.2163919841535603,0.75,6,2,8,resources/figures/downstream_bjs_ref0_nonhybrid/education/annual/inep_ind_publica_atu_ef_bjs_ref0_nonhybrid.png,resources/did/downstream_bjs_ref0_nonhybrid/education/annual/school_inputs/inep_ind_publica_atu_ef
public_bus_van_transport_share,Public-school students using bus/van transport,school_access_transport,transport_access,annual,fail,0.0167515444996935,0.0167515444996935,15.614697670216664,8,52447,4037,2792,1244,2008,2020,0.0006189781416226,0.0340000632740149,1.0,8,5,8,resources/figures/downstream_bjs_ref0_nonhybrid/school_access_transport/annual/public_bus_van_transport_share_bjs_ref0_nonhybrid.png,resources/did/downstream_bjs_ref0_nonhybrid/school_access_transport/annual/transport_access/public_bus_van_transport_share
inep_transition_publica_taxa_migracao_eja_ef,Publica Taxa Migracao Eja Ef,education,dropout_flow,annual,fail,0.0166367741192637,0.0166367741192637,10.367796743113994,8,52442,4037,2792,1244,2008,2020,-0.0980290809307924,0.3148001731980798,0.375,3,3,8,resources/figures/downstream_bjs_ref0_nonhybrid/education/annual/inep_transition_publica_taxa_migracao_eja_ef_bjs_ref0_nonhybrid.png,resources/did/downstream_bjs_ref0_nonhybrid/education/annual/dropout_flow/inep_transition_publica_taxa_migracao_eja_ef
inep_ind_municipal_had_ef_anos_finais,Municipal Had Ef Anos Finais,education,school_inputs,annual,fail,-0.0146981070386707,0.0146981070386707,7.327599384234357,5,31570,4037,2200,776,2010,2020,-0.0736735959155422,0.0424605873751899,0.75,1,1,8,resources/figures/downstream_bjs_ref0_nonhybrid/education/annual/inep_ind_municipal_had_ef_anos_finais_bjs_ref0_nonhybrid.png,resources/did/downstream_bjs_ref0_nonhybrid/education/annual/school_inputs/inep_ind_municipal_had_ef_anos_finais
siconfi_annual_urbanism_log_pc,"Urbanism expenditure per capita, log(1+x), annual",siconfi_log_pc,urbanism,annual,fail,0.0134451258417103,0.0134451258417103,2.303367196133477,2,81889,4036,2790,1244,2000,2020,-0.0957067091815696,0.1142736085903768,0.875,4,1,8,resources/figures/downstream_bjs_ref0_nonhybrid/siconfi_log_pc/annual/siconfi_annual_urbanism_log_pc_bjs_ref0_nonhybrid.png,resources/did/downstream_bjs_ref0_nonhybrid/siconfi_log_pc/annual/urbanism/siconfi_annual_urbanism_log_pc
sinasc_all_very_preterm_share_known_pp,Very-preterm birth share: All mothers,birth_health,sinasc_all,annual,fail,-0.0130917845721097,0.0130917845721097,2.5608418712385537,2,84607,4037,2792,1244,2000,2020,-0.0871000701312429,0.0976628770067677,0.625,1,0,8,resources/figures/downstream_bjs_ref0_nonhybrid/birth_health/annual/sinasc_all_very_preterm_share_known_pp_bjs_ref0_nonhybrid.png,resources/did/downstream_bjs_ref0_nonhybrid/birth_health/annual/sinasc_all/sinasc_all_very_preterm_share_known_pp
municipal_bus_van_transport_share,Municipal-school students using bus/van transport,school_access_transport,municipal_school_access,annual,fail,0.0117806345971086,0.0117806345971086,16.525707526510757,8,52365,4037,2790,1244,2008,2020,-0.0110529635582403,0.0384794899868275,0.625,8,4,8,resources/figures/downstream_bjs_ref0_nonhybrid/school_access_transport/annual/municipal_bus_van_transport_share_bjs_ref0_nonhybrid.png,resources/did/downstream_bjs_ref0_nonhybrid/school_access_transport/annual/municipal_school_access/municipal_bus_van_transport_share
siconfi_annual_transport_share_total_revenue,"Transport share of total revenue, annual",siconfi_spending_shares,share_total_revenue,annual,fail,-0.0108929296464028,0.0108929296464028,4.340398333685932,3,81848,4036,2790,1244,2000,2020,-0.0248008240608984,0.0125022555928436,0.75,1,2,8,resources/figures/downstream_bjs_ref0_nonhybrid/siconfi_spending_shares/annual/siconfi_annual_transport_share_total_revenue_bjs_ref0_nonhybrid.png,resources/did/downstream_bjs_ref0_nonhybrid/siconfi_spending_shares/annual/share_total_revenue/siconfi_annual_transport_share_total_revenue
municipal_rural_residence_share,Municipal-school students living in rural areas,school_access_transport,municipal_school_access,annual,fail,-0.0091501834407489,0.0091501834407489,10.367551040040258,7,52365,4037,2790,1244,2008,2020,-0.0234773651584854,0.0066038706593213,0.875,7,5,8,resources/figures/downstream_bjs_ref0_nonhybrid/school_access_transport/annual/municipal_rural_residence_share_bjs_ref0_nonhybrid.png,resources/did/downstream_bjs_ref0_nonhybrid/school_access_transport/annual/municipal_school_access/municipal_rural_residence_share
siconfi_annual_health_share_total_spending,"Health share of total expenditure, annual",siconfi_spending_shares,share_total_spending,annual,fail,-0.0076331998652111,0.0076331998652111,3.1015608430338646,2,81882,4036,2790,1244,2000,2020,-0.0198368252054725,-0.0005972809002859,1.0,8,6,8,resources/figures/downstream_bjs_ref0_nonhybrid/siconfi_spending_shares/annual/siconfi_annual_health_share_total_spending_bjs_ref0_nonhybrid.png,resources/did/downstream_bjs_ref0_nonhybrid/siconfi_spending_shares/annual/share_total_spending/siconfi_annual_health_share_total_spending
siconfi_cycle2_health_share_total_spending,"Health share of total expenditure, cycle2",siconfi_spending_shares,share_total_spending,cycle2,fail,-0.0071133975150079,0.0071133975150079,2.661598983346582,2,44015,4036,2790,1244,2000,2020,-0.0151896941872576,-0.000559142316817,1.0,4,3,4,resources/figures/downstream_bjs_ref0_nonhybrid/siconfi_spending_shares/cycle2/siconfi_cycle2_health_share_total_spending_bjs_ref0_nonhybrid.png,resources/did/downstream_bjs_ref0_nonhybrid/siconfi_spending_shares/cycle2/share_total_spending/siconfi_cycle2_health_share_total_spending
siconfi_cycle2_health_log_pc,"Health expenditure per capita, log(1+x), cycle2",siconfi_log_pc,health,cycle2,fail,-0.0055618650205298,0.0055618650205298,4.327143232608461,4,44016,4036,2790,1244,2000,2020,-0.0243075089109278,0.0121364131114308,0.5,2,0,4,resources/figures/downstream_bjs_ref0_nonhybrid/siconfi_log_pc/cycle2/siconfi_cycle2_health_log_pc_bjs_ref0_nonhybrid.png,resources/did/downstream_bjs_ref0_nonhybrid/siconfi_log_pc/cycle2/health/siconfi_cycle2_health_log_pc
ideb_publica_ef_final_nota_saeb_media_padronizada,Publica Ef Final Nota Media Padronizada,education,achievement,biennial,fail,0.0054220409836085,0.0054220409836085,6.516264179705964,4,27136,4037,2789,1244,2004,2018,-0.0168222030036388,0.0539536348276273,0.25,3,0,4,resources/figures/downstream_bjs_ref0_nonhybrid/education/biennial/ideb_publica_ef_final_nota_saeb_media_padronizada_bjs_ref0_nonhybrid.png,resources/did/downstream_bjs_ref0_nonhybrid/education/biennial/achievement/ideb_publica_ef_final_nota_saeb_media_padronizada
inep_transition_total_taxa_migracao_eja_ef,Total Taxa Migracao Eja Ef,education,dropout_flow,annual,fail,-0.0053912583910208,0.0053912583910208,9.761954104001914,8,52442,4037,2792,1244,2008,2020,-0.1456844868994294,0.2414995982200154,0.625,3,3,8,resources/figures/downstream_bjs_ref0_nonhybrid/education/annual/inep_transition_total_taxa_migracao_eja_ef_bjs_ref0_nonhybrid.png,resources/did/downstream_bjs_ref0_nonhybrid/education/annual/dropout_flow/inep_transition_total_taxa_migracao_eja_ef
siconfi_annual_infrastructure_spending_share_total_revenue,"Infrastructure share of total revenue, annual",siconfi_spending_shares,share_total_revenue,annual,fail,-0.005021929476398,0.005021929476398,2.071877678260304,2,81849,4036,2790,1244,2000,2020,-0.0370101102496154,0.0658647287607435,0.5,0,0,8,resources/figures/downstream_bjs_ref0_nonhybrid/siconfi_spending_shares/annual/siconfi_annual_infrastructure_spending_share_total_revenue_bjs_ref0_nonhybrid.png,resources/did/downstream_bjs_ref0_nonhybrid/siconfi_spending_shares/annual/share_total_revenue/siconfi_annual_infrastructure_spending_share_total_revenue
siconfi_cycle2_transport_share_total_revenue,"Transport share of total revenue, cycle2",siconfi_spending_shares,share_total_revenue,cycle2,fail,0.0037885383687591,0.0037885383687591,4.098549427452894,1,44014,4036,2790,1244,2000,2020,-0.0009502494874715,0.0118292702786604,0.75,2,2,4,resources/figures/downstream_bjs_ref0_nonhybrid/siconfi_spending_shares/cycle2/siconfi_cycle2_transport_share_total_revenue_bjs_ref0_nonhybrid.png,resources/did/downstream_bjs_ref0_nonhybrid/siconfi_spending_shares/cycle2/share_total_revenue/siconfi_cycle2_transport_share_total_revenue
siconfi_log1p_education_pc_2008,Log1P Education Pc 2008,education,spending,annual,fail,0.0036220223588445,0.0036220223588445,4.401966725747567,5,81889,4037,2790,1244,2000,2020,-0.0504044831524121,0.0938671100494243,0.375,4,2,8,resources/figures/downstream_bjs_ref0_nonhybrid/education/annual/siconfi_log1p_education_pc_2008_bjs_ref0_nonhybrid.png,resources/did/downstream_bjs_ref0_nonhybrid/education/annual/spending/siconfi_log1p_education_pc_2008
siconfi_annual_education_log_pc,"Education expenditure per capita, log(1+x), annual",siconfi_log_pc,education,annual,fail,0.0036220223588445,0.0036220223588445,4.401966725747567,5,81889,4036,2790,1244,2000,2020,-0.0504044831524121,0.0938671100494243,0.375,4,2,8,resources/figures/downstream_bjs_ref0_nonhybrid/siconfi_log_pc/annual/siconfi_annual_education_log_pc_bjs_ref0_nonhybrid.png,resources/did/downstream_bjs_ref0_nonhybrid/siconfi_log_pc/annual/education/siconfi_annual_education_log_pc
siconfi_cycle2_transport_share_total_spending,"Transport share of total expenditure, cycle2",siconfi_spending_shares,share_total_spending,cycle2,fail,0.0035974100935979,0.0035974100935979,3.9676568656017857,1,44015,4036,2790,1244,2000,2020,-0.000945126254667,0.0102067761704191,0.75,3,2,4,resources/figures/downstream_bjs_ref0_nonhybrid/siconfi_spending_shares/cycle2/siconfi_cycle2_transport_share_total_spending_bjs_ref0_nonhybrid.png,resources/did/downstream_bjs_ref0_nonhybrid/siconfi_spending_shares/cycle2/share_total_spending/siconfi_cycle2_transport_share_total_spending
ieps_nurses_per_1000,IEPS nurses,birth_health,ieps,annual,fail,0.0033631838782718,0.0033631838782718,2.7156383255246834,4,44383,4037,2792,1244,2010,2020,-0.0602476611071449,0.0472579014244958,0.625,5,2,8,resources/figures/downstream_bjs_ref0_nonhybrid/birth_health/annual/ieps_nurses_per_1000_bjs_ref0_nonhybrid.png,resources/did/downstream_bjs_ref0_nonhybrid/birth_health/annual/ieps/ieps_nurses_per_1000
inep_ind_municipal_had_ef,Municipal Had Ef,education,school_inputs,annual,fail,-0.0032340470271018,0.0032340470271018,8.461357819596515,7,44155,4037,2784,1241,2010,2020,-0.0615315623409992,0.0423384548083567,0.625,5,1,8,resources/figures/downstream_bjs_ref0_nonhybrid/education/annual/inep_ind_municipal_had_ef_bjs_ref0_nonhybrid.png,resources/did/downstream_bjs_ref0_nonhybrid/education/annual/school_inputs/inep_ind_municipal_had_ef
siconfi_annual_transport_share_total_spending,"Transport share of total expenditure, annual",siconfi_spending_shares,share_total_spending,annual,fail,0.0031171278880625,0.0031171278880625,3.982334328163695,2,81881,4036,2790,1244,2000,2020,-0.0017038573846789,0.0104847473851421,0.625,6,5,8,resources/figures/downstream_bjs_ref0_nonhybrid/siconfi_spending_shares/annual/siconfi_annual_transport_share_total_spending_bjs_ref0_nonhybrid.png,resources/did/downstream_bjs_ref0_nonhybrid/siconfi_spending_shares/annual/share_total_spending/siconfi_annual_transport_share_total_spending
municipal_boat_transport_share,Municipal-school students using boat transport,school_access_transport,municipal_school_access,annual,fail,-0.0025325583711716,0.0025325583711716,4.717655993563503,8,52365,4037,2790,1244,2008,2020,-0.0100588702786546,0.0033623194401766,0.5,4,3,8,resources/figures/downstream_bjs_ref0_nonhybrid/school_access_transport/annual/municipal_boat_transport_share_bjs_ref0_nonhybrid.png,resources/did/downstream_bjs_ref0_nonhybrid/school_access_transport/annual/municipal_school_access/municipal_boat_transport_share
siconfi_annual_urbanism_share_total_spending,"Urbanism share of total expenditure, annual",siconfi_spending_shares,share_total_spending,annual,fail,-0.0023335918278208,0.0023335918278208,3.1271407793474064,3,81882,4036,2790,1244,2000,2020,-0.0090445352735183,0.0014500813964381,0.625,3,2,8,resources/figures/downstream_bjs_ref0_nonhybrid/siconfi_spending_shares/annual/siconfi_annual_urbanism_share_total_spending_bjs_ref0_nonhybrid.png,resources/did/downstream_bjs_ref0_nonhybrid/siconfi_spending_shares/annual/share_total_spending/siconfi_annual_urbanism_share_total_spending
public_rural_residence_share,Public-school students living in rural areas,school_access_transport,residence_access,annual,fail,-0.0022298462715097,0.0022298462715097,7.310453623623354,6,52447,4037,2792,1244,2008,2020,-0.0121788761709892,0.0168900885308741,0.75,7,8,8,resources/figures/downstream_bjs_ref0_nonhybrid/school_access_transport/annual/public_rural_residence_share_bjs_ref0_nonhybrid.png,resources/did/downstream_bjs_ref0_nonhybrid/school_access_transport/annual/residence_access/public_rural_residence_share
sinasc_dedicated_low_birthweight_high_education_share,SINASC low-birthweight share: high education proxy,birth_health,sinasc_dedicated,annual,fail,0.0019057788275254,0.0019057788275254,2.48702954859176,3,84584,4037,2792,1244,2000,2020,0.0007873663874713,0.0033786552569385,1.0,5,0,8,resources/figures/downstream_bjs_ref0_nonhybrid/birth_health/annual/sinasc_dedicated_low_birthweight_high_education_share_bjs_ref0_nonhybrid.png,resources/did/downstream_bjs_ref0_nonhybrid/birth_health/annual/sinasc_dedicated/sinasc_dedicated_low_birthweight_high_education_share
siconfi_annual_education_share_total_spending,"Education share of total expenditure, annual",siconfi_spending_shares,share_total_spending,annual,fail,0.0017857618238586,0.0017857618238586,2.803265026013824,3,81882,4036,2790,1244,2000,2020,-0.0064145061239614,0.0162289690256817,0.5,4,2,8,resources/figures/downstream_bjs_ref0_nonhybrid/siconfi_spending_shares/annual/siconfi_annual_education_share_total_spending_bjs_ref0_nonhybrid.png,resources/did/downstream_bjs_ref0_nonhybrid/siconfi_spending_shares/annual/share_total_spending/siconfi_annual_education_share_total_spending
public_boat_transport_share,Public-school students using boat transport,school_access_transport,transport_access,annual,fail,-0.0017236536814562,0.0017236536814562,4.016480470399124,8,52447,4037,2792,1244,2008,2020,-0.0083228761986804,0.0020796096298809,0.5,3,2,8,resources/figures/downstream_bjs_ref0_nonhybrid/school_access_transport/annual/public_boat_transport_share_bjs_ref0_nonhybrid.png,resources/did/downstream_bjs_ref0_nonhybrid/school_access_transport/annual/transport_access/public_boat_transport_share
public_state_transport_share,Public-school students with state-responsibility transport,school_access_transport,transport_access,annual,fail,-0.0014915472310158,0.0014915472310158,12.390756168376884,8,52447,4037,2792,1244,2008,2020,-0.0205879909951343,0.0314460031103935,0.75,8,8,8,resources/figures/downstream_bjs_ref0_nonhybrid/school_access_transport/annual/public_state_transport_share_bjs_ref0_nonhybrid.png,resources/did/downstream_bjs_ref0_nonhybrid/school_access_transport/annual/transport_access/public_state_transport_share
inep_transition_publica_taxa_promocao_em,Publica Taxa Promocao Em,education,dropout_flow,annual,fail,-0.0013177025746713,0.0013177025746713,3.343512574938756,3,52266,4037,2786,1244,2008,2020,-1.8475831975879895,1.7736208135966904,0.5,6,5,8,resources/figures/downstream_bjs_ref0_nonhybrid/education/annual/inep_transition_publica_taxa_promocao_em_bjs_ref0_nonhybrid.png,resources/did/downstream_bjs_ref0_nonhybrid/education/annual/dropout_flow/inep_transition_publica_taxa_promocao_em
municipal_cross_municipality_share,Municipal-school students living outside school municipality,school_access_transport,municipal_school_access,annual,fail,0.0011750569895679,0.0011750569895679,4.978462369076325,3,52365,4037,2790,1244,2008,2020,-0.0019374736698933,0.0046170522019526,0.75,5,0,8,resources/figures/downstream_bjs_ref0_nonhybrid/school_access_transport/annual/municipal_cross_municipality_share_bjs_ref0_nonhybrid.png,resources/did/downstream_bjs_ref0_nonhybrid/school_access_transport/annual/municipal_school_access/municipal_cross_municipality_share
sinasc_highedu_multiple_pregnancy_share_known_pp,Multiple pregnancy share: High education proxy,birth_health,sinasc_highedu,annual,fail,-0.0011595465421528,0.0011595465421528,2.948635925918386,1,84583,4037,2792,1244,2000,2020,-0.1481087141313843,0.2168350198474192,0.625,0,0,8,resources/figures/downstream_bjs_ref0_nonhybrid/birth_health/annual/sinasc_highedu_multiple_pregnancy_share_known_pp_bjs_ref0_nonhybrid.png,resources/did/downstream_bjs_ref0_nonhybrid/birth_health/annual/sinasc_highedu/sinasc_highedu_multiple_pregnancy_share_known_pp
siconfi_annual_infrastructure_spending_share_total_spending,"Infrastructure share of total expenditure, annual",siconfi_spending_shares,share_total_spending,annual,fail,0.0007361438033722,0.0007361438033722,2.890129998694948,1,81882,4036,2790,1244,2000,2020,-0.0023302422015633,0.0064582926528999,0.375,2,1,8,resources/figures/downstream_bjs_ref0_nonhybrid/siconfi_spending_shares/annual/siconfi_annual_infrastructure_spending_share_total_spending_bjs_ref0_nonhybrid.png,resources/did/downstream_bjs_ref0_nonhybrid/siconfi_spending_shares/annual/share_total_spending/siconfi_annual_infrastructure_spending_share_total_spending
public_cross_municipality_share,Public-school students living outside school municipality,school_access_transport,residence_access,annual,fail,-4.503959663742482e-05,4.503959663742482e-05,4.034958801081253,4,52447,4037,2792,1244,2008,2020,-0.0027045744285824,0.0079505530403686,0.75,7,1,8,resources/figures/downstream_bjs_ref0_nonhybrid/school_access_transport/annual/public_cross_municipality_share_bjs_ref0_nonhybrid.png,resources/did/downstream_bjs_ref0_nonhybrid/school_access_transport/annual/residence_access/public_cross_municipality_share
