slug,outcome,analysis_outcome,label,category,category_label,family,data_frequency,panel_path,output_dir,figure_path,hybrid_excluded,cluster_var,reference_event_time,status,note,analysis_sample,n_panel_rows,n_observations,n_municipalities,n_municipalities_with_nonmissing_outcome,n_treated_municipalities,n_never_treated_municipalities,sample_year_min,sample_year_max,hybrid_municipalities_excluded,duplicate_unit_period_rows,event_time_step,analysis_period_note,event_time0_estimate,post_mean_event_1_8_ref0,post_abs_mean_event_1_8_ref0,n_pre_estimates,max_abs_pretrend_t,n_pre_p05,pretrend_label,n_post_estimates,pretrend_rank,post_abs_rank_value
child_spending_share,spending_child_share_education_pp,spending_child_share_education_pp,Child/basic share of education spending,adult_eja,Adult education / EJA outcomes,spending,annual,data/clean/downstream/bdd_adult_education_bvr_panel_2000_2020.parquet,resources/did/downstream_bjs_ref0_nonhybrid/adult_eja/annual/spending/child_spending_share,resources/figures/downstream_bjs_ref0_nonhybrid/adult_eja/annual/child_spending_share_bjs_ref0_nonhybrid.png,True,municipality_id,0,ok,,data/interim/downstream_bjs_ref0_nonhybrid/adult_eja/annual/child_spending_share.parquet,84777,65846,4037,4034,2790,1244,2004,2020,1534,0,1,,33.82004006756762,17.794050687608376,17.794050687608376,8,1.0280764375654992,0,pass,8,0,17.794050687608376
siconfi_education_pc_2008,siconfi_education_pc_2008,siconfi_education_pc_2008,Education Pc 2008,education,Education outcomes,spending,annual,data/clean/downstream/bdd_education_bvr_screen_panel_2000_2020.parquet,resources/did/downstream_bjs_ref0_nonhybrid/education/annual/spending/siconfi_education_pc_2008,resources/figures/downstream_bjs_ref0_nonhybrid/education/annual/siconfi_education_pc_2008_bjs_ref0_nonhybrid.png,True,municipality_id,0,ok,,data/interim/downstream_bjs_ref0_nonhybrid/education/annual/siconfi_education_pc_2008.parquet,84777,81889,4037,4034,2790,1244,2000,2020,1534,0,1,,15.202213520236407,14.824019341613441,14.824019341613441,8,1.399798836517624,0,pass,8,0,14.824019341613441
inep_ind_municipal_dsu_em,inep_ind_municipal_dsu_em,inep_ind_municipal_dsu_em,Municipal Dsu Em,education,Education outcomes,teacher_profile,annual,data/clean/downstream/bdd_education_bvr_screen_panel_2000_2020.parquet,resources/did/downstream_bjs_ref0_nonhybrid/education/annual/teacher_profile/inep_ind_municipal_dsu_em,resources/figures/downstream_bjs_ref0_nonhybrid/education/annual/inep_ind_municipal_dsu_em_bjs_ref0_nonhybrid.png,True,municipality_id,0,ok,,data/interim/downstream_bjs_ref0_nonhybrid/education/annual/inep_ind_municipal_dsu_em.parquet,84777,938,4037,178,131,47,2011,2020,1534,0,1,,0.6211942757113907,11.853503638684678,11.853503638684678,6,1.778085142486525,0,pass,6,0,11.853503638684678
inep_ind_municipal_afd_em_grupo_5,inep_ind_municipal_afd_em_grupo_5,inep_ind_municipal_afd_em_grupo_5,Municipal Afd Em Grupo 5,education,Education outcomes,teacher_profile,annual,data/clean/downstream/bdd_education_bvr_screen_panel_2000_2020.parquet,resources/did/downstream_bjs_ref0_nonhybrid/education/annual/teacher_profile/inep_ind_municipal_afd_em_grupo_5,resources/figures/downstream_bjs_ref0_nonhybrid/education/annual/inep_ind_municipal_afd_em_grupo_5_bjs_ref0_nonhybrid.png,True,municipality_id,0,ok,,data/interim/downstream_bjs_ref0_nonhybrid/education/annual/inep_ind_municipal_afd_em_grupo_5.parquet,84777,648,4037,138,96,42,2013,2020,1534,0,1,,0.0475325281714836,-8.90255931130888,8.90255931130888,4,1.1379458942076743,0,pass,6,0,8.90255931130888
ideb_municipal_ef_final_taxa_aprovacao,ideb_municipal_ef_final_taxa_aprovacao,ideb_municipal_ef_final_taxa_aprovacao,Municipal Ef Final Taxa Aprovacao,education,Education outcomes,achievement,biennial,data/clean/downstream/bdd_education_bvr_screen_panel_2000_2020.parquet,resources/did/downstream_bjs_ref0_nonhybrid/education/biennial/achievement/ideb_municipal_ef_final_taxa_aprovacao,resources/figures/downstream_bjs_ref0_nonhybrid/education/biennial/ideb_municipal_ef_final_taxa_aprovacao_bjs_ref0_nonhybrid.png,True,municipality_id,0,ok,,data/interim/downstream_bjs_ref0_nonhybrid/education/biennial/ideb_municipal_ef_final_taxa_aprovacao.parquet,80740,18817,4037,2802,2041,761,2004,2018,1534,0,2,"Biennial assessment years use analysis period = assessment year - 1, so the first post-BVR assessment is event time 0 and adjacent waves are two-year steps.",0.3595214036360893,4.002962952226035,4.002962952226035,4,1.9247950656095305,0,pass,4,0,4.002962952226035
inep_ind_municipal_ied_em_nivel_5,inep_ind_municipal_ied_em_nivel_5,inep_ind_municipal_ied_em_nivel_5,Municipal Ied Em Nivel 5,education,Education outcomes,teacher_profile,annual,data/clean/downstream/bdd_education_bvr_screen_panel_2000_2020.parquet,resources/did/downstream_bjs_ref0_nonhybrid/education/annual/teacher_profile/inep_ind_municipal_ied_em_nivel_5,resources/figures/downstream_bjs_ref0_nonhybrid/education/annual/inep_ind_municipal_ied_em_nivel_5_bjs_ref0_nonhybrid.png,True,municipality_id,0,ok,,data/interim/downstream_bjs_ref0_nonhybrid/education/annual/inep_ind_municipal_ied_em_nivel_5.parquet,84777,667,4037,143,97,46,2013,2020,1534,0,1,,1.107791137191989,3.0326728877426903,3.0326728877426903,4,1.232287681676188,0,pass,6,0,3.0326728877426903
ideb_publica_ef_final_taxa_aprovacao,ideb_publica_ef_final_taxa_aprovacao,ideb_publica_ef_final_taxa_aprovacao,Publica Ef Final Taxa Aprovacao,education,Education outcomes,achievement,biennial,data/clean/downstream/bdd_education_bvr_screen_panel_2000_2020.parquet,resources/did/downstream_bjs_ref0_nonhybrid/education/biennial/achievement/ideb_publica_ef_final_taxa_aprovacao,resources/figures/downstream_bjs_ref0_nonhybrid/education/biennial/ideb_publica_ef_final_taxa_aprovacao_bjs_ref0_nonhybrid.png,True,municipality_id,0,ok,,data/interim/downstream_bjs_ref0_nonhybrid/education/biennial/ideb_publica_ef_final_taxa_aprovacao.parquet,80740,27681,4037,4034,2790,1244,2004,2018,1534,0,2,"Biennial assessment years use analysis period = assessment year - 1, so the first post-BVR assessment is event time 0 and adjacent waves are two-year steps.",0.7703048579674266,2.706349679830673,2.706349679830673,4,1.665870620070302,0,pass,4,0,2.706349679830673
inep_ind_municipal_tdi_em,inep_ind_municipal_tdi_em,inep_ind_municipal_tdi_em,Municipal Tdi Em,education,Education outcomes,dropout_flow,annual,data/clean/downstream/bdd_education_bvr_screen_panel_2000_2020.parquet,resources/did/downstream_bjs_ref0_nonhybrid/education/annual/dropout_flow/inep_ind_municipal_tdi_em,resources/figures/downstream_bjs_ref0_nonhybrid/education/annual/inep_ind_municipal_tdi_em_bjs_ref0_nonhybrid.png,True,municipality_id,0,ok,,data/interim/downstream_bjs_ref0_nonhybrid/education/annual/inep_ind_municipal_tdi_em.parquet,84777,2085,4037,420,321,99,2006,2020,1534,0,1,,-0.9032000418763304,-2.7063485615518887,2.7063485615518887,8,1.8301411884547,0,pass,8,0,2.7063485615518887
ieps_mortality_csap_per_100k,ieps_mortality_csap_per_100k,ieps_mortality_csap_per_100k,IEPS CSAP mortality,birth_health,Birth and health outcomes,ieps,annual,data/clean/downstream/bdd_health_bvr_screen_panel_2000_2020.parquet,resources/did/downstream_bjs_ref0_nonhybrid/birth_health/annual/ieps/ieps_mortality_csap_per_100k,resources/figures/downstream_bjs_ref0_nonhybrid/birth_health/annual/ieps_mortality_csap_per_100k_bjs_ref0_nonhybrid.png,True,municipality_id,0,ok,,data/interim/downstream_bjs_ref0_nonhybrid/birth_health/annual/ieps_mortality_csap_per_100k.parquet,84777,44383,4037,4036,2792,1244,2010,2020,1534,0,1,,0.9255765179214476,-2.668773665547456,2.668773665547456,7,1.3323048417377872,0,pass,8,0,2.668773665547456
ieps_mortality_avoidable_per_100k,ieps_mortality_avoidable_per_100k,ieps_mortality_avoidable_per_100k,IEPS avoidable mortality,birth_health,Birth and health outcomes,ieps,annual,data/clean/downstream/bdd_health_bvr_screen_panel_2000_2020.parquet,resources/did/downstream_bjs_ref0_nonhybrid/birth_health/annual/ieps/ieps_mortality_avoidable_per_100k,resources/figures/downstream_bjs_ref0_nonhybrid/birth_health/annual/ieps_mortality_avoidable_per_100k_bjs_ref0_nonhybrid.png,True,municipality_id,0,ok,,data/interim/downstream_bjs_ref0_nonhybrid/birth_health/annual/ieps_mortality_avoidable_per_100k.parquet,84777,44383,4037,4036,2792,1244,2010,2020,1534,0,1,,2.738707885104417,2.227695855161818,2.227695855161818,7,1.7857715264169454,0,pass,8,0,2.227695855161818
saeb_municipal_grade5_math_media,saeb_municipal_grade5_math_media,saeb_municipal_grade5_math_media,Municipal Grade5 Math Media,education,Education outcomes,achievement,biennial,data/clean/downstream/bdd_education_bvr_screen_panel_2000_2020.parquet,resources/did/downstream_bjs_ref0_nonhybrid/education/biennial/achievement/saeb_municipal_grade5_math_media,resources/figures/downstream_bjs_ref0_nonhybrid/education/biennial/saeb_municipal_grade5_math_media_bjs_ref0_nonhybrid.png,True,municipality_id,0,ok,,data/interim/downstream_bjs_ref0_nonhybrid/education/biennial/saeb_municipal_grade5_math_media.parquet,80740,18635,4037,3938,2721,1217,2010,2018,1534,0,2,"Biennial assessment years use analysis period = assessment year - 1, so the first post-BVR assessment is event time 0 and adjacent waves are two-year steps.",1.0050081850127914,2.1000272259769743,2.1000272259769743,3,1.3814766049899512,0,pass,3,0,2.1000272259769743
saeb_public_estadual_municipal_grade5_portuguese_saeb_low_levels_0_2,saeb_public_estadual_municipal_grade5_portuguese_saeb_low_levels_0_2,saeb_public_estadual_municipal_grade5_portuguese_saeb_low_levels_0_2,Public Estadual Municipal Grade5 Portuguese Low Levels 0 2,education,Education outcomes,achievement,biennial,data/clean/downstream/bdd_education_bvr_screen_panel_2000_2020.parquet,resources/did/downstream_bjs_ref0_nonhybrid/education/biennial/achievement/saeb_public_estadual_municipal_grade5_portuguese_saeb_low_levels_0_2,resources/figures/downstream_bjs_ref0_nonhybrid/education/biennial/saeb_public_estadual_municipal_grade5_portuguese_saeb_low_levels_0_2_bjs_ref0_nonhybrid.png,True,municipality_id,0,ok,,data/interim/downstream_bjs_ref0_nonhybrid/education/biennial/saeb_public_estadual_municipal_grade5_portuguese_saeb_low_levels_0_2.parquet,80740,19431,4037,4028,2784,1244,2010,2018,1534,0,2,"Biennial assessment years use analysis period = assessment year - 1, so the first post-BVR assessment is event time 0 and adjacent waves are two-year steps.",-1.0307277428370871,-1.987803394460651,1.987803394460651,3,1.9076569023706007,0,pass,3,0,1.987803394460651
ieps_sus_beds_per_100k,ieps_sus_beds_per_100k,ieps_sus_beds_per_100k,IEPS SUS beds,birth_health,Birth and health outcomes,ieps,annual,data/clean/downstream/bdd_health_bvr_screen_panel_2000_2020.parquet,resources/did/downstream_bjs_ref0_nonhybrid/birth_health/annual/ieps/ieps_sus_beds_per_100k,resources/figures/downstream_bjs_ref0_nonhybrid/birth_health/annual/ieps_sus_beds_per_100k_bjs_ref0_nonhybrid.png,True,municipality_id,0,ok,,data/interim/downstream_bjs_ref0_nonhybrid/birth_health/annual/ieps_sus_beds_per_100k.parquet,84777,44395,4037,4036,2792,1244,2010,2020,1534,0,1,,-1.833951802113798,-1.9401021259224875,1.9401021259224875,7,1.8803830680883504,0,pass,8,0,1.9401021259224875
inep_ind_municipal_taxa_aprovacao_ef_anos_finais,inep_ind_municipal_taxa_aprovacao_ef_anos_finais,inep_ind_municipal_taxa_aprovacao_ef_anos_finais,Municipal Taxa Aprovacao Ef Anos Finais,education,Education outcomes,dropout_flow,annual,data/clean/downstream/bdd_education_bvr_screen_panel_2000_2020.parquet,resources/did/downstream_bjs_ref0_nonhybrid/education/annual/dropout_flow/inep_ind_municipal_taxa_aprovacao_ef_anos_finais,resources/figures/downstream_bjs_ref0_nonhybrid/education/annual/inep_ind_municipal_taxa_aprovacao_ef_anos_finais_bjs_ref0_nonhybrid.png,True,municipality_id,0,ok,,data/interim/downstream_bjs_ref0_nonhybrid/education/annual/inep_ind_municipal_taxa_aprovacao_ef_anos_finais.parquet,84777,37729,4037,3145,2281,864,2007,2019,1534,0,1,,-0.3284905112629778,1.911407056523892,1.911407056523892,8,1.2933530189369007,0,pass,8,0,1.911407056523892
inep_ind_municipal_taxa_abandono_ef_anos_finais,inep_ind_municipal_taxa_abandono_ef_anos_finais,inep_ind_municipal_taxa_abandono_ef_anos_finais,Municipal Taxa Abandono Ef Anos Finais,education,Education outcomes,dropout_flow,annual,data/clean/downstream/bdd_education_bvr_screen_panel_2000_2020.parquet,resources/did/downstream_bjs_ref0_nonhybrid/education/annual/dropout_flow/inep_ind_municipal_taxa_abandono_ef_anos_finais,resources/figures/downstream_bjs_ref0_nonhybrid/education/annual/inep_ind_municipal_taxa_abandono_ef_anos_finais_bjs_ref0_nonhybrid.png,True,municipality_id,0,ok,,data/interim/downstream_bjs_ref0_nonhybrid/education/annual/inep_ind_municipal_taxa_abandono_ef_anos_finais.parquet,84777,37729,4037,3145,2281,864,2007,2019,1534,0,1,,-0.1078438334638682,-1.043052280669351,1.043052280669351,8,1.5709169586576035,0,pass,8,0,1.043052280669351
inep_ind_municipal_ied_em_nivel_6,inep_ind_municipal_ied_em_nivel_6,inep_ind_municipal_ied_em_nivel_6,Municipal Ied Em Nivel 6,education,Education outcomes,teacher_profile,annual,data/clean/downstream/bdd_education_bvr_screen_panel_2000_2020.parquet,resources/did/downstream_bjs_ref0_nonhybrid/education/annual/teacher_profile/inep_ind_municipal_ied_em_nivel_6,resources/figures/downstream_bjs_ref0_nonhybrid/education/annual/inep_ind_municipal_ied_em_nivel_6_bjs_ref0_nonhybrid.png,True,municipality_id,0,ok,,data/interim/downstream_bjs_ref0_nonhybrid/education/annual/inep_ind_municipal_ied_em_nivel_6.parquet,84777,667,4037,143,97,46,2013,2020,1534,0,1,,3.1031366497014634,-1.0081235364737837,1.0081235364737837,4,1.1732887371828515,0,pass,6,0,1.0081235364737837
inep_ind_municipal_taxa_reprovacao_ef_anos_finais,inep_ind_municipal_taxa_reprovacao_ef_anos_finais,inep_ind_municipal_taxa_reprovacao_ef_anos_finais,Municipal Taxa Reprovacao Ef Anos Finais,education,Education outcomes,dropout_flow,annual,data/clean/downstream/bdd_education_bvr_screen_panel_2000_2020.parquet,resources/did/downstream_bjs_ref0_nonhybrid/education/annual/dropout_flow/inep_ind_municipal_taxa_reprovacao_ef_anos_finais,resources/figures/downstream_bjs_ref0_nonhybrid/education/annual/inep_ind_municipal_taxa_reprovacao_ef_anos_finais_bjs_ref0_nonhybrid.png,True,municipality_id,0,ok,,data/interim/downstream_bjs_ref0_nonhybrid/education/annual/inep_ind_municipal_taxa_reprovacao_ef_anos_finais.parquet,84777,37729,4037,3145,2281,864,2007,2019,1534,0,1,,0.4363343432426161,-0.8683547765640295,0.8683547765640295,8,1.3024787684951062,0,pass,8,0,0.8683547765640295
inep_ind_municipal_taxa_reprovacao_ef,inep_ind_municipal_taxa_reprovacao_ef,inep_ind_municipal_taxa_reprovacao_ef,Municipal Taxa Reprovacao Ef,education,Education outcomes,dropout_flow,annual,data/clean/downstream/bdd_education_bvr_screen_panel_2000_2020.parquet,resources/did/downstream_bjs_ref0_nonhybrid/education/annual/dropout_flow/inep_ind_municipal_taxa_reprovacao_ef,resources/figures/downstream_bjs_ref0_nonhybrid/education/annual/inep_ind_municipal_taxa_reprovacao_ef_bjs_ref0_nonhybrid.png,True,municipality_id,0,ok,,data/interim/downstream_bjs_ref0_nonhybrid/education/annual/inep_ind_municipal_taxa_reprovacao_ef.parquet,84777,52118,4037,4026,2784,1242,2007,2019,1534,0,1,,0.1390463206888619,-0.7360625125586598,0.7360625125586598,8,1.5546438403108471,0,pass,8,0,0.7360625125586598
inep_ind_municipal_atu_ef_anos_finais,inep_ind_municipal_atu_ef_anos_finais,inep_ind_municipal_atu_ef_anos_finais,Municipal Atu Ef Anos Finais,education,Education outcomes,school_inputs,annual,data/clean/downstream/bdd_education_bvr_screen_panel_2000_2020.parquet,resources/did/downstream_bjs_ref0_nonhybrid/education/annual/school_inputs/inep_ind_municipal_atu_ef_anos_finais,resources/figures/downstream_bjs_ref0_nonhybrid/education/annual/inep_ind_municipal_atu_ef_anos_finais_bjs_ref0_nonhybrid.png,True,municipality_id,0,ok,,data/interim/downstream_bjs_ref0_nonhybrid/education/annual/inep_ind_municipal_atu_ef_anos_finais.parquet,84777,41339,4037,4017,2779,1238,2007,2020,1534,0,1,,-0.3735474520054272,-0.697528516538783,0.697528516538783,8,1.1842963231942312,0,pass,8,0,0.697528516538783
inep_ind_municipal_taxa_reprovacao_em,inep_ind_municipal_taxa_reprovacao_em,inep_ind_municipal_taxa_reprovacao_em,Municipal Taxa Reprovacao Em,education,Education outcomes,dropout_flow,annual,data/clean/downstream/bdd_education_bvr_screen_panel_2000_2020.parquet,resources/did/downstream_bjs_ref0_nonhybrid/education/annual/dropout_flow/inep_ind_municipal_taxa_reprovacao_em,resources/figures/downstream_bjs_ref0_nonhybrid/education/annual/inep_ind_municipal_taxa_reprovacao_em_bjs_ref0_nonhybrid.png,True,municipality_id,0,ok,,data/interim/downstream_bjs_ref0_nonhybrid/education/annual/inep_ind_municipal_taxa_reprovacao_em.parquet,84777,1829,4037,450,335,115,2007,2019,1534,0,1,,0.3780139618380105,-0.6248527389009857,0.6248527389009857,8,1.8026341325205395,0,pass,8,0,0.6248527389009857
inep_ind_publica_ird_baixa_regularidade,inep_ind_publica_ird_baixa_regularidade,inep_ind_publica_ird_baixa_regularidade,Publica Ird Baixa Regularidade,education,Education outcomes,teacher_profile,annual,data/clean/downstream/bdd_education_bvr_screen_panel_2000_2020.parquet,resources/did/downstream_bjs_ref0_nonhybrid/education/annual/teacher_profile/inep_ind_publica_ird_baixa_regularidade,resources/figures/downstream_bjs_ref0_nonhybrid/education/annual/inep_ind_publica_ird_baixa_regularidade_bjs_ref0_nonhybrid.png,True,municipality_id,0,ok,,data/interim/downstream_bjs_ref0_nonhybrid/education/annual/inep_ind_publica_ird_baixa_regularidade.parquet,84777,32288,4037,4036,2792,1244,2013,2020,1534,0,1,,0.4076889079990906,0.6034052140409595,0.6034052140409595,4,1.660412285043698,0,pass,6,0,0.6034052140409595
inep_ind_municipal_ird_baixa_regularidade,inep_ind_municipal_ird_baixa_regularidade,inep_ind_municipal_ird_baixa_regularidade,Municipal Ird Baixa Regularidade,education,Education outcomes,teacher_profile,annual,data/clean/downstream/bdd_education_bvr_screen_panel_2000_2020.parquet,resources/did/downstream_bjs_ref0_nonhybrid/education/annual/teacher_profile/inep_ind_municipal_ird_baixa_regularidade,resources/figures/downstream_bjs_ref0_nonhybrid/education/annual/inep_ind_municipal_ird_baixa_regularidade_bjs_ref0_nonhybrid.png,True,municipality_id,0,ok,,data/interim/downstream_bjs_ref0_nonhybrid/education/annual/inep_ind_municipal_ird_baixa_regularidade.parquet,84777,32266,4037,4034,2790,1244,2013,2020,1534,0,1,,0.2097713345191273,0.5360895608024246,0.5360895608024246,4,1.829937892532768,0,pass,6,0,0.5360895608024246
saeb_municipal_grade5_portuguese_media,saeb_municipal_grade5_portuguese_media,saeb_municipal_grade5_portuguese_media,Municipal Grade5 Portuguese Media,education,Education outcomes,achievement,biennial,data/clean/downstream/bdd_education_bvr_screen_panel_2000_2020.parquet,resources/did/downstream_bjs_ref0_nonhybrid/education/biennial/achievement/saeb_municipal_grade5_portuguese_media,resources/figures/downstream_bjs_ref0_nonhybrid/education/biennial/saeb_municipal_grade5_portuguese_media_bjs_ref0_nonhybrid.png,True,municipality_id,0,ok,,data/interim/downstream_bjs_ref0_nonhybrid/education/biennial/saeb_municipal_grade5_portuguese_media.parquet,80740,18635,4037,3938,2721,1217,2010,2018,1534,0,2,"Biennial assessment years use analysis period = assessment year - 1, so the first post-BVR assessment is event time 0 and adjacent waves are two-year steps.",0.8922613883133791,0.4792170868961811,0.4792170868961811,3,1.705917505381466,0,pass,3,0,0.4792170868961811
sinasc_lowedu_prenatal_adequate_share_known_pp,sinasc_lowedu_prenatal_adequate_share_known_pp,sinasc_lowedu_prenatal_adequate_share_known_pp,Adequate prenatal visits share: Low education proxy,birth_health,Birth and health outcomes,sinasc_lowedu,annual,data/clean/downstream/bdd_health_bvr_screen_panel_2000_2020.parquet,resources/did/downstream_bjs_ref0_nonhybrid/birth_health/annual/sinasc_lowedu/sinasc_lowedu_prenatal_adequate_share_known_pp,resources/figures/downstream_bjs_ref0_nonhybrid/birth_health/annual/sinasc_lowedu_prenatal_adequate_share_known_pp_bjs_ref0_nonhybrid.png,True,municipality_id,0,ok,SINASC outcomes inside the BDD health screen.,data/interim/downstream_bjs_ref0_nonhybrid/birth_health/annual/sinasc_lowedu_prenatal_adequate_share_known_pp.parquet,84777,27970,4037,4036,2792,1244,2014,2020,1534,0,1,,0.4671038524248036,0.3558520945399394,0.3558520945399394,3,1.6864610550548575,0,pass,4,0,0.3558520945399394
ieps_sus_icu_beds_per_100k,ieps_sus_icu_beds_per_100k,ieps_sus_icu_beds_per_100k,IEPS SUS ICU beds,birth_health,Birth and health outcomes,ieps,annual,data/clean/downstream/bdd_health_bvr_screen_panel_2000_2020.parquet,resources/did/downstream_bjs_ref0_nonhybrid/birth_health/annual/ieps/ieps_sus_icu_beds_per_100k,resources/figures/downstream_bjs_ref0_nonhybrid/birth_health/annual/ieps_sus_icu_beds_per_100k_bjs_ref0_nonhybrid.png,True,municipality_id,0,ok,,data/interim/downstream_bjs_ref0_nonhybrid/birth_health/annual/ieps_sus_icu_beds_per_100k.parquet,84777,44395,4037,4036,2792,1244,2010,2020,1534,0,1,,0.1125401359843566,0.2906427577103494,0.2906427577103494,7,1.4560636795323454,0,pass,8,0,0.2906427577103494
imun_bcg_pp,imun_bcg_pp,imun_bcg_pp,BCG coverage,birth_health,Birth and health outcomes,immunization,annual,data/clean/downstream/bdd_health_bvr_screen_panel_2000_2020.parquet,resources/did/downstream_bjs_ref0_nonhybrid/birth_health/annual/immunization/imun_bcg_pp,resources/figures/downstream_bjs_ref0_nonhybrid/birth_health/annual/imun_bcg_pp_bjs_ref0_nonhybrid.png,True,municipality_id,0,ok,,data/interim/downstream_bjs_ref0_nonhybrid/birth_health/annual/imun_bcg_pp.parquet,84777,84548,4037,4036,2792,1244,2000,2020,1534,0,1,,-0.0278656902792264,0.27751695440903623,0.27751695440903623,8,1.7265605878082275,0,pass,8,0,0.27751695440903623
sinasc_highedu_low_apgar1_share_known_pp,sinasc_highedu_low_apgar1_share_known_pp,sinasc_highedu_low_apgar1_share_known_pp,Low Apgar 1 share: High education proxy,birth_health,Birth and health outcomes,sinasc_highedu,annual,data/clean/downstream/bdd_health_bvr_screen_panel_2000_2020.parquet,resources/did/downstream_bjs_ref0_nonhybrid/birth_health/annual/sinasc_highedu/sinasc_highedu_low_apgar1_share_known_pp,resources/figures/downstream_bjs_ref0_nonhybrid/birth_health/annual/sinasc_highedu_low_apgar1_share_known_pp_bjs_ref0_nonhybrid.png,True,municipality_id,0,ok,SINASC outcomes inside the BDD health screen.,data/interim/downstream_bjs_ref0_nonhybrid/birth_health/annual/sinasc_highedu_low_apgar1_share_known_pp.parquet,84777,84296,4037,4036,2792,1244,2000,2020,1534,0,1,,0.1273813834422346,0.26679957260709963,0.26679957260709963,8,0.9286189949070792,0,pass,8,0,0.26679957260709963
sinasc_lowedu_low_birthweight_share_total_pp,sinasc_lowedu_low_birthweight_share_total_pp,sinasc_lowedu_low_birthweight_share_total_pp,Low-birthweight share: Low education proxy,birth_health,Birth and health outcomes,sinasc_lowedu,annual,data/clean/downstream/bdd_health_bvr_screen_panel_2000_2020.parquet,resources/did/downstream_bjs_ref0_nonhybrid/birth_health/annual/sinasc_lowedu/sinasc_lowedu_low_birthweight_share_total_pp,resources/figures/downstream_bjs_ref0_nonhybrid/birth_health/annual/sinasc_lowedu_low_birthweight_share_total_pp_bjs_ref0_nonhybrid.png,True,municipality_id,0,ok,SINASC outcomes inside the BDD health screen.,data/interim/downstream_bjs_ref0_nonhybrid/birth_health/annual/sinasc_lowedu_low_birthweight_share_total_pp.parquet,84777,84312,4037,4036,2792,1244,2000,2020,1534,0,1,,0.4221591608603041,-0.21705713490474207,0.21705713490474207,8,1.9399443143989643,0,pass,8,0,0.21705713490474207
inep_ind_publica_ied_ef_nivel_5,inep_ind_publica_ied_ef_nivel_5,inep_ind_publica_ied_ef_nivel_5,Publica Ied Ef Nivel 5,education,Education outcomes,teacher_profile,annual,data/clean/downstream/bdd_education_bvr_screen_panel_2000_2020.parquet,resources/did/downstream_bjs_ref0_nonhybrid/education/annual/teacher_profile/inep_ind_publica_ied_ef_nivel_5,resources/figures/downstream_bjs_ref0_nonhybrid/education/annual/inep_ind_publica_ied_ef_nivel_5_bjs_ref0_nonhybrid.png,True,municipality_id,0,ok,,data/interim/downstream_bjs_ref0_nonhybrid/education/annual/inep_ind_publica_ied_ef_nivel_5.parquet,84777,32288,4037,4036,2792,1244,2013,2020,1534,0,1,,0.1469093552264516,0.19443135494579056,0.19443135494579056,4,1.6152729601619618,0,pass,6,0,0.19443135494579056
inep_transition_total_taxa_repetencia_em,inep_transition_total_taxa_repetencia_em,inep_transition_total_taxa_repetencia_em,Total Taxa Repetencia Em,education,Education outcomes,dropout_flow,annual,data/clean/downstream/bdd_education_bvr_screen_panel_2000_2020.parquet,resources/did/downstream_bjs_ref0_nonhybrid/education/annual/dropout_flow/inep_transition_total_taxa_repetencia_em,resources/figures/downstream_bjs_ref0_nonhybrid/education/annual/inep_transition_total_taxa_repetencia_em_bjs_ref0_nonhybrid.png,True,municipality_id,0,ok,,data/interim/downstream_bjs_ref0_nonhybrid/education/annual/inep_transition_total_taxa_repetencia_em.parquet,84777,52267,4037,4030,2786,1244,2008,2020,1534,0,1,,0.0082643309808759,-0.14717133265129728,0.14717133265129728,8,1.949150371885768,0,pass,8,0,0.14717133265129728
sinasc_lowedu_very_low_birthweight_share_total_pp,sinasc_lowedu_very_low_birthweight_share_total_pp,sinasc_lowedu_very_low_birthweight_share_total_pp,Very-low-birthweight share: Low education proxy,birth_health,Birth and health outcomes,sinasc_lowedu,annual,data/clean/downstream/bdd_health_bvr_screen_panel_2000_2020.parquet,resources/did/downstream_bjs_ref0_nonhybrid/birth_health/annual/sinasc_lowedu/sinasc_lowedu_very_low_birthweight_share_total_pp,resources/figures/downstream_bjs_ref0_nonhybrid/birth_health/annual/sinasc_lowedu_very_low_birthweight_share_total_pp_bjs_ref0_nonhybrid.png,True,municipality_id,0,ok,SINASC outcomes inside the BDD health screen.,data/interim/downstream_bjs_ref0_nonhybrid/birth_health/annual/sinasc_lowedu_very_low_birthweight_share_total_pp.parquet,84777,84312,4037,4036,2792,1244,2000,2020,1534,0,1,,0.1071325927167299,-0.11216758279645182,0.11216758279645182,8,1.3078565666858428,0,pass,8,0,0.11216758279645182
sinasc_all_low_apgar1_share_known_pp,sinasc_all_low_apgar1_share_known_pp,sinasc_all_low_apgar1_share_known_pp,Low Apgar 1 share: All mothers,birth_health,Birth and health outcomes,sinasc_all,annual,data/clean/downstream/bdd_health_bvr_screen_panel_2000_2020.parquet,resources/did/downstream_bjs_ref0_nonhybrid/birth_health/annual/sinasc_all/sinasc_all_low_apgar1_share_known_pp,resources/figures/downstream_bjs_ref0_nonhybrid/birth_health/annual/sinasc_all_low_apgar1_share_known_pp_bjs_ref0_nonhybrid.png,True,municipality_id,0,ok,SINASC outcomes inside the BDD health screen.,data/interim/downstream_bjs_ref0_nonhybrid/birth_health/annual/sinasc_all_low_apgar1_share_known_pp.parquet,84777,84509,4037,4036,2792,1244,2000,2020,1534,0,1,,0.1044686376326852,0.10872500545568767,0.10872500545568767,8,1.565827609288007,0,pass,8,0,0.10872500545568767
log_child_spending_pc,log1p_spending_pc_2008_child_total,log1p_spending_pc_2008_child_total,Child/basic education spending per capita,adult_eja,Adult education / EJA outcomes,spending,annual,data/clean/downstream/bdd_adult_education_bvr_panel_2000_2020.parquet,resources/did/downstream_bjs_ref0_nonhybrid/adult_eja/annual/spending/log_child_spending_pc,resources/figures/downstream_bjs_ref0_nonhybrid/adult_eja/annual/log_child_spending_pc_bjs_ref0_nonhybrid.png,True,municipality_id,0,ok,,data/interim/downstream_bjs_ref0_nonhybrid/adult_eja/annual/log_child_spending_pc.parquet,84777,68575,4037,4036,2792,1244,2004,2020,1534,0,1,,-0.0921596649562197,0.08960858278008711,0.08960858278008711,8,1.6937292852005532,0,pass,8,0,0.08960858278008711
inep_ind_municipal_atu_em,inep_ind_municipal_atu_em,inep_ind_municipal_atu_em,Municipal Atu Em,education,Education outcomes,school_inputs,annual,data/clean/downstream/bdd_education_bvr_screen_panel_2000_2020.parquet,resources/did/downstream_bjs_ref0_nonhybrid/education/annual/school_inputs/inep_ind_municipal_atu_em,resources/figures/downstream_bjs_ref0_nonhybrid/education/annual/inep_ind_municipal_atu_em_bjs_ref0_nonhybrid.png,True,municipality_id,0,ok,,data/interim/downstream_bjs_ref0_nonhybrid/education/annual/inep_ind_municipal_atu_em.parquet,84777,1786,4037,360,276,84,2007,2020,1534,0,1,,-0.033906380880617,-0.06492241446274838,0.06492241446274838,8,1.3617490496349596,0,pass,8,0,0.06492241446274838
siconfi_annual_infrastructure_spending_log_pc,log1p_infrastructure_spending_pc_2008,log1p_infrastructure_spending_pc_2008,"Infrastructure expenditure per capita, log(1+x), annual",siconfi_log_pc,Log expenditure per capita,infrastructure_spending,annual,data/clean/downstream/siconfi_spending_categories_annual_2000_2022.parquet,resources/did/downstream_bjs_ref0_nonhybrid/siconfi_log_pc/annual/infrastructure_spending/siconfi_annual_infrastructure_spending_log_pc,resources/figures/downstream_bjs_ref0_nonhybrid/siconfi_log_pc/annual/siconfi_annual_infrastructure_spending_log_pc_bjs_ref0_nonhybrid.png,True,municipality_id,0,ok,,data/interim/downstream_bjs_ref0_nonhybrid/siconfi_log_pc/annual/siconfi_annual_infrastructure_spending_log_pc.parquet,84633,81889,4036,4034,2790,1244,2000,2020,1534,0,1,,0.0251685516570568,0.04828736957601613,0.04828736957601613,8,1.3259609420392249,0,pass,8,0,0.04828736957601613
imun_hepatite_b_rn_pp,imun_hepatite_b_rn_pp,imun_hepatite_b_rn_pp,Hepatitis B newborn coverage,birth_health,Birth and health outcomes,immunization,annual,data/clean/downstream/bdd_health_bvr_screen_panel_2000_2020.parquet,resources/did/downstream_bjs_ref0_nonhybrid/birth_health/annual/immunization/imun_hepatite_b_rn_pp,resources/figures/downstream_bjs_ref0_nonhybrid/birth_health/annual/imun_hepatite_b_rn_pp_bjs_ref0_nonhybrid.png,True,municipality_id,0,ok,,data/interim/downstream_bjs_ref0_nonhybrid/birth_health/annual/imun_hepatite_b_rn_pp.parquet,84777,28244,4037,4036,2792,1244,2014,2020,1534,0,1,,-1.141938126010324,0.043517327715679954,0.043517327715679954,3,1.7993009940141176,0,pass,4,0,0.043517327715679954
siconfi_cycle2_urbanism_log_pc,log1p_urbanism_pc_2008,log1p_urbanism_pc_2008,"Urbanism expenditure per capita, log(1+x), cycle2",siconfi_log_pc,Log expenditure per capita,urbanism,cycle2,data/clean/downstream/siconfi_spending_categories_cycle2_2000_2022.parquet,resources/did/downstream_bjs_ref0_nonhybrid/siconfi_log_pc/cycle2/urbanism/siconfi_cycle2_urbanism_log_pc,resources/figures/downstream_bjs_ref0_nonhybrid/siconfi_log_pc/cycle2/siconfi_cycle2_urbanism_log_pc_bjs_ref0_nonhybrid.png,True,municipality_id,0,ok,,data/interim/downstream_bjs_ref0_nonhybrid/siconfi_log_pc/cycle2/siconfi_cycle2_urbanism_log_pc.parquet,44360,44016,4036,4034,2790,1244,2000,2020,1534,0,2,,0.061310238380406,0.041066425311416875,0.041066425311416875,4,1.7811165624148604,0,pass,4,0,0.041066425311416875
ideb_municipal_ef_final_indicador_rendimento,ideb_municipal_ef_final_indicador_rendimento,ideb_municipal_ef_final_indicador_rendimento,Municipal Ef Final Indicador Rendimento,education,Education outcomes,achievement,biennial,data/clean/downstream/bdd_education_bvr_screen_panel_2000_2020.parquet,resources/did/downstream_bjs_ref0_nonhybrid/education/biennial/achievement/ideb_municipal_ef_final_indicador_rendimento,resources/figures/downstream_bjs_ref0_nonhybrid/education/biennial/ideb_municipal_ef_final_indicador_rendimento_bjs_ref0_nonhybrid.png,True,municipality_id,0,ok,,data/interim/downstream_bjs_ref0_nonhybrid/education/biennial/ideb_municipal_ef_final_indicador_rendimento.parquet,80740,18816,4037,2802,2041,761,2004,2018,1534,0,2,"Biennial assessment years use analysis period = assessment year - 1, so the first post-BVR assessment is event time 0 and adjacent waves are two-year steps.",0.0025436685971282,0.03950834420355277,0.03950834420355277,4,1.8590696049132696,0,pass,4,0,0.03950834420355277
inep_ind_municipal_had_em,inep_ind_municipal_had_em,inep_ind_municipal_had_em,Municipal Had Em,education,Education outcomes,school_inputs,annual,data/clean/downstream/bdd_education_bvr_screen_panel_2000_2020.parquet,resources/did/downstream_bjs_ref0_nonhybrid/education/annual/school_inputs/inep_ind_municipal_had_em,resources/figures/downstream_bjs_ref0_nonhybrid/education/annual/inep_ind_municipal_had_em_bjs_ref0_nonhybrid.png,True,municipality_id,0,ok,,data/interim/downstream_bjs_ref0_nonhybrid/education/annual/inep_ind_municipal_had_em.parquet,84777,1099,4037,200,151,49,2010,2020,1534,0,1,,-0.0051988358861911,0.03362412257216925,0.03362412257216925,7,1.2380752735927494,0,pass,6,0,0.03362412257216925
ideb_publica_ef_final_indicador_rendimento,ideb_publica_ef_final_indicador_rendimento,ideb_publica_ef_final_indicador_rendimento,Publica Ef Final Indicador Rendimento,education,Education outcomes,achievement,biennial,data/clean/downstream/bdd_education_bvr_screen_panel_2000_2020.parquet,resources/did/downstream_bjs_ref0_nonhybrid/education/biennial/achievement/ideb_publica_ef_final_indicador_rendimento,resources/figures/downstream_bjs_ref0_nonhybrid/education/biennial/ideb_publica_ef_final_indicador_rendimento_bjs_ref0_nonhybrid.png,True,municipality_id,0,ok,,data/interim/downstream_bjs_ref0_nonhybrid/education/biennial/ideb_publica_ef_final_indicador_rendimento.parquet,80740,27681,4037,4034,2790,1244,2004,2018,1534,0,2,"Biennial assessment years use analysis period = assessment year - 1, so the first post-BVR assessment is event time 0 and adjacent waves are two-year steps.",0.0067984925120371,0.026996266196853823,0.026996266196853823,4,1.8574941805723644,0,pass,4,0,0.026996266196853823
ieps_doctors_per_1000,ieps_doctors_per_1000,ieps_doctors_per_1000,IEPS doctors,birth_health,Birth and health outcomes,ieps,annual,data/clean/downstream/bdd_health_bvr_screen_panel_2000_2020.parquet,resources/did/downstream_bjs_ref0_nonhybrid/birth_health/annual/ieps/ieps_doctors_per_1000,resources/figures/downstream_bjs_ref0_nonhybrid/birth_health/annual/ieps_doctors_per_1000_bjs_ref0_nonhybrid.png,True,municipality_id,0,ok,,data/interim/downstream_bjs_ref0_nonhybrid/birth_health/annual/ieps_doctors_per_1000.parquet,84777,44383,4037,4036,2792,1244,2010,2020,1534,0,1,,-0.0029445140036992,-0.025036853990172414,0.025036853990172414,7,0.9536477256018414,0,pass,8,0,0.025036853990172414
sinasc_dedicated_low_birthweight_low_education_share,low_birthweight_share_total_low_education,low_birthweight_share_total_low_education,SINASC low-birthweight share: low education proxy,birth_health,Birth and health outcomes,sinasc_dedicated,annual,data/clean/downstream/sinasc_birthweight_by_mother_education_bvr_panel_2000_2020.parquet,resources/did/downstream_bjs_ref0_nonhybrid/birth_health/annual/sinasc_dedicated/sinasc_dedicated_low_birthweight_low_education_share,resources/figures/downstream_bjs_ref0_nonhybrid/birth_health/annual/sinasc_dedicated_low_birthweight_low_education_share_bjs_ref0_nonhybrid.png,True,municipality_id,0,ok,Share is kept in 0-1 units from the dedicated SINASC panel.,data/interim/downstream_bjs_ref0_nonhybrid/birth_health/annual/sinasc_dedicated_low_birthweight_low_education_share.parquet,84777,84312,4037,4036,2792,1244,2000,2020,1534,0,1,,0.004221591730842,-0.0021705712732800597,0.0021705712732800597,8,1.9399443143991173,0,pass,8,0,0.0021705712732800597
inep_ind_municipal_afd_em_grupo_1,inep_ind_municipal_afd_em_grupo_1,inep_ind_municipal_afd_em_grupo_1,Municipal Afd Em Grupo 1,education,Education outcomes,teacher_profile,annual,data/clean/downstream/bdd_education_bvr_screen_panel_2000_2020.parquet,resources/did/downstream_bjs_ref0_nonhybrid/education/annual/teacher_profile/inep_ind_municipal_afd_em_grupo_1,resources/figures/downstream_bjs_ref0_nonhybrid/education/annual/inep_ind_municipal_afd_em_grupo_1_bjs_ref0_nonhybrid.png,True,municipality_id,0,ok,,data/interim/downstream_bjs_ref0_nonhybrid/education/annual/inep_ind_municipal_afd_em_grupo_1.parquet,84777,648,4037,138,96,42,2013,2020,1534,0,1,,-1.1197421509407604,5.931131554954919,5.931131554954919,4,2.2995837463917037,1,near,6,1,5.931131554954919
inep_ind_municipal_taxa_abandono_em,inep_ind_municipal_taxa_abandono_em,inep_ind_municipal_taxa_abandono_em,Municipal Taxa Abandono Em,education,Education outcomes,dropout_flow,annual,data/clean/downstream/bdd_education_bvr_screen_panel_2000_2020.parquet,resources/did/downstream_bjs_ref0_nonhybrid/education/annual/dropout_flow/inep_ind_municipal_taxa_abandono_em,resources/figures/downstream_bjs_ref0_nonhybrid/education/annual/inep_ind_municipal_taxa_abandono_em_bjs_ref0_nonhybrid.png,True,municipality_id,0,ok,,data/interim/downstream_bjs_ref0_nonhybrid/education/annual/inep_ind_municipal_taxa_abandono_em.parquet,84777,1829,4037,450,335,115,2007,2019,1534,0,1,,0.0510362686869665,-5.616857160226399,5.616857160226399,8,2.326350361192956,1,near,8,1,5.616857160226399
saeb_public_estadual_municipal_grade5_math_media,saeb_public_estadual_municipal_grade5_math_media,saeb_public_estadual_municipal_grade5_math_media,Public Estadual Municipal Grade5 Math Media,education,Education outcomes,achievement,biennial,data/clean/downstream/bdd_education_bvr_screen_panel_2000_2020.parquet,resources/did/downstream_bjs_ref0_nonhybrid/education/biennial/achievement/saeb_public_estadual_municipal_grade5_math_media,resources/figures/downstream_bjs_ref0_nonhybrid/education/biennial/saeb_public_estadual_municipal_grade5_math_media_bjs_ref0_nonhybrid.png,True,municipality_id,0,ok,,data/interim/downstream_bjs_ref0_nonhybrid/education/biennial/saeb_public_estadual_municipal_grade5_math_media.parquet,80740,19431,4037,4028,2784,1244,2010,2018,1534,0,2,"Biennial assessment years use analysis period = assessment year - 1, so the first post-BVR assessment is event time 0 and adjacent waves are two-year steps.",0.7055160481908276,2.176792177836288,2.176792177836288,3,2.533770946135857,1,near,3,1,2.176792177836288
inep_ind_municipal_afd_ef_grupo_1,inep_ind_municipal_afd_ef_grupo_1,inep_ind_municipal_afd_ef_grupo_1,Municipal Afd Ef Grupo 1,education,Education outcomes,teacher_profile,annual,data/clean/downstream/bdd_education_bvr_screen_panel_2000_2020.parquet,resources/did/downstream_bjs_ref0_nonhybrid/education/annual/teacher_profile/inep_ind_municipal_afd_ef_grupo_1,resources/figures/downstream_bjs_ref0_nonhybrid/education/annual/inep_ind_municipal_afd_ef_grupo_1_bjs_ref0_nonhybrid.png,True,municipality_id,0,ok,,data/interim/downstream_bjs_ref0_nonhybrid/education/annual/inep_ind_municipal_afd_ef_grupo_1.parquet,84777,32173,4037,4025,2784,1241,2013,2020,1534,0,1,,-0.395066841668225,-1.0559887476682692,1.0559887476682692,4,2.5118589090972168,1,near,6,1,1.0559887476682692
sinasc_all_teen_mother_share_known_pp,sinasc_all_teen_mother_share_known_pp,sinasc_all_teen_mother_share_known_pp,Teen mother share: All mothers,birth_health,Birth and health outcomes,sinasc_all,annual,data/clean/downstream/bdd_health_bvr_screen_panel_2000_2020.parquet,resources/did/downstream_bjs_ref0_nonhybrid/birth_health/annual/sinasc_all/sinasc_all_teen_mother_share_known_pp,resources/figures/downstream_bjs_ref0_nonhybrid/birth_health/annual/sinasc_all_teen_mother_share_known_pp_bjs_ref0_nonhybrid.png,True,municipality_id,0,ok,SINASC outcomes inside the BDD health screen.,data/interim/downstream_bjs_ref0_nonhybrid/birth_health/annual/sinasc_all_teen_mother_share_known_pp.parquet,84777,84609,4037,4036,2792,1244,2000,2020,1534,0,1,,-0.0227545676588564,1.0233316797904546,1.0233316797904546,8,2.3862449163659343,1,near,8,1,1.0233316797904546
sinasc_lowedu_very_preterm_share_known_pp,sinasc_lowedu_very_preterm_share_known_pp,sinasc_lowedu_very_preterm_share_known_pp,Very-preterm birth share: Low education proxy,birth_health,Birth and health outcomes,sinasc_lowedu,annual,data/clean/downstream/bdd_health_bvr_screen_panel_2000_2020.parquet,resources/did/downstream_bjs_ref0_nonhybrid/birth_health/annual/sinasc_lowedu/sinasc_lowedu_very_preterm_share_known_pp,resources/figures/downstream_bjs_ref0_nonhybrid/birth_health/annual/sinasc_lowedu_very_preterm_share_known_pp_bjs_ref0_nonhybrid.png,True,municipality_id,0,ok,SINASC outcomes inside the BDD health screen.,data/interim/downstream_bjs_ref0_nonhybrid/birth_health/annual/sinasc_lowedu_very_preterm_share_known_pp.parquet,84777,84306,4037,4036,2792,1244,2000,2020,1534,0,1,,0.1748772655095558,-0.25461825907652696,0.25461825907652696,8,2.0269454629100987,1,near,8,1,0.25461825907652696
sinasc_lowedu_multiple_pregnancy_share_known_pp,sinasc_lowedu_multiple_pregnancy_share_known_pp,sinasc_lowedu_multiple_pregnancy_share_known_pp,Multiple pregnancy share: Low education proxy,birth_health,Birth and health outcomes,sinasc_lowedu,annual,data/clean/downstream/bdd_health_bvr_screen_panel_2000_2020.parquet,resources/did/downstream_bjs_ref0_nonhybrid/birth_health/annual/sinasc_lowedu/sinasc_lowedu_multiple_pregnancy_share_known_pp,resources/figures/downstream_bjs_ref0_nonhybrid/birth_health/annual/sinasc_lowedu_multiple_pregnancy_share_known_pp_bjs_ref0_nonhybrid.png,True,municipality_id,0,ok,SINASC outcomes inside the BDD health screen.,data/interim/downstream_bjs_ref0_nonhybrid/birth_health/annual/sinasc_lowedu_multiple_pregnancy_share_known_pp.parquet,84777,84310,4037,4036,2792,1244,2000,2020,1534,0,1,,0.1064856760127501,-0.16413527617422896,0.16413527617422896,8,1.98846444832248,1,near,8,1,0.16413527617422896
sinasc_highedu_preterm_share_known_pp,sinasc_highedu_preterm_share_known_pp,sinasc_highedu_preterm_share_known_pp,Preterm birth share: High education proxy,birth_health,Birth and health outcomes,sinasc_highedu,annual,data/clean/downstream/bdd_health_bvr_screen_panel_2000_2020.parquet,resources/did/downstream_bjs_ref0_nonhybrid/birth_health/annual/sinasc_highedu/sinasc_highedu_preterm_share_known_pp,resources/figures/downstream_bjs_ref0_nonhybrid/birth_health/annual/sinasc_highedu_preterm_share_known_pp_bjs_ref0_nonhybrid.png,True,municipality_id,0,ok,SINASC outcomes inside the BDD health screen.,data/interim/downstream_bjs_ref0_nonhybrid/birth_health/annual/sinasc_highedu_preterm_share_known_pp.parquet,84777,84578,4037,4036,2792,1244,2000,2020,1534,0,1,,-0.111413795992263,0.14603988823662126,0.14603988823662126,8,2.44213663228476,1,near,8,1,0.14603988823662126
inep_transition_publica_taxa_repetencia_em,inep_transition_publica_taxa_repetencia_em,inep_transition_publica_taxa_repetencia_em,Publica Taxa Repetencia Em,education,Education outcomes,dropout_flow,annual,data/clean/downstream/bdd_education_bvr_screen_panel_2000_2020.parquet,resources/did/downstream_bjs_ref0_nonhybrid/education/annual/dropout_flow/inep_transition_publica_taxa_repetencia_em,resources/figures/downstream_bjs_ref0_nonhybrid/education/annual/inep_transition_publica_taxa_repetencia_em_bjs_ref0_nonhybrid.png,True,municipality_id,0,ok,,data/interim/downstream_bjs_ref0_nonhybrid/education/annual/inep_transition_publica_taxa_repetencia_em.parquet,84777,52266,4037,4030,2786,1244,2008,2020,1534,0,1,,0.0270275557925301,-0.12229819859307964,0.12229819859307964,8,2.0844745612073594,1,near,8,1,0.12229819859307964
inep_ind_municipal_ied_ef_nivel_5,inep_ind_municipal_ied_ef_nivel_5,inep_ind_municipal_ied_ef_nivel_5,Municipal Ied Ef Nivel 5,education,Education outcomes,teacher_profile,annual,data/clean/downstream/bdd_education_bvr_screen_panel_2000_2020.parquet,resources/did/downstream_bjs_ref0_nonhybrid/education/annual/teacher_profile/inep_ind_municipal_ied_ef_nivel_5,resources/figures/downstream_bjs_ref0_nonhybrid/education/annual/inep_ind_municipal_ied_ef_nivel_5_bjs_ref0_nonhybrid.png,True,municipality_id,0,ok,,data/interim/downstream_bjs_ref0_nonhybrid/education/annual/inep_ind_municipal_ied_ef_nivel_5.parquet,84777,32184,4037,4025,2784,1241,2013,2020,1534,0,1,,0.0575914211003545,0.08606645623178062,0.08606645623178062,4,2.249272207315129,1,near,6,1,0.08606645623178062
siconfi_cycle2_infrastructure_spending_log_pc,log1p_infrastructure_spending_pc_2008,log1p_infrastructure_spending_pc_2008,"Infrastructure expenditure per capita, log(1+x), cycle2",siconfi_log_pc,Log expenditure per capita,infrastructure_spending,cycle2,data/clean/downstream/siconfi_spending_categories_cycle2_2000_2022.parquet,resources/did/downstream_bjs_ref0_nonhybrid/siconfi_log_pc/cycle2/infrastructure_spending/siconfi_cycle2_infrastructure_spending_log_pc,resources/figures/downstream_bjs_ref0_nonhybrid/siconfi_log_pc/cycle2/siconfi_cycle2_infrastructure_spending_log_pc_bjs_ref0_nonhybrid.png,True,municipality_id,0,ok,,data/interim/downstream_bjs_ref0_nonhybrid/siconfi_log_pc/cycle2/siconfi_cycle2_infrastructure_spending_log_pc.parquet,44360,44016,4036,4034,2790,1244,2000,2020,1534,0,2,,0.0316791875309839,0.07687221836745917,0.07687221836745917,4,2.056386366040247,1,near,4,1,0.07687221836745917
sinasc_highedu_very_low_birthweight_share_total_pp,sinasc_highedu_very_low_birthweight_share_total_pp,sinasc_highedu_very_low_birthweight_share_total_pp,Very-low-birthweight share: High education proxy,birth_health,Birth and health outcomes,sinasc_highedu,annual,data/clean/downstream/bdd_health_bvr_screen_panel_2000_2020.parquet,resources/did/downstream_bjs_ref0_nonhybrid/birth_health/annual/sinasc_highedu/sinasc_highedu_very_low_birthweight_share_total_pp,resources/figures/downstream_bjs_ref0_nonhybrid/birth_health/annual/sinasc_highedu_very_low_birthweight_share_total_pp_bjs_ref0_nonhybrid.png,True,municipality_id,0,ok,SINASC outcomes inside the BDD health screen.,data/interim/downstream_bjs_ref0_nonhybrid/birth_health/annual/sinasc_highedu_very_low_birthweight_share_total_pp.parquet,84777,84584,4037,4036,2792,1244,2000,2020,1534,0,1,,0.0352383427008067,0.05173052499925306,0.05173052499925306,8,2.0780257597207195,1,near,8,1,0.05173052499925306
sinasc_all_very_low_birthweight_share_total_pp,sinasc_all_very_low_birthweight_share_total_pp,sinasc_all_very_low_birthweight_share_total_pp,Very-low-birthweight share: All mothers,birth_health,Birth and health outcomes,sinasc_all,annual,data/clean/downstream/bdd_health_bvr_screen_panel_2000_2020.parquet,resources/did/downstream_bjs_ref0_nonhybrid/birth_health/annual/sinasc_all/sinasc_all_very_low_birthweight_share_total_pp,resources/figures/downstream_bjs_ref0_nonhybrid/birth_health/annual/sinasc_all_very_low_birthweight_share_total_pp_bjs_ref0_nonhybrid.png,True,municipality_id,0,ok,SINASC outcomes inside the BDD health screen.,data/interim/downstream_bjs_ref0_nonhybrid/birth_health/annual/sinasc_all_very_low_birthweight_share_total_pp.parquet,84777,84609,4037,4036,2792,1244,2000,2020,1534,0,1,,0.0337840265100331,0.036575029113414925,0.036575029113414925,8,2.252124105479771,1,near,8,1,0.036575029113414925
siconfi_annual_urbanism_share_total_revenue,urbanism_share_total_revenue,bjs_siconfi_annual_urbanism_share_total_revenue,"Urbanism share of total revenue, annual",siconfi_spending_shares,Spending shares,share_total_revenue,annual,data/clean/downstream/siconfi_spending_categories_annual_2000_2022.parquet,resources/did/downstream_bjs_ref0_nonhybrid/siconfi_spending_shares/annual/share_total_revenue/siconfi_annual_urbanism_share_total_revenue,resources/figures/downstream_bjs_ref0_nonhybrid/siconfi_spending_shares/annual/siconfi_annual_urbanism_share_total_revenue_bjs_ref0_nonhybrid.png,True,municipality_id,0,ok,Derived as category real expenditure divided by total real revenue; kept in 0-1 units.,data/interim/downstream_bjs_ref0_nonhybrid/siconfi_spending_shares/annual/siconfi_annual_urbanism_share_total_revenue.parquet,84633,81849,4036,4034,2790,1244,2000,2020,1534,0,1,,-0.0131476467860672,-0.006852453715676037,0.006852453715676037,8,1.9959200459853053,1,near,8,1,0.006852453715676037
siconfi_cycle2_education_share_total_spending,education_share_total_spending,bjs_siconfi_cycle2_education_share_total_spending,"Education share of total expenditure, cycle2",siconfi_spending_shares,Spending shares,share_total_spending,cycle2,data/clean/downstream/siconfi_spending_categories_cycle2_2000_2022.parquet,resources/did/downstream_bjs_ref0_nonhybrid/siconfi_spending_shares/cycle2/share_total_spending/siconfi_cycle2_education_share_total_spending,resources/figures/downstream_bjs_ref0_nonhybrid/siconfi_spending_shares/cycle2/siconfi_cycle2_education_share_total_spending_bjs_ref0_nonhybrid.png,True,municipality_id,0,ok,Derived as category real expenditure divided by total real expenditure; kept in 0-1 units.,data/interim/downstream_bjs_ref0_nonhybrid/siconfi_spending_shares/cycle2/siconfi_cycle2_education_share_total_spending.parquet,44360,44015,4036,4034,2790,1244,2000,2020,1534,0,2,,-0.0028050626216089,0.00283202892486245,0.00283202892486245,4,2.1746819182598847,1,near,4,1,0.00283202892486245
siconfi_cycle2_urbanism_share_total_revenue,urbanism_share_total_revenue,bjs_siconfi_cycle2_urbanism_share_total_revenue,"Urbanism share of total revenue, cycle2",siconfi_spending_shares,Spending shares,share_total_revenue,cycle2,data/clean/downstream/siconfi_spending_categories_cycle2_2000_2022.parquet,resources/did/downstream_bjs_ref0_nonhybrid/siconfi_spending_shares/cycle2/share_total_revenue/siconfi_cycle2_urbanism_share_total_revenue,resources/figures/downstream_bjs_ref0_nonhybrid/siconfi_spending_shares/cycle2/siconfi_cycle2_urbanism_share_total_revenue_bjs_ref0_nonhybrid.png,True,municipality_id,0,ok,Derived as category real expenditure divided by total real revenue; kept in 0-1 units.,data/interim/downstream_bjs_ref0_nonhybrid/siconfi_spending_shares/cycle2/siconfi_cycle2_urbanism_share_total_revenue.parquet,44360,44014,4036,4034,2790,1244,2000,2020,1534,0,2,,0.0041006165371415,-0.0020748492486149252,0.0020748492486149252,4,1.971914184846774,1,near,4,1,0.0020748492486149252
siconfi_cycle2_urbanism_share_total_spending,urbanism_share_total_spending,bjs_siconfi_cycle2_urbanism_share_total_spending,"Urbanism share of total expenditure, cycle2",siconfi_spending_shares,Spending shares,share_total_spending,cycle2,data/clean/downstream/siconfi_spending_categories_cycle2_2000_2022.parquet,resources/did/downstream_bjs_ref0_nonhybrid/siconfi_spending_shares/cycle2/share_total_spending/siconfi_cycle2_urbanism_share_total_spending,resources/figures/downstream_bjs_ref0_nonhybrid/siconfi_spending_shares/cycle2/siconfi_cycle2_urbanism_share_total_spending_bjs_ref0_nonhybrid.png,True,municipality_id,0,ok,Derived as category real expenditure divided by total real expenditure; kept in 0-1 units.,data/interim/downstream_bjs_ref0_nonhybrid/siconfi_spending_shares/cycle2/siconfi_cycle2_urbanism_share_total_spending.parquet,44360,44015,4036,4034,2790,1244,2000,2020,1534,0,2,,0.002610667513386,-0.0018743000689560503,0.0018743000689560503,4,2.23238735526965,1,near,4,1,0.0018743000689560503
siconfi_cycle2_infrastructure_spending_share_total_revenue,infrastructure_spending_share_total_revenue,bjs_siconfi_cycle2_infrastructure_spending_share_total_revenue,"Infrastructure share of total revenue, cycle2",siconfi_spending_shares,Spending shares,share_total_revenue,cycle2,data/clean/downstream/siconfi_spending_categories_cycle2_2000_2022.parquet,resources/did/downstream_bjs_ref0_nonhybrid/siconfi_spending_shares/cycle2/share_total_revenue/siconfi_cycle2_infrastructure_spending_share_total_revenue,resources/figures/downstream_bjs_ref0_nonhybrid/siconfi_spending_shares/cycle2/siconfi_cycle2_infrastructure_spending_share_total_revenue_bjs_ref0_nonhybrid.png,True,municipality_id,0,ok,Derived as category real expenditure divided by total real revenue; kept in 0-1 units.,data/interim/downstream_bjs_ref0_nonhybrid/siconfi_spending_shares/cycle2/siconfi_cycle2_infrastructure_spending_share_total_revenue.parquet,44360,44014,4036,4034,2790,1244,2000,2020,1534,0,2,,0.0021831520459407,0.0015751993806319556,0.0015751993806319556,4,2.19444062696287,1,near,4,1,0.0015751993806319556
siconfi_cycle2_infrastructure_spending_share_total_spending,infrastructure_spending_share_total_spending,bjs_siconfi_cycle2_infrastructure_spending_share_total_spending,"Infrastructure share of total expenditure, cycle2",siconfi_spending_shares,Spending shares,share_total_spending,cycle2,data/clean/downstream/siconfi_spending_categories_cycle2_2000_2022.parquet,resources/did/downstream_bjs_ref0_nonhybrid/siconfi_spending_shares/cycle2/share_total_spending/siconfi_cycle2_infrastructure_spending_share_total_spending,resources/figures/downstream_bjs_ref0_nonhybrid/siconfi_spending_shares/cycle2/siconfi_cycle2_infrastructure_spending_share_total_spending_bjs_ref0_nonhybrid.png,True,municipality_id,0,ok,Derived as category real expenditure divided by total real expenditure; kept in 0-1 units.,data/interim/downstream_bjs_ref0_nonhybrid/siconfi_spending_shares/cycle2/siconfi_cycle2_infrastructure_spending_share_total_spending.parquet,44360,44015,4036,4034,2790,1244,2000,2020,1534,0,2,,0.00032648461317462467,0.001524800369362903,0.001524800369362903,4,2.4824944459869176,1,near,4,1,0.001524800369362903
municipal_state_transport_share,school_access_municipal_state_transport_enrollment_share_pp,bjs_municipal_state_transport_share,Municipal-school students with state-responsibility transport,school_access_transport,School access / transport,municipal_school_access,annual,data/clean/downstream/bdd_school_access_bvr_panel_2000_2020.parquet,resources/did/downstream_bjs_ref0_nonhybrid/school_access_transport/annual/municipal_school_access/municipal_state_transport_share,resources/figures/downstream_bjs_ref0_nonhybrid/school_access_transport/annual/municipal_state_transport_share_bjs_ref0_nonhybrid.png,True,municipality_id,0,ok,Original panel column is in percentage points; BJS sample divides by 100 to keep shares in 0-1 units.,data/interim/downstream_bjs_ref0_nonhybrid/school_access_transport/annual/municipal_state_transport_share.parquet,84777,52365,4037,4034,2790,1244,2008,2020,1534,0,1,,-0.002303713906301,0.0005136300392284318,0.0005136300392284318,8,2.431622366747292,1,near,8,1,0.0005136300392284318
ieps_hospitalizations_csap_per_100k,ieps_hospitalizations_csap_per_100k,ieps_hospitalizations_csap_per_100k,IEPS CSAP hospitalizations,birth_health,Birth and health outcomes,ieps,annual,data/clean/downstream/bdd_health_bvr_screen_panel_2000_2020.parquet,resources/did/downstream_bjs_ref0_nonhybrid/birth_health/annual/ieps/ieps_hospitalizations_csap_per_100k,resources/figures/downstream_bjs_ref0_nonhybrid/birth_health/annual/ieps_hospitalizations_csap_per_100k_bjs_ref0_nonhybrid.png,True,municipality_id,0,ok,,data/interim/downstream_bjs_ref0_nonhybrid/birth_health/annual/ieps_hospitalizations_csap_per_100k.parquet,84777,44383,4037,4036,2792,1244,2010,2020,1534,0,1,,-14.65540741512519,64.9117418976661,64.9117418976661,7,2.954512318578548,1,fail,8,3,64.9117418976661
ieps_hospitalizations_per_100k,ieps_hospitalizations_per_100k,ieps_hospitalizations_per_100k,IEPS hospitalizations,birth_health,Birth and health outcomes,ieps,annual,data/clean/downstream/bdd_health_bvr_screen_panel_2000_2020.parquet,resources/did/downstream_bjs_ref0_nonhybrid/birth_health/annual/ieps/ieps_hospitalizations_per_100k,resources/figures/downstream_bjs_ref0_nonhybrid/birth_health/annual/ieps_hospitalizations_per_100k_bjs_ref0_nonhybrid.png,True,municipality_id,0,ok,,data/interim/downstream_bjs_ref0_nonhybrid/birth_health/annual/ieps_hospitalizations_per_100k.parquet,84777,44383,4037,4036,2792,1244,2010,2020,1534,0,1,,23.229673199542244,33.76582604570257,33.76582604570257,7,2.458045603382019,2,fail,8,3,33.76582604570257
siconfi_investment_spending_pc_2008,siconfi_investment_spending_pc_2008,siconfi_investment_spending_pc_2008,Investment Spending Pc 2008,education,Education outcomes,spending,annual,data/clean/downstream/bdd_education_bvr_screen_panel_2000_2020.parquet,resources/did/downstream_bjs_ref0_nonhybrid/education/annual/spending/siconfi_investment_spending_pc_2008,resources/figures/downstream_bjs_ref0_nonhybrid/education/annual/siconfi_investment_spending_pc_2008_bjs_ref0_nonhybrid.png,True,municipality_id,0,ok,,data/interim/downstream_bjs_ref0_nonhybrid/education/annual/siconfi_investment_spending_pc_2008.parquet,84777,81889,4037,4034,2790,1244,2000,2020,1534,0,1,,14.79513894421322,-17.829216766873174,17.829216766873174,8,4.920481182574141,4,fail,8,3,17.829216766873174
ieps_mortality_per_100k,ieps_mortality_per_100k,ieps_mortality_per_100k,IEPS mortality,birth_health,Birth and health outcomes,ieps,annual,data/clean/downstream/bdd_health_bvr_screen_panel_2000_2020.parquet,resources/did/downstream_bjs_ref0_nonhybrid/birth_health/annual/ieps/ieps_mortality_per_100k,resources/figures/downstream_bjs_ref0_nonhybrid/birth_health/annual/ieps_mortality_per_100k_bjs_ref0_nonhybrid.png,True,municipality_id,0,ok,,data/interim/downstream_bjs_ref0_nonhybrid/birth_health/annual/ieps_mortality_per_100k.parquet,84777,44383,4037,4036,2792,1244,2010,2020,1534,0,1,,11.51184801466072,9.057425650308772,9.057425650308772,7,6.59944458157464,5,fail,8,3,9.057425650308772
sim_mortality_per_100k,sim_mortality_per_100k,sim_mortality_per_100k,SIM all-cause mortality,birth_health,Birth and health outcomes,sim,annual,data/clean/downstream/bdd_health_bvr_screen_panel_2000_2020.parquet,resources/did/downstream_bjs_ref0_nonhybrid/birth_health/annual/sim/sim_mortality_per_100k,resources/figures/downstream_bjs_ref0_nonhybrid/birth_health/annual/sim_mortality_per_100k_bjs_ref0_nonhybrid.png,True,municipality_id,0,ok,,data/interim/downstream_bjs_ref0_nonhybrid/birth_health/annual/sim_mortality_per_100k.parquet,84777,84633,4037,4036,2792,1244,2000,2020,1534,0,1,,18.26553373372044,6.797015922998554,6.797015922998554,8,7.232461872722089,8,fail,8,3,6.797015922998554
sinasc_dedicated_mean_birthweight_low_education,mean_birthweight_grams_low_education,mean_birthweight_grams_low_education,SINASC mean birthweight: low education proxy,birth_health,Birth and health outcomes,sinasc_dedicated,annual,data/clean/downstream/sinasc_birthweight_by_mother_education_bvr_panel_2000_2020.parquet,resources/did/downstream_bjs_ref0_nonhybrid/birth_health/annual/sinasc_dedicated/sinasc_dedicated_mean_birthweight_low_education,resources/figures/downstream_bjs_ref0_nonhybrid/birth_health/annual/sinasc_dedicated_mean_birthweight_low_education_bjs_ref0_nonhybrid.png,True,municipality_id,0,ok,Low education proxy is 0-7 completed years.,data/interim/downstream_bjs_ref0_nonhybrid/birth_health/annual/sinasc_dedicated_mean_birthweight_low_education.parquet,84777,84310,4037,4036,2792,1244,2000,2020,1534,0,1,,-13.425926837674632,6.439044545031084,6.439044545031084,8,3.499659258710235,2,fail,8,3,6.439044545031084
sinasc_lowedu_mean_birthweight_grams,sinasc_lowedu_mean_birthweight_grams,sinasc_lowedu_mean_birthweight_grams,Mean birthweight: Low education proxy,birth_health,Birth and health outcomes,sinasc_lowedu,annual,data/clean/downstream/bdd_health_bvr_screen_panel_2000_2020.parquet,resources/did/downstream_bjs_ref0_nonhybrid/birth_health/annual/sinasc_lowedu/sinasc_lowedu_mean_birthweight_grams,resources/figures/downstream_bjs_ref0_nonhybrid/birth_health/annual/sinasc_lowedu_mean_birthweight_grams_bjs_ref0_nonhybrid.png,True,municipality_id,0,ok,SINASC outcomes inside the BDD health screen.,data/interim/downstream_bjs_ref0_nonhybrid/birth_health/annual/sinasc_lowedu_mean_birthweight_grams.parquet,84777,84310,4037,4036,2792,1244,2000,2020,1534,0,1,,-13.425926837674632,6.439044545031083,6.439044545031083,8,3.499659258710232,2,fail,8,3,6.439044545031083
inep_ind_municipal_taxa_aprovacao_em,inep_ind_municipal_taxa_aprovacao_em,inep_ind_municipal_taxa_aprovacao_em,Municipal Taxa Aprovacao Em,education,Education outcomes,dropout_flow,annual,data/clean/downstream/bdd_education_bvr_screen_panel_2000_2020.parquet,resources/did/downstream_bjs_ref0_nonhybrid/education/annual/dropout_flow/inep_ind_municipal_taxa_aprovacao_em,resources/figures/downstream_bjs_ref0_nonhybrid/education/annual/inep_ind_municipal_taxa_aprovacao_em_bjs_ref0_nonhybrid.png,True,municipality_id,0,ok,,data/interim/downstream_bjs_ref0_nonhybrid/education/annual/inep_ind_municipal_taxa_aprovacao_em.parquet,84777,1829,4037,450,335,115,2007,2019,1534,0,1,,-0.429050195867177,6.241709927677256,6.241709927677256,8,2.244891483651875,2,fail,8,3,6.241709927677256
public_child_enrollment_per_1000,enrollment_public_child_regular_total_per_1000,enrollment_public_child_regular_total_per_1000,"Regular child enrollment per 1,000 residents, public schools",adult_eja,Adult education / EJA outcomes,child_enrollment,annual,data/clean/downstream/bdd_adult_education_bvr_panel_2000_2020.parquet,resources/did/downstream_bjs_ref0_nonhybrid/adult_eja/annual/child_enrollment/public_child_enrollment_per_1000,resources/figures/downstream_bjs_ref0_nonhybrid/adult_eja/annual/public_child_enrollment_per_1000_bjs_ref0_nonhybrid.png,True,municipality_id,0,ok,,data/interim/downstream_bjs_ref0_nonhybrid/adult_eja/annual/public_child_enrollment_per_1000.parquet,84777,56482,4037,4036,2792,1244,2007,2020,1534,0,1,,-2.7700709872909437,-5.817773342089837,5.817773342089837,8,9.868894784923969,8,fail,8,3,5.817773342089837
municipal_child_enrollment_per_1000,enrollment_municipal_child_regular_total_per_1000,enrollment_municipal_child_regular_total_per_1000,"Regular child enrollment per 1,000 residents, municipal schools",adult_eja,Adult education / EJA outcomes,child_enrollment,annual,data/clean/downstream/bdd_adult_education_bvr_panel_2000_2020.parquet,resources/did/downstream_bjs_ref0_nonhybrid/adult_eja/annual/child_enrollment/municipal_child_enrollment_per_1000,resources/figures/downstream_bjs_ref0_nonhybrid/adult_eja/annual/municipal_child_enrollment_per_1000_bjs_ref0_nonhybrid.png,True,municipality_id,0,ok,,data/interim/downstream_bjs_ref0_nonhybrid/adult_eja/annual/municipal_child_enrollment_per_1000.parquet,84777,56482,4037,4036,2792,1244,2007,2020,1534,0,1,,-0.934363267744766,-5.813883293996541,5.813883293996541,8,5.0995686081691245,8,fail,8,3,5.813883293996541
saeb_municipal_grade5_math_saeb_mid_levels_3_5,saeb_municipal_grade5_math_saeb_mid_levels_3_5,saeb_municipal_grade5_math_saeb_mid_levels_3_5,Municipal Grade5 Math Mid Levels 3 5,education,Education outcomes,achievement,biennial,data/clean/downstream/bdd_education_bvr_screen_panel_2000_2020.parquet,resources/did/downstream_bjs_ref0_nonhybrid/education/biennial/achievement/saeb_municipal_grade5_math_saeb_mid_levels_3_5,resources/figures/downstream_bjs_ref0_nonhybrid/education/biennial/saeb_municipal_grade5_math_saeb_mid_levels_3_5_bjs_ref0_nonhybrid.png,True,municipality_id,0,ok,,data/interim/downstream_bjs_ref0_nonhybrid/education/biennial/saeb_municipal_grade5_math_saeb_mid_levels_3_5.parquet,80740,18635,4037,3938,2721,1217,2010,2018,1534,0,2,"Biennial assessment years use analysis period = assessment year - 1, so the first post-BVR assessment is event time 0 and adjacent waves are two-year steps.",1.457360002882743,4.7306773752615525,4.7306773752615525,3,6.685794542029138,3,fail,3,3,4.7306773752615525
saeb_public_estadual_municipal_grade5_math_saeb_mid_levels_3_5,saeb_public_estadual_municipal_grade5_math_saeb_mid_levels_3_5,saeb_public_estadual_municipal_grade5_math_saeb_mid_levels_3_5,Public Estadual Municipal Grade5 Math Mid Levels 3 5,education,Education outcomes,achievement,biennial,data/clean/downstream/bdd_education_bvr_screen_panel_2000_2020.parquet,resources/did/downstream_bjs_ref0_nonhybrid/education/biennial/achievement/saeb_public_estadual_municipal_grade5_math_saeb_mid_levels_3_5,resources/figures/downstream_bjs_ref0_nonhybrid/education/biennial/saeb_public_estadual_municipal_grade5_math_saeb_mid_levels_3_5_bjs_ref0_nonhybrid.png,True,municipality_id,0,ok,,data/interim/downstream_bjs_ref0_nonhybrid/education/biennial/saeb_public_estadual_municipal_grade5_math_saeb_mid_levels_3_5.parquet,80740,19431,4037,4028,2784,1244,2010,2018,1534,0,2,"Biennial assessment years use analysis period = assessment year - 1, so the first post-BVR assessment is event time 0 and adjacent waves are two-year steps.",1.1888362574487508,4.673074223562593,4.673074223562593,3,7.259403676010558,3,fail,3,3,4.673074223562593
imun_triplice_viral_d1_pp,imun_triplice_viral_d1_pp,imun_triplice_viral_d1_pp,Triple viral dose 1 coverage,birth_health,Birth and health outcomes,immunization,annual,data/clean/downstream/bdd_health_bvr_screen_panel_2000_2020.parquet,resources/did/downstream_bjs_ref0_nonhybrid/birth_health/annual/immunization/imun_triplice_viral_d1_pp,resources/figures/downstream_bjs_ref0_nonhybrid/birth_health/annual/imun_triplice_viral_d1_pp_bjs_ref0_nonhybrid.png,True,municipality_id,0,ok,,data/interim/downstream_bjs_ref0_nonhybrid/birth_health/annual/imun_triplice_viral_d1_pp.parquet,84777,84548,4037,4036,2792,1244,2000,2020,1534,0,1,,0.7578785054885377,4.032523700386237,4.032523700386237,8,4.635860988821025,8,fail,8,3,4.032523700386237
saeb_municipal_grade5_portuguese_saeb_mid_levels_3_5,saeb_municipal_grade5_portuguese_saeb_mid_levels_3_5,saeb_municipal_grade5_portuguese_saeb_mid_levels_3_5,Municipal Grade5 Portuguese Mid Levels 3 5,education,Education outcomes,achievement,biennial,data/clean/downstream/bdd_education_bvr_screen_panel_2000_2020.parquet,resources/did/downstream_bjs_ref0_nonhybrid/education/biennial/achievement/saeb_municipal_grade5_portuguese_saeb_mid_levels_3_5,resources/figures/downstream_bjs_ref0_nonhybrid/education/biennial/saeb_municipal_grade5_portuguese_saeb_mid_levels_3_5_bjs_ref0_nonhybrid.png,True,municipality_id,0,ok,,data/interim/downstream_bjs_ref0_nonhybrid/education/biennial/saeb_municipal_grade5_portuguese_saeb_mid_levels_3_5.parquet,80740,18635,4037,3938,2721,1217,2010,2018,1534,0,2,"Biennial assessment years use analysis period = assessment year - 1, so the first post-BVR assessment is event time 0 and adjacent waves are two-year steps.",1.7309331887276191,3.9751225543077537,3.9751225543077537,3,7.540229847914627,3,fail,3,3,3.9751225543077537
saeb_public_estadual_municipal_grade5_math_saeb_low_levels_0_2,saeb_public_estadual_municipal_grade5_math_saeb_low_levels_0_2,saeb_public_estadual_municipal_grade5_math_saeb_low_levels_0_2,Public Estadual Municipal Grade5 Math Low Levels 0 2,education,Education outcomes,achievement,biennial,data/clean/downstream/bdd_education_bvr_screen_panel_2000_2020.parquet,resources/did/downstream_bjs_ref0_nonhybrid/education/biennial/achievement/saeb_public_estadual_municipal_grade5_math_saeb_low_levels_0_2,resources/figures/downstream_bjs_ref0_nonhybrid/education/biennial/saeb_public_estadual_municipal_grade5_math_saeb_low_levels_0_2_bjs_ref0_nonhybrid.png,True,municipality_id,0,ok,,data/interim/downstream_bjs_ref0_nonhybrid/education/biennial/saeb_public_estadual_municipal_grade5_math_saeb_low_levels_0_2.parquet,80740,19431,4037,4028,2784,1244,2010,2018,1534,0,2,"Biennial assessment years use analysis period = assessment year - 1, so the first post-BVR assessment is event time 0 and adjacent waves are two-year steps.",-1.2494785279579703,-3.8493830420826582,3.8493830420826582,3,4.8412397547716814,2,fail,3,3,3.8493830420826582
saeb_municipal_grade5_math_saeb_low_levels_0_2,saeb_municipal_grade5_math_saeb_low_levels_0_2,saeb_municipal_grade5_math_saeb_low_levels_0_2,Municipal Grade5 Math Low Levels 0 2,education,Education outcomes,achievement,biennial,data/clean/downstream/bdd_education_bvr_screen_panel_2000_2020.parquet,resources/did/downstream_bjs_ref0_nonhybrid/education/biennial/achievement/saeb_municipal_grade5_math_saeb_low_levels_0_2,resources/figures/downstream_bjs_ref0_nonhybrid/education/biennial/saeb_municipal_grade5_math_saeb_low_levels_0_2_bjs_ref0_nonhybrid.png,True,municipality_id,0,ok,,data/interim/downstream_bjs_ref0_nonhybrid/education/biennial/saeb_municipal_grade5_math_saeb_low_levels_0_2.parquet,80740,18635,4037,3938,2721,1217,2010,2018,1534,0,2,"Biennial assessment years use analysis period = assessment year - 1, so the first post-BVR assessment is event time 0 and adjacent waves are two-year steps.",-1.58085552068029,-3.792097634405454,3.792097634405454,3,5.001647495023086,2,fail,3,3,3.792097634405454
saeb_public_estadual_municipal_grade5_portuguese_saeb_mid_levels_3_5,saeb_public_estadual_municipal_grade5_portuguese_saeb_mid_levels_3_5,saeb_public_estadual_municipal_grade5_portuguese_saeb_mid_levels_3_5,Public Estadual Municipal Grade5 Portuguese Mid Levels 3 5,education,Education outcomes,achievement,biennial,data/clean/downstream/bdd_education_bvr_screen_panel_2000_2020.parquet,resources/did/downstream_bjs_ref0_nonhybrid/education/biennial/achievement/saeb_public_estadual_municipal_grade5_portuguese_saeb_mid_levels_3_5,resources/figures/downstream_bjs_ref0_nonhybrid/education/biennial/saeb_public_estadual_municipal_grade5_portuguese_saeb_mid_levels_3_5_bjs_ref0_nonhybrid.png,True,municipality_id,0,ok,,data/interim/downstream_bjs_ref0_nonhybrid/education/biennial/saeb_public_estadual_municipal_grade5_portuguese_saeb_mid_levels_3_5.parquet,80740,19431,4037,4028,2784,1244,2010,2018,1534,0,2,"Biennial assessment years use analysis period = assessment year - 1, so the first post-BVR assessment is event time 0 and adjacent waves are two-year steps.",1.481917885508144,3.7771904221813988,3.7771904221813988,3,7.47958497676744,3,fail,3,3,3.7771904221813988
saeb_municipal_grade9_math_media,saeb_municipal_grade9_math_media,saeb_municipal_grade9_math_media,Municipal Grade9 Math Media,education,Education outcomes,achievement,biennial,data/clean/downstream/bdd_education_bvr_screen_panel_2000_2020.parquet,resources/did/downstream_bjs_ref0_nonhybrid/education/biennial/achievement/saeb_municipal_grade9_math_media,resources/figures/downstream_bjs_ref0_nonhybrid/education/biennial/saeb_municipal_grade9_math_media_bjs_ref0_nonhybrid.png,True,municipality_id,0,ok,,data/interim/downstream_bjs_ref0_nonhybrid/education/biennial/saeb_municipal_grade9_math_media.parquet,80740,12128,4037,2762,2037,725,2010,2018,1534,0,2,"Biennial assessment years use analysis period = assessment year - 1, so the first post-BVR assessment is event time 0 and adjacent waves are two-year steps.",1.7257839286630765,3.4674766162408273,3.4674766162408273,3,4.335855282152981,2,fail,3,3,3.4674766162408273
saeb_municipal_grade9_portuguese_media,saeb_municipal_grade9_portuguese_media,saeb_municipal_grade9_portuguese_media,Municipal Grade9 Portuguese Media,education,Education outcomes,achievement,biennial,data/clean/downstream/bdd_education_bvr_screen_panel_2000_2020.parquet,resources/did/downstream_bjs_ref0_nonhybrid/education/biennial/achievement/saeb_municipal_grade9_portuguese_media,resources/figures/downstream_bjs_ref0_nonhybrid/education/biennial/saeb_municipal_grade9_portuguese_media_bjs_ref0_nonhybrid.png,True,municipality_id,0,ok,,data/interim/downstream_bjs_ref0_nonhybrid/education/biennial/saeb_municipal_grade9_portuguese_media.parquet,80740,12128,4037,2762,2037,725,2010,2018,1534,0,2,"Biennial assessment years use analysis period = assessment year - 1, so the first post-BVR assessment is event time 0 and adjacent waves are two-year steps.",2.0328029227007884,3.2984114887051823,3.2984114887051823,3,5.570864990484997,3,fail,3,3,3.2984114887051823
ieps_prenatal_7plus_pp,ieps_prenatal_7plus_pp,ieps_prenatal_7plus_pp,IEPS 7+ prenatal visits share,birth_health,Birth and health outcomes,ieps,annual,data/clean/downstream/bdd_health_bvr_screen_panel_2000_2020.parquet,resources/did/downstream_bjs_ref0_nonhybrid/birth_health/annual/ieps/ieps_prenatal_7plus_pp,resources/figures/downstream_bjs_ref0_nonhybrid/birth_health/annual/ieps_prenatal_7plus_pp_bjs_ref0_nonhybrid.png,True,municipality_id,0,ok,,data/interim/downstream_bjs_ref0_nonhybrid/birth_health/annual/ieps_prenatal_7plus_pp.parquet,84777,44384,4037,4036,2792,1244,2010,2020,1534,0,1,,1.4827396337303478,2.9735511308933416,2.9735511308933416,7,8.539058546179215,6,fail,8,3,2.9735511308933416
saeb_municipal_grade9_portuguese_saeb_mid_levels_3_5,saeb_municipal_grade9_portuguese_saeb_mid_levels_3_5,saeb_municipal_grade9_portuguese_saeb_mid_levels_3_5,Municipal Grade9 Portuguese Mid Levels 3 5,education,Education outcomes,achievement,biennial,data/clean/downstream/bdd_education_bvr_screen_panel_2000_2020.parquet,resources/did/downstream_bjs_ref0_nonhybrid/education/biennial/achievement/saeb_municipal_grade9_portuguese_saeb_mid_levels_3_5,resources/figures/downstream_bjs_ref0_nonhybrid/education/biennial/saeb_municipal_grade9_portuguese_saeb_mid_levels_3_5_bjs_ref0_nonhybrid.png,True,municipality_id,0,ok,,data/interim/downstream_bjs_ref0_nonhybrid/education/biennial/saeb_municipal_grade9_portuguese_saeb_mid_levels_3_5.parquet,80740,12128,4037,2762,2037,725,2010,2018,1534,0,2,"Biennial assessment years use analysis period = assessment year - 1, so the first post-BVR assessment is event time 0 and adjacent waves are two-year steps.",1.555564936382691,2.8782381103998236,2.8782381103998236,3,6.1311904233093575,3,fail,3,3,2.8782381103998236
saeb_municipal_grade9_math_saeb_low_levels_0_2,saeb_municipal_grade9_math_saeb_low_levels_0_2,saeb_municipal_grade9_math_saeb_low_levels_0_2,Municipal Grade9 Math Low Levels 0 2,education,Education outcomes,achievement,biennial,data/clean/downstream/bdd_education_bvr_screen_panel_2000_2020.parquet,resources/did/downstream_bjs_ref0_nonhybrid/education/biennial/achievement/saeb_municipal_grade9_math_saeb_low_levels_0_2,resources/figures/downstream_bjs_ref0_nonhybrid/education/biennial/saeb_municipal_grade9_math_saeb_low_levels_0_2_bjs_ref0_nonhybrid.png,True,municipality_id,0,ok,,data/interim/downstream_bjs_ref0_nonhybrid/education/biennial/saeb_municipal_grade9_math_saeb_low_levels_0_2.parquet,80740,12128,4037,2762,2037,725,2010,2018,1534,0,2,"Biennial assessment years use analysis period = assessment year - 1, so the first post-BVR assessment is event time 0 and adjacent waves are two-year steps.",-1.7574940559654604,-2.558298871060153,2.558298871060153,3,4.765501627953235,2,fail,3,3,2.558298871060153
saeb_municipal_grade9_math_saeb_mid_levels_3_5,saeb_municipal_grade9_math_saeb_mid_levels_3_5,saeb_municipal_grade9_math_saeb_mid_levels_3_5,Municipal Grade9 Math Mid Levels 3 5,education,Education outcomes,achievement,biennial,data/clean/downstream/bdd_education_bvr_screen_panel_2000_2020.parquet,resources/did/downstream_bjs_ref0_nonhybrid/education/biennial/achievement/saeb_municipal_grade9_math_saeb_mid_levels_3_5,resources/figures/downstream_bjs_ref0_nonhybrid/education/biennial/saeb_municipal_grade9_math_saeb_mid_levels_3_5_bjs_ref0_nonhybrid.png,True,municipality_id,0,ok,,data/interim/downstream_bjs_ref0_nonhybrid/education/biennial/saeb_municipal_grade9_math_saeb_mid_levels_3_5.parquet,80740,12128,4037,2762,2037,725,2010,2018,1534,0,2,"Biennial assessment years use analysis period = assessment year - 1, so the first post-BVR assessment is event time 0 and adjacent waves are two-year steps.",1.77828823841503,2.5539909780577363,2.5539909780577363,3,5.734550054079149,2,fail,3,3,2.5539909780577363
inep_ind_publica_dsu_em,inep_ind_publica_dsu_em,inep_ind_publica_dsu_em,Publica Dsu Em,education,Education outcomes,teacher_profile,annual,data/clean/downstream/bdd_education_bvr_screen_panel_2000_2020.parquet,resources/did/downstream_bjs_ref0_nonhybrid/education/annual/teacher_profile/inep_ind_publica_dsu_em,resources/figures/downstream_bjs_ref0_nonhybrid/education/annual/inep_ind_publica_dsu_em_bjs_ref0_nonhybrid.png,True,municipality_id,0,ok,,data/interim/downstream_bjs_ref0_nonhybrid/education/annual/inep_ind_publica_dsu_em.parquet,84777,40267,4037,4028,2784,1244,2011,2020,1534,0,1,,0.3626550810768036,2.5460108429202135,2.5460108429202135,6,7.581995627293063,5,fail,8,3,2.5460108429202135
saeb_municipal_grade9_portuguese_saeb_low_levels_0_2,saeb_municipal_grade9_portuguese_saeb_low_levels_0_2,saeb_municipal_grade9_portuguese_saeb_low_levels_0_2,Municipal Grade9 Portuguese Low Levels 0 2,education,Education outcomes,achievement,biennial,data/clean/downstream/bdd_education_bvr_screen_panel_2000_2020.parquet,resources/did/downstream_bjs_ref0_nonhybrid/education/biennial/achievement/saeb_municipal_grade9_portuguese_saeb_low_levels_0_2,resources/figures/downstream_bjs_ref0_nonhybrid/education/biennial/saeb_municipal_grade9_portuguese_saeb_low_levels_0_2_bjs_ref0_nonhybrid.png,True,municipality_id,0,ok,,data/interim/downstream_bjs_ref0_nonhybrid/education/biennial/saeb_municipal_grade9_portuguese_saeb_low_levels_0_2.parquet,80740,12128,4037,2762,2037,725,2010,2018,1534,0,2,"Biennial assessment years use analysis period = assessment year - 1, so the first post-BVR assessment is event time 0 and adjacent waves are two-year steps.",-1.7244699364144425,-2.4915443193195403,2.4915443193195403,3,5.592633027341201,3,fail,3,3,2.4915443193195403
ideb_municipal_ef_initial_taxa_aprovacao,ideb_municipal_ef_initial_taxa_aprovacao,ideb_municipal_ef_initial_taxa_aprovacao,Municipal Ef Initial Taxa Aprovacao,education,Education outcomes,achievement,biennial,data/clean/downstream/bdd_education_bvr_screen_panel_2000_2020.parquet,resources/did/downstream_bjs_ref0_nonhybrid/education/biennial/achievement/ideb_municipal_ef_initial_taxa_aprovacao,resources/figures/downstream_bjs_ref0_nonhybrid/education/biennial/ideb_municipal_ef_initial_taxa_aprovacao_bjs_ref0_nonhybrid.png,True,municipality_id,0,ok,,data/interim/downstream_bjs_ref0_nonhybrid/education/biennial/ideb_municipal_ef_initial_taxa_aprovacao.parquet,80740,29175,4037,3913,2699,1214,2004,2018,1534,0,2,"Biennial assessment years use analysis period = assessment year - 1, so the first post-BVR assessment is event time 0 and adjacent waves are two-year steps.",0.9383170389322554,2.306707839388624,2.306707839388624,4,7.077815434717292,3,fail,4,3,2.306707839388624
ideb_publica_ef_initial_taxa_aprovacao,ideb_publica_ef_initial_taxa_aprovacao,ideb_publica_ef_initial_taxa_aprovacao,Publica Ef Initial Taxa Aprovacao,education,Education outcomes,achievement,biennial,data/clean/downstream/bdd_education_bvr_screen_panel_2000_2020.parquet,resources/did/downstream_bjs_ref0_nonhybrid/education/biennial/achievement/ideb_publica_ef_initial_taxa_aprovacao,resources/figures/downstream_bjs_ref0_nonhybrid/education/biennial/ideb_publica_ef_initial_taxa_aprovacao_bjs_ref0_nonhybrid.png,True,municipality_id,0,ok,,data/interim/downstream_bjs_ref0_nonhybrid/education/biennial/ideb_publica_ef_initial_taxa_aprovacao.parquet,80740,27433,4037,4030,2786,1244,2004,2018,1534,0,2,"Biennial assessment years use analysis period = assessment year - 1, so the first post-BVR assessment is event time 0 and adjacent waves are two-year steps.",1.081599053211132,2.1352576118765754,2.1352576118765754,4,7.627200145187903,3,fail,4,3,2.1352576118765754
saeb_municipal_grade5_portuguese_saeb_low_levels_0_2,saeb_municipal_grade5_portuguese_saeb_low_levels_0_2,saeb_municipal_grade5_portuguese_saeb_low_levels_0_2,Municipal Grade5 Portuguese Low Levels 0 2,education,Education outcomes,achievement,biennial,data/clean/downstream/bdd_education_bvr_screen_panel_2000_2020.parquet,resources/did/downstream_bjs_ref0_nonhybrid/education/biennial/achievement/saeb_municipal_grade5_portuguese_saeb_low_levels_0_2,resources/figures/downstream_bjs_ref0_nonhybrid/education/biennial/saeb_municipal_grade5_portuguese_saeb_low_levels_0_2_bjs_ref0_nonhybrid.png,True,municipality_id,0,ok,,data/interim/downstream_bjs_ref0_nonhybrid/education/biennial/saeb_municipal_grade5_portuguese_saeb_low_levels_0_2.parquet,80740,18635,4037,3938,2721,1217,2010,2018,1534,0,2,"Biennial assessment years use analysis period = assessment year - 1, so the first post-BVR assessment is event time 0 and adjacent waves are two-year steps.",-1.4007115062075834,-1.9913258072891897,1.9913258072891897,3,2.834653620594671,1,fail,3,3,1.9913258072891897
saeb_public_estadual_municipal_grade9_portuguese_media,saeb_public_estadual_municipal_grade9_portuguese_media,saeb_public_estadual_municipal_grade9_portuguese_media,Public Estadual Municipal Grade9 Portuguese Media,education,Education outcomes,achievement,biennial,data/clean/downstream/bdd_education_bvr_screen_panel_2000_2020.parquet,resources/did/downstream_bjs_ref0_nonhybrid/education/biennial/achievement/saeb_public_estadual_municipal_grade9_portuguese_media,resources/figures/downstream_bjs_ref0_nonhybrid/education/biennial/saeb_public_estadual_municipal_grade9_portuguese_media_bjs_ref0_nonhybrid.png,True,municipality_id,0,ok,,data/interim/downstream_bjs_ref0_nonhybrid/education/biennial/saeb_public_estadual_municipal_grade9_portuguese_media.parquet,80740,19482,4037,4032,2788,1244,2010,2018,1534,0,2,"Biennial assessment years use analysis period = assessment year - 1, so the first post-BVR assessment is event time 0 and adjacent waves are two-year steps.",1.6862736286067506,1.9281146848628599,1.9281146848628599,3,7.704561118597375,3,fail,3,3,1.9281146848628599
sinasc_all_prenatal_7plus_share_known_pp,sinasc_all_prenatal_7plus_share_known_pp,sinasc_all_prenatal_7plus_share_known_pp,7+ prenatal visits share: All mothers,birth_health,Birth and health outcomes,sinasc_all,annual,data/clean/downstream/bdd_health_bvr_screen_panel_2000_2020.parquet,resources/did/downstream_bjs_ref0_nonhybrid/birth_health/annual/sinasc_all/sinasc_all_prenatal_7plus_share_known_pp,resources/figures/downstream_bjs_ref0_nonhybrid/birth_health/annual/sinasc_all_prenatal_7plus_share_known_pp_bjs_ref0_nonhybrid.png,True,municipality_id,0,ok,SINASC outcomes inside the BDD health screen.,data/interim/downstream_bjs_ref0_nonhybrid/birth_health/annual/sinasc_all_prenatal_7plus_share_known_pp.parquet,84777,84607,4037,4036,2792,1244,2000,2020,1534,0,1,,2.7172346129066742,1.9165552839782098,1.9165552839782098,8,8.053071863359921,8,fail,8,3,1.9165552839782098
sinasc_lowedu_teen_mother_share_known_pp,sinasc_lowedu_teen_mother_share_known_pp,sinasc_lowedu_teen_mother_share_known_pp,Teen mother share: Low education proxy,birth_health,Birth and health outcomes,sinasc_lowedu,annual,data/clean/downstream/bdd_health_bvr_screen_panel_2000_2020.parquet,resources/did/downstream_bjs_ref0_nonhybrid/birth_health/annual/sinasc_lowedu/sinasc_lowedu_teen_mother_share_known_pp,resources/figures/downstream_bjs_ref0_nonhybrid/birth_health/annual/sinasc_lowedu_teen_mother_share_known_pp_bjs_ref0_nonhybrid.png,True,municipality_id,0,ok,SINASC outcomes inside the BDD health screen.,data/interim/downstream_bjs_ref0_nonhybrid/birth_health/annual/sinasc_lowedu_teen_mother_share_known_pp.parquet,84777,84312,4037,4036,2792,1244,2000,2020,1534,0,1,,0.1639691718920153,1.8393900694263654,1.8393900694263654,8,2.964273254871894,3,fail,8,3,1.8393900694263654
sinasc_lowedu_prenatal_7plus_share_known_pp,sinasc_lowedu_prenatal_7plus_share_known_pp,sinasc_lowedu_prenatal_7plus_share_known_pp,7+ prenatal visits share: Low education proxy,birth_health,Birth and health outcomes,sinasc_lowedu,annual,data/clean/downstream/bdd_health_bvr_screen_panel_2000_2020.parquet,resources/did/downstream_bjs_ref0_nonhybrid/birth_health/annual/sinasc_lowedu/sinasc_lowedu_prenatal_7plus_share_known_pp,resources/figures/downstream_bjs_ref0_nonhybrid/birth_health/annual/sinasc_lowedu_prenatal_7plus_share_known_pp_bjs_ref0_nonhybrid.png,True,municipality_id,0,ok,SINASC outcomes inside the BDD health screen.,data/interim/downstream_bjs_ref0_nonhybrid/birth_health/annual/sinasc_lowedu_prenatal_7plus_share_known_pp.parquet,84777,84310,4037,4036,2792,1244,2000,2020,1534,0,1,,2.6039961799047737,1.8376488320920117,1.8376488320920117,8,6.6034165134988365,8,fail,8,3,1.8376488320920117
inep_ind_publica_dsu_ef,inep_ind_publica_dsu_ef,inep_ind_publica_dsu_ef,Publica Dsu Ef,education,Education outcomes,teacher_profile,annual,data/clean/downstream/bdd_education_bvr_screen_panel_2000_2020.parquet,resources/did/downstream_bjs_ref0_nonhybrid/education/annual/teacher_profile/inep_ind_publica_dsu_ef,resources/figures/downstream_bjs_ref0_nonhybrid/education/annual/inep_ind_publica_dsu_ef_bjs_ref0_nonhybrid.png,True,municipality_id,0,ok,,data/interim/downstream_bjs_ref0_nonhybrid/education/annual/inep_ind_publica_dsu_ef.parquet,84777,40352,4037,4036,2792,1244,2011,2020,1534,0,1,,0.6937696181035425,1.810828958915729,1.810828958915729,6,6.636597386619178,5,fail,8,3,1.810828958915729
saeb_public_estadual_municipal_grade9_portuguese_saeb_mid_levels_3_5,saeb_public_estadual_municipal_grade9_portuguese_saeb_mid_levels_3_5,saeb_public_estadual_municipal_grade9_portuguese_saeb_mid_levels_3_5,Public Estadual Municipal Grade9 Portuguese Mid Levels 3 5,education,Education outcomes,achievement,biennial,data/clean/downstream/bdd_education_bvr_screen_panel_2000_2020.parquet,resources/did/downstream_bjs_ref0_nonhybrid/education/biennial/achievement/saeb_public_estadual_municipal_grade9_portuguese_saeb_mid_levels_3_5,resources/figures/downstream_bjs_ref0_nonhybrid/education/biennial/saeb_public_estadual_municipal_grade9_portuguese_saeb_mid_levels_3_5_bjs_ref0_nonhybrid.png,True,municipality_id,0,ok,,data/interim/downstream_bjs_ref0_nonhybrid/education/biennial/saeb_public_estadual_municipal_grade9_portuguese_saeb_mid_levels_3_5.parquet,80740,19482,4037,4032,2788,1244,2010,2018,1534,0,2,"Biennial assessment years use analysis period = assessment year - 1, so the first post-BVR assessment is event time 0 and adjacent waves are two-year steps.",1.3323189777584168,1.7629689036760485,1.7629689036760485,3,9.652920847076382,3,fail,3,3,1.7629689036760485
saeb_public_estadual_municipal_grade9_math_saeb_mid_levels_3_5,saeb_public_estadual_municipal_grade9_math_saeb_mid_levels_3_5,saeb_public_estadual_municipal_grade9_math_saeb_mid_levels_3_5,Public Estadual Municipal Grade9 Math Mid Levels 3 5,education,Education outcomes,achievement,biennial,data/clean/downstream/bdd_education_bvr_screen_panel_2000_2020.parquet,resources/did/downstream_bjs_ref0_nonhybrid/education/biennial/achievement/saeb_public_estadual_municipal_grade9_math_saeb_mid_levels_3_5,resources/figures/downstream_bjs_ref0_nonhybrid/education/biennial/saeb_public_estadual_municipal_grade9_math_saeb_mid_levels_3_5_bjs_ref0_nonhybrid.png,True,municipality_id,0,ok,,data/interim/downstream_bjs_ref0_nonhybrid/education/biennial/saeb_public_estadual_municipal_grade9_math_saeb_mid_levels_3_5.parquet,80740,19482,4037,4032,2788,1244,2010,2018,1534,0,2,"Biennial assessment years use analysis period = assessment year - 1, so the first post-BVR assessment is event time 0 and adjacent waves are two-year steps.",1.5494884787843155,1.7524972695885552,1.7524972695885552,3,6.06753002323792,2,fail,3,3,1.7524972695885552
saeb_public_estadual_municipal_grade9_math_media,saeb_public_estadual_municipal_grade9_math_media,saeb_public_estadual_municipal_grade9_math_media,Public Estadual Municipal Grade9 Math Media,education,Education outcomes,achievement,biennial,data/clean/downstream/bdd_education_bvr_screen_panel_2000_2020.parquet,resources/did/downstream_bjs_ref0_nonhybrid/education/biennial/achievement/saeb_public_estadual_municipal_grade9_math_media,resources/figures/downstream_bjs_ref0_nonhybrid/education/biennial/saeb_public_estadual_municipal_grade9_math_media_bjs_ref0_nonhybrid.png,True,municipality_id,0,ok,,data/interim/downstream_bjs_ref0_nonhybrid/education/biennial/saeb_public_estadual_municipal_grade9_math_media.parquet,80740,19482,4037,4032,2788,1244,2010,2018,1534,0,2,"Biennial assessment years use analysis period = assessment year - 1, so the first post-BVR assessment is event time 0 and adjacent waves are two-year steps.",1.339924463468755,1.7478025221570832,1.7478025221570832,3,6.086034670403183,2,fail,3,3,1.7478025221570832
inep_ind_publica_taxa_abandono_em,inep_ind_publica_taxa_abandono_em,inep_ind_publica_taxa_abandono_em,Publica Taxa Abandono Em,education,Education outcomes,dropout_flow,annual,data/clean/downstream/bdd_education_bvr_screen_panel_2000_2020.parquet,resources/did/downstream_bjs_ref0_nonhybrid/education/annual/dropout_flow/inep_ind_publica_taxa_abandono_em,resources/figures/downstream_bjs_ref0_nonhybrid/education/annual/inep_ind_publica_taxa_abandono_em_bjs_ref0_nonhybrid.png,True,municipality_id,0,ok,,data/interim/downstream_bjs_ref0_nonhybrid/education/annual/inep_ind_publica_taxa_abandono_em.parquet,84777,52275,4037,4030,2786,1244,2007,2019,1534,0,1,,-0.7008225584629724,-1.7385097358367743,1.7385097358367743,8,6.424053161921897,6,fail,8,3,1.7385097358367743
ab_esf_coverage_pp,ab_esf_coverage_pp,ab_esf_coverage_pp,Family Health Strategy coverage,birth_health,Birth and health outcomes,primary_care,annual,data/clean/downstream/bdd_health_bvr_screen_panel_2000_2020.parquet,resources/did/downstream_bjs_ref0_nonhybrid/birth_health/annual/primary_care/ab_esf_coverage_pp,resources/figures/downstream_bjs_ref0_nonhybrid/birth_health/annual/ab_esf_coverage_pp_bjs_ref0_nonhybrid.png,True,municipality_id,0,ok,,data/interim/downstream_bjs_ref0_nonhybrid/birth_health/annual/ab_esf_coverage_pp.parquet,84777,56475,4037,4036,2792,1244,2007,2020,1534,0,1,,-2.6778198635318966,-1.7330066203305419,1.7330066203305419,8,6.090429158868608,8,fail,8,3,1.7330066203305419
inep_ind_publica_taxa_aprovacao_ef_anos_finais,inep_ind_publica_taxa_aprovacao_ef_anos_finais,inep_ind_publica_taxa_aprovacao_ef_anos_finais,Publica Taxa Aprovacao Ef Anos Finais,education,Education outcomes,dropout_flow,annual,data/clean/downstream/bdd_education_bvr_screen_panel_2000_2020.parquet,resources/did/downstream_bjs_ref0_nonhybrid/education/annual/dropout_flow/inep_ind_publica_taxa_aprovacao_ef_anos_finais,resources/figures/downstream_bjs_ref0_nonhybrid/education/annual/inep_ind_publica_taxa_aprovacao_ef_anos_finais_bjs_ref0_nonhybrid.png,True,municipality_id,0,ok,,data/interim/downstream_bjs_ref0_nonhybrid/education/annual/inep_ind_publica_taxa_aprovacao_ef_anos_finais.parquet,84777,52439,4037,4036,2792,1244,2007,2019,1534,0,1,,0.2974035717260114,1.7038573693874315,1.7038573693874315,8,3.177466405862857,4,fail,8,3,1.7038573693874315
ideb_municipal_ef_initial_nota_saeb_lingua_portuguesa,ideb_municipal_ef_initial_nota_saeb_lingua_portuguesa,ideb_municipal_ef_initial_nota_saeb_lingua_portuguesa,Municipal Ef Initial Nota Lingua Portuguesa,education,Education outcomes,achievement,biennial,data/clean/downstream/bdd_education_bvr_screen_panel_2000_2020.parquet,resources/did/downstream_bjs_ref0_nonhybrid/education/biennial/achievement/ideb_municipal_ef_initial_nota_saeb_lingua_portuguesa,resources/figures/downstream_bjs_ref0_nonhybrid/education/biennial/ideb_municipal_ef_initial_nota_saeb_lingua_portuguesa_bjs_ref0_nonhybrid.png,True,municipality_id,0,ok,,data/interim/downstream_bjs_ref0_nonhybrid/education/biennial/ideb_municipal_ef_initial_nota_saeb_lingua_portuguesa.parquet,80740,28727,4037,3910,2697,1213,2004,2018,1534,0,2,"Biennial assessment years use analysis period = assessment year - 1, so the first post-BVR assessment is event time 0 and adjacent waves are two-year steps.",1.172881327395774,-1.6589415441340343,1.6589415441340343,4,5.330959335420168,4,fail,4,3,1.6589415441340343
inep_ind_municipal_taxa_aprovacao_ef,inep_ind_municipal_taxa_aprovacao_ef,inep_ind_municipal_taxa_aprovacao_ef,Municipal Taxa Aprovacao Ef,education,Education outcomes,dropout_flow,annual,data/clean/downstream/bdd_education_bvr_screen_panel_2000_2020.parquet,resources/did/downstream_bjs_ref0_nonhybrid/education/annual/dropout_flow/inep_ind_municipal_taxa_aprovacao_ef,resources/figures/downstream_bjs_ref0_nonhybrid/education/annual/inep_ind_municipal_taxa_aprovacao_ef_bjs_ref0_nonhybrid.png,True,municipality_id,0,ok,,data/interim/downstream_bjs_ref0_nonhybrid/education/annual/inep_ind_municipal_taxa_aprovacao_ef.parquet,84777,52118,4037,4026,2784,1242,2007,2019,1534,0,1,,0.0768769561290148,1.6145933758955535,1.6145933758955535,8,2.7969661832443413,1,fail,8,3,1.6145933758955535
ab_total_coverage_pp,ab_total_coverage_pp,ab_total_coverage_pp,Total primary-care coverage,birth_health,Birth and health outcomes,primary_care,annual,data/clean/downstream/bdd_health_bvr_screen_panel_2000_2020.parquet,resources/did/downstream_bjs_ref0_nonhybrid/birth_health/annual/primary_care/ab_total_coverage_pp,resources/figures/downstream_bjs_ref0_nonhybrid/birth_health/annual/ab_total_coverage_pp_bjs_ref0_nonhybrid.png,True,municipality_id,0,ok,,data/interim/downstream_bjs_ref0_nonhybrid/birth_health/annual/ab_total_coverage_pp.parquet,84777,56475,4037,4036,2792,1244,2007,2020,1534,0,1,,-2.3430961852905385,-1.5818529579324045,1.5818529579324045,8,5.860651691586139,8,fail,8,3,1.5818529579324045
inep_ind_publica_dsu_ef_anos_finais,inep_ind_publica_dsu_ef_anos_finais,inep_ind_publica_dsu_ef_anos_finais,Publica Dsu Ef Anos Finais,education,Education outcomes,teacher_profile,annual,data/clean/downstream/bdd_education_bvr_screen_panel_2000_2020.parquet,resources/did/downstream_bjs_ref0_nonhybrid/education/annual/teacher_profile/inep_ind_publica_dsu_ef_anos_finais,resources/figures/downstream_bjs_ref0_nonhybrid/education/annual/inep_ind_publica_dsu_ef_anos_finais_bjs_ref0_nonhybrid.png,True,municipality_id,0,ok,,data/interim/downstream_bjs_ref0_nonhybrid/education/annual/inep_ind_publica_dsu_ef_anos_finais.parquet,84777,40352,4037,4036,2792,1244,2011,2020,1534,0,1,,0.5346519522766363,1.5599007979550212,1.5599007979550212,6,6.073981241785924,5,fail,8,3,1.5599007979550212
inep_ind_publica_taxa_aprovacao_ef,inep_ind_publica_taxa_aprovacao_ef,inep_ind_publica_taxa_aprovacao_ef,Publica Taxa Aprovacao Ef,education,Education outcomes,dropout_flow,annual,data/clean/downstream/bdd_education_bvr_screen_panel_2000_2020.parquet,resources/did/downstream_bjs_ref0_nonhybrid/education/annual/dropout_flow/inep_ind_publica_taxa_aprovacao_ef,resources/figures/downstream_bjs_ref0_nonhybrid/education/annual/inep_ind_publica_taxa_aprovacao_ef_bjs_ref0_nonhybrid.png,True,municipality_id,0,ok,,data/interim/downstream_bjs_ref0_nonhybrid/education/annual/inep_ind_publica_taxa_aprovacao_ef.parquet,84777,52440,4037,4036,2792,1244,2007,2019,1534,0,1,,0.2303387846886634,1.5381084021989055,1.5381084021989055,8,4.56239054773827,4,fail,8,3,1.5381084021989055
sinasc_highedu_teen_mother_share_known_pp,sinasc_highedu_teen_mother_share_known_pp,sinasc_highedu_teen_mother_share_known_pp,Teen mother share: High education proxy,birth_health,Birth and health outcomes,sinasc_highedu,annual,data/clean/downstream/bdd_health_bvr_screen_panel_2000_2020.parquet,resources/did/downstream_bjs_ref0_nonhybrid/birth_health/annual/sinasc_highedu/sinasc_highedu_teen_mother_share_known_pp,resources/figures/downstream_bjs_ref0_nonhybrid/birth_health/annual/sinasc_highedu_teen_mother_share_known_pp_bjs_ref0_nonhybrid.png,True,municipality_id,0,ok,SINASC outcomes inside the BDD health screen.,data/interim/downstream_bjs_ref0_nonhybrid/birth_health/annual/sinasc_highedu_teen_mother_share_known_pp.parquet,84777,84584,4037,4036,2792,1244,2000,2020,1534,0,1,,0.2568269145447699,1.5270306656219945,1.5270306656219945,8,4.246979012497415,5,fail,8,3,1.5270306656219945
public_eja_enrollment_per_1000,enrollment_public_eja_total_per_1000,enrollment_public_eja_total_per_1000,"EJA enrollment per 1,000 residents, public schools",adult_eja,Adult education / EJA outcomes,adult_enrollment,annual,data/clean/downstream/bdd_adult_education_bvr_panel_2000_2020.parquet,resources/did/downstream_bjs_ref0_nonhybrid/adult_eja/annual/adult_enrollment/public_eja_enrollment_per_1000,resources/figures/downstream_bjs_ref0_nonhybrid/adult_eja/annual/public_eja_enrollment_per_1000_bjs_ref0_nonhybrid.png,True,municipality_id,0,ok,,data/interim/downstream_bjs_ref0_nonhybrid/adult_eja/annual/public_eja_enrollment_per_1000.parquet,84777,56482,4037,4036,2792,1244,2007,2020,1534,0,1,,3.794701361320673,-1.444472147659154,1.444472147659154,8,10.50983968375778,8,fail,8,3,1.444472147659154
imun_rotavirus_pp,imun_rotavirus_pp,imun_rotavirus_pp,Rotavirus coverage,birth_health,Birth and health outcomes,immunization,annual,data/clean/downstream/bdd_health_bvr_screen_panel_2000_2020.parquet,resources/did/downstream_bjs_ref0_nonhybrid/birth_health/annual/immunization/imun_rotavirus_pp,resources/figures/downstream_bjs_ref0_nonhybrid/birth_health/annual/imun_rotavirus_pp_bjs_ref0_nonhybrid.png,True,municipality_id,0,ok,,data/interim/downstream_bjs_ref0_nonhybrid/birth_health/annual/imun_rotavirus_pp.parquet,84777,60495,4037,4036,2792,1244,2006,2020,1534,0,1,,1.4673840527717734,1.3917373843844265,1.3917373843844265,8,2.626739012555449,2,fail,8,3,1.3917373843844265
saeb_public_estadual_municipal_grade9_math_saeb_low_levels_0_2,saeb_public_estadual_municipal_grade9_math_saeb_low_levels_0_2,saeb_public_estadual_municipal_grade9_math_saeb_low_levels_0_2,Public Estadual Municipal Grade9 Math Low Levels 0 2,education,Education outcomes,achievement,biennial,data/clean/downstream/bdd_education_bvr_screen_panel_2000_2020.parquet,resources/did/downstream_bjs_ref0_nonhybrid/education/biennial/achievement/saeb_public_estadual_municipal_grade9_math_saeb_low_levels_0_2,resources/figures/downstream_bjs_ref0_nonhybrid/education/biennial/saeb_public_estadual_municipal_grade9_math_saeb_low_levels_0_2_bjs_ref0_nonhybrid.png,True,municipality_id,0,ok,,data/interim/downstream_bjs_ref0_nonhybrid/education/biennial/saeb_public_estadual_municipal_grade9_math_saeb_low_levels_0_2.parquet,80740,19482,4037,4032,2788,1244,2010,2018,1534,0,2,"Biennial assessment years use analysis period = assessment year - 1, so the first post-BVR assessment is event time 0 and adjacent waves are two-year steps.",-1.483243838657918,-1.3767547317575106,1.3767547317575106,3,5.841091709707369,2,fail,3,3,1.3767547317575106
imun_pneumococica_pp,imun_pneumococica_pp,imun_pneumococica_pp,Pneumococcal coverage,birth_health,Birth and health outcomes,immunization,annual,data/clean/downstream/bdd_health_bvr_screen_panel_2000_2020.parquet,resources/did/downstream_bjs_ref0_nonhybrid/birth_health/annual/immunization/imun_pneumococica_pp,resources/figures/downstream_bjs_ref0_nonhybrid/birth_health/annual/imun_pneumococica_pp_bjs_ref0_nonhybrid.png,True,municipality_id,0,ok,,data/interim/downstream_bjs_ref0_nonhybrid/birth_health/annual/imun_pneumococica_pp.parquet,84777,44371,4037,4036,2792,1244,2010,2020,1534,0,1,,0.9513593627347,1.3662502185642893,1.3662502185642893,7,4.933315511300735,4,fail,8,3,1.3662502185642893
imun_meningococo_pp,imun_meningococo_pp,imun_meningococo_pp,Meningococcal coverage,birth_health,Birth and health outcomes,immunization,annual,data/clean/downstream/bdd_health_bvr_screen_panel_2000_2020.parquet,resources/did/downstream_bjs_ref0_nonhybrid/birth_health/annual/immunization/imun_meningococo_pp,resources/figures/downstream_bjs_ref0_nonhybrid/birth_health/annual/imun_meningococo_pp_bjs_ref0_nonhybrid.png,True,municipality_id,0,ok,,data/interim/downstream_bjs_ref0_nonhybrid/birth_health/annual/imun_meningococo_pp.parquet,84777,44371,4037,4036,2792,1244,2010,2020,1534,0,1,,2.524710991032616,1.3574657871313978,1.3574657871313978,7,5.6038606943889,2,fail,8,3,1.3574657871313978
ieps_cob_ab_pp,ieps_cob_ab_pp,ieps_cob_ab_pp,IEPS primary-care coverage,birth_health,Birth and health outcomes,ieps,annual,data/clean/downstream/bdd_health_bvr_screen_panel_2000_2020.parquet,resources/did/downstream_bjs_ref0_nonhybrid/birth_health/annual/ieps/ieps_cob_ab_pp,resources/figures/downstream_bjs_ref0_nonhybrid/birth_health/annual/ieps_cob_ab_pp_bjs_ref0_nonhybrid.png,True,municipality_id,0,ok,,data/interim/downstream_bjs_ref0_nonhybrid/birth_health/annual/ieps_cob_ab_pp.parquet,84777,44381,4037,4036,2792,1244,2010,2020,1534,0,1,,-1.3167407500861656,-1.3536914649402156,1.3536914649402156,7,5.5264166634069865,6,fail,8,3,1.3536914649402156
ieps_cob_esf_pp,ieps_cob_esf_pp,ieps_cob_esf_pp,IEPS Family Health Strategy coverage,birth_health,Birth and health outcomes,ieps,annual,data/clean/downstream/bdd_health_bvr_screen_panel_2000_2020.parquet,resources/did/downstream_bjs_ref0_nonhybrid/birth_health/annual/ieps/ieps_cob_esf_pp,resources/figures/downstream_bjs_ref0_nonhybrid/birth_health/annual/ieps_cob_esf_pp_bjs_ref0_nonhybrid.png,True,municipality_id,0,ok,,data/interim/downstream_bjs_ref0_nonhybrid/birth_health/annual/ieps_cob_esf_pp.parquet,84777,44381,4037,4036,2792,1244,2010,2020,1534,0,1,,-1.3151598467529444,-1.3169607013653035,1.3169607013653035,7,6.0175072447253175,7,fail,8,3,1.3169607013653035
saeb_public_estadual_municipal_grade9_portuguese_saeb_low_levels_0_2,saeb_public_estadual_municipal_grade9_portuguese_saeb_low_levels_0_2,saeb_public_estadual_municipal_grade9_portuguese_saeb_low_levels_0_2,Public Estadual Municipal Grade9 Portuguese Low Levels 0 2,education,Education outcomes,achievement,biennial,data/clean/downstream/bdd_education_bvr_screen_panel_2000_2020.parquet,resources/did/downstream_bjs_ref0_nonhybrid/education/biennial/achievement/saeb_public_estadual_municipal_grade9_portuguese_saeb_low_levels_0_2,resources/figures/downstream_bjs_ref0_nonhybrid/education/biennial/saeb_public_estadual_municipal_grade9_portuguese_saeb_low_levels_0_2_bjs_ref0_nonhybrid.png,True,municipality_id,0,ok,,data/interim/downstream_bjs_ref0_nonhybrid/education/biennial/saeb_public_estadual_municipal_grade9_portuguese_saeb_low_levels_0_2.parquet,80740,19482,4037,4032,2788,1244,2010,2018,1534,0,2,"Biennial assessment years use analysis period = assessment year - 1, so the first post-BVR assessment is event time 0 and adjacent waves are two-year steps.",-1.4412579909533505,-1.3146818597448533,1.3146818597448533,3,8.147075109259207,3,fail,3,3,1.3146818597448533
inep_ind_municipal_dsu_ef,inep_ind_municipal_dsu_ef,inep_ind_municipal_dsu_ef,Municipal Dsu Ef,education,Education outcomes,teacher_profile,annual,data/clean/downstream/bdd_education_bvr_screen_panel_2000_2020.parquet,resources/did/downstream_bjs_ref0_nonhybrid/education/annual/teacher_profile/inep_ind_municipal_dsu_ef,resources/figures/downstream_bjs_ref0_nonhybrid/education/annual/inep_ind_municipal_dsu_ef_bjs_ref0_nonhybrid.png,True,municipality_id,0,ok,,data/interim/downstream_bjs_ref0_nonhybrid/education/annual/inep_ind_municipal_dsu_ef.parquet,84777,40218,4037,4025,2784,1241,2011,2020,1534,0,1,,0.5999692224267908,1.2828642949542644,1.2828642949542644,6,5.059515853135351,5,fail,8,3,1.2828642949542644
ideb_municipal_ef_final_nota_saeb_lingua_portuguesa,ideb_municipal_ef_final_nota_saeb_lingua_portuguesa,ideb_municipal_ef_final_nota_saeb_lingua_portuguesa,Municipal Ef Final Nota Lingua Portuguesa,education,Education outcomes,achievement,biennial,data/clean/downstream/bdd_education_bvr_screen_panel_2000_2020.parquet,resources/did/downstream_bjs_ref0_nonhybrid/education/biennial/achievement/ideb_municipal_ef_final_nota_saeb_lingua_portuguesa,resources/figures/downstream_bjs_ref0_nonhybrid/education/biennial/ideb_municipal_ef_final_nota_saeb_lingua_portuguesa_bjs_ref0_nonhybrid.png,True,municipality_id,0,ok,,data/interim/downstream_bjs_ref0_nonhybrid/education/biennial/ideb_municipal_ef_final_nota_saeb_lingua_portuguesa.parquet,80740,17379,4037,2612,1911,701,2004,2018,1534,0,2,"Biennial assessment years use analysis period = assessment year - 1, so the first post-BVR assessment is event time 0 and adjacent waves are two-year steps.",1.9404755200822523,1.2776595399414359,1.2776595399414359,4,6.25439616326408,4,fail,4,3,1.2776595399414359
ideb_publica_ef_initial_nota_saeb_lingua_portuguesa,ideb_publica_ef_initial_nota_saeb_lingua_portuguesa,ideb_publica_ef_initial_nota_saeb_lingua_portuguesa,Publica Ef Initial Nota Lingua Portuguesa,education,Education outcomes,achievement,biennial,data/clean/downstream/bdd_education_bvr_screen_panel_2000_2020.parquet,resources/did/downstream_bjs_ref0_nonhybrid/education/biennial/achievement/ideb_publica_ef_initial_nota_saeb_lingua_portuguesa,resources/figures/downstream_bjs_ref0_nonhybrid/education/biennial/ideb_publica_ef_initial_nota_saeb_lingua_portuguesa_bjs_ref0_nonhybrid.png,True,municipality_id,0,ok,,data/interim/downstream_bjs_ref0_nonhybrid/education/biennial/ideb_publica_ef_initial_nota_saeb_lingua_portuguesa.parquet,80740,26874,4037,4021,2777,1244,2004,2018,1534,0,2,"Biennial assessment years use analysis period = assessment year - 1, so the first post-BVR assessment is event time 0 and adjacent waves are two-year steps.",1.0446704554870023,-1.2724708218237988,1.2724708218237988,4,4.819597364830528,3,fail,4,3,1.2724708218237988
inep_ind_publica_tdi_em,inep_ind_publica_tdi_em,inep_ind_publica_tdi_em,Publica Tdi Em,education,Education outcomes,dropout_flow,annual,data/clean/downstream/bdd_education_bvr_screen_panel_2000_2020.parquet,resources/did/downstream_bjs_ref0_nonhybrid/education/annual/dropout_flow/inep_ind_publica_tdi_em,resources/figures/downstream_bjs_ref0_nonhybrid/education/annual/inep_ind_publica_tdi_em_bjs_ref0_nonhybrid.png,True,municipality_id,0,ok,,data/interim/downstream_bjs_ref0_nonhybrid/education/annual/inep_ind_publica_tdi_em.parquet,84777,60264,4037,4030,2786,1244,2006,2020,1534,0,1,,-0.2905685382333949,-1.2511363421968096,1.2511363421968096,8,10.077731589036938,8,fail,8,3,1.2511363421968096
sinasc_lowedu_prenatal_1to3_share_known_pp,sinasc_lowedu_prenatal_1to3_share_known_pp,sinasc_lowedu_prenatal_1to3_share_known_pp,1-3 prenatal visits share: Low education proxy,birth_health,Birth and health outcomes,sinasc_lowedu,annual,data/clean/downstream/bdd_health_bvr_screen_panel_2000_2020.parquet,resources/did/downstream_bjs_ref0_nonhybrid/birth_health/annual/sinasc_lowedu/sinasc_lowedu_prenatal_1to3_share_known_pp,resources/figures/downstream_bjs_ref0_nonhybrid/birth_health/annual/sinasc_lowedu_prenatal_1to3_share_known_pp_bjs_ref0_nonhybrid.png,True,municipality_id,0,ok,SINASC outcomes inside the BDD health screen.,data/interim/downstream_bjs_ref0_nonhybrid/birth_health/annual/sinasc_lowedu_prenatal_1to3_share_known_pp.parquet,84777,84310,4037,4036,2792,1244,2000,2020,1534,0,1,,-0.2509599197991162,-1.2475510063626971,1.2475510063626971,8,6.552088251970001,8,fail,8,3,1.2475510063626971
inep_transition_total_taxa_promocao_ef_anos_iniciais,inep_transition_total_taxa_promocao_ef_anos_iniciais,inep_transition_total_taxa_promocao_ef_anos_iniciais,Total Taxa Promocao Ef Anos Iniciais,education,Education outcomes,dropout_flow,annual,data/clean/downstream/bdd_education_bvr_screen_panel_2000_2020.parquet,resources/did/downstream_bjs_ref0_nonhybrid/education/annual/dropout_flow/inep_transition_total_taxa_promocao_ef_anos_iniciais,resources/figures/downstream_bjs_ref0_nonhybrid/education/annual/inep_transition_total_taxa_promocao_ef_anos_iniciais_bjs_ref0_nonhybrid.png,True,municipality_id,0,ok,,data/interim/downstream_bjs_ref0_nonhybrid/education/annual/inep_transition_total_taxa_promocao_ef_anos_iniciais.parquet,84777,52442,4037,4036,2792,1244,2008,2020,1534,0,1,,0.2068326508703355,1.217961817988335,1.217961817988335,8,5.822644565896858,6,fail,8,3,1.217961817988335
municipal_eja_teacher_share,teachers_municipal_eja_share_selected_pp,teachers_municipal_eja_share_selected_pp,"EJA teacher share, municipal schools",adult_eja,Adult education / EJA outcomes,adult_teachers,annual,data/clean/downstream/bdd_adult_education_bvr_panel_2000_2020.parquet,resources/did/downstream_bjs_ref0_nonhybrid/adult_eja/annual/adult_teachers/municipal_eja_teacher_share,resources/figures/downstream_bjs_ref0_nonhybrid/adult_eja/annual/municipal_eja_teacher_share_bjs_ref0_nonhybrid.png,True,municipality_id,0,ok,,data/interim/downstream_bjs_ref0_nonhybrid/adult_eja/annual/municipal_eja_teacher_share.parquet,84777,56446,4037,4034,2790,1244,2007,2020,1534,0,1,,0.2409397814587619,1.2086275081780053,1.2086275081780053,8,3.296881401661318,4,fail,8,3,1.2086275081780053
sinasc_highedu_prenatal_7plus_share_known_pp,sinasc_highedu_prenatal_7plus_share_known_pp,sinasc_highedu_prenatal_7plus_share_known_pp,7+ prenatal visits share: High education proxy,birth_health,Birth and health outcomes,sinasc_highedu,annual,data/clean/downstream/bdd_health_bvr_screen_panel_2000_2020.parquet,resources/did/downstream_bjs_ref0_nonhybrid/birth_health/annual/sinasc_highedu/sinasc_highedu_prenatal_7plus_share_known_pp,resources/figures/downstream_bjs_ref0_nonhybrid/birth_health/annual/sinasc_highedu_prenatal_7plus_share_known_pp_bjs_ref0_nonhybrid.png,True,municipality_id,0,ok,SINASC outcomes inside the BDD health screen.,data/interim/downstream_bjs_ref0_nonhybrid/birth_health/annual/sinasc_highedu_prenatal_7plus_share_known_pp.parquet,84777,84580,4037,4036,2792,1244,2000,2020,1534,0,1,,2.2020003236239503,1.1889853216633466,1.1889853216633466,8,6.272928696253928,8,fail,8,3,1.1889853216633466
inep_transition_publica_taxa_promocao_ef_anos_iniciais,inep_transition_publica_taxa_promocao_ef_anos_iniciais,inep_transition_publica_taxa_promocao_ef_anos_iniciais,Publica Taxa Promocao Ef Anos Iniciais,education,Education outcomes,dropout_flow,annual,data/clean/downstream/bdd_education_bvr_screen_panel_2000_2020.parquet,resources/did/downstream_bjs_ref0_nonhybrid/education/annual/dropout_flow/inep_transition_publica_taxa_promocao_ef_anos_iniciais,resources/figures/downstream_bjs_ref0_nonhybrid/education/annual/inep_transition_publica_taxa_promocao_ef_anos_iniciais_bjs_ref0_nonhybrid.png,True,municipality_id,0,ok,,data/interim/downstream_bjs_ref0_nonhybrid/education/annual/inep_transition_publica_taxa_promocao_ef_anos_iniciais.parquet,84777,52442,4037,4036,2792,1244,2008,2020,1534,0,1,,0.1861841689560979,1.1825499979221334,1.1825499979221334,8,5.562287052306699,6,fail,8,3,1.1825499979221334
inep_transition_total_taxa_promocao_ef_anos_finais,inep_transition_total_taxa_promocao_ef_anos_finais,inep_transition_total_taxa_promocao_ef_anos_finais,Total Taxa Promocao Ef Anos Finais,education,Education outcomes,dropout_flow,annual,data/clean/downstream/bdd_education_bvr_screen_panel_2000_2020.parquet,resources/did/downstream_bjs_ref0_nonhybrid/education/annual/dropout_flow/inep_transition_total_taxa_promocao_ef_anos_finais,resources/figures/downstream_bjs_ref0_nonhybrid/education/annual/inep_transition_total_taxa_promocao_ef_anos_finais_bjs_ref0_nonhybrid.png,True,municipality_id,0,ok,,data/interim/downstream_bjs_ref0_nonhybrid/education/annual/inep_transition_total_taxa_promocao_ef_anos_finais.parquet,84777,52442,4037,4036,2792,1244,2008,2020,1534,0,1,,0.4036936899288836,1.1669864464274902,1.1669864464274902,8,2.9834499055117623,3,fail,8,3,1.1669864464274902
ieps_mortality_ill_defined_pp,ieps_mortality_ill_defined_pp,ieps_mortality_ill_defined_pp,IEPS ill-defined mortality share,birth_health,Birth and health outcomes,ieps,annual,data/clean/downstream/bdd_health_bvr_screen_panel_2000_2020.parquet,resources/did/downstream_bjs_ref0_nonhybrid/birth_health/annual/ieps/ieps_mortality_ill_defined_pp,resources/figures/downstream_bjs_ref0_nonhybrid/birth_health/annual/ieps_mortality_ill_defined_pp_bjs_ref0_nonhybrid.png,True,municipality_id,0,ok,,data/interim/downstream_bjs_ref0_nonhybrid/birth_health/annual/ieps_mortality_ill_defined_pp.parquet,84777,44383,4037,4036,2792,1244,2010,2020,1534,0,1,,0.4418151959652602,1.1364214177947065,1.1364214177947065,7,3.184931293580332,5,fail,8,3,1.1364214177947065
inep_ind_publica_tdi_ef,inep_ind_publica_tdi_ef,inep_ind_publica_tdi_ef,Publica Tdi Ef,education,Education outcomes,dropout_flow,annual,data/clean/downstream/bdd_education_bvr_screen_panel_2000_2020.parquet,resources/did/downstream_bjs_ref0_nonhybrid/education/annual/dropout_flow/inep_ind_publica_tdi_ef,resources/figures/downstream_bjs_ref0_nonhybrid/education/annual/inep_ind_publica_tdi_ef_bjs_ref0_nonhybrid.png,True,municipality_id,0,ok,,data/interim/downstream_bjs_ref0_nonhybrid/education/annual/inep_ind_publica_tdi_ef.parquet,84777,60503,4037,4036,2792,1244,2006,2020,1534,0,1,,-0.5628073317792868,-1.1347357716704904,1.1347357716704904,8,4.913443706636127,6,fail,8,3,1.1347357716704904
inep_transition_total_taxa_promocao_ef,inep_transition_total_taxa_promocao_ef,inep_transition_total_taxa_promocao_ef,Total Taxa Promocao Ef,education,Education outcomes,dropout_flow,annual,data/clean/downstream/bdd_education_bvr_screen_panel_2000_2020.parquet,resources/did/downstream_bjs_ref0_nonhybrid/education/annual/dropout_flow/inep_transition_total_taxa_promocao_ef,resources/figures/downstream_bjs_ref0_nonhybrid/education/annual/inep_transition_total_taxa_promocao_ef_bjs_ref0_nonhybrid.png,True,municipality_id,0,ok,,data/interim/downstream_bjs_ref0_nonhybrid/education/annual/inep_transition_total_taxa_promocao_ef.parquet,84777,52442,4037,4036,2792,1244,2008,2020,1534,0,1,,0.2532119282677212,1.1341186742290728,1.1341186742290728,8,5.527505902419728,6,fail,8,3,1.1341186742290728
inep_ind_publica_taxa_abandono_ef_anos_finais,inep_ind_publica_taxa_abandono_ef_anos_finais,inep_ind_publica_taxa_abandono_ef_anos_finais,Publica Taxa Abandono Ef Anos Finais,education,Education outcomes,dropout_flow,annual,data/clean/downstream/bdd_education_bvr_screen_panel_2000_2020.parquet,resources/did/downstream_bjs_ref0_nonhybrid/education/annual/dropout_flow/inep_ind_publica_taxa_abandono_ef_anos_finais,resources/figures/downstream_bjs_ref0_nonhybrid/education/annual/inep_ind_publica_taxa_abandono_ef_anos_finais_bjs_ref0_nonhybrid.png,True,municipality_id,0,ok,,data/interim/downstream_bjs_ref0_nonhybrid/education/annual/inep_ind_publica_taxa_abandono_ef_anos_finais.parquet,84777,52439,4037,4036,2792,1244,2007,2019,1534,0,1,,-0.3987109743780546,-1.122136841659334,1.122136841659334,8,7.981098935307157,7,fail,8,3,1.122136841659334
public_eja_teacher_share,teachers_public_eja_share_selected_pp,teachers_public_eja_share_selected_pp,"EJA teacher share, public schools",adult_eja,Adult education / EJA outcomes,adult_teachers,annual,data/clean/downstream/bdd_adult_education_bvr_panel_2000_2020.parquet,resources/did/downstream_bjs_ref0_nonhybrid/adult_eja/annual/adult_teachers/public_eja_teacher_share,resources/figures/downstream_bjs_ref0_nonhybrid/adult_eja/annual/public_eja_teacher_share_bjs_ref0_nonhybrid.png,True,municipality_id,0,ok,,data/interim/downstream_bjs_ref0_nonhybrid/adult_eja/annual/public_eja_teacher_share.parquet,84777,56478,4037,4036,2792,1244,2007,2020,1534,0,1,,1.272875565206483,1.1141046811884914,1.1141046811884914,8,9.356209210095647,8,fail,8,3,1.1141046811884914
inep_ind_publica_afd_em_grupo_5,inep_ind_publica_afd_em_grupo_5,inep_ind_publica_afd_em_grupo_5,Publica Afd Em Grupo 5,education,Education outcomes,teacher_profile,annual,data/clean/downstream/bdd_education_bvr_screen_panel_2000_2020.parquet,resources/did/downstream_bjs_ref0_nonhybrid/education/annual/teacher_profile/inep_ind_publica_afd_em_grupo_5,resources/figures/downstream_bjs_ref0_nonhybrid/education/annual/inep_ind_publica_afd_em_grupo_5_bjs_ref0_nonhybrid.png,True,municipality_id,0,ok,,data/interim/downstream_bjs_ref0_nonhybrid/education/annual/inep_ind_publica_afd_em_grupo_5.parquet,84777,32224,4037,4028,2784,1244,2013,2020,1534,0,1,,0.0422814954314616,-1.1099935799147647,1.1099935799147647,4,4.2661367573087485,3,fail,6,3,1.1099935799147647
inep_ind_municipal_tdi_ef,inep_ind_municipal_tdi_ef,inep_ind_municipal_tdi_ef,Municipal Tdi Ef,education,Education outcomes,dropout_flow,annual,data/clean/downstream/bdd_education_bvr_screen_panel_2000_2020.parquet,resources/did/downstream_bjs_ref0_nonhybrid/education/annual/dropout_flow/inep_ind_municipal_tdi_ef,resources/figures/downstream_bjs_ref0_nonhybrid/education/annual/inep_ind_municipal_tdi_ef_bjs_ref0_nonhybrid.png,True,municipality_id,0,ok,,data/interim/downstream_bjs_ref0_nonhybrid/education/annual/inep_ind_municipal_tdi_ef.parquet,84777,59811,4037,4025,2784,1241,2006,2020,1534,0,1,,-0.7905407285903453,-1.1002926434285474,1.1002926434285474,8,4.58287340378878,6,fail,8,3,1.1002926434285474
inep_transition_publica_taxa_promocao_ef_anos_finais,inep_transition_publica_taxa_promocao_ef_anos_finais,inep_transition_publica_taxa_promocao_ef_anos_finais,Publica Taxa Promocao Ef Anos Finais,education,Education outcomes,dropout_flow,annual,data/clean/downstream/bdd_education_bvr_screen_panel_2000_2020.parquet,resources/did/downstream_bjs_ref0_nonhybrid/education/annual/dropout_flow/inep_transition_publica_taxa_promocao_ef_anos_finais,resources/figures/downstream_bjs_ref0_nonhybrid/education/annual/inep_transition_publica_taxa_promocao_ef_anos_finais_bjs_ref0_nonhybrid.png,True,municipality_id,0,ok,,data/interim/downstream_bjs_ref0_nonhybrid/education/annual/inep_transition_publica_taxa_promocao_ef_anos_finais.parquet,84777,52442,4037,4036,2792,1244,2008,2020,1534,0,1,,0.3730719361683815,1.0833329270385406,1.0833329270385406,8,2.529822679775945,2,fail,8,3,1.0833329270385406
inep_ind_publica_afd_em_grupo_1,inep_ind_publica_afd_em_grupo_1,inep_ind_publica_afd_em_grupo_1,Publica Afd Em Grupo 1,education,Education outcomes,teacher_profile,annual,data/clean/downstream/bdd_education_bvr_screen_panel_2000_2020.parquet,resources/did/downstream_bjs_ref0_nonhybrid/education/annual/teacher_profile/inep_ind_publica_afd_em_grupo_1,resources/figures/downstream_bjs_ref0_nonhybrid/education/annual/inep_ind_publica_afd_em_grupo_1_bjs_ref0_nonhybrid.png,True,municipality_id,0,ok,,data/interim/downstream_bjs_ref0_nonhybrid/education/annual/inep_ind_publica_afd_em_grupo_1.parquet,84777,32224,4037,4028,2784,1244,2013,2020,1534,0,1,,0.3356366507069805,1.0811803168300458,1.0811803168300458,4,2.585050709233795,2,fail,6,3,1.0811803168300458
inep_transition_total_taxa_repetencia_ef_anos_finais,inep_transition_total_taxa_repetencia_ef_anos_finais,inep_transition_total_taxa_repetencia_ef_anos_finais,Total Taxa Repetencia Ef Anos Finais,education,Education outcomes,dropout_flow,annual,data/clean/downstream/bdd_education_bvr_screen_panel_2000_2020.parquet,resources/did/downstream_bjs_ref0_nonhybrid/education/annual/dropout_flow/inep_transition_total_taxa_repetencia_ef_anos_finais,resources/figures/downstream_bjs_ref0_nonhybrid/education/annual/inep_transition_total_taxa_repetencia_ef_anos_finais_bjs_ref0_nonhybrid.png,True,municipality_id,0,ok,,data/interim/downstream_bjs_ref0_nonhybrid/education/annual/inep_transition_total_taxa_repetencia_ef_anos_finais.parquet,84777,52442,4037,4036,2792,1244,2008,2020,1534,0,1,,-0.3108692535180753,-1.0788490873877015,1.0788490873877015,8,3.6833116401240735,3,fail,8,3,1.0788490873877015
municipal_eja_enrollment_per_1000,enrollment_municipal_eja_total_per_1000,enrollment_municipal_eja_total_per_1000,"EJA enrollment per 1,000 residents, municipal schools",adult_eja,Adult education / EJA outcomes,adult_enrollment,annual,data/clean/downstream/bdd_adult_education_bvr_panel_2000_2020.parquet,resources/did/downstream_bjs_ref0_nonhybrid/adult_eja/annual/adult_enrollment/municipal_eja_enrollment_per_1000,resources/figures/downstream_bjs_ref0_nonhybrid/adult_eja/annual/municipal_eja_enrollment_per_1000_bjs_ref0_nonhybrid.png,True,municipality_id,0,ok,,data/interim/downstream_bjs_ref0_nonhybrid/adult_eja/annual/municipal_eja_enrollment_per_1000.parquet,84777,56482,4037,4036,2792,1244,2007,2020,1534,0,1,,0.3930011119613499,1.070912794532379,1.070912794532379,8,2.69181354984378,3,fail,8,3,1.070912794532379
inep_ind_publica_tdi_ef_anos_finais,inep_ind_publica_tdi_ef_anos_finais,inep_ind_publica_tdi_ef_anos_finais,Publica Tdi Ef Anos Finais,education,Education outcomes,dropout_flow,annual,data/clean/downstream/bdd_education_bvr_screen_panel_2000_2020.parquet,resources/did/downstream_bjs_ref0_nonhybrid/education/annual/dropout_flow/inep_ind_publica_tdi_ef_anos_finais,resources/figures/downstream_bjs_ref0_nonhybrid/education/annual/inep_ind_publica_tdi_ef_anos_finais_bjs_ref0_nonhybrid.png,True,municipality_id,0,ok,,data/interim/downstream_bjs_ref0_nonhybrid/education/annual/inep_ind_publica_tdi_ef_anos_finais.parquet,84777,60502,4037,4036,2792,1244,2006,2020,1534,0,1,,0.1542979748518328,-1.0702241726995156,1.0702241726995156,8,4.213105286894789,2,fail,8,3,1.0702241726995156
inep_transition_publica_taxa_promocao_ef,inep_transition_publica_taxa_promocao_ef,inep_transition_publica_taxa_promocao_ef,Publica Taxa Promocao Ef,education,Education outcomes,dropout_flow,annual,data/clean/downstream/bdd_education_bvr_screen_panel_2000_2020.parquet,resources/did/downstream_bjs_ref0_nonhybrid/education/annual/dropout_flow/inep_transition_publica_taxa_promocao_ef,resources/figures/downstream_bjs_ref0_nonhybrid/education/annual/inep_transition_publica_taxa_promocao_ef_bjs_ref0_nonhybrid.png,True,municipality_id,0,ok,,data/interim/downstream_bjs_ref0_nonhybrid/education/annual/inep_transition_publica_taxa_promocao_ef.parquet,84777,52442,4037,4036,2792,1244,2008,2020,1534,0,1,,0.2147666581218945,1.0611822265415523,1.0611822265415523,8,5.01552739965831,4,fail,8,3,1.0611822265415523
inep_transition_publica_taxa_repetencia_ef_anos_finais,inep_transition_publica_taxa_repetencia_ef_anos_finais,inep_transition_publica_taxa_repetencia_ef_anos_finais,Publica Taxa Repetencia Ef Anos Finais,education,Education outcomes,dropout_flow,annual,data/clean/downstream/bdd_education_bvr_screen_panel_2000_2020.parquet,resources/did/downstream_bjs_ref0_nonhybrid/education/annual/dropout_flow/inep_transition_publica_taxa_repetencia_ef_anos_finais,resources/figures/downstream_bjs_ref0_nonhybrid/education/annual/inep_transition_publica_taxa_repetencia_ef_anos_finais_bjs_ref0_nonhybrid.png,True,municipality_id,0,ok,,data/interim/downstream_bjs_ref0_nonhybrid/education/annual/inep_transition_publica_taxa_repetencia_ef_anos_finais.parquet,84777,52442,4037,4036,2792,1244,2008,2020,1534,0,1,,-0.2880659273858269,-1.0407823442369377,1.0407823442369377,8,3.377022765053237,2,fail,8,3,1.0407823442369377
ideb_municipal_ef_final_nota_saeb_matematica,ideb_municipal_ef_final_nota_saeb_matematica,ideb_municipal_ef_final_nota_saeb_matematica,Municipal Ef Final Nota Matematica,education,Education outcomes,achievement,biennial,data/clean/downstream/bdd_education_bvr_screen_panel_2000_2020.parquet,resources/did/downstream_bjs_ref0_nonhybrid/education/biennial/achievement/ideb_municipal_ef_final_nota_saeb_matematica,resources/figures/downstream_bjs_ref0_nonhybrid/education/biennial/ideb_municipal_ef_final_nota_saeb_matematica_bjs_ref0_nonhybrid.png,True,municipality_id,0,ok,,data/interim/downstream_bjs_ref0_nonhybrid/education/biennial/ideb_municipal_ef_final_nota_saeb_matematica.parquet,80740,17379,4037,2612,1911,701,2004,2018,1534,0,2,"Biennial assessment years use analysis period = assessment year - 1, so the first post-BVR assessment is event time 0 and adjacent waves are two-year steps.",1.4628373530544925,1.040602769472689,1.040602769472689,4,5.823319862230006,4,fail,4,3,1.040602769472689
child_spending_share_clean,spending_child_share_education_clean_pp,spending_child_share_education_clean_pp,"Child/basic share of education spending, clean denominator",adult_eja,Adult education / EJA outcomes,spending,annual,data/clean/downstream/bdd_adult_education_bvr_panel_2000_2020.parquet,resources/did/downstream_bjs_ref0_nonhybrid/adult_eja/annual/spending/child_spending_share_clean,resources/figures/downstream_bjs_ref0_nonhybrid/adult_eja/annual/child_spending_share_clean_bjs_ref0_nonhybrid.png,True,municipality_id,0,ok,,data/interim/downstream_bjs_ref0_nonhybrid/adult_eja/annual/child_spending_share_clean.parquet,84777,64079,4037,4034,2790,1244,2004,2020,1534,0,1,,0.3798165716768402,1.0296228492682307,1.0296228492682307,8,2.5734477099614006,3,fail,8,3,1.0296228492682307
sinasc_all_prenatal_1to3_share_known_pp,sinasc_all_prenatal_1to3_share_known_pp,sinasc_all_prenatal_1to3_share_known_pp,1-3 prenatal visits share: All mothers,birth_health,Birth and health outcomes,sinasc_all,annual,data/clean/downstream/bdd_health_bvr_screen_panel_2000_2020.parquet,resources/did/downstream_bjs_ref0_nonhybrid/birth_health/annual/sinasc_all/sinasc_all_prenatal_1to3_share_known_pp,resources/figures/downstream_bjs_ref0_nonhybrid/birth_health/annual/sinasc_all_prenatal_1to3_share_known_pp_bjs_ref0_nonhybrid.png,True,municipality_id,0,ok,SINASC outcomes inside the BDD health screen.,data/interim/downstream_bjs_ref0_nonhybrid/birth_health/annual/sinasc_all_prenatal_1to3_share_known_pp.parquet,84777,84607,4037,4036,2792,1244,2000,2020,1534,0,1,,-0.3564302799725795,-1.0160473015544798,1.0160473015544798,8,6.761536597141693,8,fail,8,3,1.0160473015544798
inep_ind_publica_taxa_reprovacao_em,inep_ind_publica_taxa_reprovacao_em,inep_ind_publica_taxa_reprovacao_em,Publica Taxa Reprovacao Em,education,Education outcomes,dropout_flow,annual,data/clean/downstream/bdd_education_bvr_screen_panel_2000_2020.parquet,resources/did/downstream_bjs_ref0_nonhybrid/education/annual/dropout_flow/inep_ind_publica_taxa_reprovacao_em,resources/figures/downstream_bjs_ref0_nonhybrid/education/annual/inep_ind_publica_taxa_reprovacao_em_bjs_ref0_nonhybrid.png,True,municipality_id,0,ok,,data/interim/downstream_bjs_ref0_nonhybrid/education/annual/inep_ind_publica_taxa_reprovacao_em.parquet,84777,52275,4037,4030,2786,1244,2007,2019,1534,0,1,,0.8507411299749943,1.0119607389950716,1.0119607389950716,8,7.020341762413045,8,fail,8,3,1.0119607389950716
sinasc_lowedu_no_prenatal_share_known_pp,sinasc_lowedu_no_prenatal_share_known_pp,sinasc_lowedu_no_prenatal_share_known_pp,No prenatal visits share: Low education proxy,birth_health,Birth and health outcomes,sinasc_lowedu,annual,data/clean/downstream/bdd_health_bvr_screen_panel_2000_2020.parquet,resources/did/downstream_bjs_ref0_nonhybrid/birth_health/annual/sinasc_lowedu/sinasc_lowedu_no_prenatal_share_known_pp,resources/figures/downstream_bjs_ref0_nonhybrid/birth_health/annual/sinasc_lowedu_no_prenatal_share_known_pp_bjs_ref0_nonhybrid.png,True,municipality_id,0,ok,SINASC outcomes inside the BDD health screen.,data/interim/downstream_bjs_ref0_nonhybrid/birth_health/annual/sinasc_lowedu_no_prenatal_share_known_pp.parquet,84777,84310,4037,4036,2792,1244,2000,2020,1534,0,1,,-0.0571433116522163,-0.9965969179655494,0.9965969179655494,8,3.5698802065015296,6,fail,8,3,0.9965969179655494
inep_transition_total_taxa_repetencia_ef,inep_transition_total_taxa_repetencia_ef,inep_transition_total_taxa_repetencia_ef,Total Taxa Repetencia Ef,education,Education outcomes,dropout_flow,annual,data/clean/downstream/bdd_education_bvr_screen_panel_2000_2020.parquet,resources/did/downstream_bjs_ref0_nonhybrid/education/annual/dropout_flow/inep_transition_total_taxa_repetencia_ef,resources/figures/downstream_bjs_ref0_nonhybrid/education/annual/inep_transition_total_taxa_repetencia_ef_bjs_ref0_nonhybrid.png,True,municipality_id,0,ok,,data/interim/downstream_bjs_ref0_nonhybrid/education/annual/inep_transition_total_taxa_repetencia_ef.parquet,84777,52442,4037,4036,2792,1244,2008,2020,1534,0,1,,-0.2038954800956188,-0.9620400765370011,0.9620400765370011,8,6.072714318178987,6,fail,8,3,0.9620400765370011
inep_transition_total_taxa_repetencia_ef_anos_iniciais,inep_transition_total_taxa_repetencia_ef_anos_iniciais,inep_transition_total_taxa_repetencia_ef_anos_iniciais,Total Taxa Repetencia Ef Anos Iniciais,education,Education outcomes,dropout_flow,annual,data/clean/downstream/bdd_education_bvr_screen_panel_2000_2020.parquet,resources/did/downstream_bjs_ref0_nonhybrid/education/annual/dropout_flow/inep_transition_total_taxa_repetencia_ef_anos_iniciais,resources/figures/downstream_bjs_ref0_nonhybrid/education/annual/inep_transition_total_taxa_repetencia_ef_anos_iniciais_bjs_ref0_nonhybrid.png,True,municipality_id,0,ok,,data/interim/downstream_bjs_ref0_nonhybrid/education/annual/inep_transition_total_taxa_repetencia_ef_anos_iniciais.parquet,84777,52442,4037,4036,2792,1244,2008,2020,1534,0,1,,-0.1389230854881207,-0.9236957226620072,0.9236957226620072,8,5.870492286073263,6,fail,8,3,0.9236957226620072
inep_transition_publica_taxa_repetencia_ef,inep_transition_publica_taxa_repetencia_ef,inep_transition_publica_taxa_repetencia_ef,Publica Taxa Repetencia Ef,education,Education outcomes,dropout_flow,annual,data/clean/downstream/bdd_education_bvr_screen_panel_2000_2020.parquet,resources/did/downstream_bjs_ref0_nonhybrid/education/annual/dropout_flow/inep_transition_publica_taxa_repetencia_ef,resources/figures/downstream_bjs_ref0_nonhybrid/education/annual/inep_transition_publica_taxa_repetencia_ef_bjs_ref0_nonhybrid.png,True,municipality_id,0,ok,,data/interim/downstream_bjs_ref0_nonhybrid/education/annual/inep_transition_publica_taxa_repetencia_ef.parquet,84777,52442,4037,4036,2792,1244,2008,2020,1534,0,1,,-0.1761698628721683,-0.9164445973705552,0.9164445973705552,8,5.617349738238605,5,fail,8,3,0.9164445973705552
inep_transition_publica_taxa_repetencia_ef_anos_iniciais,inep_transition_publica_taxa_repetencia_ef_anos_iniciais,inep_transition_publica_taxa_repetencia_ef_anos_iniciais,Publica Taxa Repetencia Ef Anos Iniciais,education,Education outcomes,dropout_flow,annual,data/clean/downstream/bdd_education_bvr_screen_panel_2000_2020.parquet,resources/did/downstream_bjs_ref0_nonhybrid/education/annual/dropout_flow/inep_transition_publica_taxa_repetencia_ef_anos_iniciais,resources/figures/downstream_bjs_ref0_nonhybrid/education/annual/inep_transition_publica_taxa_repetencia_ef_anos_iniciais_bjs_ref0_nonhybrid.png,True,municipality_id,0,ok,,data/interim/downstream_bjs_ref0_nonhybrid/education/annual/inep_transition_publica_taxa_repetencia_ef_anos_iniciais.parquet,84777,52442,4037,4036,2792,1244,2008,2020,1534,0,1,,-0.1153033560375769,-0.8808623866806,0.8808623866806,8,5.543044734547513,6,fail,8,3,0.8808623866806
inep_ind_municipal_taxa_abandono_ef,inep_ind_municipal_taxa_abandono_ef,inep_ind_municipal_taxa_abandono_ef,Municipal Taxa Abandono Ef,education,Education outcomes,dropout_flow,annual,data/clean/downstream/bdd_education_bvr_screen_panel_2000_2020.parquet,resources/did/downstream_bjs_ref0_nonhybrid/education/annual/dropout_flow/inep_ind_municipal_taxa_abandono_ef,resources/figures/downstream_bjs_ref0_nonhybrid/education/annual/inep_ind_municipal_taxa_abandono_ef_bjs_ref0_nonhybrid.png,True,municipality_id,0,ok,,data/interim/downstream_bjs_ref0_nonhybrid/education/annual/inep_ind_municipal_taxa_abandono_ef.parquet,84777,52118,4037,4026,2784,1242,2007,2019,1534,0,1,,-0.2159232770325616,-0.8785308634282274,0.8785308634282274,8,6.3940591500425485,7,fail,8,3,0.8785308634282274
municipal_eja_enrollment_share,enrollment_municipal_eja_share_selected_pp,enrollment_municipal_eja_share_selected_pp,"EJA share of selected enrollment, municipal schools",adult_eja,Adult education / EJA outcomes,adult_enrollment,annual,data/clean/downstream/bdd_adult_education_bvr_panel_2000_2020.parquet,resources/did/downstream_bjs_ref0_nonhybrid/adult_eja/annual/adult_enrollment/municipal_eja_enrollment_share,resources/figures/downstream_bjs_ref0_nonhybrid/adult_eja/annual/municipal_eja_enrollment_share_bjs_ref0_nonhybrid.png,True,municipality_id,0,ok,,data/interim/downstream_bjs_ref0_nonhybrid/adult_eja/annual/municipal_eja_enrollment_share.parquet,84777,56447,4037,4034,2790,1244,2007,2020,1534,0,1,,0.2975025962771948,0.8698901627023922,0.8698901627023922,8,4.408753012151662,6,fail,8,3,0.8698901627023922
sinasc_highedu_csection_share_known_pp,sinasc_highedu_csection_share_known_pp,sinasc_highedu_csection_share_known_pp,C-section share: High education proxy,birth_health,Birth and health outcomes,sinasc_highedu,annual,data/clean/downstream/bdd_health_bvr_screen_panel_2000_2020.parquet,resources/did/downstream_bjs_ref0_nonhybrid/birth_health/annual/sinasc_highedu/sinasc_highedu_csection_share_known_pp,resources/figures/downstream_bjs_ref0_nonhybrid/birth_health/annual/sinasc_highedu_csection_share_known_pp_bjs_ref0_nonhybrid.png,True,municipality_id,0,ok,SINASC outcomes inside the BDD health screen.,data/interim/downstream_bjs_ref0_nonhybrid/birth_health/annual/sinasc_highedu_csection_share_known_pp.parquet,84777,84582,4037,4036,2792,1244,2000,2020,1534,0,1,,1.8205515070561864,-0.8664442959486324,0.8664442959486324,8,10.569514216674248,8,fail,8,3,0.8664442959486324
sinasc_dedicated_mean_birthweight_all,mean_birthweight_grams,mean_birthweight_grams,SINASC mean birthweight: all births,birth_health,Birth and health outcomes,sinasc_dedicated,annual,data/clean/downstream/sinasc_birthweight_bvr_panel_2000_2020.parquet,resources/did/downstream_bjs_ref0_nonhybrid/birth_health/annual/sinasc_dedicated/sinasc_dedicated_mean_birthweight_all,resources/figures/downstream_bjs_ref0_nonhybrid/birth_health/annual/sinasc_dedicated_mean_birthweight_all_bjs_ref0_nonhybrid.png,True,municipality_id,0,ok,,data/interim/downstream_bjs_ref0_nonhybrid/birth_health/annual/sinasc_dedicated_mean_birthweight_all.parquet,84777,84607,4037,4036,2792,1244,2000,2020,1534,0,1,,-8.247571542709906,-0.8527603180445628,0.8527603180445628,8,5.060442697062004,8,fail,8,3,0.8527603180445628
sinasc_all_mean_birthweight_grams,sinasc_all_mean_birthweight_grams,sinasc_all_mean_birthweight_grams,Mean birthweight: All mothers,birth_health,Birth and health outcomes,sinasc_all,annual,data/clean/downstream/bdd_health_bvr_screen_panel_2000_2020.parquet,resources/did/downstream_bjs_ref0_nonhybrid/birth_health/annual/sinasc_all/sinasc_all_mean_birthweight_grams,resources/figures/downstream_bjs_ref0_nonhybrid/birth_health/annual/sinasc_all_mean_birthweight_grams_bjs_ref0_nonhybrid.png,True,municipality_id,0,ok,SINASC outcomes inside the BDD health screen.,data/interim/downstream_bjs_ref0_nonhybrid/birth_health/annual/sinasc_all_mean_birthweight_grams.parquet,84777,84607,4037,4036,2792,1244,2000,2020,1534,0,1,,-8.247571542709904,-0.8527603180445628,0.8527603180445628,8,5.060442697062007,8,fail,8,3,0.8527603180445628
imun_cobertura_total_pp,imun_cobertura_total_pp,imun_cobertura_total_pp,Total immunization coverage,birth_health,Birth and health outcomes,immunization,annual,data/clean/downstream/bdd_health_bvr_screen_panel_2000_2020.parquet,resources/did/downstream_bjs_ref0_nonhybrid/birth_health/annual/immunization/imun_cobertura_total_pp,resources/figures/downstream_bjs_ref0_nonhybrid/birth_health/annual/imun_cobertura_total_pp_bjs_ref0_nonhybrid.png,True,municipality_id,0,ok,,data/interim/downstream_bjs_ref0_nonhybrid/birth_health/annual/imun_cobertura_total_pp.parquet,84777,84548,4037,4036,2792,1244,2000,2020,1534,0,1,,0.978555578783534,-0.8379056414395385,0.8379056414395385,8,8.016678436514596,8,fail,8,3,0.8379056414395385
sinasc_all_no_prenatal_share_known_pp,sinasc_all_no_prenatal_share_known_pp,sinasc_all_no_prenatal_share_known_pp,No prenatal visits share: All mothers,birth_health,Birth and health outcomes,sinasc_all,annual,data/clean/downstream/bdd_health_bvr_screen_panel_2000_2020.parquet,resources/did/downstream_bjs_ref0_nonhybrid/birth_health/annual/sinasc_all/sinasc_all_no_prenatal_share_known_pp,resources/figures/downstream_bjs_ref0_nonhybrid/birth_health/annual/sinasc_all_no_prenatal_share_known_pp_bjs_ref0_nonhybrid.png,True,municipality_id,0,ok,SINASC outcomes inside the BDD health screen.,data/interim/downstream_bjs_ref0_nonhybrid/birth_health/annual/sinasc_all_no_prenatal_share_known_pp.parquet,84777,84607,4037,4036,2792,1244,2000,2020,1534,0,1,,-0.0064609887958142,-0.828997872898053,0.828997872898053,8,3.2896169498243872,4,fail,8,3,0.828997872898053
inep_ind_publica_taxa_abandono_ef,inep_ind_publica_taxa_abandono_ef,inep_ind_publica_taxa_abandono_ef,Publica Taxa Abandono Ef,education,Education outcomes,dropout_flow,annual,data/clean/downstream/bdd_education_bvr_screen_panel_2000_2020.parquet,resources/did/downstream_bjs_ref0_nonhybrid/education/annual/dropout_flow/inep_ind_publica_taxa_abandono_ef,resources/figures/downstream_bjs_ref0_nonhybrid/education/annual/inep_ind_publica_taxa_abandono_ef_bjs_ref0_nonhybrid.png,True,municipality_id,0,ok,,data/interim/downstream_bjs_ref0_nonhybrid/education/annual/inep_ind_publica_taxa_abandono_ef.parquet,84777,52440,4037,4036,2792,1244,2007,2019,1534,0,1,,-0.2614378087466417,-0.8212639656910181,0.8212639656910181,8,8.320705093348584,8,fail,8,3,0.8212639656910181
sinasc_lowedu_mother_35plus_share_known_pp,sinasc_lowedu_mother_35plus_share_known_pp,sinasc_lowedu_mother_35plus_share_known_pp,Mother age 35+ share: Low education proxy,birth_health,Birth and health outcomes,sinasc_lowedu,annual,data/clean/downstream/bdd_health_bvr_screen_panel_2000_2020.parquet,resources/did/downstream_bjs_ref0_nonhybrid/birth_health/annual/sinasc_lowedu/sinasc_lowedu_mother_35plus_share_known_pp,resources/figures/downstream_bjs_ref0_nonhybrid/birth_health/annual/sinasc_lowedu_mother_35plus_share_known_pp_bjs_ref0_nonhybrid.png,True,municipality_id,0,ok,SINASC outcomes inside the BDD health screen.,data/interim/downstream_bjs_ref0_nonhybrid/birth_health/annual/sinasc_lowedu_mother_35plus_share_known_pp.parquet,84777,84312,4037,4036,2792,1244,2000,2020,1534,0,1,,-1.0682025282186736,-0.7635819302435689,0.7635819302435689,8,5.420842265032189,7,fail,8,3,0.7635819302435689
inep_ind_publica_taxa_aprovacao_em,inep_ind_publica_taxa_aprovacao_em,inep_ind_publica_taxa_aprovacao_em,Publica Taxa Aprovacao Em,education,Education outcomes,dropout_flow,annual,data/clean/downstream/bdd_education_bvr_screen_panel_2000_2020.parquet,resources/did/downstream_bjs_ref0_nonhybrid/education/annual/dropout_flow/inep_ind_publica_taxa_aprovacao_em,resources/figures/downstream_bjs_ref0_nonhybrid/education/annual/inep_ind_publica_taxa_aprovacao_em_bjs_ref0_nonhybrid.png,True,municipality_id,0,ok,,data/interim/downstream_bjs_ref0_nonhybrid/education/annual/inep_ind_publica_taxa_aprovacao_em.parquet,84777,52275,4037,4030,2786,1244,2007,2019,1534,0,1,,-0.149918573076038,0.7265489961896807,0.7265489961896807,8,3.702193391935958,2,fail,8,3,0.7265489961896807
inep_ind_publica_taxa_reprovacao_ef,inep_ind_publica_taxa_reprovacao_ef,inep_ind_publica_taxa_reprovacao_ef,Publica Taxa Reprovacao Ef,education,Education outcomes,dropout_flow,annual,data/clean/downstream/bdd_education_bvr_screen_panel_2000_2020.parquet,resources/did/downstream_bjs_ref0_nonhybrid/education/annual/dropout_flow/inep_ind_publica_taxa_reprovacao_ef,resources/figures/downstream_bjs_ref0_nonhybrid/education/annual/inep_ind_publica_taxa_reprovacao_ef_bjs_ref0_nonhybrid.png,True,municipality_id,0,ok,,data/interim/downstream_bjs_ref0_nonhybrid/education/annual/inep_ind_publica_taxa_reprovacao_ef.parquet,84777,52440,4037,4036,2792,1244,2007,2019,1534,0,1,,0.0310990242845932,-0.7168444364122303,0.7168444364122303,8,2.2355869394986385,2,fail,8,3,0.7168444364122303
inep_ind_publica_afd_ef_grupo_5,inep_ind_publica_afd_ef_grupo_5,inep_ind_publica_afd_ef_grupo_5,Publica Afd Ef Grupo 5,education,Education outcomes,teacher_profile,annual,data/clean/downstream/bdd_education_bvr_screen_panel_2000_2020.parquet,resources/did/downstream_bjs_ref0_nonhybrid/education/annual/teacher_profile/inep_ind_publica_afd_ef_grupo_5,resources/figures/downstream_bjs_ref0_nonhybrid/education/annual/inep_ind_publica_afd_ef_grupo_5_bjs_ref0_nonhybrid.png,True,municipality_id,0,ok,,data/interim/downstream_bjs_ref0_nonhybrid/education/annual/inep_ind_publica_afd_ef_grupo_5.parquet,84777,32288,4037,4036,2792,1244,2013,2020,1534,0,1,,-0.2461554977887378,-0.6574240389856917,0.6574240389856917,4,3.919418402583693,1,fail,6,3,0.6574240389856917
inep_ind_municipal_afd_ef_grupo_5,inep_ind_municipal_afd_ef_grupo_5,inep_ind_municipal_afd_ef_grupo_5,Municipal Afd Ef Grupo 5,education,Education outcomes,teacher_profile,annual,data/clean/downstream/bdd_education_bvr_screen_panel_2000_2020.parquet,resources/did/downstream_bjs_ref0_nonhybrid/education/annual/teacher_profile/inep_ind_municipal_afd_ef_grupo_5,resources/figures/downstream_bjs_ref0_nonhybrid/education/annual/inep_ind_municipal_afd_ef_grupo_5_bjs_ref0_nonhybrid.png,True,municipality_id,0,ok,,data/interim/downstream_bjs_ref0_nonhybrid/education/annual/inep_ind_municipal_afd_ef_grupo_5.parquet,84777,32173,4037,4025,2784,1241,2013,2020,1534,0,1,,-0.2792990646328067,-0.624632897056716,0.624632897056716,4,3.334101667086462,1,fail,6,3,0.624632897056716
inep_ind_publica_atu_ef_anos_finais,inep_ind_publica_atu_ef_anos_finais,inep_ind_publica_atu_ef_anos_finais,Publica Atu Ef Anos Finais,education,Education outcomes,school_inputs,annual,data/clean/downstream/bdd_education_bvr_screen_panel_2000_2020.parquet,resources/did/downstream_bjs_ref0_nonhybrid/education/annual/school_inputs/inep_ind_publica_atu_ef_anos_finais,resources/figures/downstream_bjs_ref0_nonhybrid/education/annual/inep_ind_publica_atu_ef_anos_finais_bjs_ref0_nonhybrid.png,True,municipality_id,0,ok,,data/interim/downstream_bjs_ref0_nonhybrid/education/annual/inep_ind_publica_atu_ef_anos_finais.parquet,84777,56470,4037,4036,2792,1244,2007,2020,1534,0,1,,0.3161436272407792,-0.6046660356349198,0.6046660356349198,8,2.691076220240853,3,fail,8,3,0.6046660356349198
saeb_public_estadual_municipal_grade5_portuguese_media,saeb_public_estadual_municipal_grade5_portuguese_media,saeb_public_estadual_municipal_grade5_portuguese_media,Public Estadual Municipal Grade5 Portuguese Media,education,Education outcomes,achievement,biennial,data/clean/downstream/bdd_education_bvr_screen_panel_2000_2020.parquet,resources/did/downstream_bjs_ref0_nonhybrid/education/biennial/achievement/saeb_public_estadual_municipal_grade5_portuguese_media,resources/figures/downstream_bjs_ref0_nonhybrid/education/biennial/saeb_public_estadual_municipal_grade5_portuguese_media_bjs_ref0_nonhybrid.png,True,municipality_id,0,ok,,data/interim/downstream_bjs_ref0_nonhybrid/education/biennial/saeb_public_estadual_municipal_grade5_portuguese_media.parquet,80740,19431,4037,4028,2784,1244,2010,2018,1534,0,2,"Biennial assessment years use analysis period = assessment year - 1, so the first post-BVR assessment is event time 0 and adjacent waves are two-year steps.",0.5695390471398862,0.6002964292550947,0.6002964292550947,3,3.17385084064686,3,fail,3,3,0.6002964292550947
inep_ind_publica_taxa_reprovacao_ef_anos_finais,inep_ind_publica_taxa_reprovacao_ef_anos_finais,inep_ind_publica_taxa_reprovacao_ef_anos_finais,Publica Taxa Reprovacao Ef Anos Finais,education,Education outcomes,dropout_flow,annual,data/clean/downstream/bdd_education_bvr_screen_panel_2000_2020.parquet,resources/did/downstream_bjs_ref0_nonhybrid/education/annual/dropout_flow/inep_ind_publica_taxa_reprovacao_ef_anos_finais,resources/figures/downstream_bjs_ref0_nonhybrid/education/annual/inep_ind_publica_taxa_reprovacao_ef_anos_finais_bjs_ref0_nonhybrid.png,True,municipality_id,0,ok,,data/interim/downstream_bjs_ref0_nonhybrid/education/annual/inep_ind_publica_taxa_reprovacao_ef_anos_finais.parquet,84777,52439,4037,4036,2792,1244,2007,2019,1534,0,1,,0.1013074031223202,-0.581720527530598,0.581720527530598,8,3.5870414983129217,4,fail,8,3,0.581720527530598
inep_ind_publica_taxa_abandono_ef_anos_iniciais,inep_ind_publica_taxa_abandono_ef_anos_iniciais,inep_ind_publica_taxa_abandono_ef_anos_iniciais,Publica Taxa Abandono Ef Anos Iniciais,education,Education outcomes,dropout_flow,annual,data/clean/downstream/bdd_education_bvr_screen_panel_2000_2020.parquet,resources/did/downstream_bjs_ref0_nonhybrid/education/annual/dropout_flow/inep_ind_publica_taxa_abandono_ef_anos_iniciais,resources/figures/downstream_bjs_ref0_nonhybrid/education/annual/inep_ind_publica_taxa_abandono_ef_anos_iniciais_bjs_ref0_nonhybrid.png,True,municipality_id,0,ok,,data/interim/downstream_bjs_ref0_nonhybrid/education/annual/inep_ind_publica_taxa_abandono_ef_anos_iniciais.parquet,84777,52439,4037,4036,2792,1244,2007,2019,1534,0,1,,-0.1775721541421104,-0.5745762170121029,0.5745762170121029,8,6.2264827937824085,8,fail,8,3,0.5745762170121029
inep_ind_municipal_ird_alta,inep_ind_municipal_ird_alta,inep_ind_municipal_ird_alta,Municipal Ird Alta,education,Education outcomes,teacher_profile,annual,data/clean/downstream/bdd_education_bvr_screen_panel_2000_2020.parquet,resources/did/downstream_bjs_ref0_nonhybrid/education/annual/teacher_profile/inep_ind_municipal_ird_alta,resources/figures/downstream_bjs_ref0_nonhybrid/education/annual/inep_ind_municipal_ird_alta_bjs_ref0_nonhybrid.png,True,municipality_id,0,ok,,data/interim/downstream_bjs_ref0_nonhybrid/education/annual/inep_ind_municipal_ird_alta.parquet,84777,32266,4037,4034,2790,1244,2013,2020,1534,0,1,,-0.2604198355994467,-0.5583559202531408,0.5583559202531408,4,2.431406797674362,3,fail,6,3,0.5583559202531408
inep_ind_municipal_taxa_abandono_ef_anos_iniciais,inep_ind_municipal_taxa_abandono_ef_anos_iniciais,inep_ind_municipal_taxa_abandono_ef_anos_iniciais,Municipal Taxa Abandono Ef Anos Iniciais,education,Education outcomes,dropout_flow,annual,data/clean/downstream/bdd_education_bvr_screen_panel_2000_2020.parquet,resources/did/downstream_bjs_ref0_nonhybrid/education/annual/dropout_flow/inep_ind_municipal_taxa_abandono_ef_anos_iniciais,resources/figures/downstream_bjs_ref0_nonhybrid/education/annual/inep_ind_municipal_taxa_abandono_ef_anos_iniciais_bjs_ref0_nonhybrid.png,True,municipality_id,0,ok,,data/interim/downstream_bjs_ref0_nonhybrid/education/annual/inep_ind_municipal_taxa_abandono_ef_anos_iniciais.parquet,84777,52101,4037,4025,2783,1242,2007,2019,1534,0,1,,-0.1491638887417299,-0.5582930732339394,0.5582930732339394,8,5.157004776362161,8,fail,8,3,0.5582930732339394
inep_ind_publica_ied_em_nivel_6,inep_ind_publica_ied_em_nivel_6,inep_ind_publica_ied_em_nivel_6,Publica Ied Em Nivel 6,education,Education outcomes,teacher_profile,annual,data/clean/downstream/bdd_education_bvr_screen_panel_2000_2020.parquet,resources/did/downstream_bjs_ref0_nonhybrid/education/annual/teacher_profile/inep_ind_publica_ied_em_nivel_6,resources/figures/downstream_bjs_ref0_nonhybrid/education/annual/inep_ind_publica_ied_em_nivel_6_bjs_ref0_nonhybrid.png,True,municipality_id,0,ok,,data/interim/downstream_bjs_ref0_nonhybrid/education/annual/inep_ind_publica_ied_em_nivel_6.parquet,84777,32224,4037,4028,2784,1244,2013,2020,1534,0,1,,-0.5393314870101364,0.5489242082250976,0.5489242082250976,4,2.773954617888236,2,fail,6,3,0.5489242082250976
sinasc_highedu_prenatal_1to3_share_known_pp,sinasc_highedu_prenatal_1to3_share_known_pp,sinasc_highedu_prenatal_1to3_share_known_pp,1-3 prenatal visits share: High education proxy,birth_health,Birth and health outcomes,sinasc_highedu,annual,data/clean/downstream/bdd_health_bvr_screen_panel_2000_2020.parquet,resources/did/downstream_bjs_ref0_nonhybrid/birth_health/annual/sinasc_highedu/sinasc_highedu_prenatal_1to3_share_known_pp,resources/figures/downstream_bjs_ref0_nonhybrid/birth_health/annual/sinasc_highedu_prenatal_1to3_share_known_pp_bjs_ref0_nonhybrid.png,True,municipality_id,0,ok,SINASC outcomes inside the BDD health screen.,data/interim/downstream_bjs_ref0_nonhybrid/birth_health/annual/sinasc_highedu_prenatal_1to3_share_known_pp.parquet,84777,84580,4037,4036,2792,1244,2000,2020,1534,0,1,,-0.1198892229238546,-0.5219781027513035,0.5219781027513035,8,2.630261600090685,3,fail,8,3,0.5219781027513035
sinasc_lowedu_hospital_birth_location_share_known_pp,sinasc_lowedu_hospital_birth_location_share_known_pp,sinasc_lowedu_hospital_birth_location_share_known_pp,Hospital birth-location share: Low education proxy,birth_health,Birth and health outcomes,sinasc_lowedu,annual,data/clean/downstream/bdd_health_bvr_screen_panel_2000_2020.parquet,resources/did/downstream_bjs_ref0_nonhybrid/birth_health/annual/sinasc_lowedu/sinasc_lowedu_hospital_birth_location_share_known_pp,resources/figures/downstream_bjs_ref0_nonhybrid/birth_health/annual/sinasc_lowedu_hospital_birth_location_share_known_pp_bjs_ref0_nonhybrid.png,True,municipality_id,0,ok,SINASC outcomes inside the BDD health screen.,data/interim/downstream_bjs_ref0_nonhybrid/birth_health/annual/sinasc_lowedu_hospital_birth_location_share_known_pp.parquet,84777,84312,4037,4036,2792,1244,2000,2020,1534,0,1,,0.2290306817718588,0.5079593706133256,0.5079593706133256,8,4.670379731613735,8,fail,8,3,0.5079593706133256
ideb_municipal_ef_initial_nota_saeb_matematica,ideb_municipal_ef_initial_nota_saeb_matematica,ideb_municipal_ef_initial_nota_saeb_matematica,Municipal Ef Initial Nota Matematica,education,Education outcomes,achievement,biennial,data/clean/downstream/bdd_education_bvr_screen_panel_2000_2020.parquet,resources/did/downstream_bjs_ref0_nonhybrid/education/biennial/achievement/ideb_municipal_ef_initial_nota_saeb_matematica,resources/figures/downstream_bjs_ref0_nonhybrid/education/biennial/ideb_municipal_ef_initial_nota_saeb_matematica_bjs_ref0_nonhybrid.png,True,municipality_id,0,ok,,data/interim/downstream_bjs_ref0_nonhybrid/education/biennial/ideb_municipal_ef_initial_nota_saeb_matematica.parquet,80740,28727,4037,3910,2697,1213,2004,2018,1534,0,2,"Biennial assessment years use analysis period = assessment year - 1, so the first post-BVR assessment is event time 0 and adjacent waves are two-year steps.",1.1392396396437088,-0.4808523755775574,0.4808523755775574,4,3.53552405647702,3,fail,4,3,0.4808523755775574
sim_infant_mortality_per_1000_births,sim_infant_mortality_per_1000_births,sim_infant_mortality_per_1000_births,SIM infant mortality,birth_health,Birth and health outcomes,sim,annual,data/clean/downstream/bdd_health_bvr_screen_panel_2000_2020.parquet,resources/did/downstream_bjs_ref0_nonhybrid/birth_health/annual/sim/sim_infant_mortality_per_1000_births,resources/figures/downstream_bjs_ref0_nonhybrid/birth_health/annual/sim_infant_mortality_per_1000_births_bjs_ref0_nonhybrid.png,True,municipality_id,0,ok,,data/interim/downstream_bjs_ref0_nonhybrid/birth_health/annual/sim_infant_mortality_per_1000_births.parquet,84777,84609,4037,4036,2792,1244,2000,2020,1534,0,1,,-0.3576509428158617,-0.4723814085122794,0.4723814085122794,8,2.472726171031157,2,fail,8,3,0.4723814085122794
inep_ind_municipal_tdi_ef_anos_finais,inep_ind_municipal_tdi_ef_anos_finais,inep_ind_municipal_tdi_ef_anos_finais,Municipal Tdi Ef Anos Finais,education,Education outcomes,dropout_flow,annual,data/clean/downstream/bdd_education_bvr_screen_panel_2000_2020.parquet,resources/did/downstream_bjs_ref0_nonhybrid/education/annual/dropout_flow/inep_ind_municipal_tdi_ef_anos_finais,resources/figures/downstream_bjs_ref0_nonhybrid/education/annual/inep_ind_municipal_tdi_ef_anos_finais_bjs_ref0_nonhybrid.png,True,municipality_id,0,ok,,data/interim/downstream_bjs_ref0_nonhybrid/education/annual/inep_ind_municipal_tdi_ef_anos_finais.parquet,84777,43166,4037,3021,2226,795,2006,2020,1534,0,1,,0.6358873003602825,-0.46386790800027655,0.46386790800027655,8,4.183260355906488,5,fail,8,3,0.46386790800027655
imun_polio_pp,imun_polio_pp,imun_polio_pp,Polio coverage,birth_health,Birth and health outcomes,immunization,annual,data/clean/downstream/bdd_health_bvr_screen_panel_2000_2020.parquet,resources/did/downstream_bjs_ref0_nonhybrid/birth_health/annual/immunization/imun_polio_pp,resources/figures/downstream_bjs_ref0_nonhybrid/birth_health/annual/imun_polio_pp_bjs_ref0_nonhybrid.png,True,municipality_id,0,ok,,data/interim/downstream_bjs_ref0_nonhybrid/birth_health/annual/imun_polio_pp.parquet,84777,84548,4037,4036,2792,1244,2000,2020,1534,0,1,,0.6815103793443971,0.4608043145792781,0.4608043145792781,8,4.55891551552238,4,fail,8,3,0.4608043145792781
sim_under5_mortality_per_1000_births,sim_under5_mortality_per_1000_births,sim_under5_mortality_per_1000_births,SIM under-5 mortality,birth_health,Birth and health outcomes,sim,annual,data/clean/downstream/bdd_health_bvr_screen_panel_2000_2020.parquet,resources/did/downstream_bjs_ref0_nonhybrid/birth_health/annual/sim/sim_under5_mortality_per_1000_births,resources/figures/downstream_bjs_ref0_nonhybrid/birth_health/annual/sim_under5_mortality_per_1000_births_bjs_ref0_nonhybrid.png,True,municipality_id,0,ok,,data/interim/downstream_bjs_ref0_nonhybrid/birth_health/annual/sim_under5_mortality_per_1000_births.parquet,84777,84609,4037,4036,2792,1244,2000,2020,1534,0,1,,-0.5165903773368173,-0.45883882497407386,0.45883882497407386,8,2.6485631501970994,2,fail,8,3,0.45883882497407386
sinasc_all_hospital_birth_location_share_known_pp,sinasc_all_hospital_birth_location_share_known_pp,sinasc_all_hospital_birth_location_share_known_pp,Hospital birth-location share: All mothers,birth_health,Birth and health outcomes,sinasc_all,annual,data/clean/downstream/bdd_health_bvr_screen_panel_2000_2020.parquet,resources/did/downstream_bjs_ref0_nonhybrid/birth_health/annual/sinasc_all/sinasc_all_hospital_birth_location_share_known_pp,resources/figures/downstream_bjs_ref0_nonhybrid/birth_health/annual/sinasc_all_hospital_birth_location_share_known_pp_bjs_ref0_nonhybrid.png,True,municipality_id,0,ok,SINASC outcomes inside the BDD health screen.,data/interim/downstream_bjs_ref0_nonhybrid/birth_health/annual/sinasc_all_hospital_birth_location_share_known_pp.parquet,84777,84609,4037,4036,2792,1244,2000,2020,1534,0,1,,0.1431914364464795,0.4494992497536587,0.4494992497536587,8,3.961746629075804,8,fail,8,3,0.4494992497536587
eja_to_child_spending_clean,spending_eja_to_child_clean_pp,spending_eja_to_child_clean_pp,"EJA spending relative to child/basic spending, clean denominator",adult_eja,Adult education / EJA outcomes,spending,annual,data/clean/downstream/bdd_adult_education_bvr_panel_2000_2020.parquet,resources/did/downstream_bjs_ref0_nonhybrid/adult_eja/annual/spending/eja_to_child_spending_clean,resources/figures/downstream_bjs_ref0_nonhybrid/adult_eja/annual/eja_to_child_spending_clean_bjs_ref0_nonhybrid.png,True,municipality_id,0,ok,,data/interim/downstream_bjs_ref0_nonhybrid/adult_eja/annual/eja_to_child_spending_clean.parquet,84777,64447,4037,4034,2790,1244,2004,2020,1534,0,1,,-0.8349597788143893,0.41380724807720054,0.41380724807720054,8,2.092993156344745,2,fail,8,3,0.41380724807720054
inep_transition_publica_taxa_migracao_eja_em,inep_transition_publica_taxa_migracao_eja_em,inep_transition_publica_taxa_migracao_eja_em,Publica Taxa Migracao Eja Em,education,Education outcomes,dropout_flow,annual,data/clean/downstream/bdd_education_bvr_screen_panel_2000_2020.parquet,resources/did/downstream_bjs_ref0_nonhybrid/education/annual/dropout_flow/inep_transition_publica_taxa_migracao_eja_em,resources/figures/downstream_bjs_ref0_nonhybrid/education/annual/inep_transition_publica_taxa_migracao_eja_em_bjs_ref0_nonhybrid.png,True,municipality_id,0,ok,,data/interim/downstream_bjs_ref0_nonhybrid/education/annual/inep_transition_publica_taxa_migracao_eja_em.parquet,84777,52266,4037,4030,2786,1244,2008,2020,1534,0,1,,0.3455207913867645,0.3635415788085525,0.3635415788085525,8,12.93916816012898,8,fail,8,3,0.3635415788085525
inep_ind_publica_ied_em_nivel_5,inep_ind_publica_ied_em_nivel_5,inep_ind_publica_ied_em_nivel_5,Publica Ied Em Nivel 5,education,Education outcomes,teacher_profile,annual,data/clean/downstream/bdd_education_bvr_screen_panel_2000_2020.parquet,resources/did/downstream_bjs_ref0_nonhybrid/education/annual/teacher_profile/inep_ind_publica_ied_em_nivel_5,resources/figures/downstream_bjs_ref0_nonhybrid/education/annual/inep_ind_publica_ied_em_nivel_5_bjs_ref0_nonhybrid.png,True,municipality_id,0,ok,,data/interim/downstream_bjs_ref0_nonhybrid/education/annual/inep_ind_publica_ied_em_nivel_5.parquet,84777,32224,4037,4028,2784,1244,2013,2020,1534,0,1,,-0.1135656394368659,-0.35809632156183263,0.35809632156183263,4,2.6928145058523696,3,fail,6,3,0.35809632156183263
ieps_prenatal_zero_pp,ieps_prenatal_zero_pp,ieps_prenatal_zero_pp,IEPS no-prenatal share,birth_health,Birth and health outcomes,ieps,annual,data/clean/downstream/bdd_health_bvr_screen_panel_2000_2020.parquet,resources/did/downstream_bjs_ref0_nonhybrid/birth_health/annual/ieps/ieps_prenatal_zero_pp,resources/figures/downstream_bjs_ref0_nonhybrid/birth_health/annual/ieps_prenatal_zero_pp_bjs_ref0_nonhybrid.png,True,municipality_id,0,ok,,data/interim/downstream_bjs_ref0_nonhybrid/birth_health/annual/ieps_prenatal_zero_pp.parquet,84777,44384,4037,4036,2792,1244,2010,2020,1534,0,1,,0.0172807689122704,-0.3580417920039343,0.3580417920039343,7,4.871838388139766,3,fail,8,3,0.3580417920039343
inep_transition_total_taxa_migracao_eja_em,inep_transition_total_taxa_migracao_eja_em,inep_transition_total_taxa_migracao_eja_em,Total Taxa Migracao Eja Em,education,Education outcomes,dropout_flow,annual,data/clean/downstream/bdd_education_bvr_screen_panel_2000_2020.parquet,resources/did/downstream_bjs_ref0_nonhybrid/education/annual/dropout_flow/inep_transition_total_taxa_migracao_eja_em,resources/figures/downstream_bjs_ref0_nonhybrid/education/annual/inep_transition_total_taxa_migracao_eja_em_bjs_ref0_nonhybrid.png,True,municipality_id,0,ok,,data/interim/downstream_bjs_ref0_nonhybrid/education/annual/inep_transition_total_taxa_migracao_eja_em.parquet,84777,52267,4037,4030,2786,1244,2008,2020,1534,0,1,,0.3282549373205816,0.3424987212141897,0.3424987212141897,8,12.57832016535799,8,fail,8,3,0.3424987212141897
inep_ind_publica_ird_alta,inep_ind_publica_ird_alta,inep_ind_publica_ird_alta,Publica Ird Alta,education,Education outcomes,teacher_profile,annual,data/clean/downstream/bdd_education_bvr_screen_panel_2000_2020.parquet,resources/did/downstream_bjs_ref0_nonhybrid/education/annual/teacher_profile/inep_ind_publica_ird_alta,resources/figures/downstream_bjs_ref0_nonhybrid/education/annual/inep_ind_publica_ird_alta_bjs_ref0_nonhybrid.png,True,municipality_id,0,ok,,data/interim/downstream_bjs_ref0_nonhybrid/education/annual/inep_ind_publica_ird_alta.parquet,84777,32288,4037,4036,2792,1244,2013,2020,1534,0,1,,-0.3294474873460253,-0.319509499888509,0.319509499888509,4,3.1551619876346315,3,fail,6,3,0.319509499888509
log_municipal_eja_enrollment,log1p_enrollment_municipal_eja_total,log1p_enrollment_municipal_eja_total,"EJA enrollment, municipal schools",adult_eja,Adult education / EJA outcomes,adult_enrollment,annual,data/clean/downstream/bdd_adult_education_bvr_panel_2000_2020.parquet,resources/did/downstream_bjs_ref0_nonhybrid/adult_eja/annual/adult_enrollment/log_municipal_eja_enrollment,resources/figures/downstream_bjs_ref0_nonhybrid/adult_eja/annual/log_municipal_eja_enrollment_bjs_ref0_nonhybrid.png,True,municipality_id,0,ok,,data/interim/downstream_bjs_ref0_nonhybrid/adult_eja/annual/log_municipal_eja_enrollment.parquet,84777,56518,4037,4037,2792,1245,2007,2020,1534,0,1,,0.09930257246064,0.3055031411659176,0.3055031411659176,8,2.5086383315709435,2,fail,8,3,0.3055031411659176
sinasc_all_mother_35plus_share_known_pp,sinasc_all_mother_35plus_share_known_pp,sinasc_all_mother_35plus_share_known_pp,Mother age 35+ share: All mothers,birth_health,Birth and health outcomes,sinasc_all,annual,data/clean/downstream/bdd_health_bvr_screen_panel_2000_2020.parquet,resources/did/downstream_bjs_ref0_nonhybrid/birth_health/annual/sinasc_all/sinasc_all_mother_35plus_share_known_pp,resources/figures/downstream_bjs_ref0_nonhybrid/birth_health/annual/sinasc_all_mother_35plus_share_known_pp_bjs_ref0_nonhybrid.png,True,municipality_id,0,ok,SINASC outcomes inside the BDD health screen.,data/interim/downstream_bjs_ref0_nonhybrid/birth_health/annual/sinasc_all_mother_35plus_share_known_pp.parquet,84777,84609,4037,4036,2792,1244,2000,2020,1534,0,1,,-0.4838355030738105,-0.3013427466588582,0.3013427466588582,8,6.471333444454841,7,fail,8,3,0.3013427466588582
inep_ind_publica_atu_em,inep_ind_publica_atu_em,inep_ind_publica_atu_em,Publica Atu Em,education,Education outcomes,school_inputs,annual,data/clean/downstream/bdd_education_bvr_screen_panel_2000_2020.parquet,resources/did/downstream_bjs_ref0_nonhybrid/education/annual/school_inputs/inep_ind_publica_atu_em,resources/figures/downstream_bjs_ref0_nonhybrid/education/annual/inep_ind_publica_atu_em_bjs_ref0_nonhybrid.png,True,municipality_id,0,ok,,data/interim/downstream_bjs_ref0_nonhybrid/education/annual/inep_ind_publica_atu_em.parquet,84777,56315,4037,4030,2786,1244,2007,2020,1534,0,1,,-0.2732519655560976,-0.29907797391922686,0.29907797391922686,8,9.250695381222014,8,fail,8,3,0.29907797391922686
eja_spending_share,spending_eja_share_education_pp,spending_eja_share_education_pp,EJA share of education spending,adult_eja,Adult education / EJA outcomes,spending,annual,data/clean/downstream/bdd_adult_education_bvr_panel_2000_2020.parquet,resources/did/downstream_bjs_ref0_nonhybrid/adult_eja/annual/spending/eja_spending_share,resources/figures/downstream_bjs_ref0_nonhybrid/adult_eja/annual/eja_spending_share_bjs_ref0_nonhybrid.png,True,municipality_id,0,ok,,data/interim/downstream_bjs_ref0_nonhybrid/adult_eja/annual/eja_spending_share.parquet,84777,65846,4037,4034,2790,1244,2004,2020,1534,0,1,,-0.5580636518616985,0.2946764930885851,0.2946764930885851,8,2.506701198094172,3,fail,8,3,0.2946764930885851
sinasc_highedu_hospital_birth_location_share_known_pp,sinasc_highedu_hospital_birth_location_share_known_pp,sinasc_highedu_hospital_birth_location_share_known_pp,Hospital birth-location share: High education proxy,birth_health,Birth and health outcomes,sinasc_highedu,annual,data/clean/downstream/bdd_health_bvr_screen_panel_2000_2020.parquet,resources/did/downstream_bjs_ref0_nonhybrid/birth_health/annual/sinasc_highedu/sinasc_highedu_hospital_birth_location_share_known_pp,resources/figures/downstream_bjs_ref0_nonhybrid/birth_health/annual/sinasc_highedu_hospital_birth_location_share_known_pp_bjs_ref0_nonhybrid.png,True,municipality_id,0,ok,SINASC outcomes inside the BDD health screen.,data/interim/downstream_bjs_ref0_nonhybrid/birth_health/annual/sinasc_highedu_hospital_birth_location_share_known_pp.parquet,84777,84584,4037,4036,2792,1244,2000,2020,1534,0,1,,0.0834942470188873,0.29425218130076014,0.29425218130076014,8,2.4061436428589875,3,fail,8,3,0.29425218130076014
ideb_publica_ef_initial_nota_saeb_matematica,ideb_publica_ef_initial_nota_saeb_matematica,ideb_publica_ef_initial_nota_saeb_matematica,Publica Ef Initial Nota Matematica,education,Education outcomes,achievement,biennial,data/clean/downstream/bdd_education_bvr_screen_panel_2000_2020.parquet,resources/did/downstream_bjs_ref0_nonhybrid/education/biennial/achievement/ideb_publica_ef_initial_nota_saeb_matematica,resources/figures/downstream_bjs_ref0_nonhybrid/education/biennial/ideb_publica_ef_initial_nota_saeb_matematica_bjs_ref0_nonhybrid.png,True,municipality_id,0,ok,,data/interim/downstream_bjs_ref0_nonhybrid/education/biennial/ideb_publica_ef_initial_nota_saeb_matematica.parquet,80740,26874,4037,4021,2777,1244,2004,2018,1534,0,2,"Biennial assessment years use analysis period = assessment year - 1, so the first post-BVR assessment is event time 0 and adjacent waves are two-year steps.",0.7228754229775906,-0.2942387018268805,0.2942387018268805,4,2.7603180726735586,2,fail,4,3,0.2942387018268805
eja_spending_share_clean,spending_eja_share_education_clean_pp,spending_eja_share_education_clean_pp,"EJA share of education spending, clean denominator",adult_eja,Adult education / EJA outcomes,spending,annual,data/clean/downstream/bdd_adult_education_bvr_panel_2000_2020.parquet,resources/did/downstream_bjs_ref0_nonhybrid/adult_eja/annual/spending/eja_spending_share_clean,resources/figures/downstream_bjs_ref0_nonhybrid/adult_eja/annual/eja_spending_share_clean_bjs_ref0_nonhybrid.png,True,municipality_id,0,ok,,data/interim/downstream_bjs_ref0_nonhybrid/adult_eja/annual/eja_spending_share_clean.parquet,84777,65840,4037,4034,2790,1244,2004,2020,1534,0,1,,-0.5695578406210929,0.28838282953988614,0.28838282953988614,8,2.6747667443532364,3,fail,8,3,0.28838282953988614
sinasc_highedu_mother_35plus_share_known_pp,sinasc_highedu_mother_35plus_share_known_pp,sinasc_highedu_mother_35plus_share_known_pp,Mother age 35+ share: High education proxy,birth_health,Birth and health outcomes,sinasc_highedu,annual,data/clean/downstream/bdd_health_bvr_screen_panel_2000_2020.parquet,resources/did/downstream_bjs_ref0_nonhybrid/birth_health/annual/sinasc_highedu/sinasc_highedu_mother_35plus_share_known_pp,resources/figures/downstream_bjs_ref0_nonhybrid/birth_health/annual/sinasc_highedu_mother_35plus_share_known_pp_bjs_ref0_nonhybrid.png,True,municipality_id,0,ok,SINASC outcomes inside the BDD health screen.,data/interim/downstream_bjs_ref0_nonhybrid/birth_health/annual/sinasc_highedu_mother_35plus_share_known_pp.parquet,84777,84584,4037,4036,2792,1244,2000,2020,1534,0,1,,-0.474734913099322,-0.28335919529763587,0.28335919529763587,8,5.934759978556115,7,fail,8,3,0.28335919529763587
sinasc_highedu_no_prenatal_share_known_pp,sinasc_highedu_no_prenatal_share_known_pp,sinasc_highedu_no_prenatal_share_known_pp,No prenatal visits share: High education proxy,birth_health,Birth and health outcomes,sinasc_highedu,annual,data/clean/downstream/bdd_health_bvr_screen_panel_2000_2020.parquet,resources/did/downstream_bjs_ref0_nonhybrid/birth_health/annual/sinasc_highedu/sinasc_highedu_no_prenatal_share_known_pp,resources/figures/downstream_bjs_ref0_nonhybrid/birth_health/annual/sinasc_highedu_no_prenatal_share_known_pp_bjs_ref0_nonhybrid.png,True,municipality_id,0,ok,SINASC outcomes inside the BDD health screen.,data/interim/downstream_bjs_ref0_nonhybrid/birth_health/annual/sinasc_highedu_no_prenatal_share_known_pp.parquet,84777,84580,4037,4036,2792,1244,2000,2020,1534,0,1,,0.1192208081536883,-0.2602724051201696,0.2602724051201696,8,2.830107745819591,2,fail,8,3,0.2602724051201696
ideb_publica_ef_final_nota_saeb_lingua_portuguesa,ideb_publica_ef_final_nota_saeb_lingua_portuguesa,ideb_publica_ef_final_nota_saeb_lingua_portuguesa,Publica Ef Final Nota Lingua Portuguesa,education,Education outcomes,achievement,biennial,data/clean/downstream/bdd_education_bvr_screen_panel_2000_2020.parquet,resources/did/downstream_bjs_ref0_nonhybrid/education/biennial/achievement/ideb_publica_ef_final_nota_saeb_lingua_portuguesa,resources/figures/downstream_bjs_ref0_nonhybrid/education/biennial/ideb_publica_ef_final_nota_saeb_lingua_portuguesa_bjs_ref0_nonhybrid.png,True,municipality_id,0,ok,,data/interim/downstream_bjs_ref0_nonhybrid/education/biennial/ideb_publica_ef_final_nota_saeb_lingua_portuguesa.parquet,80740,27136,4037,4033,2789,1244,2004,2018,1534,0,2,"Biennial assessment years use analysis period = assessment year - 1, so the first post-BVR assessment is event time 0 and adjacent waves are two-year steps.",2.5227548206629224,0.2600239736928246,0.2600239736928246,4,6.859841770766338,4,fail,4,3,0.2600239736928246
inep_transition_publica_taxa_evasao_em,inep_transition_publica_taxa_evasao_em,inep_transition_publica_taxa_evasao_em,Publica Taxa Evasao Em,education,Education outcomes,dropout_flow,annual,data/clean/downstream/bdd_education_bvr_screen_panel_2000_2020.parquet,resources/did/downstream_bjs_ref0_nonhybrid/education/annual/dropout_flow/inep_transition_publica_taxa_evasao_em,resources/figures/downstream_bjs_ref0_nonhybrid/education/annual/inep_transition_publica_taxa_evasao_em_bjs_ref0_nonhybrid.png,True,municipality_id,0,ok,,data/interim/downstream_bjs_ref0_nonhybrid/education/annual/inep_transition_publica_taxa_evasao_em.parquet,84777,52266,4037,4030,2786,1244,2008,2020,1534,0,1,,-0.1745591860777476,-0.23992567842597606,0.23992567842597606,8,6.894512297534694,6,fail,8,3,0.23992567842597606
sinasc_all_low_apgar5_share_known_pp,sinasc_all_low_apgar5_share_known_pp,sinasc_all_low_apgar5_share_known_pp,Low Apgar 5 share: All mothers,birth_health,Birth and health outcomes,sinasc_all,annual,data/clean/downstream/bdd_health_bvr_screen_panel_2000_2020.parquet,resources/did/downstream_bjs_ref0_nonhybrid/birth_health/annual/sinasc_all/sinasc_all_low_apgar5_share_known_pp,resources/figures/downstream_bjs_ref0_nonhybrid/birth_health/annual/sinasc_all_low_apgar5_share_known_pp_bjs_ref0_nonhybrid.png,True,municipality_id,0,ok,SINASC outcomes inside the BDD health screen.,data/interim/downstream_bjs_ref0_nonhybrid/birth_health/annual/sinasc_all_low_apgar5_share_known_pp.parquet,84777,84493,4037,4036,2792,1244,2000,2020,1534,0,1,,-0.1369748452918472,-0.23512934994340567,0.23512934994340567,8,3.2073972788846903,6,fail,8,3,0.23512934994340567
sinasc_lowedu_low_apgar5_share_known_pp,sinasc_lowedu_low_apgar5_share_known_pp,sinasc_lowedu_low_apgar5_share_known_pp,Low Apgar 5 share: Low education proxy,birth_health,Birth and health outcomes,sinasc_lowedu,annual,data/clean/downstream/bdd_health_bvr_screen_panel_2000_2020.parquet,resources/did/downstream_bjs_ref0_nonhybrid/birth_health/annual/sinasc_lowedu/sinasc_lowedu_low_apgar5_share_known_pp,resources/figures/downstream_bjs_ref0_nonhybrid/birth_health/annual/sinasc_lowedu_low_apgar5_share_known_pp_bjs_ref0_nonhybrid.png,True,municipality_id,0,ok,SINASC outcomes inside the BDD health screen.,data/interim/downstream_bjs_ref0_nonhybrid/birth_health/annual/sinasc_lowedu_low_apgar5_share_known_pp.parquet,84777,84119,4037,4036,2792,1244,2000,2020,1534,0,1,,-0.1354254417101649,-0.23134794063306655,0.23134794063306655,8,3.203410823160445,6,fail,8,3,0.23134794063306655
inep_transition_total_taxa_evasao_em,inep_transition_total_taxa_evasao_em,inep_transition_total_taxa_evasao_em,Total Taxa Evasao Em,education,Education outcomes,dropout_flow,annual,data/clean/downstream/bdd_education_bvr_screen_panel_2000_2020.parquet,resources/did/downstream_bjs_ref0_nonhybrid/education/annual/dropout_flow/inep_transition_total_taxa_evasao_em,resources/figures/downstream_bjs_ref0_nonhybrid/education/annual/inep_transition_total_taxa_evasao_em_bjs_ref0_nonhybrid.png,True,municipality_id,0,ok,,data/interim/downstream_bjs_ref0_nonhybrid/education/annual/inep_transition_total_taxa_evasao_em.parquet,84777,52267,4037,4030,2786,1244,2008,2020,1534,0,1,,-0.1868180701646142,-0.22941473966532663,0.22941473966532663,8,6.946806123946747,6,fail,8,3,0.22941473966532663
inep_ind_publica_afd_ef_grupo_1,inep_ind_publica_afd_ef_grupo_1,inep_ind_publica_afd_ef_grupo_1,Publica Afd Ef Grupo 1,education,Education outcomes,teacher_profile,annual,data/clean/downstream/bdd_education_bvr_screen_panel_2000_2020.parquet,resources/did/downstream_bjs_ref0_nonhybrid/education/annual/teacher_profile/inep_ind_publica_afd_ef_grupo_1,resources/figures/downstream_bjs_ref0_nonhybrid/education/annual/inep_ind_publica_afd_ef_grupo_1_bjs_ref0_nonhybrid.png,True,municipality_id,0,ok,,data/interim/downstream_bjs_ref0_nonhybrid/education/annual/inep_ind_publica_afd_ef_grupo_1.parquet,84777,32288,4037,4036,2792,1244,2013,2020,1534,0,1,,-0.2787278357645594,-0.22423586299939124,0.22423586299939124,4,3.0641176829740866,1,fail,6,3,0.22423586299939124
inep_transition_publica_taxa_evasao_ef_anos_iniciais,inep_transition_publica_taxa_evasao_ef_anos_iniciais,inep_transition_publica_taxa_evasao_ef_anos_iniciais,Publica Taxa Evasao Ef Anos Iniciais,education,Education outcomes,dropout_flow,annual,data/clean/downstream/bdd_education_bvr_screen_panel_2000_2020.parquet,resources/did/downstream_bjs_ref0_nonhybrid/education/annual/dropout_flow/inep_transition_publica_taxa_evasao_ef_anos_iniciais,resources/figures/downstream_bjs_ref0_nonhybrid/education/annual/inep_transition_publica_taxa_evasao_ef_anos_iniciais_bjs_ref0_nonhybrid.png,True,municipality_id,0,ok,,data/interim/downstream_bjs_ref0_nonhybrid/education/annual/inep_transition_publica_taxa_evasao_ef_anos_iniciais.parquet,84777,52442,4037,4036,2792,1244,2008,2020,1534,0,1,,-0.0663661329859941,-0.22077988105548202,0.22077988105548202,8,4.375823667621407,7,fail,8,3,0.22077988105548202
sinasc_lowedu_preterm_share_known_pp,sinasc_lowedu_preterm_share_known_pp,sinasc_lowedu_preterm_share_known_pp,Preterm birth share: Low education proxy,birth_health,Birth and health outcomes,sinasc_lowedu,annual,data/clean/downstream/bdd_health_bvr_screen_panel_2000_2020.parquet,resources/did/downstream_bjs_ref0_nonhybrid/birth_health/annual/sinasc_lowedu/sinasc_lowedu_preterm_share_known_pp,resources/figures/downstream_bjs_ref0_nonhybrid/birth_health/annual/sinasc_lowedu_preterm_share_known_pp_bjs_ref0_nonhybrid.png,True,municipality_id,0,ok,SINASC outcomes inside the BDD health screen.,data/interim/downstream_bjs_ref0_nonhybrid/birth_health/annual/sinasc_lowedu_preterm_share_known_pp.parquet,84777,84306,4037,4036,2792,1244,2000,2020,1534,0,1,,-0.0815191461076826,-0.21778886226457161,0.21778886226457161,8,2.6261751562818136,2,fail,8,3,0.21778886226457161
inep_transition_total_taxa_evasao_ef_anos_iniciais,inep_transition_total_taxa_evasao_ef_anos_iniciais,inep_transition_total_taxa_evasao_ef_anos_iniciais,Total Taxa Evasao Ef Anos Iniciais,education,Education outcomes,dropout_flow,annual,data/clean/downstream/bdd_education_bvr_screen_panel_2000_2020.parquet,resources/did/downstream_bjs_ref0_nonhybrid/education/annual/dropout_flow/inep_transition_total_taxa_evasao_ef_anos_iniciais,resources/figures/downstream_bjs_ref0_nonhybrid/education/annual/inep_transition_total_taxa_evasao_ef_anos_iniciais_bjs_ref0_nonhybrid.png,True,municipality_id,0,ok,,data/interim/downstream_bjs_ref0_nonhybrid/education/annual/inep_transition_total_taxa_evasao_ef_anos_iniciais.parquet,84777,52442,4037,4036,2792,1244,2008,2020,1534,0,1,,-0.0618376561456079,-0.21177802951618438,0.21177802951618438,8,4.349732305852927,7,fail,8,3,0.21177802951618438
sinasc_all_prenatal_adequate_share_known_pp,sinasc_all_prenatal_adequate_share_known_pp,sinasc_all_prenatal_adequate_share_known_pp,Adequate prenatal visits share: All mothers,birth_health,Birth and health outcomes,sinasc_all,annual,data/clean/downstream/bdd_health_bvr_screen_panel_2000_2020.parquet,resources/did/downstream_bjs_ref0_nonhybrid/birth_health/annual/sinasc_all/sinasc_all_prenatal_adequate_share_known_pp,resources/figures/downstream_bjs_ref0_nonhybrid/birth_health/annual/sinasc_all_prenatal_adequate_share_known_pp_bjs_ref0_nonhybrid.png,True,municipality_id,0,ok,SINASC outcomes inside the BDD health screen.,data/interim/downstream_bjs_ref0_nonhybrid/birth_health/annual/sinasc_all_prenatal_adequate_share_known_pp.parquet,84777,28252,4037,4036,2792,1244,2014,2020,1534,0,1,,0.3278202513147701,0.2014088528395262,0.2014088528395262,3,2.963893288355281,2,fail,4,3,0.2014088528395262
imun_penta_pp,imun_penta_pp,imun_penta_pp,Pentavalent coverage,birth_health,Birth and health outcomes,immunization,annual,data/clean/downstream/bdd_health_bvr_screen_panel_2000_2020.parquet,resources/did/downstream_bjs_ref0_nonhybrid/birth_health/annual/immunization/imun_penta_pp,resources/figures/downstream_bjs_ref0_nonhybrid/birth_health/annual/imun_penta_pp_bjs_ref0_nonhybrid.png,True,municipality_id,0,ok,,data/interim/downstream_bjs_ref0_nonhybrid/birth_health/annual/imun_penta_pp.parquet,84777,36308,4037,4036,2792,1244,2012,2020,1534,0,1,,-0.0499453315586634,-0.19914599106726993,0.19914599106726993,5,4.996511695813983,2,fail,6,3,0.19914599106726993
inep_transition_total_taxa_evasao_ef_anos_finais,inep_transition_total_taxa_evasao_ef_anos_finais,inep_transition_total_taxa_evasao_ef_anos_finais,Total Taxa Evasao Ef Anos Finais,education,Education outcomes,dropout_flow,annual,data/clean/downstream/bdd_education_bvr_screen_panel_2000_2020.parquet,resources/did/downstream_bjs_ref0_nonhybrid/education/annual/dropout_flow/inep_transition_total_taxa_evasao_ef_anos_finais,resources/figures/downstream_bjs_ref0_nonhybrid/education/annual/inep_transition_total_taxa_evasao_ef_anos_finais_bjs_ref0_nonhybrid.png,True,municipality_id,0,ok,,data/interim/downstream_bjs_ref0_nonhybrid/education/annual/inep_transition_total_taxa_evasao_ef_anos_finais.parquet,84777,52442,4037,4036,2792,1244,2008,2020,1534,0,1,,-0.2262440585465683,-0.1941235225538757,0.1941235225538757,8,9.553221379302473,7,fail,8,3,0.1941235225538757
sinasc_highedu_low_birthweight_share_total_pp,sinasc_highedu_low_birthweight_share_total_pp,sinasc_highedu_low_birthweight_share_total_pp,Low-birthweight share: High education proxy,birth_health,Birth and health outcomes,sinasc_highedu,annual,data/clean/downstream/bdd_health_bvr_screen_panel_2000_2020.parquet,resources/did/downstream_bjs_ref0_nonhybrid/birth_health/annual/sinasc_highedu/sinasc_highedu_low_birthweight_share_total_pp,resources/figures/downstream_bjs_ref0_nonhybrid/birth_health/annual/sinasc_highedu_low_birthweight_share_total_pp_bjs_ref0_nonhybrid.png,True,municipality_id,0,ok,SINASC outcomes inside the BDD health screen.,data/interim/downstream_bjs_ref0_nonhybrid/birth_health/annual/sinasc_highedu_low_birthweight_share_total_pp.parquet,84777,84584,4037,4036,2792,1244,2000,2020,1534,0,1,,0.0732139996513284,0.19057788062517916,0.19057788062517916,8,2.487029548626585,3,fail,8,3,0.19057788062517916
sinasc_all_csection_share_known_pp,sinasc_all_csection_share_known_pp,sinasc_all_csection_share_known_pp,C-section share: All mothers,birth_health,Birth and health outcomes,sinasc_all,annual,data/clean/downstream/bdd_health_bvr_screen_panel_2000_2020.parquet,resources/did/downstream_bjs_ref0_nonhybrid/birth_health/annual/sinasc_all/sinasc_all_csection_share_known_pp,resources/figures/downstream_bjs_ref0_nonhybrid/birth_health/annual/sinasc_all_csection_share_known_pp_bjs_ref0_nonhybrid.png,True,municipality_id,0,ok,SINASC outcomes inside the BDD health screen.,data/interim/downstream_bjs_ref0_nonhybrid/birth_health/annual/sinasc_all_csection_share_known_pp.parquet,84777,84608,4037,4036,2792,1244,2000,2020,1534,0,1,,2.2667640330663,-0.18814041097618556,0.18814041097618556,8,14.152941423267327,8,fail,8,3,0.18814041097618556
ideb_municipal_ef_final_ideb,ideb_municipal_ef_final_ideb,ideb_municipal_ef_final_ideb,Municipal Ef Final Ideb,education,Education outcomes,achievement,biennial,data/clean/downstream/bdd_education_bvr_screen_panel_2000_2020.parquet,resources/did/downstream_bjs_ref0_nonhybrid/education/biennial/achievement/ideb_municipal_ef_final_ideb,resources/figures/downstream_bjs_ref0_nonhybrid/education/biennial/ideb_municipal_ef_final_ideb_bjs_ref0_nonhybrid.png,True,municipality_id,0,ok,,data/interim/downstream_bjs_ref0_nonhybrid/education/biennial/ideb_municipal_ef_final_ideb.parquet,80740,17379,4037,2612,1911,701,2004,2018,1534,0,2,"Biennial assessment years use analysis period = assessment year - 1, so the first post-BVR assessment is event time 0 and adjacent waves are two-year steps.",0.0457821677176963,0.18626443186196465,0.18626443186196465,4,4.012609472442653,4,fail,4,3,0.18626443186196465
inep_transition_publica_taxa_evasao_ef_anos_finais,inep_transition_publica_taxa_evasao_ef_anos_finais,inep_transition_publica_taxa_evasao_ef_anos_finais,Publica Taxa Evasao Ef Anos Finais,education,Education outcomes,dropout_flow,annual,data/clean/downstream/bdd_education_bvr_screen_panel_2000_2020.parquet,resources/did/downstream_bjs_ref0_nonhybrid/education/annual/dropout_flow/inep_transition_publica_taxa_evasao_ef_anos_finais,resources/figures/downstream_bjs_ref0_nonhybrid/education/annual/inep_transition_publica_taxa_evasao_ef_anos_finais_bjs_ref0_nonhybrid.png,True,municipality_id,0,ok,,data/interim/downstream_bjs_ref0_nonhybrid/education/annual/inep_transition_publica_taxa_evasao_ef_anos_finais.parquet,84777,52442,4037,4036,2792,1244,2008,2020,1534,0,1,,-0.2274721264911453,-0.1814597662538756,0.1814597662538756,8,9.445187186449516,7,fail,8,3,0.1814597662538756
sinasc_lowedu_high_birthweight_share_total_pp,sinasc_lowedu_high_birthweight_share_total_pp,sinasc_lowedu_high_birthweight_share_total_pp,High-birthweight share: Low education proxy,birth_health,Birth and health outcomes,sinasc_lowedu,annual,data/clean/downstream/bdd_health_bvr_screen_panel_2000_2020.parquet,resources/did/downstream_bjs_ref0_nonhybrid/birth_health/annual/sinasc_lowedu/sinasc_lowedu_high_birthweight_share_total_pp,resources/figures/downstream_bjs_ref0_nonhybrid/birth_health/annual/sinasc_lowedu_high_birthweight_share_total_pp_bjs_ref0_nonhybrid.png,True,municipality_id,0,ok,SINASC outcomes inside the BDD health screen.,data/interim/downstream_bjs_ref0_nonhybrid/birth_health/annual/sinasc_lowedu_high_birthweight_share_total_pp.parquet,84777,84312,4037,4036,2792,1244,2000,2020,1534,0,1,,-0.1233081066473254,0.1813218614340388,0.1813218614340388,8,3.300171780108622,3,fail,8,3,0.1813218614340388
siconfi_education_share_total_spending_pp,siconfi_education_share_total_spending_pp,siconfi_education_share_total_spending_pp,Education Share Total Spending Pp,education,Education outcomes,spending,annual,data/clean/downstream/bdd_education_bvr_screen_panel_2000_2020.parquet,resources/did/downstream_bjs_ref0_nonhybrid/education/annual/spending/siconfi_education_share_total_spending_pp,resources/figures/downstream_bjs_ref0_nonhybrid/education/annual/siconfi_education_share_total_spending_pp_bjs_ref0_nonhybrid.png,True,municipality_id,0,ok,,data/interim/downstream_bjs_ref0_nonhybrid/education/annual/siconfi_education_share_total_spending_pp.parquet,84777,81882,4037,4034,2790,1244,2000,2020,1534,0,1,,-0.1588791772809737,0.17857623782184348,0.17857623782184348,8,2.803265026298709,3,fail,8,3,0.17857623782184348
log_municipal_eja_teachers,log1p_teachers_municipal_eja_total,log1p_teachers_municipal_eja_total,"EJA teachers, municipal schools",adult_eja,Adult education / EJA outcomes,adult_teachers,annual,data/clean/downstream/bdd_adult_education_bvr_panel_2000_2020.parquet,resources/did/downstream_bjs_ref0_nonhybrid/adult_eja/annual/adult_teachers/log_municipal_eja_teachers,resources/figures/downstream_bjs_ref0_nonhybrid/adult_eja/annual/log_municipal_eja_teachers_bjs_ref0_nonhybrid.png,True,municipality_id,0,ok,,data/interim/downstream_bjs_ref0_nonhybrid/adult_eja/annual/log_municipal_eja_teachers.parquet,84777,56518,4037,4037,2792,1245,2007,2020,1534,0,1,,0.0301514473121943,0.173040003162993,0.173040003162993,8,2.183431486284237,2,fail,8,3,0.173040003162993
sinasc_lowedu_congenital_anomaly_share_known_pp,sinasc_lowedu_congenital_anomaly_share_known_pp,sinasc_lowedu_congenital_anomaly_share_known_pp,Congenital anomaly share: Low education proxy,birth_health,Birth and health outcomes,sinasc_lowedu,annual,data/clean/downstream/bdd_health_bvr_screen_panel_2000_2020.parquet,resources/did/downstream_bjs_ref0_nonhybrid/birth_health/annual/sinasc_lowedu/sinasc_lowedu_congenital_anomaly_share_known_pp,resources/figures/downstream_bjs_ref0_nonhybrid/birth_health/annual/sinasc_lowedu_congenital_anomaly_share_known_pp_bjs_ref0_nonhybrid.png,True,municipality_id,0,ok,SINASC outcomes inside the BDD health screen.,data/interim/downstream_bjs_ref0_nonhybrid/birth_health/annual/sinasc_lowedu_congenital_anomaly_share_known_pp.parquet,84777,80301,4037,4036,2792,1244,2000,2020,1534,0,1,,0.0330638278883186,0.17048717236940936,0.17048717236940936,8,2.549343953090066,3,fail,8,3,0.17048717236940936
inep_transition_total_taxa_evasao_ef,inep_transition_total_taxa_evasao_ef,inep_transition_total_taxa_evasao_ef,Total Taxa Evasao Ef,education,Education outcomes,dropout_flow,annual,data/clean/downstream/bdd_education_bvr_screen_panel_2000_2020.parquet,resources/did/downstream_bjs_ref0_nonhybrid/education/annual/dropout_flow/inep_transition_total_taxa_evasao_ef,resources/figures/downstream_bjs_ref0_nonhybrid/education/annual/inep_transition_total_taxa_evasao_ef_bjs_ref0_nonhybrid.png,True,municipality_id,0,ok,,data/interim/downstream_bjs_ref0_nonhybrid/education/annual/inep_transition_total_taxa_evasao_ef.parquet,84777,52442,4037,4036,2792,1244,2008,2020,1534,0,1,,-0.110759494037504,-0.16668733924323403,0.16668733924323403,8,7.940589861275885,7,fail,8,3,0.16668733924323403
inep_transition_publica_taxa_evasao_ef,inep_transition_publica_taxa_evasao_ef,inep_transition_publica_taxa_evasao_ef,Publica Taxa Evasao Ef,education,Education outcomes,dropout_flow,annual,data/clean/downstream/bdd_education_bvr_screen_panel_2000_2020.parquet,resources/did/downstream_bjs_ref0_nonhybrid/education/annual/dropout_flow/inep_transition_publica_taxa_evasao_ef,resources/figures/downstream_bjs_ref0_nonhybrid/education/annual/inep_transition_publica_taxa_evasao_ef_bjs_ref0_nonhybrid.png,True,municipality_id,0,ok,,data/interim/downstream_bjs_ref0_nonhybrid/education/annual/inep_transition_publica_taxa_evasao_ef.parquet,84777,52442,4037,4036,2792,1244,2008,2020,1534,0,1,,-0.1101814136766298,-0.16137440326175462,0.16137440326175462,8,7.813855105547914,7,fail,8,3,0.16137440326175462
public_eja_enrollment_share,enrollment_public_eja_share_selected_pp,enrollment_public_eja_share_selected_pp,"EJA share of selected enrollment, public schools",adult_eja,Adult education / EJA outcomes,adult_enrollment,annual,data/clean/downstream/bdd_adult_education_bvr_panel_2000_2020.parquet,resources/did/downstream_bjs_ref0_nonhybrid/adult_eja/annual/adult_enrollment/public_eja_enrollment_share,resources/figures/downstream_bjs_ref0_nonhybrid/adult_eja/annual/public_eja_enrollment_share_bjs_ref0_nonhybrid.png,True,municipality_id,0,ok,,data/interim/downstream_bjs_ref0_nonhybrid/adult_eja/annual/public_eja_enrollment_share.parquet,84777,56478,4037,4036,2792,1244,2007,2020,1534,0,1,,1.2888521176962366,0.15882525304510958,0.15882525304510958,8,13.452350728730876,8,fail,8,3,0.15882525304510958
sinasc_all_preterm_share_known_pp,sinasc_all_preterm_share_known_pp,sinasc_all_preterm_share_known_pp,Preterm birth share: All mothers,birth_health,Birth and health outcomes,sinasc_all,annual,data/clean/downstream/bdd_health_bvr_screen_panel_2000_2020.parquet,resources/did/downstream_bjs_ref0_nonhybrid/birth_health/annual/sinasc_all/sinasc_all_preterm_share_known_pp,resources/figures/downstream_bjs_ref0_nonhybrid/birth_health/annual/sinasc_all_preterm_share_known_pp_bjs_ref0_nonhybrid.png,True,municipality_id,0,ok,SINASC outcomes inside the BDD health screen.,data/interim/downstream_bjs_ref0_nonhybrid/birth_health/annual/sinasc_all_preterm_share_known_pp.parquet,84777,84607,4037,4036,2792,1244,2000,2020,1534,0,1,,-0.069418673744839,0.15084038814832543,0.15084038814832543,8,2.814776520182281,2,fail,8,3,0.15084038814832543
inep_ind_publica_ied_ef_nivel_6,inep_ind_publica_ied_ef_nivel_6,inep_ind_publica_ied_ef_nivel_6,Publica Ied Ef Nivel 6,education,Education outcomes,teacher_profile,annual,data/clean/downstream/bdd_education_bvr_screen_panel_2000_2020.parquet,resources/did/downstream_bjs_ref0_nonhybrid/education/annual/teacher_profile/inep_ind_publica_ied_ef_nivel_6,resources/figures/downstream_bjs_ref0_nonhybrid/education/annual/inep_ind_publica_ied_ef_nivel_6_bjs_ref0_nonhybrid.png,True,municipality_id,0,ok,,data/interim/downstream_bjs_ref0_nonhybrid/education/annual/inep_ind_publica_ied_ef_nivel_6.parquet,84777,32288,4037,4036,2792,1244,2013,2020,1534,0,1,,-0.0160488434824089,0.1430891669434339,0.1430891669434339,4,3.443969370054281,2,fail,6,3,0.1430891669434339
inep_transition_publica_taxa_migracao_eja_ef_anos_finais,inep_transition_publica_taxa_migracao_eja_ef_anos_finais,inep_transition_publica_taxa_migracao_eja_ef_anos_finais,Publica Taxa Migracao Eja Ef Anos Finais,education,Education outcomes,dropout_flow,annual,data/clean/downstream/bdd_education_bvr_screen_panel_2000_2020.parquet,resources/did/downstream_bjs_ref0_nonhybrid/education/annual/dropout_flow/inep_transition_publica_taxa_migracao_eja_ef_anos_finais,resources/figures/downstream_bjs_ref0_nonhybrid/education/annual/inep_transition_publica_taxa_migracao_eja_ef_anos_finais_bjs_ref0_nonhybrid.png,True,municipality_id,0,ok,,data/interim/downstream_bjs_ref0_nonhybrid/education/annual/inep_transition_publica_taxa_migracao_eja_ef_anos_finais.parquet,84777,52442,4037,4036,2792,1244,2008,2020,1534,0,1,,0.1424661166463606,0.13890918293032958,0.13890918293032958,8,11.035944376295577,8,fail,8,3,0.13890918293032958
sinasc_highedu_low_apgar5_share_known_pp,sinasc_highedu_low_apgar5_share_known_pp,sinasc_highedu_low_apgar5_share_known_pp,Low Apgar 5 share: High education proxy,birth_health,Birth and health outcomes,sinasc_highedu,annual,data/clean/downstream/bdd_health_bvr_screen_panel_2000_2020.parquet,resources/did/downstream_bjs_ref0_nonhybrid/birth_health/annual/sinasc_highedu/sinasc_highedu_low_apgar5_share_known_pp,resources/figures/downstream_bjs_ref0_nonhybrid/birth_health/annual/sinasc_highedu_low_apgar5_share_known_pp_bjs_ref0_nonhybrid.png,True,municipality_id,0,ok,SINASC outcomes inside the BDD health screen.,data/interim/downstream_bjs_ref0_nonhybrid/birth_health/annual/sinasc_highedu_low_apgar5_share_known_pp.parquet,84777,84263,4037,4036,2792,1244,2000,2020,1534,0,1,,-0.094491038940309,-0.12982022761237133,0.12982022761237133,8,2.1814568840547115,2,fail,8,3,0.12982022761237133
siconfi_cycle2_transport_log_pc,log1p_transport_pc_2008,log1p_transport_pc_2008,"Transport expenditure per capita, log(1+x), cycle2",siconfi_log_pc,Log expenditure per capita,transport,cycle2,data/clean/downstream/siconfi_spending_categories_cycle2_2000_2022.parquet,resources/did/downstream_bjs_ref0_nonhybrid/siconfi_log_pc/cycle2/transport/siconfi_cycle2_transport_log_pc,resources/figures/downstream_bjs_ref0_nonhybrid/siconfi_log_pc/cycle2/siconfi_cycle2_transport_log_pc_bjs_ref0_nonhybrid.png,True,municipality_id,0,ok,,data/interim/downstream_bjs_ref0_nonhybrid/siconfi_log_pc/cycle2/siconfi_cycle2_transport_log_pc.parquet,44360,44016,4036,4034,2790,1244,2000,2020,1534,0,2,,0.0217036005776726,0.12897580203415232,0.12897580203415232,4,3.231406379060792,1,fail,4,3,0.12897580203415232
sinasc_all_low_birthweight_share_total_pp,sinasc_all_low_birthweight_share_total_pp,sinasc_all_low_birthweight_share_total_pp,Low-birthweight share: All mothers,birth_health,Birth and health outcomes,sinasc_all,annual,data/clean/downstream/bdd_health_bvr_screen_panel_2000_2020.parquet,resources/did/downstream_bjs_ref0_nonhybrid/birth_health/annual/sinasc_all/sinasc_all_low_birthweight_share_total_pp,resources/figures/downstream_bjs_ref0_nonhybrid/birth_health/annual/sinasc_all_low_birthweight_share_total_pp_bjs_ref0_nonhybrid.png,True,municipality_id,0,ok,SINASC outcomes inside the BDD health screen.,data/interim/downstream_bjs_ref0_nonhybrid/birth_health/annual/sinasc_all_low_birthweight_share_total_pp.parquet,84777,84609,4037,4036,2792,1244,2000,2020,1534,0,1,,0.1824431944506989,0.12610986504417981,0.12610986504417981,8,2.8605332082600725,3,fail,8,3,0.12610986504417981
log_public_eja_enrollment,log1p_enrollment_public_eja_total,log1p_enrollment_public_eja_total,"EJA enrollment, public schools",adult_eja,Adult education / EJA outcomes,adult_enrollment,annual,data/clean/downstream/bdd_adult_education_bvr_panel_2000_2020.parquet,resources/did/downstream_bjs_ref0_nonhybrid/adult_eja/annual/adult_enrollment/log_public_eja_enrollment,resources/figures/downstream_bjs_ref0_nonhybrid/adult_eja/annual/log_public_eja_enrollment_bjs_ref0_nonhybrid.png,True,municipality_id,0,ok,,data/interim/downstream_bjs_ref0_nonhybrid/adult_eja/annual/log_public_eja_enrollment.parquet,84777,56518,4037,4037,2792,1245,2007,2020,1534,0,1,,0.1799649547242439,0.11991421833251634,0.11991421833251634,8,7.747406838425259,8,fail,8,3,0.11991421833251634
sinasc_all_congenital_anomaly_share_known_pp,sinasc_all_congenital_anomaly_share_known_pp,sinasc_all_congenital_anomaly_share_known_pp,Congenital anomaly share: All mothers,birth_health,Birth and health outcomes,sinasc_all,annual,data/clean/downstream/bdd_health_bvr_screen_panel_2000_2020.parquet,resources/did/downstream_bjs_ref0_nonhybrid/birth_health/annual/sinasc_all/sinasc_all_congenital_anomaly_share_known_pp,resources/figures/downstream_bjs_ref0_nonhybrid/birth_health/annual/sinasc_all_congenital_anomaly_share_known_pp_bjs_ref0_nonhybrid.png,True,municipality_id,0,ok,SINASC outcomes inside the BDD health screen.,data/interim/downstream_bjs_ref0_nonhybrid/birth_health/annual/sinasc_all_congenital_anomaly_share_known_pp.parquet,84777,80667,4037,4036,2792,1244,2000,2020,1534,0,1,,0.029443913765085,0.1171131621609599,0.1171131621609599,8,2.7898779546617263,4,fail,8,3,0.1171131621609599
inep_ind_municipal_dsu_ef_anos_finais,inep_ind_municipal_dsu_ef_anos_finais,inep_ind_municipal_dsu_ef_anos_finais,Municipal Dsu Ef Anos Finais,education,Education outcomes,teacher_profile,annual,data/clean/downstream/bdd_education_bvr_screen_panel_2000_2020.parquet,resources/did/downstream_bjs_ref0_nonhybrid/education/annual/teacher_profile/inep_ind_municipal_dsu_ef_anos_finais,resources/figures/downstream_bjs_ref0_nonhybrid/education/annual/inep_ind_municipal_dsu_ef_anos_finais_bjs_ref0_nonhybrid.png,True,municipality_id,0,ok,,data/interim/downstream_bjs_ref0_nonhybrid/education/annual/inep_ind_municipal_dsu_ef_anos_finais.parquet,84777,32657,4037,3468,2490,978,2011,2020,1534,0,1,,0.2783354830340188,0.11230143956349893,0.11230143956349893,6,3.134321750482646,3,fail,8,3,0.11230143956349893
inep_transition_total_taxa_migracao_eja_ef_anos_finais,inep_transition_total_taxa_migracao_eja_ef_anos_finais,inep_transition_total_taxa_migracao_eja_ef_anos_finais,Total Taxa Migracao Eja Ef Anos Finais,education,Education outcomes,dropout_flow,annual,data/clean/downstream/bdd_education_bvr_screen_panel_2000_2020.parquet,resources/did/downstream_bjs_ref0_nonhybrid/education/annual/dropout_flow/inep_transition_total_taxa_migracao_eja_ef_anos_finais,resources/figures/downstream_bjs_ref0_nonhybrid/education/annual/inep_transition_total_taxa_migracao_eja_ef_anos_finais_bjs_ref0_nonhybrid.png,True,municipality_id,0,ok,,data/interim/downstream_bjs_ref0_nonhybrid/education/annual/inep_transition_total_taxa_migracao_eja_ef_anos_finais.parquet,84777,52442,4037,4036,2792,1244,2008,2020,1534,0,1,,0.1334196223871027,0.1059861636680102,0.1059861636680102,8,10.623408519821302,8,fail,8,3,0.1059861636680102
sinasc_highedu_congenital_anomaly_share_known_pp,sinasc_highedu_congenital_anomaly_share_known_pp,sinasc_highedu_congenital_anomaly_share_known_pp,Congenital anomaly share: High education proxy,birth_health,Birth and health outcomes,sinasc_highedu,annual,data/clean/downstream/bdd_health_bvr_screen_panel_2000_2020.parquet,resources/did/downstream_bjs_ref0_nonhybrid/birth_health/annual/sinasc_highedu/sinasc_highedu_congenital_anomaly_share_known_pp,resources/figures/downstream_bjs_ref0_nonhybrid/birth_health/annual/sinasc_highedu_congenital_anomaly_share_known_pp_bjs_ref0_nonhybrid.png,True,municipality_id,0,ok,SINASC outcomes inside the BDD health screen.,data/interim/downstream_bjs_ref0_nonhybrid/birth_health/annual/sinasc_highedu_congenital_anomaly_share_known_pp.parquet,84777,80610,4037,4036,2792,1244,2000,2020,1534,0,1,,0.0096371091532279,0.10555578887609518,0.10555578887609518,8,2.3516948303133294,2,fail,8,3,0.10555578887609518
log_eja_spending_pc,log1p_spending_pc_2008_eja,log1p_spending_pc_2008_eja,EJA spending per capita,adult_eja,Adult education / EJA outcomes,spending,annual,data/clean/downstream/bdd_adult_education_bvr_panel_2000_2020.parquet,resources/did/downstream_bjs_ref0_nonhybrid/adult_eja/annual/spending/log_eja_spending_pc,resources/figures/downstream_bjs_ref0_nonhybrid/adult_eja/annual/log_eja_spending_pc_bjs_ref0_nonhybrid.png,True,municipality_id,0,ok,,data/interim/downstream_bjs_ref0_nonhybrid/adult_eja/annual/log_eja_spending_pc.parquet,84777,68575,4037,4036,2792,1244,2004,2020,1534,0,1,,-0.1297138413861888,0.10251848463332981,0.10251848463332981,8,5.216620776957117,7,fail,8,3,0.10251848463332981
siconfi_annual_transport_log_pc,log1p_transport_pc_2008,log1p_transport_pc_2008,"Transport expenditure per capita, log(1+x), annual",siconfi_log_pc,Log expenditure per capita,transport,annual,data/clean/downstream/siconfi_spending_categories_annual_2000_2022.parquet,resources/did/downstream_bjs_ref0_nonhybrid/siconfi_log_pc/annual/transport/siconfi_annual_transport_log_pc,resources/figures/downstream_bjs_ref0_nonhybrid/siconfi_log_pc/annual/siconfi_annual_transport_log_pc_bjs_ref0_nonhybrid.png,True,municipality_id,0,ok,,data/interim/downstream_bjs_ref0_nonhybrid/siconfi_log_pc/annual/siconfi_annual_transport_log_pc.parquet,84633,81888,4036,4034,2790,1244,2000,2020,1534,0,1,,0.0295123570243516,0.101893626124093,0.101893626124093,8,2.853563642109824,3,fail,8,3,0.101893626124093
ieps_cob_acs_pp,ieps_cob_acs_pp,ieps_cob_acs_pp,IEPS community health-agent coverage,birth_health,Birth and health outcomes,ieps,annual,data/clean/downstream/bdd_health_bvr_screen_panel_2000_2020.parquet,resources/did/downstream_bjs_ref0_nonhybrid/birth_health/annual/ieps/ieps_cob_acs_pp,resources/figures/downstream_bjs_ref0_nonhybrid/birth_health/annual/ieps_cob_acs_pp_bjs_ref0_nonhybrid.png,True,municipality_id,0,ok,,data/interim/downstream_bjs_ref0_nonhybrid/birth_health/annual/ieps_cob_acs_pp.parquet,84777,44381,4037,4036,2792,1244,2010,2020,1534,0,1,,-0.1700482377260271,-0.09855765796433265,0.09855765796433265,7,3.2602144759014138,5,fail,8,3,0.09855765796433265
ideb_publica_ef_final_ideb,ideb_publica_ef_final_ideb,ideb_publica_ef_final_ideb,Publica Ef Final Ideb,education,Education outcomes,achievement,biennial,data/clean/downstream/bdd_education_bvr_screen_panel_2000_2020.parquet,resources/did/downstream_bjs_ref0_nonhybrid/education/biennial/achievement/ideb_publica_ef_final_ideb,resources/figures/downstream_bjs_ref0_nonhybrid/education/biennial/ideb_publica_ef_final_ideb_bjs_ref0_nonhybrid.png,True,municipality_id,0,ok,,data/interim/downstream_bjs_ref0_nonhybrid/education/biennial/ideb_publica_ef_final_ideb.parquet,80740,27136,4037,4033,2789,1244,2004,2018,1534,0,2,"Biennial assessment years use analysis period = assessment year - 1, so the first post-BVR assessment is event time 0 and adjacent waves are two-year steps.",0.0776328763837852,0.08791610461387818,0.08791610461387818,4,2.885781178695125,2,fail,4,3,0.08791610461387818
log_public_eja_teachers,log1p_teachers_public_eja_total,log1p_teachers_public_eja_total,"EJA teachers, public schools",adult_eja,Adult education / EJA outcomes,adult_teachers,annual,data/clean/downstream/bdd_adult_education_bvr_panel_2000_2020.parquet,resources/did/downstream_bjs_ref0_nonhybrid/adult_eja/annual/adult_teachers/log_public_eja_teachers,resources/figures/downstream_bjs_ref0_nonhybrid/adult_eja/annual/log_public_eja_teachers_bjs_ref0_nonhybrid.png,True,municipality_id,0,ok,,data/interim/downstream_bjs_ref0_nonhybrid/adult_eja/annual/log_public_eja_teachers.parquet,84777,56518,4037,4037,2792,1245,2007,2020,1534,0,1,,0.0675598856183149,0.08717072438483649,0.08717072438483649,8,6.043160762844857,8,fail,8,3,0.08717072438483649
sinasc_highedu_prenatal_adequate_share_known_pp,sinasc_highedu_prenatal_adequate_share_known_pp,sinasc_highedu_prenatal_adequate_share_known_pp,Adequate prenatal visits share: High education proxy,birth_health,Birth and health outcomes,sinasc_highedu,annual,data/clean/downstream/bdd_health_bvr_screen_panel_2000_2020.parquet,resources/did/downstream_bjs_ref0_nonhybrid/birth_health/annual/sinasc_highedu/sinasc_highedu_prenatal_adequate_share_known_pp,resources/figures/downstream_bjs_ref0_nonhybrid/birth_health/annual/sinasc_highedu_prenatal_adequate_share_known_pp_bjs_ref0_nonhybrid.png,True,municipality_id,0,ok,SINASC outcomes inside the BDD health screen.,data/interim/downstream_bjs_ref0_nonhybrid/birth_health/annual/sinasc_highedu_prenatal_adequate_share_known_pp.parquet,84777,28251,4037,4036,2792,1244,2014,2020,1534,0,1,,0.3013336043659994,0.07932171029351112,0.07932171029351112,3,2.440623350391869,3,fail,4,3,0.07932171029351112
ieps_private_plan_coverage_pp,ieps_private_plan_coverage_pp,ieps_private_plan_coverage_pp,IEPS private plan coverage,birth_health,Birth and health outcomes,ieps,annual,data/clean/downstream/bdd_health_bvr_screen_panel_2000_2020.parquet,resources/did/downstream_bjs_ref0_nonhybrid/birth_health/annual/ieps/ieps_private_plan_coverage_pp,resources/figures/downstream_bjs_ref0_nonhybrid/birth_health/annual/ieps_private_plan_coverage_pp_bjs_ref0_nonhybrid.png,True,municipality_id,0,ok,,data/interim/downstream_bjs_ref0_nonhybrid/birth_health/annual/ieps_private_plan_coverage_pp.parquet,84777,44352,4037,4032,2789,1243,2010,2020,1534,0,1,,0.1166618674481184,0.07565027065348762,0.07565027065348762,7,2.530901227575701,3,fail,8,3,0.07565027065348762
sinasc_highedu_high_birthweight_share_total_pp,sinasc_highedu_high_birthweight_share_total_pp,sinasc_highedu_high_birthweight_share_total_pp,High-birthweight share: High education proxy,birth_health,Birth and health outcomes,sinasc_highedu,annual,data/clean/downstream/bdd_health_bvr_screen_panel_2000_2020.parquet,resources/did/downstream_bjs_ref0_nonhybrid/birth_health/annual/sinasc_highedu/sinasc_highedu_high_birthweight_share_total_pp,resources/figures/downstream_bjs_ref0_nonhybrid/birth_health/annual/sinasc_highedu_high_birthweight_share_total_pp_bjs_ref0_nonhybrid.png,True,municipality_id,0,ok,SINASC outcomes inside the BDD health screen.,data/interim/downstream_bjs_ref0_nonhybrid/birth_health/annual/sinasc_highedu_high_birthweight_share_total_pp.parquet,84777,84584,4037,4036,2792,1244,2000,2020,1534,0,1,,-0.1012353872050136,0.07073599934645951,0.07073599934645951,8,3.20151143160983,3,fail,8,3,0.07073599934645951
ideb_publica_ef_final_nota_saeb_matematica,ideb_publica_ef_final_nota_saeb_matematica,ideb_publica_ef_final_nota_saeb_matematica,Publica Ef Final Nota Matematica,education,Education outcomes,achievement,biennial,data/clean/downstream/bdd_education_bvr_screen_panel_2000_2020.parquet,resources/did/downstream_bjs_ref0_nonhybrid/education/biennial/achievement/ideb_publica_ef_final_nota_saeb_matematica,resources/figures/downstream_bjs_ref0_nonhybrid/education/biennial/ideb_publica_ef_final_nota_saeb_matematica_bjs_ref0_nonhybrid.png,True,municipality_id,0,ok,,data/interim/downstream_bjs_ref0_nonhybrid/education/biennial/ideb_publica_ef_final_nota_saeb_matematica.parquet,80740,27136,4037,4033,2789,1244,2004,2018,1534,0,2,"Biennial assessment years use analysis period = assessment year - 1, so the first post-BVR assessment is event time 0 and adjacent waves are two-year steps.",1.9186908162426857,0.06543202492706673,0.06543202492706673,4,5.857942062089085,3,fail,4,3,0.06543202492706673
inep_ind_municipal_atu_ef,inep_ind_municipal_atu_ef,inep_ind_municipal_atu_ef,Municipal Atu Ef,education,Education outcomes,school_inputs,annual,data/clean/downstream/bdd_education_bvr_screen_panel_2000_2020.parquet,resources/did/downstream_bjs_ref0_nonhybrid/education/annual/school_inputs/inep_ind_municipal_atu_ef,resources/figures/downstream_bjs_ref0_nonhybrid/education/annual/inep_ind_municipal_atu_ef_bjs_ref0_nonhybrid.png,True,municipality_id,0,ok,,data/interim/downstream_bjs_ref0_nonhybrid/education/annual/inep_ind_municipal_atu_ef.parquet,84777,56148,4037,4026,2784,1242,2007,2020,1534,0,1,,0.2931795565492723,-0.0543351788140103,0.0543351788140103,8,5.889765678621759,6,fail,8,3,0.0543351788140103
inep_ind_publica_had_em,inep_ind_publica_had_em,inep_ind_publica_had_em,Publica Had Em,education,Education outcomes,school_inputs,annual,data/clean/downstream/bdd_education_bvr_screen_panel_2000_2020.parquet,resources/did/downstream_bjs_ref0_nonhybrid/education/annual/school_inputs/inep_ind_publica_had_em,resources/figures/downstream_bjs_ref0_nonhybrid/education/annual/inep_ind_publica_had_em_bjs_ref0_nonhybrid.png,True,municipality_id,0,ok,,data/interim/downstream_bjs_ref0_nonhybrid/education/annual/inep_ind_publica_had_em.parquet,84777,44289,4037,4028,2784,1244,2010,2020,1534,0,1,,0.071229290961878,0.053322944798390795,0.053322944798390795,7,5.1364157125744105,7,fail,8,3,0.053322944798390795
inep_ind_publica_had_ef_anos_finais,inep_ind_publica_had_ef_anos_finais,inep_ind_publica_had_ef_anos_finais,Publica Had Ef Anos Finais,education,Education outcomes,school_inputs,annual,data/clean/downstream/bdd_education_bvr_screen_panel_2000_2020.parquet,resources/did/downstream_bjs_ref0_nonhybrid/education/annual/school_inputs/inep_ind_publica_had_ef_anos_finais,resources/figures/downstream_bjs_ref0_nonhybrid/education/annual/inep_ind_publica_had_ef_anos_finais_bjs_ref0_nonhybrid.png,True,municipality_id,0,ok,,data/interim/downstream_bjs_ref0_nonhybrid/education/annual/inep_ind_publica_had_ef_anos_finais.parquet,84777,44381,4037,4036,2792,1244,2010,2020,1534,0,1,,0.067432606231183,-0.05317157157844702,0.05317157157844702,7,9.531832848464076,7,fail,8,3,0.05317157157844702
sinasc_lowedu_csection_share_known_pp,sinasc_lowedu_csection_share_known_pp,sinasc_lowedu_csection_share_known_pp,C-section share: Low education proxy,birth_health,Birth and health outcomes,sinasc_lowedu,annual,data/clean/downstream/bdd_health_bvr_screen_panel_2000_2020.parquet,resources/did/downstream_bjs_ref0_nonhybrid/birth_health/annual/sinasc_lowedu/sinasc_lowedu_csection_share_known_pp,resources/figures/downstream_bjs_ref0_nonhybrid/birth_health/annual/sinasc_lowedu_csection_share_known_pp_bjs_ref0_nonhybrid.png,True,municipality_id,0,ok,SINASC outcomes inside the BDD health screen.,data/interim/downstream_bjs_ref0_nonhybrid/birth_health/annual/sinasc_lowedu_csection_share_known_pp.parquet,84777,84310,4037,4036,2792,1244,2000,2020,1534,0,1,,2.0081920260069337,-0.04907264029078273,0.04907264029078273,8,10.662354917513923,8,fail,8,3,0.04907264029078273
log_public_child_teachers,log1p_teachers_public_child_regular_total,log1p_teachers_public_child_regular_total,"Regular child teachers, public schools",adult_eja,Adult education / EJA outcomes,child_teachers,annual,data/clean/downstream/bdd_adult_education_bvr_panel_2000_2020.parquet,resources/did/downstream_bjs_ref0_nonhybrid/adult_eja/annual/child_teachers/log_public_child_teachers,resources/figures/downstream_bjs_ref0_nonhybrid/adult_eja/annual/log_public_child_teachers_bjs_ref0_nonhybrid.png,True,municipality_id,0,ok,,data/interim/downstream_bjs_ref0_nonhybrid/adult_eja/annual/log_public_child_teachers.parquet,84777,56518,4037,4037,2792,1245,2007,2020,1534,0,1,,-0.0485112667879404,-0.043678994576864166,0.043678994576864166,8,10.629635098006146,8,fail,8,3,0.043678994576864166
log_municipal_child_teachers,log1p_teachers_municipal_child_regular_total,log1p_teachers_municipal_child_regular_total,"Regular child teachers, municipal schools",adult_eja,Adult education / EJA outcomes,child_teachers,annual,data/clean/downstream/bdd_adult_education_bvr_panel_2000_2020.parquet,resources/did/downstream_bjs_ref0_nonhybrid/adult_eja/annual/child_teachers/log_municipal_child_teachers,resources/figures/downstream_bjs_ref0_nonhybrid/adult_eja/annual/log_municipal_child_teachers_bjs_ref0_nonhybrid.png,True,municipality_id,0,ok,,data/interim/downstream_bjs_ref0_nonhybrid/adult_eja/annual/log_municipal_child_teachers.parquet,84777,56518,4037,4037,2792,1245,2007,2020,1534,0,1,,-0.0499163068437275,-0.04151273665094956,0.04151273665094956,8,8.423779525842388,8,fail,8,3,0.04151273665094956
sinasc_lowedu_low_apgar1_share_known_pp,sinasc_lowedu_low_apgar1_share_known_pp,sinasc_lowedu_low_apgar1_share_known_pp,Low Apgar 1 share: Low education proxy,birth_health,Birth and health outcomes,sinasc_lowedu,annual,data/clean/downstream/bdd_health_bvr_screen_panel_2000_2020.parquet,resources/did/downstream_bjs_ref0_nonhybrid/birth_health/annual/sinasc_lowedu/sinasc_lowedu_low_apgar1_share_known_pp,resources/figures/downstream_bjs_ref0_nonhybrid/birth_health/annual/sinasc_lowedu_low_apgar1_share_known_pp_bjs_ref0_nonhybrid.png,True,municipality_id,0,ok,SINASC outcomes inside the BDD health screen.,data/interim/downstream_bjs_ref0_nonhybrid/birth_health/annual/sinasc_lowedu_low_apgar1_share_known_pp.parquet,84777,84134,4037,4036,2792,1244,2000,2020,1534,0,1,,0.1631643288938516,-0.0415055111660356,0.0415055111660356,8,2.6311690517048376,3,fail,8,3,0.0415055111660356
ideb_municipal_ef_initial_nota_saeb_media_padronizada,ideb_municipal_ef_initial_nota_saeb_media_padronizada,ideb_municipal_ef_initial_nota_saeb_media_padronizada,Municipal Ef Initial Nota Media Padronizada,education,Education outcomes,achievement,biennial,data/clean/downstream/bdd_education_bvr_screen_panel_2000_2020.parquet,resources/did/downstream_bjs_ref0_nonhybrid/education/biennial/achievement/ideb_municipal_ef_initial_nota_saeb_media_padronizada,resources/figures/downstream_bjs_ref0_nonhybrid/education/biennial/ideb_municipal_ef_initial_nota_saeb_media_padronizada_bjs_ref0_nonhybrid.png,True,municipality_id,0,ok,,data/interim/downstream_bjs_ref0_nonhybrid/education/biennial/ideb_municipal_ef_initial_nota_saeb_media_padronizada.parquet,80740,28727,4037,3910,2697,1213,2004,2018,1534,0,2,"Biennial assessment years use analysis period = assessment year - 1, so the first post-BVR assessment is event time 0 and adjacent waves are two-year steps.",0.0430662189930886,-0.03937507700442853,0.03937507700442853,4,4.458816838025764,4,fail,4,3,0.03937507700442853
ideb_municipal_ef_final_nota_saeb_media_padronizada,ideb_municipal_ef_final_nota_saeb_media_padronizada,ideb_municipal_ef_final_nota_saeb_media_padronizada,Municipal Ef Final Nota Media Padronizada,education,Education outcomes,achievement,biennial,data/clean/downstream/bdd_education_bvr_screen_panel_2000_2020.parquet,resources/did/downstream_bjs_ref0_nonhybrid/education/biennial/achievement/ideb_municipal_ef_final_nota_saeb_media_padronizada,resources/figures/downstream_bjs_ref0_nonhybrid/education/biennial/ideb_municipal_ef_final_nota_saeb_media_padronizada_bjs_ref0_nonhybrid.png,True,municipality_id,0,ok,,data/interim/downstream_bjs_ref0_nonhybrid/education/biennial/ideb_municipal_ef_final_nota_saeb_media_padronizada.parquet,80740,17379,4037,2612,1911,701,2004,2018,1534,0,2,"Biennial assessment years use analysis period = assessment year - 1, so the first post-BVR assessment is event time 0 and adjacent waves are two-year steps.",0.0567383061715742,0.038690787712809954,0.038690787712809954,4,6.320654414317104,4,fail,4,3,0.038690787712809954
sinasc_dedicated_mean_birthweight_high_education,mean_birthweight_grams_high_education,mean_birthweight_grams_high_education,SINASC mean birthweight: high education proxy,birth_health,Birth and health outcomes,sinasc_dedicated,annual,data/clean/downstream/sinasc_birthweight_by_mother_education_bvr_panel_2000_2020.parquet,resources/did/downstream_bjs_ref0_nonhybrid/birth_health/annual/sinasc_dedicated/sinasc_dedicated_mean_birthweight_high_education,resources/figures/downstream_bjs_ref0_nonhybrid/birth_health/annual/sinasc_dedicated_mean_birthweight_high_education_bjs_ref0_nonhybrid.png,True,municipality_id,0,ok,High education proxy is 8+ completed years.,data/interim/downstream_bjs_ref0_nonhybrid/birth_health/annual/sinasc_dedicated_mean_birthweight_high_education.parquet,84777,84580,4037,4036,2792,1244,2000,2020,1534,0,1,,-7.040590129262203,0.037863741056110234,0.037863741056110234,8,4.71603238740465,8,fail,8,3,0.037863741056110234
sinasc_highedu_mean_birthweight_grams,sinasc_highedu_mean_birthweight_grams,sinasc_highedu_mean_birthweight_grams,Mean birthweight: High education proxy,birth_health,Birth and health outcomes,sinasc_highedu,annual,data/clean/downstream/bdd_health_bvr_screen_panel_2000_2020.parquet,resources/did/downstream_bjs_ref0_nonhybrid/birth_health/annual/sinasc_highedu/sinasc_highedu_mean_birthweight_grams,resources/figures/downstream_bjs_ref0_nonhybrid/birth_health/annual/sinasc_highedu_mean_birthweight_grams_bjs_ref0_nonhybrid.png,True,municipality_id,0,ok,SINASC outcomes inside the BDD health screen.,data/interim/downstream_bjs_ref0_nonhybrid/birth_health/annual/sinasc_highedu_mean_birthweight_grams.parquet,84777,84580,4037,4036,2792,1244,2000,2020,1534,0,1,,-7.040590129262203,0.0378637410561099,0.0378637410561099,8,4.71603238740465,8,fail,8,3,0.0378637410561099
siconfi_cycle2_education_log_pc,log1p_education_pc_2008,log1p_education_pc_2008,"Education expenditure per capita, log(1+x), cycle2",siconfi_log_pc,Log expenditure per capita,education,cycle2,data/clean/downstream/siconfi_spending_categories_cycle2_2000_2022.parquet,resources/did/downstream_bjs_ref0_nonhybrid/siconfi_log_pc/cycle2/education/siconfi_cycle2_education_log_pc,resources/figures/downstream_bjs_ref0_nonhybrid/siconfi_log_pc/cycle2/siconfi_cycle2_education_log_pc_bjs_ref0_nonhybrid.png,True,municipality_id,0,ok,,data/interim/downstream_bjs_ref0_nonhybrid/siconfi_log_pc/cycle2/siconfi_cycle2_education_log_pc.parquet,44360,44016,4036,4034,2790,1244,2000,2020,1534,0,2,,0.0270911329139087,0.03744041914688595,0.03744041914688595,4,3.802975256888226,3,fail,4,3,0.03744041914688595
inep_ind_municipal_ied_ef_nivel_6,inep_ind_municipal_ied_ef_nivel_6,inep_ind_municipal_ied_ef_nivel_6,Municipal Ied Ef Nivel 6,education,Education outcomes,teacher_profile,annual,data/clean/downstream/bdd_education_bvr_screen_panel_2000_2020.parquet,resources/did/downstream_bjs_ref0_nonhybrid/education/annual/teacher_profile/inep_ind_municipal_ied_ef_nivel_6,resources/figures/downstream_bjs_ref0_nonhybrid/education/annual/inep_ind_municipal_ied_ef_nivel_6_bjs_ref0_nonhybrid.png,True,municipality_id,0,ok,,data/interim/downstream_bjs_ref0_nonhybrid/education/annual/inep_ind_municipal_ied_ef_nivel_6.parquet,84777,32184,4037,4025,2784,1241,2013,2020,1534,0,1,,0.1115506845738034,-0.035502751667846506,0.035502751667846506,4,3.8114157102394,3,fail,6,3,0.035502751667846506
siconfi_annual_health_log_pc,log1p_health_pc_2008,log1p_health_pc_2008,"Health expenditure per capita, log(1+x), annual",siconfi_log_pc,Log expenditure per capita,health,annual,data/clean/downstream/siconfi_spending_categories_annual_2000_2022.parquet,resources/did/downstream_bjs_ref0_nonhybrid/siconfi_log_pc/annual/health/siconfi_annual_health_log_pc,resources/figures/downstream_bjs_ref0_nonhybrid/siconfi_log_pc/annual/siconfi_annual_health_log_pc_bjs_ref0_nonhybrid.png,True,municipality_id,0,ok,,data/interim/downstream_bjs_ref0_nonhybrid/siconfi_log_pc/annual/siconfi_annual_health_log_pc.parquet,84633,81889,4036,4034,2790,1244,2000,2020,1534,0,1,,0.0308640562266059,-0.03544432480100923,0.03544432480100923,8,3.667628609209786,5,fail,8,3,0.03544432480100923
ideb_publica_ef_initial_ideb,ideb_publica_ef_initial_ideb,ideb_publica_ef_initial_ideb,Publica Ef Initial Ideb,education,Education outcomes,achievement,biennial,data/clean/downstream/bdd_education_bvr_screen_panel_2000_2020.parquet,resources/did/downstream_bjs_ref0_nonhybrid/education/biennial/achievement/ideb_publica_ef_initial_ideb,resources/figures/downstream_bjs_ref0_nonhybrid/education/biennial/ideb_publica_ef_initial_ideb_bjs_ref0_nonhybrid.png,True,municipality_id,0,ok,,data/interim/downstream_bjs_ref0_nonhybrid/education/biennial/ideb_publica_ef_initial_ideb.parquet,80740,26874,4037,4021,2777,1244,2004,2018,1534,0,2,"Biennial assessment years use analysis period = assessment year - 1, so the first post-BVR assessment is event time 0 and adjacent waves are two-year steps.",0.0547982726932528,0.034587204510588845,0.034587204510588845,4,6.437642100459168,2,fail,4,3,0.034587204510588845
inep_transition_total_taxa_promocao_em,inep_transition_total_taxa_promocao_em,inep_transition_total_taxa_promocao_em,Total Taxa Promocao Em,education,Education outcomes,dropout_flow,annual,data/clean/downstream/bdd_education_bvr_screen_panel_2000_2020.parquet,resources/did/downstream_bjs_ref0_nonhybrid/education/annual/dropout_flow/inep_transition_total_taxa_promocao_em,resources/figures/downstream_bjs_ref0_nonhybrid/education/annual/inep_transition_total_taxa_promocao_em_bjs_ref0_nonhybrid.png,True,municipality_id,0,ok,,data/interim/downstream_bjs_ref0_nonhybrid/education/annual/inep_transition_total_taxa_promocao_em.parquet,84777,52267,4037,4030,2786,1244,2008,2020,1534,0,1,,-0.1497011991648807,0.03408735053755216,0.03408735053755216,8,3.1658344682643693,3,fail,8,3,0.03408735053755216
ideb_municipal_ef_initial_ideb,ideb_municipal_ef_initial_ideb,ideb_municipal_ef_initial_ideb,Municipal Ef Initial Ideb,education,Education outcomes,achievement,biennial,data/clean/downstream/bdd_education_bvr_screen_panel_2000_2020.parquet,resources/did/downstream_bjs_ref0_nonhybrid/education/biennial/achievement/ideb_municipal_ef_initial_ideb,resources/figures/downstream_bjs_ref0_nonhybrid/education/biennial/ideb_municipal_ef_initial_ideb_bjs_ref0_nonhybrid.png,True,municipality_id,0,ok,,data/interim/downstream_bjs_ref0_nonhybrid/education/biennial/ideb_municipal_ef_initial_ideb.parquet,80740,28726,4037,3910,2697,1213,2004,2018,1534,0,2,"Biennial assessment years use analysis period = assessment year - 1, so the first post-BVR assessment is event time 0 and adjacent waves are two-year steps.",0.0592238118454205,0.03273390311589758,0.03273390311589758,4,4.951311433508788,4,fail,4,3,0.03273390311589758
log_municipal_child_enrollment,log1p_enrollment_municipal_child_regular_total,log1p_enrollment_municipal_child_regular_total,"Regular child enrollment, municipal schools",adult_eja,Adult education / EJA outcomes,child_enrollment,annual,data/clean/downstream/bdd_adult_education_bvr_panel_2000_2020.parquet,resources/did/downstream_bjs_ref0_nonhybrid/adult_eja/annual/child_enrollment/log_municipal_child_enrollment,resources/figures/downstream_bjs_ref0_nonhybrid/adult_eja/annual/log_municipal_child_enrollment_bjs_ref0_nonhybrid.png,True,municipality_id,0,ok,,data/interim/downstream_bjs_ref0_nonhybrid/adult_eja/annual/log_municipal_child_enrollment.parquet,84777,56518,4037,4037,2792,1245,2007,2020,1534,0,1,,-0.0153087510708294,-0.029753960529047947,0.029753960529047947,8,5.936859155059568,8,fail,8,3,0.029753960529047947
ideb_publica_ef_initial_nota_saeb_media_padronizada,ideb_publica_ef_initial_nota_saeb_media_padronizada,ideb_publica_ef_initial_nota_saeb_media_padronizada,Publica Ef Initial Nota Media Padronizada,education,Education outcomes,achievement,biennial,data/clean/downstream/bdd_education_bvr_screen_panel_2000_2020.parquet,resources/did/downstream_bjs_ref0_nonhybrid/education/biennial/achievement/ideb_publica_ef_initial_nota_saeb_media_padronizada,resources/figures/downstream_bjs_ref0_nonhybrid/education/biennial/ideb_publica_ef_initial_nota_saeb_media_padronizada_bjs_ref0_nonhybrid.png,True,municipality_id,0,ok,,data/interim/downstream_bjs_ref0_nonhybrid/education/biennial/ideb_publica_ef_initial_nota_saeb_media_padronizada.parquet,80740,26874,4037,4021,2777,1244,2004,2018,1534,0,2,"Biennial assessment years use analysis period = assessment year - 1, so the first post-BVR assessment is event time 0 and adjacent waves are two-year steps.",0.0327817870075851,-0.028784957563079423,0.028784957563079423,4,3.774520256112196,2,fail,4,3,0.028784957563079423
inep_ind_publica_had_ef,inep_ind_publica_had_ef,inep_ind_publica_had_ef,Publica Had Ef,education,Education outcomes,school_inputs,annual,data/clean/downstream/bdd_education_bvr_screen_panel_2000_2020.parquet,resources/did/downstream_bjs_ref0_nonhybrid/education/annual/school_inputs/inep_ind_publica_had_ef,resources/figures/downstream_bjs_ref0_nonhybrid/education/annual/inep_ind_publica_had_ef_bjs_ref0_nonhybrid.png,True,municipality_id,0,ok,,data/interim/downstream_bjs_ref0_nonhybrid/education/annual/inep_ind_publica_had_ef.parquet,84777,44384,4037,4036,2792,1244,2010,2020,1534,0,1,,0.0630315992822402,-0.025306317871823282,0.025306317871823282,7,10.721606029610609,7,fail,8,3,0.025306317871823282
ideb_municipal_ef_initial_indicador_rendimento,ideb_municipal_ef_initial_indicador_rendimento,ideb_municipal_ef_initial_indicador_rendimento,Municipal Ef Initial Indicador Rendimento,education,Education outcomes,achievement,biennial,data/clean/downstream/bdd_education_bvr_screen_panel_2000_2020.parquet,resources/did/downstream_bjs_ref0_nonhybrid/education/biennial/achievement/ideb_municipal_ef_initial_indicador_rendimento,resources/figures/downstream_bjs_ref0_nonhybrid/education/biennial/ideb_municipal_ef_initial_indicador_rendimento_bjs_ref0_nonhybrid.png,True,municipality_id,0,ok,,data/interim/downstream_bjs_ref0_nonhybrid/education/biennial/ideb_municipal_ef_initial_indicador_rendimento.parquet,80740,29175,4037,3913,2699,1214,2004,2018,1534,0,2,"Biennial assessment years use analysis period = assessment year - 1, so the first post-BVR assessment is event time 0 and adjacent waves are two-year steps.",0.0093941747660273,0.023381741975402024,0.023381741975402024,4,7.825146287199741,3,fail,4,3,0.023381741975402024
sinasc_all_multiple_pregnancy_share_known_pp,sinasc_all_multiple_pregnancy_share_known_pp,sinasc_all_multiple_pregnancy_share_known_pp,Multiple pregnancy share: All mothers,birth_health,Birth and health outcomes,sinasc_all,annual,data/clean/downstream/bdd_health_bvr_screen_panel_2000_2020.parquet,resources/did/downstream_bjs_ref0_nonhybrid/birth_health/annual/sinasc_all/sinasc_all_multiple_pregnancy_share_known_pp,resources/figures/downstream_bjs_ref0_nonhybrid/birth_health/annual/sinasc_all_multiple_pregnancy_share_known_pp_bjs_ref0_nonhybrid.png,True,municipality_id,0,ok,SINASC outcomes inside the BDD health screen.,data/interim/downstream_bjs_ref0_nonhybrid/birth_health/annual/sinasc_all_multiple_pregnancy_share_known_pp.parquet,84777,84609,4037,4036,2792,1244,2000,2020,1534,0,1,,-0.02840675032112,-0.02296978491257451,0.02296978491257451,8,3.628123545074218,1,fail,8,3,0.02296978491257451
log_public_child_enrollment,log1p_enrollment_public_child_regular_total,log1p_enrollment_public_child_regular_total,"Regular child enrollment, public schools",adult_eja,Adult education / EJA outcomes,child_enrollment,annual,data/clean/downstream/bdd_adult_education_bvr_panel_2000_2020.parquet,resources/did/downstream_bjs_ref0_nonhybrid/adult_eja/annual/child_enrollment/log_public_child_enrollment,resources/figures/downstream_bjs_ref0_nonhybrid/adult_eja/annual/log_public_child_enrollment_bjs_ref0_nonhybrid.png,True,municipality_id,0,ok,,data/interim/downstream_bjs_ref0_nonhybrid/adult_eja/annual/log_public_child_enrollment.parquet,84777,56518,4037,4037,2792,1245,2007,2020,1534,0,1,,-0.0215874381738025,-0.0223288246473459,0.0223288246473459,8,8.457018217741204,8,fail,8,3,0.0223288246473459
ideb_publica_ef_initial_indicador_rendimento,ideb_publica_ef_initial_indicador_rendimento,ideb_publica_ef_initial_indicador_rendimento,Publica Ef Initial Indicador Rendimento,education,Education outcomes,achievement,biennial,data/clean/downstream/bdd_education_bvr_screen_panel_2000_2020.parquet,resources/did/downstream_bjs_ref0_nonhybrid/education/biennial/achievement/ideb_publica_ef_initial_indicador_rendimento,resources/figures/downstream_bjs_ref0_nonhybrid/education/biennial/ideb_publica_ef_initial_indicador_rendimento_bjs_ref0_nonhybrid.png,True,municipality_id,0,ok,,data/interim/downstream_bjs_ref0_nonhybrid/education/biennial/ideb_publica_ef_initial_indicador_rendimento.parquet,80740,27433,4037,4030,2786,1244,2004,2018,1534,0,2,"Biennial assessment years use analysis period = assessment year - 1, so the first post-BVR assessment is event time 0 and adjacent waves are two-year steps.",0.0107295679535719,0.021305345944595204,0.021305345944595204,4,8.053184821658968,3,fail,4,3,0.021305345944595204
public_municipal_transport_share,school_access_public_municipal_transport_enrollment_share_pp,bjs_public_municipal_transport_share,Public-school students with municipal-responsibility transport,school_access_transport,School access / transport,transport_access,annual,data/clean/downstream/bdd_school_access_bvr_panel_2000_2020.parquet,resources/did/downstream_bjs_ref0_nonhybrid/school_access_transport/annual/transport_access/public_municipal_transport_share,resources/figures/downstream_bjs_ref0_nonhybrid/school_access_transport/annual/public_municipal_transport_share_bjs_ref0_nonhybrid.png,True,municipality_id,0,ok,Original panel column is in percentage points; BJS sample divides by 100 to keep shares in 0-1 units.,data/interim/downstream_bjs_ref0_nonhybrid/school_access_transport/annual/public_municipal_transport_share.parquet,84777,52447,4037,4036,2792,1244,2008,2020,1534,0,1,,0.0232078010680092,0.021300772035984378,0.021300772035984378,8,12.982139863688452,8,fail,8,3,0.021300772035984378
sinasc_highedu_very_preterm_share_known_pp,sinasc_highedu_very_preterm_share_known_pp,sinasc_highedu_very_preterm_share_known_pp,Very-preterm birth share: High education proxy,birth_health,Birth and health outcomes,sinasc_highedu,annual,data/clean/downstream/bdd_health_bvr_screen_panel_2000_2020.parquet,resources/did/downstream_bjs_ref0_nonhybrid/birth_health/annual/sinasc_highedu/sinasc_highedu_very_preterm_share_known_pp,resources/figures/downstream_bjs_ref0_nonhybrid/birth_health/annual/sinasc_highedu_very_preterm_share_known_pp_bjs_ref0_nonhybrid.png,True,municipality_id,0,ok,SINASC outcomes inside the BDD health screen.,data/interim/downstream_bjs_ref0_nonhybrid/birth_health/annual/sinasc_highedu_very_preterm_share_known_pp.parquet,84777,84578,4037,4036,2792,1244,2000,2020,1534,0,1,,0.0370208630493582,0.020676864309290503,0.020676864309290503,8,2.924404427255362,3,fail,8,3,0.020676864309290503
sinasc_all_high_birthweight_share_total_pp,sinasc_all_high_birthweight_share_total_pp,sinasc_all_high_birthweight_share_total_pp,High-birthweight share: All mothers,birth_health,Birth and health outcomes,sinasc_all,annual,data/clean/downstream/bdd_health_bvr_screen_panel_2000_2020.parquet,resources/did/downstream_bjs_ref0_nonhybrid/birth_health/annual/sinasc_all/sinasc_all_high_birthweight_share_total_pp,resources/figures/downstream_bjs_ref0_nonhybrid/birth_health/annual/sinasc_all_high_birthweight_share_total_pp_bjs_ref0_nonhybrid.png,True,municipality_id,0,ok,SINASC outcomes inside the BDD health screen.,data/interim/downstream_bjs_ref0_nonhybrid/birth_health/annual/sinasc_all_high_birthweight_share_total_pp.parquet,84777,84609,4037,4036,2792,1244,2000,2020,1534,0,1,,-0.0675214330159905,0.02036265353848567,0.02036265353848567,8,3.643463365040262,2,fail,8,3,0.02036265353848567
public_public_transport_share,school_access_public_public_transport_enrollment_share_pp,bjs_public_public_transport_share,Public-school students using public school transport,school_access_transport,School access / transport,transport_access,annual,data/clean/downstream/bdd_school_access_bvr_panel_2000_2020.parquet,resources/did/downstream_bjs_ref0_nonhybrid/school_access_transport/annual/transport_access/public_public_transport_share,resources/figures/downstream_bjs_ref0_nonhybrid/school_access_transport/annual/public_public_transport_share_bjs_ref0_nonhybrid.png,True,municipality_id,0,ok,Original panel column is in percentage points; BJS sample divides by 100 to keep shares in 0-1 units.,data/interim/downstream_bjs_ref0_nonhybrid/school_access_transport/annual/public_public_transport_share.parquet,84777,52447,4037,4036,2792,1244,2008,2020,1534,0,1,,0.0114363458382042,0.0198092467586283,0.0198092467586283,8,6.634027384448324,8,fail,8,3,0.0198092467586283
municipal_public_transport_share,school_access_municipal_public_transport_enrollment_share_pp,bjs_municipal_public_transport_share,Municipal-school students using public transport,school_access_transport,School access / transport,municipal_school_access,annual,data/clean/downstream/bdd_school_access_bvr_panel_2000_2020.parquet,resources/did/downstream_bjs_ref0_nonhybrid/school_access_transport/annual/municipal_school_access/municipal_public_transport_share,resources/figures/downstream_bjs_ref0_nonhybrid/school_access_transport/annual/municipal_public_transport_share_bjs_ref0_nonhybrid.png,True,municipality_id,0,ok,Original panel column is in percentage points; BJS sample divides by 100 to keep shares in 0-1 units.,data/interim/downstream_bjs_ref0_nonhybrid/school_access_transport/annual/municipal_public_transport_share.parquet,84777,52365,4037,4034,2790,1244,2008,2020,1534,0,1,,0.0103842030674783,0.019114391474036537,0.019114391474036537,8,6.217175786597902,8,fail,8,3,0.019114391474036537
municipal_municipal_transport_share,school_access_municipal_municipal_transport_enrollment_share_pp,bjs_municipal_municipal_transport_share,Municipal-school students with municipal-responsibility transport,school_access_transport,School access / transport,municipal_school_access,annual,data/clean/downstream/bdd_school_access_bvr_panel_2000_2020.parquet,resources/did/downstream_bjs_ref0_nonhybrid/school_access_transport/annual/municipal_school_access/municipal_municipal_transport_share,resources/figures/downstream_bjs_ref0_nonhybrid/school_access_transport/annual/municipal_municipal_transport_share_bjs_ref0_nonhybrid.png,True,municipality_id,0,ok,Original panel column is in percentage points; BJS sample divides by 100 to keep shares in 0-1 units.,data/interim/downstream_bjs_ref0_nonhybrid/school_access_transport/annual/municipal_municipal_transport_share.parquet,84777,52365,4037,4034,2790,1244,2008,2020,1534,0,1,,0.0126879171555596,0.01860076154485879,0.01860076154485879,8,6.175686165232028,8,fail,8,3,0.01860076154485879
inep_ind_publica_atu_ef,inep_ind_publica_atu_ef,inep_ind_publica_atu_ef,Publica Atu Ef,education,Education outcomes,school_inputs,annual,data/clean/downstream/bdd_education_bvr_screen_panel_2000_2020.parquet,resources/did/downstream_bjs_ref0_nonhybrid/education/annual/school_inputs/inep_ind_publica_atu_ef,resources/figures/downstream_bjs_ref0_nonhybrid/education/annual/inep_ind_publica_atu_ef_bjs_ref0_nonhybrid.png,True,municipality_id,0,ok,,data/interim/downstream_bjs_ref0_nonhybrid/education/annual/inep_ind_publica_atu_ef.parquet,84777,56478,4037,4036,2792,1244,2007,2020,1534,0,1,,0.3564403769202842,0.017059425812201087,0.017059425812201087,8,7.656929395543019,6,fail,8,3,0.017059425812201087
public_bus_van_transport_share,school_access_public_bus_van_transport_enrollment_share_pp,bjs_public_bus_van_transport_share,Public-school students using bus/van transport,school_access_transport,School access / transport,transport_access,annual,data/clean/downstream/bdd_school_access_bvr_panel_2000_2020.parquet,resources/did/downstream_bjs_ref0_nonhybrid/school_access_transport/annual/transport_access/public_bus_van_transport_share,resources/figures/downstream_bjs_ref0_nonhybrid/school_access_transport/annual/public_bus_van_transport_share_bjs_ref0_nonhybrid.png,True,municipality_id,0,ok,Original panel column is in percentage points; BJS sample divides by 100 to keep shares in 0-1 units.,data/interim/downstream_bjs_ref0_nonhybrid/school_access_transport/annual/public_bus_van_transport_share.parquet,84777,52447,4037,4036,2792,1244,2008,2020,1534,0,1,,0.0396127461203201,0.016751544499693537,0.016751544499693537,8,15.614697670216664,8,fail,8,3,0.016751544499693537
inep_transition_publica_taxa_migracao_eja_ef,inep_transition_publica_taxa_migracao_eja_ef,inep_transition_publica_taxa_migracao_eja_ef,Publica Taxa Migracao Eja Ef,education,Education outcomes,dropout_flow,annual,data/clean/downstream/bdd_education_bvr_screen_panel_2000_2020.parquet,resources/did/downstream_bjs_ref0_nonhybrid/education/annual/dropout_flow/inep_transition_publica_taxa_migracao_eja_ef,resources/figures/downstream_bjs_ref0_nonhybrid/education/annual/inep_transition_publica_taxa_migracao_eja_ef_bjs_ref0_nonhybrid.png,True,municipality_id,0,ok,,data/interim/downstream_bjs_ref0_nonhybrid/education/annual/inep_transition_publica_taxa_migracao_eja_ef.parquet,84777,52442,4037,4036,2792,1244,2008,2020,1534,0,1,,0.0715846184733015,0.016636774119263776,0.016636774119263776,8,10.367796743113994,8,fail,8,3,0.016636774119263776
inep_ind_municipal_had_ef_anos_finais,inep_ind_municipal_had_ef_anos_finais,inep_ind_municipal_had_ef_anos_finais,Municipal Had Ef Anos Finais,education,Education outcomes,school_inputs,annual,data/clean/downstream/bdd_education_bvr_screen_panel_2000_2020.parquet,resources/did/downstream_bjs_ref0_nonhybrid/education/annual/school_inputs/inep_ind_municipal_had_ef_anos_finais,resources/figures/downstream_bjs_ref0_nonhybrid/education/annual/inep_ind_municipal_had_ef_anos_finais_bjs_ref0_nonhybrid.png,True,municipality_id,0,ok,,data/interim/downstream_bjs_ref0_nonhybrid/education/annual/inep_ind_municipal_had_ef_anos_finais.parquet,84777,31570,4037,2976,2200,776,2010,2020,1534,0,1,,0.0454624979915389,-0.014698107038670735,0.014698107038670735,7,7.327599384234357,5,fail,8,3,0.014698107038670735
siconfi_annual_urbanism_log_pc,log1p_urbanism_pc_2008,log1p_urbanism_pc_2008,"Urbanism expenditure per capita, log(1+x), annual",siconfi_log_pc,Log expenditure per capita,urbanism,annual,data/clean/downstream/siconfi_spending_categories_annual_2000_2022.parquet,resources/did/downstream_bjs_ref0_nonhybrid/siconfi_log_pc/annual/urbanism/siconfi_annual_urbanism_log_pc,resources/figures/downstream_bjs_ref0_nonhybrid/siconfi_log_pc/annual/siconfi_annual_urbanism_log_pc_bjs_ref0_nonhybrid.png,True,municipality_id,0,ok,,data/interim/downstream_bjs_ref0_nonhybrid/siconfi_log_pc/annual/siconfi_annual_urbanism_log_pc.parquet,84633,81889,4036,4034,2790,1244,2000,2020,1534,0,1,,0.0489901438079213,0.013445125841710375,0.013445125841710375,8,2.303367196133477,2,fail,8,3,0.013445125841710375
sinasc_all_very_preterm_share_known_pp,sinasc_all_very_preterm_share_known_pp,sinasc_all_very_preterm_share_known_pp,Very-preterm birth share: All mothers,birth_health,Birth and health outcomes,sinasc_all,annual,data/clean/downstream/bdd_health_bvr_screen_panel_2000_2020.parquet,resources/did/downstream_bjs_ref0_nonhybrid/birth_health/annual/sinasc_all/sinasc_all_very_preterm_share_known_pp,resources/figures/downstream_bjs_ref0_nonhybrid/birth_health/annual/sinasc_all_very_preterm_share_known_pp_bjs_ref0_nonhybrid.png,True,municipality_id,0,ok,SINASC outcomes inside the BDD health screen.,data/interim/downstream_bjs_ref0_nonhybrid/birth_health/annual/sinasc_all_very_preterm_share_known_pp.parquet,84777,84607,4037,4036,2792,1244,2000,2020,1534,0,1,,0.0441574845536521,-0.013091784572109773,0.013091784572109773,8,2.5608418712385537,2,fail,8,3,0.013091784572109773
municipal_bus_van_transport_share,school_access_municipal_bus_van_transport_enrollment_share_pp,bjs_municipal_bus_van_transport_share,Municipal-school students using bus/van transport,school_access_transport,School access / transport,municipal_school_access,annual,data/clean/downstream/bdd_school_access_bvr_panel_2000_2020.parquet,resources/did/downstream_bjs_ref0_nonhybrid/school_access_transport/annual/municipal_school_access/municipal_bus_van_transport_share,resources/figures/downstream_bjs_ref0_nonhybrid/school_access_transport/annual/municipal_bus_van_transport_share_bjs_ref0_nonhybrid.png,True,municipality_id,0,ok,Original panel column is in percentage points; BJS sample divides by 100 to keep shares in 0-1 units.,data/interim/downstream_bjs_ref0_nonhybrid/school_access_transport/annual/municipal_bus_van_transport_share.parquet,84777,52365,4037,4034,2790,1244,2008,2020,1534,0,1,,0.042508121059624,0.011780634597108621,0.011780634597108621,8,16.525707526510757,8,fail,8,3,0.011780634597108621
siconfi_annual_transport_share_total_revenue,transport_share_total_revenue,bjs_siconfi_annual_transport_share_total_revenue,"Transport share of total revenue, annual",siconfi_spending_shares,Spending shares,share_total_revenue,annual,data/clean/downstream/siconfi_spending_categories_annual_2000_2022.parquet,resources/did/downstream_bjs_ref0_nonhybrid/siconfi_spending_shares/annual/share_total_revenue/siconfi_annual_transport_share_total_revenue,resources/figures/downstream_bjs_ref0_nonhybrid/siconfi_spending_shares/annual/siconfi_annual_transport_share_total_revenue_bjs_ref0_nonhybrid.png,True,municipality_id,0,ok,Derived as category real expenditure divided by total real revenue; kept in 0-1 units.,data/interim/downstream_bjs_ref0_nonhybrid/siconfi_spending_shares/annual/siconfi_annual_transport_share_total_revenue.parquet,84633,81848,4036,4034,2790,1244,2000,2020,1534,0,1,,0.00345252845433,-0.010892929646402838,0.010892929646402838,8,4.340398333685932,3,fail,8,3,0.010892929646402838
municipal_rural_residence_share,school_access_municipal_rural_residence_enrollment_share_pp,bjs_municipal_rural_residence_share,Municipal-school students living in rural areas,school_access_transport,School access / transport,municipal_school_access,annual,data/clean/downstream/bdd_school_access_bvr_panel_2000_2020.parquet,resources/did/downstream_bjs_ref0_nonhybrid/school_access_transport/annual/municipal_school_access/municipal_rural_residence_share,resources/figures/downstream_bjs_ref0_nonhybrid/school_access_transport/annual/municipal_rural_residence_share_bjs_ref0_nonhybrid.png,True,municipality_id,0,ok,Original panel column is in percentage points; BJS sample divides by 100 to keep shares in 0-1 units.,data/interim/downstream_bjs_ref0_nonhybrid/school_access_transport/annual/municipal_rural_residence_share.parquet,84777,52365,4037,4034,2790,1244,2008,2020,1534,0,1,,-0.0142397319422804,-0.009150183440748964,0.009150183440748964,8,10.367551040040258,7,fail,8,3,0.009150183440748964
siconfi_annual_health_share_total_spending,health_share_total_spending,bjs_siconfi_annual_health_share_total_spending,"Health share of total expenditure, annual",siconfi_spending_shares,Spending shares,share_total_spending,annual,data/clean/downstream/siconfi_spending_categories_annual_2000_2022.parquet,resources/did/downstream_bjs_ref0_nonhybrid/siconfi_spending_shares/annual/share_total_spending/siconfi_annual_health_share_total_spending,resources/figures/downstream_bjs_ref0_nonhybrid/siconfi_spending_shares/annual/siconfi_annual_health_share_total_spending_bjs_ref0_nonhybrid.png,True,municipality_id,0,ok,Derived as category real expenditure divided by total real expenditure; kept in 0-1 units.,data/interim/downstream_bjs_ref0_nonhybrid/siconfi_spending_shares/annual/siconfi_annual_health_share_total_spending.parquet,84633,81882,4036,4034,2790,1244,2000,2020,1534,0,1,,-0.0027368447267418,-0.007633199865211112,0.007633199865211112,8,3.1015608430338646,2,fail,8,3,0.007633199865211112
siconfi_cycle2_health_share_total_spending,health_share_total_spending,bjs_siconfi_cycle2_health_share_total_spending,"Health share of total expenditure, cycle2",siconfi_spending_shares,Spending shares,share_total_spending,cycle2,data/clean/downstream/siconfi_spending_categories_cycle2_2000_2022.parquet,resources/did/downstream_bjs_ref0_nonhybrid/siconfi_spending_shares/cycle2/share_total_spending/siconfi_cycle2_health_share_total_spending,resources/figures/downstream_bjs_ref0_nonhybrid/siconfi_spending_shares/cycle2/siconfi_cycle2_health_share_total_spending_bjs_ref0_nonhybrid.png,True,municipality_id,0,ok,Derived as category real expenditure divided by total real expenditure; kept in 0-1 units.,data/interim/downstream_bjs_ref0_nonhybrid/siconfi_spending_shares/cycle2/siconfi_cycle2_health_share_total_spending.parquet,44360,44015,4036,4034,2790,1244,2000,2020,1534,0,2,,-0.0034738101284297,-0.007113397515007975,0.007113397515007975,4,2.661598983346582,2,fail,4,3,0.007113397515007975
siconfi_cycle2_health_log_pc,log1p_health_pc_2008,log1p_health_pc_2008,"Health expenditure per capita, log(1+x), cycle2",siconfi_log_pc,Log expenditure per capita,health,cycle2,data/clean/downstream/siconfi_spending_categories_cycle2_2000_2022.parquet,resources/did/downstream_bjs_ref0_nonhybrid/siconfi_log_pc/cycle2/health/siconfi_cycle2_health_log_pc,resources/figures/downstream_bjs_ref0_nonhybrid/siconfi_log_pc/cycle2/siconfi_cycle2_health_log_pc_bjs_ref0_nonhybrid.png,True,municipality_id,0,ok,,data/interim/downstream_bjs_ref0_nonhybrid/siconfi_log_pc/cycle2/siconfi_cycle2_health_log_pc.parquet,44360,44016,4036,4034,2790,1244,2000,2020,1534,0,2,,0.0314185147332816,-0.005561865020529873,0.005561865020529873,4,4.327143232608461,4,fail,4,3,0.005561865020529873
ideb_publica_ef_final_nota_saeb_media_padronizada,ideb_publica_ef_final_nota_saeb_media_padronizada,ideb_publica_ef_final_nota_saeb_media_padronizada,Publica Ef Final Nota Media Padronizada,education,Education outcomes,achievement,biennial,data/clean/downstream/bdd_education_bvr_screen_panel_2000_2020.parquet,resources/did/downstream_bjs_ref0_nonhybrid/education/biennial/achievement/ideb_publica_ef_final_nota_saeb_media_padronizada,resources/figures/downstream_bjs_ref0_nonhybrid/education/biennial/ideb_publica_ef_final_nota_saeb_media_padronizada_bjs_ref0_nonhybrid.png,True,municipality_id,0,ok,,data/interim/downstream_bjs_ref0_nonhybrid/education/biennial/ideb_publica_ef_final_nota_saeb_media_padronizada.parquet,80740,27136,4037,4033,2789,1244,2004,2018,1534,0,2,"Biennial assessment years use analysis period = assessment year - 1, so the first post-BVR assessment is event time 0 and adjacent waves are two-year steps.",0.074025366430252,0.005422040983608505,0.005422040983608505,4,6.516264179705964,4,fail,4,3,0.005422040983608505
inep_transition_total_taxa_migracao_eja_ef,inep_transition_total_taxa_migracao_eja_ef,inep_transition_total_taxa_migracao_eja_ef,Total Taxa Migracao Eja Ef,education,Education outcomes,dropout_flow,annual,data/clean/downstream/bdd_education_bvr_screen_panel_2000_2020.parquet,resources/did/downstream_bjs_ref0_nonhybrid/education/annual/dropout_flow/inep_transition_total_taxa_migracao_eja_ef,resources/figures/downstream_bjs_ref0_nonhybrid/education/annual/inep_transition_total_taxa_migracao_eja_ef_bjs_ref0_nonhybrid.png,True,municipality_id,0,ok,,data/interim/downstream_bjs_ref0_nonhybrid/education/annual/inep_transition_total_taxa_migracao_eja_ef.parquet,84777,52442,4037,4036,2792,1244,2008,2020,1534,0,1,,0.0614430459692742,-0.005391258391020831,0.005391258391020831,8,9.761954104001914,8,fail,8,3,0.005391258391020831
siconfi_annual_infrastructure_spending_share_total_revenue,infrastructure_spending_share_total_revenue,bjs_siconfi_annual_infrastructure_spending_share_total_revenue,"Infrastructure share of total revenue, annual",siconfi_spending_shares,Spending shares,share_total_revenue,annual,data/clean/downstream/siconfi_spending_categories_annual_2000_2022.parquet,resources/did/downstream_bjs_ref0_nonhybrid/siconfi_spending_shares/annual/share_total_revenue/siconfi_annual_infrastructure_spending_share_total_revenue,resources/figures/downstream_bjs_ref0_nonhybrid/siconfi_spending_shares/annual/siconfi_annual_infrastructure_spending_share_total_revenue_bjs_ref0_nonhybrid.png,True,municipality_id,0,ok,Derived as category real expenditure divided by total real revenue; kept in 0-1 units.,data/interim/downstream_bjs_ref0_nonhybrid/siconfi_spending_shares/annual/siconfi_annual_infrastructure_spending_share_total_revenue.parquet,84633,81849,4036,4034,2790,1244,2000,2020,1534,0,1,,-0.0307214022163683,-0.005021929476398035,0.005021929476398035,8,2.071877678260304,2,fail,8,3,0.005021929476398035
siconfi_cycle2_transport_share_total_revenue,transport_share_total_revenue,bjs_siconfi_cycle2_transport_share_total_revenue,"Transport share of total revenue, cycle2",siconfi_spending_shares,Spending shares,share_total_revenue,cycle2,data/clean/downstream/siconfi_spending_categories_cycle2_2000_2022.parquet,resources/did/downstream_bjs_ref0_nonhybrid/siconfi_spending_shares/cycle2/share_total_revenue/siconfi_cycle2_transport_share_total_revenue,resources/figures/downstream_bjs_ref0_nonhybrid/siconfi_spending_shares/cycle2/siconfi_cycle2_transport_share_total_revenue_bjs_ref0_nonhybrid.png,True,municipality_id,0,ok,Derived as category real expenditure divided by total real revenue; kept in 0-1 units.,data/interim/downstream_bjs_ref0_nonhybrid/siconfi_spending_shares/cycle2/siconfi_cycle2_transport_share_total_revenue.parquet,44360,44014,4036,4034,2790,1244,2000,2020,1534,0,2,,-0.0008400249092682829,0.003788538368759113,0.003788538368759113,4,4.098549427452894,1,fail,4,3,0.003788538368759113
siconfi_log1p_education_pc_2008,siconfi_log1p_education_pc_2008,siconfi_log1p_education_pc_2008,Log1P Education Pc 2008,education,Education outcomes,spending,annual,data/clean/downstream/bdd_education_bvr_screen_panel_2000_2020.parquet,resources/did/downstream_bjs_ref0_nonhybrid/education/annual/spending/siconfi_log1p_education_pc_2008,resources/figures/downstream_bjs_ref0_nonhybrid/education/annual/siconfi_log1p_education_pc_2008_bjs_ref0_nonhybrid.png,True,municipality_id,0,ok,,data/interim/downstream_bjs_ref0_nonhybrid/education/annual/siconfi_log1p_education_pc_2008.parquet,84777,81889,4037,4034,2790,1244,2000,2020,1534,0,1,,0.0333313678355505,0.003622022358844528,0.003622022358844528,8,4.401966725747567,5,fail,8,3,0.003622022358844528
siconfi_annual_education_log_pc,log1p_education_pc_2008,log1p_education_pc_2008,"Education expenditure per capita, log(1+x), annual",siconfi_log_pc,Log expenditure per capita,education,annual,data/clean/downstream/siconfi_spending_categories_annual_2000_2022.parquet,resources/did/downstream_bjs_ref0_nonhybrid/siconfi_log_pc/annual/education/siconfi_annual_education_log_pc,resources/figures/downstream_bjs_ref0_nonhybrid/siconfi_log_pc/annual/siconfi_annual_education_log_pc_bjs_ref0_nonhybrid.png,True,municipality_id,0,ok,,data/interim/downstream_bjs_ref0_nonhybrid/siconfi_log_pc/annual/siconfi_annual_education_log_pc.parquet,84633,81889,4036,4034,2790,1244,2000,2020,1534,0,1,,0.0333313678355505,0.003622022358844528,0.003622022358844528,8,4.401966725747567,5,fail,8,3,0.003622022358844528
siconfi_cycle2_transport_share_total_spending,transport_share_total_spending,bjs_siconfi_cycle2_transport_share_total_spending,"Transport share of total expenditure, cycle2",siconfi_spending_shares,Spending shares,share_total_spending,cycle2,data/clean/downstream/siconfi_spending_categories_cycle2_2000_2022.parquet,resources/did/downstream_bjs_ref0_nonhybrid/siconfi_spending_shares/cycle2/share_total_spending/siconfi_cycle2_transport_share_total_spending,resources/figures/downstream_bjs_ref0_nonhybrid/siconfi_spending_shares/cycle2/siconfi_cycle2_transport_share_total_spending_bjs_ref0_nonhybrid.png,True,municipality_id,0,ok,Derived as category real expenditure divided by total real expenditure; kept in 0-1 units.,data/interim/downstream_bjs_ref0_nonhybrid/siconfi_spending_shares/cycle2/siconfi_cycle2_transport_share_total_spending.parquet,44360,44015,4036,4034,2790,1244,2000,2020,1534,0,2,,-0.0009633358635899136,0.003597410093597972,0.003597410093597972,4,3.9676568656017857,1,fail,4,3,0.003597410093597972
ieps_nurses_per_1000,ieps_nurses_per_1000,ieps_nurses_per_1000,IEPS nurses,birth_health,Birth and health outcomes,ieps,annual,data/clean/downstream/bdd_health_bvr_screen_panel_2000_2020.parquet,resources/did/downstream_bjs_ref0_nonhybrid/birth_health/annual/ieps/ieps_nurses_per_1000,resources/figures/downstream_bjs_ref0_nonhybrid/birth_health/annual/ieps_nurses_per_1000_bjs_ref0_nonhybrid.png,True,municipality_id,0,ok,,data/interim/downstream_bjs_ref0_nonhybrid/birth_health/annual/ieps_nurses_per_1000.parquet,84777,44383,4037,4036,2792,1244,2010,2020,1534,0,1,,0.0144973686553607,0.0033631838782718464,0.0033631838782718464,7,2.7156383255246834,4,fail,8,3,0.0033631838782718464
inep_ind_municipal_had_ef,inep_ind_municipal_had_ef,inep_ind_municipal_had_ef,Municipal Had Ef,education,Education outcomes,school_inputs,annual,data/clean/downstream/bdd_education_bvr_screen_panel_2000_2020.parquet,resources/did/downstream_bjs_ref0_nonhybrid/education/annual/school_inputs/inep_ind_municipal_had_ef,resources/figures/downstream_bjs_ref0_nonhybrid/education/annual/inep_ind_municipal_had_ef_bjs_ref0_nonhybrid.png,True,municipality_id,0,ok,,data/interim/downstream_bjs_ref0_nonhybrid/education/annual/inep_ind_municipal_had_ef.parquet,84777,44155,4037,4025,2784,1241,2010,2020,1534,0,1,,0.0506882019332665,-0.003234047027101849,0.003234047027101849,7,8.461357819596515,7,fail,8,3,0.003234047027101849
siconfi_annual_transport_share_total_spending,transport_share_total_spending,bjs_siconfi_annual_transport_share_total_spending,"Transport share of total expenditure, annual",siconfi_spending_shares,Spending shares,share_total_spending,annual,data/clean/downstream/siconfi_spending_categories_annual_2000_2022.parquet,resources/did/downstream_bjs_ref0_nonhybrid/siconfi_spending_shares/annual/share_total_spending/siconfi_annual_transport_share_total_spending,resources/figures/downstream_bjs_ref0_nonhybrid/siconfi_spending_shares/annual/siconfi_annual_transport_share_total_spending_bjs_ref0_nonhybrid.png,True,municipality_id,0,ok,Derived as category real expenditure divided by total real expenditure; kept in 0-1 units.,data/interim/downstream_bjs_ref0_nonhybrid/siconfi_spending_shares/annual/siconfi_annual_transport_share_total_spending.parquet,84633,81881,4036,4034,2790,1244,2000,2020,1534,0,1,,-0.0003492932214424709,0.0031171278880625887,0.0031171278880625887,8,3.982334328163695,2,fail,8,3,0.0031171278880625887
municipal_boat_transport_share,school_access_municipal_boat_transport_enrollment_share_pp,bjs_municipal_boat_transport_share,Municipal-school students using boat transport,school_access_transport,School access / transport,municipal_school_access,annual,data/clean/downstream/bdd_school_access_bvr_panel_2000_2020.parquet,resources/did/downstream_bjs_ref0_nonhybrid/school_access_transport/annual/municipal_school_access/municipal_boat_transport_share,resources/figures/downstream_bjs_ref0_nonhybrid/school_access_transport/annual/municipal_boat_transport_share_bjs_ref0_nonhybrid.png,True,municipality_id,0,ok,Original panel column is in percentage points; BJS sample divides by 100 to keep shares in 0-1 units.,data/interim/downstream_bjs_ref0_nonhybrid/school_access_transport/annual/municipal_boat_transport_share.parquet,84777,52365,4037,4034,2790,1244,2008,2020,1534,0,1,,-0.0015033884194618,-0.002532558371171618,0.002532558371171618,8,4.717655993563503,8,fail,8,3,0.002532558371171618
siconfi_annual_urbanism_share_total_spending,urbanism_share_total_spending,bjs_siconfi_annual_urbanism_share_total_spending,"Urbanism share of total expenditure, annual",siconfi_spending_shares,Spending shares,share_total_spending,annual,data/clean/downstream/siconfi_spending_categories_annual_2000_2022.parquet,resources/did/downstream_bjs_ref0_nonhybrid/siconfi_spending_shares/annual/share_total_spending/siconfi_annual_urbanism_share_total_spending,resources/figures/downstream_bjs_ref0_nonhybrid/siconfi_spending_shares/annual/siconfi_annual_urbanism_share_total_spending_bjs_ref0_nonhybrid.png,True,municipality_id,0,ok,Derived as category real expenditure divided by total real expenditure; kept in 0-1 units.,data/interim/downstream_bjs_ref0_nonhybrid/siconfi_spending_shares/annual/siconfi_annual_urbanism_share_total_spending.parquet,84633,81882,4036,4034,2790,1244,2000,2020,1534,0,1,,0.0018783499988278,-0.0023335918278208963,0.0023335918278208963,8,3.1271407793474064,3,fail,8,3,0.0023335918278208963
public_rural_residence_share,school_access_public_rural_residence_enrollment_share_pp,bjs_public_rural_residence_share,Public-school students living in rural areas,school_access_transport,School access / transport,residence_access,annual,data/clean/downstream/bdd_school_access_bvr_panel_2000_2020.parquet,resources/did/downstream_bjs_ref0_nonhybrid/school_access_transport/annual/residence_access/public_rural_residence_share,resources/figures/downstream_bjs_ref0_nonhybrid/school_access_transport/annual/public_rural_residence_share_bjs_ref0_nonhybrid.png,True,municipality_id,0,ok,Original panel column is in percentage points; BJS sample divides by 100 to keep shares in 0-1 units.,data/interim/downstream_bjs_ref0_nonhybrid/school_access_transport/annual/public_rural_residence_share.parquet,84777,52447,4037,4036,2792,1244,2008,2020,1534,0,1,,-0.0090561134789556,-0.002229846271509737,0.002229846271509737,8,7.310453623623354,6,fail,8,3,0.002229846271509737
sinasc_dedicated_low_birthweight_high_education_share,low_birthweight_share_total_high_education,low_birthweight_share_total_high_education,SINASC low-birthweight share: high education proxy,birth_health,Birth and health outcomes,sinasc_dedicated,annual,data/clean/downstream/sinasc_birthweight_by_mother_education_bvr_panel_2000_2020.parquet,resources/did/downstream_bjs_ref0_nonhybrid/birth_health/annual/sinasc_dedicated/sinasc_dedicated_low_birthweight_high_education_share,resources/figures/downstream_bjs_ref0_nonhybrid/birth_health/annual/sinasc_dedicated_low_birthweight_high_education_share_bjs_ref0_nonhybrid.png,True,municipality_id,0,ok,Share is kept in 0-1 units from the dedicated SINASC panel.,data/interim/downstream_bjs_ref0_nonhybrid/birth_health/annual/sinasc_dedicated_low_birthweight_high_education_share.parquet,84777,84584,4037,4036,2792,1244,2000,2020,1534,0,1,,0.0007321399922815794,0.0019057788275254205,0.0019057788275254205,8,2.48702954859176,3,fail,8,3,0.0019057788275254205
siconfi_annual_education_share_total_spending,education_share_total_spending,bjs_siconfi_annual_education_share_total_spending,"Education share of total expenditure, annual",siconfi_spending_shares,Spending shares,share_total_spending,annual,data/clean/downstream/siconfi_spending_categories_annual_2000_2022.parquet,resources/did/downstream_bjs_ref0_nonhybrid/siconfi_spending_shares/annual/share_total_spending/siconfi_annual_education_share_total_spending,resources/figures/downstream_bjs_ref0_nonhybrid/siconfi_spending_shares/annual/siconfi_annual_education_share_total_spending_bjs_ref0_nonhybrid.png,True,municipality_id,0,ok,Derived as category real expenditure divided by total real expenditure; kept in 0-1 units.,data/interim/downstream_bjs_ref0_nonhybrid/siconfi_spending_shares/annual/siconfi_annual_education_share_total_spending.parquet,84633,81882,4036,4034,2790,1244,2000,2020,1534,0,1,,-0.0015887929252539,0.0017857618238586895,0.0017857618238586895,8,2.803265026013824,3,fail,8,3,0.0017857618238586895
public_boat_transport_share,school_access_public_boat_transport_enrollment_share_pp,bjs_public_boat_transport_share,Public-school students using boat transport,school_access_transport,School access / transport,transport_access,annual,data/clean/downstream/bdd_school_access_bvr_panel_2000_2020.parquet,resources/did/downstream_bjs_ref0_nonhybrid/school_access_transport/annual/transport_access/public_boat_transport_share,resources/figures/downstream_bjs_ref0_nonhybrid/school_access_transport/annual/public_boat_transport_share_bjs_ref0_nonhybrid.png,True,municipality_id,0,ok,Original panel column is in percentage points; BJS sample divides by 100 to keep shares in 0-1 units.,data/interim/downstream_bjs_ref0_nonhybrid/school_access_transport/annual/public_boat_transport_share.parquet,84777,52447,4037,4036,2792,1244,2008,2020,1534,0,1,,-0.0014650942129112,-0.001723653681456281,0.001723653681456281,8,4.016480470399124,8,fail,8,3,0.001723653681456281
public_state_transport_share,school_access_public_state_transport_enrollment_share_pp,bjs_public_state_transport_share,Public-school students with state-responsibility transport,school_access_transport,School access / transport,transport_access,annual,data/clean/downstream/bdd_school_access_bvr_panel_2000_2020.parquet,resources/did/downstream_bjs_ref0_nonhybrid/school_access_transport/annual/transport_access/public_state_transport_share,resources/figures/downstream_bjs_ref0_nonhybrid/school_access_transport/annual/public_state_transport_share_bjs_ref0_nonhybrid.png,True,municipality_id,0,ok,Original panel column is in percentage points; BJS sample divides by 100 to keep shares in 0-1 units.,data/interim/downstream_bjs_ref0_nonhybrid/school_access_transport/annual/public_state_transport_share.parquet,84777,52447,4037,4036,2792,1244,2008,2020,1534,0,1,,-0.0117714947996745,-0.0014915472310158629,0.0014915472310158629,8,12.390756168376884,8,fail,8,3,0.0014915472310158629
inep_transition_publica_taxa_promocao_em,inep_transition_publica_taxa_promocao_em,inep_transition_publica_taxa_promocao_em,Publica Taxa Promocao Em,education,Education outcomes,dropout_flow,annual,data/clean/downstream/bdd_education_bvr_screen_panel_2000_2020.parquet,resources/did/downstream_bjs_ref0_nonhybrid/education/annual/dropout_flow/inep_transition_publica_taxa_promocao_em,resources/figures/downstream_bjs_ref0_nonhybrid/education/annual/inep_transition_publica_taxa_promocao_em_bjs_ref0_nonhybrid.png,True,municipality_id,0,ok,,data/interim/downstream_bjs_ref0_nonhybrid/education/annual/inep_transition_publica_taxa_promocao_em.parquet,84777,52266,4037,4030,2786,1244,2008,2020,1534,0,1,,-0.1979891625708347,-0.00131770257467137,0.00131770257467137,8,3.3435125749387558,3,fail,8,3,0.00131770257467137
municipal_cross_municipality_share,school_access_municipal_cross_municipality_residence_enrollment_share_pp,bjs_municipal_cross_municipality_share,Municipal-school students living outside school municipality,school_access_transport,School access / transport,municipal_school_access,annual,data/clean/downstream/bdd_school_access_bvr_panel_2000_2020.parquet,resources/did/downstream_bjs_ref0_nonhybrid/school_access_transport/annual/municipal_school_access/municipal_cross_municipality_share,resources/figures/downstream_bjs_ref0_nonhybrid/school_access_transport/annual/municipal_cross_municipality_share_bjs_ref0_nonhybrid.png,True,municipality_id,0,ok,Original panel column is in percentage points; BJS sample divides by 100 to keep shares in 0-1 units.,data/interim/downstream_bjs_ref0_nonhybrid/school_access_transport/annual/municipal_cross_municipality_share.parquet,84777,52365,4037,4034,2790,1244,2008,2020,1534,0,1,,-0.0065035852783799,0.0011750569895679624,0.0011750569895679624,8,4.978462369076325,3,fail,8,3,0.0011750569895679624
sinasc_highedu_multiple_pregnancy_share_known_pp,sinasc_highedu_multiple_pregnancy_share_known_pp,sinasc_highedu_multiple_pregnancy_share_known_pp,Multiple pregnancy share: High education proxy,birth_health,Birth and health outcomes,sinasc_highedu,annual,data/clean/downstream/bdd_health_bvr_screen_panel_2000_2020.parquet,resources/did/downstream_bjs_ref0_nonhybrid/birth_health/annual/sinasc_highedu/sinasc_highedu_multiple_pregnancy_share_known_pp,resources/figures/downstream_bjs_ref0_nonhybrid/birth_health/annual/sinasc_highedu_multiple_pregnancy_share_known_pp_bjs_ref0_nonhybrid.png,True,municipality_id,0,ok,SINASC outcomes inside the BDD health screen.,data/interim/downstream_bjs_ref0_nonhybrid/birth_health/annual/sinasc_highedu_multiple_pregnancy_share_known_pp.parquet,84777,84583,4037,4036,2792,1244,2000,2020,1534,0,1,,-0.0533473134893903,-0.0011595465421528881,0.0011595465421528881,8,2.948635925918386,1,fail,8,3,0.0011595465421528881
siconfi_annual_infrastructure_spending_share_total_spending,infrastructure_spending_share_total_spending,bjs_siconfi_annual_infrastructure_spending_share_total_spending,"Infrastructure share of total expenditure, annual",siconfi_spending_shares,Spending shares,share_total_spending,annual,data/clean/downstream/siconfi_spending_categories_annual_2000_2022.parquet,resources/did/downstream_bjs_ref0_nonhybrid/siconfi_spending_shares/annual/share_total_spending/siconfi_annual_infrastructure_spending_share_total_spending,resources/figures/downstream_bjs_ref0_nonhybrid/siconfi_spending_shares/annual/siconfi_annual_infrastructure_spending_share_total_spending_bjs_ref0_nonhybrid.png,True,municipality_id,0,ok,Derived as category real expenditure divided by total real expenditure; kept in 0-1 units.,data/interim/downstream_bjs_ref0_nonhybrid/siconfi_spending_shares/annual/siconfi_annual_infrastructure_spending_share_total_spending.parquet,84633,81882,4036,4034,2790,1244,2000,2020,1534,0,1,,0.00022944982004375665,0.0007361438033722196,0.0007361438033722196,8,2.890129998694948,1,fail,8,3,0.0007361438033722196
public_cross_municipality_share,school_access_public_cross_municipality_residence_enrollment_share_pp,bjs_public_cross_municipality_share,Public-school students living outside school municipality,school_access_transport,School access / transport,residence_access,annual,data/clean/downstream/bdd_school_access_bvr_panel_2000_2020.parquet,resources/did/downstream_bjs_ref0_nonhybrid/school_access_transport/annual/residence_access/public_cross_municipality_share,resources/figures/downstream_bjs_ref0_nonhybrid/school_access_transport/annual/public_cross_municipality_share_bjs_ref0_nonhybrid.png,True,municipality_id,0,ok,Original panel column is in percentage points; BJS sample divides by 100 to keep shares in 0-1 units.,data/interim/downstream_bjs_ref0_nonhybrid/school_access_transport/annual/public_cross_municipality_share.parquet,84777,52447,4037,4036,2792,1244,2008,2020,1534,0,1,,-0.0052126224530511,-4.503959663742482e-05,4.503959663742482e-05,8,4.034958801081253,4,fail,8,3,4.503959663742482e-05
