municipality_id,year_election,first_regime,bvr_status,event_time,pct_low_ed_with_bvr,pct_high_ed_with_bvr,pct_with_bvr,cost_proxy_low_ed,cost_proxy_high_ed,compliance_gap,dilma_share_2010_runoff,dilma_share_2010_first_round,left_coalition_share_2010_first_round,log_population_2010,log_gdp_per_capita_2010,state,region
1200013,2016,hybrid,hybrid_bvr,0.0,0.3232551143200963,0.42302309307207836,0.35325057858194825,0.6767448856799037,0.5769769069279216,0.09976797875198207,0.2489031387107661,0.219681011134517,0.26376767980740295,9.436519311833914,9.182315326729055,AC,Norte
1200104,2016,hybrid,hybrid_bvr,0.0,0.3536104640745386,0.5029457364341086,0.40827797649463465,0.6463895359254614,0.49705426356589144,0.14933527235956995,0.2824240135925996,0.2688540180694246,0.3765097479790775,9.971052738698551,9.095154088019857,AC,Norte
1200179,2016,hybrid,hybrid_bvr,0.0,0.2809149392423159,0.3648293963254593,0.30525247399137273,0.7190850607576841,0.6351706036745407,0.08391445708314338,0.20109211775878444,0.1878974358974359,0.2836923076923077,9.082279701908664,9.420266702513285,AC,Norte
1200302,2016,hybrid,hybrid_bvr,0.0,0.26964010642767117,0.5039398937144951,0.33441410405795635,0.7303598935723288,0.4960601062855049,0.23429978728682394,0.5733935742971887,0.5284263054713955,0.6331313491356264,10.386284003580617,8.730145533800238,AC,Norte
1200328,2018,hybrid,hybrid_bvr,0.0,0.4169501133786848,0.6608695652173913,0.4813269351137075,0.5830498866213152,0.33913043478260874,0.24391945183870645,0.4826062948647156,0.428700769578995,0.5183340878225441,8.79133399330135,8.7434397234113,AC,Norte
1200393,2018,hybrid,hybrid_bvr,0.0,0.47395369545859306,0.6285533796588756,0.514238683127572,0.526046304541407,0.3714466203411244,0.15459968420028253,0.45729349736379615,0.43055985153108567,0.482833281781627,9.124346658809207,8.790794465806405,AC,Norte
1200427,2016,hybrid,hybrid_bvr,0.0,0.21095251166620918,0.4777542372881356,0.3020249502802387,0.7890474883337908,0.5222457627118644,0.2668017256219264,0.36530408773678963,0.39826839826839827,0.4671717171717172,9.574219304763417,9.063353490533068,AC,Norte
1200500,2018,hybrid,hybrid_bvr,0.0,0.22420685118656075,0.4938704028021016,0.305739903981926,0.7757931488134393,0.5061295971978984,0.26966355161554084,0.31916137044342174,0.3001509206157561,0.45801388469664955,10.546104305546345,8.847353358226918,AC,Norte
1200609,2016,hybrid,hybrid_bvr,0.0,0.4080316742081448,0.5708546890150991,0.45522088353413653,0.5919683257918552,0.42914531098490094,0.16282301480695427,0.4664804469273743,0.45243977764051885,0.5190704138357011,10.479819978504239,8.764873914543784,AC,Norte
2900108,2016,hybrid,hybrid_bvr,0.0,0.07464454976303317,0.16344086021505377,0.09839849949502236,0.9253554502369669,0.8365591397849462,0.0887963104520206,0.6284433055733504,0.6499775482712169,0.7047597665020207,9.025936648977904,8.332386586965523,BA,Nordeste
2900207,2018,hybrid,hybrid_bvr,0.0,0.21455938697318008,0.2953396967995508,0.2369228348934162,0.7854406130268199,0.7046603032004493,0.08078030982637072,0.9054444572881748,0.8729878980143344,0.9307954411937492,9.744726260151186,8.179179683257848,BA,Nordeste
2900306,2016,hybrid,hybrid_bvr,0.0,0.05524652338811631,0.14020926756352764,0.08044752264251465,0.9447534766118837,0.8597907324364724,0.08496274417541133,0.6956460674157303,0.6821173104434907,0.7483547925608012,9.592400371638025,8.65877237016604,BA,Nordeste
2900405,2016,hybrid,hybrid_bvr,0.0,0.05230435211684595,0.1690569317687962,0.07390430237233615,0.9476956478831541,0.8309430682312038,0.11675257965195024,0.7422122492080253,0.7183939229517091,0.8376288659793815,9.663388566822505,8.276445979105056,BA,Nordeste
2900504,2018,hybrid,hybrid_bvr,0.0,0.15287537645202925,0.2049054675523761,0.16427771556550952,0.8471246235479708,0.795094532447624,0.05203009110034684,0.7516679021497406,0.7726638772663877,0.8200836820083682,9.2927495082169,8.054928212573776,BA,Nordeste
2900801,2016,hybrid,hybrid_bvr,0.0,0.04864177205717279,0.1343038271894811,0.06919592298980748,0.9513582279428272,0.8656961728105189,0.08566205513230832,0.7750126968004063,0.753655564581641,0.8236190089358245,9.96509992166365,9.040390839144278,BA,Nordeste
2900900,2016,hybrid,hybrid_bvr,0.0,0.07690441533236293,0.15960912052117263,0.09585201793721973,0.9230955846676371,0.8403908794788274,0.0827047051888097,0.6620541205412054,0.5730938878386893,0.7151858853182105,8.757311846936409,8.557369389913829,BA,Nordeste
2901106,2016,hybrid,hybrid_bvr,0.0,0.05826825710117566,0.13951421800947866,0.08791149194641792,0.9417317428988243,0.8604857819905214,0.081245960908303,0.7073715562174236,0.6182683476663605,0.750688820238791,10.134202369346657,8.698455566329097,BA,Nordeste
2901155,2016,hybrid,hybrid_bvr,0.0,0.057770800627943486,0.23852435933539848,0.10654988575780655,0.9422291993720565,0.7614756406646015,0.180753558707455,0.7560718057022175,0.7627027751709344,0.8305402869017294,9.677903525682558,8.238662360195258,BA,Nordeste
2901304,2016,hybrid,hybrid_bvr,0.0,0.0431960049937578,0.17055510860820594,0.07333333333333333,0.9568039950062422,0.829444891391794,0.12735910361444813,0.8639896373056994,0.855544747081712,0.9014267185473411,9.543951376316363,8.236667874167646,BA,Nordeste
2901403,2016,hybrid,hybrid_bvr,0.0,0.04672036823935558,0.18023255813953487,0.08442359911133053,0.9532796317606445,0.8197674418604651,0.1335121899001793,0.7830612727702863,0.7826551192312255,0.8225174991102148,9.552013346996567,8.455482568332414,BA,Nordeste
2901502,2016,hybrid,hybrid_bvr,0.0,0.06278488457579767,0.13396584440227705,0.08258337744838538,0.9372151154242023,0.8660341555977229,0.07118095982647937,0.8262163108155408,0.7488307639009181,0.8442750736185692,9.234252192022495,7.921218438132745,BA,Nordeste
2901601,2016,hybrid,hybrid_bvr,0.0,0.08290554414784394,0.20508586525759578,0.11691427516840454,0.9170944558521561,0.7949141347424042,0.12218032110975184,0.7668928887577456,0.7491808162049449,0.8080131069407209,9.745194973541535,8.140060029776608,BA,Nordeste
2901809,2016,hybrid,hybrid_bvr,0.0,0.06630648330058939,0.20495185694635487,0.10267534345625452,0.9336935166994106,0.7950481430536451,0.13864537364576549,0.6611472501478415,0.640521523178808,0.7274420529801324,9.307013259236443,8.111519255331629,BA,Nordeste
2901908,2016,hybrid,hybrid_bvr,0.0,0.04524015785927423,0.14930667526604322,0.0689171221746196,0.9547598421407257,0.8506933247339568,0.10406651740676898,0.6905904944791167,0.683868501529052,0.7298674821610601,9.783069799056989,8.150778502182668,BA,Nordeste
2901957,2016,hybrid,hybrid_bvr,0.0,0.09781181619256017,0.21494607087827428,0.12365866121614716,0.9021881838074398,0.7850539291217258,0.1171342546857141,0.5713128038897893,0.5598552338530067,0.659521158129176,8.917176635955164,8.49092271580476,BA,Nordeste
2902005,2016,hybrid,hybrid_bvr,0.0,0.0763582966226138,0.24282715185444367,0.11236468973928952,0.9236417033773862,0.7571728481455563,0.16646885523182986,0.7836792574448885,0.7557262193478846,0.8120452708164915,9.528284882554852,8.20765326318138,BA,Nordeste
2902104,2016,hybrid,hybrid_bvr,0.0,0.05041844677240007,0.1558864588180549,0.06700233329239838,0.9495815532276,0.8441135411819451,0.10546801204565484,0.8400521285838402,0.8306486721811058,0.8764475402699173,10.852264835444583,8.3757351686178,BA,Nordeste
2902302,2016,hybrid,hybrid_bvr,0.0,0.06074918566775244,0.15942028985507245,0.08479353020463179,0.9392508143322476,0.8405797101449275,0.09867110418732,0.697030097667929,0.6307501036054703,0.7476170741815168,9.059401196410896,8.393695521279763,BA,Nordeste
2902500,2016,hybrid,hybrid_bvr,0.0,0.0619915205683511,0.2678260869565217,0.11258050665521684,0.9380084794316489,0.7321739130434783,0.2058345663881706,0.8122955288985824,0.8057182705718271,0.8582984658298466,9.536040511615484,8.475167102831177,BA,Nordeste
2902609,2018,hybrid,hybrid_bvr,0.0,0.21047474837445443,0.2721726888784608,0.22699742268041237,0.7895252516255455,0.7278273111215392,0.06169794050400637,0.5781281584798869,0.5664873985025836,0.6525361172624696,9.906483061515926,8.215009669798455,BA,Nordeste
2902658,2016,hybrid,hybrid_bvr,0.0,0.04912324337768934,0.2165318957771788,0.08540266822475412,0.9508767566223106,0.7834681042228212,0.16740865239948946,0.7530246814002258,0.751975786110644,0.8034303009920969,9.37704054786718,8.235329047116018,BA,Nordeste
2902708,2016,hybrid,hybrid_bvr,0.0,0.05757552164434755,0.1521511017838405,0.08478128964642286,0.9424244783556525,0.8478488982161595,0.09457558013949295,0.7540935955818234,0.7531885892318178,0.8074676273001655,10.806186330890815,8.173029617376727,BA,Nordeste
2902807,2018,hybrid,hybrid_bvr,0.0,0.3250702974692911,0.3385309036257749,0.32857749018775856,0.6749297025307088,0.6614690963742251,0.013460606156483812,0.7280034202650706,0.7051733239486186,0.7762625373922224,9.96114306502429,8.46748600711057,BA,Nordeste
2902906,2016,hybrid,hybrid_bvr,0.0,0.08346143412605118,0.23006134969325154,0.11122471335718981,0.9165385658739488,0.7699386503067485,0.14659991556720037,0.5601108382139933,0.5674327694277819,0.6694749612455348,10.457027778709655,8.638330629518993,BA,Nordeste
2903003,2016,hybrid,hybrid_bvr,0.0,0.06539745333168501,0.20534223706176963,0.1130908795053291,0.934602546668315,0.7946577629382303,0.13994478373008462,0.8307075732448866,0.8151852373573742,0.8750528243414566,9.545883605779304,8.221351324464669,BA,Nordeste
2903201,2016,hybrid,hybrid_bvr,0.0,0.07081907745578961,0.1374769097033576,0.10317930072295269,0.9291809225442104,0.8625230902966424,0.066657832247568,0.7239102835378756,0.6625370320495556,0.8079551575545381,11.830848146015722,9.545564414416061,BA,Nordeste
2903276,2016,hybrid,hybrid_bvr,0.0,0.06524207701042635,0.19913916786226685,0.10062224920321748,0.9347579229895736,0.8008608321377332,0.13389709085184048,0.8247084548104956,0.7846172598732326,0.8465382740126768,9.560363239834537,9.52306217661655,BA,Nordeste
2903409,2018,hybrid,hybrid_bvr,0.0,0.28235179216720385,0.32410909814851685,0.2959203719468273,0.7176482078327961,0.6758909018514832,0.041757305981313,0.6722477566207048,0.643661971830986,0.7817984832069339,9.989573501449257,8.933366277602973,BA,Nordeste
2903508,2016,hybrid,hybrid_bvr,0.0,0.08704758713136729,0.23573667711598745,0.11824123588829472,0.9129524128686327,0.7642633228840126,0.14868908998462016,0.620302925193664,0.6437340464324784,0.7062112556217334,9.681655640646714,8.227132243579238,BA,Nordeste
2903607,2016,hybrid,hybrid_bvr,0.0,0.06337955829481254,0.14803272302298404,0.08094503531704149,0.9366204417051874,0.8519672769770159,0.0846531647281715,0.8728075873717033,0.8597957288765088,0.9178936198434806,9.604811938609481,8.347016513054317,BA,Nordeste
2903706,2016,hybrid,hybrid_bvr,0.0,0.0733740428419114,0.22947976878612716,0.1124238909828936,0.9266259571580886,0.7705202312138728,0.15610572594421576,0.8285914505956552,0.8147445255474453,0.8640875912408759,9.642836819135377,8.22739350626773,BA,Nordeste
2903805,2016,hybrid,hybrid_bvr,0.0,0.0333431113718588,0.16027018728891618,0.06385025155371411,0.9666568886281413,0.8397298127110838,0.12692707591705737,0.7214310933270566,0.6710939386621589,0.7272397971504467,9.79762691183662,8.42933557898618,BA,Nordeste
2903953,2016,hybrid,hybrid_bvr,0.0,0.07368283776734481,0.26990881458966565,0.10802997858672377,0.9263171622326551,0.7300911854103344,0.19622597682232085,0.8631729200652528,0.8441252144082333,0.8872212692967409,9.221577003902171,8.02404227921868,BA,Nordeste
2904001,2016,hybrid,hybrid_bvr,0.0,0.06529642058165548,0.18694096601073346,0.10409134157944815,0.9347035794183445,0.8130590339892665,0.12164454542907797,0.7311973018549747,0.7572636998896654,0.7999264435454211,9.524786081697178,8.122751439599517,BA,Nordeste
2904100,2016,hybrid,hybrid_bvr,0.0,0.046474358974358976,0.2275721099250511,0.09549283650003075,0.953525641025641,0.7724278900749488,0.18109775095069214,0.8605903470283207,0.850335852225021,0.8975650713685979,10.000478137849756,8.135090561631241,BA,Nordeste
2904209,2016,hybrid,hybrid_bvr,0.0,0.03570952698201199,0.14261387824606214,0.061168594035301276,0.964290473017988,0.8573861217539378,0.10690435126405015,0.8005957595934817,0.8180272108843537,0.8607331821617535,9.3195534569495,8.274288701017033,BA,Nordeste
2904407,2016,hybrid,hybrid_bvr,0.0,0.06808873720136518,0.22700762673844774,0.11075755721453923,0.9319112627986348,0.7729923732615522,0.15891888953708255,0.7553297469615461,0.7287923109068115,0.7791475135812788,9.312626165516933,8.347185147379108,BA,Nordeste
2904506,2018,hybrid,hybrid_bvr,0.0,0.06080071706005378,0.11805555555555555,0.07526881720430108,0.9391992829399463,0.8819444444444444,0.057254838495501774,0.6448660342819105,0.651578947368421,0.6889473684210526,9.279586544712997,8.177895281163778,BA,Nordeste
2904605,2016,hybrid,hybrid_bvr,0.0,0.05366959868059373,0.1282065013656081,0.08268366600480719,0.9463304013194063,0.8717934986343919,0.07453690268501437,0.7740507663123664,0.7129836251060754,0.8381368450828174,11.076000649043772,9.354924279910092,BA,Nordeste
2904753,2016,hybrid,hybrid_bvr,0.0,0.034048466950403894,0.20576707726763718,0.07462093623783354,0.9659515330495961,0.7942329227323628,0.1717186103172333,0.6346642049388415,0.6221665473633977,0.6366022429014555,9.883284845218608,8.061792620677528,BA,Nordeste
2905107,2016,hybrid,hybrid_bvr,0.0,0.036488382972087945,0.14186369958275383,0.06293706293706294,0.9635116170279121,0.8581363004172462,0.10537531661066588,0.7856093979441997,0.7386301369863014,0.8325114155251142,9.246479418592056,8.351355398196018,BA,Nordeste
2905156,2016,hybrid,hybrid_bvr,0.0,0.08022502140149199,0.2569832402234637,0.11176765147721582,0.919774978598508,0.7430167597765363,0.1767582188219717,0.8162633107454017,0.8178748758689176,0.856206554121152,9.520688614926875,7.900401306628698,BA,Nordeste
2905206,2016,hybrid,hybrid_bvr,0.0,0.05062052088795665,0.15549295774647887,0.07904655189976571,0.9493794791120433,0.8445070422535211,0.10487243685852221,0.7222399872092093,0.7043500252908447,0.7782835946720621,10.768800729645415,8.721650343740162,BA,Nordeste
2905305,2016,hybrid,hybrid_bvr,0.0,0.0358227079538555,0.1617689845795752,0.06818011538173373,0.9641772920461446,0.8382310154204248,0.1259462766257197,0.6434343434343435,0.6262034868592246,0.7438199323445225,9.753187781764911,8.186452652224157,BA,Nordeste
2905404,2016,hybrid,hybrid_bvr,0.0,0.08757228844565089,0.2154571545715457,0.13428699820251647,0.9124277115543491,0.7845428454284543,0.12788486612589484,0.6436219027225452,0.5827617059349836,0.7724425887265136,9.640433049909078,11.417414666630446,BA,Nordeste
2905503,2018,hybrid,hybrid_bvr,0.0,0.29448032883147385,0.3829639889196676,0.32056036258755666,0.7055196711685261,0.6170360110803323,0.08848366008819375,0.7711637487126674,0.7278494396278283,0.7777542820892366,9.43276366396591,8.252154631285162,BA,Nordeste
2905602,2016,hybrid,hybrid_bvr,0.0,0.04856060606060606,0.1387530562347188,0.07297819486613304,0.9514393939393939,0.8612469437652812,0.09019245017411276,0.6967395790342551,0.6502559103095296,0.760175481355106,10.35685354062884,8.701419389761151,BA,Nordeste
2905701,2016,hybrid,hybrid_bvr,0.0,0.03139634903947243,0.08836902712010332,0.05816284584980237,0.9686036509605276,0.9116309728798967,0.05697267808063089,0.6727790136074872,0.5138227350847041,0.8110876503805549,12.400693257911145,10.843974034551625,BA,Nordeste
2905800,2018,hybrid,hybrid_bvr,0.0,0.29586813429946346,0.41706372840976774,0.32849657396211207,0.7041318657005365,0.5829362715902322,0.12119559411030428,0.4549533758676295,0.4996475398279994,0.5963626110249541,10.46823301829155,8.68312669394208,BA,Nordeste
2905909,2016,hybrid,hybrid_bvr,0.0,0.025139202822647335,0.1640838650865998,0.05206304232335753,0.9748607971773526,0.8359161349134002,0.13894466226395247,0.751818916734034,0.7477808125640151,0.7756060088767498,10.24316892009829,8.249451017335161,BA,Nordeste
2906006,2016,hybrid,hybrid_bvr,0.0,0.0467490735701884,0.14547889098928796,0.07111691144960848,0.9532509264298116,0.8545211090107121,0.09872981741909956,0.6597222222222222,0.6384151141432695,0.7182826029913408,11.106700067915655,8.664261774629578,BA,Nordeste
2906105,2016,hybrid,hybrid_bvr,0.0,0.05387312719158432,0.20802741067058247,0.09143199520671061,0.9461268728084157,0.7919725893294175,0.15415428347899815,0.7321228004492699,0.7157668231611893,0.7498043818466353,9.149528232579426,8.17519669116604,BA,Nordeste
2906402,2016,hybrid,hybrid_bvr,0.0,0.051041471195346216,0.14889232354456466,0.07691253084727173,0.9489585288046538,0.8511076764554353,0.09785085234921845,0.7736820428336079,0.7324707846410684,0.8096828046744574,9.093244600099936,8.053326957337463,BA,Nordeste
2906501,2016,hybrid,hybrid_bvr,0.0,0.030006792876340116,0.07676153233398508,0.051001821493624776,0.9699932071236599,0.9232384676660149,0.04675473945764497,0.8622495167722836,0.6944546546105026,0.8914945232669265,11.328497691658693,10.17957247782677,BA,Nordeste
2906600,2016,hybrid,hybrid_bvr,0.0,0.064648537711647,0.1816953731847349,0.09674124965184291,0.935351462288353,0.8183046268152652,0.11704683547308789,0.8088134665389353,0.8088933659519355,0.8609871924017845,9.488729397516371,8.231316200910145,BA,Nordeste
2906824,2016,hybrid,hybrid_bvr,0.0,0.05531830370443937,0.19250493096646942,0.08283789139912802,0.9446816962955606,0.8074950690335305,0.13718662726203007,0.862718887849218,0.8488493723849372,0.9080805439330544,9.6634521335517,8.342969952110508,BA,Nordeste
2906857,2016,hybrid,hybrid_bvr,0.0,0.04564946742288006,0.16744186046511628,0.07339644718646952,0.95435053257712,0.8325581395348838,0.12179239304223621,0.7203290246768508,0.6634534077456452,0.8050059191611703,9.352447388601012,8.722173302160728,BA,Nordeste
2906873,2018,hybrid,hybrid_bvr,0.0,0.22557335846685517,0.30751947273816654,0.24945846779541134,0.7744266415331449,0.6924805272618335,0.08194611427131138,0.6257775754817175,0.550754775107825,0.6726740603820086,10.187801459080141,8.613908247499516,BA,Nordeste
2906899,2016,hybrid,hybrid_bvr,0.0,0.04582089552238806,0.16046511627906976,0.06915776986951364,0.9541791044776119,0.8395348837209302,0.11464422075668171,0.6327294210319023,0.6292039165602384,0.6813537675606641,9.232297539328226,8.152097617823788,BA,Nordeste
2906907,2016,hybrid,hybrid_bvr,0.0,0.05801906340654787,0.11163691116369112,0.07529658060013956,0.9419809365934522,0.8883630888363089,0.053617847757143254,0.7458608313071668,0.6764740775892751,0.7984339779333254,9.971800192718215,9.415115067316473,BA,Nordeste
2907004,2018,hybrid,hybrid_bvr,0.0,0.6926561754887935,0.9105874757908328,0.7850287907869482,0.30734382451120645,0.08941252420916723,0.21793130030203922,0.835019267822736,0.7809616318601262,0.8630403108305003,9.093694189856862,8.970354466381288,BA,Nordeste
2907103,2016,hybrid,hybrid_bvr,0.0,0.03402074586317609,0.1428306436653682,0.06107823192158313,0.965979254136824,0.8571693563346318,0.10880989780219212,0.5931438881371223,0.6131832043162092,0.6519665337399327,10.253439950714034,8.145802629180777,BA,Nordeste
2907202,2016,hybrid,hybrid_bvr,0.0,0.052698444963919094,0.15072685539403213,0.07523811386438756,0.9473015550360809,0.8492731446059678,0.09802841043011304,0.8437332539446264,0.8137447147496782,0.883234266805564,11.081219045656837,8.456499849961176,BA,Nordeste
2907301,2016,hybrid,hybrid_bvr,0.0,0.05193976518631955,0.16216968011126565,0.08641005498821681,0.9480602348136804,0.8378303198887344,0.1102299149249461,0.7936629526462395,0.7526025719534599,0.8143838878682724,10.142819364046863,8.6527298140362,BA,Nordeste
2907509,2016,hybrid,hybrid_bvr,0.0,0.09174975876487616,0.14681367723305114,0.11256974890394579,0.9082502412351239,0.8531863227669488,0.055063918468174974,0.8629962054874489,0.7361891556593446,0.9187039334452309,10.841089577019996,9.00294766315133,BA,Nordeste
2907558,2018,hybrid,hybrid_bvr,0.0,0.2784971730804304,0.2777777777777778,0.2782252739997359,0.7215028269195696,0.7222222222222222,-0.0007193953026526367,0.8331832507879333,0.830806257521059,0.8584837545126354,9.087381464575735,8.107217189462594,BA,Nordeste
2907608,2016,hybrid,hybrid_bvr,0.0,0.04783899703068294,0.12429239478218065,0.07129854368932038,0.952161002969317,0.8757076052178193,0.0764533977514977,0.7440422661870504,0.7285550458715596,0.8125,9.741733036682138,8.256483937078617,BA,Nordeste
2907707,2018,hybrid,hybrid_bvr,0.0,0.4110233574189212,0.5147948890383323,0.4446556350626118,0.5889766425810787,0.48520511096166774,0.10377153161941105,0.8236133404672731,0.8099201630711738,0.8566332597248174,9.281171552736774,8.285042361733353,BA,Nordeste
2907806,2016,hybrid,hybrid_bvr,0.0,0.07982809562181037,0.18648196072461562,0.10763061775448626,0.9201719043781896,0.8135180392753844,0.10665386510280525,0.7325013900043245,0.7223933416344452,0.7677436267121043,10.382822509210747,8.380056901164847,BA,Nordeste
2907905,2018,hybrid,hybrid_bvr,0.0,0.22719336534264514,0.21561604584527222,0.2235285307772952,0.7728066346573549,0.7843839541547277,-0.011577319497372923,0.6041327489041953,0.5431503461918892,0.6907764589515332,9.664913054191375,8.281932730334212,BA,Nordeste
2908002,2016,hybrid,hybrid_bvr,0.0,0.05802848818387828,0.1154995730145175,0.07377866400797607,0.9419715118161217,0.8845004269854825,0.05747108483063923,0.666724997812582,0.6333867236163019,0.7440825769709912,9.950561959922057,8.464301898708744,BA,Nordeste
2908200,2016,hybrid,hybrid_bvr,0.0,0.029245283018867925,0.11089792785878741,0.05612438376943497,0.970754716981132,0.8891020721412126,0.08165264483991949,0.6423400508706711,0.5565592692963967,0.689551339957844,9.922848906014748,8.448830651504554,BA,Nordeste
2908309,2016,hybrid,hybrid_bvr,0.0,0.04785672342924251,0.14575230296827021,0.07942071154609179,0.9521432765707575,0.8542476970317298,0.0978955795390277,0.811574994477579,0.7877577458706683,0.8713159883407103,9.791941277791215,8.310226983316767,BA,Nordeste
2908408,2016,hybrid,hybrid_bvr,0.0,0.060960874568469506,0.15552895804242303,0.08949650686581546,0.9390391254315305,0.8444710419575769,0.09456808347395353,0.6457251953940696,0.6147149761354426,0.7097229309879026,11.035534617290475,8.671377029024802,BA,Nordeste
2908507,2016,hybrid,hybrid_bvr,0.0,0.10934338148070616,0.16929997805573843,0.13263957009425512,0.8906566185192939,0.8307000219442615,0.05995659657503227,0.6338168751663561,0.5634517766497462,0.7332058804140023,10.313044278547546,10.184866814198562,BA,Nordeste
2908606,2016,hybrid,hybrid_bvr,0.0,0.06298843388558925,0.18294507373370378,0.09505290248784673,0.9370115661144107,0.8170549262662963,0.11995663984811453,0.7436566041520409,0.723519770538824,0.8100799016594961,10.069849089751353,8.363826849695823,BA,Nordeste
2908705,2016,hybrid,hybrid_bvr,0.0,0.12550607287449392,0.27302722023645865,0.16005419005225469,0.8744939271255061,0.7269727797635414,0.14752114736196473,0.7413417556087998,0.7547281323877069,0.8239952718676123,9.73495055071279,8.28331044331737,BA,Nordeste
2908804,2016,hybrid,hybrid_bvr,0.0,0.07394241023817988,0.22745901639344263,0.11327713382507903,0.9260575897618202,0.7725409836065573,0.15351660615526275,0.6790697674418604,0.7005577005577005,0.7563277563277563,8.44741429680832,8.39677963484963,BA,Nordeste
2908903,2016,hybrid,hybrid_bvr,0.0,0.0582933981832487,0.11542331464711801,0.07723519022387704,0.9417066018167513,0.884576685352882,0.057129916463869314,0.7786774628879892,0.7153371496543008,0.8244740168017248,10.016860879703811,8.565394347897719,BA,Nordeste
2909000,2016,hybrid,hybrid_bvr,0.0,0.07090978593272171,0.1802223522527794,0.0975714901566317,0.9290902140672783,0.8197776477472206,0.1093125663200577,0.5777060575968223,0.5781376518218624,0.6566801619433198,9.007979359844501,8.178544248604613,BA,Nordeste
2909208,2016,hybrid,hybrid_bvr,0.0,0.11983540476990259,0.3638433515482696,0.15744801244871975,0.8801645952300974,0.6361566484517305,0.24400794677836699,0.754092168219592,0.7642213642213642,0.792020592020592,9.744843459096531,8.649082547547016,BA,Nordeste
2909307,2018,hybrid,hybrid_bvr,0.0,0.2798852751772282,0.3550031867431485,0.3019619748776137,0.7201147248227717,0.6449968132568515,0.07511791156592029,0.6866716679169792,0.6680906999671377,0.7497863950049294,10.349742654652538,9.814230092285875,BA,Nordeste
2909505,2016,hybrid,hybrid_bvr,0.0,0.0617124394184168,0.16002896451846488,0.09202591020772839,0.9382875605815832,0.8399710354815351,0.09831652510004807,0.797366495976591,0.7649507948523846,0.8334595003785011,8.525359754082631,8.34368017616185,BA,Nordeste
2909604,2016,hybrid,hybrid_bvr,0.0,0.05197276919698412,0.1742446465239073,0.07631086142322098,0.9480272308030159,0.8257553534760926,0.12227187732692318,0.805823272801055,0.7923733390947392,0.8302905909041807,9.905784911584812,8.397968680338263,BA,Nordeste
2909703,2016,hybrid,hybrid_bvr,0.0,0.06396588486140725,0.21232655695385608,0.10203572912339011,0.9360341151385927,0.787673443046144,0.14836067209244883,0.8293361600636014,0.8229111229377328,0.880122405534859,9.494014423030425,8.269677476915273,BA,Nordeste
2909802,2016,hybrid,hybrid_bvr,0.0,0.03804920913884007,0.08689348540498744,0.061213235294117645,0.96195079086116,0.9131065145950126,0.04884427626614737,0.6192645298576939,0.5562927221552071,0.7015815574319796,10.978592359402198,9.065989203114373,BA,Nordeste
2910057,2016,hybrid,hybrid_bvr,0.0,0.03858107383988854,0.0939268200678989,0.060609313609721535,0.9614189261601115,0.9060731799321011,0.05534574622801036,0.7856837149582709,0.6729517945847617,0.8641642762191283,11.104054563727232,10.410473333097704,BA,Nordeste
2910107,2016,hybrid,hybrid_bvr,0.0,0.049919268030139935,0.17589320769532785,0.0820476858345021,0.9500807319698601,0.8241067923046721,0.1259739396651879,0.7416122004357298,0.7502357749135492,0.7997485067588809,9.337413454539659,9.344838932146262,BA,Nordeste
2910305,2016,hybrid,hybrid_bvr,0.0,0.039674289674289674,0.14906518443658415,0.0674562306900103,0.9603257103257103,0.8509348155634159,0.10939089476229447,0.6296448367891604,0.609308885754584,0.6830546040701189,8.98054977794018,8.307796419939045,BA,Nordeste
2910503,2018,hybrid,hybrid_bvr,0.0,0.6772528335764785,0.8913366862647871,0.7716601978214599,0.3227471664235215,0.10866331373521287,0.21408385268830865,0.7431229311722406,0.6898982894128525,0.8150716597318539,10.593429602147125,9.138878528404849,BA,Nordeste
2910602,2016,hybrid,hybrid_bvr,0.0,0.05950422932330827,0.14417670682730924,0.08525392616765246,0.9404957706766918,0.8558232931726908,0.08467247750400098,0.680124018734745,0.6459398650030681,0.7510056589622963,10.398244768123055,9.728125443017085,BA,Nordeste
2910701,2016,hybrid,hybrid_bvr,0.0,0.03274685183005767,0.12856608944811262,0.051022835394862034,0.9672531481699423,0.8714339105518873,0.09581923761805496,0.7828562865277986,0.7614863557189858,0.8201664408747823,10.938254413155484,8.928205841251538,BA,Nordeste
2910727,2016,hybrid,hybrid_bvr,0.0,0.057171785352683094,0.12864986274020465,0.0870479449371139,0.9428282146473169,0.8713501372597954,0.07147807738752156,0.5080933682373473,0.4135982263183063,0.5944659392253184,11.51488354667639,9.52484567833291,BA,Nordeste
2910750,2016,hybrid,hybrid_bvr,0.0,0.0648762064624423,0.21976047904191617,0.09869670574366363,0.9351237935375577,0.7802395209580838,0.15488427257947388,0.7550735530978202,0.7617921873241023,0.8138016435888776,9.778604370389438,8.998218175406667,BA,Nordeste
2910776,2016,hybrid,hybrid_bvr,0.0,0.08572922111866178,0.22990353697749197,0.1207948062168011,0.9142707788813382,0.770096463022508,0.14417431585883017,0.6545988258317026,0.6777266754270697,0.7115637319316689,8.729720590267258,8.496970682968072,BA,Nordeste
2910800,2016,hybrid,hybrid_bvr,0.0,0.06673441734417344,0.13212317847453361,0.09607132976181494,0.9332655826558266,0.8678768215254664,0.06538876113036017,0.5926982145460118,0.41797004265594145,0.7009429399507621,13.229677583365804,9.464874544633034,BA,Nordeste
2910909,2018,hybrid,hybrid_bvr,0.0,0.4799061308301555,0.5816108339272986,0.5089248650892486,0.5200938691698445,0.4183891660727014,0.10170470309714313,0.594140764558771,0.5431002589715132,0.6004439511653719,8.591186871324563,8.375605660934667,BA,Nordeste
2911006,2016,hybrid,hybrid_bvr,0.0,0.06136441549537196,0.15949227373068434,0.08446475195822455,0.938635584504628,0.8405077262693157,0.09812785823531238,0.6493767591475673,0.6249482829954489,0.6988001654944146,9.274253697719836,8.416470642538588,BA,Nordeste
2911204,2016,hybrid,hybrid_bvr,0.0,0.0843543162934798,0.1729939603106126,0.11342592592592593,0.9156456837065202,0.8270060396893875,0.0886396440171328,0.5936920222634509,0.5155270340045733,0.6837058346241794,10.320090405054748,8.76472057038707,BA,Nordeste
2911303,2016,hybrid,hybrid_bvr,0.0,0.036541353383458645,0.1485148514851485,0.06441821247892074,0.9634586466165413,0.8514851485148515,0.11197349810168986,0.8072456231582597,0.8199928850942725,0.8582355033795802,9.270682600982344,8.030856563049419,BA,Nordeste
2911402,2016,hybrid,hybrid_bvr,0.0,0.052864342281188935,0.17271589486858574,0.08242480476300935,0.947135657718811,0.8272841051314143,0.1198515525873968,0.8597918411293217,0.839092184113222,0.8708402397041948,9.620859354387026,8.49037075864041,BA,Nordeste
2911659,2016,hybrid,hybrid_bvr,0.0,0.04767859934344224,0.16835871404399322,0.06565064478311841,0.9523214006565578,0.8316412859560067,0.12068011470055098,0.8358597820937944,0.8237438167143973,0.8739911481385056,9.250714266114455,8.193262039403134,BA,Nordeste
2911709,2016,hybrid,hybrid_bvr,0.0,0.05666838800858859,0.1444038722826087,0.09081578598861079,0.9433316119914115,0.8555961277173914,0.08773548427402011,0.6287559466587789,0.593889030938379,0.67647660444899,11.275086969907266,8.84103872595738,BA,Nordeste
2911808,2016,hybrid,hybrid_bvr,0.0,0.06828087167070218,0.19650028686173265,0.09625903803835271,0.9317191283292978,0.8034997131382673,0.12821941519103047,0.8011243105642766,0.7668121404483238,0.8679825431462012,10.006269747179154,8.638226322396525,BA,Nordeste
2911857,2016,hybrid,hybrid_bvr,0.0,0.08123510517044866,0.2901697591788393,0.12439603636065842,0.9187648948295514,0.7098302408211608,0.20893465400839065,0.7778101339545719,0.7723227984044185,0.8254065664314206,9.487365864239434,8.273660500635021,BA,Nordeste
2911907,2016,hybrid,hybrid_bvr,0.0,0.05961028479188286,0.1787872473431965,0.08532130777903044,0.9403897152081171,0.8212127526568035,0.11917696255131366,0.7886475479382318,0.7628485628485628,0.8447018447018447,10.155646068918863,8.686353447064835,BA,Nordeste
2912004,2016,hybrid,hybrid_bvr,0.0,0.03695183321351546,0.12421383647798742,0.055618104030623734,0.9630481667864845,0.8757861635220126,0.08726200326447196,0.6163446743032998,0.6215722120658135,0.6521023765996343,9.216521231051264,8.367973025268608,BA,Nordeste
2912103,2016,hybrid,hybrid_bvr,0.0,0.04141921729861428,0.13427230046948357,0.06806877162629758,0.9585807827013857,0.8657276995305164,0.0928530831708693,0.5460910151691949,0.5203435412509759,0.5836731152945259,10.097078701588314,8.433039237062427,BA,Nordeste
2912202,2018,hybrid,hybrid_bvr,0.0,0.14308578745198464,0.15554373836745547,0.14653073645769932,0.8569142125480154,0.8444562616325445,0.012457950915470833,0.653690596562184,0.6483369098712446,0.7151287553648069,9.757420776401345,9.351284047412197,BA,Nordeste
2912301,2016,hybrid,hybrid_bvr,0.0,0.039545346909779774,0.13431107680432267,0.06176976723122905,0.9604546530902203,0.8656889231956774,0.09476572989454289,0.6695394559655266,0.6518752575903284,0.7404863305399093,9.666815400992093,8.542687417160774,BA,Nordeste
2912400,2016,hybrid,hybrid_bvr,0.0,0.09978586723768737,0.23503274087932646,0.14199838721501357,0.9002141327623127,0.7649672591206735,0.1352468736416391,0.8643133575700715,0.8546887869161077,0.9042240263560419,9.74143910058173,8.226952187609003,BA,Nordeste
2912509,2016,hybrid,hybrid_bvr,0.0,0.06749740394600208,0.3422436459246275,0.11613103555348549,0.9325025960539979,0.6577563540753725,0.27474624197862546,0.8257834546264666,0.8269258880280661,0.8794035959655021,9.55895290182487,8.051057592117024,BA,Nordeste
2912608,2016,hybrid,hybrid_bvr,0.0,0.06111508220157255,0.1632928475033738,0.08241603161162857,0.9388849177984274,0.8367071524966262,0.10217776530180125,0.838975297346752,0.8257823446987389,0.8902382064455862,8.490027523343468,8.22327166384467,BA,Nordeste
2912707,2016,hybrid,hybrid_bvr,0.0,0.09665527782772883,0.20141134960305793,0.12095388633083637,0.9033447221722711,0.798588650396942,0.1047560717753291,0.7379992671308171,0.6812406576980568,0.8388141504733433,10.025616685769192,8.566105567108682,BA,Nordeste
2913002,2016,hybrid,hybrid_bvr,0.0,0.03830508474576271,0.21402616279069767,0.07992420980105072,0.9616949152542373,0.7859738372093024,0.17572107804493495,0.7928815340162858,0.7797350993377483,0.8577483443708609,9.64911129879082,8.196631875928311,BA,Nordeste
2913101,2016,hybrid,hybrid_bvr,0.0,0.046583234008740565,0.15638148667601684,0.07925342990458946,0.9534167659912595,0.8436185133239832,0.10979825266727627,0.8452216434570001,0.7933127462464061,0.8895751251197955,9.789198406134,8.325459768636355,BA,Nordeste
2913200,2016,hybrid,hybrid_bvr,0.0,0.02914461732880499,0.11291379875450672,0.05615711252653928,0.970855382671195,0.8870862012454933,0.08376918142570172,0.7131285588258882,0.6803540693385788,0.7667404311122039,10.143448888776497,8.823038447837105,BA,Nordeste
2913309,2016,hybrid,hybrid_bvr,0.0,0.08417200365965233,0.1816357250376317,0.12062771790508603,0.9158279963403477,0.8183642749623683,0.09746372137797937,0.7287381878821567,0.6722426991777715,0.7669407428409413,8.566935283311052,8.268219368253526,BA,Nordeste
2913408,2016,hybrid,hybrid_bvr,0.0,0.04046664236237696,0.11260229132569557,0.05987441407977359,0.959533357637623,0.8873977086743045,0.07213564896331862,0.7682342272315067,0.7644444444444445,0.8316666666666667,9.629379600111465,8.237376629838263,BA,Nordeste
2913457,2016,hybrid,hybrid_bvr,0.0,0.07017758726270668,0.21818958155422716,0.1030908226343319,0.9298224127372934,0.7818104184457728,0.14801199429152048,0.6982359993149512,0.699528936742934,0.7863391655450875,9.49874718174242,8.979711783929298,BA,Nordeste
2913507,2016,hybrid,hybrid_bvr,0.0,0.05574053520779381,0.1852541921746074,0.08004402421331733,0.9442594647922062,0.8147458078253926,0.12951365696681358,0.754395080973413,0.7204301075268817,0.827246067715276,10.154440804489605,8.264328113086805,BA,Nordeste
2913606,2016,hybrid,hybrid_bvr,0.0,0.04505994726630516,0.10137592047800903,0.06772064035916824,0.9549400527336949,0.898624079521991,0.05631597321170387,0.6283403049054517,0.5230664006839555,0.7542889712168709,12.1239728234469,9.542107655723994,BA,Nordeste
2913705,2016,hybrid,hybrid_bvr,0.0,0.11879157427937916,0.2,0.14206728884009098,0.8812084257206209,0.8,0.08120842572062086,0.7595335831994765,0.7389799072642967,0.8132921174652241,10.499738295850376,8.891255347599941,BA,Nordeste
2913804,2016,hybrid,hybrid_bvr,0.0,0.05887308124298016,0.19218241042345277,0.08859655498219347,0.9411269187570198,0.8078175895765473,0.1333093291804726,0.716203259827421,0.6627762602433573,0.7365284330767321,9.637632201310455,8.137967454651005,BA,Nordeste
2914000,2016,hybrid,hybrid_bvr,0.0,0.06985049833887043,0.16815597075548336,0.0907117584492826,0.9301495016611295,0.8318440292445166,0.09830547241661293,0.7228295591680273,0.6750399303034703,0.7609989835922752,10.991089448684185,8.528210250580734,BA,Nordeste
2914307,2018,hybrid,hybrid_bvr,0.0,0.057250799186283056,0.11313465783664459,0.0688584894815496,0.9427492008137169,0.8868653421633554,0.05588385865036153,0.7261070268421953,0.7484244592062681,0.7874297393970363,9.39182824802156,8.205687742046134,BA,Nordeste
2914406,2016,hybrid,hybrid_bvr,0.0,0.023489331181638873,0.15118259224219488,0.06447496353913466,0.9765106688183611,0.8488174077578051,0.127693261060556,0.84104589917231,0.845309874468716,0.8822773549471187,10.025749432069084,8.416575379941154,BA,Nordeste
2914505,2016,hybrid,hybrid_bvr,0.0,0.039934322406614674,0.10656259955399809,0.057853010499250054,0.9600656775933853,0.893437400446002,0.06662827714738342,0.7526403557531962,0.7031754952929605,0.8084867219333989,10.220704155090226,8.463885813110572,BA,Nordeste
2914604,2016,hybrid,hybrid_bvr,0.0,0.05238012205754141,0.11791739735139384,0.07628560694791275,0.9476198779424586,0.8820826026486062,0.06553727529385242,0.6903982732209999,0.6329381134996306,0.7745487809168631,11.100148691666671,9.00754378103382,BA,Nordeste
2914653,2016,hybrid,hybrid_bvr,0.0,0.049871073605250824,0.11840688912809473,0.0666607844002294,0.9501289263947492,0.8815931108719053,0.06853581552284391,0.5785768936495792,0.5156967552510728,0.613792065045547,10.253792249467017,8.884269645890251,BA,Nordeste
2914703,2016,hybrid,hybrid_bvr,0.0,0.03196427938622914,0.09461426491994178,0.05245229984993211,0.9680357206137709,0.9053857350800583,0.06264998553371265,0.7271515105337346,0.6560368877867327,0.7958772473651581,11.028920269688678,8.684696998516902,BA,Nordeste
2915007,2016,hybrid,hybrid_bvr,0.0,0.021344292721728754,0.12823200559049616,0.050686378035902854,0.9786557072782712,0.8717679944095038,0.10688771286876741,0.7121070650482415,0.6866129032258065,0.7103225806451613,9.610725934341048,8.311041287536776,BA,Nordeste
2915304,2016,hybrid,hybrid_bvr,0.0,0.1258724988366682,0.24022089277496547,0.164068529093996,0.8741275011633318,0.7597791072250345,0.11434839393829727,0.582080577269994,0.5418994413407822,0.6833284328138782,8.869257522797287,8.95598334499918,BA,Nordeste
2915353,2016,hybrid,hybrid_bvr,0.0,0.058035133376707876,0.1927763272410792,0.08887333799860042,0.9419648666232922,0.8072236727589208,0.13474119386437133,0.8889808074123098,0.8875455448824114,0.9218284200066247,9.488653694423864,8.22364439632578,BA,Nordeste
2915403,2018,hybrid,hybrid_bvr,0.0,0.3396017699115044,0.39891818796484113,0.3563308506468052,0.6603982300884956,0.6010818120351589,0.059316418053336706,0.6783739837398374,0.6760607979734009,0.7830905636478784,8.896861744480391,8.656865900926277,BA,Nordeste
2915601,2016,hybrid,hybrid_bvr,0.0,0.0465163041656892,0.11714389271475172,0.06876344824428879,0.9534836958343108,0.8828561072852483,0.07062758854906251,0.5554694133717282,0.5266283100981043,0.638009884192668,11.051984644133235,8.96103261335243,BA,Nordeste
2915700,2016,hybrid,hybrid_bvr,0.0,0.07403252944475602,0.15984147952443858,0.09290811125673511,0.925967470555244,0.8401585204755614,0.08580895007968256,0.6305627501765952,0.6367826688177,0.7467158331412768,8.974997713204976,8.730044812351913,BA,Nordeste
2915908,2016,hybrid,hybrid_bvr,0.0,0.10513707745541656,0.24838012958963282,0.14366142496602602,0.8948629225445834,0.7516198704103672,0.14324305213421626,0.7677585572322414,0.7534616683552854,0.8385680513340088,8.935640333747571,8.636688661338832,BA,Nordeste
2916005,2016,hybrid,hybrid_bvr,0.0,0.049333686347189126,0.14249417742959983,0.07669800161862665,0.9506663136528108,0.8575058225704002,0.0931604910824107,0.7424122197976591,0.6920741283635221,0.7886085226677835,9.91422964906803,8.742392404428406,BA,Nordeste
2916104,2016,hybrid,hybrid_bvr,0.0,0.0447333034513671,0.10396587138568494,0.06609162572832172,0.9552666965486329,0.8960341286143151,0.059232567934317845,0.8088631599960076,0.6934822025002386,0.8484588224067182,9.939095980003495,8.725111166353734,BA,Nordeste
2916203,2016,hybrid,hybrid_bvr,0.0,0.08042008344123147,0.20614359733530718,0.11549208320397392,0.9195799165587686,0.7938564026646928,0.1257235138940757,0.615425158116655,0.5801594331266607,0.6825509300265722,9.305195902988862,8.355941414763873,BA,Nordeste
2916302,2016,hybrid,hybrid_bvr,0.0,0.09603658536585366,0.17735124760076776,0.12084556664709337,0.9039634146341463,0.8226487523992323,0.0813146622349141,0.67463106113844,0.6554602364943195,0.7326686760955251,9.258654232254733,10.255612858117404,BA,Nordeste
2916401,2016,hybrid,hybrid_bvr,0.0,0.09168369644279727,0.19223468507333907,0.12929061784897025,0.9083163035572027,0.8077653149266609,0.10055098863054181,0.49886170519767853,0.42262976911740624,0.5983625347961355,11.13126965261369,9.614344587996483,BA,Nordeste
2916500,2016,hybrid,hybrid_bvr,0.0,0.0521199687377882,0.15571473061351604,0.06609304483529461,0.9478800312622118,0.844285269386484,0.10359476187572783,0.8483209375704305,0.8364634728632818,0.895113799140538,10.381614349338879,8.758724046651782,BA,Nordeste
2916609,2016,hybrid,hybrid_bvr,0.0,0.06118444523724581,0.1478927203065134,0.07751265365148229,0.9388155547627541,0.8521072796934865,0.08670827506926759,0.7763733592610598,0.7504766444232602,0.8219733079122974,9.230829038403499,8.423961774342237,BA,Nordeste
2916807,2016,hybrid,hybrid_bvr,0.0,0.07642524031597982,0.16810592976396085,0.09914224446032881,0.9235747596840201,0.8318940702360391,0.09168068944798104,0.6866850101686804,0.6506958985096687,0.7610543170341175,9.827631900232593,8.598295058239726,BA,Nordeste
2916856,2016,hybrid,hybrid_bvr,0.0,0.04697170645446507,0.16551161842641662,0.07198544698544698,0.953028293545535,0.8344883815735834,0.11853991197195154,0.5560451666207656,0.5331661092530657,0.60479375696767,9.583420019940192,9.142242293542015,BA,Nordeste
2916906,2018,hybrid,hybrid_bvr,0.0,0.4321125859587398,0.4520458265139116,0.4384664948453608,0.5678874140412602,0.5479541734860884,0.019933240555171816,0.6130428063668676,0.5759120599012267,0.7081408316074558,9.448805939388178,8.435902298376242,BA,Nordeste
2917102,2018,hybrid,hybrid_bvr,0.0,0.3393725143614671,0.42315912181853504,0.3650812909487988,0.6606274856385329,0.5768408781814649,0.08378660745706795,0.4794651384909265,0.47607796810395747,0.5550305178184682,9.89917828094803,8.446337008836625,BA,Nordeste
2917201,2016,hybrid,hybrid_bvr,0.0,0.03829264008431407,0.1579961464354528,0.06397793864184764,0.9617073599156859,0.8420038535645472,0.11970350635113872,0.49965226030799803,0.5355465414175918,0.5990606319385141,9.805157818462918,8.383338629523088,BA,Nordeste
2917300,2016,hybrid,hybrid_bvr,0.0,0.04415886253332422,0.12470817120622568,0.06501313396645787,0.9558411374666758,0.8752918287937743,0.08054930867290147,0.5993793891883064,0.5992988749388554,0.6868579814120332,10.188328091653252,8.807386117534179,BA,Nordeste
2917334,2016,hybrid,hybrid_bvr,0.0,0.04982489652976759,0.1396497530309834,0.07305080777335518,0.9501751034702324,0.8603502469690166,0.0898248565012158,0.7993254637436762,0.8031496062992126,0.830996735164202,9.296518068217235,8.437295733132336,BA,Nordeste
2917409,2016,hybrid,hybrid_bvr,0.0,0.11429808420824765,0.2635494155154091,0.14908066920655955,0.8857019157917524,0.7364505844845909,0.14925133130716145,0.7727604851673243,0.7880303030303031,0.8387878787878787,9.521568058002977,8.193953651056196,BA,Nordeste
2917508,2016,hybrid,hybrid_bvr,0.0,0.036886707072923235,0.09154521764308464,0.056590270383494214,0.9631132929270768,0.9084547823569153,0.054658510570161405,0.7691964036410343,0.7047832167832168,0.8371468531468531,11.280324836133422,9.036527943542955,BA,Nordeste
2917706,2016,hybrid,hybrid_bvr,0.0,0.031139835487661575,0.12268586541287099,0.059083130685400345,0.9688601645123385,0.877314134587129,0.09154602992520941,0.6820969337289812,0.6495786027721668,0.7290520303684613,10.320321127381453,9.693344924112507,BA,Nordeste
2917805,2016,hybrid,hybrid_bvr,0.0,0.05234912920210612,0.1584843492586491,0.07719678217821782,0.9476508707978939,0.8415156507413509,0.10613522005654298,0.8208407019453136,0.7824261928081713,0.8511263467189031,9.709113657218,8.51780028225567,BA,Nordeste
2917904,2016,hybrid,hybrid_bvr,0.0,0.07651217596229379,0.28292914883499765,0.12765455403492212,0.9234878240377062,0.7170708511650024,0.20641697287270386,0.8084672854878877,0.7902173913043479,0.8508695652173913,9.242904362849446,9.268083155634013,BA,Nordeste
2918001,2016,hybrid,hybrid_bvr,0.0,0.052007659807288976,0.09786171017349254,0.07022989974983108,0.9479923401927111,0.9021382898265075,0.04585405036620357,0.7218994997386694,0.5655959437685701,0.8193764874573164,11.930944771649745,9.019857354395574,BA,Nordeste
2918100,2016,hybrid,hybrid_bvr,0.0,0.035282929148835,0.13415589502546024,0.0544802046348261,0.964717070851165,0.8658441049745398,0.09887296587662525,0.8363991246229372,0.8352005782435851,0.8701963618841103,10.5368847286903,8.46139765510582,BA,Nordeste
2918357,2016,hybrid,hybrid_bvr,0.0,0.04324989741485433,0.13884839650145772,0.07290311633957355,0.9567501025851457,0.8611516034985423,0.0955984990866034,0.6177876106194691,0.5807572383073497,0.6958574610244989,10.023445998049512,8.467469512585305,BA,Nordeste
2918407,2016,hybrid,hybrid_bvr,0.0,0.07962841632347435,0.1527775491729076,0.10990197083034464,0.9203715836765256,0.8472224508270925,0.07314913284943324,0.7564156900972684,0.6730405169587427,0.8350343193764344,12.195845526374658,9.11505196346013,BA,Nordeste
2918456,2016,hybrid,hybrid_bvr,0.0,0.10074626865671642,0.25927734375,0.13882020487460262,0.8992537313432836,0.74072265625,0.15853107509328357,0.807475884244373,0.7981811145510835,0.8388157894736842,9.238927828828094,9.001405408610324,BA,Nordeste
2918506,2016,hybrid,hybrid_bvr,0.0,0.07585981715280801,0.18950617283950616,0.10495556800896645,0.924140182847192,0.8104938271604938,0.11364635568669815,0.8740322792284477,0.8619997322982198,0.9167447463525632,9.619266151713328,8.140715240544944,BA,Nordeste
2918555,2016,hybrid,hybrid_bvr,0.0,0.09275436793422405,0.1852409638554217,0.1162389888931444,0.9072456320657759,0.8147590361445783,0.09248659592119764,0.6295591500158579,0.6202614379084967,0.6833333333333333,8.775549434486189,8.696782153898132,BA,Nordeste
2918605,2016,hybrid,hybrid_bvr,0.0,0.052801942140400564,0.17035775127768313,0.08354430379746836,0.9471980578595994,0.8296422487223168,0.11755580913728256,0.7445001089087345,0.6955944210759354,0.7398715961921629,8.991064332188461,8.18364035995751,BA,Nordeste
2918704,2016,hybrid,hybrid_bvr,0.0,0.11014593467685893,0.1935483870967742,0.13098958333333333,0.889854065323141,0.8064516129032258,0.08340245241991526,0.858761634965601,0.8413328044426814,0.9000396667988894,8.268988209506656,8.522510992974997,BA,Nordeste
2918753,2016,hybrid,hybrid_bvr,0.0,0.09290106204583566,0.3373056994818653,0.13622575604375403,0.9070989379541643,0.6626943005181347,0.24440463743602964,0.7530587884213668,0.7534312933957694,0.7902470531244954,9.542087175590064,8.073575838897575,BA,Nordeste
2918902,2018,hybrid,hybrid_bvr,0.0,0.04798288508557457,0.07522697795071336,0.0566272557560672,0.9520171149144254,0.9247730220492867,0.027244092865138785,0.6854442344045368,0.6962220508866616,0.7825751734772552,8.224967478914584,9.09369518323484,BA,Nordeste
2919009,2016,hybrid,hybrid_bvr,0.0,0.056712962962962965,0.1422087745839637,0.07406269207129687,0.943287037037037,0.8577912254160363,0.08549581162100073,0.8807915057915058,0.9081967213114754,0.9306791569086651,8.277920258172143,8.667066443395717,BA,Nordeste
2919058,2018,hybrid,hybrid_bvr,0.0,0.5487458589682915,0.5606441872169099,0.5521955927296124,0.45125414103170847,0.4393558127830901,0.011898328248618362,0.7849949647532729,0.7518875292892476,0.8544649830773237,9.024613022047395,8.492273581360097,BA,Nordeste
2919108,2016,hybrid,hybrid_bvr,0.0,0.09671532846715329,0.23141564318034907,0.12233846153846153,0.9032846715328468,0.7685843568196509,0.13470031471319577,0.8175420960040211,0.7971120900636319,0.8494860499265786,9.165343006045447,8.077422467900272,BA,Nordeste
2919207,2016,hybrid,hybrid_bvr,0.0,0.026779697087929627,0.08257515982029275,0.0559880567808976,0.9732203029120704,0.9174248401797073,0.05579546273236312,0.7271081073373827,0.5521988527724665,0.8578667030865884,12.004256294054718,10.01433324485285,BA,Nordeste
2919306,2016,hybrid,hybrid_bvr,0.0,0.043460178831357874,0.1566994700984103,0.08357928628924068,0.9565398211686421,0.8433005299015897,0.11323929126705241,0.7961432506887053,0.7715208862220171,0.8608354488806831,9.246479418592056,8.566773020202902,BA,Nordeste
2919405,2016,hybrid,hybrid_bvr,0.0,0.029464822609741433,0.15811320754716982,0.06595881595881596,0.9705351773902585,0.8418867924528302,0.1286483849374284,0.6602748481943113,0.6696383515559293,0.7206055508830951,9.418248450647615,8.285811756559163,BA,Nordeste
2919504,2016,hybrid,hybrid_bvr,0.0,0.05682448875037356,0.18523202646171807,0.09591437381404175,0.9431755112496264,0.8147679735382819,0.1284075377113445,0.7726979742173112,0.7584931373503359,0.8331062007203348,10.66179025135177,8.804481679291452,BA,Nordeste
2919553,2016,hybrid,hybrid_bvr,0.0,0.07104432490108034,0.11307243963363864,0.09273829485360506,0.9289556750989196,0.8869275603663613,0.0420281147325583,0.5025195392842452,0.4846451612903226,0.6183741935483871,11.003848311738354,10.361137191847098,BA,Nordeste
2919603,2016,hybrid,hybrid_bvr,0.0,0.034647991153704386,0.16415584415584417,0.05937251787132645,0.9653520088462956,0.8358441558441558,0.1295078530021398,0.6363960113960114,0.632419676892358,0.6899618805590851,9.326254996572539,8.262522118765837,BA,Nordeste
2919702,2018,hybrid,hybrid_bvr,0.0,0.5064179923203511,0.6000863744331678,0.537739965095986,0.4935820076796489,0.3999136255668322,0.0936683821128167,0.6198424826613377,0.5833860959858174,0.6935545143725466,9.746424301956267,8.452861361216005,BA,Nordeste
2919801,2016,hybrid,hybrid_bvr,0.0,0.04240034357552805,0.20057971014492754,0.08218058717095664,0.957599656424472,0.7994202898550724,0.1581793665693995,0.7872128346307196,0.7752032322445602,0.8263642116536046,10.758987398772785,8.12749440599228,BA,Nordeste
2919900,2018,hybrid,hybrid_bvr,0.0,0.1814968814968815,0.2827748383303939,0.20738244754173688,0.8185031185031185,0.7172251616696061,0.1012779568335124,0.7964276975776854,0.7900745573159367,0.8387698042870456,8.996280439395015,8.132761363478842,BA,Nordeste
2920007,2018,hybrid,hybrid_bvr,0.0,0.17625899280575538,0.22538730634682658,0.18965280636750378,0.8237410071942446,0.7746126936531734,0.049128313541071195,0.669002939181551,0.6232327992459944,0.735626767200754,9.080459451121662,8.888591820122032,BA,Nordeste
2920106,2018,hybrid,hybrid_bvr,0.0,0.2978845054316752,0.36682242990654207,0.3160423339367776,0.7021154945683248,0.6331775700934579,0.06893792447486685,0.6924776317242903,0.6613499768839575,0.7409847434119279,9.869206618559254,8.29676250461124,BA,Nordeste
2920205,2016,hybrid,hybrid_bvr,0.0,0.05109415779963863,0.20465116279069767,0.08828638320368552,0.9489058422003613,0.7953488372093023,0.15355700499105904,0.7617356001014971,0.7751664708186448,0.8098968533751142,9.68121861863258,8.378994283142353,BA,Nordeste
2920304,2016,hybrid,hybrid_bvr,0.0,0.07280858676207513,0.23204134366925064,0.11358811040339703,0.9271914132379249,0.7679586563307493,0.1592327569071755,0.7646809412762349,0.7051971326164874,0.7986111111111112,9.044049632254756,8.197936114555942,BA,Nordeste
2920403,2016,hybrid,hybrid_bvr,0.0,0.11927594009266243,0.29901639344262293,0.1634156212059895,0.8807240599073376,0.7009836065573771,0.1797404533499605,0.8117801428779705,0.7896526237989653,0.8505543237250555,9.574080300037034,8.302442072191392,BA,Nordeste
2920452,2018,hybrid,hybrid_bvr,0.0,0.1348248454518693,0.17215988779803645,0.1451413245306375,0.8651751545481308,0.8278401122019635,0.03733504234616716,0.7871928806345522,0.785007072135785,0.8195595069711052,9.440816970657185,8.027012786109223,BA,Nordeste
2920502,2018,hybrid,hybrid_bvr,0.0,0.6509004122369277,0.7462295081967213,0.6845931587286793,0.34909958776307226,0.2537704918032787,0.09532909595979355,0.709457776301586,0.7071674649189144,0.7950592387194353,10.111030037621687,8.42827783008889,BA,Nordeste
2920700,2018,hybrid,hybrid_bvr,0.0,0.1022167487684729,0.17722710163111668,0.12067099567099566,0.8977832512315271,0.8227728983688833,0.07501035286264378,0.7588038010061486,0.7217032967032967,0.8145604395604396,9.857495968685136,8.688724317962201,BA,Nordeste
2920809,2016,hybrid,hybrid_bvr,0.0,0.06204495093383982,0.1879154078549849,0.08805110220440882,0.9379550490661602,0.812084592145015,0.12587045692114507,0.7892095357590966,0.7602963608629331,0.8136848986707343,9.259130536145614,8.396391317936512,BA,Nordeste
2920908,2016,hybrid,hybrid_bvr,0.0,0.08028606126028875,0.21012416427889208,0.10878705066218204,0.9197139387397113,0.789875835721108,0.12983810301860332,0.67779632721202,0.6560775790001672,0.7314830295937135,9.591512787515303,8.507570539111027,BA,Nordeste
2921005,2016,hybrid,hybrid_bvr,0.0,0.06141540130151844,0.16029371016902189,0.10036890285558137,0.9385845986984815,0.8397062898309782,0.09887830886750346,0.7684303024697068,0.6694859505685555,0.8424490179494408,10.601199299593652,9.633942928365098,BA,Nordeste
2921054,2016,hybrid,hybrid_bvr,0.0,0.08228807718814611,0.22080471050049066,0.11220662308434251,0.9177119228118539,0.7791952894995093,0.13851663331234454,0.8743130650593867,0.8789392774788625,0.9012298232129131,9.31874624581997,8.021181773765052,BA,Nordeste
2921104,2018,hybrid,hybrid_bvr,0.0,0.4746772591857001,0.48722397476340695,0.4785272746990565,0.5253227408143,0.512776025236593,0.012546715577706868,0.6995103513443862,0.6887656277513646,0.7782179961260786,9.978595025022933,8.917990651183459,BA,Nordeste
2921203,2016,hybrid,hybrid_bvr,0.0,0.12193051597647486,0.2102056359482102,0.14316573214449857,0.8780694840235251,0.7897943640517898,0.08827511997173534,0.7870672762900065,0.7509280151393842,0.8713880195065143,10.183956170469607,8.427096968466424,BA,Nordeste
2921302,2016,hybrid,hybrid_bvr,0.0,0.06258628624022089,0.13115384615384615,0.08210918658188994,0.9374137137597791,0.8688461538461538,0.06856755991362526,0.8397836741592023,0.8155166828636217,0.9162617427923551,9.24048152888817,8.573780038014075,BA,Nordeste
2921401,2016,hybrid,hybrid_bvr,0.0,0.02269793459552496,0.1504360465116279,0.05169134066661153,0.9773020654044751,0.8495639534883721,0.12773811191610293,0.6649125302232969,0.6665174574753805,0.7218740674425544,9.69763121260851,8.209887847780317,BA,Nordeste
2921450,2016,hybrid,hybrid_bvr,0.0,0.059416863672182824,0.25228658536585363,0.09241613366401254,0.9405831363278172,0.7477134146341464,0.1928697216936708,0.7020725388601037,0.7223518432104526,0.7671488567428838,9.259796980688776,8.074427292365494,BA,Nordeste
2921500,2018,hybrid,hybrid_bvr,0.0,0.09063477872150201,0.2625958378970427,0.11971243042671614,0.909365221278498,0.7374041621029572,0.17196105917554072,0.8407930899096977,0.8303163796555867,0.8670404485382459,10.865477963661274,8.166733098178716,BA,Nordeste
2921609,2016,hybrid,hybrid_bvr,0.0,0.03887612652412087,0.151985111662531,0.06382978723404255,0.9611238734758791,0.848014888337469,0.11310898513841014,0.6954172070903588,0.6916497861805087,0.7382399279765924,9.021598247379305,8.257426998311985,BA,Nordeste
2921708,2016,hybrid,hybrid_bvr,0.0,0.031511215346683503,0.10518648018648019,0.05289298297745893,0.9684887846533164,0.8948135198135199,0.0736752648397967,0.7222623661564738,0.7061197485941119,0.80099239166391,10.46777811097107,8.451001615508552,BA,Nordeste
2921807,2016,hybrid,hybrid_bvr,0.0,0.056794854249349935,0.18035636679704475,0.08632345293811752,0.9432051457506501,0.8196436332029553,0.12356151254769482,0.7296064853909813,0.733034914950761,0.7767233661593554,9.431642228411022,8.186835109704957,BA,Nordeste
2921906,2016,hybrid,hybrid_bvr,0.0,0.050283611835045226,0.13956466069142126,0.07387773516805775,0.9497163881649547,0.8604353393085787,0.08928104885637603,0.6330935251798561,0.6092609082813891,0.6609082813891363,9.263407092912875,9.755500075959677,BA,Nordeste
2922003,2016,hybrid,hybrid_bvr,0.0,0.04882607172059339,0.1169478527607362,0.07440917809706489,0.9511739282794066,0.8830521472392638,0.06812178104014281,0.6825587606837606,0.5832314522874976,0.748664822083521,10.491996178983504,10.46607692293643,BA,Nordeste
2922052,2016,hybrid,hybrid_bvr,0.0,0.03356419818859883,0.18672199170124482,0.0677040395713108,0.9664358018114012,0.8132780082987552,0.153157793512646,0.7899963885879379,0.8166851646318904,0.8566407695153533,9.413199579987685,8.151744463180199,BA,Nordeste
2922102,2018,hybrid,hybrid_bvr,0.0,0.12915800415800416,0.16004051658647758,0.1368882584305887,0.8708419958419958,0.8399594834135224,0.030882512428473424,0.793711967545639,0.7602289590841637,0.8602925588297646,10.102133472249937,8.357796830593513,BA,Nordeste
2922201,2016,hybrid,hybrid_bvr,0.0,0.18999427152950163,0.36901408450704226,0.24162257495590828,0.8100057284704983,0.6309859154929578,0.17901981297754063,0.7710416666666666,0.7047146401985112,0.7909429280397022,8.89795568688403,8.28464378310895,BA,Nordeste
2922607,2016,hybrid,hybrid_bvr,0.0,0.08698757320382802,0.26240079365079366,0.12602436323366556,0.913012426796172,0.7375992063492063,0.17541322044696564,0.640119648532436,0.6592920353982301,0.7273951519815314,9.435881047890113,8.578334087620503,BA,Nordeste
2922656,2018,hybrid,hybrid_bvr,0.0,0.03891795329845604,0.09004739336492891,0.0513536949609789,0.961082046701544,0.909952606635071,0.05112944006647287,0.8690058479532163,0.8634711887869874,0.9148641633500606,9.423110302862831,8.060081608699198,BA,Nordeste
2922706,2016,hybrid,hybrid_bvr,0.0,0.04585813250073178,0.15121317157712305,0.0651033386327504,0.9541418674992682,0.848786828422877,0.10535503907639127,0.767031118587048,0.7221657715198142,0.8536797793583975,9.723942138688924,8.218396305741646,BA,Nordeste
2922730,2016,hybrid,hybrid_bvr,0.0,0.05793309661745468,0.15889724310776943,0.08500542299349241,0.9420669033825453,0.8411027568922306,0.10096414649031474,0.6574257425742575,0.633613074204947,0.7294611307420494,8.936166649549195,8.355865189358523,BA,Nordeste
2922755,2016,hybrid,hybrid_bvr,0.0,0.0745356219139431,0.25385239253852393,0.11483776886620488,0.9254643780860569,0.7461476074614761,0.17931677062458085,0.6429834905660378,0.5867446393762183,0.7454747981063771,8.802071336535285,8.820057265767181,BA,Nordeste
2922805,2016,hybrid,hybrid_bvr,0.0,0.043724512913457185,0.19502407704654895,0.07690950784970894,0.9562754870865429,0.804975922953451,0.15129956413309176,0.729608938547486,0.7162043795620437,0.7588321167883212,8.913953858894255,8.093883188704684,BA,Nordeste
2922854,2016,hybrid,hybrid_bvr,0.0,0.054694419840566874,0.2025089605734767,0.0944399677679291,0.9453055801594331,0.7974910394265233,0.14781454073290984,0.8319916904700078,0.8004094165813715,0.8646366427840327,8.991437814919227,8.162294825545688,BA,Nordeste
2922904,2018,hybrid,hybrid_bvr,0.0,0.4611653897518802,0.5012560710098811,0.47297029702970295,0.5388346102481198,0.4987439289901189,0.040090681258000915,0.8508815290822211,0.8325085324232082,0.8843003412969284,10.091459780838896,8.27537705024135,BA,Nordeste
2923001,2016,hybrid,hybrid_bvr,0.0,0.04984439569409724,0.13755907129648653,0.07878890967851676,0.9501556043059027,0.8624409287035135,0.0877146756023893,0.6391092129347163,0.542205828999879,0.7004474543475632,10.55986700890386,8.868640259955162,BA,Nordeste
2923035,2016,hybrid,hybrid_bvr,0.0,0.0721471235460547,0.2855227882037534,0.12762989654771592,0.9278528764539453,0.7144772117962466,0.2133756646576987,0.8029998170843241,0.835820895522388,0.880214313050134,9.275472466913964,8.141778887347483,BA,Nordeste
2923050,2016,hybrid,hybrid_bvr,0.0,0.10100541376643465,0.198261814231396,0.12250300842358604,0.8989945862335653,0.801738185768604,0.09725640046496134,0.5978191148171905,0.5474231268947596,0.5833694239930706,9.619199713152362,7.900029649122487,BA,Nordeste
2923100,2016,hybrid,hybrid_bvr,0.0,0.05538802387839251,0.16511936339522545,0.0790838375108038,0.9446119761216075,0.8348806366047745,0.10973133951683295,0.8429684962650211,0.810449372871501,0.8906885953982889,10.124348500692786,8.376418026928409,BA,Nordeste
2923209,2018,hybrid,hybrid_bvr,0.0,0.359277275886032,0.5220691032554424,0.4076825511868092,0.640722724113968,0.4779308967445576,0.16279182736941045,0.8025641025641026,0.7884747762808536,0.836758776674206,9.991086257015196,8.259280549267492,BA,Nordeste
2923308,2016,hybrid,hybrid_bvr,0.0,0.04196685878962536,0.12155059132720106,0.05903954802259887,0.9580331412103746,0.878449408672799,0.0795837325375757,0.6689548272807795,0.6453804347826086,0.698822463768116,9.023769800892813,8.22055330576659,BA,Nordeste
2923357,2016,hybrid,hybrid_bvr,0.0,0.031774983200537586,0.21064139941690962,0.06899430740037951,0.9682250167994624,0.7893586005830904,0.17886641621637203,0.6103384938336395,0.6051473529803973,0.6603547139618616,9.706559843352812,8.446855645875356,BA,Nordeste
2923407,2016,hybrid,hybrid_bvr,0.0,0.06934361766485178,0.20519939424533065,0.10054047771255885,0.9306563823351482,0.7948006057546694,0.13585577658047887,0.8136735243913396,0.8246162592382035,0.8606215652833049,9.94150561972365,8.273957440197826,BA,Nordeste
2923506,2016,hybrid,hybrid_bvr,0.0,0.055820610687022904,0.17685411572942136,0.10014992503748125,0.9441793893129771,0.8231458842705787,0.12103350504239846,0.8090261282660333,0.7803680981595092,0.8579141104294479,9.037176752966994,8.3824176074065,BA,Nordeste
2923605,2018,hybrid,hybrid_bvr,0.0,0.3823876532001816,0.431915288872376,0.3986218671870236,0.6176123467998185,0.5680847111276239,0.049527635672194426,0.8204753555425677,0.821286977737115,0.8714038832977534,9.952325334619427,8.339692148105275,BA,Nordeste
2923902,2016,hybrid,hybrid_bvr,0.0,0.05916331174514266,0.1611267605633803,0.0832,0.9408366882548573,0.8388732394366197,0.10196344881823763,0.6673440357650884,0.652925799316308,0.7580937060124673,9.292104673778823,8.414838351997588,BA,Nordeste
2924009,2016,hybrid,hybrid_bvr,0.0,0.0449311874076079,0.08835493330810709,0.062187339359821465,0.9550688125923921,0.9116450666918929,0.04342374590049919,0.8134350135206116,0.75760626623442,0.8374041036586594,11.593546466937843,9.883059549837572,BA,Nordeste
2924058,2016,hybrid,hybrid_bvr,0.0,0.061496694995278565,0.15749456915278784,0.08494002665482007,0.9385033050047215,0.8425054308472122,0.09599787415750927,0.6928399943510803,0.6477172312223859,0.7229749631811487,9.528939547062684,8.246660108898775,BA,Nordeste
2924108,2016,hybrid,hybrid_bvr,0.0,0.047649989170457006,0.17234848484848486,0.079477672094148,0.952350010829543,0.8276515151515151,0.12469849567802785,0.7893748323048028,0.7217847769028871,0.8225721784776903,8.83579236650274,8.160809071966977,BA,Nordeste
2924207,2016,hybrid,hybrid_bvr,0.0,0.049503752118131204,0.19604743083003953,0.06873103881159118,0.9504962478818688,0.8039525691699605,0.14654367871190832,0.7892139584067677,0.8210109731966181,0.8440366972477065,9.740674462130217,8.360613359801881,BA,Nordeste
2924306,2016,hybrid,hybrid_bvr,0.0,0.13400205761316872,0.26921338155515373,0.17108778033173883,0.8659979423868313,0.7307866184448463,0.135211323941985,0.79330204778157,0.8035063752276868,0.8653233151183971,9.797126536544718,8.115258713495281,BA,Nordeste
2924405,2016,hybrid,hybrid_bvr,0.0,0.07882245549977179,0.18603174603174602,0.09219547193877552,0.9211775445002282,0.813968253968254,0.10720929053197423,0.8385665299536073,0.8264805473014996,0.8628982102135305,10.400011391591258,8.129344368986763,BA,Nordeste
2924504,2016,hybrid,hybrid_bvr,0.0,0.031207879730430276,0.13178855901520636,0.05340078695896571,0.9687921202695697,0.8682114409847936,0.10058067928477608,0.6411668962063353,0.6398441698011822,0.7134605051047824,9.656819456174961,8.11200958962463,BA,Nordeste
2924603,2018,hybrid,hybrid_bvr,0.0,0.13115057343692194,0.21013754457463066,0.15211936249576127,0.8688494265630781,0.7898624554253694,0.07898697113770872,0.602953074433657,0.5910290237467019,0.6744469251065557,9.909519324767848,8.147864598936899,BA,Nordeste
2924652,2016,hybrid,hybrid_bvr,0.0,0.07691080261688209,0.19283276450511946,0.1084029712163417,0.9230891973831179,0.8071672354948806,0.11592196188823738,0.6001886792452831,0.6076354187487507,0.6512092744353388,9.243968552956167,8.303911890196572,BA,Nordeste
2924678,2016,hybrid,hybrid_bvr,0.0,0.15165783794388857,0.36684996072270226,0.19450980392156864,0.8483421620561115,0.6331500392772977,0.2151921227788137,0.5950840879689522,0.5673777315296566,0.630853277835588,9.190035618635818,8.30765701599466,BA,Nordeste
2924702,2016,hybrid,hybrid_bvr,0.0,0.0696322336398053,0.17568897637795275,0.09234353489357196,0.9303677663601947,0.8243110236220472,0.10605674273814746,0.6547355720892821,0.6749252456215292,0.7223408799658265,9.455871442168021,8.008633636211274,BA,Nordeste
2924801,2018,hybrid,hybrid_bvr,0.0,0.10255659640905543,0.12195828505214369,0.10728862973760933,0.8974434035909445,0.8780417149478563,0.019401688643088263,0.7961913398322376,0.745834284409952,0.8768545994065282,10.016771593989466,8.210482155436623,BA,Nordeste
2924900,2018,hybrid,hybrid_bvr,0.0,0.7301310043668122,0.7164480322906155,0.7255558939993908,0.2698689956331878,0.2835519677093845,-0.013682972076196731,0.8075992255566312,0.8108178053830227,0.84472049689441,9.085003880664885,8.252888709966257,BA,Nordeste
2925006,2016,hybrid,hybrid_bvr,0.0,0.06220698341613603,0.21088957055214724,0.0941189391027401,0.9377930165838639,0.7891104294478528,0.1486825871360112,0.6872327940313522,0.6978873239436619,0.7518485915492957,10.10565258546514,8.349004374042156,BA,Nordeste
2925105,2016,hybrid,hybrid_bvr,0.0,0.0542555632025694,0.15112122196945077,0.07943094250148192,0.9457444367974306,0.8488787780305492,0.09686565876688137,0.677963541142109,0.6553293914499503,0.7599811626811783,10.707751151716078,8.48899227312354,BA,Nordeste
2925303,2016,hybrid,hybrid_bvr,0.0,0.057924458812456524,0.11798904721119156,0.0843683524325808,0.9420755411875434,0.8820109527888085,0.06006458839873504,0.6198281282749948,0.5396347126199567,0.7582705603136931,11.751383153993038,9.138466888009637,BA,Nordeste
2925402,2016,hybrid,hybrid_bvr,0.0,0.07928164695575997,0.2154243860404998,0.11354234704985848,0.92071835304424,0.7845756139595002,0.13614273908473984,0.7259274275288871,0.7015706806282722,0.8034635521546516,9.191157552559408,8.557785190070511,BA,Nordeste
2925501,2016,hybrid,hybrid_bvr,0.0,0.04124315871774824,0.091897401053168,0.055192515631611115,0.9587568412822518,0.908102598946832,0.050654242335419764,0.6389983363978636,0.6327181208053692,0.7263422818791946,10.226548834389476,9.131745680948022,BA,Nordeste
2925600,2016,hybrid,hybrid_bvr,0.0,0.047638660076880834,0.1489773355444997,0.08112067386925471,0.9523613399231192,0.8510226644555003,0.10133867546761888,0.8943634213638155,0.8677011024908126,0.9330338913842384,9.528794103094718,8.315508648851422,BA,Nordeste
2925709,2016,hybrid,hybrid_bvr,0.0,0.06506953608770683,0.1987179487179487,0.08630090304992333,0.9349304639122932,0.8012820512820513,0.13364841263024188,0.7771869639794168,0.7858836403428779,0.8334853182564289,9.521641310026597,8.047060635020024,BA,Nordeste
2925758,2016,hybrid,hybrid_bvr,0.0,0.0414977192093259,0.18787878787878787,0.07265403550648963,0.9585022807906741,0.8121212121212121,0.14638106866946196,0.45475113122171945,0.43784530386740333,0.4931802486187845,10.079371767366077,8.424261293392656,BA,Nordeste
2925808,2018,hybrid,hybrid_bvr,0.0,0.14846836103450847,0.17940303172370684,0.1582980439604759,0.8515316389654916,0.8205969682762931,0.030934670689198362,0.7591763652641003,0.7393739703459637,0.8191103789126853,10.11058301942873,8.328880223823003,BA,Nordeste
2925907,2016,hybrid,hybrid_bvr,0.0,0.032976372599014106,0.2259083728278041,0.062212202609363006,0.9670236274009859,0.7740916271721959,0.19293200022878998,0.7574624017100542,0.7667366456729647,0.8315061037244382,10.212001134567842,8.315747666363535,BA,Nordeste
2925931,2018,hybrid,hybrid_bvr,0.0,0.17677927189242373,0.3075765178123432,0.20881699184983946,0.8232207281075763,0.6924234821876568,0.13079724591991945,0.6533416614615865,0.6379310344827587,0.6811409110259685,9.164715193949908,8.10167140390707,BA,Nordeste
2925956,2016,hybrid,hybrid_bvr,0.0,0.05651926631593914,0.1497021497021497,0.07645617552065932,0.9434807336840608,0.8502978502978503,0.09318288338621056,0.7130692690394183,0.69241218707549,0.7489811760139724,10.037756173341162,8.727740473267424,BA,Nordeste
2926004,2016,hybrid,hybrid_bvr,0.0,0.0677445578538524,0.15958549222797927,0.09135901551631889,0.9322554421461476,0.8404145077720208,0.09184093437412687,0.8360244552437686,0.8194579945799458,0.8662330623306234,10.570213752738272,8.496239505314865,BA,Nordeste
2926103,2016,hybrid,hybrid_bvr,0.0,0.05702883625128733,0.1701617735170761,0.09102367876114162,0.9429711637487127,0.8298382264829239,0.11313293726578877,0.7406359471840475,0.6476203463793809,0.7834447020319105,9.397234790615272,8.451294420243388,BA,Nordeste
2926202,2018,hybrid,hybrid_bvr,0.0,0.30987091875474565,0.3907586993725043,0.3326646787747357,0.6901290812452543,0.6092413006274957,0.08088778061775864,0.827815171911952,0.8116538602268569,0.8655323819978046,9.995929987925688,9.394032340620582,BA,Nordeste
2926301,2016,hybrid,hybrid_bvr,0.0,0.029482841952634124,0.09444836509056692,0.05139740425193089,0.9705171580473658,0.905551634909433,0.0649655231379328,0.6934963491254882,0.6476585450146881,0.7466159783422613,10.409461425571095,8.374583837137294,BA,Nordeste
2926400,2016,hybrid,hybrid_bvr,0.0,0.04665143681615967,0.14441087613293052,0.07417558886509636,0.9533485631838403,0.8555891238670694,0.09775943931677085,0.7529543804053608,0.758448595465564,0.7938114929416797,10.330257427138122,8.2369276951872,BA,Nordeste
2926509,2018,hybrid,hybrid_bvr,0.0,0.2254755289591793,0.2568242983467897,0.23221599933127143,0.7745244710408207,0.7431757016532103,0.031348769387610415,0.7338927606314891,0.7539931333034782,0.8005672488431109,9.566335084610051,8.328051004672393,BA,Nordeste
2926608,2016,hybrid,hybrid_bvr,0.0,0.04955331749590123,0.141452555421575,0.0738701988056914,0.9504466825040988,0.858547444578425,0.09189923792567378,0.7063368765331153,0.7016135881104034,0.7677707006369426,10.768863865608733,8.626467080278642,BA,Nordeste
2926707,2016,hybrid,hybrid_bvr,0.0,0.062296227293898464,0.1831223628691983,0.09743674005915215,0.9377037727061015,0.8168776371308017,0.12082613557529984,0.7476172321768967,0.7526492633755493,0.8206254846213492,9.47324295306374,8.422986423540822,BA,Nordeste
2926806,2016,hybrid,hybrid_bvr,0.0,0.04198883161512027,0.17348754448398576,0.06732758620689655,0.9580111683848798,0.8265124555160143,0.1314987128688655,0.8066685746994848,0.7768052516411379,0.8349484213816818,9.603395460007665,8.196272701143954,BA,Nordeste
2926905,2018,hybrid,hybrid_bvr,0.0,0.07565075921908894,0.10149253731343283,0.08251317228352718,0.9243492407809111,0.8985074626865672,0.02584177809434389,0.7690829694323144,0.7680776014109347,0.8121693121693122,9.385805141306925,8.222133746399845,BA,Nordeste
2927002,2016,hybrid,hybrid_bvr,0.0,0.06568484449254224,0.18682944876063634,0.09910461988901371,0.9343151555074578,0.8131705512393637,0.1211446042680941,0.7573226417195679,0.7452761424165966,0.8307261003644519,10.523095829761203,9.764805843956053,BA,Nordeste
2927101,2018,hybrid,hybrid_bvr,0.0,0.0793462813832307,0.11151079136690648,0.09042965720490151,0.9206537186167693,0.8884892086330936,0.032164509983675774,0.822366775081311,0.7653562653562653,0.8891891891891892,8.958668737047434,8.36895426315015,BA,Nordeste
2927309,2016,hybrid,hybrid_bvr,0.0,0.04339250493096647,0.11422845691382766,0.06768276931025574,0.9566074950690335,0.8857715430861723,0.07083595198286119,0.884858774502238,0.8035056709382825,0.9313595522168213,9.507180382212729,8.68993172008733,BA,Nordeste
2927408,2016,hybrid,hybrid_bvr,0.0,0.07173594090965257,0.14197014625049517,0.1118197021385373,0.9282640590903475,0.8580298537495048,0.0702342053408426,0.7334447056233835,0.5380947615875643,0.8498537832646806,14.799705141892249,9.631327823708908,BA,Nordeste
2927507,2016,hybrid,hybrid_bvr,0.0,0.06652949245541838,0.1594853992240147,0.09178690344062153,0.9334705075445816,0.8405146007759853,0.09295590676859632,0.7227774855339295,0.6702524893314367,0.7541785206258891,9.855557018778578,8.47118660229522,BA,Nordeste
2927606,2016,hybrid,hybrid_bvr,0.0,0.04869727047146402,0.14469729497638473,0.06730528946272386,0.951302729528536,0.8553027050236153,0.0960000245049207,0.8395265620699147,0.8547565118912798,0.8830690826727067,9.619797501353885,8.273504705491423,BA,Nordeste
2927705,2016,hybrid,hybrid_bvr,0.0,0.10538383152173914,0.15638469827586207,0.1250325334443808,0.8946161684782609,0.8436153017241379,0.05100086675412294,0.5155367231638418,0.47484662576687114,0.6418200408997955,10.175954459181428,8.789106600063581,BA,Nordeste
2927804,2016,hybrid,hybrid_bvr,0.0,0.0623475196530225,0.18189509306260576,0.09120721459315434,0.9376524803469775,0.8181049069373942,0.11954757340958326,0.7005537974683544,0.6447954637505062,0.6909680032401783,8.805824812903607,8.482055842843407,BA,Nordeste
2927903,2016,hybrid,hybrid_bvr,0.0,0.04384133611691023,0.1498989898989899,0.07560679611650485,0.9561586638830898,0.8501010101010101,0.10605765378207965,0.7979636654022759,0.7642916321458161,0.8272576636288318,9.245997049184217,8.221832707582191,BA,Nordeste
2928000,2018,hybrid,hybrid_bvr,0.0,0.3307731177362304,0.45277696722108746,0.37234891297121203,0.6692268822637696,0.5472230327789125,0.12200384948485704,0.6417209764718877,0.5682485875706215,0.6742372881355932,10.429339710318741,8.314728030706181,BA,Nordeste
2928059,2016,hybrid,hybrid_bvr,0.0,0.08344994275537464,0.20127610208816704,0.1044139079741828,0.9165500572446253,0.798723897911833,0.1178261593327924,0.5942165942165942,0.5374514518217126,0.6621046791196598,9.498822124598528,8.413247209073546,BA,Nordeste
2928208,2016,hybrid,hybrid_bvr,0.0,0.038892411752272246,0.13595413595413594,0.0679382558253859,0.9611075882477278,0.864045864045864,0.0970617242018637,0.7448255686389235,0.7696435415868149,0.8100421617477961,10.116580767996837,8.533980780922404,BA,Nordeste
2928307,2016,hybrid,hybrid_bvr,0.0,0.04021289178001183,0.1003996003996004,0.053958475929728494,0.9597871082199881,0.8996003996003996,0.06018670861958857,0.7616443522534414,0.7011189076427081,0.7851318035274037,9.079776001955066,8.210213377865443,BA,Nordeste
2928406,2018,hybrid,hybrid_bvr,0.0,0.3804486106461332,0.4095313951944776,0.3896617627450109,0.6195513893538668,0.5904686048055223,0.029082784548344398,0.7326072460546789,0.7152138603140228,0.7784824812437157,10.17542126801977,8.306091135138841,BA,Nordeste
2928505,2016,hybrid,hybrid_bvr,0.0,0.03897829617599291,0.14654333008763387,0.06366914581924724,0.9610217038240071,0.8534566699123661,0.10756503391164096,0.7395441030723489,0.7181314330958036,0.7802850356294537,9.174505918966966,8.21253533814135,BA,Nordeste
2928604,2016,hybrid,hybrid_bvr,0.0,0.027560430347911134,0.08708090170500057,0.05007041490629401,0.9724395696520889,0.9129190982949994,0.05952047135708944,0.8419537377146828,0.7421270005162622,0.8966507485802788,10.96474405466047,8.934773767958955,BA,Nordeste
2928950,2016,hybrid,hybrid_bvr,0.0,0.05592303066746843,0.17208077260755048,0.09230980877699821,0.9440769693325316,0.8279192273924495,0.11615774194008205,0.6855680655066531,0.6463262764632628,0.7511415525114156,9.129780864117766,8.253655466113637,BA,Nordeste
2929008,2016,hybrid,hybrid_bvr,0.0,0.03317393903167962,0.10331804693822498,0.05812836279784781,0.9668260609683204,0.896681953061775,0.07014410790654536,0.7375937680323139,0.6766613810004325,0.7944356350007208,9.553788222333822,8.820429647208204,BA,Nordeste
2929057,2016,hybrid,hybrid_bvr,0.0,0.03053769725306838,0.10445792666842522,0.05678085405912717,0.9694623027469316,0.8955420733315748,0.07392022941535684,0.6433984261148353,0.648515590034313,0.7102789795613904,9.476390144300849,8.744851367848865,BA,Nordeste
2929107,2016,hybrid,hybrid_bvr,0.0,0.12692242690552644,0.2399567645469285,0.16290164970972007,0.8730775730944735,0.7600432354530715,0.11303433764140206,0.7205561613958561,0.69927333705981,0.7821874417738028,9.918622440120398,8.537174450921245,BA,Nordeste
2929255,2016,hybrid,hybrid_bvr,0.0,0.06580555070692966,0.19254204240799416,0.09908233331194251,0.9341944492930704,0.8074579575920058,0.1267364917010645,0.808964572323351,0.7691133055074825,0.8479079710882622,9.821572259334861,8.229478557518291,BA,Nordeste
2929305,2016,hybrid,hybrid_bvr,0.0,0.05118850193477059,0.15245861131702496,0.08237357943711388,0.9488114980652294,0.847541388682975,0.10127010938225436,0.7941701368233195,0.6934477379095164,0.8372734909396375,10.412802035103168,8.824799832577686,BA,Nordeste
2929370,2018,hybrid,hybrid_bvr,0.0,0.23296593186372747,0.32621156852527355,0.25533796588755525,0.7670340681362725,0.6737884314747264,0.09324563666154609,0.7094813614262561,0.667735728030789,0.7491982039769083,9.228180290104513,8.380592259566834,BA,Nordeste
2929404,2016,hybrid,hybrid_bvr,0.0,0.04490877904256978,0.15888689407540396,0.0741939211834046,0.9550912209574303,0.841113105924596,0.11397811503283418,0.7506724949562879,0.7148026882646906,0.7961399276236429,9.250906333722844,8.672391362160019,BA,Nordeste
2929602,2016,hybrid,hybrid_bvr,0.0,0.08879214336336945,0.1795536070147469,0.11909705941456226,0.9112078566366305,0.8204463929852531,0.09076146365137745,0.7602961109373371,0.7345926551287463,0.8172224567327987,9.716253951381153,8.749275867507382,BA,Nordeste
2929701,2016,hybrid,hybrid_bvr,0.0,0.08676536563481382,0.2480165574335978,0.11976132973433726,0.9132346343651861,0.7519834425664023,0.16125119179878397,0.7494734070563455,0.7586162049681363,0.8030953309923267,9.85029772402201,8.387541327889513,BA,Nordeste
2929750,2016,hybrid,hybrid_bvr,0.0,0.06666666666666667,0.17572722937529806,0.1049496644295302,0.9333333333333333,0.824272770624702,0.10906056270863139,0.7334648058252428,0.6552227903579255,0.8112490869247626,9.32375833901174,8.756373871498791,BA,Nordeste
2929800,2018,hybrid,hybrid_bvr,0.0,0.6605230823240302,0.7333333333333333,0.685971100238935,0.33947691767596977,0.2666666666666667,0.07281025100930305,0.7606837606837606,0.7506112469437652,0.8176737687740133,9.379661116592885,8.237566388748693,BA,Nordeste
2929909,2016,hybrid,hybrid_bvr,0.0,0.04675022987949475,0.14320339325388812,0.07792887029288703,0.9532497701205053,0.8567966067461119,0.09645316337439336,0.8205064671192824,0.806839092210182,0.8774790431404621,10.640603770478197,8.617536596725468,BA,Nordeste
2930006,2016,hybrid,hybrid_bvr,0.0,0.06634522661523626,0.20802005012531327,0.10551925483108578,0.9336547733847638,0.7919799498746867,0.141674823510077,0.8018258739701626,0.8082541154648737,0.8423371203338743,9.246768728589734,8.397622327711293,BA,Nordeste
2930204,2016,hybrid,hybrid_bvr,0.0,0.04832833756052571,0.15599784830554062,0.07579294246876288,0.9516716624394743,0.8440021516944594,0.1076695107450149,0.6893277852663658,0.6494857013676952,0.707697524584605,10.53009420928783,8.329222038329991,BA,Nordeste
2930303,2016,hybrid,hybrid_bvr,0.0,0.03866219489472703,0.17220543806646527,0.07869469313611004,0.961337805105273,0.8277945619335347,0.13354324317173824,0.663036902601331,0.666873641726172,0.70330125219911,9.80432998100291,8.459205604141868,BA,Nordeste
2930402,2016,hybrid,hybrid_bvr,0.0,0.07053844345168117,0.16480630334865398,0.09528475905003458,0.9294615565483189,0.835193696651346,0.09426785989697281,0.8338651967894788,0.784924718886983,0.8734514960930055,9.642187721358466,8.175131699922776,BA,Nordeste
2930501,2016,hybrid,hybrid_bvr,0.0,0.034872761545711596,0.08419849982613879,0.052484714915398835,0.9651272384542884,0.9158015001738612,0.049325738280427196,0.7779593367442608,0.7268694038880374,0.8299857492404076,11.248465005019307,8.84174919206839,BA,Nordeste
2930600,2016,hybrid,hybrid_bvr,0.0,0.028652555498193084,0.13409961685823754,0.05516443244285852,0.9713474445018069,0.8659003831417624,0.10544706136004446,0.6276491685686338,0.5579854208084825,0.6888667992047713,9.420925394042996,8.266265226732147,BA,Nordeste
2930758,2016,hybrid,hybrid_bvr,0.0,0.04379067245119306,0.1586501163692785,0.07349397590361446,0.9562093275488069,0.8413498836307215,0.11485944391808545,0.7792636332059742,0.7282186948853615,0.8026455026455026,9.396819938918801,8.346055336272817,BA,Nordeste
2930766,2016,hybrid,hybrid_bvr,0.0,0.050532870314932345,0.19796557120500782,0.06981073533974558,0.9494671296850676,0.8020344287949922,0.14743270089007549,0.7961070559610706,0.7976732422862923,0.8292024953633451,9.440816970657185,8.430816936708993,BA,Nordeste
2930774,2016,hybrid,hybrid_bvr,0.0,0.05155215066634746,0.11168734950916837,0.06960931839714651,0.9484478493336526,0.8883126504908316,0.060135198842820904,0.7269372693726938,0.63250198290297,0.7615228694809201,9.998797732340453,9.932423919269043,BA,Nordeste
2930907,2016,hybrid,hybrid_bvr,0.0,0.05938921377517869,0.22918918918918918,0.10404569252736792,0.9406107862248213,0.7708108108108108,0.16979997541401048,0.8243138471080788,0.8238238238238238,0.8638638638638638,9.344084242025778,8.334994101097239,BA,Nordeste
2931004,2016,hybrid,hybrid_bvr,0.0,0.05133778010942067,0.16989247311827957,0.07713482487993441,0.9486622198905793,0.8301075268817204,0.1185546930088589,0.6771646859083191,0.6927799394725465,0.7464764375270212,9.904137341377625,8.35816881459426,BA,Nordeste
2931103,2016,hybrid,hybrid_bvr,0.0,0.05920908892287525,0.11319111885067479,0.07721390141049876,0.9407909110771248,0.8868088811493252,0.05398202992779954,0.7471647765176784,0.7077311309933471,0.7813718742830924,8.988196320995057,8.269045571671663,BA,Nordeste
2931202,2016,hybrid,hybrid_bvr,0.0,0.07508462406400657,0.19006685768863418,0.10302325581395348,0.9249153759359934,0.8099331423113658,0.11498223362462762,0.7098577235772358,0.7053537526895329,0.7733198329325401,9.838842359042596,8.644390559566734,BA,Nordeste
2931301,2018,hybrid,hybrid_bvr,0.0,0.08790158843903022,0.09495652173913044,0.08958536801917784,0.9120984115609698,0.9050434782608696,0.007054933300100222,0.7859124537607891,0.7496085186345129,0.8528030065768869,9.71208488700598,8.732302617891017,BA,Nordeste
2931350,2016,hybrid,hybrid_bvr,0.0,0.04337084820203129,0.0913451004260499,0.06243030167857801,0.9566291517979687,0.9086548995739501,0.04797425222401861,0.6463176045362602,0.566340443329151,0.7175575073191134,11.837476930695749,9.150400643258633,BA,Nordeste
2931400,2016,hybrid,hybrid_bvr,0.0,0.05251736111111111,0.15202231520223153,0.08415914805502145,0.9474826388888888,0.8479776847977685,0.09950495409112042,0.8087470449172577,0.7440109514031485,0.8688113164499202,8.973984926689743,8.612676077821263,BA,Nordeste
2931509,2016,hybrid,hybrid_bvr,0.0,0.044037707286864375,0.14699260212286908,0.06212481594744592,0.9559622927131356,0.8530073978771309,0.1029548948360047,0.8733808898066454,0.8520937379946216,0.8925278524779101,9.974970654157993,8.197325650614369,BA,Nordeste
2931608,2016,hybrid,hybrid_bvr,0.0,0.08249570973277764,0.2086005281026028,0.11339252682204957,0.9175042902672224,0.7913994718973972,0.12610481836982515,0.6452646027146561,0.5626264197915046,0.6341994709817955,9.604811938609481,8.44426874824426,BA,Nordeste
2931806,2016,hybrid,hybrid_bvr,0.0,0.08156582570514252,0.19030222517436068,0.10137269193391642,0.9184341742948575,0.8096977748256393,0.10873639946921816,0.7810424406169088,0.7846732487070992,0.8488481429243065,9.742673052026605,8.123891752060905,BA,Nordeste
2931905,2016,hybrid,hybrid_bvr,0.0,0.05379861868411487,0.16180948238364506,0.07896003851709196,0.9462013813158852,0.8381905176163549,0.1080108636995302,0.7883648344026357,0.75965097831835,0.8414859862506611,10.867005322772965,8.402124047752567,BA,Nordeste
2932002,2016,hybrid,hybrid_bvr,0.0,0.037769664785927644,0.1355421686746988,0.06539574145207948,0.9622303352140723,0.8644578313253012,0.09777250388877115,0.7918892483635542,0.7417917099985143,0.8647303521022136,10.097984685260217,8.30200343546706,BA,Nordeste
2932101,2016,hybrid,hybrid_bvr,0.0,0.03845830177564588,0.13304924242424243,0.06323301272106732,0.9615416982243541,0.8669507575757576,0.09459094064859655,0.6725068758276459,0.6779820346772509,0.7530812617505744,9.890908770329268,8.45491910872103,BA,Nordeste
2932309,2016,hybrid,hybrid_bvr,0.0,0.0709227354402283,0.14863523573200993,0.0940183594906722,0.9290772645597717,0.85136476426799,0.07771250029178163,0.6252448579823702,0.5694132334581773,0.7400749063670412,10.126791091051704,8.385502095402403,BA,Nordeste
2932408,2016,hybrid,hybrid_bvr,0.0,0.06213783750462335,0.17810098792535675,0.09787775891341256,0.9378621624953767,0.8218990120746432,0.11596315042073341,0.7145419426048565,0.7066917728852838,0.7562282734646582,9.519661619531444,8.272816632501357,BA,Nordeste
2932457,2016,hybrid,hybrid_bvr,0.0,0.04125644631973746,0.2514817950889077,0.08672533920058673,0.9587435536802625,0.7485182049110923,0.21022534876917026,0.5288028051427617,0.568890324664836,0.613471167824261,9.740968623038354,8.04831833662955,BA,Nordeste
2932606,2016,hybrid,hybrid_bvr,0.0,0.03951802307770857,0.11391492429704397,0.0558512751251291,0.9604819769222914,0.886085075702956,0.0743969012193354,0.79209926563687,0.8026652308520662,0.8469511374343788,9.709052927858371,8.768376701644234,BA,Nordeste
2932705,2016,hybrid,hybrid_bvr,0.0,0.04825634750688284,0.11810089020771514,0.06763604318131747,0.9517436524931172,0.8818991097922848,0.06984454270083229,0.6777727478497058,0.6518008758602198,0.7801412101170793,9.89530415972811,8.560820945157452,BA,Nordeste
2933000,2016,hybrid,hybrid_bvr,0.0,0.0581989775855289,0.1570533948582729,0.09010591303422215,0.9418010224144711,0.8429466051417271,0.09885441727274401,0.5983920068690969,0.5651796288985392,0.6318199763126727,10.108874382261078,8.422112626942106,BA,Nordeste
2933059,2018,hybrid,hybrid_bvr,0.0,0.22247759135830844,0.3016098484848485,0.23764662418029,0.7775224086416915,0.6983901515151515,0.07913225712654007,0.769478527607362,0.7145643693107933,0.8384265279583876,9.531408863445597,8.143757144536941,BA,Nordeste
2933109,2016,hybrid,hybrid_bvr,0.0,0.05617537678606381,0.1631578947368421,0.08294255568581477,0.9438246232139362,0.8368421052631578,0.1069825179507783,0.6633318834275772,0.5935992985532661,0.6946514686540991,9.066585468331045,8.347606275829017,BA,Nordeste
2933158,2016,hybrid,hybrid_bvr,0.0,0.029721015000700967,0.12611408199643495,0.0525756771109931,0.970278984999299,0.8738859180035651,0.09639306699573398,0.6580915891260719,0.6185891501573783,0.7170894278837252,9.47830431356186,8.297676498068187,BA,Nordeste
2933208,2016,hybrid,hybrid_bvr,0.0,0.032902579752992225,0.08643940812886308,0.050822358056588315,0.9670974202470077,0.9135605918711369,0.05353682837587086,0.845575101488498,0.7666205341124609,0.9070172740786304,10.533881284434855,8.898869352116336,BA,Nordeste
2933257,2016,hybrid,hybrid_bvr,0.0,0.08040816326530613,0.1909323116219668,0.10704355885078777,0.9195918367346939,0.8090676883780332,0.11052414835666068,0.7554774141195564,0.7565408978242908,0.7942715505370421,8.824677891164198,9.075227898168508,BA,Nordeste
2933307,2016,hybrid,hybrid_bvr,0.0,0.08640183508322301,0.17684378368666906,0.12121961161848759,0.913598164916777,0.8231562163133309,0.09044194860344605,0.4408552707207725,0.3943356784198793,0.5854058296119843,12.634166449198611,9.343810172302916,BA,Nordeste
2933505,2016,hybrid,hybrid_bvr,0.0,0.08355614973262032,0.19409635199108882,0.10905468800205642,0.9164438502673797,0.8059036480089112,0.1105402022584685,0.6947542794036444,0.6390474100087796,0.740342405618964,10.007351949566416,8.898535026234248,BA,Nordeste
2933604,2016,hybrid,hybrid_bvr,0.0,0.031683090573593496,0.11906074302722963,0.05456595916951015,0.9683169094264065,0.8809392569727703,0.08737765245363613,0.794027389731141,0.7712722948870392,0.8368608799048751,10.726258500889578,8.377382714834502,BA,Nordeste
2300200,2016,hybrid,hybrid_bvr,0.0,0.10426893680482197,0.294127150819937,0.15660601177286868,0.895731063195178,0.705872849180063,0.18985821401511505,0.8217020604720928,0.7524895070364579,0.8670479795901572,10.960426790193678,8.647353196882996,CE,Nordeste
2300309,2018,hybrid,hybrid_bvr,0.0,0.43459451254221854,0.567333049766057,0.4754046750793609,0.5654054874577814,0.43266695023394297,0.1327385372238385,0.7869640453758893,0.765625,0.8166073848238482,10.842713255692779,8.335975013166458,CE,Nordeste
2300408,2018,hybrid,hybrid_bvr,0.0,0.5600206079340546,0.7233333333333334,0.6116487770543727,0.4399793920659454,0.2766666666666666,0.16331272539927877,0.8577987846049966,0.8327208584448038,0.8662354843451419,9.692951689261001,8.06716522402744,CE,Nordeste
2300705,2018,hybrid,hybrid_bvr,0.0,0.6149114173228346,0.6733428707677634,0.6347995455283233,0.3850885826771654,0.32665712923223655,0.05843145344492884,0.8928784444709531,0.8674684159378037,0.9024538386783285,9.702533483594172,8.501966909595124,CE,Nordeste
2300804,2018,hybrid,hybrid_bvr,0.0,0.5980308219178082,0.7038834951456311,0.6321474866772289,0.4019691780821918,0.2961165048543689,0.10585267322782288,0.8182053271269718,0.8016150740242262,0.8519515477792732,8.851377097519439,8.298229038566255,CE,Nordeste
2301109,2016,hybrid,hybrid_bvr,0.0,0.07885315177837775,0.16007159442724458,0.10938013061403189,0.9211468482216223,0.8399284055727554,0.08121844264886684,0.7950014717294158,0.7260894324375627,0.8492827507660602,11.144163480467705,9.029329715434633,CE,Nordeste
2301208,2016,hybrid,hybrid_bvr,0.0,0.15657320872274144,0.2516193323368211,0.18767077916701166,0.8434267912772586,0.7483806676631789,0.09504612361407966,0.7763435363281999,0.7035242290748899,0.771176840780365,10.142150059508008,8.265941775603945,CE,Nordeste
2301257,2018,hybrid,hybrid_bvr,0.0,0.13951663527934716,0.21842207539836767,0.16196004018305615,0.8604833647206529,0.7815779246016323,0.07890544011902051,0.8232244686365993,0.7974543442169342,0.8354547131525549,9.258273025731485,8.113956082744386,CE,Nordeste
2301307,2018,hybrid,hybrid_bvr,0.0,0.5367589551071484,0.6874872838250254,0.5781541066892464,0.46324104489285156,0.31251271617497456,0.150728328717877,0.8520412823088866,0.8416683336667333,0.8777755551110222,9.937164078895512,8.33175147102788,CE,Nordeste
2301505,2018,hybrid,hybrid_bvr,0.0,0.12097457627118643,0.26249416160672584,0.16475207212447288,0.8790254237288135,0.7375058383932742,0.1415195853355394,0.7916070577014783,0.7858522452921294,0.837518107194592,8.942460926820582,8.290973016721434,CE,Nordeste
2301604,2018,hybrid,hybrid_bvr,0.0,0.6388119421360419,0.7746501789781972,0.6817493867752205,0.36118805786395813,0.2253498210218028,0.13583823684215535,0.8621347437787219,0.8191104095087752,0.8848546754573312,10.018823151216033,8.255327800040435,CE,Nordeste
2301802,2018,hybrid,hybrid_bvr,0.0,0.673291177356218,0.7663992449268523,0.7094284138945047,0.326708822643782,0.2336007550731477,0.09310806757063428,0.9056658038538971,0.8624467437614121,0.9272671941570299,8.703838719690246,8.214822508595288,CE,Nordeste
2302701,2018,hybrid,hybrid_bvr,0.0,0.5877433410640241,0.709918080748976,0.6272425249169435,0.41225665893597585,0.290081919251024,0.12217473968495185,0.7601922066221187,0.7277341581410104,0.7920532952652867,10.185126401440623,8.43038072044417,CE,Nordeste
2302800,2016,hybrid,hybrid_bvr,0.0,0.059682214748744945,0.1697062100510174,0.09186884231159408,0.9403177852512551,0.8302937899489826,0.11002399530227247,0.8533471456169331,0.8095130684861984,0.8793808328869089,11.218191922571679,8.495611963487733,CE,Nordeste
2303501,2016,hybrid,hybrid_bvr,0.0,0.04855076234583962,0.15647268408551068,0.0813174107062203,0.9514492376541603,0.8435273159144894,0.10792192173967106,0.7649031084844008,0.635475758816305,0.8308380607053044,11.099559224965807,8.884377263470714,CE,Nordeste
2303600,2018,hybrid,hybrid_bvr,0.0,0.12909203211859172,0.19975589910496339,0.14813574458584505,0.8709079678814082,0.8002441008950366,0.07066386698637167,0.8505135730007337,0.8531237873496313,0.8802871556072953,9.838682329170013,8.042824755500874,CE,Nordeste
2303659,2016,hybrid,hybrid_bvr,0.0,0.05190592051905921,0.18131651556957035,0.08952140479742914,0.9480940794809408,0.8186834844304296,0.12941059505051114,0.8629001883239171,0.8371960486322189,0.8877279635258358,9.20552881497896,8.415332261386338,CE,Nordeste
2303709,2016,hybrid,hybrid_bvr,0.0,0.06173658630172028,0.1338487639912096,0.09136836772507868,0.9382634136982797,0.8661512360087904,0.07211217768948933,0.8371716877345088,0.6862877468060394,0.8949767711962834,12.69293646460064,9.075050609410004,CE,Nordeste
2303931,2016,hybrid,hybrid_bvr,0.0,0.04865984125158173,0.2007423445716053,0.0898499706646551,0.9513401587484183,0.7992576554283947,0.15208250332002357,0.8721076987799747,0.8282685512367491,0.8715194346289753,9.461332526110132,8.139253636820486,CE,Nordeste
2303956,2016,hybrid,hybrid_bvr,0.0,0.08264780502806181,0.2117414248021108,0.11597996813111769,0.9173521949719382,0.7882585751978892,0.12909361977404898,0.8234389681387204,0.7296819787985865,0.8666077738515902,9.84771053706713,8.51760547754865,CE,Nordeste
2304251,2016,hybrid,hybrid_bvr,0.0,0.07232492241262987,0.24485010885948752,0.12165146423427749,0.9276750775873701,0.7551498911405125,0.17252518644685766,0.7234178734298744,0.7031158142269254,0.7593012513647435,10.020336819032421,8.323948723666232,CE,Nordeste
2304277,2018,hybrid,hybrid_bvr,0.0,0.289234065345474,0.4455802766085388,0.33653668453150987,0.710765934654526,0.5544197233914612,0.15634621126306475,0.7721407624633431,0.7265791882819652,0.7824229478181264,8.830543010616596,8.259050995611974,CE,Nordeste
2304400,2016,hybrid,hybrid_bvr,0.0,0.11967112830074515,0.1939764675844167,0.16076331945422492,0.8803288716992549,0.8060235324155833,0.07430533928367154,0.7180619431999206,0.5072300455469237,0.8356753556565498,14.712490021805513,9.621743213047194,CE,Nordeste
2304459,2016,hybrid,hybrid_bvr,0.0,0.08350055741360089,0.2185517392255524,0.1288990487427181,0.9164994425863991,0.7814482607744476,0.13505118181195153,0.8595930920274426,0.7806906109250491,0.9013742926434923,9.603530449208735,8.525018336218219,CE,Nordeste
2304657,2018,hybrid,hybrid_bvr,0.0,0.680151433207139,0.7812577065351418,0.7107102593010146,0.319848566792861,0.21874229346485818,0.10110627332800282,0.8701754385964913,0.8167974882260597,0.8951334379905809,9.619066822786719,8.190839040363562,CE,Nordeste
2304954,2016,hybrid,hybrid_bvr,0.0,0.05736758551017463,0.21547057796403005,0.1034834497883409,0.9426324144898254,0.78452942203597,0.15810299245385542,0.7789131092945807,0.6909614187927816,0.7622121966397013,10.089593605747774,8.374903046489015,CE,Nordeste
2305100,2016,hybrid,hybrid_bvr,0.0,0.14736842105263157,0.2261284722222222,0.178945530726257,0.8526315789473684,0.7738715277777778,0.07876005116959064,0.8340169537872573,0.7654181920585751,0.8946775556181358,8.33423142973486,9.115015782846141,CE,Nordeste
2305209,2016,hybrid,hybrid_bvr,0.0,0.05630831643002029,0.20141843971631207,0.09330114665057332,0.9436916835699797,0.7985815602836879,0.14511012328629178,0.8411870864247042,0.7792921074043938,0.8836452400325467,9.869154873455622,8.335854334021233,CE,Nordeste
2305266,2016,hybrid,hybrid_bvr,0.0,0.07255483106105513,0.2077960140679953,0.11143917664923232,0.9274451689389449,0.7922039859320047,0.13524118300694016,0.7945223780895123,0.733533716675379,0.7935180345007841,9.466686564118111,8.130852202658122,CE,Nordeste
2305332,2016,hybrid,hybrid_bvr,0.0,0.05505481120584653,0.16402657128257536,0.09013016971494481,0.9449451887941535,0.8359734287174246,0.10897176007672883,0.7952980906611248,0.7432432432432432,0.8132796257796258,9.335650562941629,8.23616442545137,CE,Nordeste
2305357,2016,hybrid,hybrid_bvr,0.0,0.052504776937775194,0.17690361168622037,0.08546330750930275,0.9474952230622248,0.8230963883137796,0.12439883474844518,0.58650350270462,0.5549242424242424,0.6329365079365079,9.819671066443018,9.02305654520919,CE,Nordeste
2305605,2018,hybrid,hybrid_bvr,0.0,0.41399644760213145,0.5434754269326033,0.45926946933149554,0.5860035523978686,0.4565245730673967,0.12947897933047187,0.7295415833518477,0.7063304244934181,0.7702262978849282,10.149292386393418,8.51150701307912,CE,Nordeste
2305704,2018,hybrid,hybrid_bvr,0.0,0.7480445997670161,0.8182611224193079,0.7731119103025175,0.2519554002329839,0.18173887758069207,0.07021652265229184,0.8769757210363369,0.8209931083230253,0.9056370383459975,9.393411647660683,8.34036240332119,CE,Nordeste
2305803,2018,hybrid,hybrid_bvr,0.0,0.499000545157187,0.6343597221030963,0.5454005934718101,0.5009994548428129,0.3656402778969037,0.13535917694590932,0.79632647015257,0.7366687578419071,0.8161334169803429,10.604007487425486,8.460856007734098,CE,Nordeste
2305902,2018,hybrid,hybrid_bvr,0.0,0.4029950920760099,0.55807396160937,0.44603337767565604,0.5970049079239901,0.44192603839063005,0.15507886953336003,0.8598174706649283,0.8348776563280254,0.8925817011596293,10.541703249569855,8.25201582486991,CE,Nordeste
2306009,2018,hybrid,hybrid_bvr,0.0,0.780781708635872,0.8387400980761976,0.8068104619565217,0.21921829136412796,0.16125990192380235,0.05795838944032561,0.8810483870967742,0.8344470203191054,0.8862675576162553,9.526755663250837,8.542351388937176,CE,Nordeste
2306603,2016,hybrid,hybrid_bvr,0.0,0.07111745805069618,0.2907954818553232,0.12130210051688112,0.9288825419493039,0.7092045181446768,0.21967802380462703,0.8523977987421384,0.8317813765182186,0.8818825910931174,9.84659969032908,8.298999263147243,CE,Nordeste
2307254,2016,hybrid,hybrid_bvr,0.0,0.08422902025630426,0.275,0.14359665295702737,0.9157709797436957,0.725,0.19077097974369578,0.7543152324555877,0.7144383598236944,0.7895018031254174,9.741086263177305,8.640198552272468,CE,Nordeste
2307700,2016,hybrid,hybrid_bvr,0.0,0.03986040449060253,0.11722530286440858,0.06868439422076468,0.9601395955093974,0.8827746971355914,0.07736489837380604,0.8435176825402924,0.7223785116960191,0.9004778604185132,11.640095416465712,8.884829231831661,CE,Nordeste
2308609,2018,hybrid,hybrid_bvr,0.0,0.7971398305084746,0.8627220918538384,0.8222164547106151,0.2028601694915254,0.1372779081461616,0.06558226134536382,0.8247456877487838,0.7983402489626557,0.8565500889152341,9.723463354790857,8.228445001626516,CE,Nordeste
2308708,2016,hybrid,hybrid_bvr,0.0,0.08954350370659384,0.2299218194740583,0.13007542101456762,0.9104564962934062,0.7700781805259417,0.14037831576746446,0.8670527874748757,0.7800312839682918,0.9043983138471328,11.035937501950048,8.794004336996437,CE,Nordeste
2308906,2018,hybrid,hybrid_bvr,0.0,0.03825670157997515,0.13291139240506328,0.0687976927236676,0.9617432984200248,0.8670886075949367,0.09465469082508812,0.6080895346554094,0.5643145548932897,0.6291097865795039,9.93788897925346,8.20346138622504,CE,Nordeste
2309003,2018,hybrid,hybrid_bvr,0.0,0.6804489072652097,0.7633305988515177,0.7103153794291708,0.3195510927347903,0.23666940114848234,0.08288169158630798,0.7750869681562751,0.7110955056179775,0.7862359550561798,9.554071910278985,8.201990799227408,CE,Nordeste
2309300,2018,hybrid,hybrid_bvr,0.0,0.45023249968581125,0.5109409190371991,0.47058823529411764,0.5497675003141888,0.48905908096280093,0.06070841935138782,0.8446900340047083,0.7996333897349126,0.8776790750141004,10.34061281337216,8.41980625629238,CE,Nordeste
2309409,2018,hybrid,hybrid_bvr,0.0,0.3210341525694223,0.4441723094654949,0.35855728429985856,0.6789658474305778,0.5558276905345051,0.1231381568960726,0.7341820399451136,0.7071237972022317,0.747230532869734,10.220230730583488,8.170495832975693,CE,Nordeste
2309508,2018,hybrid,hybrid_bvr,0.0,0.8033536585365854,0.8804330520617736,0.8290042135580564,0.19664634146341464,0.11956694793822642,0.07707939352518822,0.8387204823312678,0.784427006984565,0.864189014400276,9.970632050165458,8.594616460968945,CE,Nordeste
2309607,2016,hybrid,hybrid_bvr,0.0,0.10691355727179679,0.21618669885612463,0.14505644885391722,0.8930864427282033,0.7838133011438754,0.10927314158432784,0.8376510671123683,0.708789036763737,0.8681973909606009,11.032273341211786,9.184772914515877,CE,Nordeste
2309706,2016,hybrid,hybrid_bvr,0.0,0.10694781004737965,0.234100351550016,0.15824705654448007,0.8930521899526204,0.765899648449984,0.12715254150263633,0.7712259504891983,0.6275214505423344,0.8479844584749878,11.18856557679256,9.009821349912169,CE,Nordeste
2309805,2016,hybrid,hybrid_bvr,0.0,0.2635749926621661,0.40572792362768495,0.31418855091630454,0.7364250073378339,0.594272076372315,0.14215293096551884,0.8015018418815528,0.727791701475912,0.8624338624338624,9.359363643368622,8.863524481705202,CE,Nordeste
2309904,2018,hybrid,hybrid_bvr,0.0,0.6730615507593924,0.7002237136465325,0.6830856570379028,0.32693844924060755,0.29977628635346754,0.027162162887140018,0.8801818668093073,0.8387186629526462,0.9033426183844011,8.697178688412643,8.360220848728831,CE,Nordeste
2310001,2016,hybrid,hybrid_bvr,0.0,0.06293581262292151,0.18078119599032147,0.10309885707552728,0.9370641873770785,0.8192188040096785,0.11784538336739996,0.7115888830624016,0.6575955907681709,0.7397519807096108,9.089979015305,8.37637158560791,CE,Nordeste
2310100,2016,hybrid,hybrid_bvr,0.0,0.0717199184228416,0.22651448639157157,0.127791430708409,0.9282800815771584,0.7734855136084284,0.15479456796872998,0.8505255656511669,0.7723270440251573,0.8979335130278526,9.393078508655353,8.5188078804401,CE,Nordeste
2310308,2018,hybrid,hybrid_bvr,0.0,0.43917631917631916,0.5293155804718523,0.4662027123483226,0.5608236808236808,0.47068441952814766,0.09013926129553318,0.7294124693058633,0.7020251842395404,0.7593570475250973,10.351660875132662,8.239538713494506,CE,Nordeste
2310803,2018,hybrid,hybrid_bvr,0.0,0.40932272541819664,0.4831390507910075,0.4334200082113042,0.5906772745818034,0.5168609492089925,0.07381632537281085,0.7317073170731707,0.6985230234578628,0.7568573910884945,9.665039989962045,8.27699186191955,CE,Nordeste
2310852,2016,hybrid,hybrid_bvr,0.0,0.048997207413049,0.15958005249343832,0.08499116456706379,0.951002792586951,0.8404199475065617,0.11058284508038932,0.8735205183585313,0.7863477559795754,0.9157932455433128,9.835369298459838,8.53537512473651,CE,Nordeste
2310902,2018,hybrid,hybrid_bvr,0.0,0.08491262613832144,0.19611919611919612,0.11390223995647047,0.9150873738616786,0.8038808038808039,0.11120656998087468,0.8481028938906753,0.8337305481564559,0.8711622038413009,9.64646400103814,8.257389813952392,CE,Nordeste
2310951,2018,hybrid,hybrid_bvr,0.0,0.45045211293596604,0.48889786031489707,0.4618108244815377,0.549547887064034,0.511102139685103,0.03844574737893103,0.8241227148560621,0.7793827971109653,0.8297220398336617,9.231710397712375,8.165038722848443,CE,Nordeste
2311009,2018,hybrid,hybrid_bvr,0.0,0.06819378620326487,0.20242424242424242,0.1010812419402837,0.9318062137967351,0.7975757575757576,0.13423045622097757,0.7709858675293717,0.7121016761834592,0.7647817277583349,9.392745258631441,8.051390375581583,CE,Nordeste
2311207,2018,hybrid,hybrid_bvr,0.0,0.3949371570189414,0.48044692737430167,0.41484364514830224,0.6050628429810586,0.5195530726256983,0.08550977035536028,0.8307478122513922,0.8322248444539798,0.8695558892941428,9.237566358229774,8.35994963183792,CE,Nordeste
2311231,2018,hybrid,hybrid_bvr,0.0,0.4691018950837682,0.5831435079726651,0.506207152121549,0.5308981049162318,0.4168564920273349,0.11404161288889691,0.9174287251210328,0.8848597141344626,0.9269454737956591,8.72029728739272,8.343647897681299,CE,Nordeste
2311264,2018,hybrid,hybrid_bvr,0.0,0.3367496339677892,0.3988012909174735,0.3526160869826395,0.6632503660322109,0.6011987090825265,0.06205165694968434,0.8052066450567261,0.7856840769718757,0.8216324804398393,9.899529730681785,8.18605582807869,CE,Nordeste
2311306,2016,hybrid,hybrid_bvr,0.0,0.0670624004632981,0.14300978757960423,0.09768300467539637,0.9329375995367019,0.8569902124203957,0.07594738711630612,0.6058119658119658,0.5724499016637432,0.655078934779142,11.297303555054865,8.87489435666192,CE,Nordeste
2311702,2018,hybrid,hybrid_bvr,0.0,0.5735210195929237,0.6791452991452992,0.6104228961982059,0.4264789804070763,0.3208547008547008,0.10562427955237552,0.85410489724977,0.8102228889841406,0.8717316759537077,9.875859385418654,8.420595109890469,CE,Nordeste
2311801,2016,hybrid,hybrid_bvr,0.0,0.14973392868065324,0.2793590050227218,0.20026114530871106,0.8502660713193467,0.7206409949772782,0.12962507634206857,0.7874711653372614,0.7140303327374431,0.8528631566806989,11.153861956395138,9.016547198308356,CE,Nordeste
2311900,2018,hybrid,hybrid_bvr,0.0,0.6616244656363038,0.8065939168794984,0.7081161578555473,0.33837553436369616,0.19340608312050156,0.1449694512431946,0.8347222222222223,0.8050966833141248,0.8582404917402997,9.664722620318962,8.128411400157407,CE,Nordeste
2311959,2018,hybrid,hybrid_bvr,0.0,0.5095936239299419,0.6204330175913396,0.5344459686023472,0.4904063760700581,0.3795669824086604,0.11083939366139772,0.8397419995038452,0.8514415376401495,0.8952215696743193,9.645558438233694,8.230170967223303,CE,Nordeste
2312007,2018,hybrid,hybrid_bvr,0.0,0.365973579764232,0.5417271407837445,0.4235354900246403,0.6340264202357679,0.4582728592162555,0.1757535610195125,0.8539205155746509,0.8079502205038361,0.8612336132423126,10.307151038697665,8.213764104800472,CE,Nordeste
2312205,2016,hybrid,hybrid_bvr,0.0,0.15497112468320245,0.355525965379494,0.21873762796221932,0.8450288753167976,0.644474034620506,0.20055484069629154,0.7772843801501557,0.7303060485331402,0.7943227091633466,10.66342852170508,8.573956845549658,CE,Nordeste
2312403,2016,hybrid,hybrid_bvr,0.0,0.16792030087220933,0.33534954053739674,0.23593909110284889,0.8320796991277907,0.6646504594626033,0.1674292396651874,0.7436831975101356,0.6043317485472794,0.8324596692267057,10.68944178268228,9.37598030894842,CE,Nordeste
2312502,2018,hybrid,hybrid_bvr,0.0,0.4961900493052443,0.5417844166330238,0.5120967741935484,0.5038099506947558,0.4582155833669762,0.045594367327779495,0.9100646352723915,0.8327968187843211,0.9308843022154895,8.974618038455112,8.809314761786426,CE,Nordeste
2312700,2018,hybrid,hybrid_bvr,0.0,0.45099170573386227,0.4863654327493084,0.4631181894383906,0.5490082942661377,0.5136345672506917,0.03537372701544611,0.6990311135371179,0.6605588963565617,0.7312345242306332,10.183729515890214,8.551024469739884,CE,Nordeste
2313104,2018,hybrid,hybrid_bvr,0.0,0.6703421334509483,0.7321746413988064,0.6934361112203563,0.3296578665490517,0.2678253586011936,0.061832507947858106,0.870502346601773,0.8142006802721088,0.902332361516035,10.282060965175976,8.73152664637308,CE,Nordeste
2313203,2018,hybrid,hybrid_bvr,0.0,0.3349303692347004,0.4125488801990757,0.3553843262544634,0.6650696307652997,0.5874511198009242,0.07761851096437533,0.7189692197566213,0.6969051783134362,0.7413884875674853,10.144510313937575,8.261584571686372,CE,Nordeste
2313252,2018,hybrid,hybrid_bvr,0.0,0.6951288320481475,0.7799043062200957,0.7206249179466981,0.30487116795185254,0.22009569377990434,0.0847754741719482,0.85128426505504,0.846686007587592,0.884177638919884,9.094929520464856,8.194130088012407,CE,Nordeste
2313302,2018,hybrid,hybrid_bvr,0.0,0.5228990193666303,0.6278300243817485,0.5620160126000787,0.4771009806333697,0.3721699756182515,0.1049310050151182,0.7368421052631579,0.7265525081710956,0.7951186585192553,10.928022637807922,8.495823539001822,CE,Nordeste
2313559,2016,hybrid,hybrid_bvr,0.0,0.07145194720191993,0.19014712438698173,0.11018559111500804,0.9285480527980801,0.8098528756130183,0.1186951771850618,0.845344846673309,0.7854324050062014,0.8633442327207126,9.575538886855792,8.108209964165606,CE,Nordeste
2313708,2018,hybrid,hybrid_bvr,0.0,0.7058965102286402,0.7981818181818182,0.7376120811703634,0.2941034897713598,0.20181818181818179,0.09228530795317802,0.756075194864741,0.7610775427995972,0.8355991943605237,8.928640371201949,8.185997928187588,CE,Nordeste
2313807,2016,hybrid,hybrid_bvr,0.0,0.20638550910255238,0.322463168349611,0.24725048520849263,0.7936144908974476,0.677536831650389,0.1160776592470586,0.7682916837361737,0.7000169004563124,0.8010816292039885,9.891667975730785,9.146881291643464,CE,Nordeste
2313955,2018,hybrid,hybrid_bvr,0.0,0.20312798016402822,0.25914212294919947,0.22110133007774851,0.7968720198359718,0.7408578770508005,0.05601414278517125,0.8220540540540541,0.7786876175722032,0.876839659178931,9.775256374639046,8.63325056838161,CE,Nordeste
2100105,2018,hybrid,hybrid_bvr,0.0,0.3411637931034483,0.5989583333333334,0.4052128865144892,0.6588362068965516,0.40104166666666663,0.25779454022988507,0.9312934631432546,0.9112242013005372,0.9544811987560079,8.683554728631462,7.979594044642075,MA,Nordeste
2100204,2018,hybrid,hybrid_bvr,0.0,0.4839506172839506,0.7149108044429485,0.5615106286748078,0.5160493827160494,0.2850891955570515,0.2309601871589979,0.9014768359295974,0.8446539136863506,0.9377137048331947,9.992001966066868,7.916185097018811,MA,Nordeste
2100303,2016,hybrid,hybrid_bvr,0.0,0.22710647988406596,0.47386559448592763,0.2748817802503477,0.772893520115934,0.5261344055140724,0.24675911460186167,0.8868774036206735,0.8408900961136648,0.9206017551190974,10.08380710665941,8.083760449356314,MA,Nordeste
2100402,2016,hybrid,hybrid_bvr,0.0,0.4022356606193879,0.645655877342419,0.47528176229508196,0.597764339380612,0.354344122657581,0.2434202167230311,0.7734082397003745,0.7193373685887225,0.8330678560050971,9.311361486034912,7.92023506608527,MA,Nordeste
2100501,2018,hybrid,hybrid_bvr,0.0,0.3993375046006625,0.5360706062931696,0.44365671641791044,0.6006624953993376,0.4639293937068304,0.13673310169250713,0.677461139896373,0.6404719501335708,0.7121549421193233,9.284148299120902,9.408100379139611,MA,Nordeste
2100600,2018,hybrid,hybrid_bvr,0.0,0.497480685253611,0.7088574423480084,0.5606934149115582,0.502519314746389,0.2911425576519916,0.2113767570943974,0.709762363519589,0.6580610819083106,0.7520127753010846,10.543550362003618,8.135988507086951,MA,Nordeste
2100956,2018,hybrid,hybrid_bvr,0.0,0.6254629038436981,0.8544450383039373,0.6855854162751363,0.37453709615630193,0.14555496169606275,0.22898213446023918,0.7210070810385523,0.712318286151492,0.7605967865340474,10.364135049357838,8.097764410410482,MA,Nordeste
2101004,2018,hybrid,hybrid_bvr,0.0,0.529568345323741,0.6559824368825466,0.5795671823396489,0.470431654676259,0.34401756311745335,0.12641409155880567,0.8324603467355219,0.7467394386163879,0.8841083073433513,10.257238224957614,8.276637266761094,MA,Nordeste
2101772,2016,hybrid,hybrid_bvr,0.0,0.12125052809463456,0.3862941946748145,0.18586331701085798,0.8787494719053655,0.6137058053251855,0.26504366658017997,0.8208865814696485,0.7932645512945299,0.8884562974498734,9.396736947923277,8.136872002824154,MA,Nordeste
2101905,2016,hybrid,hybrid_bvr,0.0,0.08297667918595511,0.2147128102917195,0.12576578699340246,0.9170233208140449,0.7852871897082805,0.1317361311057644,0.7276184602734094,0.7291512231282431,0.7971645663454411,9.920541307101956,7.924721957191242,MA,Nordeste
2101970,2016,hybrid,hybrid_bvr,0.0,0.1894099051633298,0.4193324061196106,0.25257928926251433,0.8105900948366702,0.5806675938803894,0.22992250095628078,0.7104566512243548,0.6858688733290897,0.7743475493316359,8.980801413573113,8.163837499477614,MA,Nordeste
2102002,2018,hybrid,hybrid_bvr,0.0,0.3500281950069206,0.5944092827004219,0.41830258302583023,0.6499718049930794,0.4055907172995781,0.2443810876935013,0.8284899931842121,0.7663522012578616,0.8511949685534591,10.572572546745315,8.297015863158052,MA,Nordeste
2102077,2016,hybrid,hybrid_bvr,0.0,0.5075862068965518,0.7323746054016135,0.5665743305632502,0.49241379310344824,0.2676253945983865,0.22478839850506172,0.8706530291109362,0.8455988455988456,0.8954625621292288,9.603597936976602,8.058650159717189,MA,Nordeste
2102150,2016,hybrid,hybrid_bvr,0.0,0.21454735740450026,0.5335570469798657,0.2693418013856813,0.7854526425954997,0.4664429530201343,0.31900968957536546,0.8145445987291128,0.8036208197133518,0.8496354035705306,8.626406276389554,8.84346992765678,MA,Nordeste
2102200,2018,hybrid,hybrid_bvr,0.0,0.2876008804108584,0.44237603655440855,0.33116572630773644,0.7123991195891416,0.5576239634455915,0.15477515614355014,0.8603511637403022,0.8432465383610555,0.8951493512148393,10.204073510592933,8.123746052308146,MA,Nordeste
2102507,2016,hybrid,hybrid_bvr,0.0,0.394441099739113,0.6097560975609756,0.4566581123467351,0.605558900260887,0.3902439024390244,0.21531499782186259,0.9400393991627678,0.8907664453832227,0.9588412794206397,9.816730688609846,7.935163725028831,MA,Nordeste
2102606,2018,hybrid,hybrid_bvr,0.0,0.5918367346938775,0.8585110227683411,0.6880339093576785,0.40816326530612246,0.14148897723165887,0.2666742880744636,0.746908708234675,0.7009287925696595,0.7909597523219815,9.825796244820257,8.110976652716522,MA,Nordeste
2103109,2016,hybrid,hybrid_bvr,0.0,0.10290102389078498,0.2188826025459689,0.14058904739990796,0.897098976109215,0.7811173974540311,0.11598157865518391,0.9178447039541078,0.8505703422053232,0.9448669201520913,9.239607869656751,7.952397457329306,MA,Nordeste
2103125,2016,hybrid,hybrid_bvr,0.0,0.16412139957471486,0.3745,0.22212955240478177,0.8358786004252852,0.6255,0.21037860042528514,0.9584765177548683,0.922071129707113,0.9584205020920502,8.97297111339799,7.894037496026131,MA,Nordeste
2103174,2016,hybrid,hybrid_bvr,0.0,0.20868398585193315,0.5379310344827586,0.29146508443633046,0.7913160141480668,0.4620689655172414,0.32924704863082543,0.8496902510596674,0.8461791290057519,0.8797041906327033,9.776903400426676,8.172284606108512,MA,Nordeste
2103257,2016,hybrid,hybrid_bvr,0.0,0.13421052631578947,0.3231578947368421,0.1854576724632142,0.8657894736842106,0.6768421052631579,0.1889473684210526,0.7769427566357531,0.7048415634550427,0.8357728808106804,9.523763287920113,8.518829159704454,MA,Nordeste
2103554,2016,hybrid,hybrid_bvr,0.0,0.14015108805953322,0.43965014577259476,0.18866320264525271,0.8598489119404668,0.5603498542274052,0.2994990577130615,0.8654737178463013,0.8452141900937081,0.8920682730923695,9.577480365762678,8.19512216099732,MA,Nordeste
2103752,2016,hybrid,hybrid_bvr,0.0,0.3377614099697488,0.5844660194174758,0.42435613167320485,0.6622385900302512,0.4155339805825242,0.24670460944772699,0.7420247395833334,0.6031323414252153,0.7909162098668755,9.439784035838873,8.384077371180526,MA,Nordeste
2103802,2018,hybrid,hybrid_bvr,0.0,0.5452043010752688,0.6930282555282555,0.5981148715687356,0.45479569892473115,0.30697174447174447,0.14782395445298668,0.7554309116809117,0.7098163283241058,0.8021794533790315,10.029282848580436,8.61000316424313,MA,Nordeste
2103901,2018,hybrid,hybrid_bvr,0.0,0.25401978973407546,0.48676880222841223,0.3252754305273291,0.7459802102659245,0.5132311977715878,0.23274901249433677,0.8680913780397936,0.797112462006079,0.9124240121580547,9.273221270015384,7.957915406263167,MA,Nordeste
2104305,2018,hybrid,hybrid_bvr,0.0,0.33211678832116787,0.6297408937288772,0.4328377176261278,0.6678832116788321,0.3702591062711228,0.29762410540770934,0.6688068485821295,0.7179423459244533,0.7713717693836978,9.271905727634337,8.365155932594007,MA,Nordeste
2104602,2018,hybrid,hybrid_bvr,0.0,0.30985585374428687,0.4496306245802552,0.34574652777777776,0.6901441462557132,0.5503693754197447,0.13977477083596834,0.8410187667560322,0.8142091521231276,0.8812697540195136,9.679781342959442,8.099395453584817,MA,Nordeste
2104909,2016,hybrid,hybrid_bvr,0.0,0.3078188069965615,0.3779131355932203,0.3329512893982808,0.6921811930034385,0.6220868644067796,0.07009432859665882,0.9178015564202334,0.8477429227237949,0.929150726855394,9.399389249519563,7.993007185597722,MA,Nordeste
2105153,2016,hybrid,hybrid_bvr,0.0,0.19764620237806357,0.46839080459770116,0.2721758241758242,0.8023537976219364,0.5316091954022988,0.2707446022196376,0.8610646133244058,0.8271973466003317,0.8991708126036484,9.43747594455993,8.774235319634107,MA,Nordeste
2105427,2016,hybrid,hybrid_bvr,0.0,0.09278600923002187,0.2634640241275312,0.13927920512669764,0.9072139907699781,0.7365359758724688,0.17067801489750936,0.5803802552887619,0.5187918311309422,0.6385790286596876,10.121136033568359,8.607389639359276,MA,Nordeste
2105450,2018,hybrid,hybrid_bvr,0.0,0.3678239164964829,0.4740018570102136,0.4026211520877781,0.6321760835035171,0.5259981429897864,0.1061779405137307,0.8350680544435548,0.8288895399941401,0.8681511866393202,9.050875597325156,8.138837915902297,MA,Nordeste
2105609,2016,hybrid,hybrid_bvr,0.0,0.129979035639413,0.316759960487323,0.17680105750165234,0.870020964360587,0.683240039512677,0.18678092484791003,0.8430202387130254,0.8001651527663088,0.876410679878888,9.64426335290083,8.187432007973774,MA,Nordeste
2105906,2016,hybrid,hybrid_bvr,0.0,0.17746879789796366,0.46790205162144277,0.24954777174806775,0.8225312021020363,0.5320979483785573,0.2904332537234791,0.9108289143176109,0.8872147454651843,0.9291983616149795,9.642901705746048,8.068847944490564,MA,Nordeste
2106102,2018,hybrid,hybrid_bvr,0.0,0.5211960635881908,0.6774815290716351,0.5789285714285715,0.4788039364118092,0.32251847092836494,0.15628546548344424,0.8160415003990423,0.8133056133056134,0.8496881496881497,9.340491056441229,8.93998464698249,MA,Nordeste
2106359,2016,hybrid,hybrid_bvr,0.0,0.24120944453881435,0.5377942998760843,0.2769644457723334,0.7587905554611857,0.4622057001239157,0.29658485533726997,0.8505376344086022,0.8424190800681431,0.8912549687677456,8.993551586299981,8.397025623305419,MA,Nordeste
2106805,2016,hybrid,hybrid_bvr,0.0,0.08907609446209087,0.24213536701620592,0.14509084556254367,0.9109239055379091,0.7578646329837941,0.15305927255411506,0.8914692676884967,0.8435788192331102,0.9181375532562386,9.562264046489428,7.974786747828331,MA,Nordeste
2107100,2018,hybrid,hybrid_bvr,0.0,0.32859450726979,0.5898866294763362,0.42628140365056916,0.67140549273021,0.4101133705236638,0.2612921222065462,0.8992156862745098,0.831517792302106,0.9221738077947228,9.785998223743661,7.995663611686978,MA,Nordeste
2107209,2018,hybrid,hybrid_bvr,0.0,0.44156318480642803,0.5995940852420991,0.5026330532212885,0.5584368151935719,0.4004059147579009,0.15803090043567108,0.868606013276064,0.8188576609247507,0.9155031731640979,9.430599768110529,7.81398270828188,MA,Nordeste
2107456,2016,hybrid,hybrid_bvr,0.0,0.1327486249442545,0.28897566836887956,0.18428372739916551,0.8672513750557456,0.7110243316311204,0.15622704342462507,0.9179575444635686,0.8609144824947389,0.929787641094318,9.486531677712465,7.996430386952124,MA,Nordeste
2107605,2016,hybrid,hybrid_bvr,0.0,0.36305676855895197,0.5754736198818496,0.4261214525480623,0.636943231441048,0.42452638011815036,0.21241685132289767,0.8944932901434521,0.8633635272290735,0.9230601331441668,9.839695419448349,8.003841819700378,MA,Nordeste
2108256,2016,hybrid,hybrid_bvr,0.0,0.1217885562713149,0.36124661246612466,0.1740571902196436,0.8782114437286851,0.6387533875338753,0.23945805619480975,0.9269613259668509,0.8772845953002611,0.9286335944299391,10.031528902417012,7.913838138770722,MA,Nordeste
2108306,2018,hybrid,hybrid_bvr,0.0,0.26948142371748457,0.5433358528596623,0.3533886850743387,0.7305185762825155,0.45666414714033765,0.2738544291421778,0.9091606246514222,0.8681970964742902,0.9241936637345348,10.441938070914238,7.938659988494224,MA,Nordeste
2108405,2016,hybrid,hybrid_bvr,0.0,0.15259317174876205,0.33848930136633154,0.21480456589415428,0.8474068282512379,0.6615106986336685,0.1858961296175695,0.8316985028394425,0.8032812258164371,0.8600835783934375,9.532641238823578,7.841896319314443,MA,Nordeste
2108603,2016,hybrid,hybrid_bvr,0.0,0.0791474748575945,0.2220356234096692,0.12887493793005603,0.9208525251424055,0.7779643765903308,0.1428881485520747,0.7150903262530334,0.6303893201936575,0.7610507921047355,11.266538874925619,8.65212517896312,MA,Nordeste
2108801,2016,hybrid,hybrid_bvr,0.0,0.7209811146936895,0.8980408679165789,0.7832688300089312,0.27901888530631047,0.10195913208342111,0.17705975322288936,0.9081858407079646,0.8649669499527857,0.931067044381492,9.76313293456348,8.086211099027759,MA,Nordeste
2109056,2016,hybrid,hybrid_bvr,0.0,0.0983495365136785,0.2342300556586271,0.14277035236938032,0.9016504634863215,0.7657699443413729,0.13588051914494859,0.8127906976744186,0.7295496935784705,0.876898481215028,8.704502289721232,8.135813789282741,MA,Nordeste
2109106,2016,hybrid,hybrid_bvr,0.0,0.33865500810532,0.4725002214152865,0.3859798630180223,0.66134499189468,0.5274997785847135,0.13384521330996652,0.7978675021476578,0.7445311304879915,0.837183213502626,10.70842205253738,8.739206686380271,MA,Nordeste
2109270,2016,hybrid,hybrid_bvr,0.0,0.1457961484264913,0.41545524100994646,0.21825042881646656,0.8542038515735086,0.5845447589900535,0.26965909258345516,0.903175057208238,0.8410955095231475,0.9064368135687474,9.750627705891793,8.300857176425247,MA,Nordeste
2109304,2018,hybrid,hybrid_bvr,0.0,0.35775719483956336,0.5311784897025171,0.42111879321181644,0.6422428051604366,0.46882151029748287,0.17342129486295377,0.9150524258041586,0.857540441815968,0.9379022438684989,9.279586544712997,8.010309896864907,MA,Nordeste
2110401,2016,hybrid,hybrid_bvr,0.0,0.07181611916740653,0.1856710393541877,0.10380034032898469,0.9281838808325935,0.8143289606458123,0.11385492018678116,0.8807906114885732,0.8423621278672523,0.9077598828696926,9.786897554926753,7.896496015471466,MA,Nordeste
2110609,2018,hybrid,hybrid_bvr,0.0,0.3088800439198463,0.5009372071227741,0.36738001048567753,0.6911199560801538,0.4990627928772259,0.19205716320292782,0.7652740883844482,0.7045645949132558,0.7598113525349504,10.183993941238814,8.455645610188423,MA,Nordeste
2110708,2018,hybrid,hybrid_bvr,0.0,0.5697286012526096,0.7735759867643583,0.6313772281881621,0.4302713987473904,0.22642401323564165,0.20384738551174875,0.7134982995191744,0.6901974908457891,0.78534125697821,10.422489657586254,8.48974826013782,MA,Nordeste
2110856,2016,hybrid,hybrid_bvr,0.0,0.13884074715963798,0.331348132106118,0.1892928145413235,0.861159252840362,0.668651867893882,0.19250738494648004,0.6990616621983914,0.6271374639129469,0.735953808572063,9.236105579862208,8.362503107454984,MA,Nordeste
2111078,2016,hybrid,hybrid_bvr,0.0,0.3305943869384271,0.5492911308935048,0.3840696549500161,0.6694056130615729,0.4507088691064952,0.2186967439550777,0.9165312453833654,0.8976572133168927,0.937577065351418,9.754871528207344,7.877911698639265,MA,Nordeste
2111250,2016,hybrid,hybrid_bvr,0.0,0.17994712990936557,0.40574632095304836,0.22767127359191558,0.8200528700906344,0.5942536790469517,0.2257991910436828,0.900709219858156,0.8457253572293534,0.9072414628239283,8.922124823918258,8.194652277083122,MA,Nordeste
2111409,2016,hybrid,hybrid_bvr,0.0,0.06834630615867814,0.279828785446763,0.11119561084252268,0.9316536938413219,0.7201712145532371,0.21148247928808483,0.9208866462425662,0.8850296176628971,0.9371746544605996,9.911108439667489,8.312936789851438,MA,Nordeste
2111532,2016,hybrid,hybrid_bvr,0.0,0.13415175269930485,0.41459369817578773,0.20721503857437792,0.8658482473006952,0.5854063018242123,0.2804419454764829,0.8255725190839694,0.794923671142174,0.8567224572374471,9.394992544108419,8.270474107867782,MA,Nordeste
2111607,2018,hybrid,hybrid_bvr,0.0,0.2930126229997018,0.390356394129979,0.32418952618453867,0.7069873770002981,0.609643605870021,0.0973437711302772,0.7695792108713791,0.7902282371831632,0.8443628856520243,9.76846934085804,9.441967919190215,MA,Nordeste
2111631,2016,hybrid,hybrid_bvr,0.0,0.1784688995215311,0.48258706467661694,0.23736984188198998,0.8215311004784689,0.5174129353233831,0.30411816515508583,0.8166501486620417,0.7766891891891892,0.8385135135135136,8.714403360703942,8.16014285448356,MA,Nordeste
2111672,2016,hybrid,hybrid_bvr,0.0,0.1947635586427999,0.5060402684563758,0.24638004009801737,0.8052364413572001,0.49395973154362416,0.3112767098135759,0.8641226818830242,0.8350658350658351,0.8704088704088704,8.692322277628687,8.156601620857266,MA,Nordeste
2111763,2018,hybrid,hybrid_bvr,0.0,0.2789099526066351,0.48688125507167973,0.34192114577331467,0.7210900473933649,0.5131187449283203,0.20797130246504464,0.786618805464154,0.691752262788569,0.8053493338757246,9.798015919593894,8.49631898229151,MA,Nordeste
2112407,2018,hybrid,hybrid_bvr,0.0,0.35145631067961164,0.6390171808608904,0.4087583148558758,0.6485436893203884,0.36098281913910957,0.2875608701812788,0.7798520858763552,0.7486960644855382,0.8213100318363477,10.432143271199491,8.400342441407219,MA,Nordeste
2112852,2016,hybrid,hybrid_bvr,0.0,0.1909373287045496,0.4797687861271676,0.27466701150911677,0.8090626712954504,0.5202312138728324,0.288831457422618,0.6338744850981343,0.5848119233498935,0.656730541755382,9.328834266023971,8.210753956704204,MA,Nordeste
2113009,2016,hybrid,hybrid_bvr,0.0,0.3995960919163801,0.5988034488826324,0.44642411123137127,0.6004039080836199,0.40119655111736763,0.19920735696625225,0.7766851055111658,0.723748451504773,0.8119944618523647,10.362746160245683,8.24436435687849,MA,Nordeste
3100203,2016,hybrid,hybrid_bvr,0.0,0.17194279286517758,0.20329024676850763,0.1812723141837066,0.8280572071348224,0.7967097532314924,0.03134745390333005,0.4428010866284334,0.3881922675026123,0.5291834602179429,10.029679577773887,9.207802999551891,MG,Sudeste
3100401,2018,hybrid,hybrid_bvr,0.0,0.04252631578947368,0.10689655172413794,0.0634338877925007,0.9574736842105264,0.8931034482758621,0.06437023593466426,0.644323418516967,0.5929054054054054,0.684543918918919,8.273846932784508,8.652508705834261,MG,Sudeste
3100500,2018,hybrid,hybrid_bvr,0.0,0.4670792504727523,0.5390359809911744,0.49115801483171706,0.5329207495272477,0.46096401900882555,0.07195673051842216,0.7444276539478655,0.6750590086546027,0.771243115656963,9.237566358229774,8.469070379449661,MG,Sudeste
3100609,2018,hybrid,hybrid_bvr,0.0,0.052868391451068614,0.1122225695529853,0.06846147493599802,0.9471316085489314,0.8877774304470147,0.05935417810191669,0.7691292875989446,0.7433667452830188,0.7982016509433962,9.628721705350893,8.493148608361848,MG,Sudeste
3100708,2016,hybrid,hybrid_bvr,0.0,0.10884786760025461,0.19935691318327975,0.1424581005586592,0.8911521323997453,0.8006430868167203,0.09050904558302514,0.5165125495376486,0.46404341926729986,0.5712347354138398,7.613324979540639,10.576054025396052,MG,Sudeste
3100906,2018,hybrid,hybrid_bvr,0.0,0.34299465240641713,0.4679264047737444,0.39135514018691586,0.6570053475935829,0.5320735952262556,0.12493175236732729,0.6736601804543972,0.6021958522790285,0.7179771542641676,9.824390231177425,8.578136725394808,MG,Sudeste
3101201,2016,hybrid,hybrid_bvr,0.0,0.05120137299771167,0.17038777908343125,0.09014030367095906,0.9487986270022883,0.8296122209165687,0.11918640608571958,0.5147184909974278,0.45291607396870553,0.5931721194879089,8.726156679156613,8.942306054658754,MG,Sudeste
3101508,2018,hybrid,hybrid_bvr,0.0,0.47273714945338496,0.5018837260840658,0.4829038826090009,0.527262850546615,0.49811627391593416,0.029146576630680876,0.666296903636539,0.5408663956259638,0.7715313799710267,10.444328185145217,9.707995714508218,MG,Sudeste
3101607,2018,hybrid,hybrid_bvr,0.0,0.08954818693038588,0.15135359279663527,0.12449239856361378,0.9104518130696141,0.8486464072033647,0.061805405866249385,0.44728813559322034,0.3678299722255766,0.5142132592682043,11.208761644992062,9.764797432333664,MG,Sudeste
3101706,2018,hybrid,hybrid_bvr,0.0,0.36559023652662276,0.44905054827493984,0.39670060141786784,0.6344097634733772,0.5509494517250602,0.08346031174831708,0.769735762350238,0.6974285556962723,0.812730576510104,10.56553098804474,8.828013619266311,MG,Sudeste
3101805,2016,hybrid,hybrid_bvr,0.0,0.06220199393151279,0.16724565756823823,0.09408926417370325,0.9377980060684872,0.8327543424317618,0.10504366363672543,0.6546915622784212,0.5556081400851869,0.7049219119734974,8.877939834725023,8.601773189640747,MG,Sudeste
3102209,2018,hybrid,hybrid_bvr,0.0,0.15203955500618047,0.2073887489504618,0.16689250225835592,0.8479604449938195,0.7926112510495382,0.05534919394428134,0.5985675306957708,0.5741728922091782,0.6414087513340448,8.39931015075952,8.491252049962998,MG,Sudeste
3102407,2018,hybrid,hybrid_bvr,0.0,0.05916305916305916,0.1397220190197513,0.08572808500362232,0.9408369408369408,0.8602779809802488,0.08055895985669212,0.8460410557184751,0.757,0.8315,8.173575486634153,8.732340958486793,MG,Sudeste
3102506,2018,hybrid,hybrid_bvr,0.0,0.05763141228625712,0.1179245283018868,0.07685683530678149,0.9423685877137429,0.8820754716981132,0.06029311601562967,0.7272727272727273,0.7027359360590224,0.7731324930833077,8.527737405291909,8.477261360645974,MG,Sudeste
3102605,2016,hybrid,hybrid_bvr,0.0,0.16195031986629013,0.17430567387970694,0.16671244163691293,0.8380496801337098,0.825694326120293,0.012355354013416808,0.37657513635508744,0.31169387463709486,0.4540954737994384,10.525943992473303,9.47097562403896,MG,Sudeste
3102803,2016,hybrid,hybrid_bvr,0.0,0.10695538057742782,0.19065829008467633,0.13826300696435886,0.8930446194225722,0.8093417099153237,0.08370290950724851,0.4890468591324532,0.430145963658028,0.5451295799821269,9.406975663409597,8.987217357705667,MG,Sudeste
3102852,2018,hybrid,hybrid_bvr,0.0,0.03833587453713788,0.1220253164556962,0.06324890034885484,0.9616641254628622,0.8779746835443039,0.08368944191855832,0.609183128670582,0.5524891774891775,0.5960497835497836,8.987571750367046,8.630682517860212,MG,Sudeste
3103009,2018,hybrid,hybrid_bvr,0.0,0.03324423655195456,0.10290514525726287,0.05573770491803279,0.9667557634480455,0.8970948547427371,0.0696609087053083,0.5966897483533187,0.48242864213826103,0.6705164164329318,9.165865881874353,8.988802953036522,MG,Sudeste
3103108,2018,hybrid,hybrid_bvr,0.0,0.06345177664974619,0.08513341804320203,0.07211782630777044,0.9365482233502538,0.9148665819567979,0.02168164139345584,0.574703557312253,0.4372262773722628,0.5591240875912409,7.421177528595393,9.444837538769852,MG,Sudeste
3103207,2018,hybrid,hybrid_bvr,0.0,0.03123048094940662,0.09391304347826086,0.05737109658678286,0.9687695190505934,0.9060869565217391,0.06268256252885424,0.4816154309825196,0.3804641122504048,0.5866162978953049,7.715569534520208,9.5729317959201,MG,Sudeste
3103405,2018,hybrid,hybrid_bvr,0.0,0.4507759602133142,0.5196836708090727,0.4784734771978314,0.5492240397866859,0.48031632919092726,0.06890771059575856,0.6176184759618133,0.5955834850531508,0.6502613496211899,10.491635263364433,8.598990562189961,MG,Sudeste
3103504,2016,hybrid,hybrid_bvr,0.0,0.07013443783696231,0.12066344473940961,0.09549026111422461,0.9298655621630377,0.8793365552605904,0.0505290069024473,0.5537421014193631,0.4465509720837488,0.6714543868394816,11.606424915484219,9.881279862371363,MG,Sudeste
3103702,2018,hybrid,hybrid_bvr,0.0,0.05395825128003151,0.1274787535410765,0.06800479328939485,0.9460417487199685,0.8725212464589235,0.07352050226104498,0.8395348837209302,0.7942870859337494,0.8331733077292367,9.00601857490256,8.514736791261914,MG,Sudeste
3104007,2018,hybrid,hybrid_bvr,0.0,0.0979007259172062,0.19234977992850716,0.14839733996173918,0.9020992740827938,0.8076502200714928,0.09444905401130096,0.49876632250227754,0.42996609158996907,0.60155755114208,11.44755459752856,10.22085489339081,MG,Sudeste
3104106,2018,hybrid,hybrid_bvr,0.0,0.0667882379758377,0.10556348074179743,0.08188516613374114,0.9332117620241623,0.8944365192582026,0.03877524276595973,0.38550559666097517,0.34466496364708193,0.4468461387305954,9.159993997539445,9.816042042758161,MG,Sudeste
3104205,2018,hybrid,hybrid_bvr,0.0,0.18693389863172094,0.24162709322669332,0.21452991452991452,0.8130661013682791,0.7583729067733067,0.05469319459497238,0.5871035554336897,0.48761808676511054,0.6926533981472989,10.507721548816848,9.768657005429112,MG,Sudeste
3104403,2018,hybrid,hybrid_bvr,0.0,0.04357066950053135,0.08440170940170941,0.05713271823988644,0.9564293304994687,0.9155982905982906,0.040831039901178055,0.6931166347992351,0.6330570902394107,0.7628913443830571,7.972810784121404,8.786875560482459,MG,Sudeste
3104452,2018,hybrid,hybrid_bvr,0.0,0.06045497039576192,0.16562716562716562,0.09293839879802533,0.939545029604238,0.8343728343728344,0.1051721952314037,0.6928466076696165,0.6632064590542099,0.7331795463283353,8.470101583882387,8.471950187747291,MG,Sudeste
3104502,2016,hybrid,hybrid_bvr,0.0,0.3289522171723375,0.4440522414401694,0.37602258741765004,0.6710477828276624,0.5559477585598306,0.11510002426783189,0.6903902154921374,0.6493223064553182,0.7453480358373535,9.77984991207795,8.86869124130205,MG,Sudeste
3104601,2016,hybrid,hybrid_bvr,0.0,0.03965321205230245,0.10606820461384152,0.06362729991842654,0.9603467879476976,0.8939317953861585,0.06641499256153907,0.6776649746192893,0.6158028271112722,0.702911682976924,9.476466781462246,9.428243763468947,MG,Sudeste
3104700,2016,hybrid,hybrid_bvr,0.0,0.04574290484140234,0.13504273504273503,0.06750418760469011,0.9542570951585977,0.864957264957265,0.0892998302013327,0.8004462418072793,0.7231567143257639,0.8319315951780207,9.578795654450447,8.492143199165683,MG,Sudeste
3104809,2016,hybrid,hybrid_bvr,0.0,0.044266294876263504,0.1294042280589366,0.07424960505529225,0.9557337051237365,0.8705957719410634,0.08513793318267308,0.696680790960452,0.6275,0.7296428571428571,8.509161019718974,9.053686561930807,MG,Sudeste
3105004,2016,hybrid,hybrid_bvr,0.0,0.0424183325207216,0.10768698060941828,0.06919674703952061,0.9575816674792784,0.8923130193905817,0.06526864808869667,0.7329073482428115,0.610484544695071,0.779657477025898,8.976262255609193,8.944219534318398,MG,Sudeste
3105103,2016,hybrid,hybrid_bvr,0.0,0.030762371823450735,0.10238779847480935,0.06053986581369949,0.9692376281765492,0.8976122015251906,0.07162542665135861,0.5969360802958267,0.5353330326266726,0.6586227634942114,10.031616880246656,9.282360240134164,MG,Sudeste
3105202,2018,hybrid,hybrid_bvr,0.0,0.09969040247678018,0.163003663003663,0.11555350127108852,0.9003095975232198,0.836996336996337,0.06331326052688283,0.7658902487169365,0.7105584997961679,0.7700774561761109,8.514589805546123,8.523868276656406,MG,Sudeste
3105301,2018,hybrid,hybrid_bvr,0.0,0.05719237435008666,0.12547528517110265,0.08086710650329877,0.9428076256499134,0.8745247148288974,0.068282910821016,0.5291902071563088,0.48340192043895747,0.633196159122085,8.58260632996447,8.839325559673219,MG,Sudeste
3105400,2018,hybrid,hybrid_bvr,0.0,0.21767472563742882,0.3291768399023369,0.27171426150326244,0.7823252743625712,0.6708231600976631,0.11150211426490811,0.6576467592003056,0.5313185779672707,0.7564737601103517,10.255622204932642,10.384417445778594,MG,Sudeste
3105905,2018,hybrid,hybrid_bvr,0.0,0.07496639437493538,0.13272131147540983,0.10032343768048978,0.9250336056250646,0.8672786885245902,0.05775491710047445,0.6496235625051708,0.5672251396182378,0.706176544136034,9.88323382350886,9.510620694913095,MG,Sudeste
3106101,2016,hybrid,hybrid_bvr,0.0,0.06028898854010962,0.1323529411764706,0.08551145530816393,0.9397110114598903,0.8676470588235294,0.07206395263636098,0.6870717222476016,0.5792880258899676,0.7068885806749884,8.132412674500905,9.088652425566933,MG,Sudeste
3106200,2016,hybrid,hybrid_bvr,0.0,0.09435091064555168,0.17823879309983967,0.14629408651800815,0.9056490893544483,0.8217612069001603,0.083887882454288,0.49610301463756856,0.30916785589157686,0.7189761841689241,14.680571572377191,10.123667730786764,MG,Sudeste
3106606,2018,hybrid,hybrid_bvr,0.0,0.07929824561403509,0.14947197400487408,0.10026901442895574,0.9207017543859649,0.8505280259951259,0.07017372839083899,0.7294463087248322,0.6585365853658537,0.706430155210643,8.411388132519262,8.597475293082129,MG,Sudeste
3106655,2018,hybrid,hybrid_bvr,0.0,0.05938242280285035,0.17318435754189945,0.09708994708994709,0.9406175771971497,0.8268156424581006,0.1138019347390491,0.65,0.5763747454175153,0.6692464358452138,8.382518288089635,8.475703544622624,MG,Sudeste
3106705,2016,hybrid,hybrid_bvr,0.0,0.10626769396165561,0.1819296663660956,0.14393280476145978,0.8937323060383444,0.8180703336339044,0.07566197240443998,0.6491943354080372,0.4715695611675685,0.793320704559964,12.842884896623236,11.032472011160557,MG,Sudeste
3106903,2018,hybrid,hybrid_bvr,0.0,0.1742613920881322,0.26545194712397285,0.21819749892194912,0.8257386079118678,0.7345480528760271,0.09119055503584064,0.6014636566608782,0.4669748205814378,0.7056319182581194,9.521714556684751,9.085943555597762,MG,Sudeste
3107109,2018,hybrid,hybrid_bvr,0.0,0.16544138279364723,0.21080576881681853,0.1853216208557665,0.8345586172063528,0.7891942311831814,0.045364386023171305,0.5103163061261589,0.46014820169889753,0.5712091089824688,10.558829018360175,9.315213438909376,MG,Sudeste
3107208,2016,hybrid,hybrid_bvr,0.0,0.06313208703646951,0.21327367636092467,0.10679400911656176,0.9368679129635304,0.7867263236390754,0.15014158932445515,0.5153991200502829,0.4531101989264288,0.5614145879381118,8.518592212329946,9.001695754901037,MG,Sudeste
3107307,2016,hybrid,hybrid_bvr,0.0,0.046129590072220526,0.12422014948421768,0.0813357118965325,0.9538704099277795,0.8757798505157823,0.07809055941199716,0.7919636795655126,0.7240103745907565,0.8508014796547472,10.750513947508502,9.0394548668715,MG,Sudeste
3107406,2018,hybrid,hybrid_bvr,0.0,0.20297561225011504,0.21540686773450474,0.20899699228455604,0.7970243877498849,0.7845931322654953,0.012431255484389697,0.4378912436835357,0.3561700217017137,0.5628601361969617,10.728189172836375,9.533582327921065,MG,Sudeste
3107505,2016,hybrid,hybrid_bvr,0.0,0.04970678581401843,0.19672855879752432,0.10606060606060606,0.9502932141859816,0.8032714412024757,0.14702177298350588,0.6491053677932406,0.6106536284096757,0.6873391662377767,8.77971129020447,9.390454705637556,MG,Sudeste
3107604,2018,hybrid,hybrid_bvr,0.0,0.215622076707203,0.2658326817826427,0.2341420637240573,0.784377923292797,0.7341673182173574,0.0502106050754397,0.547979797979798,0.5478335478335479,0.6271986271986272,8.265392930852224,9.59507934956723,MG,Sudeste
3107802,2016,hybrid,hybrid_bvr,0.0,0.07774140752864157,0.19809069212410502,0.11448958079948107,0.9222585924713584,0.801909307875895,0.12034928459546344,0.6226922606675632,0.5829954384186518,0.639635073492144,9.639782389465795,8.47834626936806,MG,Sudeste
3108008,2018,hybrid,hybrid_bvr,0.0,0.629454802926599,0.5991622129134768,0.6150353505870143,0.37054519707340094,0.4008377870865232,-0.030292590013122234,0.44646388548827576,0.3821895886284477,0.48752706391791395,9.755161543000131,9.153325910712637,MG,Sudeste
3108107,2018,hybrid,hybrid_bvr,0.0,0.38722210230951865,0.4216485507246377,0.3977521529703693,0.6127778976904814,0.5783514492753623,0.03442644841511905,0.6272355095884508,0.5425627240143369,0.669578853046595,8.827321452697849,8.732668815478343,MG,Sudeste
3108206,2018,hybrid,hybrid_bvr,0.0,0.5502839959906448,0.5507314771118452,0.550254204145483,0.4497160040093552,0.4492685228881548,0.0004474811212004104,0.6546894031668696,0.6037903464613562,0.7213503109268582,8.676757761087575,9.636816499447493,MG,Sudeste
3108255,2018,hybrid,hybrid_bvr,0.0,0.09361461668864193,0.19813717188823032,0.12576567183630913,0.9063853833113581,0.8018628281117697,0.10452255519958839,0.8799598191863385,0.8407397893655278,0.8656563061905985,9.177093778182547,8.16413003614145,MG,Sudeste
3108305,2018,hybrid,hybrid_bvr,0.0,0.1221820899240254,0.2296129274708756,0.1647595542592177,0.8778179100759747,0.7703870725291244,0.1074308375468502,0.4734576757532281,0.4202105263157895,0.5396842105263158,9.747885820441555,9.148271051283785,MG,Sudeste
3108503,2018,hybrid,hybrid_bvr,0.0,0.0367965367965368,0.1315136476426799,0.07314285714285715,0.9632034632034632,0.8684863523573201,0.0947171108461431,0.7858478802992519,0.7474522292993631,0.8423566878980892,8.77909581088053,8.512688679295133,MG,Sudeste
3108602,2018,hybrid,hybrid_bvr,0.0,0.17671605684910796,0.25782942682686627,0.20733532934131738,0.823283943150892,0.7421705731731337,0.08111336997775831,0.8125937031484258,0.7570816472268508,0.8543799095453464,10.34858995368279,8.53831227621985,MG,Sudeste
3109006,2018,hybrid,hybrid_bvr,0.0,0.2682858542731154,0.34823037554962877,0.3075612353567625,0.7317141457268845,0.6517696244503712,0.07994452127651336,0.60041206432782,0.4547884440400364,0.6988739763421292,10.433321370472791,10.579010580697561,MG,Sudeste
3109105,2018,hybrid,hybrid_bvr,0.0,0.0632520325203252,0.12450378924575965,0.08207536620820753,0.9367479674796748,0.8754962107542403,0.06125175672543445,0.3905984227617133,0.33024,0.44096,9.295783853793651,8.882978183518171,MG,Sudeste
3109204,2016,hybrid,hybrid_bvr,0.0,0.06110501280643981,0.15875968992248063,0.09733087896916705,0.9388949871935602,0.8412403100775194,0.09765467711604081,0.6517818806354658,0.6239863422962014,0.7078531796841656,9.239122173401634,8.729662014314027,MG,Sudeste
3109253,2016,hybrid,hybrid_bvr,0.0,0.048772609819121446,0.14084507042253522,0.07567443987197074,0.9512273901808785,0.8591549295774648,0.09207246060341377,0.5853920515574651,0.527231467473525,0.6569591527987897,8.292047637431354,8.379185721078573,MG,Sudeste
3109303,2018,hybrid,hybrid_bvr,0.0,0.19600185960018596,0.25892972275951,0.22223422061443768,0.803998140399814,0.74107027724049,0.06292786315932403,0.5334696417459329,0.47675628794449265,0.5966175195143105,10.031748832480138,9.601911036857826,MG,Sudeste
3109402,2018,hybrid,hybrid_bvr,0.0,0.2093062321518562,0.2666759504247319,0.2306484534463809,0.7906937678481438,0.7333240495752681,0.05736971827287571,0.7033240136688412,0.5996612518284703,0.7446300715990454,10.200699075204039,9.214266241570561,MG,Sudeste
3109451,2018,hybrid,hybrid_bvr,0.0,0.04937554458321231,0.13144058885383805,0.07853403141361257,0.9506244554167876,0.868559411146162,0.08206504427062575,0.6303251121076233,0.5567836418900248,0.6913512019894998,8.77230041793584,9.753523818126446,MG,Sudeste
3109600,2016,hybrid,hybrid_bvr,0.0,0.04716981132075472,0.10504933255948927,0.0753754604703882,0.9528301886792453,0.8949506674405108,0.05787952123873455,0.552547770700637,0.3808980213089802,0.739345509893455,8.203577736937952,9.068438758447359,MG,Sudeste
3109709,2016,hybrid,hybrid_bvr,0.0,0.25458405713182786,0.29372529644268774,0.27128177393185504,0.7454159428681721,0.7062747035573123,0.03914123931085989,0.38004121283485426,0.3396392432908051,0.4566652001759789,9.308736693832376,9.318527232333743,MG,Sudeste
3109907,2018,hybrid,hybrid_bvr,0.0,0.2503843619591478,0.3197796432318993,0.2818062358141202,0.7496156380408522,0.6802203567681007,0.06939528127275146,0.5853438962909615,0.4839576985122782,0.6990500089621796,9.231906149890744,9.58420283423906,MG,Sudeste
3110103,2018,hybrid,hybrid_bvr,0.0,0.26042841037204056,0.3280127693535515,0.28206438426162495,0.7395715896279594,0.6719872306464485,0.06758435898151094,0.6207782672540382,0.550936329588015,0.6299625468164795,8.510772623613315,8.955915521280884,MG,Sudeste
3110202,2018,hybrid,hybrid_bvr,0.0,0.06093189964157706,0.17837078651685392,0.10056925996204934,0.9390681003584229,0.8216292134831461,0.11743888687527687,0.7276157804459691,0.6516516516516516,0.7282282282282282,8.305731144875866,8.942636947478432,MG,Sudeste
3110301,2018,hybrid,hybrid_bvr,0.0,0.4131762033224478,0.42846404409922323,0.4182130895265683,0.5868237966775522,0.5715359559007768,0.015287840776775419,0.4375461027784608,0.3908375983023343,0.5152914742229434,9.520248603186129,9.153903130884043,MG,Sudeste
3110509,2018,hybrid,hybrid_bvr,0.0,0.18236877523553163,0.26208314969883945,0.21382515248329945,0.8176312247644684,0.7379168503011606,0.07971437446330781,0.5217319039308568,0.479815258296271,0.5797981525829627,9.956080002655298,9.730367366013262,MG,Sudeste
3110806,2016,hybrid,hybrid_bvr,0.0,0.11772605192479857,0.20689655172413793,0.14958369221935114,0.8822739480752014,0.7931034482758621,0.08917049979933936,0.7602611940298507,0.6802434456928839,0.7588951310861424,8.1786387885907,8.983648163493841,MG,Sudeste
3110905,2018,hybrid,hybrid_bvr,0.0,0.05648474178403756,0.10317013693490902,0.07671480144404332,0.9435152582159625,0.8968298630650909,0.04668539515087146,0.31244313011828934,0.2635729797691165,0.40176020116584754,9.64426335290083,9.274662207292158,MG,Sudeste
3111002,2018,hybrid,hybrid_bvr,0.0,0.2042039273531852,0.2944038929440389,0.23515610900559467,0.7957960726468147,0.7055961070559611,0.09019996559085369,0.3241672804648498,0.2849340391563734,0.403327451474666,9.93721242193775,9.196545572729947,MG,Sudeste
3111101,2018,hybrid,hybrid_bvr,0.0,0.3819948620574109,0.3490566037735849,0.3684002893023867,0.618005137942589,0.6509433962264151,-0.032938258283826016,0.549771934531795,0.4986315882404873,0.5722609693652335,9.869103125674297,9.594592626843768,MG,Sudeste
3111150,2018,hybrid,hybrid_bvr,0.0,0.04288025889967637,0.10969044414535666,0.06792929292929292,0.9571197411003236,0.8903095558546433,0.06681018524568028,0.8267349790405216,0.7477436823104693,0.8357400722021661,8.211754397375197,8.553130310164917,MG,Sudeste
3111408,2016,hybrid,hybrid_bvr,0.0,0.12166575939031028,0.1882404563405002,0.14712798118911655,0.8783342406096897,0.8117595436594998,0.06657469695018993,0.5530795419374807,0.4903245942571785,0.600187265917603,8.834919385216395,10.306085867300707,MG,Sudeste
3111606,2018,hybrid,hybrid_bvr,0.0,0.07087945879458794,0.14317702845100105,0.09694542295999614,0.9291205412054121,0.856822971548999,0.07229756965641311,0.46521916689354753,0.41595878011419024,0.540523603954881,10.225571051705241,9.234032130397276,MG,Sudeste
3111804,2018,hybrid,hybrid_bvr,0.0,0.3004969826056088,0.2839356210142727,0.29438781225495686,0.6995030173943912,0.7160643789857273,-0.016561361591336088,0.6190897039328325,0.5721846515730667,0.6490738018229932,9.338293736286644,9.819436234512796,MG,Sudeste
3111903,2018,hybrid,hybrid_bvr,0.0,0.3696791093647675,0.3991545893719807,0.3799617915516875,0.6303208906352324,0.6008454106280193,0.029475480007213173,0.6080928126768534,0.4531160663236135,0.6455117209834191,8.628555659269699,8.903303594798057,MG,Sudeste
3112000,2018,hybrid,hybrid_bvr,0.0,0.49279645363871444,0.48956780923994037,0.49168587421797827,0.5072035463612856,0.5104321907600596,-0.003228644398774072,0.5610516934046346,0.4735557363710334,0.6107171916773219,9.588434283288215,9.080363560712234,MG,Sudeste
3112059,2016,hybrid,hybrid_bvr,0.0,0.07059267648169121,0.18774243599689683,0.10885562040091347,0.9294073235183088,0.8122575640031031,0.11714975951520562,0.6389526871841984,0.5465810004589261,0.6539697108765489,8.341648618901306,8.524934307650124,MG,Sudeste
3112109,2018,hybrid,hybrid_bvr,0.0,0.14555256064690028,0.16691505216095381,0.15192218619731357,0.8544474393530997,0.8330849478390462,0.021362491514053533,0.41392190152801356,0.3500826446280992,0.4499173553719008,8.558143177745192,9.09535625692086,MG,Sudeste
3112307,2018,hybrid,hybrid_bvr,0.0,0.28338340107203863,0.41607258587167856,0.3343994824983828,0.7166165989279614,0.5839274141283215,0.13268918479963993,0.6006630696223103,0.530809451320405,0.6260506982593156,10.457458868943517,8.903525964441657,MG,Sudeste
3112505,2016,hybrid,hybrid_bvr,0.0,0.10433244916003537,0.21723189734188816,0.15122075929950146,0.8956675508399646,0.7827681026581118,0.1128994481818528,0.5487140979913647,0.4493160951845606,0.6604834176503653,9.091669442258505,8.856155609179499,MG,Sudeste
3112604,2018,hybrid,hybrid_bvr,0.0,0.5517576543009882,0.5781584582441114,0.5636990540182124,0.4482423456990118,0.4218415417558886,0.026400803943123163,0.6254327255942764,0.5907177795472642,0.6736434990331021,9.634954298923107,9.509596798232044,MG,Sudeste
3112653,2018,hybrid,hybrid_bvr,0.0,0.044232732221844165,0.1181894383906119,0.06553808948004837,0.9557672677781558,0.8818105616093881,0.07395670616876773,0.5660785019805545,0.5100264850548619,0.6193719258418464,8.502079553606189,8.560466595020142,MG,Sudeste
3112901,2016,hybrid,hybrid_bvr,0.0,0.07489984323288626,0.17757847533632287,0.10359964881474978,0.9251001567671138,0.8224215246636771,0.10267863210343661,0.5806572068707991,0.5447202521670607,0.6203703703703703,9.108307646411031,8.571274401048196,MG,Sudeste
3113305,2018,hybrid,hybrid_bvr,0.0,0.23386925419647284,0.3281447963800905,0.2751936444885799,0.7661307458035271,0.6718552036199095,0.09427554218361764,0.5927157918475503,0.4959968646772297,0.6532668943508202,10.382698662532777,9.106853117869836,MG,Sudeste
3113404,2016,hybrid,hybrid_bvr,0.0,0.051066721021877974,0.12142160052049447,0.0791623275188753,0.9489332789781221,0.8785783994795056,0.07035487949861649,0.5142837153984282,0.4164267849558775,0.6171015997357369,11.35321435456232,9.218210632843723,MG,Sudeste
3113602,2016,hybrid,hybrid_bvr,0.0,0.04757217847769029,0.1611740473738414,0.09167333867093674,0.9524278215223098,0.8388259526261586,0.11360186889615109,0.5176046576102024,0.4616231086657497,0.562585969738652,8.74798740166097,9.3042060493048,MG,Sudeste
3113701,2018,hybrid,hybrid_bvr,0.0,0.27400074710496825,0.33025325119780974,0.29327705758215256,0.7259992528950318,0.6697467488021902,0.05625250409284149,0.5903987611304684,0.5315200314218381,0.6248036135113905,9.906931614938683,9.44645243471511,MG,Sudeste
3114006,2018,hybrid,hybrid_bvr,0.0,0.2653601694915254,0.23723792160437557,0.2529832935560859,0.7346398305084746,0.7627620783956244,-0.028122247887149843,0.5807273241828216,0.4999281712397644,0.6329550351960925,9.298992069570746,9.021050325059123,MG,Sudeste
3114105,2018,hybrid,hybrid_bvr,0.0,0.35329239167519616,0.3907766990291262,0.368542250700841,0.6467076083248038,0.6092233009708738,0.037484307353930046,0.39659574468085107,0.34410430839002265,0.5291950113378685,9.528794103094718,8.890675908216592,MG,Sudeste
3114204,2018,hybrid,hybrid_bvr,0.0,0.03357593401261524,0.10276576222309608,0.06299475972795184,0.9664240659873847,0.8972342377769039,0.06918982821048084,0.5377973281199088,0.4406247417568796,0.6179654574002149,9.904087372608096,9.3402906298232,MG,Sudeste
3114303,2018,hybrid,hybrid_bvr,0.0,0.49381274807378006,0.4683531126379346,0.4827279202279202,0.5061872519262199,0.5316468873620654,-0.02545963543584545,0.44691390210519455,0.4216046860100804,0.511646914589293,10.300080082140694,9.400508981601996,MG,Sudeste
3114501,2018,hybrid,hybrid_bvr,0.0,0.09781257767834949,0.17813765182186234,0.12927842840952022,0.9021874223216505,0.8218623481781376,0.08032507414351285,0.5909429941395844,0.5069667738478028,0.6321543408360129,9.743788173778453,9.380618596901176,MG,Sudeste
3114550,2016,hybrid,hybrid_bvr,0.0,0.04222972972972973,0.10919920582395765,0.06829896907216494,0.9577702702702703,0.8908007941760423,0.06696947609422792,0.6657995143947277,0.6346551724137931,0.695,9.155989777226102,9.779865121909676,MG,Sudeste
3114600,2018,hybrid,hybrid_bvr,0.0,0.040793825799338476,0.10661268556005399,0.0703883495145631,0.9592061742006616,0.893387314439946,0.06581885976071551,0.5135247607157719,0.39022334597555836,0.505267593763169,8.280964400553373,9.027015272287782,MG,Sudeste
3114808,2016,hybrid,hybrid_bvr,0.0,0.05364656381486676,0.1903199343724364,0.09445534838076546,0.9463534361851332,0.8096800656275636,0.13667337055756965,0.5192307692307693,0.45571428571428574,0.5353571428571429,8.424200324567073,8.679600174349723,MG,Sudeste
3114907,2018,hybrid,hybrid_bvr,0.0,0.5354070152217075,0.5587649402390438,0.5440826052422557,0.4645929847782925,0.4412350597609562,0.023357925017336245,0.5476485148514851,0.4529553679131484,0.5995174909529554,7.716015266642587,9.118846430474312,MG,Sudeste
3115003,2018,hybrid,hybrid_bvr,0.0,0.03423236514522822,0.09223300970873786,0.056890012642225034,0.9657676348547718,0.9077669902912622,0.058000644563509646,0.5420375865479723,0.45915901401643305,0.5640405993233446,7.957527402230773,9.334102463912915,MG,Sudeste
3115201,2016,hybrid,hybrid_bvr,0.0,0.5684255684255685,0.7247849882720876,0.6238227146814405,0.43157443157443154,0.2752150117279124,0.15635941984651913,0.49644061446234544,0.4416320362674726,0.5183226293917642,8.282483003730562,8.695840835165372,MG,Sudeste
3115300,2016,hybrid,hybrid_bvr,0.0,0.04807487768559881,0.0944695847182732,0.0689034794866088,0.9519251223144012,0.9055304152817268,0.04639470703267439,0.7199118071922755,0.5910357815442561,0.7945511613308224,11.152773053070982,9.586286405444111,MG,Sudeste
3115409,2018,hybrid,hybrid_bvr,0.0,0.042486231313926044,0.15422077922077923,0.07891949152542373,0.957513768686074,0.8457792207792207,0.1117345479068532,0.7182786157941438,0.6740050804403048,0.7447078746824725,8.149601735736155,8.354368373565325,MG,Sudeste
3115474,2018,hybrid,hybrid_bvr,0.0,0.03166953528399311,0.15456506110711718,0.07134557285614687,0.9683304647160069,0.8454349388928828,0.12289552582312407,0.8066298342541437,0.7779789931184353,0.8167330677290837,8.537387898701757,8.451582620600236,MG,Sudeste
3115706,2016,hybrid,hybrid_bvr,0.0,0.051344151126180675,0.15016579819990525,0.08474847805190644,0.9486558488738194,0.8498342018000947,0.09882164707372457,0.4966346153846154,0.4290045477513896,0.5378979282465892,8.820551743253025,8.644213474041917,MG,Sudeste
3115805,2018,hybrid,hybrid_bvr,0.0,0.050694444444444445,0.09564254062038405,0.06799431009957325,0.9493055555555555,0.904357459379616,0.0449480961759396,0.6865354938271605,0.6339869281045751,0.7106357694592988,9.236592743120248,9.102834560517524,MG,Sudeste
3116001,2018,hybrid,hybrid_bvr,0.0,0.1726133076181292,0.2566467715680955,0.20367009477717282,0.8273866923818708,0.7433532284319044,0.0840334639499663,0.5560190703218116,0.5047709923664122,0.5868320610687023,8.638525476583762,8.590604983041224,MG,Sudeste
3116100,2018,hybrid,hybrid_bvr,0.0,0.03487707261292167,0.10010764262648009,0.05338913842384647,0.9651229273870783,0.8998923573735199,0.06523057001355842,0.8463035019455253,0.8245289988917621,0.8559290727742889,9.62832676063802,8.160151373381757,MG,Sudeste
3116159,2016,hybrid,hybrid_bvr,0.0,0.08827307762892274,0.287248322147651,0.15846864999407373,0.9117269223710772,0.712751677852349,0.19897524451872828,0.7727066303360581,0.7452343574792555,0.7838080287059879,9.287764268940986,8.8443273246221,MG,Sudeste
3116605,2018,hybrid,hybrid_bvr,0.0,0.12269460559355788,0.17993155977480957,0.14782650882980788,0.8773053944064422,0.8200684402251904,0.05723695418125169,0.47938075537168023,0.4268084816254176,0.5382832208358901,10.15700510770532,9.431114115845007,MG,Sudeste
3116902,2018,hybrid,hybrid_bvr,0.0,0.1779816513761468,0.2513426423200859,0.20435967302452315,0.8220183486238533,0.748657357679914,0.07336099094393911,0.45551203133743706,0.43536324786324787,0.47702991452991456,7.99699040583765,10.159568530071947,MG,Sudeste
3117009,2018,hybrid,hybrid_bvr,0.0,0.0348882035466461,0.1288968824940048,0.0577091227047508,0.9651117964533539,0.8711031175059952,0.0940086789473587,0.7671981776765376,0.7532987747408105,0.8053722902921772,9.023769800892813,8.458067806714885,MG,Sudeste
3117306,2018,hybrid,hybrid_bvr,0.0,0.29839413510211205,0.33054131766470807,0.31145014640160273,0.701605864897888,0.6694586823352919,0.03214718256259602,0.6587865762936023,0.5977644310977644,0.6775942609275942,10.045117314666792,9.965186314346614,MG,Sudeste
3117405,2016,hybrid,hybrid_bvr,0.0,0.16092362344582592,0.29074074074074074,0.1969191270860077,0.8390763765541741,0.7092592592592593,0.12981711729491482,0.6343792633015006,0.6143646408839779,0.6880294659300185,8.40200678160712,8.570972173095992,MG,Sudeste
3117504,2018,hybrid,hybrid_bvr,0.0,0.20625562106525433,0.3496050552922591,0.2617022578473964,0.7937443789347457,0.6503949447077408,0.14334943422700477,0.7539333641832485,0.6072164948453608,0.8367697594501718,9.793002819360856,9.071690442311912,MG,Sudeste
3117603,2018,hybrid,hybrid_bvr,0.0,0.23680781758957656,0.3103621730382294,0.2652980655349388,0.7631921824104234,0.6896378269617707,0.07355435544865283,0.5382782246053024,0.48225901833234774,0.6333530455351862,8.54830418644129,10.339319256887112,MG,Sudeste
3117836,2018,hybrid,hybrid_bvr,0.0,0.23391158365976497,0.3324764353041988,0.2725274725274725,0.7660884163402351,0.6675235646958012,0.09856485164443382,0.8455738620497067,0.8147295742232451,0.8521288837744534,8.867990898182093,8.327391254729584,MG,Sudeste
3117876,2018,hybrid,hybrid_bvr,0.0,0.045531770302412504,0.11390021964229684,0.08091826766525562,0.9544682296975875,0.8860997803577032,0.06836844933988434,0.6228571428571429,0.4683160817975259,0.7424892703862661,8.688790784847216,11.491720068539031,MG,Sudeste
3117900,2016,hybrid,hybrid_bvr,0.0,0.07488328664799253,0.16400361772686162,0.10893371757925072,0.9251167133520075,0.8359963822731384,0.08912033107886909,0.3723045822102426,0.305959805959806,0.4222106722106722,9.256078263650036,9.24121160767222,MG,Sudeste
3118106,2018,hybrid,hybrid_bvr,0.0,0.10127016821146584,0.2362012987012987,0.1411708022163334,0.8987298317885342,0.7637987012987013,0.13493113048983285,0.839262187088274,0.7687135813536531,0.8368444643657552,8.505727713306959,8.355495050516327,MG,Sudeste
3118205,2018,hybrid,hybrid_bvr,0.0,0.045724258289703314,0.08183306055646482,0.062346957995856093,0.9542757417102967,0.9181669394435352,0.036108802266761504,0.4737116085372202,0.39347258485639686,0.48511749347258487,8.783549477153265,9.801280366846552,MG,Sudeste
3118304,2018,hybrid,hybrid_bvr,0.0,0.08865960555149745,0.14072239254461658,0.1161666612960397,0.9113403944485026,0.8592776074553834,0.05206278699311913,0.6661163722591587,0.512055347704733,0.74406140507156,11.66574955097516,9.179681704943006,MG,Sudeste
3118403,2018,hybrid,hybrid_bvr,0.0,0.40387248190885977,0.46502177068214806,0.4281377699941623,0.5961275180911403,0.534978229317852,0.06114928877328829,0.5235533963737312,0.4473822909346451,0.6018095572733662,10.009737672378787,8.879426796349483,MG,Sudeste
3118601,2016,hybrid,hybrid_bvr,0.0,0.11557878890796104,0.19605797392933014,0.1575154344291176,0.884421211092039,0.8039420260706699,0.0804791850213691,0.6384017327492848,0.44146089311363823,0.7982336562887874,13.310405208853188,10.364778726683287,MG,Sudeste
3118908,2018,hybrid,hybrid_bvr,0.0,0.06888580674988443,0.11665495432185524,0.08776818055168571,0.9311141932501156,0.8833450456781448,0.047769147571970816,0.6543596161869003,0.5803809133729265,0.7177964366168339,9.067277989134345,8.732743663681342,MG,Sudeste
3119104,2016,hybrid,hybrid_bvr,0.0,0.053473304354957764,0.11363636363636363,0.07729229551190064,0.9465266956450422,0.8863636363636364,0.06016305928140587,0.7532447584670916,0.672901391590603,0.7981445458626365,10.082219340479526,8.832822223207584,MG,Sudeste
3119203,2016,hybrid,hybrid_bvr,0.0,0.048302676835651266,0.17018379850238258,0.08544435215946844,0.9516973231643487,0.8298162014976174,0.12188112166673132,0.6225708682474594,0.5524691358024691,0.6325445816186557,9.236982302922604,8.569306986491474,MG,Sudeste
3119401,2018,hybrid,hybrid_bvr,0.0,0.08424502266903212,0.1669473058637084,0.12541193024030806,0.9157549773309679,0.8330526941362916,0.08270228319467628,0.6146167053117865,0.4588498984380472,0.7553057364992646,11.549199533334452,9.090728171988625,MG,Sudeste
3119500,2018,hybrid,hybrid_bvr,0.0,0.12109099459205266,0.1570489408327246,0.13503858245212919,0.8789090054079474,0.8429510591672754,0.035957946240671945,0.7122821929451764,0.6719242902208202,0.7449001051524711,9.117896081584902,8.443370360135004,MG,Sudeste
3119609,2016,hybrid,hybrid_bvr,0.0,0.056107539450613676,0.150253807106599,0.09047089358546533,0.9438924605493864,0.849746192893401,0.09414626765598533,0.7175697865353038,0.5889008620689655,0.7877155172413793,8.000684784514748,8.895404582413635,MG,Sudeste
3119708,2018,hybrid,hybrid_bvr,0.0,0.09335529928610653,0.20872865275142316,0.1356521739130435,0.9066447007138935,0.7912713472485768,0.11537335346531663,0.5498806682577566,0.4603399433427762,0.6751652502360718,8.101980731853192,9.068264333362896,MG,Sudeste
3119807,2018,hybrid,hybrid_bvr,0.0,0.1474604041507373,0.17294520547945205,0.15701929474384566,0.8525395958492628,0.827054794520548,0.02548480132871475,0.5036005760921748,0.4765698219306467,0.549203373945642,8.128880142125638,9.470456347261525,MG,Sudeste
3120151,2018,hybrid,hybrid_bvr,0.0,0.40543014032946917,0.5130759651307597,0.44055657867812564,0.5945698596705309,0.4869240348692403,0.10764582480129053,0.7472682410997532,0.7139769452449568,0.7777377521613833,8.707317560273212,8.492006823742337,MG,Sudeste
3120300,2018,hybrid,hybrid_bvr,0.0,0.09804560260586319,0.17299375300336375,0.1283245971655989,0.9019543973941369,0.8270062469966363,0.07494815039750057,0.802366040361865,0.7433059621563727,0.8043555872902535,8.658692753689937,8.494542762980918,MG,Sudeste
3120607,2018,hybrid,hybrid_bvr,0.0,0.09574775817182528,0.18164910105393675,0.12266561824257913,0.9042522418281748,0.8183508989460633,0.08590134288211147,0.5325105358217941,0.47990105132962274,0.6014223871366728,8.467372496432281,8.809552138682696,MG,Sudeste
3120805,2018,hybrid,hybrid_bvr,0.0,0.06889301175015461,0.158126237079393,0.10096534261750277,0.9311069882498454,0.841873762920607,0.08923322532923839,0.4946611217264246,0.4364135407136322,0.5324794144556267,9.588160179264023,8.881777286669418,MG,Sudeste
3120839,2018,hybrid,hybrid_bvr,0.0,0.06452691407556001,0.12799339388934763,0.08275862068965517,0.93547308592444,0.8720066061106524,0.06346647981378763,0.4913232104121475,0.4275578790141897,0.5313666915608664,8.451053388911692,8.605798738636446,MG,Sudeste
3120870,2018,hybrid,hybrid_bvr,0.0,0.09423839514812223,0.2096683530073075,0.12796442687747037,0.9057616048518777,0.7903316469926925,0.11542995785918526,0.5957112970711297,0.5657534246575342,0.6112328767123287,8.841158975945264,8.616375249847682,MG,Sudeste
3121001,2018,hybrid,hybrid_bvr,0.0,0.15055884286653518,0.2420197330237957,0.1833997065604695,0.8494411571334648,0.7579802669762044,0.09146089015726053,0.8123745819397993,0.7605189340813464,0.8457223001402524,8.558527054909215,8.492795104629463,MG,Sudeste
3121100,2018,hybrid,hybrid_bvr,0.0,0.05281941470378301,0.1732768579129765,0.0986639260020555,0.947180585296217,0.8267231420870235,0.1204574432091935,0.38843648208469056,0.32198523379819527,0.4249384741591468,8.983565234427923,8.760176267808705,MG,Sudeste
3121258,2016,hybrid,hybrid_bvr,0.0,0.13596176821983275,0.23685393258426965,0.17098283931357255,0.8640382317801673,0.7631460674157303,0.1008921643644369,0.7555488902219556,0.6812577065351418,0.7913070283600493,8.998260393017953,10.27763110733439,MG,Sudeste
3121308,2018,hybrid,hybrid_bvr,0.0,0.22775678461009963,0.18210459987397606,0.21155555555555555,0.7722432153899004,0.8178954001260239,-0.04565218473612356,0.4398216939078752,0.39601837672281776,0.5301684532924962,8.469682208745185,8.956692206348286,MG,Sudeste
3121407,2018,hybrid,hybrid_bvr,0.0,0.050512445095168376,0.11898173768677366,0.07134404057480981,0.9494875549048316,0.8810182623132263,0.06846929259160528,0.4653323802716226,0.38935361216730036,0.5054499366286439,8.85395110151461,8.612555303085967,MG,Sudeste
3121605,2018,hybrid,hybrid_bvr,0.0,0.13169704692780765,0.26135683586311953,0.19669661444067055,0.8683029530721924,0.7386431641368805,0.12965978893531188,0.697212709696996,0.5691008613739551,0.7663682267577545,10.733784571243307,9.027010460407155,MG,Sudeste
3122009,2018,hybrid,hybrid_bvr,0.0,0.0493135838150289,0.1263089005235602,0.07178407350689127,0.9506864161849711,0.8736910994764397,0.0769953167085313,0.657651522521646,0.6207904819520065,0.6891510385158298,9.859169871885003,8.686521062148204,MG,Sudeste
3122108,2018,hybrid,hybrid_bvr,0.0,0.04873833390943657,0.1263676148796499,0.07878017789072427,0.9512616660905634,0.8736323851203501,0.07762928097021332,0.5576647564469914,0.4285175405507356,0.5956242927197284,8.504513138258863,8.557488411606585,MG,Sudeste
3122207,2018,hybrid,hybrid_bvr,0.0,0.1278772378516624,0.19683481701285854,0.14983404457088667,0.8721227621483376,0.8031651829871415,0.06895757916119613,0.6709886547811994,0.5925622094613071,0.6896363139185124,8.857088135314953,8.36633057000292,MG,Sudeste
3122470,2018,hybrid,hybrid_bvr,0.0,0.17682926829268292,0.22318611987381703,0.19406057042046457,0.8231707317073171,0.776813880126183,0.04635685158113412,0.6626878868258178,0.5930875576036866,0.6944700460829493,8.246433786160365,8.914021211915268,MG,Sudeste
3122504,2016,hybrid,hybrid_bvr,0.0,0.05907310704960835,0.17164948453608248,0.10267678785457451,0.9409268929503917,0.8283505154639175,0.11257637748647412,0.5278327211076576,0.49366724237190557,0.5446171560161197,8.558143177745192,8.57887199297199,MG,Sudeste
3122603,2018,hybrid,hybrid_bvr,0.0,0.24630738522954093,0.3627586206896552,0.28900126422250316,0.753692614770459,0.6372413793103449,0.11645123546011427,0.7767200346170489,0.6572912159238425,0.7758546083946344,8.419580362549237,8.671791085765895,MG,Sudeste
3122900,2016,hybrid,hybrid_bvr,0.0,0.05335276967930029,0.14555669050051073,0.08677915816799554,0.9466472303206998,0.8544433094994892,0.09220392082121044,0.7350582147477361,0.6574191906337491,0.7849325528124205,8.699681400989514,8.699181414873772,MG,Sudeste
3123106,2018,hybrid,hybrid_bvr,0.0,0.08709677419354839,0.15394165114835506,0.10826380611839491,0.9129032258064516,0.8460583488516449,0.06684487695480668,0.8055463849455266,0.7076875387476751,0.8338499690018599,8.560827228436299,8.702541625989179,MG,Sudeste
3123205,2018,hybrid,hybrid_bvr,0.0,0.5077323783167833,0.41370273305877947,0.4639157308261513,0.4922676216832167,0.5862972669412205,-0.09402964525800384,0.4428606237816764,0.3850631657171167,0.5038394847659153,9.530828396153142,9.08443180198868,MG,Sudeste
3123601,2018,hybrid,hybrid_bvr,0.0,0.10147312978355691,0.14718944296409084,0.11920892697021022,0.8985268702164431,0.8528105570359091,0.04571631318053393,0.39952849812786023,0.3188001395186606,0.44025113358911755,10.135392609518911,9.42527586444187,MG,Sudeste
3123700,2018,hybrid,hybrid_bvr,0.0,0.6156491831470335,0.6894873458792992,0.6446569324202094,0.38435081685296646,0.31051265412070084,0.07383816273226562,0.5641516660283417,0.5056751467710372,0.596477495107632,9.237955539009157,8.753418122349474,MG,Sudeste
3123809,2016,hybrid,hybrid_bvr,0.0,0.07540106951871657,0.19541984732824427,0.12480352090537566,0.9245989304812834,0.8045801526717558,0.1200187778095277,0.8010178117048347,0.69872595553335,0.8133899575318511,8.870943863837724,8.616401713631229,MG,Sudeste
3123858,2016,hybrid,hybrid_bvr,0.0,0.08345323741007195,0.22320899940793368,0.12350936967632027,0.9165467625899281,0.7767910005920663,0.13975576199786172,0.6602475928473177,0.5921706105755186,0.7370727432077125,8.55159461813357,8.48781910641293,MG,Sudeste
3123908,2018,hybrid,hybrid_bvr,0.0,0.14632473944048272,0.20685434516523868,0.1705178629957391,0.8536752605595173,0.7931456548347613,0.060529605724755964,0.5822548676693483,0.5078603144125765,0.6649465978639145,9.56395062454207,8.837720577538715,MG,Sudeste
3124005,2018,hybrid,hybrid_bvr,0.0,0.2505146334914526,0.2985190958690569,0.26269181779583917,0.7494853665085475,0.7014809041309431,0.04800446237760431,0.6784976188336778,0.6073240475970851,0.689604280047966,9.795122527858004,9.037601639562649,MG,Sudeste
3124104,2018,hybrid,hybrid_bvr,0.0,0.2554849994296361,0.3307757484466202,0.28904262253716595,0.7445150005703639,0.6692242515533797,0.07529074901698413,0.6965628760529483,0.5635391923990499,0.7633981591448931,11.006606338342099,8.59410076889059,MG,Sudeste
3124203,2018,hybrid,hybrid_bvr,0.0,0.44021637754150345,0.4970686103628585,0.46119981216247946,0.5597836224584966,0.5029313896371415,0.05685223282135504,0.5641474735090638,0.4993681169886261,0.6009207438165733,10.036968943910608,8.97204831374931,MG,Sudeste
3124708,2018,hybrid,hybrid_bvr,0.0,0.20860927152317882,0.268760907504363,0.23183507941872253,0.7913907284768211,0.731239092495637,0.06015163598118417,0.42538022813688214,0.35528185693983894,0.43439128375177644,8.165079258805068,9.583941786228776,MG,Sudeste
3124807,2018,hybrid,hybrid_bvr,0.0,0.08069164265129683,0.1266261925411969,0.09903047091412742,0.9193083573487032,0.8733738074588031,0.04593454988990006,0.6756103456611071,0.6157045009784736,0.7181996086105675,8.915432254432663,11.013871096714988,MG,Sudeste
3124906,2018,hybrid,hybrid_bvr,0.0,0.10495461422087746,0.14507000297885017,0.1205320994794679,0.8950453857791225,0.8549299970211498,0.040115388757972714,0.6177414180301573,0.5633236901317904,0.6845065895210544,9.262932822095353,8.788595456407167,MG,Sudeste
3125101,2018,hybrid,hybrid_bvr,0.0,0.13918984197087847,0.23652656008251677,0.18942599193790186,0.8608101580291215,0.7634734399174832,0.0973367181116383,0.5045022970903522,0.44421692727724,0.5979771655497642,10.261127031161688,11.095941419907664,MG,Sudeste
3125408,2018,hybrid,hybrid_bvr,0.0,0.030541012216404886,0.1048999309868875,0.0525562372188139,0.9694589877835951,0.8951000690131125,0.07435891877048262,0.6854870775347912,0.6430805316653636,0.7392494136043785,8.545197387825835,8.47053610650743,MG,Sudeste
3125606,2018,hybrid,hybrid_bvr,0.0,0.035705305506663315,0.08994708994708994,0.050591446769790716,0.9642946944933367,0.91005291005291,0.05424178444042663,0.6242718446601941,0.5690335305719921,0.6226166995397765,8.835937789319836,8.478743447530402,MG,Sudeste
3125705,2016,hybrid,hybrid_bvr,0.0,0.14731522425773846,0.40428149606299213,0.2343567495411313,0.8526847757422615,0.5957185039370079,0.25696627180525367,0.6115723270440252,0.5384326489734602,0.6546069103655483,9.555418330069251,9.488491294879607,MG,Sudeste
3125804,2018,hybrid,hybrid_bvr,0.0,0.5860124083474337,0.6385767790262172,0.6057726152763112,0.41398759165256627,0.36142322097378277,0.0525643706787835,0.5802343352012226,0.5437302423603794,0.6169652265542677,8.016317898503415,8.694054322629876,MG,Sudeste
3125952,2018,hybrid,hybrid_bvr,0.0,0.17641524227693273,0.2798667301285102,0.2019570855930205,0.8235847577230673,0.7201332698714897,0.10345148785157748,0.7056577577230129,0.6615869679453494,0.7360308285163777,9.244645175668174,8.585896137798477,MG,Sudeste
3126000,2016,hybrid,hybrid_bvr,0.0,0.14091040881414904,0.3824175824175824,0.24757281553398058,0.8590895911858509,0.6175824175824176,0.24150717360343335,0.6706231454005934,0.5066539923954373,0.7713878326996197,8.794824928014517,8.966800835545673,MG,Sudeste
3126208,2018,hybrid,hybrid_bvr,0.0,0.04669156883671292,0.1253035454103934,0.07453950766052676,0.9533084311632871,0.8746964545896065,0.07861197657368049,0.6736017292623615,0.6711409395973155,0.7140939597315437,9.009080614161977,9.193070916026924,MG,Sudeste
3126406,2016,hybrid,hybrid_bvr,0.0,0.064030131826742,0.14036478984932593,0.09772329246935202,0.935969868173258,0.8596352101506741,0.07633465802258393,0.6531061022539857,0.4956803455723542,0.7041036717062635,7.902857191280582,8.970561998664358,MG,Sudeste
3126604,2016,hybrid,hybrid_bvr,0.0,0.06320317670416943,0.22558714462299134,0.11972437553832903,0.9367968232958306,0.7744128553770087,0.16238396791882193,0.6729150726855394,0.6103047895500726,0.7746734397677794,8.489410810403786,8.700062956268875,MG,Sudeste
3126802,2016,hybrid,hybrid_bvr,0.0,0.09897610921501707,0.253315649867374,0.14274967086703028,0.9010238907849829,0.746684350132626,0.15433954065235692,0.8015439047925378,0.7442735042735042,0.8276923076923077,8.679141958402255,8.577747770857007,MG,Sudeste
3126901,2016,hybrid,hybrid_bvr,0.0,0.06300185299567634,0.20849256900212315,0.1104031029228425,0.9369981470043236,0.7915074309978769,0.1454907160064468,0.7095943335479716,0.6272393697388301,0.7284696740772717,9.096051225574055,8.636967268048934,MG,Sudeste
3127008,2018,hybrid,hybrid_bvr,0.0,0.06431878306878307,0.11133450615732596,0.08295941768870276,0.935681216931217,0.888665493842674,0.04701572308854289,0.642487733722318,0.5733062330623306,0.6860433604336044,9.549736900114642,10.960960521139569,MG,Sudeste
3127057,2018,hybrid,hybrid_bvr,0.0,0.0876885303402315,0.20754716981132076,0.1254180602006689,0.9123114696597685,0.7924528301886793,0.11985863947108927,0.7119524870081663,0.6801359516616314,0.7420694864048338,8.452547997922705,8.386990702750406,MG,Sudeste
3127073,2018,hybrid,hybrid_bvr,0.0,0.08492791612057667,0.17560975609756097,0.10699425401228453,0.9150720838794233,0.8243902439024391,0.0906818399769843,0.8705402650356778,0.8441176470588235,0.8731617647058824,8.68946441235669,8.254778420622818,MG,Sudeste
3127107,2018,hybrid,hybrid_bvr,0.0,0.18615001963607802,0.252112676056338,0.21542251310164948,0.813849980363922,0.747887323943662,0.06596265642026,0.5117439201829141,0.4472352920366505,0.568578200728765,10.886838623091364,9.58220699642654,MG,Sudeste
3127206,2016,hybrid,hybrid_bvr,0.0,0.07663410969196092,0.17643835616438355,0.11720142602495544,0.9233658903080391,0.8235616438356165,0.09980424647242263,0.5911196911196911,0.5102925243770314,0.6937522571325389,8.25712628599743,8.839784090173405,MG,Sudeste
3127339,2018,hybrid,hybrid_bvr,0.0,0.08580738595220855,0.16655989750160155,0.1147011308562197,0.9141926140477914,0.8334401024983984,0.080752511549393,0.7007959479015919,0.6841910403554239,0.718992965568308,8.54461378699223,8.619044931544384,MG,Sudeste
3127354,2016,hybrid,hybrid_bvr,0.0,0.09041501976284586,0.21385176184690158,0.1455386289445049,0.9095849802371542,0.7861482381530984,0.12343674208405572,0.7733624454148471,0.6866226259289843,0.814616019818332,7.993619994827744,8.578857904473354,MG,Sudeste
3127370,2018,hybrid,hybrid_bvr,0.0,0.07255813953488371,0.12884834663625996,0.08874958759485319,0.9274418604651162,0.87115165336374,0.05629020710137625,0.5921931176168465,0.48890063424947144,0.629492600422833,8.023879992734878,8.667170653454981,MG,Sudeste
3127388,2016,hybrid,hybrid_bvr,0.0,0.13630289532293988,0.20305164319248825,0.16497975708502025,0.8636971046770601,0.7969483568075117,0.06674874786954837,0.6302040816326531,0.5201612903225806,0.7407258064516129,8.204945165019208,8.813758890411162,MG,Sudeste
3127503,2018,hybrid,hybrid_bvr,0.0,0.08449809402795426,0.15300546448087432,0.10782681099084096,0.9155019059720457,0.8469945355191257,0.06850737045292006,0.47658688865764826,0.37859936011375755,0.44969783149662285,8.686260632531775,8.304633527224565,MG,Sudeste
3127701,2016,hybrid,hybrid_bvr,0.0,0.0343081272349428,0.08934206578307519,0.06035506442780455,0.9656918727650572,0.9106579342169248,0.055033938548132384,0.47899153558324553,0.35386427183203406,0.5994985875195977,12.482525657402304,9.480290819795911,MG,Sudeste
3127800,2018,hybrid,hybrid_bvr,0.0,0.378475935828877,0.421705089169204,0.39473684210526316,0.621524064171123,0.578294910830796,0.04322915334032701,0.7828371278458844,0.7237939249553306,0.8016676593210245,9.617404201448045,9.520643052942335,MG,Sudeste
3127909,2018,hybrid,hybrid_bvr,0.0,0.029315960912052116,0.1151603498542274,0.06587942821628341,0.9706840390879479,0.8848396501457726,0.08584438894217529,0.5185873605947955,0.4543859649122807,0.6078947368421053,7.224753405767971,9.29900733330118,MG,Sudeste
3128006,2018,hybrid,hybrid_bvr,0.0,0.3146828723107013,0.36834208552138037,0.3368080517613228,0.6853171276892986,0.6316579144786196,0.05365921321067907,0.5543299848992187,0.4711787780067815,0.6421115617312678,10.350158581455416,9.21601803706391,MG,Sudeste
3128501,2018,hybrid,hybrid_bvr,0.0,0.10126012601260126,0.1909433962264151,0.1347617705102904,0.8987398739873987,0.8090566037735849,0.08968327021381384,0.5612616255560049,0.43282988871224165,0.6975357710651828,8.27614021955846,9.025613277210388,MG,Sudeste
3128907,2018,hybrid,hybrid_bvr,0.0,0.03301273719781648,0.07899593946105574,0.051997560231777984,0.9669872628021835,0.9210040605389442,0.04598320226323926,0.5597777777777778,0.5275816416593115,0.6555604589585172,8.890823576004383,9.110151137549476,MG,Sudeste
3129004,2018,hybrid,hybrid_bvr,0.0,0.17245142981881686,0.19082125603864733,0.17837990403612758,0.8275485701811831,0.8091787439613527,0.018369826219830465,0.6247426539397343,0.5895145631067961,0.6866019417475728,9.071882578828616,8.830662555058392,MG,Sudeste
3129301,2016,hybrid,hybrid_bvr,0.0,0.06955046649703138,0.18937381404174572,0.10650263620386644,0.9304495335029687,0.8106261859582543,0.11982334754471434,0.5501051156271899,0.48652988403211417,0.6381801962533452,9.241354425505353,8.439862911009644,MG,Sudeste
3129509,2018,hybrid,hybrid_bvr,0.0,0.18415607449009755,0.22045582442318515,0.1990384058390778,0.8158439255099025,0.7795441755768149,0.0362997499330876,0.5192508640784503,0.4568152244632401,0.5822218607677293,10.052683118897981,9.949422819442578,MG,Sudeste
3129806,2018,hybrid,hybrid_bvr,0.0,0.1188027702888139,0.19767224630100136,0.15532870983661914,0.8811972297111861,0.8023277536989987,0.07886947601218745,0.7202753872633391,0.5122784911932656,0.818516929841023,11.976370131168585,9.088373252053575,MG,Sudeste
3130002,2018,hybrid,hybrid_bvr,0.0,0.330970942593905,0.3196794300979519,0.3258382642998028,0.669029057406095,0.680320569902048,-0.011291512495953115,0.4548892490545651,0.42038216560509556,0.4989384288747346,7.960672608388117,9.042718340741839,MG,Sudeste
3130051,2018,hybrid,hybrid_bvr,0.0,0.06311074918566775,0.13737581363480644,0.09075823334184324,0.9368892508143323,0.8626241863651936,0.07426506444913869,0.8050526315789474,0.7849017580144778,0.8248190279214064,9.282288871288767,8.229970099168138,MG,Sudeste
3130200,2016,hybrid,hybrid_bvr,0.0,0.20521049650745704,0.42679558011049723,0.26961178045515394,0.794789503492543,0.5732044198895028,0.2215850836030402,0.776161052421766,0.738360115368768,0.8275648949320148,9.133891199812776,9.149215706117111,MG,Sudeste
3130309,2018,hybrid,hybrid_bvr,0.0,0.3135729613733906,0.34232365145228216,0.32583760941744644,0.6864270386266094,0.6576763485477178,0.028750690078891583,0.5268627450980392,0.425477955520874,0.5934451814280141,8.990815266184685,10.191918192667467,MG,Sudeste
3130556,2016,hybrid,hybrid_bvr,0.0,0.09491525423728814,0.27446954140999313,0.13726758286176233,0.9050847457627118,0.7255304585900069,0.179554287172705,0.6877470355731226,0.6307601995890812,0.6768417963017317,8.767796255626598,8.542250224430333,MG,Sudeste
3130606,2018,hybrid,hybrid_bvr,0.0,0.11554673939995042,0.15692963752665245,0.13049601001408231,0.8844532606000496,0.8430703624733475,0.04138289812670204,0.49158320903473257,0.4194100042753313,0.523300555793074,8.84043543926657,8.981335000873738,MG,Sudeste
3130655,2018,hybrid,hybrid_bvr,0.0,0.1290247857308316,0.18570683359415754,0.14643143544506818,0.8709752142691685,0.8142931664058425,0.05668204786332595,0.6751113585746102,0.584192439862543,0.6603665521191294,8.899730794880696,8.378229020777496,MG,Sudeste
3130705,2016,hybrid,hybrid_bvr,0.0,0.04709480122324159,0.13472137170851195,0.07623318385650224,0.9529051987767584,0.865278628291488,0.08762657048527037,0.6651256862178561,0.6314148001134108,0.7161893960873263,8.730690365678642,10.83260998293483,MG,Sudeste
3130804,2018,hybrid,hybrid_bvr,0.0,0.03691084611016468,0.07401177460050462,0.05177664974619289,0.9630891538898353,0.9259882253994953,0.03710092849033994,0.48492723492723494,0.4022517911975435,0.49181166837256907,7.874358824729881,9.267014750004941,MG,Sudeste
3130903,2016,hybrid,hybrid_bvr,0.0,0.15558560588986553,0.23713042173195256,0.1826778745121585,0.8444143941101345,0.7628695782680475,0.08154481584208703,0.6319795149014866,0.5780526620370371,0.6762876157407407,10.097984685260217,8.662726244014808,MG,Sudeste
3131000,2016,hybrid,hybrid_bvr,0.0,0.04688463911165947,0.12843182875756165,0.0793180133432172,0.9531153608883405,0.8715681712424383,0.08154718964590218,0.6733477789815818,0.5452814794669567,0.7340223007886865,8.658692753689937,9.22425354993922,MG,Sudeste
3131109,2016,hybrid,hybrid_bvr,0.0,0.16397578203834512,0.4209514656415185,0.25244003308519436,0.8360242179616548,0.5790485343584815,0.25697568360317335,0.7032910080331692,0.5817853457172343,0.7094943240454077,8.813438494528507,8.989313852409587,MG,Sudeste
3131208,2016,hybrid,hybrid_bvr,0.0,0.21265466250880194,0.2282007250524709,0.21800698149245867,0.7873453374911981,0.7717992749475291,0.01554606254366897,0.5034322730349028,0.41788086034294775,0.5308752106254336,9.807527161390217,8.766698364584684,MG,Sudeste
3131307,2018,hybrid,hybrid_bvr,0.0,0.05804536934685443,0.11790393013100436,0.09068636791759448,0.9419546306531456,0.8820960698689957,0.05985856078414994,0.5145035792094615,0.3973139212507764,0.6936234035784083,12.386175075215247,10.354737215616439,MG,Sudeste
3131406,2018,hybrid,hybrid_bvr,0.0,0.16051136363636365,0.2483120780195049,0.19442832269297736,0.8394886363636364,0.751687921980495,0.08780071438314124,0.5961613787700745,0.5721136112135743,0.6355588343784582,8.320448113956559,9.296578379625156,MG,Sudeste
3131505,2018,hybrid,hybrid_bvr,0.0,0.11936193619361936,0.1736474694589878,0.13538977800722768,0.8806380638063807,0.8263525305410122,0.05428553326536843,0.5294216826842016,0.46713334471572476,0.5735017927266519,9.161255164285691,9.10246762980822,MG,Sudeste
3131703,2016,hybrid,hybrid_bvr,0.0,0.02825439667544931,0.07487165191534834,0.050597094733089744,0.9717456033245507,0.9251283480846517,0.04661725523989903,0.6289859594383775,0.4244315177154944,0.7684067386870137,11.606260969112531,10.537013221374648,MG,Sudeste
3131802,2016,hybrid,hybrid_bvr,0.0,0.07466757586089329,0.16881827209533268,0.10661268556005399,0.9253324241391068,0.8311817279046674,0.09415069623443939,0.6029518950437318,0.4853626701473056,0.6567219839641991,9.277251077258809,8.522379866973994,MG,Sudeste
3131901,2018,hybrid,hybrid_bvr,0.0,0.2895614515406441,0.34267534486108414,0.3161410747617644,0.7104385484593558,0.6573246551389158,0.05311389332044003,0.541501976284585,0.40549490538573507,0.6593522561863173,10.724346097163354,10.62983985905596,MG,Sudeste
3132008,2016,hybrid,hybrid_bvr,0.0,0.08269230769230769,0.23662437948152235,0.13923794081880828,0.9173076923076923,0.7633756205184776,0.15393207178921464,0.8556311413454271,0.7938250428816467,0.8686106346483705,8.514790306799927,8.682224999480766,MG,Sudeste
3132107,2018,hybrid,hybrid_bvr,0.0,0.04255813953488372,0.14179554127334806,0.07878297934886455,0.9574418604651163,0.858204458726652,0.09923740173846435,0.7909198113207547,0.7590539541759054,0.8160877063316088,9.782449224159071,8.654901795413807,MG,Sudeste
3132305,2018,hybrid,hybrid_bvr,0.0,0.14695053625740356,0.2773467804499612,0.1847912187393912,0.8530494637425965,0.7226532195500388,0.13039624419255763,0.64678528103518,0.6076826196473551,0.6975230898404702,9.37568530456302,8.345588708658255,MG,Sudeste
3132404,2018,hybrid,hybrid_bvr,0.0,0.09826405478579392,0.19259922989368658,0.151812730373549,0.9017359452142061,0.8074007701063134,0.09433517510789266,0.37675191865297997,0.2728471757622097,0.5362897830450157,11.414849463805885,9.998464255834794,MG,Sudeste
3132503,2018,hybrid,hybrid_bvr,0.0,0.1338914807950406,0.2100154423119347,0.16136061009563007,0.8661085192049593,0.7899845576880653,0.0761239615168941,0.5732192598487863,0.5547519264566716,0.643098553467622,10.378945032464328,8.857025300704036,MG,Sudeste
3132602,2016,hybrid,hybrid_bvr,0.0,0.04346009193480986,0.12683284457478006,0.07363104731525784,0.9565399080651902,0.8731671554252199,0.0833727526399702,0.7148175725986597,0.6351791530944625,0.7828447339847991,8.313607139317558,9.718893250756828,MG,Sudeste
3132701,2016,hybrid,hybrid_bvr,0.0,0.11660359508041628,0.22410220994475138,0.15022991614822828,0.8833964049195837,0.7758977900552486,0.10749861486433511,0.7505628095452499,0.6896965224610275,0.7688405128678166,10.034910473896547,8.856860808401793,MG,Sudeste
3132800,2016,hybrid,hybrid_bvr,0.0,0.04645760743321719,0.17050691244239632,0.08799691238903898,0.9535423925667829,0.8294930875576036,0.12404930500917913,0.7446236559139785,0.6179245283018868,0.7419137466307277,7.733245646529795,8.569834678641962,MG,Sudeste
3133006,2018,hybrid,hybrid_bvr,0.0,0.1395035885167464,0.2134691332363334,0.17022754907069654,0.8604964114832536,0.7865308667636666,0.073965544719587,0.39288370939747086,0.32323614792376626,0.4945096554335479,9.547026871355778,9.853385022914178,MG,Sudeste
3133204,2018,hybrid,hybrid_bvr,0.0,0.17531861983214175,0.2222222222222222,0.19206222576785,0.8246813801678583,0.7777777777777778,0.04690360239008046,0.5539823008849557,0.5242290748898678,0.62205681300319,9.380589347535867,8.59090948286306,MG,Sudeste
3133402,2018,hybrid,hybrid_bvr,0.0,0.37422771403353927,0.41108695652173916,0.3904409617443785,0.6257722859664607,0.5889130434782608,0.036859242488199884,0.5182248191430161,0.4559722222222222,0.5426388888888889,9.521934264474277,9.624322127257372,MG,Sudeste
3133709,2018,hybrid,hybrid_bvr,0.0,0.061694449218078706,0.14376826999734255,0.09376953531985831,0.9383055507819213,0.8562317300026574,0.08207382077926384,0.6509289244929265,0.5553418429795419,0.7291484525266655,9.203114326884442,11.495534994576138,MG,Sudeste
3133808,2018,hybrid,hybrid_bvr,0.0,0.10026061168858401,0.16212163287975562,0.1322572284299044,0.899739388311416,0.8378783671202443,0.06186102119117161,0.41215328983252864,0.2979963279316676,0.5459208110481361,11.35583881272417,9.872683770534193,MG,Sudeste
3134004,2018,hybrid,hybrid_bvr,0.0,0.186088295687885,0.3009395184967704,0.220922967062394,0.813911704312115,0.6990604815032295,0.1148512228088854,0.6745414526779163,0.6740448756822317,0.7072468162522741,9.575469478561473,8.390167182083662,MG,Sudeste
3134202,2018,hybrid,hybrid_bvr,0.0,0.12689617809298662,0.20656672239427742,0.16441870408520232,0.8731038219070134,0.7934332776057226,0.07967054430129081,0.6385524399461682,0.5803636363636364,0.7031454545454545,11.484227592022684,9.763261912709954,MG,Sudeste
3134301,2018,hybrid,hybrid_bvr,0.0,0.4784263959390863,0.46461758398856323,0.47153652392947104,0.5215736040609137,0.5353824160114368,-0.013808811950523081,0.5303247373447947,0.44274809160305345,0.572280534351145,8.722417141427496,8.557453373156573,MG,Sudeste
3134400,2016,hybrid,hybrid_bvr,0.0,0.049918414214056926,0.10631071795276835,0.07435300561413118,0.950081585785943,0.8936892820472316,0.05639230373871142,0.7093356099030784,0.6650919940328195,0.7425161611138736,10.447438426733946,10.700459649614345,MG,Sudeste
3134509,2018,hybrid,hybrid_bvr,0.0,0.3108365019011407,0.281767955801105,0.29767317464562715,0.6891634980988592,0.718232044198895,-0.02906854610003573,0.5337707448861444,0.42764661081492766,0.5575019040365575,8.272059622210412,9.501937591592048,MG,Sudeste
3135001,2018,hybrid,hybrid_bvr,0.0,0.08052950910093767,0.14514835605453089,0.10460652591170826,0.9194704908990623,0.8548516439454691,0.06461884695359321,0.6809475806451613,0.5435329642677403,0.7654755913437342,8.003028666384733,9.492371053855345,MG,Sudeste
3135076,2016,hybrid,hybrid_bvr,0.0,0.07522429261559696,0.21968503937007874,0.11909896956625929,0.9247757073844031,0.7803149606299212,0.14446074675448178,0.7689422355588897,0.6999220576773187,0.7883865939204988,8.53050420547591,8.802207409906826,MG,Sudeste
3135100,2016,hybrid,hybrid_bvr,0.0,0.21155793432663098,0.27892844916124615,0.2419831347459451,0.788442065673369,0.7210715508387538,0.06737051483461517,0.6843389991962612,0.6205970149253731,0.7365671641791045,11.109503268695946,8.900647346714251,MG,Sudeste
3135209,2018,hybrid,hybrid_bvr,0.0,0.27921410209327946,0.35172941123555074,0.31142476375090866,0.7207858979067205,0.6482705887644493,0.07251530914227128,0.8152166765305452,0.7664257664257664,0.8508398508398508,11.089240376519239,8.55438604313829,MG,Sudeste
3135407,2018,hybrid,hybrid_bvr,0.0,0.13107314468766684,0.1642300194931774,0.14253744190049922,0.8689268553123332,0.8357699805068226,0.03315687480551055,0.5639503507825149,0.47030368180596616,0.6299381886589627,8.593227877692234,10.08070652413041,MG,Sudeste
3135506,2018,hybrid,hybrid_bvr,0.0,0.3367247386759582,0.37174959871589086,0.34722627028077335,0.6632752613240418,0.6282504012841091,0.03502486003993266,0.7151776423368515,0.6299938537185003,0.7421634910878918,9.460943436186543,8.627057869383306,MG,Sudeste
3135704,2016,hybrid,hybrid_bvr,0.0,0.05610210050518479,0.14189189189189189,0.0851063829787234,0.9438978994948152,0.8581081081081081,0.08578979138670709,0.5545302013422819,0.45010964912280704,0.6244517543859649,8.547916364059079,9.521162261675274,MG,Sudeste
3135803,2018,hybrid,hybrid_bvr,0.0,0.16335180958591458,0.28491921005385995,0.20104131676184078,0.8366481904140854,0.71508078994614,0.12156740046794537,0.7349544643695428,0.664272030651341,0.7268199233716475,10.091252599948522,8.41751227871643,MG,Sudeste
3136009,2018,hybrid,hybrid_bvr,0.0,0.06648773941685983,0.17935192162773173,0.09395417318487163,0.9335122605831402,0.8206480783722683,0.1128641822108719,0.715777428121871,0.6837797619047619,0.7319940476190476,9.611864390851085,8.38540619133824,MG,Sudeste
3136207,2018,hybrid,hybrid_bvr,0.0,0.032186150202034275,0.08400374785951989,0.05904924680373331,0.9678138497979657,0.9159962521404801,0.051817597657485615,0.5468980973725621,0.4158537449512247,0.6444244986654699,11.206536165052752,10.04560344358013,MG,Sudeste
3136553,2018,hybrid,hybrid_bvr,0.0,0.12880886426592797,0.20692090395480225,0.154363974001857,0.871191135734072,0.7930790960451978,0.07811203968887429,0.8095843935538592,0.7476595744680851,0.828936170212766,8.383890344101816,8.703050537465547,MG,Sudeste
3136579,2018,hybrid,hybrid_bvr,0.0,0.030364372469635626,0.09830508474576272,0.05228579249931563,0.9696356275303644,0.9016949152542373,0.0679407122761271,0.8711627906976744,0.8311567164179104,0.8894589552238806,8.42639282708974,8.516974157355566,MG,Sudeste
3136652,2018,hybrid,hybrid_bvr,0.0,0.09527905198776758,0.1627044503613541,0.12906915780944664,0.9047209480122325,0.8372955496386458,0.06742539837358653,0.6809756097560976,0.5326341336569299,0.8015948686833666,10.007937653892592,10.50044913644547,MG,Sudeste
3136702,2016,hybrid,hybrid_bvr,0.0,0.037130481624396736,0.08470657750349368,0.06276285009799583,0.9628695183756033,0.9152934224965064,0.04757609587909695,0.6883824775369354,0.48939585085506027,0.8071418559013176,13.15434061210248,9.862723325044609,MG,Sudeste
3136900,2018,hybrid,hybrid_bvr,0.0,0.18375094912680334,0.18525311812179016,0.18234711562267888,0.8162490508731967,0.8147468818782099,0.0015021689949868133,0.527019174898315,0.4745468569224836,0.5867720786733513,9.13108069099055,9.128209897923087,MG,Sudeste
3136959,2018,hybrid,hybrid_bvr,0.0,0.024853019775521113,0.10421052631578948,0.05155917788802268,0.9751469802244789,0.8957894736842105,0.07935750654026837,0.7034440719292898,0.6678018575851393,0.7179566563467492,8.649623978596727,8.40232723541522,MG,Sudeste
3137007,2016,hybrid,hybrid_bvr,0.0,0.05055423184502227,0.18172724241413804,0.08130017314654495,0.9494457681549777,0.8182727575858619,0.13117301056911576,0.7940513109670144,0.7455116696588869,0.7921903052064632,9.740615619563487,8.342001622376173,MG,Sudeste
3137403,2016,hybrid,hybrid_bvr,0.0,0.18893667507044343,0.48860156515821707,0.2792087368637956,0.8110633249295566,0.5113984348417829,0.29966489008777364,0.5054790671536948,0.4481850117096019,0.5471311475409836,9.413770891980372,8.910321856108355,MG,Sudeste
3137700,2018,hybrid,hybrid_bvr,0.0,0.2357451828548958,0.27426732170083007,0.24970473052775533,0.7642548171451042,0.72573267829917,0.03852213884593428,0.5033075561352837,0.43934557063048685,0.536512370311253,9.883743923499516,9.056278083027044,MG,Sudeste
3138203,2018,hybrid,hybrid_bvr,0.0,0.025222460877569807,0.08674148276468077,0.05899391715747804,0.9747775391224301,0.9132585172353193,0.06151902188711096,0.49005696012791045,0.3822999386102145,0.5877972948888053,11.431715409544685,9.693008852799542,MG,Sudeste
3138302,2018,hybrid,hybrid_bvr,0.0,0.05222059541239629,0.11294526498696786,0.07399313143927568,0.9477794045876037,0.8870547350130321,0.060724669574571566,0.5596371882086167,0.45196706312900276,0.57548032936871,8.07246736935477,8.871600355276001,MG,Sudeste
3138401,2018,hybrid,hybrid_bvr,0.0,0.18894918598914653,0.22861771058315336,0.2068315377081293,0.8110508140108534,0.7713822894168466,0.039668524594006827,0.6715528460853483,0.5562542258282623,0.7385395537525355,10.842126688074044,9.331879302588236,MG,Sudeste
3138500,2016,hybrid,hybrid_bvr,0.0,0.037037037037037035,0.15586307356154405,0.07384823848238482,0.962962962962963,0.844136926438456,0.11882603652450702,0.5640866873065016,0.4891304347826087,0.5959079283887468,8.584103896698863,9.0705793648793,MG,Sudeste
3138625,2016,hybrid,hybrid_bvr,0.0,0.05704050702672912,0.1308411214953271,0.08350988700564972,0.9429594929732709,0.8691588785046729,0.07380061446859797,0.7377425944841676,0.7144706186901372,0.7626197256018639,8.837826364007704,9.897738109821587,MG,Sudeste
3138674,2016,hybrid,hybrid_bvr,0.0,0.05542725173210162,0.17967332123411978,0.08057395143487858,0.9445727482678984,0.8203266787658803,0.12424606950201816,0.44274214489742925,0.4052486187845304,0.4616022099447514,8.737773460327283,8.928076170377004,MG,Sudeste
3138682,2018,hybrid,hybrid_bvr,0.0,0.07068506414911643,0.1533203125,0.09805825242718447,0.9293149358508835,0.8466796875,0.08263524835088357,0.8721782468484316,0.8332344213649852,0.8756676557863502,8.764053269347762,8.427302673675765,MG,Sudeste
3138807,2018,hybrid,hybrid_bvr,0.0,0.44199305899851266,0.45982676224611707,0.449746192893401,0.5580069410014874,0.5401732377538829,0.017833703247604415,0.46197700260894775,0.41002949852507375,0.5144542772861357,9.769155839740836,9.53964247340209,MG,Sudeste
3138906,2018,hybrid,hybrid_bvr,0.0,0.11793084963816672,0.19680077556955888,0.14583692466816067,0.8820691503618333,0.8031992244304411,0.07886992593139217,0.75973669775096,0.7091265397536394,0.8026315789473685,8.850230965588816,8.531398016151401,MG,Sudeste
3139003,2016,hybrid,hybrid_bvr,0.0,0.026689675007190106,0.0923804780876494,0.053492079644516806,0.9733103249928099,0.9076195219123506,0.0656908030804593,0.32967696955612363,0.2559437956543991,0.36881775461778254,10.56328475341452,9.643839689393662,MG,Sudeste
3139250,2016,hybrid,hybrid_bvr,0.0,0.0426679744973026,0.16906474820143885,0.07919416464050018,0.9573320255026974,0.8309352517985611,0.12639677370413627,0.6853002070393375,0.6611591922370836,0.6915814319433516,8.751632702472298,8.199154656483863,MG,Sudeste
3139300,2018,hybrid,hybrid_bvr,0.0,0.1233170731707317,0.20494880546075087,0.15281135701444423,0.8766829268292683,0.7950511945392491,0.08163173229001916,0.8067762830094669,0.7751898734177215,0.8363544303797469,9.89409356689426,8.558705806939566,MG,Sudeste
3139409,2016,hybrid,hybrid_bvr,0.0,0.037999829724437384,0.08974358974358974,0.05719277602467419,0.9620001702755626,0.9102564102564102,0.05174376001915236,0.5025918527321921,0.3829330504836225,0.5800439427229336,11.284442685310413,9.542694759420405,MG,Sudeste
3139607,2016,hybrid,hybrid_bvr,0.0,0.036272413225859515,0.09269210102095647,0.05767171485390852,0.9637275867741405,0.9073078989790435,0.05641968779509696,0.5537396937573617,0.4710618259152362,0.6379310344827587,10.207694828570066,8.937927261973153,MG,Sudeste
3139706,2018,hybrid,hybrid_bvr,0.0,0.022099447513812154,0.11172925359295317,0.05358306188925081,0.9779005524861879,0.8882707464070468,0.08962980607914102,0.5392800543355218,0.48367029548989116,0.599422350588758,8.876684166614451,9.261832585570039,MG,Sudeste
3140001,2016,hybrid,hybrid_bvr,0.0,0.058682952734997344,0.15039169702110672,0.09795962199312715,0.9413170472650026,0.8496083029788932,0.09170874428610937,0.6565293399742719,0.49845648604269294,0.7310344827586207,10.900786679503748,11.12814924597959,MG,Sudeste
3140100,2016,hybrid,hybrid_bvr,0.0,0.04768892149669846,0.1361731843575419,0.07816257816257816,0.9523110785033015,0.8638268156424581,0.08848426286084343,0.6738336713995943,0.6241694352159468,0.704734219269103,8.347353412124338,8.541822210450349,MG,Sudeste
3140159,2018,hybrid,hybrid_bvr,0.0,0.04176630001594134,0.08784893267651889,0.061905616364615106,0.9582336999840586,0.9121510673234812,0.04608263266057755,0.6136023916292974,0.4431834715553616,0.7507638585770406,9.487365864239434,8.635488190869102,MG,Sudeste
3140209,2018,hybrid,hybrid_bvr,0.0,0.036997319034852545,0.0763016157989228,0.05166051660516605,0.9630026809651474,0.9236983842010772,0.03930429676407026,0.6539961013645225,0.5511391177896268,0.7406689287445468,7.933079771880415,9.033883934634627,MG,Sudeste
3140308,2018,hybrid,hybrid_bvr,0.0,0.035964912280701755,0.09941520467836257,0.06020066889632107,0.9640350877192982,0.9005847953216375,0.06345029239766081,0.6320297951582868,0.4414970930232558,0.7510901162790697,8.297045149081827,8.602162771165084,MG,Sudeste
3140506,2018,hybrid,hybrid_bvr,0.0,0.5407898529835687,0.5205789235639982,0.5326880774307083,0.45921014701643126,0.47942107643600185,-0.02021092941957059,0.5217330342120022,0.4783159673331456,0.6179949310053506,9.442324727955874,9.423323848771004,MG,Sudeste
3140605,2018,hybrid,hybrid_bvr,0.0,0.2264957264957265,0.2748671222475323,0.24077892325315006,0.7735042735042735,0.7251328777524677,0.048371395751805796,0.7835178351783518,0.7376852222667201,0.7825390468562274,8.432724034789787,8.597373162624258,MG,Sudeste
3140704,2018,hybrid,hybrid_bvr,0.0,0.24293785310734464,0.29642248722316866,0.26778225967490715,0.7570621468926554,0.7035775127768313,0.05348463411582402,0.6200540503083639,0.5004119747322164,0.7382587201318319,10.23480366200797,9.582040087412885,MG,Sudeste
3140803,2018,hybrid,hybrid_bvr,0.0,0.18618012422360247,0.2320059824266218,0.20688485670680007,0.8138198757763975,0.7679940175733782,0.04582585820301932,0.6765589782118707,0.5542815320809954,0.759453525250061,9.505618521049591,10.269228458896125,MG,Sudeste
3140902,2016,hybrid,hybrid_bvr,0.0,0.05050212437234453,0.1896659057895829,0.09456435904185312,0.9494978756276554,0.8103340942104171,0.13916378141723837,0.6234187140616833,0.5554371002132196,0.629637526652452,9.777867638611477,9.176642110871843,MG,Sudeste
3141009,2018,hybrid,hybrid_bvr,0.0,0.05366726296958855,0.12537071987058507,0.07893981437183045,0.9463327370304114,0.8746292801294149,0.07170345690099653,0.7262681400612435,0.7119140625,0.7631138392857143,9.448096635658239,8.552330182712524,MG,Sudeste
3141108,2016,hybrid,hybrid_bvr,0.0,0.23400242489559478,0.30659146986253083,0.26917386367546364,0.7659975751044052,0.6934085301374692,0.07258904496693605,0.6362374175633461,0.5031909671084929,0.7446244477172312,10.432791397547891,9.895753406451087,MG,Sudeste
3141207,2018,hybrid,hybrid_bvr,0.0,0.3539783001808318,0.30888345558272207,0.3377906976744186,0.6460216998191681,0.691116544417278,-0.04509484459810975,0.4168053244592346,0.3841145833333333,0.4856770833333333,8.232440158470336,9.219445299625725,MG,Sudeste
3141306,2016,hybrid,hybrid_bvr,0.0,0.04885496183206107,0.15077989601386482,0.08656620711766592,0.9511450381679389,0.8492201039861351,0.10192493418180376,0.4345,0.4313160422670509,0.5192122958693564,8.144388865547622,9.63495885655897,MG,Sudeste
3141405,2018,hybrid,hybrid_bvr,0.0,0.22277904328018222,0.2754253308128544,0.23965114850755437,0.7772209567198178,0.7245746691871455,0.0526462875326722,0.7057515708071532,0.6764276680610954,0.7358692479813211,9.953515046135776,8.641438281696871,MG,Sudeste
3141504,2016,hybrid,hybrid_bvr,0.0,0.06176084099868594,0.17247820672478206,0.09455216989843028,0.938239159001314,0.8275217932752179,0.11071736572609613,0.5888857385880352,0.4755680049797697,0.6629318394024276,8.753213480544126,8.669559668861762,MG,Sudeste
3141603,2018,hybrid,hybrid_bvr,0.0,0.17812561917971073,0.18285331547220363,0.16814056318361648,0.8218743808202893,0.8171466845277964,0.0047276962924928945,0.6570871030690083,0.5988832853025937,0.7139769452449568,9.246479418592056,8.661340298232249,MG,Sudeste
3141801,2018,hybrid,hybrid_bvr,0.0,0.19354400271831465,0.23880405492108303,0.20890821170311877,0.8064559972816854,0.761195945078917,0.04526005220276838,0.7708124373119358,0.7292599420595207,0.788166096040734,10.335075144789863,8.405294930249262,MG,Sudeste
3142007,2016,hybrid,hybrid_bvr,0.0,0.03881726457399103,0.1589717993511355,0.0819436973283127,0.961182735426009,0.8410282006488645,0.12015453477714447,0.8371830985915493,0.8008521165475536,0.8699835074216603,9.475930197953147,8.400419843675829,MG,Sudeste
3142205,2016,hybrid,hybrid_bvr,0.0,0.358141702921069,0.34191355026711995,0.3517764092846992,0.641858297078931,0.65808644973288,-0.016228152653949057,0.5031759182546258,0.42522197558268593,0.5839345172031076,9.53300341332321,9.169685838810086,MG,Sudeste
3142304,2016,hybrid,hybrid_bvr,0.0,0.0830518018018018,0.2279874213836478,0.13365067740754302,0.9169481981981982,0.7720125786163522,0.144935619581846,0.5903431521409049,0.48884260636715265,0.7283546563522761,8.452974619089586,8.784777007465193,MG,Sudeste
3142809,2018,hybrid,hybrid_bvr,0.0,0.062353778862781,0.09264208088366292,0.07334282755049197,0.937646221137219,0.9073579191163371,0.030288302020881924,0.6152235965746907,0.5836520076481836,0.6865200764818356,9.884253763420828,9.512547665615475,MG,Sudeste
3142908,2018,hybrid,hybrid_bvr,0.0,0.3858021856919827,0.36475409836065575,0.37713416352059503,0.6141978143080173,0.6352459016393442,-0.02104808733132696,0.7361199744735163,0.7368291076720448,0.7818570958182417,9.99852496787088,8.421495558185606,MG,Sudeste
3143005,2018,hybrid,hybrid_bvr,0.0,0.415625,0.4597347228801516,0.4322892886494384,0.584375,0.5402652771198484,0.04410972288015158,0.4983268983268983,0.46788136720308554,0.5319856363878175,9.47738596957752,9.343365358165702,MG,Sudeste
3143104,2016,hybrid,hybrid_bvr,0.0,0.07336435806186696,0.14115193787301358,0.09965117901492954,0.9266356419381331,0.8588480621269864,0.06778757981114662,0.6960720939959695,0.6302959295513814,0.753240863222344,10.731427829437605,9.695370791775753,MG,Sudeste
3143153,2018,hybrid,hybrid_bvr,0.0,0.013619854721549637,0.15557476231633535,0.05040322580645161,0.9863801452784504,0.8444252376836646,0.1419549075947857,0.6889179755671903,0.7204830053667263,0.7777280858676208,8.445911989411274,8.203282390152593,MG,Sudeste
3143203,2018,hybrid,hybrid_bvr,0.0,0.2752376188094047,0.2868673050615595,0.2800693240901213,0.7247623811905952,0.7131326949384404,0.01162968625215477,0.3459489993544222,0.3141787941787942,0.408981288981289,9.963358949573518,9.262502178614568,MG,Sudeste
3143302,2016,hybrid,hybrid_bvr,0.0,0.10031961786347751,0.1518393431350739,0.12933149457515544,0.8996803821365225,0.848160656864926,0.0515197252715964,0.6724019539427774,0.5295528290961532,0.8025805464815199,12.799164656606681,9.501774910468406,MG,Sudeste
3143500,2018,hybrid,hybrid_bvr,0.0,0.027388535031847135,0.09064002959674436,0.05037715517241379,0.9726114649681529,0.9093599704032557,0.06325149456489723,0.5637834474175483,0.5253151891134681,0.6085651390834501,9.018574356354229,9.330760750527588,MG,Sudeste
3143708,2018,hybrid,hybrid_bvr,0.0,0.14356213548676536,0.2092414995640802,0.16582765768433522,0.8564378645132347,0.7907585004359198,0.06567936407731484,0.7531340405014465,0.658502119642016,0.754592557701366,8.131236549696116,9.689422991685788,MG,Sudeste
3143906,2018,hybrid,hybrid_bvr,0.0,0.04161229864060165,0.12417946229807637,0.07895247332686713,0.9583877013593983,0.8758205377019236,0.08256716365747473,0.6322982724688389,0.5162207176219269,0.7126072631159709,11.52054635210159,9.400007647806868,MG,Sudeste
3144003,2018,hybrid,hybrid_bvr,0.0,0.3055711873944851,0.3194504079003864,0.31004243281471006,0.6944288126055149,0.6805495920996136,0.013879220505901346,0.5295238095238095,0.4972707423580786,0.6111490174672489,10.190957102406585,8.821601924351153,MG,Sudeste
3144102,2018,hybrid,hybrid_bvr,0.0,0.4496190578388239,0.40987827715355807,0.4300810735253005,0.5503809421611761,0.5901217228464419,-0.03974078068526582,0.49687623566627126,0.4355119480930527,0.5660705807880994,9.924759687811667,9.303356283102167,MG,Sudeste
3144201,2016,hybrid,hybrid_bvr,0.0,0.12058688674919761,0.2869022869022869,0.1711111111111111,0.8794131132508024,0.7130977130977131,0.16631540015308932,0.7711764705882352,0.7352404138770542,0.7888009738283628,8.056426767522984,8.563534485829816,MG,Sudeste
3144300,2018,hybrid,hybrid_bvr,0.0,0.23442763345703682,0.2824251115360102,0.25076202025499,0.7655723665429632,0.7175748884639899,0.047997478078973366,0.5601299582969644,0.4960610536681438,0.6279665189561793,10.617270346696145,9.462847266784642,MG,Sudeste
3144375,2018,hybrid,hybrid_bvr,0.0,0.03612644254892122,0.11642411642411643,0.06220419202163624,0.9638735574510788,0.8835758835758836,0.08029767387519521,0.8070805541303232,0.76025390625,0.82373046875,8.09559870137819,8.789869952492047,MG,Sudeste
3144508,2016,hybrid,hybrid_bvr,0.0,0.1375609756097561,0.4524025385312783,0.24762206721623337,0.8624390243902439,0.5475974614687217,0.3148415629215222,0.6406077956397269,0.5445478723404256,0.6462765957446809,8.981430225767635,9.458376445983205,MG,Sudeste
3144805,2018,hybrid,hybrid_bvr,0.0,0.043666603427559604,0.12534921722629278,0.08817782120175867,0.9563333965724404,0.8746507827737072,0.08168261379873318,0.5447947007422719,0.3360703031378989,0.7431538768807421,11.302179741991715,11.104250935525897,MG,Sudeste
3145000,2018,hybrid,hybrid_bvr,0.0,0.16609614525971125,0.20170212765957446,0.1807355516637478,0.8339038547402887,0.7982978723404255,0.035605982399863206,0.6484037362330963,0.5984879725085911,0.7254982817869415,9.458137510729049,10.783735283135078,MG,Sudeste
3145109,2018,hybrid,hybrid_bvr,0.0,0.15381940419612844,0.2104450733213275,0.17112086158755485,0.8461805958038715,0.7895549266786726,0.05662566912519906,0.49201943095072864,0.43521439420493047,0.5237761420726721,9.640433049909078,9.331883152255601,MG,Sudeste
3145208,2018,hybrid,hybrid_bvr,0.0,0.128105981641505,0.21481481481481482,0.16706753006475486,0.871894018358495,0.7851851851851852,0.08670883317330982,0.4377428189287307,0.3741238317757009,0.5887201453790238,11.207744509564344,9.525982418863924,MG,Sudeste
3145307,2018,hybrid,hybrid_bvr,0.0,0.35726017397651927,0.531230750277196,0.4144961745075696,0.6427398260234807,0.468769249722804,0.17397057630067675,0.7870701294575491,0.742808661926309,0.8161764705882353,10.332831934434235,8.207212817001917,MG,Sudeste
3145356,2016,hybrid,hybrid_bvr,0.0,0.04636324968098681,0.17851815017404277,0.0756256201080366,0.9536367503190132,0.8214818498259573,0.13215490049305595,0.7691008864499789,0.7105146406388643,0.7854924578527063,9.243678431586693,8.296151115530897,MG,Sudeste
3145372,2018,hybrid,hybrid_bvr,0.0,0.09683794466403162,0.12212142358688068,0.10489823305748155,0.9031620553359684,0.8778785764131193,0.02528347892284906,0.6868302799861735,0.5920509936257968,0.7142857142857143,8.50976567558744,8.437187423083271,MG,Sudeste
3145455,2016,hybrid,hybrid_bvr,0.0,0.0749185667752443,0.22246941045606228,0.1261104673619158,0.9250814332247557,0.7775305895439377,0.14755084368081797,0.8632121017058255,0.8536432160804021,0.9067211055276382,8.569216219483389,9.100349190553805,MG,Sudeste
3145604,2018,hybrid,hybrid_bvr,0.0,0.2177854401868639,0.24493220566518994,0.23004409305154325,0.782214559813136,0.7550677943348101,0.027146765478326035,0.49360646623615445,0.3776188042922841,0.6048799182422074,10.583194820729371,9.306493269803068,MG,Sudeste
3145802,2016,hybrid,hybrid_bvr,0.0,0.21861575178997614,0.5071248952221291,0.32319854058984493,0.7813842482100238,0.4928751047778709,0.28850914343215295,0.49516908212560384,0.440354147250699,0.5824790307548928,8.024534871605695,9.089697276431497,MG,Sudeste
3145851,2016,hybrid,hybrid_bvr,0.0,0.1447530864197531,0.4283201407211961,0.21816522136010955,0.855246913580247,0.5716798592788039,0.283567054301443,0.7727741491921623,0.6534410112359551,0.7728230337078652,8.41027590907016,8.721454946625064,MG,Sudeste
3145901,2018,hybrid,hybrid_bvr,0.0,0.03790257795954137,0.09590643274853801,0.06932808171167262,0.9620974220404587,0.904093567251462,0.05800385478899664,0.5782485454274205,0.413004764884247,0.7045771766857583,10.470731316206917,10.96923610540061,MG,Sudeste
3146008,2018,hybrid,hybrid_bvr,0.0,0.16512986555923137,0.22652137778188197,0.19130192139041696,0.8348701344407686,0.773478622218118,0.0613915122226506,0.3570464727154963,0.2998316772547103,0.43307813433241027,10.359899228262396,9.443429235889662,MG,Sudeste
3146107,2018,hybrid,hybrid_bvr,0.0,0.1387199243038659,0.21848165495706479,0.17753498367701823,0.8612800756961341,0.7815183450429353,0.07976173065319889,0.6417356069559345,0.4697742514404458,0.7501652970624351,11.160256770998894,10.875075986239127,MG,Sudeste
3146206,2016,hybrid,hybrid_bvr,0.0,0.072084949969369,0.22333685322069693,0.11408409291384887,0.927915050030631,0.776663146779303,0.15125190325132792,0.708079268292683,0.6540161164543801,0.7330387314790746,8.702177865629675,8.422195462793958,MG,Sudeste
3146404,2016,hybrid,hybrid_bvr,0.0,0.053461274845784786,0.12432847275518036,0.07528409090909091,0.9465387251542152,0.8756715272448197,0.07086719790939558,0.6047587574355585,0.5543442352163859,0.6669970267591675,8.440528106480752,8.992392756378258,MG,Sudeste
3146503,2018,hybrid,hybrid_bvr,0.0,0.07829360100376412,0.11709770114942529,0.09416974169741697,0.9217063989962359,0.8829022988505747,0.03880410014566117,0.4697885196374622,0.39333588663347374,0.504787437763309,8.98894529119609,9.915370747232958,MG,Sudeste
3146552,2018,hybrid,hybrid_bvr,0.0,0.027870342320508938,0.13154831199068684,0.06322067594433399,0.9721296576794911,0.8684516880093132,0.1036779696701779,0.8240104677788682,0.776454576386526,0.8288533514800953,8.688453800850768,8.368437437321777,MG,Sudeste
3146750,2018,hybrid,hybrid_bvr,0.0,0.14803817603393427,0.2887323943661972,0.18033854166666666,0.8519618239660658,0.7112676056338028,0.14069421833226292,0.7648414985590778,0.7006006006006006,0.7444444444444445,8.843759381917984,8.19855548723661,MG,Sudeste
3147006,2018,hybrid,hybrid_bvr,0.0,0.21961194908876747,0.2946678863347989,0.25900820549411346,0.7803880509112325,0.7053321136652011,0.07505593724603143,0.503017879512584,0.4265538001901227,0.6213842741387896,11.347083372820052,9.907460504030025,MG,Sudeste
3147204,2018,hybrid,hybrid_bvr,0.0,0.12412060301507538,0.1674565560821485,0.14177738411573665,0.8758793969849246,0.8325434439178515,0.04333595306707311,0.42861733751104686,0.36126840317100795,0.47176832227794857,9.915663128466262,9.48461736296558,MG,Sudeste
3147402,2018,hybrid,hybrid_bvr,0.0,0.3147078970545063,0.3836703631224179,0.347250823723229,0.6852921029454937,0.6163296368775821,0.06896246606791162,0.6465778316172017,0.5215581326196848,0.7417484388938448,10.024066675494513,9.459599179482812,MG,Sudeste
3147709,2018,hybrid,hybrid_bvr,0.0,0.6209622769369776,0.6905901116427432,0.6494845360824743,0.3790377230630224,0.3094098883572568,0.06962783470576561,0.6443247556353481,0.562767039674466,0.6966429298067142,9.011523512653032,9.351665820845698,MG,Sudeste
3147808,2016,hybrid,hybrid_bvr,0.0,0.06241519674355495,0.2124031007751938,0.1077140169332079,0.937584803256445,0.7875968992248061,0.14998790403163886,0.5364193328795098,0.4325213956550362,0.6695194206714944,7.639642287858013,8.786085110859709,MG,Sudeste
3147907,2018,hybrid,hybrid_bvr,0.0,0.11437102107289147,0.18779843543635072,0.15039445882249977,0.8856289789271086,0.8122015645636493,0.07342741436345925,0.6342112899646655,0.5520836877019901,0.6995237285252593,11.573926486527627,9.491920745217117,MG,Sudeste
3147956,2016,hybrid,hybrid_bvr,0.0,0.09141617601487449,0.26879910213243546,0.1543677702433187,0.9085838239851255,0.7312008978675646,0.17738292611756096,0.7957894736842105,0.7658102766798419,0.8227931488801054,8.626764827845529,8.37563540912909,MG,Sudeste
3148103,2018,hybrid,hybrid_bvr,0.0,0.0844695610572898,0.15091363218088602,0.11553319418050406,0.9155304389427102,0.849086367819114,0.06644407112359622,0.5466293540827702,0.4928289992119779,0.6476415625351796,11.320201995375324,9.651699685646232,MG,Sudeste
3148202,2018,hybrid,hybrid_bvr,0.0,0.03494889548302011,0.07811806480248558,0.053328290468986385,0.9650511045169798,0.9218819351975144,0.04316916931946547,0.5697346132128741,0.5063220005619556,0.6066310761449846,8.57300625623545,8.9357492133524,MG,Sudeste
3148301,2018,hybrid,hybrid_bvr,0.0,0.026839158138636802,0.09940357852882704,0.050545738045738045,0.9731608418613632,0.9005964214711729,0.07256442039019025,0.7193248625071117,0.6539504260263361,0.749419054996127,9.134646527606982,8.5380928836983,MG,Sudeste
3148400,2018,hybrid,hybrid_bvr,0.0,0.11982881597717546,0.27009413468501087,0.16925280496538553,0.8801711840228246,0.7299058653149891,0.1502653187078354,0.693369106937524,0.6307977736549165,0.7332096474953618,8.500657222776137,8.523961612497285,MG,Sudeste
3148509,2016,hybrid,hybrid_bvr,0.0,0.05198019801980198,0.12281690140845071,0.0721285140562249,0.948019801980198,0.8771830985915493,0.07083670338864873,0.644251116858688,0.6286485160657346,0.673289183222958,9.058237593766226,8.499195431049197,MG,Sudeste
3148608,2016,hybrid,hybrid_bvr,0.0,0.05106977744328567,0.16603144354454502,0.08666075125702455,0.9489302225567143,0.833968556455455,0.11496166610125935,0.6772763900080581,0.6240405880057239,0.7180954858852608,9.756146964637418,8.677963199626607,MG,Sudeste
3149150,2018,hybrid,hybrid_bvr,0.0,0.1596142491635505,0.21628498727735368,0.17933673469387756,0.8403857508364495,0.7837150127226463,0.05667073811380319,0.8696023941855494,0.8304319793681496,0.8766387277025575,9.241354425505353,8.286556781614204,MG,Sudeste
3149309,2018,hybrid,hybrid_bvr,0.0,0.1531303640798627,0.24429305605354368,0.20121294085328487,0.8468696359201373,0.7557069439464563,0.09116269197368099,0.5765273986982994,0.4146618181818182,0.7315781818181818,10.980876204752612,9.868967656084475,MG,Sudeste
3149507,2018,hybrid,hybrid_bvr,0.0,0.09835164835164835,0.11699779249448124,0.10632274300094369,0.9016483516483517,0.8830022075055187,0.018646144142832888,0.5826810176125244,0.44805825242718444,0.6344660194174757,8.059908334578276,8.937357528150757,MG,Sudeste
3149606,2016,hybrid,hybrid_bvr,0.0,0.1468094600624721,0.3342618384401114,0.22001631765025836,0.8531905399375279,0.6657381615598885,0.1874523783776393,0.5912774990351216,0.4835368109507954,0.6226415094339622,8.312871394342615,8.933330620511516,MG,Sudeste
3149705,2018,hybrid,hybrid_bvr,0.0,0.05204382638010956,0.09935897435897435,0.0707840894649892,0.9479561736198905,0.9006410256410257,0.04731514797886479,0.4329140461215933,0.3761546723952739,0.5340494092373792,9.095153962167066,9.045415974829837,MG,Sudeste
3149903,2018,hybrid,hybrid_bvr,0.0,0.4448209646447532,0.44424176091450807,0.44412590685700915,0.5551790353552468,0.5557582390854919,-0.0005792037302451147,0.546817727424192,0.4636984568682014,0.6277089130618096,9.907828118634548,9.528079681851906,MG,Sudeste
3149952,2016,hybrid,hybrid_bvr,0.0,0.039127501686530244,0.14339445228020686,0.07277423275600121,0.9608724983134698,0.8566055477197931,0.10426695059367662,0.5640898987404297,0.49666837519220913,0.5753459764223475,8.85879510585745,8.815590813324079,MG,Sudeste
3150000,2016,hybrid,hybrid_bvr,0.0,0.08662092624356775,0.2223926380368098,0.13520197856553998,0.9133790737564322,0.7776073619631902,0.13577171179324204,0.5784856879039705,0.5092812946216088,0.6149452641599239,8.325548307161398,8.670720753557948,MG,Sudeste
3150158,2016,hybrid,hybrid_bvr,0.0,0.11953612845673506,0.31264367816091954,0.16508022844710363,0.8804638715432649,0.6873563218390805,0.19310754970418448,0.6050380228136882,0.5680517541677034,0.6364767355063449,8.869257522797287,8.73533974969795,MG,Sudeste
3150406,2018,hybrid,hybrid_bvr,0.0,0.30840258541089566,0.31666666666666665,0.31067547411037716,0.6915974145891044,0.6833333333333333,0.008264081255770994,0.6204403549129149,0.5512820512820513,0.6763686763686764,8.442469645220301,8.671540896167786,MG,Sudeste
3150539,2016,hybrid,hybrid_bvr,0.0,0.08463949843260188,0.2214765100671141,0.13133165253266102,0.9153605015673981,0.7785234899328859,0.13683701163451223,0.7782071097372488,0.7085148514851485,0.7984158415841585,8.393894975071744,8.63592097924597,MG,Sudeste
3150570,2018,hybrid,hybrid_bvr,0.0,0.0876905041031653,0.17202174987642116,0.11476712764266413,0.9123094958968347,0.8279782501235788,0.08433124577325586,0.8091624508150647,0.7763873775843307,0.8294341675734495,8.88336291691676,8.401782184262899,MG,Sudeste
3150604,2018,hybrid,hybrid_bvr,0.0,0.03699897225077081,0.08732116428219043,0.054204660587639314,0.9630010277492291,0.9126788357178096,0.05032219203141962,0.6796000952154249,0.6078863580700465,0.7252020573108009,8.764990330169104,8.963163041102723,MG,Sudeste
3150703,2018,hybrid,hybrid_bvr,0.0,0.0809903483004616,0.16326530612244897,0.11533772250670568,0.9190096516995384,0.8367346938775511,0.08227495782198736,0.572851805728518,0.5345257903494176,0.589018302828619,8.445911989411274,10.236348095652213,MG,Sudeste
3150802,2016,hybrid,hybrid_bvr,0.0,0.03344152650732763,0.13701067615658363,0.05920566957035287,0.9665584734926723,0.8629893238434163,0.10356914964925601,0.6663216011042098,0.5830698126976405,0.6765993675504743,9.75452339939617,8.430574241848396,MG,Sudeste
3151107,2018,hybrid,hybrid_bvr,0.0,0.41755568032940293,0.46221400508435406,0.43744830438378823,0.5824443196705971,0.5377859949156459,0.04465832475495113,0.7024924362483792,0.6110392410521777,0.7237314934598247,9.246093541682,10.454570596196433,MG,Sudeste
3151206,2018,hybrid,hybrid_bvr,0.0,0.2494922668333073,0.28031254360262314,0.2656484050782113,0.7505077331666927,0.7196874563973769,0.03082027676931584,0.5814818949797179,0.46169302325581396,0.693506976744186,10.88496659438935,9.97916405480847,MG,Sudeste
3151404,2018,hybrid,hybrid_bvr,0.0,0.4049279826071202,0.4594814438230808,0.4303839892751125,0.5950720173928798,0.5405185561769192,0.05455346121596061,0.43315327481431465,0.3575761571937228,0.5542661215877621,10.138994362833737,9.203525691123193,MG,Sudeste
3151602,2018,hybrid,hybrid_bvr,0.0,0.07320613853172957,0.13418625409104434,0.09814453125,0.9267938614682705,0.8658137459089557,0.060980115559314776,0.6029789419619929,0.5238589211618258,0.6509336099585062,9.248021438943871,10.293939393488817,MG,Sudeste
3151701,2018,hybrid,hybrid_bvr,0.0,0.23349029516480993,0.2403308197518852,0.23557392389270118,0.7665097048351901,0.7596691802481148,0.006840524587075264,0.49597882520614883,0.45851163761611524,0.5296941864106043,9.677778212399186,9.147600678955492,MG,Sudeste
3151800,2016,hybrid,hybrid_bvr,0.0,0.08233651213641291,0.12885163180597378,0.10690755432907899,0.9176634878635871,0.8711483681940262,0.04651511966956087,0.4535093279640056,0.3517956961747835,0.5713224458977263,11.93449355465979,10.108414156082757,MG,Sudeste
3151909,2016,hybrid,hybrid_bvr,0.0,0.08675630871247007,0.1908713692946058,0.11641673243883188,0.9132436912875299,0.8091286307053942,0.10411506058213572,0.5890487759297328,0.5365109628217349,0.6108674928503337,9.103423089630105,8.504290364680006,MG,Sudeste
3152006,2018,hybrid,hybrid_bvr,0.0,0.41107176411071766,0.42799023596419855,0.41801132043592126,0.5889282358892823,0.5720097640358015,0.016918471853480888,0.6668140754311707,0.6163810022242575,0.7130707837236687,10.278665259705836,9.396842036373567,MG,Sudeste
3152170,2018,hybrid,hybrid_bvr,0.0,0.03128640372774172,0.13097409704487414,0.062364610648728766,0.9687135962722583,0.8690259029551258,0.09968769331713243,0.7101226993865031,0.6827476672622593,0.7252332737740719,9.336532397213942,8.516399575572812,MG,Sudeste
3152204,2018,hybrid,hybrid_bvr,0.0,0.03401429512850408,0.10750823651812035,0.061044561571633925,0.9659857048714959,0.8924917634818796,0.07349394138961626,0.7687087833317404,0.7387088795448924,0.8064308681672026,10.535477156784617,8.421696957682316,MG,Sudeste
3152303,2016,hybrid,hybrid_bvr,0.0,0.06054346098839981,0.16170861937452327,0.09027699899069194,0.9394565390116002,0.8382913806254767,0.10116515838612347,0.705716434749906,0.6479952830188679,0.7285770440251572,9.251194365984448,8.593837748157917,MG,Sudeste
3152402,2016,hybrid,hybrid_bvr,0.0,0.04338612536248048,0.14836479659664983,0.07425121530500235,0.9566138746375196,0.8516352034033502,0.10497867123416935,0.6506352087114338,0.6014335948066,0.6783878820665404,9.659311868393488,8.490399694762065,MG,Sudeste
3152501,2016,hybrid,hybrid_bvr,0.0,0.03885917249836149,0.09635262423813983,0.0687501873370168,0.9611408275016385,0.9036473757618602,0.05749345173977834,0.4353976962628903,0.3361761403209529,0.5557829801145652,11.780009343746803,10.08206562101907,MG,Sudeste
3152600,2018,hybrid,hybrid_bvr,0.0,0.03613148600923662,0.08826583592938733,0.05397221232632704,0.9638685139907633,0.9117341640706127,0.05213434992015071,0.34513052208835343,0.33113087674714103,0.48792884371029227,8.734399150063695,9.33731968501424,MG,Sudeste
3152709,2018,hybrid,hybrid_bvr,0.0,0.11103351955307263,0.21287519747235387,0.14637660279498632,0.8889664804469274,0.7871248025276462,0.10184167791928124,0.49190751445086706,0.4380016051364366,0.5511637239165329,9.03491498187007,8.904968086155273,MG,Sudeste
3152808,2018,hybrid,hybrid_bvr,0.0,0.23134154847709834,0.25182739919830227,0.2392767031118587,0.7686584515229017,0.7481726008016978,0.02048585072120393,0.6247917823431427,0.6092643051771117,0.68283378746594,10.158207287285082,9.951042276596066,MG,Sudeste
3153103,2016,hybrid,hybrid_bvr,0.0,0.08220954356846473,0.19319429198682767,0.11778169014084507,0.9177904564315352,0.8068057080131723,0.11098474841836294,0.6583044982698962,0.6031570202160067,0.6624203821656051,8.619208116822968,8.346042527174646,MG,Sudeste
3153202,2016,hybrid,hybrid_bvr,0.0,0.15890125173852573,0.4523809523809524,0.2580496780128795,0.8410987482614742,0.5476190476190477,0.2934797006424267,0.7793296089385475,0.7051823416506718,0.7689059500959693,8.270781013162674,8.775612988794078,MG,Sudeste
3153707,2018,hybrid,hybrid_bvr,0.0,0.29200968523002424,0.29814665592264306,0.294313369630974,0.7079903147699758,0.7018533440773569,0.006136970692618815,0.501937984496124,0.4640552995391705,0.5410138248847927,8.10258642539079,9.18783655205792,MG,Sudeste
3153806,2018,hybrid,hybrid_bvr,0.0,0.08817635270541083,0.13577586206896552,0.10639175257731959,0.9118236472945892,0.8642241379310345,0.0475995093635547,0.7357280307889673,0.6347769877181642,0.7879767291531997,7.528869256642251,9.015343442155094,MG,Sudeste
3153905,2018,hybrid,hybrid_bvr,0.0,0.029691032403918613,0.08304668304668304,0.055202697404532264,0.9703089675960814,0.9169533169533169,0.05335565064276443,0.7274241919360214,0.5043845404352062,0.8517917072642633,9.63834944451924,8.358034992039768,MG,Sudeste
3154150,2016,hybrid,hybrid_bvr,0.0,0.06535471331389699,0.16276202219482122,0.09285714285714286,0.934645286686103,0.8372379778051788,0.09740730888092423,0.5630482456140351,0.45690376569037655,0.60139470013947,8.790116892892472,8.885786477263089,MG,Sudeste
3154200,2018,hybrid,hybrid_bvr,0.0,0.5179159403447609,0.5015031429352282,0.4916048844308766,0.48208405965523915,0.49849685706477176,-0.01641279740953261,0.5637543383129622,0.4743276283618582,0.6033007334963325,9.29771001811309,8.775666029403522,MG,Sudeste
3154309,2016,hybrid,hybrid_bvr,0.0,0.08696155627605373,0.20184835118672548,0.12748529302256312,0.9130384437239463,0.7981516488132745,0.11488679491067175,0.4168640964893388,0.3202049311559398,0.5152097342299071,9.746190260646909,9.195893963761362,MG,Sudeste
3154457,2018,hybrid,hybrid_bvr,0.0,0.18872832369942197,0.2214174857734092,0.19977822953243393,0.8112716763005781,0.7785825142265907,0.03268916207398723,0.796,0.7502102607232969,0.8093636108774881,8.988071438072634,8.703648401780622,MG,Sudeste
3154507,2018,hybrid,hybrid_bvr,0.0,0.020097560975609757,0.13376835236541598,0.056807697377092396,0.9799024390243902,0.866231647634584,0.11367079138980622,0.8155179529508874,0.7864259028642591,0.8569946035699461,9.144200569471638,8.192657971285254,MG,Sudeste
3154606,2018,hybrid,hybrid_bvr,0.0,0.08080798877489659,0.14163006974941875,0.1086138628507749,0.9191920112251034,0.8583699302505813,0.06082208097452216,0.6961891489259455,0.4883937661524003,0.8130863810791761,12.599185106198638,8.674338006956251,MG,Sudeste
3154705,2018,hybrid,hybrid_bvr,0.0,0.026187576126674786,0.09124767225325885,0.05838967424708052,0.9738124238733252,0.9087523277467412,0.06506009612658406,0.5390334572490706,0.38004846526655894,0.6296445880452343,8.249575150000199,9.545299254361236,MG,Sudeste
3154804,2018,hybrid,hybrid_bvr,0.0,0.034845360824742266,0.08015728977616456,0.05321235899950957,0.9651546391752577,0.9198427102238355,0.04531192895142229,0.55767397521449,0.3400586940572267,0.7397285399853265,9.114930187171524,9.794306031421105,MG,Sudeste
3154903,2018,hybrid,hybrid_bvr,0.0,0.43979982337356494,0.5127936241610739,0.46977950713359273,0.5602001766264351,0.4872063758389261,0.07299380078750894,0.6223961621007449,0.5449816013196295,0.6712346148965868,9.561067663645012,9.152618458790478,MG,Sudeste
3155009,2018,hybrid,hybrid_bvr,0.0,0.03966597077244259,0.11936936936936937,0.06995708154506437,0.9603340292275574,0.8806306306306306,0.07970339859692678,0.5402298850574713,0.5034182722187694,0.6078309509011809,7.80994708647679,8.80491583099648,MG,Sudeste
3155108,2018,hybrid,hybrid_bvr,0.0,0.22520729684908788,0.4238358326756117,0.28378063010501753,0.7747927031509121,0.5761641673243882,0.19862853582652382,0.7873706742775598,0.7368618618618619,0.7871621621621622,8.559677803022392,8.509535036962127,MG,Sudeste
3155306,2018,hybrid,hybrid_bvr,0.0,0.047269243053337594,0.13278008298755187,0.07418721361553568,0.9527307569466624,0.8672199170124482,0.08551083993421427,0.6913265306122449,0.5861848417013111,0.7815797889350815,8.570923513837204,9.04516439024144,MG,Sudeste
3155405,2016,hybrid,hybrid_bvr,0.0,0.3320659062103929,0.3309750845893571,0.3313888888888889,0.6679340937896071,0.6690249154106429,-0.001090821621035798,0.5547892720306513,0.4688588007736944,0.6636363636363637,9.072456664612796,8.793899269460725,MG,Sudeste
3155504,2016,hybrid,hybrid_bvr,0.0,0.1056210335448776,0.17073871802242024,0.12804515745692216,0.8943789664551224,0.8292612819775798,0.06511768447754264,0.6117798106242979,0.6072887726752737,0.697989867625429,9.383032379794294,10.063360156508212,MG,Sudeste
3155603,2018,hybrid,hybrid_bvr,0.0,0.44374723165510116,0.5132302185862201,0.4690745765883784,0.5562527683448988,0.4867697814137799,0.06948298693111893,0.7319473216928085,0.6557604753453199,0.7575430202947758,10.278459088307951,8.500818751065799,MG,Sudeste
3155702,2018,hybrid,hybrid_bvr,0.0,0.07088542337930145,0.1328141443906546,0.09405112686151151,0.9291145766206985,0.8671858556093455,0.06192872101135313,0.6684554363042464,0.5266596663166492,0.6925679617314199,9.557399229195953,10.327878609133478,MG,Sudeste
3155801,2018,hybrid,hybrid_bvr,0.0,0.1376664736537348,0.18598954931417375,0.1471520101387031,0.8623335263462653,0.8140104506858262,0.04832307566043895,0.5473075752966231,0.4556949013157895,0.643811677631579,9.747418366886238,9.023940375216693,MG,Sudeste
3155900,2016,hybrid,hybrid_bvr,0.0,0.20616883116883117,0.23333333333333334,0.21727447216890594,0.7938311688311688,0.7666666666666666,0.02716450216450217,0.6678378378378378,0.5872455902306648,0.7478968792401628,8.573951525234847,8.789191692621129,MG,Sudeste
3156007,2018,hybrid,hybrid_bvr,0.0,0.5069551777434312,0.6277263220794742,0.5431399010346378,0.49304482225656876,0.3722736779205258,0.12077114433604297,0.7397399087991893,0.6906976744186046,0.7593023255813953,9.521128433142438,8.395354673334158,MG,Sudeste
3156106,2016,hybrid,hybrid_bvr,0.0,0.3996615905245347,0.631979695431472,0.48036187113857015,0.6003384094754654,0.36802030456852797,0.23231810490693733,0.49923803718378545,0.41383532292623204,0.5329048056320783,8.502079553606189,8.729155685300778,MG,Sudeste
3156205,2018,hybrid,hybrid_bvr,0.0,0.13651877133105803,0.2013498312710911,0.16100254885301615,0.863481228668942,0.7986501687289089,0.06483105994003308,0.5859580052493438,0.4648257725180802,0.631163708086785,7.65728279297819,8.767635573959295,MG,Sudeste
3156304,2016,hybrid,hybrid_bvr,0.0,0.11437084574833829,0.21632251720747295,0.146741678387248,0.8856291542516617,0.783677482792527,0.10195167145913465,0.6691015339663988,0.6110407698151431,0.7260065839453026,8.834482608620677,10.496547250709975,MG,Sudeste
3156502,2018,hybrid,hybrid_bvr,0.0,0.13979895755770663,0.18190045248868777,0.15207069374835136,0.8602010424422933,0.8180995475113122,0.04210149493098114,0.7357427833841821,0.7001455604075691,0.7590975254730713,8.95828281049733,8.300558263729416,MG,Sudeste
3156601,2018,hybrid,hybrid_bvr,0.0,0.0338839474798814,0.13173985547526404,0.06076840655135466,0.9661160525201186,0.868260144524736,0.09785590799538263,0.5356494096276113,0.4919260472735783,0.561198221390124,9.202207388745993,8.449200784256934,MG,Sudeste
3156700,2018,hybrid,hybrid_bvr,0.0,0.07188344915424665,0.1381990201047474,0.10583668556930183,0.9281165508457534,0.8618009798952526,0.06631557095050077,0.5899367971763934,0.3580311455412449,0.7919300413478447,11.746169830863867,9.282211725540611,MG,Sudeste
3156809,2018,hybrid,hybrid_bvr,0.0,0.5788784067085954,0.6819433516915814,0.619695064445143,0.42112159329140464,0.3180566483084186,0.10306494498298602,0.7622591362126245,0.6926117775354417,0.7847600872410033,9.661670735956298,8.71764620005476,MG,Sudeste
3156908,2018,hybrid,hybrid_bvr,0.0,0.1582047685834502,0.24240339410618048,0.19575168441084195,0.8417952314165498,0.7575966058938195,0.08419862552273027,0.43698218344453404,0.4026972157772622,0.5063080046403712,10.081466359895945,10.076084627594451,MG,Sudeste
3157005,2018,hybrid,hybrid_bvr,0.0,0.35936005102583185,0.36967302030063537,0.36351027613163533,0.6406399489741681,0.6303269796993647,0.010312969274803518,0.6413516553376694,0.5831468673718471,0.7228437754271766,10.575870643743345,8.940992773082908,MG,Sudeste
3157252,2016,hybrid,hybrid_bvr,0.0,0.05937972768532526,0.2021505376344086,0.09643605870020965,0.9406202723146747,0.7978494623655914,0.14277080994908334,0.5918897323212146,0.5565324064608465,0.670415048047434,8.94663520890585,8.489716832765076,MG,Sudeste
3157336,2016,hybrid,hybrid_bvr,0.0,0.19029374201787994,0.4089191232048375,0.2783363802559415,0.80970625798212,0.5910808767951625,0.21862538118695754,0.4927385892116183,0.37562709030100333,0.5687709030100334,8.970177815492379,8.612907843534169,MG,Sudeste
3157377,2018,hybrid,hybrid_bvr,0.0,0.12624798711755233,0.2541699761715647,0.16315307057745188,0.8737520128824476,0.7458300238284352,0.1279219890540124,0.8682656826568266,0.838479809976247,0.8650039588281868,8.388677769180811,8.539903554754689,MG,Sudeste
3157401,2018,hybrid,hybrid_bvr,0.0,0.044177881802223526,0.11365260900643316,0.06418219461697723,0.9558221181977765,0.8863473909935669,0.06947472720420964,0.7809553739786298,0.7270151133501259,0.7969143576826196,8.515591910049263,8.674258575407283,MG,Sudeste
3157658,2018,hybrid,hybrid_bvr,0.0,0.10532579589407914,0.19767441860465115,0.13521070501298182,0.8946742041059208,0.8023255813953488,0.09234862271057201,0.6545998007306543,0.5955093833780161,0.6437667560321716,8.708639655987193,8.251798741892925,MG,Sudeste
3157708,2018,hybrid,hybrid_bvr,0.0,0.07664233576642336,0.1403750689464975,0.10198704577889998,0.9233576642335767,0.8596249310535025,0.06373273318007415,0.6132615281050151,0.5784723382918269,0.6525154604713355,9.335826992017598,10.013646013031847,MG,Sudeste
3157807,2016,hybrid,hybrid_bvr,0.0,0.05609514370664024,0.11593339532721143,0.08258166157660596,0.9439048562933597,0.8840666046727885,0.059838251620571194,0.6206178311236233,0.4139120463067458,0.7891077214314318,12.220675502914107,9.304973909317201,MG,Sudeste
3157906,2016,hybrid,hybrid_bvr,0.0,0.05672199626250412,0.15446910617876425,0.08288447624407107,0.9432780037374959,0.8455308938212358,0.09774710991626012,0.5680264357338195,0.5010543580131209,0.5690018744142455,9.616538544660177,9.24111243438718,MG,Sudeste
3158201,2018,hybrid,hybrid_bvr,0.0,0.27667114750091654,0.3790745384089355,0.3123856495107788,0.7233288524990835,0.6209254615910644,0.10240339090801898,0.7611548556430446,0.7079351288734433,0.7833767738198668,9.574636203046277,8.485504996150917,MG,Sudeste
3158300,2018,hybrid,hybrid_bvr,0.0,0.03446295232624928,0.08955223880597014,0.056881665820213305,0.9655370476737507,0.9104477611940298,0.05508928647972086,0.6160383525822619,0.5519894482303803,0.6473950318751374,8.886132618174951,9.42373946254586,MG,Sudeste
3158904,2016,hybrid,hybrid_bvr,0.0,0.07417893544733861,0.1729758149316509,0.10015258704397281,0.9258210645526614,0.8270241850683491,0.09879687948431229,0.6514129059468579,0.6325262481251339,0.6989500749946432,9.05742226555147,8.672568276994125,MG,Sudeste
3158953,2018,hybrid,hybrid_bvr,0.0,0.043086703160868794,0.12771767671463083,0.0816756938120117,0.9569132968391312,0.8722823232853691,0.08463097355376203,0.6389764509549416,0.5078280671790493,0.7349843438656419,10.213359107360162,9.22275519429086,MG,Sudeste
3159209,2018,hybrid,hybrid_bvr,0.0,0.23185571490656237,0.2920250195465207,0.25303389594085646,0.7681442850934377,0.7079749804534793,0.06016930463995834,0.5043448036148767,0.4223940938653542,0.5299701177711372,9.107975365298154,9.182380268977973,MG,Sudeste
3159357,2016,hybrid,hybrid_bvr,0.0,0.07055503292568203,0.1901770416904626,0.1053069372816503,0.929444967074318,0.8098229583095374,0.11962200876478056,0.5876207887176809,0.48407813754348405,0.6657746855766657,8.786762208441091,9.043093258700438,MG,Sudeste
3159902,2018,hybrid,hybrid_bvr,0.0,0.19992821249102657,0.18255188316679477,0.19290498270405534,0.8000717875089735,0.8174481168332053,-0.017376329324231804,0.7162654258547441,0.6615844236118266,0.7412176779643557,9.76105955940385,8.704823969379344,MG,Sudeste
3160009,2018,hybrid,hybrid_bvr,0.0,0.2017167381974249,0.20659163987138263,0.20324294101202126,0.7982832618025751,0.7934083601286174,0.004874901673957738,0.5656354515050167,0.47966804979253114,0.5991701244813278,8.17131687471973,8.950164214963678,MG,Sudeste
3160108,2018,hybrid,hybrid_bvr,0.0,0.08046845485455233,0.17513267626990145,0.11192336778421981,0.9195315451454477,0.8248673237300985,0.09466422141534912,0.6052018633540373,0.5045009784735812,0.5784735812133073,8.315077007294104,8.76206230460402,MG,Sudeste
3160207,2018,hybrid,hybrid_bvr,0.0,0.06254248810333107,0.13510520487264674,0.07956318252730109,0.9374575118966689,0.8648947951273532,0.07256271676931567,0.7777246653919694,0.7389232968080038,0.8356360171510243,8.327242607457793,8.460936284461923,MG,Sudeste
3160405,2016,hybrid,hybrid_bvr,0.0,0.24914285714285714,0.19980094550883304,0.2286891578676281,0.7508571428571429,0.800199054491167,-0.0493419116340241,0.3853978789409134,0.32295748077202147,0.46626033957335655,10.164889815967427,9.216289914523413,MG,Sudeste
3160454,2018,hybrid,hybrid_bvr,0.0,0.10409556313993173,0.21447578499201703,0.13870320855614973,0.8959044368600683,0.785524215007983,0.11038022185208529,0.8358126721763085,0.7517301038062284,0.8053633217993079,8.847216104357543,8.27375156298805,MG,Sudeste
3160702,2018,hybrid,hybrid_bvr,0.0,0.045616818722729074,0.11508167256964635,0.07912419202370916,0.954383181277271,0.8849183274303536,0.06946485384691728,0.6694670059608883,0.5111597070359957,0.7492797389704606,10.742551607996228,9.318065215116025,MG,Sudeste
3160900,2018,hybrid,hybrid_bvr,0.0,0.05751115518096182,0.08957312806158152,0.070663191427744,0.9424888448190382,0.9104268719384185,0.032061972880619696,0.5570530098831986,0.4574266792809839,0.6532639545884579,8.164225652265827,9.371420749462937,MG,Sudeste
3161056,2016,hybrid,hybrid_bvr,0.0,0.10047846889952153,0.2557741659538067,0.14980967917346383,0.8995215311004785,0.7442258340461934,0.15529569705428517,0.6042074363992173,0.5159680638722555,0.6996007984031936,8.126222529458525,8.861491445175519,MG,Sudeste
3161106,2018,hybrid,hybrid_bvr,0.0,0.2751844755187737,0.3193544366899302,0.29252370981647985,0.7248155244812263,0.6806455633100699,0.04416996117115651,0.7912465045335141,0.7490071485305798,0.823544166213787,10.893549056861431,8.440466053219184,MG,Sudeste
3161205,2018,hybrid,hybrid_bvr,0.0,0.061850311850311854,0.1525844930417495,0.09298754478757891,0.9381496881496881,0.8474155069582505,0.09073418119143765,0.650354609929078,0.5522352378675591,0.6679416686588573,8.776938645174996,8.961257866385678,MG,Sudeste
3161304,2018,hybrid,hybrid_bvr,0.0,0.1921440261865794,0.22343655130540377,0.2030618753986817,0.8078559738134206,0.7765634486945963,0.03129252511882438,0.7038575667655786,0.6913095956547979,0.7398913699456849,8.661466680572662,9.597341983453159,MG,Sudeste
3161403,2018,hybrid,hybrid_bvr,0.0,0.12575919971418364,0.16781292984869325,0.13974208675263775,0.8742408002858164,0.8321870701513068,0.04205373013450961,0.7045157068062827,0.634097706879362,0.7175141242937854,8.552174160311482,8.690428920610284,MG,Sudeste
3161502,2018,hybrid,hybrid_bvr,0.0,0.07683790965456155,0.12044817927170869,0.09085448265505332,0.9231620903454385,0.8795518207282913,0.04361026961714713,0.6729323308270677,0.5871080139372822,0.705574912891986,9.236300473645715,9.090871467048924,MG,Sudeste
3161601,2018,hybrid,hybrid_bvr,0.0,0.03245283018867925,0.09490196078431372,0.05269857433808554,0.9675471698113207,0.9050980392156863,0.06244913059563447,0.7336468576314664,0.6404245908889872,0.7191508182220256,8.386856689688234,8.522601189326986,MG,Sudeste
3161650,2018,hybrid,hybrid_bvr,0.0,0.11069063386944182,0.1855072463768116,0.1352810416005081,0.8893093661305582,0.8144927536231884,0.07481661250736978,0.6579476861167002,0.5646397547266224,0.6668369954011242,8.156510226079966,8.639212793780262,MG,Sudeste
3161809,2016,hybrid,hybrid_bvr,0.0,0.1371689497716895,0.38842105263157894,0.2231563776122988,0.8628310502283105,0.611578947368421,0.2512521028598894,0.567406889316314,0.4941586748038361,0.6486486486486487,9.24936875894366,9.189338526193382,MG,Sudeste
3162005,2016,hybrid,hybrid_bvr,0.0,0.17468676230252406,0.2095125786163522,0.18846627079655487,0.8253132376974759,0.7904874213836478,0.03482581631382814,0.43155538977993285,0.3497037037037037,0.48244444444444445,10.081884752437926,9.572958467003433,MG,Sudeste
3162104,2018,hybrid,hybrid_bvr,0.0,0.3245619878755579,0.3371357276535068,0.3297896662094193,0.6754380121244421,0.6628642723464933,0.0125737397779489,0.36705461056401073,0.35053336641032,0.4663234929297941,10.367818874622333,9.293014228710623,MG,Sudeste
3162401,2018,hybrid,hybrid_bvr,0.0,0.2273673894401568,0.3268370607028754,0.25463229115995223,0.7726326105598432,0.6731629392971246,0.09946967126271858,0.8113596457744866,0.766496282527881,0.8310099132589839,10.140849541087894,8.305440468370891,MG,Sudeste
3162450,2018,hybrid,hybrid_bvr,0.0,0.03439275295562721,0.14177215189873418,0.06301339034544841,0.9656072470443728,0.8582278481012658,0.10737939894310697,0.8252349530093981,0.8065861690450055,0.8401756311745335,9.368625350941896,8.086416841505976,MG,Sudeste
3162559,2016,hybrid,hybrid_bvr,0.0,0.0983580922595778,0.2607003891050584,0.14143037538744116,0.9016419077404222,0.7392996108949417,0.16234229684548057,0.6495343839541547,0.5883733525907203,0.678281278209063,9.234545060673,9.038864617877005,MG,Sudeste
3162575,2016,hybrid,hybrid_bvr,0.0,0.05880689850155499,0.1701492537313433,0.09449875407322215,0.941193101498445,0.8298507462686567,0.1113423552297883,0.643344709897611,0.564993954050786,0.6429866989117291,8.554103545436334,8.61032816073583,MG,Sudeste
3162609,2016,hybrid,hybrid_bvr,0.0,0.0478369384359401,0.14402407566638006,0.07914273707802214,0.9521630615640599,0.8559759243336199,0.09618713723043996,0.6411994249332512,0.5619144602851324,0.6863543788187373,8.971321471503682,8.556321092384678,MG,Sudeste
3162708,2018,hybrid,hybrid_bvr,0.0,0.02820491735876984,0.14141622066694112,0.06050992832804606,0.9717950826412302,0.8585837793330588,0.11321130330817128,0.6366021349737652,0.5818373812038015,0.6645867332245368,10.013193612624185,8.504604767607567,MG,Sudeste
3162807,2018,hybrid,hybrid_bvr,0.0,0.2982502651113468,0.3341984428029547,0.3122463595130103,0.7017497348886532,0.6658015571970453,0.03594817769160791,0.6607474158494566,0.6025745257452575,0.7088075880758807,9.65200882504456,8.607081969539047,MG,Sudeste
3162906,2018,hybrid,hybrid_bvr,0.0,0.255393180236604,0.23460246360582307,0.24606279956959798,0.7446068197633959,0.765397536394177,-0.020790716630780942,0.5804190999656476,0.4575336872192732,0.7074996597250578,10.128908508594378,9.110560385870903,MG,Sudeste
3162955,2018,hybrid,hybrid_bvr,0.0,0.19001770694997785,0.27005019520356943,0.22981228479395757,0.8099822930500221,0.7299498047964306,0.08003248825359158,0.6527634740817028,0.46587366694011484,0.7821985233798195,9.8933867103567,9.800985046288147,MG,Sudeste
3163102,2016,hybrid,hybrid_bvr,0.0,0.1510353227771011,0.3897569444444444,0.226983688139342,0.8489646772228989,0.6102430555555556,0.23872162166734331,0.5730877052462956,0.5089285714285714,0.6367694805194806,8.342363500380579,9.460611431511692,MG,Sudeste
3163300,2016,hybrid,hybrid_bvr,0.0,0.058279370952821465,0.18974358974358974,0.10428528618519628,0.9417206290471786,0.8102564102564103,0.13146421879076828,0.5575342465753425,0.47460757156048017,0.5715604801477377,8.251663923605589,8.639683152154337,MG,Sudeste
3163508,2016,hybrid,hybrid_bvr,0.0,0.060630557801131774,0.17813765182186234,0.09409274581489321,0.9393694421988682,0.8218623481781376,0.11750709402073056,0.6980668916845658,0.653151726322458,0.7196705733291099,8.787678239039497,8.537914000418375,MG,Sudeste
3163607,2018,hybrid,hybrid_bvr,0.0,0.04056338028169014,0.1065891472868217,0.06476868327402135,0.9594366197183098,0.8934108527131783,0.06602576700513156,0.5024213075060533,0.4165613147914033,0.5461441213653603,7.860185057472165,8.804412193704614,MG,Sudeste
3163706,2018,hybrid,hybrid_bvr,0.0,0.20637639154205914,0.25674433691950044,0.23381785820231385,0.7936236084579409,0.7432556630804996,0.0503679453774413,0.32026889903602235,0.2303159478435306,0.5135406218655968,10.637224700700166,9.430101104517366,MG,Sudeste
3164001,2018,hybrid,hybrid_bvr,0.0,0.14608653378706854,0.20534351145038168,0.16901617450660336,0.8539134662129315,0.7946564885496183,0.05925697766331314,0.6772137991650187,0.5741367637102234,0.694199954863462,9.030735122676456,8.984815457067773,MG,Sudeste
3164100,2016,hybrid,hybrid_bvr,0.0,0.06981840951784596,0.16126809097174363,0.0983641842445114,0.930181590482154,0.8387319090282563,0.09144968145389767,0.6890117484450587,0.6406850751485494,0.7340090877315624,8.62515033292133,8.584734381356974,MG,Sudeste
3164209,2018,hybrid,hybrid_bvr,0.0,0.10774791054890445,0.1813765182186235,0.13403854513838573,0.8922520894510956,0.8186234817813764,0.07362860766971904,0.8764940239043825,0.8304828973843058,0.8943661971830986,9.237566358229774,8.495133835114006,MG,Sudeste
3164308,2018,hybrid,hybrid_bvr,0.0,0.13993627190653213,0.2028985507246377,0.16125636076504649,0.8600637280934679,0.7971014492753623,0.06296227881810557,0.34827044025157233,0.32202477113624123,0.38637587506731286,8.807771066980044,9.440114598842648,MG,Sudeste
3164472,2016,hybrid,hybrid_bvr,0.0,0.10612855007473841,0.2458025520483546,0.1438692098092643,0.8938714499252616,0.7541974479516453,0.13967400197361618,0.6310057655349135,0.6090850927703135,0.6641074856046065,8.655040258108363,8.583787882602149,MG,Sudeste
3164506,2018,hybrid,hybrid_bvr,0.0,0.03629677006715702,0.11572815533980582,0.05941602535083748,0.963703229932843,0.8842718446601942,0.0794313852726488,0.6889291374235906,0.6727156276686592,0.726729291204099,9.273033441314606,8.836464573600384,MG,Sudeste
3164902,2018,hybrid,hybrid_bvr,0.0,0.02737382378100941,0.08674101610904585,0.051593323216995446,0.9726261762189906,0.9132589838909542,0.05936719232803644,0.42003981420039815,0.3895930620413609,0.5256837891927952,7.6544432264701125,8.957189458116657,MG,Sudeste
3165008,2016,hybrid,hybrid_bvr,0.0,0.16681662767680402,0.39158163265306123,0.2474451716614996,0.833183372323196,0.6084183673469388,0.2247650049762572,0.4527037556490572,0.3695652173913043,0.5183823529411765,9.264923249746474,8.842360953914119,MG,Sudeste
3165305,2016,hybrid,hybrid_bvr,0.0,0.034747847478474786,0.14492753623188406,0.08314684110862455,0.9652521525215252,0.855072463768116,0.11017968875340928,0.40143457828345286,0.30969865788807294,0.4996201570017726,8.854807632616227,9.168197585502803,MG,Sudeste
3165503,2018,hybrid,hybrid_bvr,0.0,0.05249257180587653,0.10475651189127973,0.07119205298013245,0.9475074281941235,0.8952434881087202,0.0522639400854032,0.5944547134935305,0.5238452872699962,0.5906871948929778,8.629449873761905,8.71983483631559,MG,Sudeste
3165537,2018,hybrid,hybrid_bvr,0.0,0.05827814569536424,0.14618069018999613,0.10168517809268479,0.9417218543046357,0.8538193098100039,0.08790254449463189,0.6538167614842489,0.44593698175787727,0.7948590381426203,10.158672259395132,9.635349309714542,MG,Sudeste
3165909,2018,hybrid,hybrid_bvr,0.0,0.04008016032064128,0.10563836681788723,0.06225252969643643,0.9599198396793587,0.8943616331821128,0.06555820649724595,0.632926348956282,0.6143178410794603,0.7147676161919041,8.428143374582726,8.631676809506558,MG,Sudeste
3166105,2018,hybrid,hybrid_bvr,0.0,0.12203389830508475,0.22789115646258504,0.15064695009242143,0.8779661016949153,0.7721088435374149,0.10585725815750029,0.5997016409746395,0.44043499752842313,0.5467128027681661,8.159660737063376,8.580998672999426,MG,Sudeste
3166303,2016,hybrid,hybrid_bvr,0.0,0.08767524586733626,0.19772318753744758,0.11393367812595072,0.9123247541326638,0.8022768124625524,0.11004794167011132,0.635705950991832,0.5573065902578797,0.6244030563514804,8.871785969150645,8.489108890788282,MG,Sudeste
3166501,2018,hybrid,hybrid_bvr,0.0,0.09821753364859949,0.15614973262032086,0.11292073832790445,0.9017824663514005,0.8438502673796792,0.057932198971721374,0.7501241927471436,0.6987577639751553,0.7629399585921325,8.347590407030058,8.385312433036956,MG,Sudeste
3166600,2018,hybrid,hybrid_bvr,0.0,0.24777183600713013,0.36939313984168864,0.2964930924548353,0.7522281639928698,0.6306068601583114,0.12162130383455852,0.33748055987558323,0.31225296442687744,0.42160737812911725,6.703188113240863,9.462172730184571,MG,Sudeste
3166709,2018,hybrid,hybrid_bvr,0.0,0.20468521229868228,0.26184997699033596,0.2267930602754427,0.7953147877013177,0.738150023009664,0.057164764691653686,0.6748172422485506,0.6121566632756866,0.7342319430315362,9.03741453682259,9.078478666775055,MG,Sudeste
3166907,2018,hybrid,hybrid_bvr,0.0,0.036582179252678336,0.08440366972477065,0.056402439024390245,0.9634178207473216,0.9155963302752294,0.04782149047209231,0.48270509977827053,0.4047726249437191,0.4869428185502026,8.928242677818302,9.340847439904756,MG,Sudeste
3166956,2018,hybrid,hybrid_bvr,0.0,0.024507983661344226,0.12,0.05384615384615385,0.9754920163386558,0.88,0.09549201633865577,0.7438109527381845,0.7032923443078144,0.7548591828639429,8.39502555744203,8.315899577561368,MG,Sudeste
3167103,2018,hybrid,hybrid_bvr,0.0,0.21471540953262377,0.2897800776196636,0.2420104761344241,0.7852845904673762,0.7102199223803364,0.07506466808703985,0.7594526843534573,0.6999359521776259,0.794406490179334,9.944389543856554,8.664304859426283,MG,Sudeste
3167202,2016,hybrid,hybrid_bvr,0.0,0.03220127069990559,0.07718870111646635,0.05516974827633498,0.9677987293000944,0.9228112988835336,0.04498743041656076,0.5977368868180664,0.4419740304559769,0.7244726284457098,12.274441322248098,10.210232674400535,MG,Sudeste
3167301,2018,hybrid,hybrid_bvr,0.0,0.0883940620782726,0.12233009708737864,0.0968714662646061,0.9116059379217274,0.8776699029126214,0.03393603500910604,0.6666666666666666,0.6165371809100999,0.7225305216426193,7.692569648067906,8.708069897486071,MG,Sudeste
3167509,2018,hybrid,hybrid_bvr,0.0,0.037966932026944275,0.11431143114311432,0.06880232981434292,0.9620330679730558,0.8856885688568856,0.07634449911617004,0.6175760502172863,0.4722483537158984,0.6674506114769521,7.838737559599282,9.404709677216768,MG,Sudeste
3167608,2016,hybrid,hybrid_bvr,0.0,0.03142857142857143,0.12826603325415678,0.055848050649783404,0.9685714285714285,0.8717339667458432,0.09683746182558535,0.5488930805122605,0.4968944099378882,0.5699293210537588,9.81454704323948,8.602697804776984,MG,Sudeste
3167707,2018,hybrid,hybrid_bvr,0.0,0.6403079076277117,0.7177322074788902,0.6687333923826395,0.3596920923722883,0.2822677925211098,0.07742429985117849,0.6300285080772886,0.5924018029620091,0.6838377334191886,8.670772279344538,8.522291664367494,MG,Sudeste
3167806,2018,hybrid,hybrid_bvr,0.0,0.16522318454363757,0.2025883524141364,0.17995217218015144,0.8347768154563624,0.7974116475858636,0.03736516787049882,0.39238773274917854,0.2957631721890277,0.5141227593699077,8.644002038279933,8.594043297993853,MG,Sudeste
3168002,2018,hybrid,hybrid_bvr,0.0,0.3865172880046359,0.4673782920989625,0.4181206478366325,0.6134827119953641,0.5326217079010376,0.08086100409432656,0.4737437485115504,0.433396911339445,0.5241493878053283,10.33906147341461,8.789177116880802,MG,Sudeste
3168408,2018,hybrid,hybrid_bvr,0.0,0.6498899024850582,0.7268628381585193,0.6803782505910165,0.3501100975149418,0.27313716184148074,0.07697293567346108,0.5543658381134481,0.5193849388881587,0.5758969641214351,9.567525185909115,8.544222610089939,MG,Sudeste
3168606,2016,hybrid,hybrid_bvr,0.0,0.03613074639594575,0.09746454866125329,0.061191096308201735,0.9638692536040543,0.9025354513387467,0.06133380226530754,0.5540053464692277,0.449983596289779,0.6561036714485967,11.811139382331417,9.294469632631621,MG,Sudeste
3168705,2018,hybrid,hybrid_bvr,0.0,0.089198606271777,0.17080254920760252,0.13637475737656787,0.910801393728223,0.8291974507923975,0.08160394293582551,0.6100888837585132,0.42886793304155574,0.7821820150701619,11.305199942634374,10.129429150142183,MG,Sudeste
3168804,2016,hybrid,hybrid_bvr,0.0,0.2838781782620844,0.49909649439826526,0.37748031496062995,0.7161218217379156,0.5009035056017348,0.21521831613618086,0.4488058642705131,0.37105575326215895,0.5973902728351127,8.848078421168667,9.478489425949984,MG,Sudeste
3168903,2018,hybrid,hybrid_bvr,0.0,0.3309203722854188,0.2687265917602996,0.30853719420868697,0.6690796277145812,0.7312734082397003,-0.0621937805251192,0.3677058353317346,0.3806881243063263,0.47475027746947834,8.840145877949938,9.425131735519518,MG,Sudeste
3169000,2016,hybrid,hybrid_bvr,0.0,0.0318786025173509,0.10921217173822426,0.0597340145766023,0.9681213974826491,0.8907878282617757,0.07733356922087337,0.5495165394402035,0.4888750259929299,0.6042836348513204,9.669219856718984,9.143036650080619,MG,Sudeste
3169059,2018,hybrid,hybrid_bvr,0.0,0.03546099290780142,0.11043872919818457,0.060950413223140494,0.9645390070921985,0.8895612708018155,0.07497773629038315,0.564217032967033,0.5212057483350859,0.576235541535226,8.281470857895167,8.86842041202715,MG,Sudeste
3169109,2018,hybrid,hybrid_bvr,0.0,0.11761630946157867,0.18487830139823924,0.13983711661757062,0.8823836905384214,0.8151216986017608,0.06726199193666058,0.563265306122449,0.5105533371363377,0.5675984027381632,8.659386957119413,8.523695254857357,MG,Sudeste
3169307,2016,hybrid,hybrid_bvr,0.0,0.03130434782608696,0.10142548250180188,0.06276323841750962,0.9686956521739131,0.8985745174981982,0.07012113467571492,0.3906207510321129,0.29862427091280486,0.5346393325622031,11.194990349347426,9.939659709803175,MG,Sudeste
3169406,2018,hybrid,hybrid_bvr,0.0,0.1807714689500374,0.22945891783567135,0.20260948491036987,0.8192285310499626,0.7705410821643286,0.04868744888563395,0.5259254502841365,0.4234187479727538,0.606422315926046,10.89414336636559,9.417582447485303,MG,Sudeste
3169505,2018,hybrid,hybrid_bvr,0.0,0.035470310036784025,0.08904109589041095,0.05134835611377909,0.964529689963216,0.910958904109589,0.05357078585362693,0.5530369078756175,0.46127267492081775,0.5974661675784624,8.747193183526933,8.48728918419866,MG,Sudeste
3169604,2018,hybrid,hybrid_bvr,0.0,0.2514500170590242,0.29139891250617894,0.26769587810907625,0.7485499829409759,0.7086010874938211,0.03994889544715474,0.6375774260151411,0.5980808773132282,0.7008910212474297,10.093611921393103,9.366047872827961,MG,Sudeste
3169703,2018,hybrid,hybrid_bvr,0.0,0.06585075273475577,0.09758602978941962,0.07801324503311258,0.9341492472652442,0.9024139702105803,0.03173527705466385,0.7929013350700098,0.7316511245200219,0.8261108063631377,9.801177933711559,8.946126710807206,MG,Sudeste
3169901,2016,hybrid,hybrid_bvr,0.0,0.04220561582958862,0.0944304143061907,0.06417919025315365,0.9577943841704114,0.9055695856938093,0.05222479847660208,0.6883137132610899,0.5864355219281995,0.7748678847916383,11.528001252063948,9.903580634227199,MG,Sudeste
3170008,2018,hybrid,hybrid_bvr,0.0,0.03039661898569571,0.10938578329882678,0.05561686161995145,0.9696033810143043,0.8906142167011732,0.07898916431313108,0.7910240859469763,0.7534361381159906,0.8052296345960442,9.365718869155696,8.3075274487629,MG,Sudeste
3170057,2016,hybrid,hybrid_bvr,0.0,0.05563002680965148,0.17221625492302184,0.08717649348122203,0.9443699731903485,0.8277837450769782,0.11658622811337035,0.559748427672956,0.5136421319796954,0.6156408629441624,9.395989718862811,8.511763193231692,MG,Sudeste
3170107,2016,hybrid,hybrid_bvr,0.0,0.09206185082483433,0.1349108425589453,0.11454923865091789,0.9079381491751657,0.8650891574410546,0.04284899173411098,0.6019298067657352,0.5095803672262617,0.6850216351339348,12.598074191943867,10.11302763625689,MG,Sudeste
3170206,2016,hybrid,hybrid_bvr,0.0,0.18256814743160454,0.22258884993469444,0.2055933089388395,0.8174318525683955,0.7774111500653056,0.040020702503089894,0.669668536206477,0.5674788103411611,0.7826715678828569,13.311350999864139,10.353749216695972,MG,Sudeste
3170404,2018,hybrid,hybrid_bvr,0.0,0.09203446238064135,0.16167561017829324,0.12489154456904314,0.9079655376193586,0.8383243898217068,0.06964114779765189,0.47339011421819616,0.401813784764208,0.5624183796856106,11.258871573498432,9.749624332194209,MG,Sudeste
3170503,2018,hybrid,hybrid_bvr,0.0,0.07711224310556825,0.13353930655681429,0.09611143354614045,0.9228877568944318,0.8664606934431858,0.05642706345124604,0.4529841863628635,0.39873528895134375,0.5408396276128579,9.239025005836092,9.170665566816371,MG,Sudeste
3170529,2016,hybrid,hybrid_bvr,0.0,0.09564657945528629,0.2993145468392993,0.1688365081540359,0.9043534205447137,0.7006854531607007,0.20366796738401302,0.7768714011516314,0.7170336037079954,0.7749710312862109,9.518119146127086,8.405310094086406,MG,Sudeste
3170578,2016,hybrid,hybrid_bvr,0.0,0.06815761448349308,0.18615153035624687,0.10314972383937901,0.9318423855165069,0.8138484696437531,0.11799391587275379,0.6772151898734177,0.6132386507735227,0.7151914785696171,8.773539383558166,8.577903390932269,MG,Sudeste
3170651,2018,hybrid,hybrid_bvr,0.0,0.06227254346947028,0.16389244558258642,0.10158572844400396,0.9377274565305297,0.8361075544174136,0.10161990211311614,0.6320681642137878,0.5901442307692307,0.65625,8.462314529906248,8.413872990252399,MG,Sudeste
3170701,2018,hybrid,hybrid_bvr,0.0,0.08235375626428951,0.18976006932534167,0.14261833360350137,0.9176462437357105,0.8102399306746584,0.10740631306105217,0.36337367561455675,0.23606741265628847,0.5620502859018905,11.720597954199853,10.17643247901263,MG,Sudeste
3170909,2018,hybrid,hybrid_bvr,0.0,0.03681592039800995,0.13401403956604976,0.06574942936850114,0.96318407960199,0.8659859604339503,0.0971981191680398,0.6840362110841245,0.670656634746922,0.7222982216142271,9.85828095969805,8.33099722100041,MG,Sudeste
3171030,2016,hybrid,hybrid_bvr,0.0,0.0969000650336007,0.30122180451127817,0.16108972460763993,0.9030999349663993,0.6987781954887218,0.20432173947767746,0.8142224409448819,0.7933215279534531,0.829496584872249,9.029537661151497,8.673088266534737,MG,Sudeste
3171105,2016,hybrid,hybrid_bvr,0.0,0.11502984264785676,0.18357933579335795,0.14017735334242837,0.8849701573521432,0.816420664206642,0.06854949314550118,0.6024734982332155,0.5819339895773017,0.6485234510712218,8.155649270366002,9.909184758000393,MG,Sudeste
3171204,2018,hybrid,hybrid_bvr,0.0,0.18505653507090838,0.2767639284261895,0.22946252465483236,0.8149434649290916,0.7232360715738104,0.09170739335528114,0.6693757924712632,0.4638422058971521,0.7954110898661568,11.557200690220135,9.611495562503281,MG,Sudeste
3171303,2018,hybrid,hybrid_bvr,0.0,0.046435390323858926,0.1365108588183151,0.0926288894333415,0.9535646096761411,0.863489141181685,0.09007546849445616,0.7063785326571698,0.57442071197411,0.756168284789644,11.18747229483145,9.309388427681691,MG,Sudeste
3171501,2016,hybrid,hybrid_bvr,0.0,0.059639389736477116,0.19603753910323254,0.10144,0.9403606102635229,0.8039624608967675,0.13639814936675543,0.6325581395348837,0.5512422360248447,0.667184265010352,8.122668023346407,8.599743594465242,MG,Sudeste
3171600,2018,hybrid,hybrid_bvr,0.0,0.16412806963009013,0.22056833558863329,0.1841535433070866,0.8358719303699098,0.7794316644113667,0.05644026595854315,0.6922692435854715,0.6652382584847446,0.7238601302708262,9.519221155568957,8.338287484245209,MG,Sudeste
3171808,2018,hybrid,hybrid_bvr,0.0,0.2222639384268819,0.288876113825812,0.2484958565103871,0.7777360615731181,0.711123886174188,0.0666121753989301,0.6371747211895911,0.5548115553854984,0.699062559785728,9.26596427572418,8.745469216824562,MG,Sudeste
3171907,2016,hybrid,hybrid_bvr,0.0,0.07128777923784495,0.2366412213740458,0.12101033295063146,0.9287122207621551,0.7633587786259541,0.16535344213620085,0.7763157894736842,0.7334938101788171,0.7895460797799174,8.640825751861513,8.48988847459794,MG,Sudeste
3172004,2018,hybrid,hybrid_bvr,0.0,0.172277445219397,0.21681266846361186,0.1896964060320202,0.827722554780603,0.7831873315363882,0.044535223244214855,0.6046324809211407,0.5260615540322952,0.6596126420389198,10.54381395691249,9.714478776450019,MG,Sudeste
3172103,2018,hybrid,hybrid_bvr,0.0,0.18704512372634644,0.21741511500547644,0.19869138495092695,0.8129548762736536,0.7825848849945236,0.03036999127913001,0.6400401069518716,0.5643900781515461,0.7183146449201495,8.531096096585228,9.92355119693041,MG,Sudeste
3172202,2018,hybrid,hybrid_bvr,0.0,0.10218978102189781,0.12530315278900567,0.11207494795281055,0.8978102189781022,0.8746968472109944,0.023113371767107857,0.42972103004291845,0.3683083511777302,0.5176659528907923,7.845024417241484,8.712486781194547,MG,Sudeste
5100250,2016,hybrid,hybrid_bvr,0.0,0.04329915371871222,0.1260978670012547,0.07777110164842342,0.9567008462812878,0.8739021329987453,0.08279871328254247,0.3735607840117063,0.36204787030664526,0.40165940200351763,10.802916927334872,9.539050422125687,MT,Centro-Oeste
5100300,2016,hybrid,hybrid_bvr,0.0,0.39361867704280157,0.4486716956379141,0.42042641539567194,0.6063813229571984,0.5513283043620859,0.055053018595112524,0.35244806220386343,0.3097131838997349,0.41793203181489513,9.657842735875406,10.495714047067665,MT,Centro-Oeste
5101308,2016,hybrid,hybrid_bvr,0.0,0.05110132158590308,0.12515413070283601,0.08186834338508918,0.9488986784140969,0.874845869297164,0.07405280911693293,0.4099980623910095,0.38416477702191987,0.4688208616780045,9.241451367001236,9.04167848839393,MT,Centro-Oeste
5101605,2016,hybrid,hybrid_bvr,0.0,0.03691029088242483,0.19133241124942368,0.09031434498164992,0.9630897091175752,0.8086675887505763,0.15442212036699884,0.770748987854251,0.7281795511221946,0.7961913398322376,8.934718614016768,8.850593171095007,MT,Centro-Oeste
5101803,2016,hybrid,hybrid_bvr,0.0,0.044663685847589424,0.11279745175192056,0.0793124821207209,0.9553363141524106,0.8872025482480794,0.06813376590433114,0.5249621785173979,0.4367055545881943,0.6165767020720878,10.943057300570455,9.655020526446103,MT,Centro-Oeste
5102504,2016,hybrid,hybrid_bvr,0.0,0.059011796262992654,0.18138978759319174,0.11581473560478671,0.9409882037370073,0.8186102124068082,0.12237799133019908,0.5802166167205456,0.5092982777574203,0.629099486991572,11.384432785255356,9.22900925707256,MT,Centro-Oeste
5103403,2016,hybrid,hybrid_bvr,0.0,0.05998677908601078,0.17379914378853933,0.12977595760057817,0.9400132209139892,0.8262008562114607,0.11381236470252856,0.5077650997540312,0.380067837776958,0.6094300386198701,13.219667930759316,10.032663297358544,MT,Centro-Oeste
5103502,2018,hybrid,hybrid_bvr,0.0,0.15407288317256163,0.2319930932412432,0.19456926434715624,0.8459271168274384,0.7680069067587568,0.07792021006868158,0.5070193868780442,0.4539578454332553,0.5602810304449649,9.920393832602487,10.48743633927879,MT,Centro-Oeste
5105622,2016,hybrid,hybrid_bvr,0.0,0.057200200702458605,0.12517817804846443,0.08383294380652373,0.9427997992975414,0.8748218219515356,0.06797797734600583,0.4391177822024812,0.41277089783281734,0.4807275541795666,10.138520148242751,9.517664043327862,MT,Centro-Oeste
5107909,2016,hybrid,hybrid_bvr,0.0,0.07874632713026444,0.18385014287226162,0.13511641899485735,0.9212536728697356,0.8161498571277384,0.10510381574199718,0.4050761608991423,0.35839154445379073,0.43961891526167574,11.636018820332144,9.894009002259335,MT,Centro-Oeste
5107925,2016,hybrid,hybrid_bvr,0.0,0.10081951591385553,0.18255747672430173,0.1417210479252678,0.8991804840861445,0.8174425232756983,0.0817379608104462,0.510418057967143,0.4846342473169644,0.5761918410241712,11.105272966266629,10.224764290385174,MT,Centro-Oeste
5107958,2016,hybrid,hybrid_bvr,0.0,0.06083008324116654,0.1414076720825187,0.09816017992128444,0.9391699167588334,0.8585923279174813,0.08057758884135216,0.41691739438859127,0.3870967741935484,0.5043944369325865,11.331775221920417,9.772842659239663,MT,Centro-Oeste
5108402,2016,hybrid,hybrid_bvr,0.0,0.09645328719723184,0.24925133985303055,0.17201785977779113,0.9035467128027681,0.7507486601469695,0.1527980526557987,0.5860941310613499,0.4680546190155091,0.6584625758597438,12.4395466534604,9.646893320165098,MT,Centro-Oeste
2600401,2018,hybrid,hybrid_bvr,0.0,0.0477757536581066,0.12833044300804036,0.06962512838069154,0.9522242463418934,0.8716695569919597,0.08055468934993376,0.8166361304507146,0.7219929695858169,0.8460950634265627,10.407137492553023,8.36292466207059,PE,Nordeste
2601300,2016,hybrid,hybrid_bvr,0.0,0.21059749200885172,0.4113976705490849,0.25635673624288424,0.7894025079911483,0.5886023294509151,0.20080017854023316,0.7644710578842315,0.6634413804225125,0.8234155781325593,9.455323689894849,8.368773812471844,PE,Nordeste
2601508,2018,hybrid,hybrid_bvr,0.0,0.04178919671877419,0.11461538461538462,0.06262403528114664,0.9582108032812258,0.8853846153846154,0.07282618789661044,0.8493925777999667,0.8244925805901415,0.8761726078799249,9.337237305164534,8.368152893542197,PE,Nordeste
2601706,2018,hybrid,hybrid_bvr,0.0,0.03448109451535845,0.0974800706222246,0.054032941645752654,0.9655189054846416,0.9025199293777754,0.06299897610686614,0.6819486525275076,0.6015324595133178,0.6854247944090488,11.19040346967574,9.324228046149019,PE,Nordeste
2601805,2018,hybrid,hybrid_bvr,0.0,0.32439938897375364,0.4480361487660758,0.3595160170584151,0.6756006110262464,0.5519638512339242,0.12363675979232214,0.95496918944541,0.9324439883701043,0.9668205917564563,9.392911897525345,8.256162703406755,PE,Nordeste
2602506,2018,hybrid,hybrid_bvr,0.0,0.037341299477221805,0.15154929577464787,0.06556689500908709,0.9626587005227782,0.8484507042253522,0.11420799629742606,0.8390243902439024,0.8415236303785563,0.8963084881260287,8.896588071791218,8.267070646745395,PE,Nordeste
2603009,2018,hybrid,hybrid_bvr,0.0,0.1176397127692788,0.2105886533222788,0.1492135930242034,0.8823602872307212,0.7894113466777212,0.092948940553,0.9070802005012532,0.8835037233371198,0.9384071690016408,10.337637294504201,8.821068388786195,PE,Nordeste
2603306,2016,hybrid,hybrid_bvr,0.0,0.33435394978567057,0.45446546414430267,0.365236148955495,0.6656460502143294,0.5455345358556973,0.1201115143586321,0.840281973816717,0.8441393875395987,0.8848996832101372,9.31695010703444,8.438276441374727,PE,Nordeste
2603926,2018,hybrid,hybrid_bvr,0.0,0.03759398496240601,0.14816010329244675,0.06845855506448995,0.9624060150375939,0.8518398967075532,0.11056611833004074,0.9426495594373164,0.9233114070271138,0.9520295202952029,9.374328222081633,8.29462238387849,PE,Nordeste
2604403,2016,hybrid,hybrid_bvr,0.0,0.22257571901247136,0.4009693053311793,0.2726858185134519,0.7774242809875287,0.5990306946688206,0.17839358631870794,0.7389759115440305,0.5964320831577469,0.7586739710633515,9.42577428022034,8.456812412811841,PE,Nordeste
2604601,2018,hybrid,hybrid_bvr,0.0,0.12886829122439827,0.18081239133870713,0.1454803692807142,0.8711317087756018,0.8191876086612928,0.05194410011430886,0.7561212121212121,0.6207013096746937,0.8283903675538656,10.09749061410392,8.471929049625274,PE,Nordeste
2607703,2018,hybrid,hybrid_bvr,0.0,0.046232876712328765,0.12122146822948797,0.06635622817229336,0.9537671232876712,0.878778531770512,0.0749885915171592,0.8309060445933755,0.8241635167296654,0.8773624527509449,9.53827627757511,8.276223661794411,PE,Nordeste
2609808,2018,hybrid,hybrid_bvr,0.0,0.040869243116434126,0.13879378456676322,0.07208266823489877,0.9591307568835659,0.8612062154332367,0.0979245414503291,0.7592202318229716,0.7620630067792105,0.8091187026452213,9.486455808056498,9.048972257319788,PE,Nordeste
2611309,2016,hybrid,hybrid_bvr,0.0,0.5191120258747427,0.7063923835430126,0.5755554415311201,0.4808879741252573,0.2936076164569874,0.1872803576682699,0.7359934611383564,0.6685452911868006,0.7840398595115576,10.087723941534854,8.81291695061608,PE,Nordeste
2612109,2018,hybrid,hybrid_bvr,0.0,0.03425309229305423,0.1467645096731154,0.059224163458691144,0.9657469077069458,0.8532354903268846,0.11251141738006118,0.7400550412809607,0.7026012335746848,0.7747385358004827,9.139059169971219,8.298843757084631,PE,Nordeste
2613206,2018,hybrid,hybrid_bvr,0.0,0.21122514892700783,0.30906233630172864,0.2320986264354875,0.7887748510729922,0.6909376636982714,0.0978371873747208,0.8912032898265689,0.8662812383439016,0.9293174188735547,9.967025573340116,8.424010064646646,PE,Nordeste
2615508,2016,hybrid,hybrid_bvr,0.0,0.2310639928471069,0.42208398133748054,0.2863344487654879,0.7689360071528931,0.5779160186625194,0.19101998849037363,0.7415520235074129,0.6248037676609105,0.8040530897673754,9.47692648113323,8.719034469888559,PE,Nordeste
2615805,2018,hybrid,hybrid_bvr,0.0,0.03399076793957197,0.1446280991735537,0.05389770319033164,0.966009232060428,0.8553719008264463,0.11063733123398174,0.8317717654489947,0.8408316291751875,0.8850261304249034,10.103362476910984,8.299072826700032,PE,Nordeste
4100905,2016,hybrid,hybrid_bvr,0.0,0.04482477587612062,0.11341463414634147,0.07228327228327229,0.9551752241238793,0.8865853658536585,0.06858985827022085,0.4674181049665375,0.44573082489146165,0.548480463096961,8.6020856584342,9.077097644017174,PR,Sul
4102000,2018,hybrid,hybrid_bvr,0.0,0.4827875095201828,0.5451312703336612,0.5133414190418435,0.5172124904798172,0.45486872966633884,0.062343760813478366,0.43521404821280135,0.4122587376108503,0.5087636932707356,10.405020129390525,9.73284020543416,PR,Sul
4102901,2016,hybrid,hybrid_bvr,0.0,0.06073626756474277,0.13954088212535465,0.08458542014468559,0.9392637324352572,0.8604591178746454,0.07880461456061189,0.5927912465136237,0.5646556326748532,0.6138814735718099,9.672815734801127,9.192384149855586,PR,Sul
4103024,2018,hybrid,hybrid_bvr,0.0,0.29098651525904895,0.37252747252747254,0.3224278949634094,0.709013484740951,0.6274725274725275,0.08154095726842359,0.6876626756897449,0.7011972930765227,0.7339927121290994,7.92443418488756,9.684518524676179,PR,Sul
4103222,2018,hybrid,hybrid_bvr,0.0,0.7273320287018917,0.7053314121037464,0.7168777815816502,0.27266797129810827,0.2946685878962536,-0.02200061659814534,0.5422473867595818,0.5613665120202446,0.6229439055250949,8.099554282376364,9.941489905999921,PR,Sul
4104659,2016,hybrid,hybrid_bvr,0.0,0.058136846971798425,0.10059591373439274,0.07703553041377996,0.9418631530282016,0.8994040862656073,0.04245906676259431,0.32548017787870187,0.29288939051918733,0.42701279157261096,9.860736615468495,10.453798286357326,PR,Sul
4104907,2016,hybrid,hybrid_bvr,0.0,0.0936493709125917,0.14350940017905103,0.11431009957325747,0.9063506290874083,0.856490599820949,0.04986002926645933,0.370542063951957,0.33709745987883943,0.44375066425762566,11.113700844451518,9.7168217092266,PR,Sul
4105508,2016,hybrid,hybrid_bvr,0.0,0.09753183354385006,0.14568690095846645,0.12019565489047968,0.9024681664561499,0.8543130990415335,0.04815506741461639,0.3759416257644558,0.32955653342467917,0.4801191009459566,11.155650340959463,9.760364992333153,PR,Sul
4105607,2018,hybrid,hybrid_bvr,0.0,0.6449021627188466,0.6591166477916195,0.6509698275862069,0.3550978372811534,0.3408833522083805,0.014214485072772898,0.5737878787878787,0.5314009661835749,0.6198671497584541,9.311271090554623,9.473781896970348,PR,Sul
4106571,2018,hybrid,hybrid_bvr,0.0,0.3024785027819929,0.40802036919159773,0.34764309764309764,0.697521497218007,0.5919796308084022,0.10554186640960483,0.744672454617206,0.7289719626168224,0.80101246105919,8.361240889642351,9.586198990871296,PR,Sul
4106803,2016,hybrid,hybrid_bvr,0.0,0.05260911322164123,0.1307412460209186,0.07545570156846121,0.9473908867783588,0.8692587539790814,0.07813213279927737,0.41072261072261074,0.4168245547555892,0.47167487684729065,9.800346793616615,9.155370119296784,PR,Sul
4107108,2018,hybrid,hybrid_bvr,0.0,0.3937713310580205,0.4860411899313501,0.4381898454746137,0.6062286689419796,0.5139588100686499,0.09226985887332961,0.5233866193013618,0.46932608038682383,0.5775158658204895,8.615408238913192,10.26673349966232,PR,Sul
4107207,2018,hybrid,hybrid_bvr,0.0,0.4799126637554585,0.6084794080184388,0.5489121463237479,0.5200873362445415,0.3915205919815612,0.12856674426298031,0.6298065553611124,0.6057867026976658,0.6830825140940223,10.496234118987427,9.845225029311198,PR,Sul
4107256,2016,hybrid,hybrid_bvr,0.0,0.04591368227731864,0.0967519004837595,0.06962435233160622,0.9540863177226814,0.9032480995162405,0.05083821820644087,0.4968814968814969,0.4749772520473157,0.5477707006369427,8.915297945118109,10.583598483837145,PR,Sul
4107405,2018,hybrid,hybrid_bvr,0.0,0.6276816608996539,0.7027707808564232,0.660856384994316,0.37231833910034606,0.2972292191435768,0.07508911995676926,0.630113356333169,0.6168784464157276,0.6796931191560777,8.716535732544495,9.7511812574093,PR,Sul
4108403,2018,hybrid,hybrid_bvr,0.0,0.5865100387730815,0.7705182754908494,0.6953194491304481,0.4134899612269185,0.2294817245091506,0.1840082367177679,0.5864177810232304,0.5458684729947963,0.6727076978288176,11.276481352041719,9.709010278247037,PR,Sul
4108502,2016,hybrid,hybrid_bvr,0.0,0.06859641187999396,0.15761212886923562,0.09682330254744748,0.931403588120006,0.8423878711307644,0.08901571698924166,0.5016045765313242,0.48870721906609393,0.551614244145767,9.522885774152654,9.746337769214357,PR,Sul
4109104,2018,hybrid,hybrid_bvr,0.0,0.19923002887391722,0.2465753424657534,0.22065727699530516,0.8007699711260827,0.7534246575342466,0.04734531359183619,0.5130190007037297,0.5010087424344317,0.5709482178883658,7.704811922932594,9.517182021123073,PR,Sul
4109906,2018,hybrid,hybrid_bvr,0.0,0.6697827185447196,0.6550995775497888,0.6629089909265878,0.3302172814552804,0.34490042245021124,-0.014683140994930843,0.4418649642097117,0.4149449700714424,0.46920254875458584,9.086929027060949,9.29114688405898,PR,Sul
4110078,2016,hybrid,hybrid_bvr,0.0,0.048982293562799935,0.12821527502967947,0.07231163984138092,0.9510177064372001,0.8717847249703206,0.07923298146687954,0.5714535595592094,0.5292538915727322,0.6081588835212024,9.33025446864152,9.216353831908636,PR,Sul
4110409,2016,hybrid,hybrid_bvr,0.0,0.051924798567591766,0.13656668793873644,0.08677359978963976,0.9480752014324082,0.8634333120612636,0.08464188937114467,0.42717350395182535,0.3796477495107632,0.4665362035225049,8.366137716496281,10.207435773559226,PR,Sul
4111209,2018,hybrid,hybrid_bvr,0.0,0.611978068325601,0.6207780107151176,0.6158867131319836,0.388021931674399,0.3792219892848824,0.008799942389516646,0.6650856793145655,0.6415179921378893,0.715300876927729,9.262078567380597,9.629411730972565,PR,Sul
4111308,2018,hybrid,hybrid_bvr,0.0,0.42342342342342343,0.5541890853189854,0.47855750487329435,0.5765765765765766,0.44581091468101464,0.13076566189556194,0.6215469613259669,0.5746304244158321,0.659036719122556,8.183955717304954,9.057639937829254,PR,Sul
4111555,2018,hybrid,hybrid_bvr,0.0,0.24423076923076922,0.2892956625547155,0.2641475962391343,0.7557692307692307,0.7107043374452845,0.04506489332394628,0.6015108593012276,0.5755703422053232,0.6473384030418251,8.924523226133914,9.524803282008358,PR,Sul
4112405,2016,hybrid,hybrid_bvr,0.0,0.03874849578820698,0.0866089273817455,0.05873325892857143,0.9612515042117931,0.9133910726182545,0.04786043159353852,0.3946114369501466,0.37544384227247246,0.4529994393571295,9.053569596026234,9.270104529983982,PR,Sul
4113007,2016,hybrid,hybrid_bvr,0.0,0.04215456674473068,0.09676079734219269,0.06467661691542288,0.9578454332552693,0.9032392026578073,0.05460623059746201,0.5088872656440224,0.448822800495663,0.5794299876084262,8.796338932845732,9.527445373860937,PR,Sul
4114104,2018,hybrid,hybrid_bvr,0.0,0.7119014732965009,0.7793484262838211,0.7443926021698802,0.2880985267034991,0.22065157371617894,0.06744695298732017,0.523035698850376,0.4510789496490164,0.5932056504029812,9.892477160016076,9.39553093664016,PR,Sul
4114351,2018,hybrid,hybrid_bvr,0.0,0.6642555756479807,0.7277486910994765,0.6887228744219139,0.33574442435201934,0.2722513089005235,0.06349311545149583,0.7189113092444862,0.7280145058930191,0.7824116047144152,8.047829357457841,9.238591194579888,PR,Sul
4114708,2016,hybrid,hybrid_bvr,0.0,0.04233171408743928,0.10077092511013216,0.06486601446193109,0.9576682859125607,0.8992290748898678,0.05843921102269289,0.5531490453120547,0.5347985347985348,0.5939701324316708,8.6921543938039,8.90381156176152,PR,Sul
4115002,2018,hybrid,hybrid_bvr,0.0,0.5353564271399943,0.5992893801816028,0.5618573797678276,0.4646435728600057,0.4007106198183972,0.06393295304160851,0.6355974219137333,0.5965439519158527,0.6614074630603556,8.833171133022866,8.89336193003597,PR,Sul
4116505,2016,hybrid,hybrid_bvr,0.0,0.05402425578831312,0.07121212121212121,0.06118546845124283,0.9459757442116868,0.9287878787878788,0.01718786542380809,0.4695238095238095,0.47191011235955055,0.6413857677902621,7.266128779556451,9.548358782126703,PR,Sul
4117107,2018,hybrid,hybrid_bvr,0.0,0.5290791599353797,0.6509592102812441,0.5919078501597135,0.4709208400646203,0.34904078971875585,0.12188005034586447,0.4932606825351305,0.446860599078341,0.5410426267281107,9.477845246989146,9.463342108382061,PR,Sul
4117206,2018,hybrid,hybrid_bvr,0.0,0.5374716124148372,0.501833180568286,0.520703933747412,0.4625283875851628,0.49816681943171404,-0.035638431846551244,0.571976401179941,0.5407775504238527,0.6170710318620286,8.613048677059759,8.89893741164008,PR,Sul
4117404,2018,hybrid,hybrid_bvr,0.0,0.7732980832782551,0.8048606147248034,0.7884615384615384,0.2267019167217449,0.1951393852751966,0.0315625314465483,0.6088623775031956,0.5865921787709497,0.6562097120756338,8.125630988477065,9.591306635701953,PR,Sul
4118402,2016,hybrid,hybrid_bvr,0.0,0.072038544608739,0.12221875,0.09759660924430459,0.927961455391261,0.87778125,0.050180205391261,0.36273333333333335,0.32518817497545544,0.47254281662485,11.309461984422846,9.510710030771818,PR,Sul
4118501,2018,hybrid,hybrid_bvr,0.0,0.6035025493238749,0.7166164076393722,0.6744617789792529,0.3964974506761251,0.2833835923606278,0.11311385831549725,0.5441410129096326,0.4994097381164623,0.6546124750042162,11.189547127860173,9.987292479352814,PR,Sul
4118600,2016,hybrid,hybrid_bvr,0.0,0.1548480463096961,0.26651735722284436,0.19811527503835197,0.8451519536903039,0.7334826427771557,0.11166931091314827,0.447083583884546,0.4339452302136624,0.4914234125789949,8.600430789986293,10.106526038479876,PR,Sul
4118857,2016,hybrid,hybrid_bvr,0.0,0.050140143257552165,0.10765765765765765,0.07355645457888929,0.9498598567424479,0.8923423423423423,0.05751751440010549,0.46870692031982353,0.4511237476306526,0.57053885729759,8.63994165667529,9.586280169822773,PR,Sul
4120309,2016,hybrid,hybrid_bvr,0.0,0.18133203694701022,0.22398729150119143,0.19722975007527854,0.8186679630529898,0.7760127084988085,0.042655254554181204,0.44731447314473144,0.41619202603742883,0.4735557363710334,8.299037181613066,9.11777765820919,PR,Sul
4125308,2018,hybrid,hybrid_bvr,0.0,0.7501154734411085,0.8530676045330207,0.8053733869261688,0.24988452655889148,0.14693239546697934,0.10295213109191215,0.4431690929451288,0.42661726987745796,0.5032772869763465,8.61558951327243,10.08620930716907,PR,Sul
4125555,2016,hybrid,hybrid_bvr,0.0,0.05564784053156146,0.14593908629441624,0.09109109109109109,0.9443521594684385,0.8540609137055838,0.09029124576285477,0.3283793347487615,0.3231316725978648,0.37295373665480425,7.6487397889562425,9.252892042289703,PR,Sul
4126108,2016,hybrid,hybrid_bvr,0.0,0.05435565154787617,0.12144578313253013,0.08299011532125206,0.9456443484521239,0.8785542168674698,0.06709013158465396,0.3929103366100685,0.3662526507119055,0.4747046349591033,8.58466490653125,9.694452273099328,PR,Sul
4126256,2016,hybrid,hybrid_bvr,0.0,0.16906869167624802,0.22468496849684969,0.19111918176033277,0.830931308323752,0.7753150315031503,0.05561627682060166,0.5876624889344453,0.5152658503275387,0.6673456632948311,11.324750812181005,9.078272569833851,PR,Sul
4126702,2016,hybrid,hybrid_bvr,0.0,0.07531723291035612,0.139247311827957,0.1029275092936803,0.9246827670896439,0.860752688172043,0.06393007891760087,0.4022517911975435,0.406478578892372,0.4939045628700801,8.447628728030327,9.392501109664481,PR,Sul
4126900,2018,hybrid,hybrid_bvr,0.0,0.3946896304269824,0.40818467995802726,0.39906502337441563,0.6053103695730175,0.5918153200419727,0.013495049531044856,0.46536059057353774,0.43938115330520394,0.5029535864978903,8.671800909642677,9.162576069367741,PR,Sul
4127106,2016,hybrid,hybrid_bvr,0.0,0.07346502936465563,0.13166365360024693,0.09939966538726504,0.9265349706353444,0.8683363463997531,0.0581986242355913,0.46986002103730073,0.37786724585474385,0.6097102293796683,11.154420275725343,10.159011061116976,PR,Sul
4128104,2016,hybrid,hybrid_bvr,0.0,0.07717676317141081,0.12111585426387372,0.09984896794764223,0.9228232368285891,0.8788841457361263,0.04393909109246291,0.46123372948500285,0.40847707155709845,0.5672767589378215,11.519662718622893,9.587075482580136,PR,Sul
4128203,2016,hybrid,hybrid_bvr,0.0,0.2813532178961065,0.3149373178516908,0.29753925698965916,0.7186467821038935,0.6850626821483092,0.03358409995558431,0.35316869979172866,0.3140741224063683,0.4308364870155292,10.873034650710714,9.526348369264767,PR,Sul
4128609,2018,hybrid,hybrid_bvr,0.0,0.29103885804916735,0.4070735090152566,0.34041598084692504,0.7089611419508326,0.5929264909847434,0.11603465096608923,0.6401079136690647,0.6206958393113343,0.6793400286944046,8.971829343530851,9.476126042556395,PR,Sul
4128708,2018,hybrid,hybrid_bvr,0.0,0.4435374149659864,0.5820836621941594,0.5074872169466764,0.5564625850340136,0.4179163378058406,0.138546247228173,0.5120043161586189,0.515599784830554,0.5860677783754706,8.781555458546402,9.934790408348583,PR,Sul
3300100,2018,hybrid,hybrid_bvr,0.0,0.2226966588898182,0.35642436590570004,0.28646284195285626,0.7773033411101817,0.6435756340943,0.13372770701588182,0.5688923763517324,0.45154626721430297,0.7186880889103648,12.040673100452102,10.528101165826612,RJ,Sudeste
3300159,2018,hybrid,hybrid_bvr,0.0,0.1217859278453259,0.25977653631284914,0.18234572034371163,0.8782140721546741,0.7402234636871509,0.13799060846752326,0.4570464135021097,0.390987408880053,0.5883035122597747,9.2314166975781,9.125130776444665,RJ,Sudeste
3300209,2018,hybrid,hybrid_bvr,0.0,0.11094837056023435,0.28206231319626845,0.18940953807117156,0.8890516294397657,0.7179376868037315,0.1711139426360341,0.4331089122981543,0.3153005279545147,0.7012488154866657,11.626325576297761,9.420299756981219,RJ,Sudeste
3300225,2018,hybrid,hybrid_bvr,0.0,0.08345454545454545,0.20072992700729927,0.13354134165366616,0.9165454545454546,0.7992700729927007,0.11727538155275383,0.3753644314868805,0.2838415502992305,0.5096893701909376,9.343384145733948,10.14586540053795,RJ,Sudeste
3300258,2016,hybrid,hybrid_bvr,0.0,0.13688964154671182,0.2425830157866086,0.1906229440077565,0.8631103584532882,0.7574169842133914,0.10569337423989678,0.4449478649453823,0.3101772441395083,0.6620926243567753,10.229729061853906,9.577481015610177,RJ,Sudeste
3300308,2018,hybrid,hybrid_bvr,0.0,0.08328442618577603,0.200766921316251,0.13862414553008717,0.916715573814224,0.7992330786837489,0.11748249513047498,0.5982993328448575,0.43223830734966595,0.7507795100222717,11.459292593800733,9.651467165843671,RJ,Sudeste
3300407,2018,hybrid,hybrid_bvr,0.0,0.10579535587238453,0.2400175791059769,0.16900804130880254,0.8942046441276155,0.7599824208940231,0.13422222323359237,0.6036537178631909,0.4353240050808638,0.7670403968674675,12.088487715249624,9.876096709516462,RJ,Sudeste
3300456,2018,hybrid,hybrid_bvr,0.0,0.10728402924349048,0.2503696542311192,0.16794075273266543,0.8927159707565095,0.7496303457688809,0.1430856249876287,0.7617199506383525,0.5731550425166322,0.8741772040357757,13.059065686118888,9.151950314124266,RJ,Sudeste
3300506,2018,hybrid,hybrid_bvr,0.0,0.04368248003757633,0.11086443735257388,0.06556042862956098,0.9563175199624236,0.8891355626474261,0.06718195731499756,0.4480316033237978,0.39137238892290943,0.6099203919167177,10.139863172619055,9.677525027501629,RJ,Sudeste
3300605,2018,hybrid,hybrid_bvr,0.0,0.07181505164781112,0.14441575209812782,0.10963466325775416,0.9281849483521889,0.8555842479018722,0.0726007004503167,0.4373158919566628,0.32912945333202476,0.5159485719894004,10.474777785317189,9.382329440241067,RJ,Sudeste
3300704,2018,hybrid,hybrid_bvr,0.0,0.06469881819918666,0.15258252029397454,0.10998864326651349,0.9353011818008133,0.8474174797060254,0.08788370209478788,0.4309594188950757,0.290857368123848,0.7044439945875108,12.134721638683411,10.818674613197613,RJ,Sudeste
3300803,2018,hybrid,hybrid_bvr,0.0,0.09561662502838973,0.27835872392377514,0.17145505097312327,0.9043833749716103,0.7216412760762249,0.1827420988953854,0.5960672419127505,0.46277845817748503,0.7885538380060243,10.90178214468937,9.72277434181251,RJ,Sudeste
3300902,2018,hybrid,hybrid_bvr,0.0,0.17974533609712762,0.34445062071521215,0.252464673020046,0.8202546639028724,0.6555493792847878,0.16470528461808454,0.48323845667299176,0.4097493387076458,0.6245119032623756,9.604205122018026,9.330866881259682,RJ,Sudeste
3300936,2018,hybrid,hybrid_bvr,0.0,0.06193288203946421,0.10800970873786407,0.08078437945194,0.9380671179605358,0.8919902912621359,0.04607682669839986,0.6154921700223713,0.4720700985761227,0.759446878422782,9.499945593989812,10.719183862896928,RJ,Sudeste
3300951,2018,hybrid,hybrid_bvr,0.0,0.13771909856590028,0.2631416202844774,0.19087572102779235,0.8622809014340997,0.7368583797155226,0.12542252171857712,0.7004643962848297,0.5380547686496695,0.7797922568460812,9.009447429596793,10.148129401845534,RJ,Sudeste
3301009,2018,hybrid,hybrid_bvr,0.0,0.14046108650130937,0.2753915177175299,0.20233191602444858,0.8595389134986906,0.7246084822824701,0.13493043121622053,0.4714525358493137,0.3812383936861653,0.6755662223106513,13.04705992171407,11.331642048873537,RJ,Sudeste
3301108,2018,hybrid,hybrid_bvr,0.0,0.3217128124649703,0.4474010754170688,0.3777489498393872,0.6782871875350297,0.5525989245829313,0.1256882629520985,0.41359339068222467,0.3571966842501884,0.5440006698484467,9.89495122151384,10.503716798012826,RJ,Sudeste
3301207,2016,hybrid,hybrid_bvr,0.0,0.21788334784230817,0.3197814558894424,0.26219170403587444,0.7821166521576919,0.6802185441105576,0.10189810804713423,0.6160441509805854,0.5371451182114947,0.7157978039370858,9.76617760157152,9.633592132012275,RJ,Sudeste
3301306,2018,hybrid,hybrid_bvr,0.0,0.07563675315401094,0.16765519968366943,0.11920384951881015,0.924363246845989,0.8323448003163305,0.09201844652965849,0.4660628296262325,0.31543878656554714,0.6825027085590466,10.472968802094007,10.978647253120874,RJ,Sudeste
3301405,2018,hybrid,hybrid_bvr,0.0,0.0844716424434488,0.17338513841670714,0.12637804317868626,0.9155283575565512,0.8266148615832929,0.08891349597325833,0.4897039328325232,0.3808303886925795,0.6201413427561837,9.962275194019217,9.043588828965154,RJ,Sudeste
3301504,2018,hybrid,hybrid_bvr,0.0,0.04881567873031141,0.10527575068788132,0.07708907804819566,0.9511843212696885,0.8947242493121187,0.05646007195756991,0.4601602592959395,0.3392857142857143,0.6410542582417582,9.924759687811667,9.243944604208002,RJ,Sudeste
3301603,2018,hybrid,hybrid_bvr,0.0,0.04094214353461903,0.1135890573892358,0.06609610228913178,0.959057856465381,0.8864109426107643,0.07264691385461677,0.4798931825322023,0.4279372126208974,0.6240684953226574,9.299266581170585,9.182735012763365,RJ,Sudeste
3301702,2018,hybrid,hybrid_bvr,0.0,0.09502363080344732,0.23988481858241942,0.16152342303881181,0.9049763691965527,0.7601151814175806,0.1448611877789721,0.7327815410570271,0.5437911806020741,0.8362207829159171,13.658912886693964,10.204517936781922,RJ,Sudeste
3301850,2018,hybrid,hybrid_bvr,0.0,0.09752776477596697,0.2137577838561369,0.14644146024108218,0.9024722352240331,0.7862422161438631,0.11623001908016992,0.6543437320887578,0.5037284144427001,0.777668759811617,10.849006935070413,9.396816473239923,RJ,Sudeste
3301876,2018,hybrid,hybrid_bvr,0.0,0.15045907789515253,0.34885550224179973,0.26069647388222944,0.8495409221048474,0.6511444977582003,0.1983964243466472,0.47110792741165236,0.3520204680562872,0.7171344721197983,10.036750159040897,9.144577522818029,RJ,Sudeste
3301900,2018,hybrid,hybrid_bvr,0.0,0.05449602017495468,0.14714363205527164,0.09220184287269277,0.9455039798250453,0.8528563679447283,0.09264761188031696,0.7161519970414201,0.517866303444128,0.8475172913976402,12.292287038345606,9.318758527100407,RJ,Sudeste
3302007,2018,hybrid,hybrid_bvr,0.0,0.07752922208786779,0.2238126377485529,0.14390166133412496,0.9224707779121322,0.7761873622514471,0.1462834156606851,0.6252029256201233,0.451628601634475,0.7786914131328556,11.599937675292844,10.660159036506348,RJ,Sudeste
3302106,2018,hybrid,hybrid_bvr,0.0,0.37791723867424987,0.49780123131046616,0.43432302191823413,0.6220827613257501,0.5021987686895338,0.1198839926362163,0.3586109668323811,0.2793275310570557,0.47229041136651045,10.03884852046658,9.325290551430852,RJ,Sudeste
3302205,2018,hybrid,hybrid_bvr,0.0,0.05511513778784447,0.1444215336602764,0.09730378894857007,0.9448848622121555,0.8555784663397236,0.08930639587243194,0.43103814582327377,0.3119240012868308,0.5751944439187783,11.470445847351604,9.614836044372373,RJ,Sudeste
3302254,2018,hybrid,hybrid_bvr,0.0,0.04039699154842211,0.1094860353660552,0.07381342716622016,0.9596030084515779,0.8905139646339448,0.06908904381763309,0.5752980091119017,0.45618805897993714,0.7077592458303118,10.267540214063745,10.857893969305659,RJ,Sudeste
3302270,2018,hybrid,hybrid_bvr,0.0,0.06110333714964169,0.1597182778598205,0.09634565019744074,0.9388966628503583,0.8402817221401795,0.09861494071017882,0.7405857740585774,0.5709547401125199,0.8469015030649089,11.466797753326443,8.889695183646293,RJ,Sudeste
3302403,2018,hybrid,hybrid_bvr,0.0,0.120284490891937,0.2593118824866661,0.19938961726511165,0.879715509108063,0.740688117513334,0.1390273915947291,0.6206751195269948,0.42108376594898367,0.8034616051485513,12.239159198517964,11.095159256862548,RJ,Sudeste
3302502,2018,hybrid,hybrid_bvr,0.0,0.07046339415222536,0.17061039148522908,0.11239275710725392,0.9295366058477746,0.829389608514771,0.10014699733300372,0.7144247078981583,0.5380107749689184,0.8443762950683796,12.334122793542335,9.253043036813898,RJ,Sudeste
3302601,2018,hybrid,hybrid_bvr,0.0,0.059351588736760524,0.12448979591836734,0.09646400266031148,0.9406484112632395,0.8755102040816327,0.06513820718160682,0.5936933091452353,0.43781796202085327,0.7720243791870246,10.503861332943718,10.791720445350622,RJ,Sudeste
3302700,2018,hybrid,hybrid_bvr,0.0,0.19770754799684404,0.34058822582462694,0.2798924132813949,0.802292452003156,0.6594117741753731,0.1428806778277829,0.5781740503389988,0.44094079771060635,0.7540869254158469,11.755565714436127,9.595387290823442,RJ,Sudeste
3302858,2018,hybrid,hybrid_bvr,0.0,0.04017517987219019,0.11013131268371221,0.07513839140345165,0.9598248201278098,0.8898686873162878,0.06995613281152202,0.6880568658280922,0.4736825822419305,0.8479117252758586,12.033954852819008,9.062827115802147,RJ,Sudeste
3302908,2018,hybrid,hybrid_bvr,0.0,0.1258882358101588,0.26668963735033163,0.19681174528711667,0.8741117641898413,0.7333103626496684,0.14080140154017284,0.4556255274946439,0.335821363607853,0.676033368876623,10.112207583184613,9.588751235703763,RJ,Sudeste
3303005,2016,hybrid,hybrid_bvr,0.0,0.22552555193948456,0.32746095168906647,0.27505349500713266,0.7744744480605155,0.6725390483109335,0.1019353997495819,0.5422993492407809,0.4522144522144522,0.6554112554112554,10.197760358311859,9.132408028894924,RJ,Sudeste
3303104,2018,hybrid,hybrid_bvr,0.0,0.16292667509481668,0.26812313803376364,0.21427416747494343,0.8370733249051834,0.7318768619662364,0.10519646293894697,0.45600779917133805,0.38321524554116787,0.5954067920840459,9.621257258762592,9.219645834272844,RJ,Sudeste
3303203,2018,hybrid,hybrid_bvr,0.0,0.050442147216340764,0.13355977199968766,0.0982787340366463,0.9495578527836592,0.8664402280003123,0.08311762478334689,0.6898183650664972,0.4772448102198747,0.8492404700487246,11.966704433356943,9.29297640846043,RJ,Sudeste
3303401,2018,hybrid,hybrid_bvr,0.0,0.056192674556357555,0.13982577298908216,0.09452467778670072,0.9438073254436424,0.8601742270109178,0.08363309843272461,0.40663802742305655,0.30003025546962164,0.6034926157744455,12.112212414042554,9.68299553656002,RJ,Sudeste
3303500,2018,hybrid,hybrid_bvr,0.0,0.0682089876210439,0.2026528817331682,0.13170697721050922,0.9317910123789561,0.7973471182668318,0.13444389411212432,0.6537110141992022,0.46066390900709464,0.8135868145087733,13.58767727703866,9.452354428731379,RJ,Sudeste
3303609,2018,hybrid,hybrid_bvr,0.0,0.04813381884387802,0.1334026545966114,0.08911590661524421,0.951866181156122,0.8665973454033886,0.08526883575273339,0.5464344591452847,0.38955434563420044,0.7360354910264166,10.76053770436601,9.16567049562945,RJ,Sudeste
3303708,2018,hybrid,hybrid_bvr,0.0,0.07852671874191713,0.191549867966687,0.12736222202689637,0.9214732812580828,0.8084501320333131,0.11302314922476986,0.41980046047582503,0.3172387778196907,0.6044260027662517,10.623374030285696,9.541806846410465,RJ,Sudeste
3303856,2018,hybrid,hybrid_bvr,0.0,0.09135343521960622,0.25477399081459995,0.15051925857762588,0.9086465647803937,0.7452260091854,0.16342055559499374,0.5302067847006352,0.4112559700529237,0.7401574803149606,10.179565051629774,9.290968316356153,RJ,Sudeste
3303906,2018,hybrid,hybrid_bvr,0.0,0.0490911104431331,0.15224077516856147,0.09839981285320878,0.9509088895568669,0.8477592248314385,0.10314966472542836,0.4102500148464873,0.2943681914723548,0.6497876081942129,12.597834288579845,10.105663755910271,RJ,Sudeste
3303955,2018,hybrid,hybrid_bvr,0.0,0.09249509652111076,0.1961628817541112,0.13779437105112005,0.9075049034788892,0.8038371182458888,0.10366778523300044,0.6811753747142011,0.5005277259072827,0.8267435252090607,10.030956857781932,9.111030832524234,RJ,Sudeste
3304003,2018,hybrid,hybrid_bvr,0.0,0.10954702736709657,0.22182155367813725,0.15790879942999644,0.8904529726329035,0.7781784463218627,0.11227452631104068,0.6337367419091651,0.4911619443722381,0.7783987522744996,10.177856395925783,10.589554547881752,RJ,Sudeste
3304102,2018,hybrid,hybrid_bvr,0.0,0.06339389253962119,0.12034659820282413,0.08866995073891626,0.9366061074603789,0.8796534017971759,0.05695270566320294,0.5306686510045711,0.45394173093401885,0.6381748071979434,9.784704016546161,9.229016238589772,RJ,Sudeste
3304151,2018,hybrid,hybrid_bvr,0.0,0.4085686674540964,0.4576331784054344,0.43123871841155237,0.5914313325459035,0.5423668215945656,0.04906451095133796,0.5372141750933771,0.41174402250351616,0.7026195499296765,9.915514932748847,12.140412921696408,RJ,Sudeste
3304201,2018,hybrid,hybrid_bvr,0.0,0.05771146638834859,0.1487783679381941,0.10786765566635095,0.9422885336116514,0.8512216320618059,0.09106690154984551,0.4863564460848932,0.3813262684649968,0.6657353885677585,11.69332016657047,10.783976792318612,RJ,Sudeste
3304300,2018,hybrid,hybrid_bvr,0.0,0.03553690370769645,0.12773684756667011,0.07470427259887005,0.9644630962923035,0.8722631524333299,0.09219994385897366,0.4925627975701855,0.36097606581899777,0.6970830216903515,10.925056796705926,9.953824646538811,RJ,Sudeste
3304508,2018,hybrid,hybrid_bvr,0.0,0.08288827173680838,0.12369246861924686,0.1011275546159267,0.9171117282631917,0.8763075313807531,0.040804196882438484,0.5321735877291432,0.4344141488577745,0.636698599852616,9.054972284742485,10.436459537245439,RJ,Sudeste
3304557,2018,hybrid,hybrid_bvr,0.0,0.0719065789936974,0.18304179079065006,0.1414332103064565,0.9280934210063025,0.8169582092093499,0.11113521179695265,0.6098786960644339,0.43379620169570327,0.7753512972455927,15.659300333253375,10.40224174838353,RJ,Sudeste
3304706,2018,hybrid,hybrid_bvr,0.0,0.1057627875809694,0.25950273366310855,0.17624670342843443,0.8942372124190306,0.7404972663368914,0.15373994608213915,0.4332402989105969,0.33143757109108407,0.5810657100358737,10.611252372919454,9.574255053686814,RJ,Sudeste
3304755,2018,hybrid,hybrid_bvr,0.0,0.08902134204960585,0.2566742596810934,0.1385192582795757,0.9109786579503941,0.7433257403189066,0.16765291763148757,0.3757465238203784,0.3268684317351495,0.515042172206937,10.629924430960715,9.351621437628364,RJ,Sudeste
3304805,2018,hybrid,hybrid_bvr,0.0,0.17293233082706766,0.2944866036859223,0.22409457561803992,0.8270676691729324,0.7055133963140777,0.12155427285885462,0.3115884512352416,0.26575085239907104,0.4677570786183723,10.533242221705077,9.253800547659226,RJ,Sudeste
3304904,2018,hybrid,hybrid_bvr,0.0,0.056597533328923554,0.15082618200423265,0.10419862683637425,0.9434024666710764,0.8491738179957673,0.09422864867530908,0.7017281670663609,0.4946027860708818,0.851533863679913,13.815238520965565,9.242808604022873,RJ,Sudeste
3305109,2018,hybrid,hybrid_bvr,0.0,0.06933753560821868,0.20022603015313248,0.12930523614577047,0.9306624643917814,0.7997739698468675,0.1308884945449138,0.7318992865999968,0.5353545325106787,0.8642961556715709,13.03609281685152,9.299692579374092,RJ,Sudeste
3305133,2018,hybrid,hybrid_bvr,0.0,0.024493243243243243,0.09895414320193081,0.050055309734513276,0.9755067567567568,0.9010458567980691,0.07446089995868757,0.5386922615476905,0.4022027330205996,0.5249847032429125,8.854093907655518,9.217341368184991,RJ,Sudeste
3305158,2018,hybrid,hybrid_bvr,0.0,0.18860807242549982,0.2693899586107612,0.2163048184573514,0.8113919275745002,0.7306100413892388,0.08078188618526139,0.2788114161849711,0.19537452537107353,0.4353641698308595,9.915959454031448,10.291511767465884,RJ,Sudeste
3305208,2018,hybrid,hybrid_bvr,0.0,0.03618472759281964,0.1312076574056809,0.08387056491266409,0.9638152724071803,0.8687923425943191,0.09502292981286127,0.486437908496732,0.33129270708969444,0.7440241826910864,11.383670629112967,9.266191910415076,RJ,Sudeste
3305505,2018,hybrid,hybrid_bvr,0.0,0.09704299519703721,0.28399431085237986,0.18400653423538657,0.9029570048029628,0.7160056891476201,0.18695131565534265,0.5193211418136899,0.41918907863789756,0.683147561100317,11.214977545228537,9.889765305670931,RJ,Sudeste
3305554,2018,hybrid,hybrid_bvr,0.0,0.07908077053058465,0.2324145794833484,0.14989554001271688,0.9209192294694153,0.7675854205166516,0.15333380895276374,0.6733288918498779,0.4768991081981304,0.8086386590738154,11.26684588237296,9.28304822829908,RJ,Sudeste
3305752,2018,hybrid,hybrid_bvr,0.0,0.03171352324210265,0.11248935911467835,0.058847635439718056,0.9682864767578974,0.8875106408853216,0.0807758358725757,0.7129711892372128,0.5382342076099003,0.8478635636005418,10.333059735987526,9.312804271655585,RJ,Sudeste
3305802,2018,hybrid,hybrid_bvr,0.0,0.16326530612244897,0.33138014367530705,0.24150535141609675,0.8367346938775511,0.668619856324693,0.16811483755285808,0.3110481068227547,0.2252283027031951,0.5217826968185648,12.006071725718227,9.78079319608151,RJ,Sudeste
3305901,2016,hybrid,hybrid_bvr,0.0,0.14367450731087095,0.28631727048892014,0.18796498905908096,0.856325492689129,0.7136827295110799,0.1426427631780492,0.6061016949152542,0.5300347509515142,0.7069336422306801,9.23883064237581,9.069073263973594,RJ,Sudeste
3306008,2018,hybrid,hybrid_bvr,0.0,0.13038912909203212,0.25871811160520247,0.19191578812240248,0.8696108709079678,0.7412818883947976,0.12832898251317035,0.6266102361294202,0.47954550537923013,0.7518173074772417,11.257155410828924,10.073571169748762,RJ,Sudeste
3306107,2018,hybrid,hybrid_bvr,0.0,0.09952808546896506,0.21839538846390893,0.15536960510296816,0.9004719145310349,0.7816046115360911,0.11886730299494387,0.6129839218924564,0.5048081523299206,0.7372739450770261,11.182238461569657,9.563371867434977,RJ,Sudeste
3306156,2018,hybrid,hybrid_bvr,0.0,0.08641304347826087,0.26603053435114504,0.144208328215207,0.9135869565217392,0.7339694656488549,0.17961749087288417,0.407926267281106,0.32637571157495254,0.4303605313092979,9.156412029950626,9.068399804822409,RJ,Sudeste
3306206,2016,hybrid,hybrid_bvr,0.0,0.28983696670622777,0.40142183430703177,0.3421209314633501,0.7101630332937723,0.5985781656929683,0.111584867600804,0.47593240380351776,0.3778719714849959,0.660661817831511,10.446102498791525,9.565956051226957,RJ,Sudeste
3306305,2018,hybrid,hybrid_bvr,0.0,0.13513791789792326,0.27364798349307357,0.21354268891069675,0.8648620821020767,0.7263520165069264,0.1385100655951503,0.6173887104758762,0.3952939352931007,0.8088541263018583,12.459951006347367,10.530958106891388,RJ,Sudeste
2400109,2016,hybrid,hybrid_bvr,0.0,0.45445773832497105,0.6533274375414548,0.5470842777663301,0.545542261675029,0.34667256245854516,0.1988696992164838,0.5990316235436526,0.5231098430813124,0.7325249643366619,9.308827318690836,8.602426822409246,RN,Nordeste
2400901,2016,hybrid,hybrid_bvr,0.0,0.2890642615558061,0.4635416666666667,0.3338914936369725,0.7109357384441939,0.5364583333333333,0.17447740511086057,0.7915958222006315,0.7656444776863625,0.8713537771129394,8.840290669088972,8.388872711804803,RN,Nordeste
2401602,2016,hybrid,hybrid_bvr,0.0,0.3668109668109668,0.5206327372764786,0.4122789184793657,0.6331890331890332,0.47936726272352137,0.15382177046551182,0.6853490658800393,0.6321385176184691,0.7578979343863913,8.53954159508,8.536025118062792,RN,Nordeste
2401859,2016,hybrid,hybrid_bvr,0.0,0.4184811471056824,0.5901741293532339,0.46985485671752886,0.5815188528943176,0.4098258706467661,0.17169298224755147,0.535596275157705,0.49081142210913203,0.6160588068985016,8.702177865629675,8.55707857724271,RN,Nordeste
2402105,2016,hybrid,hybrid_bvr,0.0,0.2723356433789099,0.46145685997171143,0.33778158667972574,0.7276643566210901,0.5385431400282885,0.1891212165928015,0.7767744265847932,0.7409423690632626,0.8340529378637132,9.236592743120248,8.329738670498145,RN,Nordeste
2402402,2016,hybrid,hybrid_bvr,0.0,0.2648452746027321,0.4358343583435834,0.33405243942914037,0.7351547253972679,0.5641656416564166,0.1709890837408513,0.5294253404108008,0.4658428538120774,0.608766612263931,8.913146539151807,8.74764875209054,RN,Nordeste
2402709,2016,hybrid,hybrid_bvr,0.0,0.24202170743560666,0.4610939907550077,0.3068065214912781,0.7579782925643933,0.5389060092449923,0.219072283319401,0.5997543428671697,0.5641025641025641,0.6582391967007352,9.29798488182823,8.560875145118247,RN,Nordeste
2402808,2016,hybrid,hybrid_bvr,0.0,0.25942292695606967,0.41218925421010427,0.29676153091265944,0.7405770730439303,0.5878107457898958,0.1527663272540346,0.7088974854932302,0.6716817118020729,0.7723169508525577,8.595079730073309,8.43103251630692,RN,Nordeste
2402907,2016,hybrid,hybrid_bvr,0.0,0.21313065976714102,0.4399615754082613,0.2701330108827086,0.786869340232859,0.5600384245917387,0.2268309156411203,0.8164138467522365,0.8176395398380912,0.873881550916063,8.470520783217808,8.501734844148162,RN,Nordeste
2403004,2016,hybrid,hybrid_bvr,0.0,0.8268334559725288,0.9173816333015571,0.8662790697674418,0.17316654402747123,0.08261836669844291,0.09054817732902831,0.6621648460774578,0.6388888888888888,0.7478017585931255,8.983063289380366,8.66299988101399,RN,Nordeste
2403103,2016,hybrid,hybrid_bvr,0.0,0.3107976653696498,0.442454883786251,0.36804495205521287,0.6892023346303502,0.557545116213749,0.13165721841660116,0.5770632933632012,0.5262672406219802,0.6893613282965826,10.66082944513807,9.095557380123338,RN,Nordeste
2403202,2016,hybrid,hybrid_bvr,0.0,0.12875318066157762,0.27251864601262193,0.17274167987321712,0.8712468193384224,0.7274813539873781,0.1437654653510443,0.833780880773362,0.8387369608119538,0.8996334930927544,8.778325928634482,8.361248955062123,RN,Nordeste
2403806,2016,hybrid,hybrid_bvr,0.0,0.4899328859060403,0.5864856126737795,0.5272159800249688,0.5100671140939597,0.4135143873262205,0.09655272676773924,0.6509887760555852,0.635836053681538,0.7363075807036634,9.100413892597578,8.416028200504773,RN,Nordeste
2405009,2016,hybrid,hybrid_bvr,0.0,0.17092924126172207,0.392688679245283,0.22962615360550603,0.829070758738278,0.6073113207547169,0.22175943798356093,0.47154830172033524,0.4554363042463836,0.552263182454503,8.977777598745481,8.437261939150664,RN,Nordeste
2405108,2016,hybrid,hybrid_bvr,0.0,0.16458072590738423,0.36616702355460384,0.21010166209456188,0.8354192740926157,0.6338329764453962,0.2015862976472196,0.6456692913385826,0.6061522945032779,0.6994452849218356,8.824824939175638,8.371476190673128,RN,Nordeste
2405306,2016,hybrid,hybrid_bvr,0.0,0.05232657235384353,0.15002613695765812,0.0763398020819946,0.9476734276461565,0.8499738630423419,0.0976995646038146,0.4774102460669625,0.4968553459119497,0.6063286163522013,9.106201332235038,8.387051895432256,RN,Nordeste
2405405,2016,hybrid,hybrid_bvr,0.0,0.18937644341801385,0.36107091172214184,0.23091736694677872,0.8106235565819861,0.6389290882778582,0.171694468304128,0.5767579173376275,0.6061776061776062,0.6883618312189741,8.6164953924901,8.405615959466763,RN,Nordeste
2405504,2016,hybrid,hybrid_bvr,0.0,0.26549929010885,0.3936781609195402,0.29694167852062586,0.73450070989115,0.6063218390804598,0.12817887081069024,0.6651558073654391,0.6382536382536382,0.7889812889812889,7.865955413933502,8.609045154517606,RN,Nordeste
2405702,2016,hybrid,hybrid_bvr,0.0,0.35731933292155654,0.539447731755424,0.4274185891958606,0.6426806670784435,0.46055226824457596,0.1821283988338675,0.6090315705341681,0.5651415537367503,0.7046826781161948,9.402034535016803,8.915250428587324,RN,Nordeste
2405801,2016,hybrid,hybrid_bvr,0.0,0.44516403015182077,0.5960493172477794,0.4881949444802365,0.5548359698481793,0.40395068275222057,0.15088528709595866,0.6563016465691376,0.6201056930098486,0.7433341340379535,10.380559889496727,8.775105513757163,RN,Nordeste
2406007,2016,hybrid,hybrid_bvr,0.0,0.11156083986845435,0.2658959537572254,0.15144140771246725,0.8884391601315457,0.7341040462427746,0.15433511388877108,0.9151121924844553,0.8776263486655309,0.9409426462237365,8.677269139262872,8.477811592792612,RN,Nordeste
2406205,2016,hybrid,hybrid_bvr,0.0,0.467005076142132,0.5975103734439834,0.5061311533676914,0.532994923857868,0.4024896265560166,0.1305052973018514,0.6464501293475137,0.6004313000616143,0.7338262476894639,8.736649954872451,8.453782453341715,RN,Nordeste
2406502,2016,hybrid,hybrid_bvr,0.0,0.2632405745062837,0.4414389291689905,0.31432,0.7367594254937163,0.5585610708310095,0.17819835466270684,0.5741969046690076,0.5725378013894564,0.6535894292330745,9.54559758504085,8.36265625377855,RN,Nordeste
2406809,2016,hybrid,hybrid_bvr,0.0,0.24253075571177504,0.4368580060422961,0.30573625073920757,0.7574692442882249,0.5631419939577039,0.19432725033052103,0.7200247218788628,0.6942277691107644,0.8109204368174727,8.436416881388949,8.498679412296314,RN,Nordeste
2407005,2016,hybrid,hybrid_bvr,0.0,0.23740030544714066,0.4185430463576159,0.2875168442974397,0.7625996945528594,0.5814569536423841,0.18114274091047525,0.8513792456370801,0.8101806877792889,0.8845929667767631,9.170559501964338,8.459206865630582,RN,Nordeste
2407252,2016,hybrid,hybrid_bvr,0.0,0.13211009174311927,0.262782401902497,0.1684315023163468,0.8678899082568807,0.737217598097503,0.13067231015937775,0.8869731800766284,0.8850045998160073,0.9254829806807727,8.170751423757535,8.414468715695678,RN,Nordeste
2407302,2016,hybrid,hybrid_bvr,0.0,0.23591331269349844,0.42321707444039564,0.28892171344165435,0.7640866873065015,0.5767829255596044,0.1873037617468972,0.8784984451354954,0.8270828654839434,0.9126431619133168,9.019785010255125,8.42628709249857,RN,Nordeste
2407401,2016,hybrid,hybrid_bvr,0.0,0.3857925993604386,0.5457132692991817,0.4483238280706635,0.6142074006395615,0.45428673070081826,0.15992066993874315,0.6072033898305085,0.5648013313917204,0.652381942999792,9.014082149443356,8.503766882319011,RN,Nordeste
2407906,2016,hybrid,hybrid_bvr,0.0,0.14559925093632958,0.376425855513308,0.2077922077922078,0.8544007490636705,0.623574144486692,0.2308266045769784,0.7149972329828445,0.6562325321408609,0.7875908328675237,7.72356247227797,8.605927982960011,RN,Nordeste
2408300,2016,hybrid,hybrid_bvr,0.0,0.4447513812154696,0.6258680555555556,0.5018188057652712,0.5552486187845305,0.3741319444444444,0.181116674340086,0.5388109927089175,0.5125596726528756,0.6449192998408729,10.477006245640542,8.848940682568523,RN,Nordeste
2408508,2016,hybrid,hybrid_bvr,0.0,0.24926362297496318,0.3597918022121015,0.2890716803760282,0.7507363770250368,0.6402081977878985,0.11052817923713831,0.6470588235294118,0.552170868347339,0.773109243697479,8.455104999102815,8.51804407425847,RN,Nordeste
2408607,2016,hybrid,hybrid_bvr,0.0,0.13956127080181543,0.29633401221995925,0.1819184123484013,0.8604387291981845,0.7036659877800407,0.15677274141814382,0.9046206019499788,0.8878963823135329,0.9303260384100045,8.281977058867758,8.4242385347828,RN,Nordeste
2408805,2016,hybrid,hybrid_bvr,0.0,0.1425997425997426,0.37653239929947463,0.19574298786552616,0.8574002574002574,0.6234676007005253,0.23393265669973204,0.6825622775800712,0.5919698009608785,0.6859986273164036,8.485702524324866,8.36476102034668,RN,Nordeste
2409100,2016,hybrid,hybrid_bvr,0.0,0.31816807738814995,0.4788893115252948,0.3634399308556612,0.6818319226118501,0.5211106884747052,0.16072123413714484,0.4438523030072326,0.5494243747518857,0.6599841206828106,9.314700387300425,8.417044296863459,RN,Nordeste
2409209,2016,hybrid,hybrid_bvr,0.0,0.19636507309363888,0.3466550825369244,0.24334600760456274,0.8036349269063612,0.6533449174630757,0.15029000944328552,0.6005735354362965,0.5853298931072614,0.7187615186140803,7.970740390007095,8.592233371416224,RN,Nordeste
2409332,2016,hybrid,hybrid_bvr,0.0,0.5169517884914463,0.7174645987862441,0.58,0.4830482115085537,0.28253540121375587,0.20051281029479784,0.598877517332453,0.552899936265137,0.6816443594646272,8.468423027046809,8.440037255186816,RN,Nordeste
2409506,2016,hybrid,hybrid_bvr,0.0,0.16309987029831388,0.3295346628679962,0.2054132431126148,0.8369001297016861,0.6704653371320037,0.16643479256968233,0.5817717206132879,0.5718075028419856,0.6566881394467602,8.166500319155052,8.79853598554263,RN,Nordeste
2410306,2016,hybrid,hybrid_bvr,0.0,0.08730947647448642,0.2795983086680761,0.13318199016269391,0.9126905235255136,0.7204016913319239,0.1922888321935897,0.6370355573312025,0.6971231766612642,0.7581037277147488,9.078864009187797,8.49171160434617,RN,Nordeste
2410900,2016,hybrid,hybrid_bvr,0.0,0.4283276450511945,0.5888324873096447,0.48311564192417966,0.5716723549488054,0.41116751269035534,0.16050484225845013,0.6227428013665203,0.5721452460582895,0.745819397993311,8.863191340690854,8.426952917008757,RN,Nordeste
2411205,2016,hybrid,hybrid_bvr,0.0,0.2631641366223909,0.41466407608139894,0.31871059741819274,0.7368358633776091,0.5853359239186011,0.15149993945900803,0.5347452018530774,0.5216786330494796,0.6642733901040797,10.485619369994788,8.579800567309173,RN,Nordeste
2411502,2016,hybrid,hybrid_bvr,0.0,0.15468655816757082,0.36314265025343956,0.21591574019894674,0.8453134418324292,0.6368573497465604,0.20845609208586874,0.7897483376820132,0.7066358299235012,0.8647927415050702,10.008568028986636,8.487656085014237,RN,Nordeste
2411601,2016,hybrid,hybrid_bvr,0.0,0.5141996557659209,0.6977138018628282,0.5758699372504278,0.48580034423407914,0.30228619813717184,0.1835141460969073,0.6842615012106538,0.6368863334807607,0.7363998230871296,7.99799931797973,9.026579123861659,RN,Nordeste
2411700,2016,hybrid,hybrid_bvr,0.0,0.2674707343029443,0.425531914893617,0.31762146482958664,0.7325292656970557,0.574468085106383,0.1580611805906727,0.4840568574721475,0.518312101910828,0.6325636942675159,8.270013062273787,8.441519925095466,RN,Nordeste
2412302,2016,hybrid,hybrid_bvr,0.0,0.2699578403372773,0.41435959841801034,0.31456766917293233,0.7300421596627227,0.5856404015819896,0.14440175808073302,0.6091120139291932,0.5810933252793717,0.6775898520084567,9.421897054038473,8.353816963878701,RN,Nordeste
2412401,2016,hybrid,hybrid_bvr,0.0,0.847041847041847,0.94580078125,0.8960503998061546,0.15295815295815296,0.05419921875,0.09875893420815296,0.6291940505015565,0.5721963453959155,0.7957721246864923,8.350193650720067,8.914923428114049,RN,Nordeste
2412500,2016,hybrid,hybrid_bvr,0.0,0.20052083333333334,0.4146391331016152,0.2548865893174454,0.7994791666666666,0.5853608668983847,0.21411829976828187,0.7960980662983426,0.7527625636590756,0.8213702315749015,10.005908752635277,8.466633624169734,RN,Nordeste
2412559,2016,hybrid,hybrid_bvr,0.0,0.0998104864181933,0.22281639928698752,0.12563942607610729,0.9001895135818067,0.7771836007130125,0.12300591286879421,0.6865514333895447,0.6821302267526523,0.7882255044726441,9.067624069774588,8.573915780450857,RN,Nordeste
2412609,2016,hybrid,hybrid_bvr,0.0,0.5023951396191144,0.710308502633559,0.5814673482612139,0.4976048603808856,0.28969149736644095,0.20791336301444463,0.5065102765522437,0.4691916961130742,0.5887809187279152,9.670483041375043,8.744400933730144,RN,Nordeste
2412708,2016,hybrid,hybrid_bvr,0.0,0.6984900146127618,0.8101442531409958,0.7364972834771493,0.30150998538723817,0.1898557468590042,0.11165423852823397,0.5544946436888681,0.5424539039380833,0.6419303437286592,8.737933858114136,8.504734183181824,RN,Nordeste
2413003,2016,hybrid,hybrid_bvr,0.0,0.13426200355660936,0.2404853833425262,0.17139001349527666,0.8657379964433907,0.7595146166574738,0.10622337978591684,0.6489422527158376,0.5891193267207695,0.7204688908926962,8.704170559746386,8.425307797267116,RN,Nordeste
2413300,2016,hybrid,hybrid_bvr,0.0,0.1733457595526561,0.2793103448275862,0.2001044932079415,0.8266542404473439,0.7206896551724138,0.1059645852749301,0.4713224368499257,0.563441483198146,0.6575898030127463,8.655737000864297,8.316007727307998,RN,Nordeste
2413508,2016,hybrid,hybrid_bvr,0.0,0.1353069739717862,0.31997863247863245,0.18537291817523532,0.8646930260282137,0.6800213675213675,0.18467165850684625,0.7311212814645309,0.7079870729455217,0.8337950138504155,8.791941988456118,8.49748963230184,RN,Nordeste
2413557,2016,hybrid,hybrid_bvr,0.0,0.3671352074966533,0.5646687697160884,0.42598684210526316,0.6328647925033467,0.43533123028391163,0.19753356221943508,0.7118030412744388,0.6655468458379993,0.8021649869354237,8.420682291035394,8.484551668903114,RN,Nordeste
2413706,2016,hybrid,hybrid_bvr,0.0,0.1415358744394619,0.26024590163934425,0.1759682224428997,0.8584641255605381,0.7397540983606558,0.11871002719988236,0.7184434270765206,0.6920164089618176,0.7664878510571158,8.521185212685776,8.4460779782904,RN,Nordeste
2414001,2016,hybrid,hybrid_bvr,0.0,0.40207910144581194,0.5685879687893279,0.4554952620069653,0.5979208985541881,0.43141203121067206,0.166508867343516,0.5349391544348262,0.4762686190355971,0.6224438273163343,9.559235128595953,8.538536975852628,RN,Nordeste
2414100,2016,hybrid,hybrid_bvr,0.0,0.1000486460191341,0.2017232640648758,0.12458573708113416,0.8999513539808659,0.7982767359351242,0.10167461804574171,0.7907767907767908,0.8006425129394967,0.8447260396216313,9.198571388376184,8.422311939137831,RN,Nordeste
2414159,2016,hybrid,hybrid_bvr,0.0,0.17029096477794795,0.3254401942926533,0.22231270358306188,0.8297090352220521,0.6745598057073467,0.15514922951470536,0.7498440424204617,0.7141029740965782,0.8487368084425967,8.595264726836392,8.471395216546378,RN,Nordeste
2414407,2016,hybrid,hybrid_bvr,0.0,0.09333946736185657,0.24648129076553382,0.12846565847511027,0.9066605326381434,0.7535187092344662,0.15314182340367727,0.5701436434420728,0.5403739061256961,0.6630204189870061,10.344609337852328,8.744310950953798,RN,Nordeste
2414704,2016,hybrid,hybrid_bvr,0.0,0.26466339208321293,0.39138134592680046,0.3062451512800621,0.7353366079167871,0.6086186540731995,0.12671795384358753,0.5659241420830825,0.5394190871369294,0.6680497925311203,8.56331312702979,8.493539000518348,RN,Nordeste
2414753,2016,hybrid,hybrid_bvr,0.0,0.4195137976346912,0.6131774707757705,0.46431254695717505,0.5804862023653088,0.38682252922422955,0.19366367314107924,0.7123681687440077,0.7091757387247278,0.7636080870917574,8.2482674474469,8.368783654706924,RN,Nordeste
1400233,2016,hybrid,hybrid_bvr,0.0,0.7547826086956522,0.857852502865877,0.7992417999011043,0.24521739130434783,0.142147497134123,0.10306989417022483,0.4519971969166083,0.42583839747918073,0.495836146747693,9.001346243766392,9.108970459110491,RR,Norte
1400282,2016,hybrid,hybrid_bvr,0.0,0.7905288627722088,0.901419878296146,0.841545352743561,0.2094711372277912,0.098580121703854,0.11089101552393721,0.4664198836594394,0.45753768844221104,0.549497487437186,9.070618428801046,9.07991887117489,RR,Norte
1400308,2016,hybrid,hybrid_bvr,0.0,0.8183915622940013,0.9201353637901861,0.868592419435632,0.18160843770599866,0.07986463620981388,0.10174380149618478,0.413604898828541,0.39166875156367276,0.5006254691018264,9.60184177306696,9.205814189679725,RR,Norte
1400506,2016,hybrid,hybrid_bvr,0.0,0.8216952129995608,0.8950058985450255,0.8603734439834025,0.17830478700043917,0.10499410145497445,0.07331068554546472,0.4764837625979843,0.44628984730779536,0.5531743905705867,8.820108644508608,9.185208159156346,RR,Norte
1400605,2016,hybrid,hybrid_bvr,0.0,0.8154323381155487,0.9013709063214014,0.8587896253602305,0.18456766188445128,0.09862909367859862,0.08593856820585266,0.4387114387114387,0.4381390593047035,0.5273517382413088,8.817297783866575,9.08764529195878,RR,Norte
4300109,2016,hybrid,hybrid_bvr,0.0,0.07020347288803665,0.22872206879236756,0.1173919545386571,0.9297965271119634,0.7712779312076324,0.15851859590433093,0.5780048753047066,0.570493358633776,0.6345351043643264,9.724480496710003,9.592578025734639,RS,Sul
4300307,2016,hybrid,hybrid_bvr,0.0,0.08018433179723503,0.2222222222222222,0.12226366142370683,0.919815668202765,0.7777777777777778,0.14203789042498718,0.5678330263965623,0.5765746787444702,0.631135453970929,8.86007342433278,9.023249475555406,RS,Sul
4300406,2016,hybrid,hybrid_bvr,0.0,0.10351805728518057,0.17518760081352128,0.137027583367641,0.8964819427148194,0.8248123991864788,0.0716695435283407,0.49332977588046956,0.48664492242595203,0.5807916078984485,11.260005462730717,9.525695121472014,RS,Sul
4300802,2016,hybrid,hybrid_bvr,0.0,0.3450622406639004,0.382307092751364,0.3620643311531225,0.6549377593360997,0.617692907248636,0.03724485208746359,0.3808851224105461,0.368382710053424,0.4720738222438077,9.459775257244461,9.879533485045545,RS,Sul
4301206,2016,hybrid,hybrid_bvr,0.0,0.11554276315789473,0.2551973485989756,0.15917867570876895,0.8844572368421053,0.7448026514010244,0.13965458544108084,0.6764348249027238,0.6856432566811684,0.7469235550031075,9.445254378889308,9.605511267635453,RS,Sul
4301305,2016,hybrid,hybrid_bvr,0.0,0.05846505427537612,0.1439633931714185,0.08838960557990247,0.9415349457246239,0.8560366068285815,0.08549833889604239,0.4193575655114117,0.4157755154418684,0.4980751133544358,9.823903073193286,9.689824500954307,RS,Sul
4301503,2016,hybrid,hybrid_bvr,0.0,0.3366564417177914,0.3249466950959488,0.3322678599968036,0.6633435582822086,0.6750533049040512,-0.011709746621842598,0.5387689848121503,0.5471161657189277,0.5844841592201462,8.867286523989415,9.894135900950596,RS,Sul
4301602,2016,hybrid,hybrid_bvr,0.0,0.043030315851826775,0.09377539044867744,0.06752495772189188,0.9569696841481732,0.9062246095513226,0.05074507459685067,0.4223467673599239,0.41277058858608145,0.5313226787524599,11.668166978193774,9.308242280072246,RS,Sul
4301701,2016,hybrid,hybrid_bvr,0.0,0.07662082514734773,0.2097902097902098,0.12666433076384023,0.9233791748526523,0.7902097902097902,0.13316938464286204,0.4738292011019284,0.4638025160218372,0.529314028008545,8.784009071186633,9.637311468053072,RS,Sul
4301750,2016,hybrid,hybrid_bvr,0.0,0.0690350214159738,0.20161290322580644,0.10057581573896353,0.9309649785840262,0.7983870967741935,0.13257788180983265,0.4170483460559796,0.45091383812010444,0.5177545691906005,8.85623355614316,9.025702084045081,RS,Sul
4301859,2016,hybrid,hybrid_bvr,0.0,0.2706645056726094,0.4182741116751269,0.32181882270003526,0.7293354943273906,0.581725888324873,0.1476096060025175,0.5695674830640959,0.5385835095137421,0.5993657505285412,8.035602692918582,8.904692766514298,RS,Sul
4302105,2014,hybrid,hybrid_bvr,0.0,0.04123615160349854,0.09232637202525498,0.06625273575030925,0.9587638483965014,0.907673627974745,0.05109022042175644,0.4350242680444653,0.4121084290289821,0.5387235372236544,11.583178874977904,10.39513503191545,RS,Sul
4302352,2016,hybrid,hybrid_bvr,0.0,0.0492232501309129,0.13135593220338984,0.08299138284776364,0.9507767498690871,0.8686440677966102,0.08213268207247694,0.48706074639062924,0.4988205910919939,0.5645899819619814,9.374922172292127,9.9841786337216,RS,Sul
4302709,2016,hybrid,hybrid_bvr,0.0,0.21451898852290752,0.27060151588453474,0.23504728132387706,0.7854810114770925,0.7293984841154653,0.05608252736162722,0.4350093716893489,0.446095145315798,0.539373274882286,9.92358425423525,9.45503959125464,RS,Sul
4302808,2016,hybrid,hybrid_bvr,0.0,0.05476792752514854,0.10463721766939836,0.07316171031217636,0.9452320724748514,0.8953627823306016,0.049869290144249824,0.4842761172232499,0.4881580256741964,0.5657279331276744,10.424956336400598,9.39887588573808,RS,Sul
4302907,2016,hybrid,hybrid_bvr,0.0,0.03200775945683802,0.08857808857808858,0.05514214844495325,0.967992240543162,0.9114219114219114,0.056570329121250554,0.5689922480620155,0.5572743543850678,0.626949629250831,9.523397750759193,9.352096839597921,RS,Sul
4303004,2016,hybrid,hybrid_bvr,0.0,0.13029128248113997,0.21573759896590725,0.16837936666233072,0.86970871751886,0.7842624010340927,0.08544631648476728,0.4624034284141619,0.4323790527592006,0.5453674371309007,11.336510430280342,9.587365373011517,RS,Sul
4303103,2018,hybrid,hybrid_bvr,0.0,0.1254629342271326,0.2594109076154116,0.196261773366354,0.8745370657728674,0.7405890923845884,0.133947973388279,0.46444960468845026,0.4441999243938003,0.6098720095047794,11.680793064794033,10.488977316279627,RS,Sul
4303509,2016,hybrid,hybrid_bvr,0.0,0.10595495217525455,0.22149801748954429,0.14775767112509836,0.8940450478247455,0.7785019825104558,0.11554306531428973,0.4670156522644998,0.46920375321067254,0.5486973842847408,11.047136939678959,9.70994561201125,RS,Sul
4303905,2016,hybrid,hybrid_bvr,0.0,0.253394788158128,0.28977829222687207,0.26938630580158995,0.746605211841872,0.7102217077731279,0.03638350406874408,0.5073548521232912,0.4900745050010206,0.6281894264135538,11.003332414606783,10.28185797160476,RS,Sul
4304200,2016,hybrid,hybrid_bvr,0.0,0.2549432549432549,0.2536525974025974,0.25444970607446116,0.7450567450567451,0.7463474025974026,-0.0012906575406575471,0.5685708056252045,0.5654841588576528,0.6518853190539937,10.31463647711259,9.450375357431632,RS,Sul
4304358,2016,hybrid,hybrid_bvr,0.0,0.11086474501108648,0.19476567255021301,0.14424242424242426,0.8891352549889135,0.805234327449787,0.08390092753912654,0.6532062067676201,0.6245913548855794,0.7077733381765346,9.079206103951382,11.227857689741644,RS,Sul
4304408,2018,hybrid,hybrid_bvr,0.0,0.18223379262175377,0.3270371325425477,0.254070306752391,0.8177662073782462,0.6729628674574524,0.14480333992079392,0.32272440803097147,0.31624775583482945,0.40439856373429084,10.57717154818281,9.469072394125153,RS,Sul
4304507,2016,hybrid,hybrid_bvr,0.0,0.22569024066144988,0.3148614609571788,0.24702928119815254,0.7743097593385502,0.6851385390428212,0.08917122029572894,0.4726476389372317,0.4902408637873754,0.5606905552918842,10.882922083374908,9.103917395421442,RS,Sul
4304630,2016,hybrid,hybrid_bvr,0.0,0.07660952593667988,0.16114816579323488,0.11750806823420931,0.9233904740633201,0.8388518342067651,0.08453863985655499,0.4142959384505278,0.4053945965161749,0.5078652683967295,10.646376824990888,9.65171342230563,RS,Sul
4304663,2016,hybrid,hybrid_bvr,0.0,0.2561642808963501,0.4324282865470164,0.3138429024304332,0.7438357191036499,0.5675717134529836,0.1762640056506663,0.5103617589717669,0.47848951866189465,0.5966693448250676,10.098149321414688,9.323369164007662,RS,Sul
4304705,2016,hybrid,hybrid_bvr,0.0,0.09434625868284534,0.18324479948096184,0.14049917787427801,0.9056537413171547,0.8167552005190382,0.0888985407981165,0.4541699012975491,0.4179955703211517,0.5302879291251384,10.990651221810495,9.879273587787724,RS,Sul
4304804,2016,hybrid,hybrid_bvr,0.0,0.03641908862576247,0.10876638467974342,0.07194704405386898,0.9635809113742375,0.8912336153202566,0.07234729605398095,0.5156240445178255,0.5006960837721688,0.6114036680588342,10.13428176278086,10.5996440541483,RS,Sul
4304903,2016,hybrid,hybrid_bvr,0.0,0.15910837817063797,0.2725548631807098,0.21407894736842106,0.8408916218293621,0.7274451368192902,0.11344648501007185,0.46599232647366584,0.4607329842931937,0.5343924896190648,9.065430200180375,10.117153901142247,RS,Sul
4305009,2016,hybrid,hybrid_bvr,0.0,0.20074890784272936,0.3545960091593065,0.26055442522889116,0.7992510921572706,0.6454039908406934,0.15384710131657714,0.48559479553903345,0.4757266049185564,0.5763334397955925,9.140239744296693,9.696423934326527,RS,Sul
4305355,2016,hybrid,hybrid_bvr,0.0,0.06886948667770586,0.13975337639459776,0.10237188640330001,0.9311305133222941,0.8602466236054023,0.0708838897168919,0.4763504361488866,0.44685807150595885,0.5929035752979415,10.472204654717896,10.12970677681634,RS,Sul
4305454,2016,hybrid,hybrid_bvr,0.0,0.18424360944265958,0.24749048113534095,0.21247488019786676,0.8157563905573404,0.7525095188646591,0.06324687169268137,0.4601796407185629,0.44355890450659324,0.5509346471525866,9.44683440765853,9.272475767154061,RS,Sul
4305504,2016,hybrid,hybrid_bvr,0.0,0.10149368058215243,0.26542800265428,0.16144695314396698,0.8985063194178475,0.73457199734572,0.1639343220721276,0.5482736572890026,0.5412151067323481,0.5986863711001642,8.501470230951002,9.676833172571856,RS,Sul
4305801,2016,hybrid,hybrid_bvr,0.0,0.1338244321669736,0.2564841498559078,0.18475529496230705,0.8661755678330264,0.7435158501440922,0.12265971768893419,0.4770885028949545,0.47374784110535406,0.5402417962003454,9.185227671161108,9.522427394846803,RS,Sul
4306007,2016,hybrid,hybrid_bvr,0.0,0.05303747801380057,0.12122687439143136,0.07735094733182687,0.9469625219861995,0.8787731256085687,0.06818939637763079,0.601938575473753,0.5903733891397731,0.6412600506663729,9.552794680274943,9.516705110387825,RS,Sul
4306106,2016,hybrid,hybrid_bvr,0.0,0.03895469532299426,0.08984552008238929,0.06420197638971295,0.9610453046770058,0.9101544799176107,0.05089082475939503,0.47505272505272506,0.45061199679496033,0.5629265327549526,11.048044691463234,10.030442233084768,RS,Sul
4306205,2016,hybrid,hybrid_bvr,0.0,0.1005459508644222,0.22095490716180372,0.14427620792747614,0.8994540491355778,0.7790450928381962,0.12040895629738152,0.5382375284882248,0.5401626842907982,0.6103202846975089,9.41897923708751,9.457320927633742,RS,Sul
4306403,2016,hybrid,hybrid_bvr,0.0,0.06467142742517853,0.1261700095510984,0.09274035317200785,0.9353285725748215,0.8738299904489016,0.061498582125919854,0.5648578811369509,0.5522901624548736,0.6251128158844765,10.224556044005542,10.444314851309475,RS,Sul
4306601,2016,hybrid,hybrid_bvr,0.0,0.035653276023585166,0.08524111056989771,0.05566489536180542,0.9643467239764149,0.9147588894301023,0.04958783454631254,0.5425821115022951,0.5381916688871126,0.5997868371969092,10.56869811440305,9.680483780130473,RS,Sul
4306734,2016,hybrid,hybrid_bvr,0.0,0.04433139534883721,0.09587378640776699,0.06357856494096276,0.9556686046511628,0.904126213592233,0.05154239105892978,0.49546666666666667,0.48220592230372183,0.5240423797881011,8.577911926450943,9.711440710146015,RS,Sul
4306809,2016,hybrid,hybrid_bvr,0.0,0.1099290780141844,0.1970894492535441,0.15011574074074074,0.8900709219858156,0.8029105507464559,0.0871603712393597,0.5075792730085074,0.48776237623762375,0.5908118811881188,9.928667851066427,9.969577465936652,RS,Sul
4306908,2016,hybrid,hybrid_bvr,0.0,0.061098114765377735,0.12858572381587724,0.08076136695550579,0.9389018852346223,0.8714142761841228,0.0674876090504995,0.5195526940020332,0.5235060307017544,0.5997121710526315,10.107815189592698,9.122862001415905,RS,Sul
4307005,2016,hybrid,hybrid_bvr,0.0,0.10452627541235136,0.22791682898324894,0.16980037888062682,0.8954737245876486,0.7720831710167511,0.12339055357089758,0.49037114845938373,0.4750391250065941,0.5768344792417661,11.47300931005337,10.124647600442506,RS,Sul
4307609,2016,hybrid,hybrid_bvr,0.0,0.18613001768583526,0.21332895600787918,0.19828908554572272,0.8138699823141647,0.7866710439921208,0.027198938322043925,0.509030667905774,0.5016422334374749,0.6077064808139069,10.658999017292624,9.947907145537584,RS,Sul
4307708,2016,hybrid,hybrid_bvr,0.0,0.07458175601416535,0.11574306601930912,0.09603252079903253,0.9254182439858346,0.8842569339806909,0.04116131000514377,0.5657792610990375,0.522365712146734,0.6788695489425416,11.299175158672613,10.164353288083854,RS,Sul
4307807,2016,hybrid,hybrid_bvr,0.0,0.10648043853720808,0.19819227608874282,0.15017252195734002,0.8935195614627919,0.8018077239112572,0.09171183755153474,0.4981580886222503,0.47167755991285404,0.5837223778400249,10.32937601028517,10.236258931236241,RS,Sul
4307906,2016,hybrid,hybrid_bvr,0.0,0.06999166334408641,0.1367634610430238,0.10310388899032318,0.9300083366559135,0.8632365389569762,0.0667717976989374,0.4375731030535301,0.42890136088209,0.5257524585278633,11.060918912426148,10.279566170106088,RS,Sul
4308201,2016,hybrid,hybrid_bvr,0.0,0.583728813559322,0.5848543348543348,0.5841776769068655,0.41627118644067795,0.4151456651456652,0.0011255212950127547,0.32771961766044605,0.3258610624635143,0.4565674255691769,10.20824795652266,10.222952883643119,RS,Sul
4308458,2016,hybrid,hybrid_bvr,0.0,0.026160337552742614,0.1259351620947631,0.06634832872581051,0.9738396624472574,0.8740648379052369,0.0997748245420205,0.5578845533698806,0.552842916800514,0.5971731448763251,8.428361977709622,10.117920048493826,RS,Sul
4308508,2016,hybrid,hybrid_bvr,0.0,0.06005221932114883,0.12698544010589013,0.09273932729624838,0.9399477806788512,0.8730145598941099,0.06693322078474132,0.5517104442049129,0.5345776365802463,0.6039031031939638,10.269622608180354,9.97643450505521,RS,Sul
4308607,2016,hybrid,hybrid_bvr,0.0,0.5599080107320813,0.5957589785708952,0.5779382846770534,0.4400919892679187,0.4042410214291048,0.03585096783881392,0.3930424653182251,0.38538453356025953,0.4872885863206042,10.331659563179363,10.405388856115685,RS,Sul
4308805,2016,hybrid,hybrid_bvr,0.0,0.0713174850033326,0.13459983831851252,0.0936560217671488,0.9286825149966674,0.8654001616814875,0.06328235331517992,0.5413001912045889,0.5348435400268765,0.6310232290266846,9.041566627727496,9.337979572866313,RS,Sul
4308904,2016,hybrid,hybrid_bvr,0.0,0.17531305903398928,0.24829649326907097,0.20816725577197864,0.8246869409660107,0.751703506730929,0.07298343423508169,0.3710895361380798,0.37528672584023137,0.43652139224094944,9.689922976002242,9.798979575294165,RS,Sul
4309100,2016,hybrid,hybrid_bvr,0.0,0.17864866636083623,0.21936560934891486,0.19880932693897801,0.8213513336391638,0.7806343906510851,0.040716942988078625,0.30896382355719276,0.28582198558168026,0.4119116053338359,10.3819862463277,10.240375795677826,RS,Sul
4309209,2016,hybrid,hybrid_bvr,0.0,0.11741756858796878,0.2263824190277854,0.1705954504309075,0.8825824314120312,0.7736175809722146,0.1089648504398166,0.4336074272471971,0.4202069638602635,0.5855771162844102,12.451603715722012,10.258962743185506,RS,Sul
4309308,2018,hybrid,hybrid_bvr,0.0,0.23898766178450717,0.3647838769557147,0.3029481211630574,0.7610123382154929,0.6352161230442853,0.1257962151712075,0.45982313098113275,0.4199712126664268,0.5877653832313782,11.463777236703498,10.327834102774682,RS,Sul
4309407,2016,hybrid,hybrid_bvr,0.0,0.46406679348974844,0.4731238370891048,0.46862099597638085,0.5359332065102516,0.5268761629108951,0.009057043599356385,0.47834931705899447,0.46120145540951957,0.5653077894111532,10.035129661587844,9.835559406016953,RS,Sul
4309506,2016,hybrid,hybrid_bvr,0.0,0.04671236354404671,0.18577535950252624,0.10165847665847666,0.9532876364559533,0.8142246404974738,0.13906299595847954,0.5861940990907404,0.5808712121212121,0.6371212121212121,9.00146947994869,9.885526850773637,RS,Sul
4309555,2016,hybrid,hybrid_bvr,0.0,0.06306306306306306,0.1445336627547869,0.09554296971189362,0.9369369369369369,0.8554663372452131,0.08147059969172385,0.5274761434682461,0.5200922266139657,0.5846508563899868,8.355614995760183,9.628171890580358,RS,Sul
4309605,2016,hybrid,hybrid_bvr,0.0,0.20951174897987898,0.2315354713313897,0.22125912408759124,0.790488251020121,0.7684645286686103,0.022023722351510705,0.543849172496161,0.5275333165702791,0.6143659374738077,9.817275855717062,10.792665615913014,RS,Sul
4309753,2016,hybrid,hybrid_bvr,0.0,0.0715603098487643,0.17270992366412213,0.09976057462090981,0.9284396901512357,0.8272900763358779,0.10114961381535784,0.701263229771253,0.7235602094240837,0.7849912739965096,8.382747094863314,9.253832785397757,RS,Sul
4309803,2016,hybrid,hybrid_bvr,0.0,0.06806930693069307,0.18383311603650587,0.11293582617483577,0.931930693069307,0.8161668839634941,0.1157638091058128,0.4469525959367946,0.46245847176079735,0.532890365448505,8.457443187010464,9.958134558765998,RS,Sul
4310009,2016,hybrid,hybrid_bvr,0.0,0.04753059440559441,0.12350597609561753,0.08107451075726267,0.9524694055944056,0.8764940239043825,0.07597538169002313,0.5011933174224343,0.4989255869478711,0.5688022284122562,9.86837837542256,10.173295264267475,RS,Sul
4310108,2016,hybrid,hybrid_bvr,0.0,0.06968792739027727,0.13359261059795818,0.09461150506237913,0.9303120726097227,0.8664073894020419,0.06390468320768092,0.5235049243578028,0.507556993378153,0.626143658696861,10.362809333435003,10.380922636129435,RS,Sul
4310207,2016,hybrid,hybrid_bvr,0.0,0.24839593744962116,0.3292517417136653,0.290096433968437,0.7516040625503788,0.6707482582863347,0.08085580426404412,0.5410448540001253,0.5201501094548108,0.617908891900344,11.276126602833017,9.933953887917882,RS,Sul
4310330,2016,hybrid,hybrid_bvr,0.0,0.11799544419134396,0.1536366730965619,0.13584176423780833,0.882004555808656,0.8463633269034381,0.03564122890521794,0.44849281622687576,0.4225878833208676,0.5287958115183246,9.779623565313742,9.561602845424666,RS,Sul
4310504,2016,hybrid,hybrid_bvr,0.0,0.04877456927930114,0.11527647610121837,0.07143998721431996,0.9512254307206989,0.8847235238987816,0.06650190682191723,0.6083829874666119,0.6015212338897106,0.649059792943165,8.996899596123358,9.166886895529544,RS,Sul
4310603,2016,hybrid,hybrid_bvr,0.0,0.1006606831214161,0.21156722619245472,0.14813628110648297,0.8993393168785839,0.7884327738075453,0.11090654307103862,0.5130722178374112,0.5025623505295524,0.5978817902289033,10.54951691976812,9.796448436017291,RS,Sul
4310702,2016,hybrid,hybrid_bvr,0.0,0.08984830805134189,0.2979664014146773,0.15343057806591032,0.9101516919486581,0.7020335985853228,0.2081180933633354,0.5960975609756097,0.6240400667779633,0.6524207011686144,8.335911094196945,9.091462875232581,RS,Sul
4310801,2016,hybrid,hybrid_bvr,0.0,0.07136607924009498,0.16029121421520237,0.1160337552742616,0.928633920759905,0.8397087857847976,0.08892513497510739,0.5202793672164254,0.49792868166680204,0.6046624969539436,9.897167623791308,10.148818476222198,RS,Sul
4311106,2016,hybrid,hybrid_bvr,0.0,0.21308050779366866,0.2235324275826711,0.2170221169036335,0.7869194922063314,0.7764675724173289,0.01045191978900245,0.5162659123055162,0.5152324959914484,0.5939337252805986,9.347751727799142,9.390182026695237,RS,Sul
4311205,2016,hybrid,hybrid_bvr,0.0,0.1148159477923932,0.1570915619389587,0.13188678101703133,0.8851840522076068,0.8429084380610413,0.04227561414656551,0.5371604732544576,0.5259339559706471,0.6044029352901935,9.882212842257273,9.948070991450253,RS,Sul
4311254,2016,hybrid,hybrid_bvr,0.0,0.0720228809152366,0.1794276875483372,0.09900797510212021,0.9279771190847634,0.8205723124516628,0.1074048066331006,0.6396067415730337,0.6683659020107618,0.7060322854715378,8.729882284826589,9.060982821598294,RS,Sul
4311304,2016,hybrid,hybrid_bvr,0.0,0.32378816629291013,0.3521140805743917,0.3368941916389197,0.6762118337070899,0.6478859194256084,0.028325914281481568,0.4114769520225776,0.40481622306717363,0.48250950570342205,10.22284996159088,9.899539715576553,RS,Sul
4311403,2016,hybrid,hybrid_bvr,0.0,0.14979696755206198,0.26300096184674576,0.2105625796672064,0.850203032447938,0.7369990381532543,0.11320399429468378,0.5321288066443246,0.49454683101090635,0.6110624807778751,11.17668320190307,10.297455179807612,RS,Sul
4311700,2016,hybrid,hybrid_bvr,0.0,0.10551948051948051,0.2756482525366404,0.16762767710049423,0.8944805194805194,0.7243517474633596,0.17012877201715987,0.5596382136800452,0.5650491217624293,0.6275677284906223,8.61431990214696,9.510001228159936,RS,Sul
4311809,2016,hybrid,hybrid_bvr,0.0,0.148937574237825,0.262767321055117,0.2050529964669022,0.8510624257621751,0.737232678944883,0.11382974681729202,0.42456608811748997,0.4095348837209302,0.4937674418604651,10.50133455324175,10.320304041752326,RS,Sul
4312401,2016,hybrid,hybrid_bvr,0.0,0.2948723323969645,0.36143187066974597,0.3271868530020704,0.7051276676030356,0.6385681293302541,0.0665595382727815,0.4689848239280978,0.4476659052304809,0.5718092895214666,10.992301998724127,10.341258617614129,RS,Sul
4312500,2016,hybrid,hybrid_bvr,0.0,0.08141252955082742,0.16203104786545924,0.10663963507349214,0.9185874704491725,0.8379689521345408,0.08061851831463182,0.42655935613682094,0.4127536231884058,0.5102898550724637,9.402942238177694,9.71172533373206,RS,Sul
4312658,2016,hybrid,hybrid_bvr,0.0,0.10129564193168433,0.14303737580823214,0.12140356218602527,0.8987043580683156,0.8569626241917678,0.04174173387654781,0.4978989543633343,0.47796210856974575,0.5471679591636399,9.67633597982438,10.56646853633746,RS,Sul
4313011,2016,hybrid,hybrid_bvr,0.0,0.06077348066298342,0.2506112469437653,0.1241322988975092,0.9392265193370166,0.7493887530562346,0.18983776628078186,0.5688956433637284,0.5854678515420805,0.6163094615786723,7.919719760924575,10.04846715848985,RS,Sul
4313201,2016,hybrid,hybrid_bvr,0.0,0.07768064623215669,0.1596323618333535,0.11676387365017035,0.9223193537678434,0.8403676381666465,0.08195171560119681,0.4251169428367557,0.40771522659557785,0.5283832523129999,9.854559878912704,9.957365453541591,RS,Sul
4313300,2016,hybrid,hybrid_bvr,0.0,0.11697224213868689,0.24884934028843203,0.18288315940249641,0.8830277578613132,0.751150659711568,0.13187709814974513,0.4216081506999927,0.39843410178338406,0.5235609685370451,10.035830739523842,10.319220975366795,RS,Sul
4313409,2016,hybrid,hybrid_bvr,0.0,0.06678346903019684,0.12335672630226352,0.0924227284464853,0.9332165309698032,0.8766432736977365,0.05657325727206668,0.475056372812198,0.45203759556708983,0.5978887564003648,12.383967753371214,10.050729248795408,RS,Sul
4313508,2016,hybrid,hybrid_bvr,0.0,0.14265812203956535,0.2477202764709299,0.1940188191147625,0.8573418779604347,0.7522797235290701,0.10506215443136455,0.5279838165879973,0.5019596975335524,0.6089710598202621,10.619032030538111,10.31855858641429,RS,Sul
4313706,2016,hybrid,hybrid_bvr,0.0,0.6608695652173913,0.7947087454859476,0.7253907580516974,0.33913043478260874,0.2052912545140524,0.13383918026855635,0.4961916851793082,0.4944510289839457,0.5734834608339618,10.44371662667136,9.837359950010146,RS,Sul
4313805,2016,hybrid,hybrid_bvr,0.0,0.08019225904376423,0.16112747160286076,0.11046236389458734,0.9198077409562357,0.8388725283971392,0.08093521255909653,0.6372377622377622,0.6343200534164255,0.673269530380592,8.842171048611716,9.345214792970065,RS,Sul
4313904,2016,hybrid,hybrid_bvr,0.0,0.3107298303160285,0.40605176351179906,0.35823397324393563,0.6892701696839715,0.5939482364882009,0.09532193319577054,0.47363456701401363,0.47070052383911926,0.581727781230578,10.546866590861953,10.271855778815036,RS,Sul
4314001,2016,hybrid,hybrid_bvr,0.0,0.12869458128078817,0.2764517278232989,0.19693221177634834,0.8713054187192119,0.723548272176701,0.14775714654251074,0.44694323144104803,0.44874715261959,0.5369020501138952,8.826441041782578,9.955592686992862,RS,Sul
4314027,2016,hybrid,hybrid_bvr,0.0,0.044688973725578264,0.18119891008174388,0.07838840188806473,0.9553110262744218,0.8188010899182561,0.13650993635616562,0.5966794897752582,0.5918449737585789,0.6467501009285426,8.9005490139363,9.301689609635424,RS,Sul
4314050,2016,hybrid,hybrid_bvr,0.0,0.09974009096816114,0.2314202403811962,0.14759479928658206,0.9002599090318388,0.7685797596188038,0.13168014941303507,0.6296010927047946,0.6246123096009374,0.7071128265214695,10.849375920849226,9.55864067012739,RS,Sul
4314068,2016,hybrid,hybrid_bvr,0.0,0.06738632646385345,0.19790675547098002,0.10077896786757547,0.9326136735361465,0.80209324452902,0.13052042900712657,0.7339857651245552,0.7528840315725561,0.7987249544626593,8.54752839121231,9.188171734846502,RS,Sul
4314100,2016,hybrid,hybrid_bvr,0.0,0.11822064630510114,0.21099191367946274,0.17051338799541907,0.8817793536948989,0.7890080863205373,0.0927712673743616,0.5265979266109785,0.4939812217797927,0.6102185887827263,12.127170120934132,9.95802617301125,RS,Sul
4314134,2016,hybrid,hybrid_bvr,0.0,0.09034051424600417,0.27349228611500703,0.15095215977705528,0.9096594857539958,0.7265077138849929,0.18315177186900286,0.4271665642286417,0.42848219862585885,0.4871955028107433,7.694392802629421,9.963168838733866,RS,Sul
4314308,2016,hybrid,hybrid_bvr,0.0,0.02948920484465508,0.1111111111111111,0.06399757355171368,0.9705107951553449,0.8888888888888888,0.08162190626645602,0.5045385779122542,0.5057251908396947,0.5526717557251909,8.287276755814599,10.304976311707687,RS,Sul
4314498,2016,hybrid,hybrid_bvr,0.0,0.06757912745936698,0.18930762489044697,0.1074095347501436,0.932420872540633,0.810692375109553,0.12172849743108,0.620845921450151,0.619431643625192,0.65284178187404,8.411165786770708,9.209294684230024,RS,Sul
4314605,2016,hybrid,hybrid_bvr,0.0,0.4670102144106009,0.49915556389566523,0.47746913580246914,0.532989785589399,0.5008444361043347,0.03214534948506431,0.5325842696629214,0.5227560584311408,0.6028877818120408,9.895505782794471,9.124879217506209,RS,Sul
4314704,2016,hybrid,hybrid_bvr,0.0,0.07306190741773563,0.17151876534549282,0.10712984331349447,0.9269380925822643,0.8284812346545072,0.09845685792775719,0.5833199421500884,0.5623435152729094,0.6269404106159239,9.261413642160184,9.140817958123652,RS,Sul
4314803,2016,hybrid,hybrid_bvr,0.0,0.05209462475291717,0.13983314655709128,0.08177717826581798,0.9479053752470828,0.8601668534429088,0.0877385218041741,0.5461017537766973,0.5463717722168386,0.644074559653423,10.339158502701359,10.111848378376491,RS,Sul
4314902,2018,hybrid,hybrid_bvr,0.0,0.1053328269652037,0.20752743528478498,0.1736597213322026,0.8946671730347963,0.792472564715215,0.10219460831958128,0.4419105721486139,0.3939069727229499,0.5898824190550296,14.158639872703354,10.319410006000691,RS,Sul
4315305,2016,hybrid,hybrid_bvr,0.0,0.06065996620119185,0.12584767866458008,0.08701854493580599,0.9393400337988081,0.8741523213354199,0.06518771246338823,0.5490137700037216,0.5511143587869931,0.633686518085495,10.044162121818896,9.25910778233461,RS,Sul
4315503,2016,hybrid,hybrid_bvr,0.0,0.4383050847457627,0.40919037199124725,0.42745013321811764,0.5616949152542373,0.5908096280087527,-0.029114712754515437,0.40498351754896256,0.3982326951399116,0.5021109474717722,9.670861685832426,9.439204170969,RS,Sul
4315602,2018,hybrid,hybrid_bvr,0.0,0.20908677644206486,0.3484456799906468,0.2776792743891901,0.7909132235579351,0.6515543200093532,0.13935890354858194,0.6009722084946942,0.5185799572425907,0.6868152826690559,12.192115698900968,10.16881023168571,RS,Sul
4315701,2016,hybrid,hybrid_bvr,0.0,0.11914539689140718,0.1448533240756813,0.12875857361115625,0.8808546031085929,0.8551466759243187,0.025707927184274115,0.6221813358435668,0.5989971715093855,0.6805091283106197,10.534519939024273,9.365822550756578,RS,Sul
4315800,2016,hybrid,hybrid_bvr,0.0,0.09209248105692637,0.21866666666666668,0.13866732114369862,0.9079075189430736,0.7813333333333333,0.12657418560974032,0.5130324221233312,0.5038657673959532,0.5808521138345123,9.23834456838578,9.893765219804543,RS,Sul
4316105,2016,hybrid,hybrid_bvr,0.0,0.08803418803418804,0.15402298850574714,0.11403054620761066,0.911965811965812,0.8459770114942529,0.0659888004715591,0.5529508196721311,0.5676396997497914,0.6060050041701418,9.232199706329077,9.633109164912778,RS,Sul
4316303,2016,hybrid,hybrid_bvr,0.0,0.07336095539848891,0.24512256128064033,0.12960838931672947,0.9266390446015111,0.7548774387193596,0.17176160588215142,0.6182336182336182,0.6374360115735589,0.6777208991764968,8.882252884889363,9.311238635040043,RS,Sul
4316402,2018,hybrid,hybrid_bvr,0.0,0.3827520951608543,0.4331727658350708,0.4042198778456413,0.6172479048391457,0.5668272341649292,0.05042067067421652,0.4880200161146686,0.4854492311602491,0.5627991697377897,10.589282773550448,9.482217720614788,RS,Sul
4316451,2016,hybrid,hybrid_bvr,0.0,0.10636529832142264,0.24945295404814005,0.1558807588075881,0.8936347016785774,0.75054704595186,0.14308765572671742,0.568880688806888,0.5545750116117046,0.6401919801826909,9.382611592916636,10.51613562218429,RS,Sul
4316600,2016,hybrid,hybrid_bvr,0.0,0.08204853197479554,0.1879459256477657,0.12608457750332214,0.9179514680252044,0.8120540743522343,0.10589739367297014,0.44247005694089925,0.45770377222736147,0.5073491622982835,9.640368002912599,9.80463601552601,RS,Sul
4316808,2016,hybrid,hybrid_bvr,0.0,0.16461424480887446,0.25750695180746996,0.21108197902489792,0.8353857551911256,0.74249304819253,0.0928927069985955,0.6131163368043583,0.5638600579930083,0.7321752798027154,11.681604382723025,10.471165676639076,RS,Sul
4316907,2016,hybrid,hybrid_bvr,0.0,0.152093978320042,0.24280080550427924,0.20526193958915107,0.847906021679958,0.7571991944957208,0.09070682718423723,0.46341283616697604,0.42424401615392193,0.5831697146797123,12.472394453198124,9.638760472613678,RS,Sul
4316956,2016,hybrid,hybrid_bvr,0.0,0.5026413100898045,0.5223367697594502,0.508109139477199,0.4973586899101955,0.4776632302405498,0.0196954596696457,0.5602546612096407,0.5570054945054945,0.5915750915750916,8.708309295891688,9.927023044574216,RS,Sul
4317103,2018,hybrid,hybrid_bvr,0.0,0.2921476454062474,0.4364536978173342,0.3658404295709714,0.7078523545937526,0.5635463021826659,0.1443060524110868,0.546461280603388,0.5205144390089947,0.6541541738993214,11.320117113452092,9.268322779013292,RS,Sul
4317202,2016,hybrid,hybrid_bvr,0.0,0.10546318289786223,0.22568093385214008,0.16707625458560388,0.8945368171021377,0.77431906614786,0.12021775095427785,0.4571421529968454,0.44751381215469616,0.538454016525693,11.135858291382576,9.983806345289132,RS,Sul
4317301,2016,hybrid,hybrid_bvr,0.0,0.11117911056711546,0.16218088264397387,0.13184600515463918,0.8888208894328845,0.8378191173560261,0.05100177207685841,0.4572784810126582,0.4519437832936643,0.5476028561713703,10.341419850781794,9.585267538859917,RS,Sul
4317400,2016,hybrid,hybrid_bvr,0.0,0.38569511817525026,0.40542497224769536,0.39568273592900943,0.6143048818247497,0.5945750277523046,0.019729854072445097,0.5016148636916131,0.48093851927191106,0.5840844527057834,10.801023507926635,9.320048578671146,RS,Sul
4317509,2016,hybrid,hybrid_bvr,0.0,0.2912782840708271,0.34827008078036886,0.3214829945206368,0.7087217159291729,0.6517299192196311,0.05699179670954174,0.5808518081245354,0.5488452002957679,0.6741551041711974,11.242100509584871,9.666811351983515,RS,Sul
4317608,2016,hybrid,hybrid_bvr,0.0,0.049402470123506174,0.1198411462389036,0.07693010228933268,0.9505975298764938,0.8801588537610964,0.07043867611539742,0.5019343986543314,0.48784032140872763,0.5526349531991281,10.588728561524976,9.57785268731926,RS,Sul
4317806,2016,hybrid,hybrid_bvr,0.0,0.46214841412327945,0.5321830166731292,0.49265326802904913,0.5378515858767206,0.4678169833268708,0.07003460254984972,0.6315373319778607,0.6085332729741965,0.6684019918515165,9.544524278079383,9.770765846754266,RS,Sul
4317905,2016,hybrid,hybrid_bvr,0.0,0.0690479352011685,0.20606754436176303,0.1252642292335395,0.9309520647988315,0.793932455638237,0.13701960916059452,0.5470742868269886,0.5548336286670604,0.6081905886985627,9.573454539543818,9.857007279370043,RS,Sul
4318002,2016,hybrid,hybrid_bvr,0.0,0.03897751994198695,0.09505095279440662,0.0637103451061166,0.961022480058013,0.9049490472055934,0.05607343285241967,0.5974007707671102,0.579544513457557,0.6614768806073154,11.029569083193783,9.675802604153798,RS,Sul
4318101,2016,hybrid,hybrid_bvr,0.0,0.05430954587581094,0.13398576512455515,0.08154689403166869,0.9456904541241891,0.8660142348754448,0.07967621924874421,0.5960950764006792,0.6036043804432181,0.6549107527808916,9.865474110337912,9.190835923965857,RS,Sul
4318200,2016,hybrid,hybrid_bvr,0.0,0.06178878019564783,0.1108695652173913,0.08094486276414865,0.9382112198043522,0.8891304347826087,0.04908078502174347,0.41404715127701375,0.4290903087336965,0.49389136536239064,9.929983416340093,9.67267295838593,RS,Sul
4318309,2016,hybrid,hybrid_bvr,0.0,0.0864708611398594,0.19536423841059603,0.13040246362960603,0.9135291388601406,0.804635761589404,0.10889337727073663,0.4723049778729066,0.45366022298406844,0.5702803145976779,11.009158205571683,9.71108306197268,RS,Sul
4318408,2016,hybrid,hybrid_bvr,0.0,0.1086336794950112,0.16126656848306334,0.13009989168371644,0.8913663205049888,0.8387334315169367,0.05263288898805214,0.44086886564762673,0.4387515200648561,0.5278475881637616,10.00487016682473,9.65940593693433,RS,Sul
4318424,2016,hybrid,hybrid_bvr,0.0,0.06488951245177131,0.21080669710806696,0.11087113030957524,0.9351104875482287,0.789193302891933,0.14591718465629566,0.5518783542039356,0.5653937140925989,0.6177762757688409,8.460834457746854,9.471532036068279,RS,Sul
4318481,2016,hybrid,hybrid_bvr,0.0,0.04966887417218543,0.11213389121338913,0.0702627939142462,0.9503311258278145,0.8878661087866109,0.0624650170412037,0.5546069014585556,0.5654974946313529,0.6166785969935576,8.317277766221235,9.845072566327538,RS,Sul
4318507,2016,hybrid,hybrid_bvr,0.0,0.07062571377051151,0.15417310664605874,0.09041748774116677,0.9293742862294885,0.8458268933539412,0.08354739287554723,0.4823306431890438,0.4797635011581129,0.5538827258320127,10.146551371285469,8.994122942335506,RS,Sul
4318606,2016,hybrid,hybrid_bvr,0.0,0.07629273806159932,0.20476973684210525,0.1284710605553697,0.9237072619384007,0.7952302631578947,0.12847699878050595,0.4405352903086553,0.45148916967509023,0.5259476534296029,8.839856232763264,10.040417891335485,RS,Sul
4318705,2016,hybrid,hybrid_bvr,0.0,0.09027112865182971,0.16491469490208072,0.12595268701908724,0.9097288713481703,0.8350853050979192,0.07464356625025101,0.5508145849495734,0.5212048863952887,0.6743623413314234,12.274137753444233,9.943230562456362,RS,Sul
4318804,2016,hybrid,hybrid_bvr,0.0,0.18574193814093323,0.2448944568388536,0.20491415532737847,0.8142580618590668,0.7551055431611464,0.059152518697920375,0.540442627066968,0.5674058682334396,0.6306022283523806,10.671533463946282,9.328610403688247,RS,Sul
4318903,2016,hybrid,hybrid_bvr,0.0,0.11917029106724657,0.2379951495553759,0.1729565503861781,0.8808297089327535,0.7620048504446241,0.11882485848812933,0.5821244735610669,0.5629385275945125,0.6359828254267462,10.450336475478775,9.624713480656105,RS,Sul
4319208,2016,hybrid,hybrid_bvr,0.0,0.10438106439282564,0.26788218793828894,0.15268282577170084,0.8956189356071743,0.7321178120617111,0.1635011235454633,0.62660158633313,0.6167849429188522,0.6596729404504782,8.652947112393857,9.259471386195678,RS,Sul
4319505,2016,hybrid,hybrid_bvr,0.0,0.04586689275116575,0.10321697467488022,0.06774429797028667,0.9541331072488343,0.8967830253251198,0.05735008192371448,0.49766891656808854,0.4833379424778761,0.5804756637168141,9.995702036523939,9.785339686521812,RS,Sul
4319604,2016,hybrid,hybrid_bvr,0.0,0.40395838619639685,0.5711945564516129,0.47098406273716165,0.5960416138036031,0.4288054435483871,0.16723617025521603,0.512902133423637,0.5079861347108,0.5777203833344661,10.0773568225151,9.533867962171326,RS,Sul
4319802,2016,hybrid,hybrid_bvr,0.0,0.23979709476596725,0.2465893587994543,0.2424034098721298,0.7602029052340328,0.7534106412005457,0.006792264033487039,0.555098845175181,0.5310577495534828,0.6150029767811074,9.040737587590003,9.397851834405655,RS,Sul
4319901,2016,hybrid,hybrid_bvr,0.0,0.19820701327550644,0.31984339946333523,0.24378405151064883,0.8017929867244935,0.6801566005366648,0.1216363861878288,0.5279118457300276,0.5220364741641338,0.6364307425097698,11.225043372515781,9.95042738219903,RS,Sul
4320008,2018,hybrid,hybrid_bvr,0.0,0.1982360054057899,0.33520422794870747,0.26184448462929477,0.8017639945942101,0.6647957720512925,0.13696822254291757,0.6317628736752807,0.6005216743261707,0.7238355483790834,11.782624304024536,9.748370185152753,RS,Sul
4320107,2016,hybrid,hybrid_bvr,0.0,0.4865704772475028,0.4915995397008055,0.4889014402711099,0.5134295227524972,0.5084004602991945,0.005029062453302702,0.5049351053081527,0.49984472049689443,0.5859472049689441,9.965757878262252,9.958297793570653,RS,Sul
4320206,2016,hybrid,hybrid_bvr,0.0,0.2641979704468578,0.35791314485572717,0.29973474801061006,0.7358020295531422,0.6420868551442729,0.0937151744088694,0.559874249785653,0.5676415502089036,0.6274312058781155,9.296242800976886,9.544147778166748,RS,Sul
4320230,2016,hybrid,hybrid_bvr,0.0,0.08405797101449275,0.18814139110604333,0.1191391237509608,0.9159420289855073,0.8118586088939567,0.10408342009155058,0.5649948822927329,0.5666666666666667,0.621875,8.010027528481734,9.71472216353407,RS,Sul
4320503,2016,hybrid,hybrid_bvr,0.0,0.10013131976362442,0.2028985507246377,0.1440105144573789,0.8998686802363756,0.7971014492753623,0.10276723096101327,0.47214548802946593,0.45562267657992567,0.5171933085501859,8.747352077624353,9.934345870070304,RS,Sul
4320677,2016,hybrid,hybrid_bvr,0.0,0.10692941366499757,0.27020915771622384,0.14321608040201006,0.8930705863350025,0.7297908422837762,0.16327974405122625,0.7843322321849929,0.782398753894081,0.840809968847352,9.217117356255207,9.305388661745733,RS,Sul
4320701,2016,hybrid,hybrid_bvr,0.0,0.0587696534880171,0.10837738918259456,0.08002092050209204,0.9412303465119829,0.8916226108174055,0.04960773569457746,0.47773327049952874,0.4830318079697292,0.5760908123448031,9.566825297862628,9.63664221353464,RS,Sul
4320800,2016,hybrid,hybrid_bvr,0.0,0.1556140215120328,0.24136615149780577,0.193885828956919,0.8443859784879673,0.7586338485021942,0.08575212998577297,0.49370995923121724,0.4841463414634146,0.5448896631823461,10.310418252805903,9.400197372138946,RS,Sul
4320909,2016,hybrid,hybrid_bvr,0.0,0.1183545015173654,0.2424321164089905,0.17587515816111346,0.8816454984826346,0.7575678835910095,0.12407761489162511,0.3963256856994997,0.39179269479083756,0.4765189705492173,9.86526633971593,10.013070828091973,RS,Sul
4321006,2016,hybrid,hybrid_bvr,0.0,0.23580596040896237,0.29405815423514536,0.2625,0.7641940395910376,0.7059418457648546,0.05825219382618299,0.5302147239263804,0.5139913899138991,0.5656519065190652,9.254165851516213,10.111742874204905,RS,Sul
4321105,2016,hybrid,hybrid_bvr,0.0,0.054753028890959926,0.11399480934318228,0.07657790201559511,0.9452469711090401,0.8860051906568177,0.05924178045222235,0.4347870914527271,0.44262125902992777,0.5405572755417957,9.718903438087914,9.427411037458695,RS,Sul
4321204,2016,hybrid,hybrid_bvr,0.0,0.09473013174670633,0.19060095885828968,0.13619483964311552,0.9052698682532937,0.8093990411417104,0.09587082711158335,0.45548667683619487,0.44371244014525824,0.5412154127968635,10.908576397569082,9.558778606652735,RS,Sul
4321303,2016,hybrid,hybrid_bvr,0.0,0.048513302034428794,0.08956199607757681,0.06615716429107277,0.9514866979655712,0.9104380039224231,0.04104869404314802,0.46101967578270014,0.46298233737460764,0.5661271462859253,10.169384032915987,9.697992139574517,RS,Sul
4321402,2016,hybrid,hybrid_bvr,0.0,0.5974662162162162,0.6777241234516062,0.6328936289643559,0.4025337837837838,0.32227587654839385,0.08025790723538995,0.5384229660273285,0.5559198083469928,0.5965199848694994,9.526537012326164,9.384495182659842,RS,Sul
4321451,2016,hybrid,hybrid_bvr,0.0,0.18322752103942122,0.2953997403079206,0.2328744606533799,0.8167724789605788,0.7046002596920794,0.11217221926849938,0.5933251648287531,0.5775787344698065,0.677087546951748,10.21361581381774,10.149265349500956,RS,Sul
4321501,2016,hybrid,hybrid_bvr,0.0,0.10614171010001408,0.23227625088090204,0.1691256734392056,0.893858289899986,0.767723749119098,0.12613454078088795,0.4452132021320213,0.436122676957449,0.5622016857926272,10.453226149800717,9.587321930576262,RS,Sul
4321600,2016,hybrid,hybrid_bvr,0.0,0.07689834414018541,0.14497333596681808,0.10743508699376716,0.9231016558598146,0.855026664033182,0.06807499182663267,0.4713370046041347,0.4461111359871043,0.5530828818340572,10.635494804302787,9.36504672967432,RS,Sul
4321667,2016,hybrid,hybrid_bvr,0.0,0.07559315799153946,0.20691864189622036,0.12343804741328973,0.9244068420084606,0.7930813581037797,0.1313254839046809,0.5719690997950496,0.5572638845309068,0.6319422654534045,9.231808278591423,9.337051062032195,RS,Sul
4321808,2016,hybrid,hybrid_bvr,0.0,0.09266812102817035,0.21792841305036428,0.15172379384323703,0.9073318789718297,0.7820715869496357,0.12526029202219394,0.4520881200162184,0.44720955191843303,0.5055674805473571,10.074326772221049,9.753244762649857,RS,Sul
4321857,2016,hybrid,hybrid_bvr,0.0,0.1021021021021021,0.22057834566240753,0.1445434834979523,0.8978978978978979,0.7794216543375925,0.11847624356030542,0.5558812751923782,0.5721412125863392,0.6300844205679201,8.385032287813898,9.602339274800304,RS,Sul
4321907,2016,hybrid,hybrid_bvr,0.0,0.11795071588584786,0.25870533165886517,0.18273071263401303,0.8820492841141522,0.7412946683411348,0.1407546157730173,0.5942765631527642,0.5853709363712142,0.6523339816615726,10.084349711593731,9.673007011431332,RS,Sul
4322400,2016,hybrid,hybrid_bvr,0.0,0.15645856980703746,0.2615844544095665,0.2101606648199446,0.8435414301929626,0.7384155455904335,0.10512588460252906,0.404837891848361,0.37435709575793097,0.5083888929591911,11.739542975095938,9.40147681847212,RS,Sul
4322509,2016,hybrid,hybrid_bvr,0.0,0.11596083520113247,0.20352696090305702,0.15517166543686792,0.8840391647988676,0.796473039096943,0.08756612570192455,0.3614605886827784,0.3495391019922688,0.43794231341064527,11.02422004228832,9.893596437105526,RS,Sul
4322608,2016,hybrid,hybrid_bvr,0.0,0.33432030723227113,0.4149785742111414,0.36462450592885376,0.6656796927677289,0.5850214257888586,0.0806582669788703,0.680180072316276,0.6720175735045624,0.7651233524839472,11.096591504296955,10.170224035141858,RS,Sul
4322707,2016,hybrid,hybrid_bvr,0.0,0.10819513765899211,0.27107438016528923,0.16827558174982218,0.8918048623410079,0.7289256198347107,0.16287924250629712,0.7150070692789335,0.6894563978818956,0.7988471077149943,10.085100525010166,9.693534260169324,RS,Sul
4322806,2016,hybrid,hybrid_bvr,0.0,0.14402344567720327,0.2441389599317988,0.19355008972870263,0.8559765543227967,0.7558610400682012,0.10011551425459553,0.31115349297167477,0.2916019237883833,0.40850906400295967,10.034954315278434,10.197819429994906,RS,Sul
4323101,2016,hybrid,hybrid_bvr,0.0,0.08875192604006163,0.21549421193232413,0.12130922407873655,0.9112480739599383,0.7845057880676759,0.1267422858922625,0.5378284267173156,0.5725806451612904,0.6122580645161291,8.572627898304338,9.073955879477047,RS,Sul
4323200,2016,hybrid,hybrid_bvr,0.0,0.06743869209809264,0.16084484159220147,0.10995927434283599,0.9325613079019074,0.8391551584077985,0.09340614949410883,0.44802207911683534,0.4456221198156682,0.4930875576036866,8.01829613851552,10.100306066034493,RS,Sul
4323408,2016,hybrid,hybrid_bvr,0.0,0.10464058234758872,0.23615977575332867,0.15628445424476295,0.8953594176524113,0.7638402242466713,0.13151919340573995,0.4349338900487126,0.45390855457227136,0.5217551622418879,8.347827345782498,10.201853289031416,RS,Sul
4323770,2016,hybrid,hybrid_bvr,0.0,0.0692588092345079,0.22914572864321608,0.12939841089670828,0.9307411907654921,0.7708542713567839,0.1598869194087082,0.6111922141119221,0.6355555555555555,0.688395061728395,7.934871565945177,10.085719595835863,RS,Sul
4200051,2018,hybrid,hybrid_bvr,0.0,0.3166208791208791,0.33601841196777904,0.32387096774193547,0.6833791208791209,0.663981588032221,0.019397532846899934,0.3971861471861472,0.3911637931034483,0.4800646551724138,7.88344635413774,9.527621500709097,SC,Sul
4200101,2018,hybrid,hybrid_bvr,0.0,0.48425462900391947,0.5828641801548206,0.5270962317511274,0.5157453709960805,0.41713581984517945,0.09860955115090109,0.5741272646928856,0.5559811754405166,0.6246032614643756,9.746833742490752,10.16937013687051,SC,Sul
4200200,2018,hybrid,hybrid_bvr,0.0,0.11180820076181941,0.20528817587641118,0.15199897815813002,0.8881917992381806,0.7947118241235889,0.09347997511459177,0.4903090623363017,0.46743566992014196,0.5499556344276841,9.140239744296693,9.786053056368775,SC,Sul
4200309,2018,hybrid,hybrid_bvr,0.0,0.11115702479338843,0.21301093839953944,0.15367965367965367,0.8888429752066116,0.7869890616004606,0.10185391360615101,0.4752542372881356,0.4876005361930295,0.5650134048257373,8.497806477616047,9.752702599788215,SC,Sul
4200408,2018,hybrid,hybrid_bvr,0.0,0.14922600619195048,0.2520288548241659,0.191079295154185,0.8507739938080495,0.7479711451758341,0.10280284863221545,0.4550696780394041,0.43037054976992006,0.5071445870670864,8.848078421168667,10.29344735178332,SC,Sul
4200507,2018,hybrid,hybrid_bvr,0.0,0.7948369565217391,0.8018558951965066,0.7975293132328308,0.20516304347826086,0.19814410480349343,0.007018938674767439,0.6660123387549075,0.6324589218795041,0.7186509080426636,8.71768205216564,10.180102058147684,SC,Sul
4200556,2018,hybrid,hybrid_bvr,0.0,0.040474528960223306,0.09460946094609461,0.06148590947907771,0.9595254710397767,0.9053905390539054,0.054134931985871305,0.5857449088960343,0.5645677694770544,0.6189967982924226,7.793174347189205,9.843339817816046,SC,Sul
4200754,2018,hybrid,hybrid_bvr,0.0,0.06643356643356643,0.13070283600493218,0.09309462915601023,0.9335664335664335,0.8692971639950678,0.06426926957136575,0.5072866065232478,0.5311857436600411,0.5942426319396847,7.60339933974067,9.680250480639529,SC,Sul
4201000,2018,hybrid,hybrid_bvr,0.0,0.43112188670927926,0.47282968853545393,0.44778292521508933,0.5688781132907208,0.5271703114645461,0.04170780182617467,0.5379047619047619,0.5448209099709583,0.6009680542110358,9.062188330952324,9.080694662622237,SC,Sul
4201257,2018,hybrid,hybrid_bvr,0.0,0.09728376035445964,0.17416897506925208,0.12476791682138878,0.9027162396455404,0.8258310249307479,0.07688521471479244,0.5368684163542224,0.5434472934472935,0.6109330484330484,9.169518377455928,10.090196173465179,SC,Sul
4201273,2018,hybrid,hybrid_bvr,0.0,0.15155555555555555,0.2539787798408488,0.19260441606810322,0.8484444444444444,0.7460212201591512,0.10242322428529327,0.5978374607603767,0.6340949033391916,0.6695957820738138,8.341171747170762,9.739887807408698,SC,Sul
4201307,2018,hybrid,hybrid_bvr,0.0,0.1274721154747399,0.25145748542514573,0.18451417004048584,0.8725278845252601,0.7485425145748543,0.12398536995040582,0.49689265536723165,0.4372849837284984,0.5601115760111576,10.119002076685847,9.974279154658259,SC,Sul
4201406,2018,hybrid,hybrid_bvr,0.0,0.3257968701511726,0.4526962757005927,0.3953218015273296,0.6742031298488274,0.5473037242994073,0.12689940554942009,0.5024369509776141,0.4383237862187865,0.6106723763973083,11.023698240756733,9.691100854274001,SC,Sul
4201505,2018,hybrid,hybrid_bvr,0.0,0.20522282145898382,0.22957198443579765,0.21606299212598426,0.7947771785410161,0.7704280155642024,0.024349162976813832,0.5368310598111228,0.514018691588785,0.6021665250637214,8.955835144218959,9.438984054207058,SC,Sul
4201604,2018,hybrid,hybrid_bvr,0.0,0.22332361516034985,0.312545322697607,0.26308985132514545,0.7766763848396502,0.6874546773023931,0.08922170753725714,0.4383676903660076,0.3978494623655914,0.45161290322580644,8.161089512845797,9.55275072341462,SC,Sul
4201653,2018,hybrid,hybrid_bvr,0.0,0.28390461997019373,0.33724653148345785,0.305835892935498,0.7160953800298062,0.6627534685165422,0.05334191151326412,0.593198992443325,0.5677215189873418,0.640506329113924,7.723120092266331,9.76053135466248,SC,Sul
4201703,2018,hybrid,hybrid_bvr,0.0,0.18503511615343057,0.24096385542168675,0.20796812749003984,0.8149648838465694,0.7590361445783133,0.05592873926825617,0.4201516793066089,0.3980940004331817,0.4832142083604072,8.91085558740525,9.595966154867101,SC,Sul
4201802,2018,hybrid,hybrid_bvr,0.0,0.11409013120365089,0.21000893655049152,0.15146239554317548,0.8859098687963491,0.7899910634495084,0.09591880534684064,0.39154808106942646,0.4075357297531399,0.5288003464703335,8.101677747454572,9.7648348432193,SC,Sul
4201901,2018,hybrid,hybrid_bvr,0.0,0.1134555517122103,0.20616966580976864,0.15074441687344914,0.8865444482877897,0.7938303341902313,0.09271411409755834,0.5624131220461496,0.5864682762492981,0.656934306569343,8.621373010325902,9.613279314901183,SC,Sul
4201950,2018,hybrid,hybrid_bvr,0.0,0.3176423254878294,0.38861611202036733,0.35491881566380135,0.6823576745121707,0.6113838879796327,0.07097378653253794,0.5078033554428404,0.4490792934986847,0.6183765501691093,9.168058979719577,9.070392203207094,SC,Sul
4202008,2016,hybrid,hybrid_bvr,0.0,0.04023607012671411,0.08592914278415532,0.07153481047267,0.9597639298732858,0.9140708572158447,0.045693072657441214,0.35978311068539076,0.30025768938517955,0.49491228649773694,11.590710240817819,10.138836198207601,SC,Sul
4202057,2018,hybrid,hybrid_bvr,0.0,0.2129369224588188,0.3030769230769231,0.2559823677581864,0.7870630775411812,0.696923076923077,0.09014000061810429,0.38252773375594296,0.3490050721810378,0.4974639094810769,9.039552050995901,9.349452250095911,SC,Sul
4202073,2018,hybrid,hybrid_bvr,0.0,0.1812853255181076,0.2616580310880829,0.21720504804909113,0.8187146744818924,0.7383419689119171,0.08037270556997528,0.5068312031732041,0.4582427142235755,0.6059156154849935,9.01602720232985,9.022265107031826,SC,Sul
4202081,2018,hybrid,hybrid_bvr,0.0,0.18778026905829595,0.29158316633266534,0.22501797268152407,0.8122197309417041,0.7084168336673347,0.1038028972743694,0.5203791469194313,0.4985576923076923,0.5461538461538461,7.974532844130228,9.157270588405757,SC,Sul
4202099,2018,hybrid,hybrid_bvr,0.0,0.31239804241435565,0.3601190476190476,0.3292939936775553,0.6876019575856444,0.6398809523809523,0.04772100520469197,0.5350360183366077,0.5486782720825274,0.632495164410058,7.537962659768208,9.469710069545844,SC,Sul
4202107,2018,hybrid,hybrid_bvr,0.0,0.31254667662434654,0.3886856864179468,0.3532478818162068,0.6874533233756535,0.6113143135820531,0.07613900979360028,0.3966391037610029,0.3485157288435977,0.5077536552946389,10.016191042449213,9.70061589001126,SC,Sul
4202131,2018,hybrid,hybrid_bvr,0.0,0.20931716656030633,0.3609401231113598,0.2643771591140012,0.7906828334396937,0.6390598768886402,0.15162295655105348,0.475970187612439,0.42297650130548303,0.477023498694517,8.700181192753353,9.709873291957713,SC,Sul
4202156,2018,hybrid,hybrid_bvr,0.0,0.3401779603011636,0.4053497942386831,0.36621454993834773,0.6598220396988363,0.5946502057613169,0.06517183393751952,0.4513729977116705,0.42857142857142855,0.4939271255060729,7.876638460975463,9.237445954752406,SC,Sul
4202206,2018,hybrid,hybrid_bvr,0.0,0.2027375520730014,0.2989010989010989,0.2399708242159008,0.7972624479269986,0.701098901098901,0.0961635468280975,0.3605150214592275,0.3567736883320282,0.42772122161315584,9.243388226022383,9.483607416079716,SC,Sul
4202438,2018,hybrid,hybrid_bvr,0.0,0.20042083114150447,0.29632867132867136,0.23645320197044334,0.7995791688584956,0.7036713286713286,0.09590784018716689,0.41659192825112107,0.4157303370786517,0.4880898876404494,8.098642843759418,9.55088593398503,SC,Sul
4202453,2018,hybrid,hybrid_bvr,0.0,0.15369718309859154,0.24580870823784826,0.20836017464748408,0.8463028169014084,0.7541912917621517,0.09211152513925672,0.3584033613445378,0.32428355957767724,0.5026737967914439,9.567525185909115,9.894265844439902,SC,Sul
4202503,2018,hybrid,hybrid_bvr,0.0,0.12355707567336469,0.22980392156862745,0.16104039845047038,0.8764429243266353,0.7701960784313726,0.10624684589526276,0.3685419058553387,0.37316176470588236,0.41360294117647056,8.388222810119277,9.453121465243768,SC,Sul
4202537,2018,hybrid,hybrid_bvr,0.0,0.5743509047993706,0.6088888888888889,0.590567612687813,0.42564909520062943,0.3911111111111111,0.03453798408951836,0.6699088145896657,0.6267252195734002,0.7132998745294856,7.8343923029104365,9.824691098844255,SC,Sul
4202578,2018,hybrid,hybrid_bvr,0.0,0.526919682259488,0.6064516129032258,0.5592243186582809,0.47308031774051196,0.3935483870967742,0.07953193064373776,0.5998677248677249,0.578272604588394,0.6288798920377868,7.664815785285735,10.309937166478482,SC,Sul
4202701,2016,hybrid,hybrid_bvr,0.0,0.06812477590534241,0.14236824093086928,0.09358100164589701,0.9318752240946576,0.8576317590691307,0.07424346502552687,0.5201763309596473,0.4931168372749735,0.5704200494175785,8.404696160189092,10.041554859874804,SC,Sul
4202800,2018,hybrid,hybrid_bvr,0.0,0.41130229714385536,0.48970756412350924,0.4517980752996792,0.5886977028561446,0.5102924358764908,0.07840526697965389,0.3693470235348408,0.35685782692965456,0.43284688176946756,10.27567160607563,9.721491947163138,SC,Sul
4202875,2018,hybrid,hybrid_bvr,0.0,0.19751753912574205,0.25052410901467503,0.21553259707873174,0.802482460874258,0.749475890985325,0.053006569888932986,0.5940996948118006,0.591897233201581,0.6615612648221344,7.955074273262696,9.577951785351846,SC,Sul
4202909,2016,hybrid,hybrid_bvr,0.0,0.0354601073791984,0.07340732719725682,0.055390960157379536,0.9645398926208016,0.9265926728027432,0.03794721981805842,0.31174109637758474,0.27208664794227955,0.41991960846970183,11.56649466751292,10.364604014208325,SC,Sul
4203006,2018,hybrid,hybrid_bvr,0.0,0.33217653451116486,0.4550204356802764,0.38796402602372754,0.6678234654888351,0.5449795643197236,0.12284390116911154,0.5154909809221813,0.45681794361178074,0.5776648150089089,11.167077412430533,9.984366300435665,SC,Sul
4203105,2018,hybrid,hybrid_bvr,0.0,0.10698616267296658,0.17418351477449456,0.13348323793949304,0.8930138373270334,0.8258164852255054,0.06719735210152798,0.5612770339855818,0.5307772561293688,0.628586332811685,8.735364401103888,9.67250462212114,SC,Sul
4203154,2018,hybrid,hybrid_bvr,0.0,0.16044444444444445,0.1989247311827957,0.17169811320754716,0.8395555555555556,0.8010752688172043,0.038480286738351244,0.484984984984985,0.5047106325706595,0.5688649618663078,8.127699852817772,9.730704065777525,SC,Sul
4203204,2016,hybrid,hybrid_bvr,0.0,0.04985462630408757,0.11855670103092783,0.08083298117105696,0.9501453736959125,0.8814432989690721,0.06870207472684026,0.4871117515209734,0.40946591402518456,0.5836261003434255,11.040695358963601,9.140854282230158,SC,Sul
4203253,2018,hybrid,hybrid_bvr,0.0,0.20033482142857142,0.29596412556053814,0.2370141038871689,0.7996651785714286,0.7040358744394619,0.09562930413196671,0.304168575355016,0.2827154979901742,0.35819562304600266,7.920446505142607,9.658726251379289,SC,Sul
4203303,2018,hybrid,hybrid_bvr,0.0,0.1522952295229523,0.2632402817636316,0.1975926714955262,0.8477047704770477,0.7367597182363683,0.11094505224067933,0.27707223815376214,0.26361746361746363,0.35093555093555096,9.37143829231851,9.7440782057507,SC,Sul
4203402,2018,hybrid,hybrid_bvr,0.0,0.31865284974093266,0.447255369928401,0.3638958858102435,0.6813471502590673,0.552744630071599,0.12860252018746832,0.39373356704645046,0.37449574181981177,0.4072164948453608,8.920389060080359,9.587193888235856,SC,Sul
4203600,2018,hybrid,hybrid_bvr,0.0,0.3815353593547458,0.4566368752068851,0.41648055448594534,0.6184646406452542,0.5433631247931149,0.07510151585213931,0.4090614886731392,0.38992231097494257,0.48358682569208883,10.398915234122022,10.592110285808788,SC,Sul
4203709,2018,hybrid,hybrid_bvr,0.0,0.35737392959086584,0.40643356643356643,0.37723669309173274,0.6426260704091342,0.5935664335664336,0.049059636842700594,0.4223798266351458,0.3950910530482977,0.5049881235154394,9.268892258925797,9.409263895420946,SC,Sul
4203808,2018,hybrid,hybrid_bvr,0.0,0.3577473457454993,0.5671886058032555,0.4702054387839924,0.6422526542545006,0.4328113941967445,0.20944126005775615,0.39212235625379965,0.3535694752758743,0.44583856127143456,10.87360337110519,9.831861972935705,SC,Sul
4203907,2018,hybrid,hybrid_bvr,0.0,0.602177554438861,0.6417397487556293,0.6220528697308884,0.397822445561139,0.35826025124437066,0.03956219431676833,0.52086643806975,0.49622102788041655,0.5980853207927443,9.941216769346136,9.93899950374223,SC,Sul
4203956,2018,hybrid,hybrid_bvr,0.0,0.2714508580343214,0.36033163265306123,0.32035087719298244,0.7285491419656787,0.6396683673469388,0.08888077461873983,0.5955888144938952,0.499057344854674,0.6894736842105263,9.98386866448294,10.348762054441142,SC,Sul
4204004,2018,hybrid,hybrid_bvr,0.0,0.10878962536023054,0.2563722584469472,0.17484743963916158,0.8912103746397695,0.7436277415530528,0.14758263308671668,0.5250229147571036,0.48221853694490513,0.5933296480560162,9.164819856674374,9.87473700546265,SC,Sul
4204103,2018,hybrid,hybrid_bvr,0.0,0.41411399767351686,0.4375,0.4235999078128601,0.5858860023264831,0.5625,0.023386002326483135,0.5999384046812443,0.544690127686079,0.6427904079725942,8.39185670010494,10.021195016682935,SC,Sul
4204152,2018,hybrid,hybrid_bvr,0.0,0.4132762312633833,0.4306083650190114,0.4207093355075418,0.5867237687366167,0.5693916349809887,0.017332133755628087,0.5773869346733669,0.5423306772908366,0.6354581673306773,7.9269635448629785,9.468949990879148,SC,Sul
4204178,2018,hybrid,hybrid_bvr,0.0,0.3109048723897912,0.4337221633085896,0.34828921885087155,0.6890951276102089,0.5662778366914104,0.1228172909187984,0.6264541146057734,0.6406041759218125,0.6854731230564194,8.183397369998433,9.036206372740022,SC,Sul
4204194,2018,hybrid,hybrid_bvr,0.0,0.5075653370013755,0.6101694915254238,0.5479566305254379,0.4924346629986245,0.38983050847457623,0.10260415452404825,0.4939759036144578,0.5229155162893429,0.5858641634456102,7.923710333969238,9.849408262643667,SC,Sul
4204202,2018,hybrid,hybrid_bvr,0.0,0.24720201679592788,0.38274218537485366,0.3252536947490295,0.7527979832040721,0.6172578146251464,0.13554016857892578,0.5010586782206364,0.469437961882536,0.5725690392843251,12.120133420852518,10.130122413995409,SC,Sul
4204251,2018,hybrid,hybrid_bvr,0.0,0.363925640596215,0.4104439312291506,0.39026516527424626,0.636074359403785,0.5895560687708494,0.04651829063293561,0.48855614973262035,0.4226463375626399,0.5915342787077513,9.626349693960018,10.024965259271774,SC,Sul
4204301,2018,hybrid,hybrid_bvr,0.0,0.2949234803710517,0.3795386788011925,0.341879299834538,0.7050765196289484,0.6204613211988075,0.08461519843014081,0.4177596936333174,0.40253158476245376,0.5202718931642407,11.13635388931704,10.099712220491929,SC,Sul
4204350,2018,hybrid,hybrid_bvr,0.0,0.1020603737422137,0.18125701459034793,0.1385370896872577,0.8979396262577863,0.8187429854096521,0.07919664084813423,0.6543624161073825,0.6040396341463414,0.661204268292683,8.23403420769204,10.825052379495926,SC,Sul
4204400,2018,hybrid,hybrid_bvr,0.0,0.045763760049474335,0.13999383287079864,0.08350833848054355,0.9542362399505256,0.8600061671292014,0.09423007282132431,0.5457125784284433,0.5274408732565191,0.6011218920557914,9.2314166975781,9.6222210973218,SC,Sul
4204558,2018,hybrid,hybrid_bvr,0.0,0.11454571717463527,0.19664218258132213,0.14801505817932922,0.8854542828253648,0.8033578174186778,0.08209646540668686,0.4241855328547764,0.3793444786625605,0.5079190497140343,9.601368432286577,10.092169181559527,SC,Sul
4204608,2018,hybrid,hybrid_bvr,0.0,0.17958934003438698,0.29011612174547335,0.24416095019452044,0.820410659965613,0.7098838782545267,0.11052678171108637,0.4155972541737114,0.34660959675602615,0.5590268078396036,12.166853532375612,9.909866016576064,SC,Sul
4204756,2018,hybrid,hybrid_bvr,0.0,0.8929313929313929,0.8950863213811421,0.8938775510204081,0.1070686070686071,0.10491367861885792,0.0021549284497491827,0.533987915407855,0.5775401069518716,0.6203208556149733,7.540090320145325,9.476946424352036,SC,Sul
4204806,2018,hybrid,hybrid_bvr,0.0,0.25862602985814287,0.3368609125893348,0.2957159146440788,0.7413739701418571,0.6631390874106652,0.07823488273119195,0.3863793024217637,0.35982319627975506,0.43151157972282334,10.538687773141223,9.748855274296321,SC,Sul
4204905,2018,hybrid,hybrid_bvr,0.0,0.4952454381906965,0.5172863666014351,0.504959034066408,0.5047545618093034,0.4827136333985649,0.022040928410738625,0.4794688100646514,0.4576031155956807,0.5308904230837317,9.063463176115423,9.498074562597237,SC,Sul
4205001,2018,hybrid,hybrid_bvr,0.0,0.12684031710079274,0.23451606130589964,0.17018938112952317,0.8731596828992072,0.7654839386941004,0.1076757442051069,0.5738677645919109,0.5541078537821209,0.6295089878151767,9.603125426926972,9.4571698556243,SC,Sul
4205100,2018,hybrid,hybrid_bvr,0.0,0.4721772015126958,0.5173775671406003,0.4905357715752326,0.5278227984873042,0.48262243285939965,0.045200365627904526,0.5980392156862745,0.5835579514824798,0.6981132075471698,8.221747728346623,9.51315858937521,SC,Sul
4205159,2018,hybrid,hybrid_bvr,0.0,0.24631348989623156,0.30265486725663715,0.2678149273893955,0.7536865101037684,0.6973451327433628,0.05634137736040559,0.41561371841155237,0.4194722474977252,0.4840764331210191,8.189799618728228,9.233054905367464,SC,Sul
4205175,2018,hybrid,hybrid_bvr,0.0,0.051255766273705795,0.13114754098360656,0.07676203768318214,0.9487442337262942,0.8688524590163934,0.07989177470990078,0.7077702702702703,0.6861971830985916,0.7684507042253521,8.012349639327795,9.055394147158678,SC,Sul
4205209,2018,hybrid,hybrid_bvr,0.0,0.12737726669615215,0.2303370786516854,0.1700750711881957,0.8726227333038479,0.7696629213483146,0.10295981195553325,0.4207920792079208,0.3958031837916064,0.4840810419681621,8.378390788535778,9.631354914465392,SC,Sul
4205308,2018,hybrid,hybrid_bvr,0.0,0.6098901098901099,0.6451690242148166,0.6271226138892142,0.39010989010989006,0.3548309757851834,0.035278914324706645,0.6788511749347258,0.6678050294939459,0.721515057435579,9.274347501950475,10.325138996209768,SC,Sul
4205357,2018,hybrid,hybrid_bvr,0.0,0.7310679611650486,0.7695852534562212,0.7459845330160618,0.2689320388349514,0.2304147465437788,0.03851729229117262,0.667805294619983,0.6457975986277873,0.6818181818181818,7.370230641807081,9.281312810953509,SC,Sul
4205407,2014,hybrid,hybrid_bvr,0.0,0.06565958871450456,0.11783915307777683,0.1023849870204788,0.9343404112854954,0.8821608469222232,0.05217956436327227,0.3845581956522663,0.2742568268939982,0.5815304012358292,12.950958021494534,10.195044691958186,SC,Sul
4205431,2018,hybrid,hybrid_bvr,0.0,0.07064471879286695,0.12604042806183116,0.09090909090909091,0.9293552812071331,0.8739595719381689,0.05539570926896421,0.6347438752783965,0.6466250709018718,0.6971072036301759,7.8636512654486515,9.304846341873356,SC,Sul
4205456,2018,hybrid,hybrid_bvr,0.0,0.09024815820085304,0.19110808665078824,0.13672712068154497,0.9097518417991469,0.8088919133492117,0.1008599284499352,0.5144654088050314,0.47165932452276066,0.6066813509544787,10.023401649201466,9.864863078130808,SC,Sul
4205506,2018,hybrid,hybrid_bvr,0.0,0.789192746417081,0.8587324625060474,0.8249422632794458,0.21080725358291896,0.1412675374939526,0.06953971608896636,0.4836090530802801,0.4580133128520225,0.5692268305171531,10.450249656106424,9.868391219709494,SC,Sul
4205555,2018,hybrid,hybrid_bvr,0.0,0.1436950146627566,0.25468577728776187,0.18802289740202555,0.8563049853372434,0.7453142227122381,0.11099076262500526,0.4086146682188591,0.38730723606168443,0.4501779359430605,7.813591552952433,9.488743472641433,SC,Sul
4205704,2018,hybrid,hybrid_bvr,0.0,0.1326617307925719,0.26874482187241094,0.20609108689578096,0.8673382692074281,0.7312551781275891,0.13608309107983904,0.4417534966676054,0.37508093608361853,0.5390805660900935,9.805764464007513,9.454472824949503,SC,Sul
4205803,2016,hybrid,hybrid_bvr,0.0,0.10391950743354858,0.2559419014084507,0.16558064804070338,0.8960804925664514,0.7440580985915493,0.1520223939749021,0.4159601668685238,0.3811355797293712,0.48673388166622444,9.599743846536997,9.99427315894599,SC,Sul
4205902,2018,hybrid,hybrid_bvr,0.0,0.46222182340272794,0.5537845280814487,0.5096640290569464,0.537778176597272,0.44621547191855127,0.0915627046787208,0.39449246489508694,0.37538304392236976,0.5159282431052093,10.967870649653577,10.111407411681467,SC,Sul
4206108,2018,hybrid,hybrid_bvr,0.0,0.3357348703170029,0.4054553860379103,0.36250665719865083,0.6642651296829971,0.5945446139620897,0.06972051572090743,0.4049967126890204,0.3974831850726839,0.4638750271208505,8.736007384569218,9.68404316084976,SC,Sul
4206207,2018,hybrid,hybrid_bvr,0.0,0.2547561775639624,0.30157970320727623,0.2771111872928808,0.7452438224360376,0.6984202967927238,0.046823525643313824,0.37799187114255606,0.3322841726618705,0.44844124700239807,9.271905727634337,9.246083198785026,SC,Sul
4206306,2016,hybrid,hybrid_bvr,0.0,0.030807075084924446,0.07720344599072233,0.05001715265866209,0.9691929249150756,0.9227965540092776,0.04639637090579789,0.39019607843137255,0.36821205202025215,0.4621264767199444,9.821735050663868,10.248338664562686,SC,Sul
4206405,2018,hybrid,hybrid_bvr,0.0,0.10367007188800606,0.20592344230231907,0.1449520586576424,0.896329928111994,0.7940765576976809,0.10225337041431301,0.5171872771359293,0.5215748946680226,0.582304227807642,9.258940041812245,9.648527699420201,SC,Sul
4206504,2018,hybrid,hybrid_bvr,0.0,0.4086608722405969,0.5073234112922277,0.4644706511208365,0.5913391277594031,0.4926765887077723,0.0986625390516308,0.5298954051100588,0.47511079047717203,0.6063073276306297,10.468005590498892,10.267396305667019,SC,Sul
4206603,2018,hybrid,hybrid_bvr,0.0,0.3587982832618026,0.4193735498839907,0.3845584607794771,0.6412017167381974,0.5806264501160092,0.06057526662218815,0.5767145135566188,0.5564127290260367,0.6412729026036644,8.498621805830801,9.531162194188795,SC,Sul
4206652,2018,hybrid,hybrid_bvr,0.0,0.08322010869565218,0.1798227100042212,0.12629399585921325,0.9167798913043478,0.8201772899957788,0.09660260130856903,0.6152517985611511,0.585344576911893,0.6565862169235243,8.450839690866216,10.544424268143358,SC,Sul
4206702,2018,hybrid,hybrid_bvr,0.0,0.26205476132784106,0.402882053766045,0.3324854651162791,0.737945238672159,0.597117946233955,0.14082729243820397,0.4688494064706339,0.41564811210587777,0.5393538341767224,9.963594393268247,9.612192387906694,SC,Sul
4206801,2018,hybrid,hybrid_bvr,0.0,0.7558874210224009,0.788235294117647,0.7695623342175066,0.24411257897759908,0.21176470588235297,0.032347873095246116,0.44805194805194803,0.3899913718723037,0.49611734253666956,8.12355783506165,9.599666456742671,SC,Sul
4206900,2018,hybrid,hybrid_bvr,0.0,0.5103196576894035,0.5879947422228713,0.5462718853511797,0.48968034231059654,0.4120052577771287,0.07767508453346783,0.4957397366382649,0.4737148399612027,0.582541222114452,9.760194382709651,9.650781917093857,SC,Sul
4207007,2018,hybrid,hybrid_bvr,0.0,0.33575299557500127,0.41088788075178223,0.37326993926117696,0.6642470044249987,0.5891121192482178,0.07513488517678096,0.5733329418328097,0.4986955765551626,0.6802713200765261,10.98245820094895,9.874238273546363,SC,Sul
4207106,2018,hybrid,hybrid_bvr,0.0,0.3636657507677388,0.4620307167235495,0.40606896551724136,0.6363342492322612,0.5379692832764504,0.09836496595581068,0.4303071672354949,0.40910933909987834,0.5571023111231247,9.42181611842271,9.724687106226087,SC,Sul
4207304,2018,hybrid,hybrid_bvr,0.0,0.4255500700920339,0.47814961617580654,0.4544003522483351,0.5744499299079662,0.5218503838241935,0.05259954608377265,0.5289465894193767,0.44106058118535546,0.6110655064849778,10.600875727353328,9.768524074117536,SC,Sul
4207403,2018,hybrid,hybrid_bvr,0.0,0.797292606733773,0.8038897893030794,0.7998732037193576,0.202707393266227,0.19611021069692058,0.0065971825693064146,0.5240997229916897,0.5427277872099604,0.6052631578947368,8.649448770536708,9.60659315147401,SC,Sul
4207502,2018,hybrid,hybrid_bvr,0.0,0.3075675675675676,0.4095793274459477,0.3594617921083497,0.6924324324324325,0.5904206725540523,0.10201175987838013,0.3870859482498238,0.373325233707941,0.49654078498869425,10.912430389206653,10.165205838233927,SC,Sul
4207577,2018,hybrid,hybrid_bvr,0.0,0.3624548736462094,0.40783744557329465,0.3850886717336229,0.6375451263537906,0.5921625544267053,0.04538257192708528,0.453248031496063,0.43826256710590533,0.5183016105417276,7.915348169263078,10.296634187806573,SC,Sul
4207601,2018,hybrid,hybrid_bvr,0.0,0.1213571117877338,0.13965267727930536,0.12822602553653897,0.8786428882122662,0.8603473227206946,0.01829556549157156,0.5744144144144144,0.5652964714441615,0.6365951255001819,8.466320861042481,9.268764118502773,SC,Sul
4207650,2018,hybrid,hybrid_bvr,0.0,0.17910072846018588,0.26322664924885697,0.21567513843532585,0.8208992715398141,0.736773350751143,0.0841259207886711,0.5626746135220712,0.5593697242543613,0.6165822547364472,9.037057839832897,9.576909128638112,SC,Sul
4207684,2018,hybrid,hybrid_bvr,0.0,0.27195559908586353,0.36464088397790057,0.30846853977047883,0.7280444009141365,0.6353591160220995,0.09268528489203703,0.7257593457943925,0.7238518518518519,0.7635555555555555,8.824383730256061,9.697498894205271,SC,Sul
4207700,2018,hybrid,hybrid_bvr,0.0,0.17067307692307693,0.2610425785913251,0.20955315870570107,0.8293269230769231,0.7389574214086749,0.0903695016682482,0.5667556742323098,0.5550033882990739,0.6187034108877344,8.884610231886873,10.0300713902411,SC,Sul
4207759,2018,hybrid,hybrid_bvr,0.0,0.7157407407407408,0.6992532247114732,0.7090558766859345,0.2842592592592592,0.3007467752885268,-0.016487516029267568,0.47088425593098493,0.45061283345349673,0.517664023071377,8.355379895253634,9.44737245168446,SC,Sul
4207809,2018,hybrid,hybrid_bvr,0.0,0.22259941804073716,0.33646911257447476,0.27225488855462876,0.7774005819592629,0.6635308874255252,0.1138696945337376,0.5262209407100379,0.5002730748225014,0.58601856908793,9.162304922937626,9.400743062301661,SC,Sul
4207858,2018,hybrid,hybrid_bvr,0.0,0.06814449917898194,0.15172413793103448,0.09933093154915079,0.9318555008210181,0.8482758620689655,0.08357963875205254,0.5097902097902098,0.512749827705031,0.5933838731909028,7.647786045440933,10.334823750654353,SC,Sul
4207908,2018,hybrid,hybrid_bvr,0.0,0.5335372069317024,0.6858275520317145,0.5916540595057993,0.46646279306829763,0.3141724479682855,0.15229034510001216,0.5670974155069582,0.54891846921797,0.6169717138103161,9.254165851516213,9.855985322023658,SC,Sul
4208005,2018,hybrid,hybrid_bvr,0.0,0.2895867768595041,0.41290100034494653,0.349932478055368,0.7104132231404958,0.5870989996550535,0.12331422348544241,0.5462474179481295,0.5083276294775269,0.6036960985626283,8.768107539675803,10.139052855365623,SC,Sul
4208104,2018,hybrid,hybrid_bvr,0.0,0.7185092650426816,0.7869204350314826,0.7473183078221044,0.28149073495731836,0.21307956496851743,0.06841116998880092,0.4348220171390903,0.42616358658453113,0.4928986995208761,9.918425424900335,9.782188664180511,SC,Sul
4208302,2018,hybrid,hybrid_bvr,0.0,0.3715593243152298,0.4410972232617319,0.4162478054880835,0.6284406756847702,0.5589027767382682,0.06953789894650209,0.3125453885257807,0.27152554483744196,0.4293051089674884,10.731973865773508,9.766444468958563,SC,Sul
4208401,2018,hybrid,hybrid_bvr,0.0,0.7162495593937258,0.7126803340926348,0.714332327269761,0.2837504406062742,0.28731966590736524,-0.00356922530109105,0.49651310228233303,0.49962880475129917,0.5843673772404284,9.642707033281853,10.037550554756011,SC,Sul
4208450,2016,hybrid,hybrid_bvr,0.0,0.18697702723261828,0.30783090783090783,0.25021758050478676,0.8130229727673817,0.6921690921690922,0.12085388059828955,0.44335401933901,0.39487696071377176,0.5907324794934523,9.599879329534089,9.407654310160305,SC,Sul
4208500,2018,hybrid,hybrid_bvr,0.0,0.603270931907015,0.6660458619485508,0.632719925735816,0.396729068092985,0.33395413805144925,0.06277493004153578,0.45674638322999705,0.4550752434346415,0.5415314251991737,10.010097287594386,9.90554386384442,SC,Sul
4208609,2018,hybrid,hybrid_bvr,0.0,0.03508771929824561,0.08530183727034121,0.05582655826558266,0.9649122807017544,0.9146981627296588,0.0502141179720956,0.44054054054054054,0.44622738135882556,0.5418231478320246,8.304247465078474,9.876779175432693,SC,Sul
4208708,2018,hybrid,hybrid_bvr,0.0,0.046598157335223246,0.12853025936599424,0.07779240728549484,0.9534018426647768,0.8714697406340057,0.081932102030771,0.3641888072357264,0.33892999430848036,0.4215993170176437,9.269457976459272,9.581653621619006,SC,Sul
4208807,2018,hybrid,hybrid_bvr,0.0,0.13944662095984328,0.21319067390610028,0.17144837144837144,0.8605533790401567,0.7868093260938998,0.073744052946257,0.5765837216218895,0.5285728240695516,0.6576145355084497,9.757883578677337,9.457968301361669,SC,Sul
4208906,2016,hybrid,hybrid_bvr,0.0,0.04692850801166871,0.09159792968691735,0.07311826076310243,0.9530714919883313,0.9084020703130826,0.04466942167524864,0.5031251544048619,0.44889661080344107,0.6067735669212485,11.87145967939388,10.55942394645175,SC,Sul
4208955,2018,hybrid,hybrid_bvr,0.0,0.07644628099173553,0.15217391304347827,0.1053639846743295,0.9235537190082644,0.8478260869565217,0.07572763205174274,0.5437135720233139,0.5378912685337727,0.6622734761120264,7.476472381163905,9.643430929191332,SC,Sul
4209003,2018,hybrid,hybrid_bvr,0.0,0.2822085889570552,0.43094962362478284,0.3750734330516517,0.7177914110429449,0.5690503763752172,0.14874103466772765,0.3839432004369197,0.33054020324478517,0.4763772508468533,10.20433261151419,10.448472133780207,SC,Sul
4209151,2018,hybrid,hybrid_bvr,0.0,0.3903404592240697,0.4484964811260397,0.41246943765281174,0.6096595407759303,0.5515035188739603,0.05815602190197,0.5755172413793104,0.5358885017421603,0.6209059233449478,8.459775920546287,9.598700333955815,SC,Sul
4209201,2018,hybrid,hybrid_bvr,0.0,0.25969341749323716,0.3414364640883978,0.29642502482621647,0.7403065825067628,0.6585635359116022,0.08174304659516063,0.4704773869346734,0.4499054820415879,0.577189666036547,7.695757990554761,10.472260274046864,SC,Sul
4209300,2018,hybrid,hybrid_bvr,0.0,0.284728418215918,0.43138312606610196,0.36616092102919506,0.715271581784082,0.568616873933898,0.14665470785018397,0.3088674119271367,0.2713154489021474,0.3991752396411415,11.96226071726668,9.780522251606094,SC,Sul
4209409,2018,hybrid,hybrid_bvr,0.0,0.13888373817912109,0.21013676588897828,0.1770330806340455,0.861116261820879,0.7898632341110217,0.0712530277098572,0.444878785887918,0.38836518595041325,0.5321216425619835,10.850540246060325,9.127221392490616,SC,Sul
4209508,2018,hybrid,hybrid_bvr,0.0,0.08193484698914116,0.1829787234042553,0.12837837837837837,0.9180651530108588,0.8170212765957447,0.10104387641511414,0.43169121381411885,0.4229259356189479,0.5145249934572101,8.700181192753353,9.911392600897068,SC,Sul
4209607,2018,hybrid,hybrid_bvr,0.0,0.2860497886331611,0.40318752119362494,0.3422873422873423,0.7139502113668389,0.5968124788063751,0.11713773256046384,0.35548243286275344,0.3216453841323006,0.4401297885702324,9.572689189010719,9.39082153183974,SC,Sul
4209706,2018,hybrid,hybrid_bvr,0.0,0.6808510638297872,0.7774599542334096,0.7182039371820393,0.3191489361702128,0.22254004576659037,0.09660889040362242,0.550802989346478,0.534414242568749,0.6038785566682563,9.37906997525067,9.658222417583522,SC,Sul
4209805,2018,hybrid,hybrid_bvr,0.0,0.4938453963564746,0.5950413223140496,0.5265088362787596,0.5061546036435254,0.4049586776859504,0.10119592595757498,0.5342353423534235,0.5571250519318653,0.6136269214790195,8.121183242078828,9.646263102624758,SC,Sul
4209854,2018,hybrid,hybrid_bvr,0.0,0.2714285714285714,0.3729263437292634,0.3130269241229263,0.7285714285714286,0.6270736562707366,0.10149777230069201,0.515224084844338,0.5238095238095238,0.5855762594893029,8.442900586834382,9.798174907818257,SC,Sul
4209904,2018,hybrid,hybrid_bvr,0.0,0.10252891589884336,0.1923659497122084,0.13780792574080686,0.8974710841011566,0.8076340502877916,0.08983703381336505,0.5436610053182364,0.5437044745057232,0.6132500867152272,9.234447447319416,9.471682878932015,SC,Sul
4210001,2018,hybrid,hybrid_bvr,0.0,0.12985987763962897,0.22746666666666668,0.1713734830441193,0.8701401223603711,0.7725333333333333,0.0976067890270377,0.3941765810895429,0.38270629149541574,0.4539993676889029,9.25320827220336,10.34934689555279,SC,Sul
4210035,2018,hybrid,hybrid_bvr,0.0,0.21381722780935725,0.3526275704493526,0.2880113983309587,0.7861827721906427,0.6473724295506473,0.13881034263999537,0.42102524069737185,0.3818652849740933,0.5137305699481866,8.630521876723241,9.787655737011006,SC,Sul
4210050,2018,hybrid,hybrid_bvr,0.0,0.13908872901678657,0.20652173913043478,0.15973377703826955,0.8609112709832134,0.7934782608695652,0.06743301011364822,0.6175078864353313,0.5964653902798233,0.6428571428571429,7.509883061154913,9.781777731707917,SC,Sul
4210308,2018,hybrid,hybrid_bvr,0.0,0.3286830357142857,0.4513151822796493,0.37489132324813074,0.6713169642857143,0.5486848177203507,0.12263214656536359,0.5018734846815076,0.47980139923267884,0.5531482735274205,8.919854372191667,9.565461763206189,SC,Sul
4210407,2018,hybrid,hybrid_bvr,0.0,0.25061576354679804,0.33874309392265195,0.2921549479166667,0.749384236453202,0.6612569060773481,0.08812733037585391,0.5632777647335055,0.5156431054461182,0.6482039397450753,8.764678074116606,9.734111200502031,SC,Sul
4210506,2018,hybrid,hybrid_bvr,0.0,0.7308752584424535,0.7948068991376078,0.7660782491999587,0.2691247415575465,0.20519310086239217,0.06393164069515433,0.5651075556916482,0.5344184985167719,0.6310945462843234,10.003378135350923,10.25419954727861,SC,Sul
4210605,2018,hybrid,hybrid_bvr,0.0,0.11476140924632079,0.20922598479612992,0.15844986016779863,0.8852385907536792,0.79077401520387,0.09446457554980912,0.4471070148489503,0.4279507603186097,0.4897072514740871,9.59383249927394,9.911381892736976,SC,Sul
4210704,2018,hybrid,hybrid_bvr,0.0,0.2294344473007712,0.3325499412455934,0.2658911508101371,0.7705655526992288,0.6674500587544065,0.1031154939448222,0.5409429280397022,0.5415676959619953,0.6045130641330166,7.951207156472972,9.135202254426655,SC,Sul
4210803,2018,hybrid,hybrid_bvr,0.0,0.05765765765765766,0.12223515715948778,0.08583037074657186,0.9423423423423424,0.8777648428405123,0.06457749950183012,0.335244161358811,0.3168715557439593,0.4016532428995337,8.85366542803745,9.824080952027334,SC,Sul
4210852,2018,hybrid,hybrid_bvr,0.0,0.4721216509775525,0.5390143737166324,0.4997876857749469,0.5278783490224475,0.4609856262833676,0.06689272273907992,0.45390070921985815,0.40105695830886673,0.47856723429242515,7.829232537543592,9.472459725987834,SC,Sul
4210902,2018,hybrid,hybrid_bvr,0.0,0.6783382789317507,0.6757741347905283,0.6770708283313326,0.3216617210682493,0.3242258652094717,-0.002564144141222413,0.5553398058252427,0.524822695035461,0.5819542947202522,8.305236829492593,10.041463626461775,SC,Sul
4211009,2018,hybrid,hybrid_bvr,0.0,0.2508599508599509,0.35132843414358395,0.29758149316508936,0.7491400491400491,0.648671565856416,0.10046848328363306,0.6419047619047619,0.6291622853137049,0.7076761303890642,9.23317760587894,10.128182045957937,SC,Sul
4211058,2018,hybrid,hybrid_bvr,0.0,0.7804134929270947,0.8560966678872208,0.8086268086268086,0.21958650707290528,0.14390333211277917,0.07568317496012611,0.512066952121448,0.5350775193798449,0.5833333333333334,9.139059169971219,9.739071737155262,SC,Sul
4211108,2018,hybrid,hybrid_bvr,0.0,0.3728574782812867,0.4636913767019667,0.4076488483268144,0.6271425217187133,0.5363086232980333,0.09083389842068001,0.48306302607267504,0.4646443943431031,0.56282025005124,9.029537661151497,9.58734288962753,SC,Sul
4211207,2018,hybrid,hybrid_bvr,0.0,0.18058690744920994,0.24324810947065179,0.20718379824226213,0.8194130925507901,0.7567518905293482,0.06266120202144185,0.4772892630703669,0.4384298828743273,0.5846786957898069,9.688188155244967,10.00116546362109,SC,Sul
4211306,2018,hybrid,hybrid_bvr,0.0,0.1304662242640803,0.2782725014332123,0.2083224286835907,0.8695337757359197,0.7217274985667876,0.147806277169132,0.46272466606056367,0.4084192139737991,0.5633886462882096,11.011323835731769,10.064978433791845,SC,Sul
4211405,2018,hybrid,hybrid_bvr,0.0,0.5100603621730382,0.537746170678337,0.5233228511530398,0.4899396378269618,0.46225382932166303,0.02768580850529878,0.5298059964726631,0.5088090204369274,0.6000704721634954,8.360539381370861,9.842992308314964,SC,Sul
4211454,2018,hybrid,hybrid_bvr,0.0,0.10971524288107203,0.20077220077220076,0.14561136478944697,0.890284757118928,0.7992277992277992,0.09105695789112873,0.6404382470119522,0.6321764515082712,0.7058060330846578,8.358666283188,10.014020979159087,SC,Sul
4211603,2018,hybrid,hybrid_bvr,0.0,0.05610932475884244,0.14171974522292993,0.09686657681940701,0.9438906752411576,0.85828025477707,0.08561042046408748,0.46431030525591005,0.40270669851017854,0.526100307062436,9.496195777086555,10.210030384885096,SC,Sul
4211702,2018,hybrid,hybrid_bvr,0.0,0.5188749866324457,0.5940998012344387,0.5569011105235325,0.4811250133675543,0.40590019876556127,0.07522481460199304,0.3612957985570802,0.3310825068579869,0.4176689878314694,9.970819044696412,10.191155601610939,SC,Sul
4211751,2018,hybrid,hybrid_bvr,0.0,0.05842259006815969,0.1273929690219283,0.08905380333951762,0.9415774099318404,0.8726070309780717,0.06897037895376859,0.42183757892445023,0.38536792854104635,0.503721820501914,9.701187753026508,10.26458862963127,SC,Sul
4211801,2018,hybrid,hybrid_bvr,0.0,0.576899320568252,0.5835866261398176,0.5798977853492334,0.423100679431748,0.4164133738601824,0.006687305571565605,0.45724830838630304,0.43705220061412486,0.5187308085977482,8.905444318789714,9.369215938895024,SC,Sul
4211850,2018,hybrid,hybrid_bvr,0.0,0.3385281385281385,0.38531073446327685,0.3588235294117647,0.6614718614718615,0.6146892655367231,0.04678259593513834,0.49841872232764073,0.5082174462705437,0.5644753476611883,7.7279755421055585,9.895241405020867,SC,Sul
4211876,2018,hybrid,hybrid_bvr,0.0,0.26703499079189685,0.36988110964332893,0.30927835051546393,0.7329650092081031,0.630118890356671,0.10284611885143208,0.6232771822358346,0.5716417910447761,0.6634328358208955,7.47477218239787,9.445414736109575,SC,Sul
4211892,2018,hybrid,hybrid_bvr,0.0,0.23013871374527112,0.3010625737898465,0.2548294286888615,0.7698612862547289,0.6989374262101535,0.0709238600445754,0.4292604501607717,0.4395433316035288,0.5075246497145822,7.763446388727362,9.838251805817846,SC,Sul
4212007,2018,hybrid,hybrid_bvr,0.0,0.2688953488372093,0.411610650371017,0.3258897418004187,0.7311046511627908,0.5883893496289829,0.14271530153380774,0.7266088544043816,0.6855491329479769,0.7669364161849711,8.957381735582787,9.738192149952537,SC,Sul
4212056,2018,hybrid,hybrid_bvr,0.0,0.1213132999443517,0.191,0.1461758398856326,0.8786867000556483,0.8089999999999999,0.06968670005564831,0.3883248730964467,0.3866799204771372,0.4572564612326044,7.771910256435763,10.037387608759296,SC,Sul
4212239,2018,hybrid,hybrid_bvr,0.0,0.1440466278101582,0.24072672218016655,0.17835079237174323,0.8559533721898418,0.7592732778198334,0.09668009437000835,0.6220270764727406,0.6140155728587319,0.6703744901742678,8.313852267398207,9.814964338108819,SC,Sul
4212254,2018,hybrid,hybrid_bvr,0.0,0.0598136459272618,0.15893056071295952,0.10413552566018934,0.9401863540727382,0.8410694392870405,0.09911691478569773,0.4551760939167556,0.4290254237288136,0.5476694915254238,8.798907492088226,9.113810193711625,SC,Sul
4212403,2018,hybrid,hybrid_bvr,0.0,0.15721753116204262,0.23006993006993007,0.1838141434771509,0.8427824688379574,0.76993006993007,0.07285239890788744,0.5226982097186701,0.496510152284264,0.5843908629441624,8.320448113956559,9.770449968191885,SC,Sul
4212601,2018,hybrid,hybrid_bvr,0.0,0.09096573208722741,0.13079470198675497,0.10803127221037669,0.9090342679127725,0.869205298013245,0.039828969899527555,0.4238178633975482,0.4067722075637643,0.5030782761653474,8.002359546252707,9.651527476971413,SC,Sul
4212700,2018,hybrid,hybrid_bvr,0.0,0.555349984582177,0.6086286594761171,0.5753371868978805,0.444650015417823,0.3913713405238829,0.053278674893940114,0.4759651307596513,0.5016984583224458,0.5751241181081788,8.721113147762688,9.71100197381534,SC,Sul
4213104,2018,hybrid,hybrid_bvr,0.0,0.21760193782801776,0.18045454545454545,0.20012828736369467,0.7823980621719823,0.8195454545454546,-0.03714739237347231,0.5440251572327044,0.5439814814814815,0.6568287037037037,8.47345026846832,11.61292205926868,SC,Sul
4213153,2018,hybrid,hybrid_bvr,0.0,0.4622279129321383,0.4703493095044679,0.4658073755818117,0.5377720870678617,0.529650690495532,0.008121396572329631,0.58780127889818,0.5799701046337817,0.6362730443447933,7.8838232148921525,10.144510994945104,SC,Sul
4213203,2018,hybrid,hybrid_bvr,0.0,0.31960166822708314,0.43171876242742385,0.37755941123262887,0.6803983317729169,0.5682812375725761,0.11211709420034072,0.46178890664772393,0.43033873343151696,0.5595287187039765,10.23131539091714,10.471633446466356,SC,Sul
4213302,2018,hybrid,hybrid_bvr,0.0,0.05823068309070549,0.11743515850144093,0.07843619375461028,0.9417693169092946,0.8825648414985591,0.05920447541073544,0.3564189189189189,0.3840457758330528,0.4547290474587681,8.495765244002618,9.478940848503374,SC,Sul
4213351,2018,hybrid,hybrid_bvr,0.0,0.06904761904761905,0.12537612838515547,0.09002614867388868,0.930952380952381,0.8746238716148446,0.056328509337536414,0.425706940874036,0.4024008350730689,0.4582463465553236,8.10258642539079,10.02048311503191,SC,Sul
4213500,2018,hybrid,hybrid_bvr,0.0,0.22744453574363188,0.3154371226043581,0.27636284025395896,0.7725554642563681,0.6845628773956419,0.0879925868607262,0.3497361477572559,0.3102293223396032,0.44988405050244784,9.685518092495647,10.47198359401224,SC,Sul
4213609,2018,hybrid,hybrid_bvr,0.0,0.544263148758896,0.6426646396240757,0.5989767656562548,0.45573685124110397,0.3573353603759243,0.09840149086517969,0.3726487314085739,0.31661664392905864,0.451568894952251,10.419091740755093,9.341449297369529,SC,Sul
4213708,2018,hybrid,hybrid_bvr,0.0,0.10218156228008445,0.185894441849603,0.133661192588039,0.8978184377199155,0.814105558150397,0.08371287956951855,0.5115324236203357,0.5023725514052805,0.5947195522569656,9.603057907261844,9.673802564823893,SC,Sul
4213807,2018,hybrid,hybrid_bvr,0.0,0.03415300546448088,0.08770491803278689,0.05557377049180328,0.9658469945355191,0.9122950819672131,0.053551912568306013,0.4837719298245614,0.4584893195331425,0.5512001761726492,8.891098830616636,9.393613267306336,SC,Sul
4213906,2018,hybrid,hybrid_bvr,0.0,0.07468879668049792,0.13333333333333333,0.09753008233058898,0.9253112033195021,0.8666666666666667,0.05864453665283541,0.41951930080116534,0.38456040028591854,0.43388134381701216,7.45298232946546,9.668792026102231,SC,Sul
4214003,2018,hybrid,hybrid_bvr,0.0,0.5244234350379602,0.6309142953359151,0.573374613003096,0.4755765649620398,0.36908570466408486,0.10649086029795496,0.5597114317425084,0.5562913907284768,0.6450780110001122,9.608243627877057,9.89354034520868,SC,Sul
4214102,2018,hybrid,hybrid_bvr,0.0,0.059901338971106416,0.14605263157894738,0.08994951812758147,0.9400986610288936,0.8539473684210526,0.08615129260784096,0.6116044997039668,0.5971223021582733,0.6714628297362111,7.7336835707759,9.550340279468708,SC,Sul
4214151,2018,hybrid,hybrid_bvr,0.0,0.4026682838083687,0.45685840707964603,0.4218566392479436,0.5973317161916313,0.543141592920354,0.05419012327127731,0.6184281842818428,0.5799136069114471,0.6528077753779697,7.922261058353247,9.17873669577773,SC,Sul
4214409,2018,hybrid,hybrid_bvr,0.0,0.13033893634610086,0.19875424688561721,0.15273401297497682,0.8696610636538992,0.8012457531143828,0.06841531053951636,0.3823257960313798,0.36489870248122014,0.45572501707261553,8.723068501163928,9.646845125734785,SC,Sul
4214508,2018,hybrid,hybrid_bvr,0.0,0.6338259441707718,0.6166103331723805,0.6268569194683347,0.36617405582922824,0.38338966682761955,-0.017215610998391306,0.43475160446874256,0.44889206576125806,0.5322849654515129,8.731013415269564,9.64737550449196,SC,Sul
4214607,2018,hybrid,hybrid_bvr,0.0,0.04507608383577376,0.13488372093023257,0.08139534883720931,0.9549239161642262,0.8651162790697674,0.08980763709445881,0.46648488979777325,0.4756182112318003,0.532701640859718,8.866440619526173,9.725669240053723,SC,Sul
4214706,2018,hybrid,hybrid_bvr,0.0,0.3671147880041365,0.4275239706711788,0.39267390526190193,0.6328852119958635,0.5724760293288211,0.060409182667042316,0.4290949649458254,0.4070237902573232,0.5050979122835411,9.23834456838578,9.748711920563023,SC,Sul
4214805,2018,hybrid,hybrid_bvr,0.0,0.23180805643215147,0.3301706410765179,0.2871379569303213,0.7681919435678486,0.669829358923482,0.09836258464436642,0.38741020065508797,0.35547459147883304,0.48878436064058295,11.02186978822786,10.138802232468924,SC,Sul
4214904,2018,hybrid,hybrid_bvr,0.0,0.3419354838709677,0.3563218390804598,0.34858992140545536,0.6580645161290323,0.6436781609195402,0.014386355209492052,0.47262247838616717,0.4791015069661643,0.5524594825135059,8.399760094524142,9.69596583196733,SC,Sul
4215000,2018,hybrid,hybrid_bvr,0.0,0.4951058362902239,0.5792393026941363,0.5355328337355519,0.5048941637097761,0.42076069730586374,0.08413346640391234,0.2657199111893092,0.23655469137845442,0.36877378785371506,10.592777302768768,9.705299175701747,SC,Sul
4215059,2018,hybrid,hybrid_bvr,0.0,0.24279007377598927,0.24553039332538737,0.24377682403433476,0.7572099262240107,0.7544696066746126,0.0027403195493981014,0.4057623049219688,0.4232340922358436,0.4868651488616462,7.798112628829788,9.327648929093819,SC,Sul
4215075,2018,hybrid,hybrid_bvr,0.0,0.07341269841269842,0.14874915483434753,0.10127531882970743,0.9265873015873016,0.8512508451656524,0.07533645642164911,0.594072594072594,0.59244126659857,0.6503234593122234,8.484256691169973,9.189665102773798,SC,Sul
4215109,2018,hybrid,hybrid_bvr,0.0,0.164453717754173,0.24615772234819855,0.1995455037333622,0.835546282245827,0.7538422776518015,0.08170400459402555,0.35463169642857145,0.3594548551959114,0.4400908574673481,9.298534382712099,9.584376101963025,SC,Sul
4215307,2018,hybrid,hybrid_bvr,0.0,0.462060058120762,0.44345135785493295,0.453046953046953,0.537939941879238,0.556548642145067,-0.01860870026582906,0.46116090482287664,0.46061246040126713,0.506441393875396,8.905172985183382,9.489851431955197,SC,Sul
4215356,2018,hybrid,hybrid_bvr,0.0,0.6785,0.697065820777161,0.6856792394970868,0.3215,0.30293417922283905,0.018565820777160957,0.7017104714226116,0.6930485762144054,0.7768006700167505,8.284251797621916,9.341891137449789,SC,Sul
4215406,2018,hybrid,hybrid_bvr,0.0,0.09469891919711786,0.2041949413942011,0.14450056116722784,0.9053010808028822,0.7958050586057989,0.10949602219708325,0.4924660051451672,0.47307132459970885,0.5658660844250364,8.366602832783736,10.02928304335037,SC,Sul
4215455,2018,hybrid,hybrid_bvr,0.0,0.10424286759326994,0.15850244926522045,0.12286812394907519,0.89575713240673,0.8414975507347795,0.05425958167195051,0.582398316970547,0.5427011797851734,0.6349709455890121,9.249561085129464,9.64787544089117,SC,Sul
4215505,2018,hybrid,hybrid_bvr,0.0,0.725676017184736,0.7447714949651433,0.7332160880868634,0.27432398281526404,0.2552285050348567,0.01909547778040732,0.39297159907172063,0.39799846035411857,0.44858682503024305,9.665039989962045,9.632213048867229,SC,Sul
4215554,2018,hybrid,hybrid_bvr,0.0,0.5287267080745341,0.5892857142857143,0.5544642857142857,0.47127329192546585,0.4107142857142857,0.060559006211180155,0.5617597292724196,0.5363686840644086,0.6390893947806774,7.775695749915245,9.502608887927835,SC,Sul
4215604,2018,hybrid,hybrid_bvr,0.0,0.2741652021089631,0.3205918618988903,0.2934838378655721,0.7258347978910369,0.6794081381011097,0.04642665978992716,0.5491753207086133,0.5444177671068428,0.6152460984393757,7.632885505395133,9.625284224038891,SC,Sul
4215653,2018,hybrid,hybrid_bvr,0.0,0.10082350322724237,0.16590736522399394,0.12487722744492774,0.8991764967727576,0.834092634776006,0.06508386199675156,0.5080266249021144,0.4458204334365325,0.6046826625386997,8.9939241414114,9.200545852177287,SC,Sul
4215679,2018,hybrid,hybrid_bvr,0.0,0.44871794871794873,0.508878302295366,0.4699478687519166,0.5512820512820513,0.491121697704634,0.06016035357741728,0.5925858290723156,0.6430031592640774,0.6939230626277644,9.078749951588586,9.530176433733255,SC,Sul
4215687,2018,hybrid,hybrid_bvr,0.0,0.6265292981326465,0.6388888888888888,0.6308273834523309,0.37347070186735354,0.36111111111111116,0.012359590756242378,0.6295503211991434,0.6459251101321586,0.711453744493392,7.971085753505607,9.234797139481989,SC,Sul
4215752,2018,hybrid,hybrid_bvr,0.0,0.7517934002869441,0.7520833333333333,0.7519116397621071,0.24820659971305592,0.24791666666666667,0.0002899330463892458,0.6668632075471698,0.6306982111944605,0.684939411425274,7.892452043520352,10.136311404869117,SC,Sul
4215802,2018,hybrid,hybrid_bvr,0.0,0.4135868168972731,0.47315833037720234,0.4465601362192606,0.5864131831027268,0.5268416696227977,0.05957151347992923,0.3956916597200895,0.3653900218420882,0.5015246210073312,11.222586532857163,10.136813707262567,SC,Sul
4216008,2018,hybrid,hybrid_bvr,0.0,0.8509491445980782,0.8575734740015072,0.8541464597478177,0.14905085540192176,0.14242652599849281,0.006624329403428941,0.5327935222672064,0.531173294059892,0.5985927016854852,9.239025005836092,9.854926688671426,SC,Sul
4216057,2018,hybrid,hybrid_bvr,0.0,0.1509517485613103,0.2407108239095315,0.18272805261652844,0.8490482514386897,0.7592891760904685,0.0897590753482212,0.48446443172526577,0.43488843813387423,0.49858012170385396,8.51959031601596,9.563629702921478,SC,Sul
4216206,2018,hybrid,hybrid_bvr,0.0,0.2522179974651457,0.39306742640075976,0.33273615635179155,0.7477820025348543,0.6069325735992402,0.14084942893561403,0.39389170105066146,0.3304875496965892,0.5228290437329985,10.657729832455884,10.81114754347479,SC,Sul
4216255,2018,hybrid,hybrid_bvr,0.0,0.5584224106155548,0.6488925348646432,0.6012424771888953,0.44157758938444525,0.35110746513535684,0.0904701242490884,0.48951730862993664,0.49902200488997556,0.5545232273838631,8.70549681988774,9.761466184165185,SC,Sul
4216354,2018,hybrid,hybrid_bvr,0.0,0.2665299846232701,0.3283113622096673,0.2943002257336343,0.73347001537673,0.6716886377903327,0.06178137758639718,0.42902066486972146,0.42141544117647056,0.4990808823529412,8.14177220465645,9.755082103352674,SC,Sul
4216404,2018,hybrid,hybrid_bvr,0.0,0.054227704960164484,0.10424548129466163,0.07320574162679426,0.9457722950398355,0.8957545187053384,0.050017776334497145,0.4042997286579002,0.37631960256675634,0.522045125232871,8.85395110151461,9.38361176866758,SC,Sul
4216503,2018,hybrid,hybrid_bvr,0.0,0.21142002463487594,0.2715610313730471,0.2360309787410988,0.788579975365124,0.7284389686269529,0.06014100673817116,0.31334894613583136,0.29952243223246117,0.34875899643505753,10.119082686093009,9.663105239417561,SC,Sul
4216701,2018,hybrid,hybrid_bvr,0.0,0.5954866441510592,0.6484008963128947,0.6182263853628645,0.40451335584894077,0.35159910368710534,0.05291425216183543,0.5725020547141012,0.5432759422987437,0.6241275011633318,9.523982546097495,9.767074825730692,SC,Sul
4216800,2018,hybrid,hybrid_bvr,0.0,0.19703215169002472,0.2791017415215399,0.22249075916974695,0.8029678483099753,0.7208982584784601,0.08206958983151516,0.5303484451105283,0.53037120359955,0.5794900637420323,9.134862230800225,9.20264340462954,SC,Sul
4216909,2018,hybrid,hybrid_bvr,0.0,0.3356164383561644,0.36980353847823727,0.3527239150507849,0.6643835616438356,0.6301964615217628,0.03418710012207288,0.5335365853658537,0.5121549854140175,0.6002692796768644,9.989298208949238,9.937502289191366,SC,Sul
4217006,2018,hybrid,hybrid_bvr,0.0,0.358348134991119,0.47484203135970043,0.41506209410960465,0.6416518650088809,0.5251579686402996,0.11649389636858143,0.49788963576676565,0.48176761433868975,0.5580964153275649,9.305013985578864,10.331457455503362,SC,Sul
4217105,2018,hybrid,hybrid_bvr,0.0,0.05572597137014315,0.10734017363851618,0.07601613403661185,0.9442740286298569,0.8926598263614838,0.05161420226837303,0.4656679151061174,0.45331139448786506,0.513780337309749,8.073714641109857,9.611975573023752,SC,Sul
4217154,2018,hybrid,hybrid_bvr,0.0,0.7658102766798419,0.71850699844479,0.7474320241691843,0.23418972332015808,0.28149300155520995,-0.04730327823505187,0.6082474226804123,0.5566391597899475,0.6084021005251313,7.55171221535131,9.363575266453555,SC,Sul
4217204,2018,hybrid,hybrid_bvr,0.0,0.3219761499148211,0.42750100097237315,0.38265675373379826,0.678023850085179,0.5724989990276268,0.10552485105755205,0.5053874747094528,0.46527712870361715,0.5679502757267034,10.499738295850376,10.11601693787788,SC,Sul
4217303,2018,hybrid,hybrid_bvr,0.0,0.5544554455445545,0.5441343963553531,0.5495238095238095,0.4455445544554455,0.4558656036446469,-0.010321049189201403,0.5256777235224785,0.5382779198635976,0.5935208866155157,9.106756055719613,9.957991912637626,SC,Sul
4217402,2018,hybrid,hybrid_bvr,0.0,0.6369014605287484,0.7591459607941067,0.709867342375913,0.3630985394712516,0.24085403920589332,0.12224450026535827,0.6034366576819407,0.5645358532518066,0.6934963868816009,9.636653312597184,9.767692659186114,SC,Sul
4217501,2018,hybrid,hybrid_bvr,0.0,0.5137553418803419,0.5497777777777778,0.5308329821604157,0.4862446581196581,0.4502222222222222,0.03602243589743592,0.535270829584308,0.5180864532465184,0.5775908844275638,9.737196812814702,10.241121052008252,SC,Sul
4217550,2018,hybrid,hybrid_bvr,0.0,0.4359654943596549,0.5279106858054227,0.47772546178920683,0.5640345056403451,0.47208931419457734,0.09194519144576774,0.6342376052385407,0.6050775740479548,0.6826516220028209,8.09712193091871,10.067646688670676,SC,Sul
4217600,2018,hybrid,hybrid_bvr,0.0,0.0653618906942393,0.13452188006482982,0.10037378065457198,0.9346381093057607,0.8654781199351702,0.06915998937059052,0.4456119402985075,0.38722842395870843,0.5556355779618293,9.472550778454295,9.96509103130321,SC,Sul
4217709,2018,hybrid,hybrid_bvr,0.0,0.176044474393531,0.22639431260638831,0.19904844686399195,0.823955525606469,0.7736056873936117,0.05034983821285732,0.4784981588637559,0.4085018144116122,0.5936365992742354,10.189155097188696,9.711360440791063,SC,Sul
4217758,2018,hybrid,hybrid_bvr,0.0,0.3383050847457627,0.41025641025641024,0.3655143338954469,0.6616949152542373,0.5897435897435898,0.07195132551064753,0.5543421736869475,0.5493472584856397,0.6490861618798955,7.925157512224703,10.133907530897758,SC,Sul
4217808,2018,hybrid,hybrid_bvr,0.0,0.5832771409305462,0.6377832210655235,0.6088047608804761,0.41672285906945383,0.36221677893447646,0.054506080134977375,0.4051625239005736,0.3971431347779613,0.48304343601204935,9.756146964637418,9.897624512012793,SC,Sul
4217956,2018,hybrid,hybrid_bvr,0.0,0.7427350427350428,0.7444005270092227,0.7433903576982893,0.25726495726495724,0.25559947299077734,0.0016654842741798959,0.6690251572327044,0.6784313725490196,0.7254901960784313,7.471363088187097,9.283256480390078,SC,Sul
4218004,2018,hybrid,hybrid_bvr,0.0,0.4464047675056849,0.5270755676042019,0.48967573069652465,0.5535952324943151,0.47292443239579807,0.08067080009851701,0.3905276506588741,0.36185510428100987,0.47502744237102085,10.340451327703663,10.01597378267135,SC,Sul
4218103,2018,hybrid,hybrid_bvr,0.0,0.04114671163575042,0.0914179104477612,0.058823529411764705,0.9588532883642495,0.9085820895522388,0.050271198812010774,0.45945212910225114,0.46738255033557047,0.5390604026845638,8.576970395452099,9.549137925343732,SC,Sul
4218202,2018,hybrid,hybrid_bvr,0.0,0.34789402656438667,0.48415240198785203,0.4245549721954705,0.6521059734356134,0.515847598012148,0.13625837542346536,0.32407407407407407,0.3043301759133965,0.4440234551195309,10.512546352713787,10.211069422996912,SC,Sul
4218251,2018,hybrid,hybrid_bvr,0.0,0.34835257673894676,0.4719648951730863,0.3936094252052838,0.6516474232610532,0.5280351048269136,0.12361231843413956,0.47183098591549294,0.44896392939370683,0.5039652084932208,8.877242435993919,9.452955457826954,SC,Sul
4218301,2018,hybrid,hybrid_bvr,0.0,0.28284529670899194,0.4396944322021448,0.3563511187607573,0.717154703291008,0.5603055677978552,0.15684913549315288,0.41942028985507246,0.3695907577834345,0.48815351478363034,9.805268145029668,9.98222338184483,SC,Sul
4218350,2018,hybrid,hybrid_bvr,0.0,0.0531317494600432,0.10278250993753549,0.0745829244357213,0.9468682505399568,0.8972174900624645,0.04965076047749229,0.3943262411347518,0.3679212099894478,0.5012310939148786,8.168202930236053,10.586418276673026,SC,Sul
4218400,2018,hybrid,hybrid_bvr,0.0,0.17703591299949417,0.2153088630259624,0.19085326438267614,0.8229640870005058,0.7846911369740376,0.03827295002646822,0.5069603158113443,0.4981020666385491,0.5849852382960776,8.83579236650274,9.459869224128616,SC,Sul
4218509,2018,hybrid,hybrid_bvr,0.0,0.47530864197530864,0.5461999369284137,0.5143154606975534,0.5246913580246914,0.45380006307158627,0.07089129495310509,0.35635964912280704,0.33698930627913354,0.4272004387167535,8.754791763700032,10.357454911295948,SC,Sul
4218707,2018,hybrid,hybrid_bvr,0.0,0.3027297629167847,0.38741264774393924,0.3529856,0.6972702370832153,0.6125873522560608,0.08468288482715453,0.4548372544937192,0.38517804588403354,0.5906923910985663,11.484886007938982,9.9216806933045,SC,Sul
4218756,2018,hybrid,hybrid_bvr,0.0,0.5624103299856528,0.5832402234636872,0.5720175212574079,0.43758967001434723,0.4167597765363128,0.020829893478034434,0.4236842105263158,0.4035029742233972,0.48083278255122275,8.440959885416648,9.4764003342555,SC,Sul
4218855,2018,hybrid,hybrid_bvr,0.0,0.05158483530142946,0.11074197120708748,0.07285031847133758,0.9484151646985706,0.8892580287929125,0.05915713590565802,0.5490293678446988,0.5467196819085487,0.6247514910536779,7.975908360165538,10.085107259425529,SC,Sul
4218905,2018,hybrid,hybrid_bvr,0.0,0.3919004429445265,0.4769578739044388,0.42824353708625273,0.6080995570554735,0.5230421260955612,0.0850574309599123,0.3674434312732185,0.35237451411188103,0.43011661314855504,9.277905558138606,9.544827811354054,SC,Sul
4218954,2018,hybrid,hybrid_bvr,0.0,0.09375,0.1879432624113475,0.12860892388451445,0.90625,0.8120567375886525,0.09419326241134751,0.3290246768507638,0.30866322432587495,0.4142283419391853,7.8168199657645525,9.490337876783949,SC,Sul
4219002,2018,hybrid,hybrid_bvr,0.0,0.43282858873410057,0.43964379947229554,0.43640136015215264,0.5671714112658994,0.5603562005277045,0.006815210738194966,0.4136059771922926,0.35723441756128826,0.5169844576189713,9.91457584952155,10.002329314922903,SC,Sul
4219150,2018,hybrid,hybrid_bvr,0.0,0.23827909542195255,0.2403282532239156,0.23893473368342086,0.7617209045780474,0.7596717467760844,0.0020491578019630474,0.5266736401673641,0.5135,0.5725,7.940227765145702,9.326317409327899,SC,Sul
4219176,2018,hybrid,hybrid_bvr,0.0,0.17726657645466848,0.2667017359284587,0.2185526954832443,0.8227334235453315,0.7332982640715413,0.08943515947379022,0.5449180327868852,0.48388136686009026,0.6015473887814313,8.474911799159631,10.767458845215524,SC,Sul
4219200,2018,hybrid,hybrid_bvr,0.0,0.31626409017713364,0.36829268292682926,0.33688906128782004,0.6837359098228664,0.6317073170731707,0.052028592749695624,0.5383803745713532,0.531863404140898,0.601236891637537,8.746716349694486,9.788426365724895,SC,Sul
4219309,2018,hybrid,hybrid_bvr,0.0,0.38469523095553887,0.4817591204397801,0.43669513533774196,0.6153047690444611,0.5182408795602199,0.09706388948424122,0.49402847106674064,0.46915699518602827,0.577825876030899,10.761894901961734,10.240463724936625,SC,Sul
4219358,2018,hybrid,hybrid_bvr,0.0,0.14880112834978843,0.21456953642384105,0.17165209387942937,0.8511988716502116,0.785430463576159,0.06576840807405263,0.4762050967147682,0.49109568367038936,0.5472381527316631,8.557759153162898,9.51881025037097,SC,Sul
4219408,2018,hybrid,hybrid_bvr,0.0,0.287292817679558,0.3904320987654321,0.3279586248859142,0.7127071823204421,0.6095679012345678,0.10313928108587411,0.5895397489539749,0.5723296888141295,0.6644238856181666,8.1886891244442,9.821644614308392,SC,Sul
4219507,2018,hybrid,hybrid_bvr,0.0,0.5278840346285484,0.612297965635038,0.5758532769311004,0.4721159653714516,0.387702034364962,0.08441393100648964,0.6389119191440641,0.6007917656373714,0.6965558194774347,10.694849780593028,10.069069396652313,SC,Sul
4219606,2018,hybrid,hybrid_bvr,0.0,0.2531705025833725,0.35210263720598717,0.2924688561721404,0.7468294974166275,0.6478973627940128,0.09893213462261469,0.5299965718203634,0.5298763736263736,0.5800137362637363,8.328934041955529,10.007756212075202,SC,Sul
4219705,2018,hybrid,hybrid_bvr,0.0,0.3661153330353151,0.3857521788556271,0.3756496941263051,0.6338846669646849,0.6142478211443729,0.019636845820312,0.6424062618356268,0.6038549327922902,0.6959802181080396,10.154751979566992,10.022663637766541,SC,Sul
4219853,2018,hybrid,hybrid_bvr,0.0,0.3106605624591236,0.3336252189141856,0.32047922126544365,0.6893394375408763,0.6663747810858144,0.022964656455062016,0.5809968847352025,0.561909758656873,0.6358866736621196,8.003363058629947,9.37679504342891,SC,Sul
3501152,2016,hybrid,hybrid_bvr,0.0,0.047511990407673864,0.10772282137101773,0.08046678879164122,0.9524880095923262,0.8922771786289823,0.06021083096334386,0.5719410509986427,0.4603013217487753,0.6896201127645808,9.73145290361031,11.44067910729904,SP,Sudeste
3501905,2018,hybrid,hybrid_bvr,0.0,0.38140648813411715,0.4858134573129956,0.44171203649205415,0.6185935118658829,0.5141865426870045,0.10440696917887843,0.29610658388306815,0.24668284371934535,0.40064019825494346,11.09481574970398,10.530729517672931,SP,Sudeste
3502754,2016,hybrid,hybrid_bvr,0.0,0.06606324203597037,0.1464041095890411,0.10235256203673863,0.9339367579640296,0.8535958904109588,0.08034086755307072,0.4250561797752809,0.3449791254669303,0.5453746429356185,9.745663467342562,11.03284879008222,SP,Sudeste
3505906,2018,hybrid,hybrid_bvr,0.0,0.2952290742310185,0.4413091590057882,0.37403283205142923,0.7047709257689815,0.5586908409942117,0.1460800847747697,0.3696189528426054,0.3040702063412179,0.4772898842476095,10.941571048129415,9.924675025184904,SP,Sudeste
3506607,2016,hybrid,hybrid_bvr,0.0,0.05465107391271115,0.13558678313710595,0.09074740630954901,0.9453489260872888,0.8644132168628941,0.0809357092243948,0.36578431991913574,0.31350634589884446,0.4771105638694197,10.260287488663012,9.323100216608868,SP,Sudeste
3511508,2016,hybrid,hybrid_bvr,0.0,0.03448509945013916,0.08944490669202425,0.06378933358684286,0.9655149005498609,0.9105550933079758,0.05495980724188509,0.3222735926026652,0.2681146359048306,0.4209625090122567,10.58701359805202,10.28985276741617,SP,Sudeste
3515129,2018,hybrid,hybrid_bvr,0.0,0.4413533834586466,0.5233236151603499,0.4829755736491488,0.5586466165413534,0.47667638483965014,0.08197023170170326,0.5421496311907271,0.47830744509908946,0.6480985538296733,8.013012110368916,9.412415859906,SP,Sudeste
3515186,2016,hybrid,hybrid_bvr,0.0,0.08154253753311745,0.1493521517815826,0.11574708954570653,0.9184574624668825,0.8506478482184174,0.06780961424846514,0.31958209448298647,0.24877551020408165,0.40048979591836736,10.64320815639566,9.886773857069224,SP,Sudeste
3518305,2016,hybrid,hybrid_bvr,0.0,0.05521319120586276,0.12825701998482164,0.09150710185611932,0.9447868087941372,0.8717429800151784,0.07304382877895887,0.38110457683456916,0.3576096518788488,0.5435465627749152,10.159833744678057,10.669057072952224,SP,Sudeste
3518859,2016,hybrid,hybrid_bvr,0.0,0.0686145764937623,0.1475735879077168,0.10431654676258993,0.9313854235062377,0.8524264120922832,0.07895901141395449,0.5749148694665154,0.5055069189494493,0.6026546173397346,8.848796450925947,9.89230699354276,SP,Sudeste
3524907,2018,hybrid,hybrid_bvr,0.0,0.6890798786653185,0.7469178082191781,0.7235606369946918,0.3109201213346815,0.2530821917808219,0.05783792955385958,0.34774255523535064,0.2607064707721163,0.47170990934667084,8.58466490653125,10.545921801796016,SP,Sudeste
3528403,2016,hybrid,hybrid_bvr,0.0,0.04176851950260389,0.11187326473950678,0.07639766585096942,0.9582314804973961,0.8881267352604932,0.07010474523690288,0.533351305553416,0.43916578828489683,0.6192967926517091,10.67412803996107,10.207846075165055,SP,Sudeste
3530607,2016,hybrid,hybrid_bvr,0.0,0.035886453346770805,0.08768004317663065,0.06691160622878388,0.9641135466532292,0.9123199568233693,0.05179358982985985,0.39017950404270957,0.31579170873951323,0.5632225126690384,12.868190868699887,10.094710570258925,SP,Sudeste
3531209,2018,hybrid,hybrid_bvr,0.0,0.3299731182795699,0.42986850344395744,0.38168557536466774,0.6700268817204301,0.5701314965560426,0.09989538516438756,0.32972707155151215,0.28285573122529645,0.4031620553359684,8.87514731685335,9.771672487393024,SP,Sudeste
3541208,2018,hybrid,hybrid_bvr,0.0,0.4560540872771973,0.6054193941239153,0.5417467248908296,0.5439459127228027,0.3945806058760847,0.149365306846718,0.45330666333291664,0.39974811083123424,0.5392947103274559,9.515616752828915,9.22228059367755,SP,Sudeste
3543402,2016,hybrid,hybrid_bvr,0.0,0.04897164475224587,0.10478959684477664,0.0839816339702643,0.9510283552477541,0.8952104031552234,0.055817952092530765,0.3904063661058235,0.3026453464534645,0.5511045510455105,13.312457978991738,10.316661593593182,SP,Sudeste
3545803,2016,hybrid,hybrid_bvr,0.0,0.051159108561868914,0.10290033300631468,0.07803673583646165,0.9488408914381311,0.8970996669936853,0.05174122444444577,0.6024426493039056,0.49361860757134307,0.7313242492912289,12.100762128622389,9.868238321406432,SP,Sudeste
3548104,2016,hybrid,hybrid_bvr,0.0,0.039301310043668124,0.10155574762316336,0.06539855072463768,0.9606986899563319,0.8984442523768367,0.06225443757949523,0.3803026544281816,0.30343607882769075,0.4171298635674583,8.68996933536666,9.484759717945487,SP,Sudeste
3550605,2016,hybrid,hybrid_bvr,0.0,0.05993101465938488,0.1302414643645333,0.09687265534411023,0.9400689853406151,0.8697585356354667,0.07031044970514841,0.3798344218116487,0.3171176357704855,0.49489061600460565,11.274934737803758,9.824985811549887,SP,Sudeste
3551009,2016,hybrid,hybrid_bvr,0.0,0.031257536606373815,0.08615115086599817,0.06130611735720189,0.9687424633936261,0.9138488491340018,0.05489361425962436,0.5308972495710992,0.40421052631578946,0.6823630504833512,12.714229711861885,9.221166069298878,SP,Sudeste
3552106,2016,hybrid,hybrid_bvr,0.0,0.0487656202377324,0.10842072794571252,0.075102985735199,0.9512343797622675,0.8915792720542874,0.05965510770798012,0.243713827148485,0.20151996820981521,0.3385654679117822,10.510150489874295,9.383935362250222,SP,Sudeste
