municipality_id,year_election,first_regime,bvr_status,event_time,pct_low_ed_with_bvr,pct_high_ed_with_bvr,pct_with_bvr,cost_proxy_low_ed,cost_proxy_high_ed,compliance_gap,dilma_share_2010_runoff,dilma_share_2010_first_round,left_coalition_share_2010_first_round,log_population_2010,log_gdp_per_capita_2010,state,region
1200302,2018,hybrid,hybrid_bvr,2.0,0.366579486816993,0.6692115923963852,0.46102601507415514,0.6334205131830071,0.33078840760361483,0.3026321055793922,0.5733935742971887,0.5284263054713955,0.6331313491356264,10.386284003580617,8.730145533800238,AC,Norte
1200427,2018,hybrid,hybrid_bvr,2.0,0.6444163239481177,0.8264586450096174,0.7218434687755658,0.35558367605188235,0.1735413549903826,0.18204232106149976,0.36530408773678963,0.39826839826839827,0.4671717171717172,9.574219304763417,9.063353490533068,AC,Norte
1200609,2018,hybrid,hybrid_bvr,2.0,0.5535145158486411,0.7593171435441212,0.6204253988113857,0.4464854841513589,0.24068285645587884,0.20580262769548008,0.4664804469273743,0.45243977764051885,0.5190704138357011,10.479819978504239,8.764873914543784,AC,Norte
2900108,2018,hybrid,hybrid_bvr,2.0,0.4929725194042375,0.5399719495091164,0.507309306701404,0.5070274805957625,0.4600280504908836,0.04699943010487895,0.6284433055733504,0.6499775482712169,0.7047597665020207,9.025936648977904,8.332386586965523,BA,Nordeste
2900306,2018,hybrid,hybrid_bvr,2.0,0.19617353812988414,0.38092672413793105,0.257676423056204,0.8038264618701159,0.619073275862069,0.1847531860080469,0.6956460674157303,0.6821173104434907,0.7483547925608012,9.592400371638025,8.65877237016604,BA,Nordeste
2900405,2018,hybrid,hybrid_bvr,2.0,0.22208027254338336,0.4105504587155963,0.26313598134732286,0.7779197274566166,0.5894495412844036,0.18847018617221295,0.7422122492080253,0.7183939229517091,0.8376288659793815,9.663388566822505,8.276445979105056,BA,Nordeste
2900801,2018,hybrid,hybrid_bvr,2.0,0.17798106242978656,0.3395225464190981,0.22069370958259849,0.8220189375702134,0.6604774535809019,0.16154148398931156,0.7750126968004063,0.753655564581641,0.8236190089358245,9.96509992166365,9.040390839144278,BA,Nordeste
2900900,2018,hybrid,hybrid_bvr,2.0,0.23868748346123314,0.3196457326892109,0.2586618876941458,0.7613125165387669,0.6803542673107891,0.08095824922797779,0.6620541205412054,0.5730938878386893,0.7151858853182105,8.757311846936409,8.557369389913829,BA,Nordeste
2901007,2018,hybrid,hybrid_bvr,2.0,0.4828013634955067,0.6626447876447876,0.5529354059764564,0.5171986365044934,0.3373552123552124,0.17984342414928095,0.6232101132346773,0.6190150478796169,0.7388384529287402,10.444386409308262,8.583088103525945,BA,Nordeste
2901106,2018,hybrid,hybrid_bvr,2.0,0.31152204836415365,0.43326732673267326,0.3619378306878307,0.6884779516358464,0.5667326732673268,0.12174527836851962,0.7073715562174236,0.6182683476663605,0.750688820238791,10.134202369346657,8.698455566329097,BA,Nordeste
2901155,2018,hybrid,hybrid_bvr,2.0,0.41986301369863016,0.5631696984799401,0.464305262334819,0.5801369863013699,0.43683030152005986,0.14330668478130998,0.7560718057022175,0.7627027751709344,0.8305402869017294,9.677903525682558,8.238662360195258,BA,Nordeste
2901205,2018,hybrid,hybrid_bvr,2.0,0.5143708116157856,0.6900142944659996,0.5606605624591237,0.4856291883842144,0.3099857055340004,0.17564348285021403,0.6594698232744248,0.6586394796976621,0.7089119353137634,10.147060985361845,8.103862933904724,BA,Nordeste
2901304,2018,hybrid,hybrid_bvr,2.0,0.4328633548557122,0.569205298013245,0.4715860899067006,0.5671366451442879,0.43079470198675496,0.13634194315753284,0.8639896373056994,0.855544747081712,0.9014267185473411,9.543951376316363,8.236667874167646,BA,Nordeste
2901403,2018,hybrid,hybrid_bvr,2.0,0.8435459219119077,0.9354714806990589,0.8818504190844616,0.1564540780880923,0.06452851930094106,0.09192555878715125,0.7830612727702863,0.7826551192312255,0.8225174991102148,9.552013346996567,8.455482568332414,BA,Nordeste
2901502,2018,hybrid,hybrid_bvr,2.0,0.3785621761658031,0.4273310683276708,0.3929339825614313,0.6214378238341969,0.5726689316723292,0.048768892161867694,0.8262163108155408,0.7488307639009181,0.8442750736185692,9.234252192022495,7.921218438132745,BA,Nordeste
2901601,2018,hybrid,hybrid_bvr,2.0,0.3439361126150514,0.4798751950078003,0.3845211161387632,0.6560638873849486,0.5201248049921997,0.13593908239274888,0.7668928887577456,0.7491808162049449,0.8080131069407209,9.745194973541535,8.140060029776608,BA,Nordeste
2901809,2018,hybrid,hybrid_bvr,2.0,0.18454861111111112,0.37891268533772654,0.24194729136163984,0.8154513888888889,0.6210873146622735,0.19436407422661542,0.6611472501478415,0.640521523178808,0.7274420529801324,9.307013259236443,8.111519255331629,BA,Nordeste
2901908,2018,hybrid,hybrid_bvr,2.0,0.14383977341695325,0.31553544494720964,0.18644708015411346,0.8561602265830468,0.6844645550527904,0.1716956715302564,0.6905904944791167,0.683868501529052,0.7298674821610601,9.783069799056989,8.150778502182668,BA,Nordeste
2902104,2018,hybrid,hybrid_bvr,2.0,0.3624063478013467,0.5628699118250996,0.40342273819055247,0.6375936521986534,0.4371300881749004,0.20046356402375293,0.8400521285838402,0.8306486721811058,0.8764475402699173,10.852264835444583,8.3757351686178,BA,Nordeste
2902302,2018,hybrid,hybrid_bvr,2.0,0.24337689862239492,0.39705882352941174,0.2854596384008149,0.756623101377605,0.6029411764705883,0.15368192490701682,0.697030097667929,0.6307501036054703,0.7476170741815168,9.059401196410896,8.393695521279763,BA,Nordeste
2902500,2018,hybrid,hybrid_bvr,2.0,0.5704339176924034,0.6962457337883959,0.607494387843205,0.42956608230759663,0.30375426621160406,0.12581181609599257,0.8122955288985824,0.8057182705718271,0.8582984658298466,9.536040511615484,8.475167102831177,BA,Nordeste
2902708,2018,hybrid,hybrid_bvr,2.0,0.23424166220060189,0.37732374605401614,0.27944139706705473,0.7657583377993982,0.6226762539459838,0.14308208385341425,0.7540935955818234,0.7531885892318178,0.8074676273001655,10.806186330890815,8.173029617376727,BA,Nordeste
2902906,2018,hybrid,hybrid_bvr,2.0,0.8215613382899628,0.940860856086801,0.8566835094166284,0.1784386617100372,0.059139143913198966,0.11929951779683823,0.5601108382139933,0.5674327694277819,0.6694749612455348,10.457027778709655,8.638330629518993,BA,Nordeste
2903003,2018,hybrid,hybrid_bvr,2.0,0.6691126511754314,0.7470730722648365,0.7000811688311688,0.3308873488245686,0.25292692773516345,0.07796042108940515,0.8307075732448866,0.8151852373573742,0.8750528243414566,9.545883605779304,8.221351324464669,BA,Nordeste
2903508,2018,hybrid,hybrid_bvr,2.0,0.3770143438994156,0.49429763560500695,0.4051151238504397,0.6229856561005844,0.505702364394993,0.11728329170559132,0.620302925193664,0.6437340464324784,0.7062112556217334,9.681655640646714,8.227132243579238,BA,Nordeste
2903706,2018,hybrid,hybrid_bvr,2.0,0.26838655986684695,0.3861824623560673,0.2987551867219917,0.7316134401331531,0.6138175376439328,0.11779590248922034,0.8285914505956552,0.8147445255474453,0.8640875912408759,9.642836819135377,8.22739350626773,BA,Nordeste
2903805,2018,hybrid,hybrid_bvr,2.0,0.1495064935064935,0.37346437346437344,0.21076738248986335,0.8504935064935065,0.6265356265356266,0.22395787995787994,0.7214310933270566,0.6710939386621589,0.7272397971504467,9.79762691183662,8.42933557898618,BA,Nordeste
2903904,2018,hybrid,hybrid_bvr,2.0,0.15369073745079598,0.2901907356948229,0.2041035533440014,0.846309262549204,0.7098092643051771,0.13649999824402692,0.7595115077501174,0.7109498148759119,0.8081307965834524,11.058480174640346,8.704796406832635,BA,Nordeste
2903953,2018,hybrid,hybrid_bvr,2.0,0.25743392070484583,0.4417927823050058,0.291981341625944,0.7425660792951542,0.5582072176949942,0.18435886160015996,0.8631729200652528,0.8441252144082333,0.8872212692967409,9.221577003902171,8.02404227921868,BA,Nordeste
2904001,2018,hybrid,hybrid_bvr,2.0,0.2153846153846154,0.3480225988700565,0.2603028560475369,0.7846153846153846,0.6519774011299435,0.1326379834854411,0.7311973018549747,0.7572636998896654,0.7999264435454211,9.524786081697178,8.122751439599517,BA,Nordeste
2904100,2018,hybrid,hybrid_bvr,2.0,0.31128334534967556,0.5034027221777422,0.3708835590903442,0.6887166546503245,0.4965972778222578,0.19211937682806662,0.8605903470283207,0.850335852225021,0.8975650713685979,10.000478137849756,8.135090561631241,BA,Nordeste
2904209,2018,hybrid,hybrid_bvr,2.0,0.27902068383284084,0.3826452599388379,0.30680649804647336,0.7209793161671592,0.6173547400611621,0.10362457610599707,0.8005957595934817,0.8180272108843537,0.8607331821617535,9.3195534569495,8.274288701017033,BA,Nordeste
2904308,2018,hybrid,hybrid_bvr,2.0,0.12199488491048593,0.31281094527363185,0.17742373495066535,0.8780051150895141,0.6871890547263682,0.1908160603631459,0.7526943526368731,0.7287749287749288,0.8254985754985755,9.566755282109055,8.634350535406126,BA,Nordeste
2904407,2018,hybrid,hybrid_bvr,2.0,0.13115336769148747,0.32472647702407004,0.18530111431075497,0.8688466323085126,0.6752735229759299,0.19357310933258257,0.7553297469615461,0.7287923109068115,0.7791475135812788,9.312626165516933,8.347185147379108,BA,Nordeste
2904753,2018,hybrid,hybrid_bvr,2.0,0.18083658470193267,0.4084758743936686,0.24028623018792217,0.8191634152980674,0.5915241256063314,0.22763928969173594,0.6346642049388415,0.6221665473633977,0.6366022429014555,9.883284845218608,8.061792620677528,BA,Nordeste
2904902,2018,hybrid,hybrid_bvr,2.0,0.2967586068049124,0.3268608414239482,0.3088288001274342,0.7032413931950876,0.6731391585760518,0.030102234619035828,0.7869013307168701,0.7182267770958708,0.8591431805994161,10.374303351882421,8.952880379872983,BA,Nordeste
2905008,2018,hybrid,hybrid_bvr,2.0,0.47506561679790027,0.6114754098360655,0.5243771605674097,0.5249343832020997,0.3885245901639345,0.13640979303816525,0.646503884572697,0.6121003443187408,0.6743728480078701,10.00946787607336,8.577328820326027,BA,Nordeste
2905156,2018,hybrid,hybrid_bvr,2.0,0.1273934133265254,0.32722222222222225,0.1644559585492228,0.8726065866734746,0.6727777777777777,0.19982880889569685,0.8162633107454017,0.8178748758689176,0.856206554121152,9.520688614926875,7.900401306628698,BA,Nordeste
2905206,2018,hybrid,hybrid_bvr,2.0,0.2872988255763375,0.4131202691337258,0.32511965963481654,0.7127011744236624,0.5868797308662742,0.12582144355738828,0.7222399872092093,0.7043500252908447,0.7782835946720621,10.768800729645415,8.721650343740162,BA,Nordeste
2905305,2018,hybrid,hybrid_bvr,2.0,0.15803244374672945,0.36139522685549436,0.21560283687943263,0.8419675562532706,0.6386047731445057,0.2033627831087649,0.6434343434343435,0.6262034868592246,0.7438199323445225,9.753187781764911,8.186452652224157,BA,Nordeste
2905602,2018,hybrid,hybrid_bvr,2.0,0.2767163212435233,0.3842762674504041,0.30953317229369137,0.7232836787564767,0.6157237325495959,0.10755994620688081,0.6967395790342551,0.6502559103095296,0.760175481355106,10.35685354062884,8.701419389761151,BA,Nordeste
2905909,2018,hybrid,hybrid_bvr,2.0,0.05856290826469753,0.2377086152458277,0.0943567000045255,0.9414370917353024,0.7622913847541724,0.17914570698113017,0.751818916734034,0.7477808125640151,0.7756060088767498,10.24316892009829,8.249451017335161,BA,Nordeste
2906006,2018,hybrid,hybrid_bvr,2.0,0.29879668274703236,0.512850978675505,0.36327564054115336,0.7012033172529677,0.487149021324495,0.21405429592847264,0.6597222222222222,0.6384151141432695,0.7182826029913408,11.106700067915655,8.664261774629578,BA,Nordeste
2906105,2018,hybrid,hybrid_bvr,2.0,0.2440711462450593,0.39242761692650335,0.2833333333333333,0.7559288537549407,0.6075723830734967,0.14835647068144406,0.7321228004492699,0.7157668231611893,0.7498043818466353,9.149528232579426,8.17519669116604,BA,Nordeste
2906402,2018,hybrid,hybrid_bvr,2.0,0.5193879689792497,0.5836415947390053,0.5404880754298391,0.48061203102075034,0.41635840526099466,0.06425362575975568,0.7736820428336079,0.7324707846410684,0.8096828046744574,9.093244600099936,8.053326957337463,BA,Nordeste
2906501,2018,hybrid,hybrid_bvr,2.0,0.10769799008895319,0.2386515800749866,0.17039970499110163,0.8923020099110468,0.7613484199250133,0.1309535899860334,0.8622495167722836,0.6944546546105026,0.8914945232669265,11.328497691658693,10.17957247782677,BA,Nordeste
2906824,2018,hybrid,hybrid_bvr,2.0,0.13186356073211314,0.3387334315169367,0.17729519487885909,0.8681364392678869,0.6612665684830633,0.20686987078482355,0.862718887849218,0.8488493723849372,0.9080805439330544,9.6634521335517,8.342969952110508,BA,Nordeste
2906857,2018,hybrid,hybrid_bvr,2.0,0.1828793774319066,0.32800345721694035,0.2187938288920056,0.8171206225680934,0.6719965427830596,0.14512407978503375,0.7203290246768508,0.6634534077456452,0.8050059191611703,9.352447388601012,8.722173302160728,BA,Nordeste
2906899,2018,hybrid,hybrid_bvr,2.0,0.3474549478343345,0.5419545903257651,0.39435271596075616,0.6525450521656655,0.4580454096742349,0.1944996424914306,0.6327294210319023,0.6292039165602384,0.6813537675606641,9.232297539328226,8.152097617823788,BA,Nordeste
2906907,2018,hybrid,hybrid_bvr,2.0,0.09982732570688539,0.20757152075715207,0.13556161239420456,0.9001726742931146,0.792428479242848,0.10774419505026668,0.7458608313071668,0.6764740775892751,0.7984339779333254,9.971800192718215,9.415115067316473,BA,Nordeste
2907103,2018,hybrid,hybrid_bvr,2.0,0.2302973729830644,0.4627985303123086,0.3003338588518965,0.7697026270169356,0.5372014696876914,0.2325011573292442,0.5931438881371223,0.6131832043162092,0.6519665337399327,10.253439950714034,8.145802629180777,BA,Nordeste
2907202,2018,hybrid,hybrid_bvr,2.0,0.31940801798426377,0.49397925802185566,0.3678463054948878,0.6805919820157362,0.5060207419781444,0.1745712400375919,0.8437332539446264,0.8137447147496782,0.883234266805564,11.081219045656837,8.456499849961176,BA,Nordeste
2907301,2018,hybrid,hybrid_bvr,2.0,0.43255747740052675,0.5671750181554103,0.48186783667621774,0.5674425225994733,0.43282498184458973,0.13461754075488352,0.7936629526462395,0.7526025719534599,0.8143838878682724,10.142819364046863,8.6527298140362,BA,Nordeste
2907509,2018,hybrid,hybrid_bvr,2.0,0.4271142433234421,0.5752354452054794,0.4956793802145411,0.572885756676558,0.4247645547945206,0.1481212018820373,0.8629962054874489,0.7361891556593446,0.9187039334452309,10.841089577019996,9.00294766315133,BA,Nordeste
2907608,2018,hybrid,hybrid_bvr,2.0,0.40714534276766035,0.4961171510982915,0.4371243818942564,0.5928546572323397,0.5038828489017084,0.08897180833063117,0.7440422661870504,0.7285550458715596,0.8125,9.741733036682138,8.256483937078617,BA,Nordeste
2907806,2018,hybrid,hybrid_bvr,2.0,0.5792518760382654,0.6891840122589707,0.6132220948163378,0.42074812396173455,0.31081598774102925,0.1099321362207053,0.7325013900043245,0.7223933416344452,0.7677436267121043,10.382822509210747,8.380056901164847,BA,Nordeste
2908002,2018,hybrid,hybrid_bvr,2.0,0.39516338736239925,0.44423113841428297,0.41023039274203177,0.6048366126376008,0.555768861585717,0.04906775105188371,0.666724997812582,0.6333867236163019,0.7440825769709912,9.950561959922057,8.464301898708744,BA,Nordeste
2908200,2018,hybrid,hybrid_bvr,2.0,0.8742613263296126,0.9603195739014647,0.9130826525708794,0.12573867367038738,0.03968042609853528,0.0860582475718521,0.6423400508706711,0.5565592692963967,0.689551339957844,9.922848906014748,8.448830651504554,BA,Nordeste
2908309,2018,hybrid,hybrid_bvr,2.0,0.2820931244560487,0.4448522310218273,0.3404492038105834,0.7179068755439513,0.5551477689781728,0.16275910656577858,0.811574994477579,0.7877577458706683,0.8713159883407103,9.791941277791215,8.310226983316767,BA,Nordeste
2908408,2018,hybrid,hybrid_bvr,2.0,0.37864255047044854,0.5199445214979196,0.42868095144485946,0.6213574495295515,0.4800554785020804,0.14130197102747105,0.6457251953940696,0.6147149761354426,0.7097229309879026,11.035534617290475,8.671377029024802,BA,Nordeste
2908507,2018,hybrid,hybrid_bvr,2.0,0.52101506740682,0.6492197949175211,0.5813641133263379,0.47898493259318,0.35078020508247887,0.1282047275107011,0.6338168751663561,0.5634517766497462,0.7332058804140023,10.313044278547546,10.184866814198562,BA,Nordeste
2908606,2018,hybrid,hybrid_bvr,2.0,0.21416708188008637,0.412,0.27410404624277457,0.7858329181199136,0.5880000000000001,0.1978329181199136,0.7436566041520409,0.723519770538824,0.8100799016594961,10.069849089751353,8.363826849695823,BA,Nordeste
2908705,2018,hybrid,hybrid_bvr,2.0,0.6930883159626988,0.7279511533242876,0.703125,0.3069116840373012,0.2720488466757124,0.034862837361588794,0.7413417556087998,0.7547281323877069,0.8239952718676123,9.73495055071279,8.28331044331737,BA,Nordeste
2908804,2018,hybrid,hybrid_bvr,2.0,0.1766630316248637,0.35555555555555557,0.22515159504350118,0.8233369683751364,0.6444444444444444,0.17889252393069188,0.6790697674418604,0.7005577005577005,0.7563277563277563,8.44741429680832,8.39677963484963,BA,Nordeste
2908903,2018,hybrid,hybrid_bvr,2.0,0.5180598555211559,0.5820289162384992,0.5434647847026847,0.48194014447884415,0.41797108376150083,0.06396906071734332,0.7786774628879892,0.7153371496543008,0.8244740168017248,10.016860879703811,8.565394347897719,BA,Nordeste
2909000,2018,hybrid,hybrid_bvr,2.0,0.5778449144008057,0.6033797216699801,0.58453829634932,0.42215508559919435,0.3966202783300199,0.025534807269174453,0.5777060575968223,0.5781376518218624,0.6566801619433198,9.007979359844501,8.178544248604613,BA,Nordeste
2909505,2018,hybrid,hybrid_bvr,2.0,0.11433447098976109,0.2423780487804878,0.1539005420692906,0.8856655290102389,0.7576219512195121,0.12804357779072673,0.797366495976591,0.7649507948523846,0.8334595003785011,8.525359754082631,8.34368017616185,BA,Nordeste
2909604,2018,hybrid,hybrid_bvr,2.0,0.2738466215702668,0.4038671023965142,0.3019293558919561,0.7261533784297332,0.5961328976034859,0.1300204808262474,0.805823272801055,0.7923733390947392,0.8302905909041807,9.905784911584812,8.397968680338263,BA,Nordeste
2909703,2018,hybrid,hybrid_bvr,2.0,0.4675439706440592,0.6506055140427724,0.5270739767816287,0.5324560293559408,0.34939448595722755,0.18306154339871322,0.8293361600636014,0.8229111229377328,0.880122405534859,9.494014423030425,8.269677476915273,BA,Nordeste
2910057,2018,hybrid,hybrid_bvr,2.0,0.16457367106671422,0.2769964475156942,0.21201958686527858,0.8354263289332857,0.7230035524843058,0.11242277644897997,0.7856837149582709,0.6729517945847617,0.8641642762191283,11.104054563727232,10.410473333097704,BA,Nordeste
2910107,2018,hybrid,hybrid_bvr,2.0,0.1918361660629702,0.3226788432267884,0.22685562805872758,0.8081638339370298,0.6773211567732116,0.13084267716381823,0.7416122004357298,0.7502357749135492,0.7997485067588809,9.337413454539659,9.344838932146262,BA,Nordeste
2910305,2018,hybrid,hybrid_bvr,2.0,0.07115278543849972,0.25272007912957467,0.12013377926421405,0.9288472145615003,0.7472799208704253,0.18156729369107494,0.6296448367891604,0.609308885754584,0.6830546040701189,8.98054977794018,8.307796419939045,BA,Nordeste
2910602,2018,hybrid,hybrid_bvr,2.0,0.2743530004407783,0.45326001571091906,0.3384665000403128,0.7256469995592216,0.546739984289081,0.17890701527014075,0.680124018734745,0.6459398650030681,0.7510056589622963,10.398244768123055,9.728125443017085,BA,Nordeste
2910701,2018,hybrid,hybrid_bvr,2.0,0.2656422864167179,0.4696296296296296,0.3139041817968842,0.7343577135832822,0.5303703703703704,0.20398734321291173,0.7828562865277986,0.7614863557189858,0.8201664408747823,10.938254413155484,8.928205841251538,BA,Nordeste
2910750,2018,hybrid,hybrid_bvr,2.0,0.2643769264641127,0.4662379421221865,0.3140605338101861,0.7356230735358873,0.5337620578778135,0.2018610156580738,0.7550735530978202,0.7617921873241023,0.8138016435888776,9.778604370389438,8.998218175406667,BA,Nordeste
2910776,2018,hybrid,hybrid_bvr,2.0,0.39703827884884046,0.5202271114265437,0.43105863518110865,0.6029617211511595,0.47977288857345635,0.12318883257770319,0.6545988258317026,0.6777266754270697,0.7115637319316689,8.729720590267258,8.496970682968072,BA,Nordeste
2911006,2018,hybrid,hybrid_bvr,2.0,0.3202982902873772,0.43905950095969287,0.35242986961675227,0.6797017097126228,0.5609404990403071,0.11876121067231565,0.6493767591475673,0.6249482829954489,0.6988001654944146,9.274253697719836,8.416470642538588,BA,Nordeste
2911204,2018,hybrid,hybrid_bvr,2.0,0.5942074363992172,0.6965486329000449,0.6362672811059907,0.40579256360078275,0.3034513670999551,0.10234119650082762,0.5936920222634509,0.5155270340045733,0.6837058346241794,10.320090405054748,8.76472057038707,BA,Nordeste
2911303,2018,hybrid,hybrid_bvr,2.0,0.5788413098236775,0.7054108216432866,0.6202856505244365,0.42115869017632246,0.2945891783567134,0.12656951181960907,0.8072456231582597,0.8199928850942725,0.8582355033795802,9.270682600982344,8.030856563049419,BA,Nordeste
2911402,2018,hybrid,hybrid_bvr,2.0,0.25906623235613463,0.42204150308468874,0.30441245501486464,0.7409337676438654,0.5779584969153113,0.1629752707285541,0.8597918411293217,0.839092184113222,0.8708402397041948,9.620859354387026,8.49037075864041,BA,Nordeste
2911659,2018,hybrid,hybrid_bvr,2.0,0.3611760775141998,0.49498567335243554,0.3827988729370723,0.6388239224858002,0.5050143266475644,0.13380959583823576,0.8358597820937944,0.8237438167143973,0.8739911481385056,9.250714266114455,8.193262039403134,BA,Nordeste
2911808,2018,hybrid,hybrid_bvr,2.0,0.3325107958050586,0.435341136168998,0.35626386927577164,0.6674892041949414,0.564658863831002,0.1028303403639394,0.8011243105642766,0.7668121404483238,0.8679825431462012,10.006269747179154,8.638226322396525,BA,Nordeste
2911907,2018,hybrid,hybrid_bvr,2.0,0.5421416557652775,0.6674979218620116,0.5759442079521783,0.4578583442347225,0.3325020781379884,0.12535626609673411,0.7886475479382318,0.7628485628485628,0.8447018447018447,10.155646068918863,8.686353447064835,BA,Nordeste
2912004,2018,hybrid,hybrid_bvr,2.0,0.16428678791522622,0.3107852412488174,0.1992939300763011,0.8357132120847738,0.6892147587511825,0.14649845333359118,0.6163446743032998,0.6215722120658135,0.6521023765996343,9.216521231051264,8.367973025268608,BA,Nordeste
2912103,2018,hybrid,hybrid_bvr,2.0,0.3483164842509817,0.5200122680570465,0.4083396348709085,0.6516835157490183,0.4799877319429535,0.17169578380606476,0.5460910151691949,0.5203435412509759,0.5836731152945259,10.097078701588314,8.433039237062427,BA,Nordeste
2912301,2018,hybrid,hybrid_bvr,2.0,0.09055501460564752,0.25662431941923775,0.13220956719817767,0.9094449853943525,0.7433756805807623,0.16606930481359022,0.6695394559655266,0.6518752575903284,0.7404863305399093,9.666815400992093,8.542687417160774,BA,Nordeste
2912400,2018,hybrid,hybrid_bvr,2.0,0.6081593927893738,0.6547811993517018,0.625,0.3918406072106262,0.34521880064829824,0.04662180656232795,0.8643133575700715,0.8546887869161077,0.9042240263560419,9.74143910058173,8.226952187609003,BA,Nordeste
2912509,2018,hybrid,hybrid_bvr,2.0,0.39545549301646865,0.6696716033483581,0.4624104542234118,0.6045445069835313,0.33032839665164193,0.2742161103318894,0.8257834546264666,0.8269258880280661,0.8794035959655021,9.55895290182487,8.051057592117024,BA,Nordeste
2912608,2018,hybrid,hybrid_bvr,2.0,0.10484780157835401,0.2845744680851064,0.1443208430913349,0.895152198421646,0.7154255319148937,0.1797266665067524,0.838975297346752,0.8257823446987389,0.8902382064455862,8.490027523343468,8.22327166384467,BA,Nordeste
2913101,2018,hybrid,hybrid_bvr,2.0,0.22868096570303595,0.35656366425597197,0.26954443194600675,0.771319034296964,0.643436335744028,0.12788269855293602,0.8452216434570001,0.7933127462464061,0.8895751251197955,9.789198406134,8.325459768636355,BA,Nordeste
2913200,2018,hybrid,hybrid_bvr,2.0,0.5707894954850468,0.622744161358811,0.589885923813404,0.42921050451495324,0.37725583864118895,0.051954665873764294,0.7131285588258882,0.6803540693385788,0.7667404311122039,10.143448888776497,8.823038447837105,BA,Nordeste
2913309,2018,hybrid,hybrid_bvr,2.0,0.2923784494086728,0.45920217588395285,0.361718304504847,0.7076215505913273,0.5407978241160472,0.16682372647528004,0.7287381878821567,0.6722426991777715,0.7669407428409413,8.566935283311052,8.268219368253526,BA,Nordeste
2913408,2018,hybrid,hybrid_bvr,2.0,0.7778980116326255,0.8559003291020216,0.8060418812221078,0.2221019883673745,0.14409967089797837,0.07800231746939612,0.7682342272315067,0.7644444444444445,0.8316666666666667,9.629379600111465,8.237376629838263,BA,Nordeste
2913457,2018,hybrid,hybrid_bvr,2.0,0.298856906762154,0.5200772200772201,0.35676607831203083,0.701143093237846,0.4799227799227799,0.22122031331506614,0.6982359993149512,0.699528936742934,0.7863391655450875,9.49874718174242,8.979711783929298,BA,Nordeste
2913507,2018,hybrid,hybrid_bvr,2.0,0.10548550214427446,0.33423645320197043,0.15256130375184038,0.8945144978557256,0.6657635467980296,0.22875095105769597,0.754395080973413,0.7204301075268817,0.827246067715276,10.154440804489605,8.264328113086805,BA,Nordeste
2913705,2018,hybrid,hybrid_bvr,2.0,0.37491927434979155,0.5351006940493799,0.42872607771119275,0.6250807256502084,0.4648993059506201,0.16018141969958832,0.7595335831994765,0.7389799072642967,0.8132921174652241,10.499738295850376,8.891255347599941,BA,Nordeste
2914406,2018,hybrid,hybrid_bvr,2.0,0.3471844660194175,0.5099841521394611,0.40871082235456896,0.6528155339805826,0.49001584786053887,0.16279968612004364,0.84104589917231,0.845309874468716,0.8822773549471187,10.025749432069084,8.416575379941154,BA,Nordeste
2914505,2018,hybrid,hybrid_bvr,2.0,0.5121785276908423,0.6697414873021296,0.5710331317604974,0.48782147230915773,0.33025851269787043,0.1575629596112873,0.7526403557531962,0.7031754952929605,0.8084867219333989,10.220704155090226,8.463885813110572,BA,Nordeste
2914653,2018,hybrid,hybrid_bvr,2.0,0.49523690147906746,0.6054832713754646,0.526524607703281,0.5047630985209326,0.39451672862453535,0.11024636989639719,0.5785768936495792,0.5156967552510728,0.613792065045547,10.253792249467017,8.884269645890251,BA,Nordeste
2914703,2018,hybrid,hybrid_bvr,2.0,0.2048529576204853,0.33268808878564976,0.2515467812780428,0.7951470423795147,0.6673119112143502,0.12783513116516446,0.7271515105337346,0.6560368877867327,0.7958772473651581,11.028920269688678,8.684696998516902,BA,Nordeste
2914802,2018,hybrid,hybrid_bvr,2.0,0.3549940802927564,0.44864858110387745,0.40324199050966836,0.6450059197072435,0.5513514188961226,0.09365450081112103,0.5096373576573362,0.4313397476188174,0.6113813276603974,12.229139547124339,9.388049523930174,BA,Nordeste
2914901,2018,hybrid,hybrid_bvr,2.0,0.15148003792267986,0.28614672364672367,0.20136225367014945,0.8485199620773202,0.7138532763532763,0.1346666857240438,0.7476872386262831,0.6699152006075181,0.849133021136565,10.098972095856363,8.7178100532512,BA,Nordeste
2915007,2018,hybrid,hybrid_bvr,2.0,0.1062508437964088,0.34981796116504854,0.1810883972743396,0.8937491562035912,0.6501820388349515,0.24356711736863973,0.7121070650482415,0.6866129032258065,0.7103225806451613,9.610725934341048,8.311041287536776,BA,Nordeste
2915353,2018,hybrid,hybrid_bvr,2.0,0.29652587573879197,0.5081421169504071,0.3552931427387611,0.703474124261208,0.4918578830495929,0.21161624121161515,0.8889808074123098,0.8875455448824114,0.9218284200066247,9.488653694423864,8.22364439632578,BA,Nordeste
2915601,2018,hybrid,hybrid_bvr,2.0,0.43347827675667777,0.5661981811739696,0.4839262751821689,0.5665217232433222,0.4338018188260304,0.1327199044172918,0.5554694133717282,0.5266283100981043,0.638009884192668,11.051984644133235,8.96103261335243,BA,Nordeste
2915700,2018,hybrid,hybrid_bvr,2.0,0.4234943605022345,0.5845799769850403,0.46677018633540374,0.5765056394977655,0.4154200230149597,0.16108561648280578,0.6305627501765952,0.6367826688177,0.7467158331412768,8.974997713204976,8.730044812351913,BA,Nordeste
2915908,2018,hybrid,hybrid_bvr,2.0,0.8582156803844998,0.95837023914969,0.8986933953821371,0.1417843196155002,0.041629760850310005,0.1001545587651902,0.7677585572322414,0.7534616683552854,0.8385680513340088,8.935640333747571,8.636688661338832,BA,Nordeste
2916005,2018,hybrid,hybrid_bvr,2.0,0.43977294593034444,0.5306715063520872,0.47108736643620364,0.5602270540696556,0.46932849364791285,0.09089856042174271,0.7424122197976591,0.6920741283635221,0.7886085226677835,9.91422964906803,8.742392404428406,BA,Nordeste
2916203,2018,hybrid,hybrid_bvr,2.0,0.6461440812440495,0.7315643319962974,0.674871687441081,0.35385591875595046,0.26843566800370255,0.0854202507522479,0.615425158116655,0.5801594331266607,0.6825509300265722,9.305195902988862,8.355941414763873,BA,Nordeste
2916401,2018,hybrid,hybrid_bvr,2.0,0.33373398940765503,0.5239794892419063,0.41470853559001675,0.666266010592345,0.4760205107580937,0.19024549983425126,0.49886170519767853,0.42262976911740624,0.5983625347961355,11.13126965261369,9.614344587996483,BA,Nordeste
2916500,2018,hybrid,hybrid_bvr,2.0,0.18529636224879165,0.3739179000279252,0.21415366094845006,0.8147036377512084,0.6260820999720749,0.18862153777913354,0.8483209375704305,0.8364634728632818,0.895113799140538,10.381614349338879,8.758724046651782,BA,Nordeste
2916609,2018,hybrid,hybrid_bvr,2.0,0.11418751193431353,0.26646706586826346,0.14507299270072993,0.8858124880656865,0.7335329341317365,0.15227955393394993,0.7763733592610598,0.7504766444232602,0.8219733079122974,9.230829038403499,8.423961774342237,BA,Nordeste
2916807,2018,hybrid,hybrid_bvr,2.0,0.5640493724717353,0.6990935219986735,0.6069160197600565,0.43595062752826474,0.3009064780013265,0.13504414952693822,0.6866850101686804,0.6506958985096687,0.7610543170341175,9.827631900232593,8.598295058239726,BA,Nordeste
2916856,2018,hybrid,hybrid_bvr,2.0,0.10492989597467209,0.3116883116883117,0.15276937699818544,0.8950701040253279,0.6883116883116883,0.2067584157136396,0.5560451666207656,0.5331661092530657,0.60479375696767,9.583420019940192,9.142242293542015,BA,Nordeste
2917201,2018,hybrid,hybrid_bvr,2.0,0.7049893637594276,0.8284774436090225,0.7409411603534488,0.29501063624057244,0.17152255639097747,0.12348807984959498,0.49965226030799803,0.5355465414175918,0.5990606319385141,9.805157818462918,8.383338629523088,BA,Nordeste
2917300,2018,hybrid,hybrid_bvr,2.0,0.42069912990383146,0.6038104543234001,0.47876207290476686,0.5793008700961686,0.3961895456765999,0.18311132441956862,0.5993793891883064,0.5992988749388554,0.6868579814120332,10.188328091653252,8.807386117534179,BA,Nordeste
2917334,2018,hybrid,hybrid_bvr,2.0,0.340153452685422,0.4292527821939587,0.3659842894548917,0.659846547314578,0.5707472178060413,0.08909932950853666,0.7993254637436762,0.8031496062992126,0.830996735164202,9.296518068217235,8.437295733132336,BA,Nordeste
2917409,2018,hybrid,hybrid_bvr,2.0,0.8216467139017836,0.8906659674882014,0.8435130405799517,0.17835328609821643,0.10933403251179863,0.0690192535864178,0.7727604851673243,0.7880303030303031,0.8387878787878787,9.521568058002977,8.193953651056196,BA,Nordeste
2917706,2018,hybrid,hybrid_bvr,2.0,0.7455500666509841,0.8638850155529336,0.7947325549823513,0.2544499333490159,0.13611498444706638,0.11833494890194951,0.6820969337289812,0.6495786027721668,0.7290520303684613,10.320321127381453,9.693344924112507,BA,Nordeste
2917805,2018,hybrid,hybrid_bvr,2.0,0.2558604015557658,0.4217861205915813,0.3004064728890252,0.7441395984442343,0.5782138794084186,0.16592571903581554,0.8208407019453136,0.7824261928081713,0.8511263467189031,9.709113657218,8.51780028225567,BA,Nordeste
2917904,2018,hybrid,hybrid_bvr,2.0,0.21841794569067297,0.503457216940363,0.29818181818181816,0.781582054309327,0.49654278305963695,0.2850392712496901,0.8084672854878877,0.7902173913043479,0.8508695652173913,9.242904362849446,9.268083155634013,BA,Nordeste
2918100,2018,hybrid,hybrid_bvr,2.0,0.2371766768960982,0.44294975688816857,0.2843144588226494,0.7628233231039018,0.5570502431118314,0.20577307999207037,0.8363991246229372,0.8352005782435851,0.8701963618841103,10.5368847286903,8.46139765510582,BA,Nordeste
2918357,2018,hybrid,hybrid_bvr,2.0,0.5122329427980703,0.5445101486335304,0.5233618711879582,0.4877670572019297,0.4554898513664696,0.03227720583546012,0.6177876106194691,0.5807572383073497,0.6958574610244989,10.023445998049512,8.467469512585305,BA,Nordeste
2918456,2018,hybrid,hybrid_bvr,2.0,0.16040727758304124,0.3709759836484415,0.21193467336683416,0.8395927224169588,0.6290240163515586,0.21056870606540024,0.807475884244373,0.7981811145510835,0.8388157894736842,9.238927828828094,9.001405408610324,BA,Nordeste
2918506,2018,hybrid,hybrid_bvr,2.0,0.17522966995576728,0.29226536227453376,0.2059453227931489,0.8247703300442327,0.7077346377254663,0.11703569231876648,0.8740322792284477,0.8619997322982198,0.9167447463525632,9.619266151713328,8.140715240544944,BA,Nordeste
2918555,2018,hybrid,hybrid_bvr,2.0,0.13325960740945536,0.28871595330739297,0.17393964110929852,0.8667403925905446,0.711284046692607,0.1554563458979376,0.6295591500158579,0.6202614379084967,0.6833333333333333,8.775549434486189,8.696782153898132,BA,Nordeste
2918605,2018,hybrid,hybrid_bvr,2.0,0.2684954280964256,0.3732470334412082,0.29722846441947565,0.7315045719035744,0.6267529665587919,0.10475160534478256,0.7445001089087345,0.6955944210759354,0.7398715961921629,8.991064332188461,8.18364035995751,BA,Nordeste
2918753,2018,hybrid,hybrid_bvr,2.0,0.25929874437337125,0.469166255550074,0.2998758475790278,0.7407012556266288,0.530833744449926,0.20986751117670277,0.7530587884213668,0.7534312933957694,0.7902470531244954,9.542087175590064,8.073575838897575,BA,Nordeste
2919009,2018,hybrid,hybrid_bvr,2.0,0.2122679580306699,0.4060846560846561,0.25749613601236476,0.7877320419693301,0.593915343915344,0.1938166980539862,0.8807915057915058,0.9081967213114754,0.9306791569086651,8.277920258172143,8.667066443395717,BA,Nordeste
2919108,2018,hybrid,hybrid_bvr,2.0,0.3376158724995934,0.5167050691244239,0.37694941042221375,0.6623841275004065,0.48329493087557607,0.17908919662483053,0.8175420960040211,0.7971120900636319,0.8494860499265786,9.165343006045447,8.077422467900272,BA,Nordeste
2919157,2018,hybrid,hybrid_bvr,2.0,0.4279226587765774,0.5620567375886525,0.4703204917648163,0.5720773412234226,0.4379432624113475,0.13413407881207506,0.7733457462045259,0.7458906156604901,0.8394351464435147,10.152142893019061,8.341462980947862,BA,Nordeste
2919207,2018,hybrid,hybrid_bvr,2.0,0.22977039995457213,0.4264123219018131,0.3457647860705766,0.7702296000454278,0.5735876780981869,0.19664192194724098,0.7271081073373827,0.5521988527724665,0.8578667030865884,12.004256294054718,10.01433324485285,BA,Nordeste
2919306,2018,hybrid,hybrid_bvr,2.0,0.43478260869565216,0.5625802310654685,0.4871086556169429,0.5652173913043479,0.4374197689345315,0.12779762236981634,0.7961432506887053,0.7715208862220171,0.8608354488806831,9.246479418592056,8.566773020202902,BA,Nordeste
2919405,2018,hybrid,hybrid_bvr,2.0,0.3425316861864271,0.43595653605531776,0.3727370689655172,0.6574683138135728,0.5640434639446823,0.09342484986889066,0.6602748481943113,0.6696383515559293,0.7206055508830951,9.418248450647615,8.285811756559163,BA,Nordeste
2919504,2018,hybrid,hybrid_bvr,2.0,0.31823956442831214,0.5077310632383599,0.3830389324119031,0.6817604355716879,0.4922689367616401,0.1894914988100478,0.7726979742173112,0.7584931373503359,0.8331062007203348,10.66179025135177,8.804481679291452,BA,Nordeste
2919553,2018,hybrid,hybrid_bvr,2.0,0.3538986270615664,0.4539227479283614,0.41025351263796284,0.6461013729384336,0.5460772520716386,0.10002412086679502,0.5025195392842452,0.4846451612903226,0.6183741935483871,11.003848311738354,10.361137191847098,BA,Nordeste
2919603,2018,hybrid,hybrid_bvr,2.0,0.13619839002856401,0.32444228903976724,0.17580843225542367,0.863801609971436,0.6755577109602328,0.18824389901120323,0.6363960113960114,0.632419676892358,0.6899618805590851,9.326254996572539,8.262522118765837,BA,Nordeste
2919801,2018,hybrid,hybrid_bvr,2.0,0.2923869680851064,0.45816610064834823,0.3398816568047337,0.7076130319148937,0.5418338993516518,0.16577913256324184,0.7872128346307196,0.7752032322445602,0.8263642116536046,10.758987398772785,8.12749440599228,BA,Nordeste
2919959,2018,hybrid,hybrid_bvr,2.0,0.19257416947948125,0.4244541484716157,0.23122238586156113,0.8074258305205188,0.5755458515283842,0.23187997899213447,0.7585910652920962,0.7798855766335441,0.8241493526046372,8.85907931788153,8.14237056470468,BA,Nordeste
2920205,2018,hybrid,hybrid_bvr,2.0,0.17203621815118972,0.37707736389684815,0.22633113395734233,0.8279637818488103,0.6229226361031519,0.20504114574565843,0.7617356001014971,0.7751664708186448,0.8098968533751142,9.68121861863258,8.378994283142353,BA,Nordeste
2920601,2018,hybrid,hybrid_bvr,2.0,0.09252900232018561,0.19341937829485548,0.12653875671527245,0.9074709976798144,0.8065806217051446,0.10089037597466986,0.6686574182929697,0.6702988199467073,0.7317757898743814,10.664643787460292,8.437182403510421,BA,Nordeste
2920809,2018,hybrid,hybrid_bvr,2.0,0.3004066418163334,0.415273132664437,0.32688562897572376,0.6995933581836666,0.584726867335563,0.11486649084810358,0.7892095357590966,0.7602963608629331,0.8136848986707343,9.259130536145614,8.396391317936512,BA,Nordeste
2920908,2018,hybrid,hybrid_bvr,2.0,0.1905589342600637,0.3738760056791292,0.2332742578644218,0.8094410657399362,0.6261239943208707,0.1833170714190655,0.67779632721202,0.6560775790001672,0.7314830295937135,9.591512787515303,8.507570539111027,BA,Nordeste
2921005,2018,hybrid,hybrid_bvr,2.0,0.772676239437452,0.9049757815940115,0.8483778192643423,0.227323760562548,0.09502421840598851,0.13229954215655948,0.7684303024697068,0.6694859505685555,0.8424490179494408,10.601199299593652,9.633942928365098,BA,Nordeste
2921054,2018,hybrid,hybrid_bvr,2.0,0.6633569739952718,0.7340182648401826,0.6829865361077111,0.3366430260047282,0.2659817351598174,0.0706612908449108,0.8743130650593867,0.8789392774788625,0.9012298232129131,9.31874624581997,8.021181773765052,BA,Nordeste
2921203,2018,hybrid,hybrid_bvr,2.0,0.5391240972636322,0.6438994101210804,0.5703342618384402,0.4608759027363678,0.35610058987891957,0.10477531285744823,0.7870672762900065,0.7509280151393842,0.8713880195065143,10.183956170469607,8.427096968466424,BA,Nordeste
2921302,2018,hybrid,hybrid_bvr,2.0,0.17722772277227722,0.27293754818812643,0.20586876155268022,0.8227722772277228,0.7270624518118736,0.09570982541584921,0.8397836741592023,0.8155166828636217,0.9162617427923551,9.24048152888817,8.573780038014075,BA,Nordeste
2921450,2018,hybrid,hybrid_bvr,2.0,0.22405352480417753,0.4337866857551897,0.26285031212644444,0.7759464751958225,0.5662133142448103,0.20973316095101216,0.7020725388601037,0.7223518432104526,0.7671488567428838,9.259796980688776,8.074427292365494,BA,Nordeste
2921609,2018,hybrid,hybrid_bvr,2.0,0.4295880149812734,0.4925053533190578,0.44546084546084547,0.5704119850187266,0.5074946466809422,0.0629173383377844,0.6954172070903588,0.6916497861805087,0.7382399279765924,9.021598247379305,8.257426998311985,BA,Nordeste
2921708,2018,hybrid,hybrid_bvr,2.0,0.4839619547392588,0.6446857142857143,0.5418938605619147,0.5160380452607412,0.3553142857142857,0.1607237595464555,0.7222623661564738,0.7061197485941119,0.80099239166391,10.46777811097107,8.451001615508552,BA,Nordeste
2921807,2018,hybrid,hybrid_bvr,2.0,0.7643332277478619,0.8413341645885287,0.790275152278933,0.23566677225213806,0.15866583541147128,0.07700093684066678,0.7296064853909813,0.733034914950761,0.7767233661593554,9.431642228411022,8.186835109704957,BA,Nordeste
2921906,2018,hybrid,hybrid_bvr,2.0,0.1859471435353695,0.33267716535433073,0.2280167061745118,0.8140528564646305,0.6673228346456692,0.14673002181896122,0.6330935251798561,0.6092609082813891,0.6609082813891363,9.263407092912875,9.755500075959677,BA,Nordeste
2922003,2018,hybrid,hybrid_bvr,2.0,0.2621834169298409,0.4011647824597465,0.3198135198135198,0.7378165830701591,0.5988352175402535,0.13898136552990564,0.6825587606837606,0.5832314522874976,0.748664822083521,10.491996178983504,10.46607692293643,BA,Nordeste
2922052,2018,hybrid,hybrid_bvr,2.0,0.7770559574782223,0.9258271077908218,0.8294234970082629,0.22294404252177769,0.07417289220917822,0.14877115031259946,0.7899963885879379,0.8166851646318904,0.8566407695153533,9.413199579987685,8.151744463180199,BA,Nordeste
2922508,2018,hybrid,hybrid_bvr,2.0,0.3466645336746121,0.5120913569189431,0.4154269458564567,0.6533354663253879,0.48790864308105686,0.16542682324433106,0.8086463004484304,0.7547233926872366,0.8557156449639799,10.21368914641778,8.641316234323304,BA,Nordeste
2922607,2018,hybrid,hybrid_bvr,2.0,0.37055837563451777,0.5648464163822525,0.42161734809125817,0.6294416243654822,0.4351535836177475,0.19428804074773476,0.640119648532436,0.6592920353982301,0.7273951519815314,9.435881047890113,8.578334087620503,BA,Nordeste
2922706,2018,hybrid,hybrid_bvr,2.0,0.08772824645516679,0.26182432432432434,0.12137116614728555,0.9122717535448333,0.7381756756756757,0.17409607786915754,0.767031118587048,0.7221657715198142,0.8536797793583975,9.723942138688924,8.218396305741646,BA,Nordeste
2922730,2018,hybrid,hybrid_bvr,2.0,0.5292490959370346,0.6273415703467516,0.5629157427937915,0.4707509040629654,0.37265842965324836,0.09809247440971702,0.6574257425742575,0.633613074204947,0.7294611307420494,8.936166649549195,8.355865189358523,BA,Nordeste
2922755,2018,hybrid,hybrid_bvr,2.0,0.5182679296346414,0.7376639600249844,0.5845921450151057,0.4817320703653586,0.26233603997501564,0.21939603039034294,0.6429834905660378,0.5867446393762183,0.7454747981063771,8.802071336535285,8.820057265767181,BA,Nordeste
2922805,2018,hybrid,hybrid_bvr,2.0,0.16674550614947967,0.42664776754075123,0.23140934844192634,0.8332544938505203,0.5733522324592488,0.2599022613912716,0.729608938547486,0.7162043795620437,0.7588321167883212,8.913953858894255,8.093883188704684,BA,Nordeste
2922854,2018,hybrid,hybrid_bvr,2.0,0.4855570839064649,0.5064281721632197,0.4911482865031671,0.5144429160935351,0.49357182783678033,0.020871088256754766,0.8319916904700078,0.8004094165813715,0.8646366427840327,8.991437814919227,8.162294825545688,BA,Nordeste
2923001,2018,hybrid,hybrid_bvr,2.0,0.13648504273504272,0.2804237947122862,0.18717313515001377,0.8635149572649573,0.7195762052877138,0.14393875197724346,0.6391092129347163,0.542205828999879,0.7004474543475632,10.55986700890386,8.868640259955162,BA,Nordeste
2923050,2018,hybrid,hybrid_bvr,2.0,0.29401118789075353,0.45648854961832064,0.3335404498570896,0.7059888121092465,0.5435114503816794,0.1624773617275671,0.5978191148171905,0.5474231268947596,0.5833694239930706,9.619199713152362,7.900029649122487,BA,Nordeste
2923100,2018,hybrid,hybrid_bvr,2.0,0.4085069560007988,0.5328610783156238,0.4393721126620635,0.5914930439992012,0.4671389216843762,0.12435412231482501,0.8429684962650211,0.810449372871501,0.8906885953982889,10.124348500692786,8.376418026928409,BA,Nordeste
2923308,2018,hybrid,hybrid_bvr,2.0,0.3064355449292688,0.4396798170383076,0.34066745422327227,0.6935644550707312,0.5603201829616924,0.13324427210903883,0.6689548272807795,0.6453804347826086,0.698822463768116,9.023769800892813,8.22055330576659,BA,Nordeste
2923407,2018,hybrid,hybrid_bvr,2.0,0.6011032438662934,0.667678607569318,0.6201731804352913,0.39889675613370656,0.33232139243068204,0.06657536370302453,0.8136735243913396,0.8246162592382035,0.8606215652833049,9.94150561972365,8.273957440197826,BA,Nordeste
2923506,2018,hybrid,hybrid_bvr,2.0,0.15014792899408283,0.3128858024691358,0.2129254760833708,0.8498520710059172,0.6871141975308642,0.16273787347505295,0.8090261282660333,0.7803680981595092,0.8579141104294479,9.037176752966994,8.3824176074065,BA,Nordeste
2923704,2018,hybrid,hybrid_bvr,2.0,0.2607013761176993,0.3949567512095001,0.30058748177923056,0.7392986238823007,0.6050432487905,0.1342553750918008,0.7430073464986183,0.7363949160873534,0.7679938206586616,10.29228112635632,8.212897003824036,BA,Nordeste
2923902,2018,hybrid,hybrid_bvr,2.0,0.1266245822502785,0.2875275938189846,0.16687473990844778,0.8733754177497215,0.7124724061810155,0.16090301156870607,0.6673440357650884,0.652925799316308,0.7580937060124673,9.292104673778823,8.414838351997588,BA,Nordeste
2924009,2018,hybrid,hybrid_bvr,2.0,0.2776180606627889,0.41979832488428476,0.3411473410611119,0.7223819393372111,0.5802016751157153,0.14218026422149588,0.8134350135206116,0.75760626623442,0.8374041036586594,11.593546466937843,9.883059549837572,BA,Nordeste
2924058,2018,hybrid,hybrid_bvr,2.0,0.3617183528215557,0.5059488399762047,0.40428558726771585,0.6382816471784443,0.49405116002379534,0.14423048715464898,0.6928399943510803,0.6477172312223859,0.7229749631811487,9.528939547062684,8.246660108898775,BA,Nordeste
2924108,2018,hybrid,hybrid_bvr,2.0,0.13659437009690817,0.3241758241758242,0.1879812520924004,0.8634056299030919,0.6758241758241759,0.18758145407891602,0.7893748323048028,0.7217847769028871,0.8225721784776903,8.83579236650274,8.160809071966977,BA,Nordeste
2924207,2018,hybrid,hybrid_bvr,2.0,0.2030902348578492,0.4168918918918919,0.23561301084236863,0.7969097651421508,0.5831081081081081,0.21380165703404272,0.7892139584067677,0.8210109731966181,0.8440366972477065,9.740674462130217,8.360613359801881,BA,Nordeste
2924306,2018,hybrid,hybrid_bvr,2.0,0.6472934989572944,0.7020453289110006,0.6652287502278389,0.3527065010427056,0.2979546710889994,0.0547518299537062,0.79330204778157,0.8035063752276868,0.8653233151183971,9.797126536544718,8.115258713495281,BA,Nordeste
2924405,2018,hybrid,hybrid_bvr,2.0,0.37924572499414383,0.5352385565512231,0.4041651959054006,0.6207542750058561,0.4647614434487769,0.15599283155707927,0.8385665299536073,0.8264805473014996,0.8628982102135305,10.400011391591258,8.129344368986763,BA,Nordeste
2924504,2018,hybrid,hybrid_bvr,2.0,0.5750601167983511,0.6591160220994475,0.5990619440401099,0.4249398832016489,0.34088397790055247,0.08405590530109641,0.6411668962063353,0.6398441698011822,0.7134605051047824,9.656819456174961,8.11200958962463,BA,Nordeste
2924678,2018,hybrid,hybrid_bvr,2.0,0.5620886353663888,0.7951807228915663,0.6263683960019039,0.43791136463361124,0.20481927710843373,0.23309208752517752,0.5950840879689522,0.5673777315296566,0.630853277835588,9.190035618635818,8.30765701599466,BA,Nordeste
2924702,2018,hybrid,hybrid_bvr,2.0,0.26022091522019797,0.337275307473983,0.2777838847971859,0.739779084779802,0.6627246925260171,0.07705439225378502,0.6547355720892821,0.6749252456215292,0.7223408799658265,9.455871442168021,8.008633636211274,BA,Nordeste
2925006,2018,hybrid,hybrid_bvr,2.0,0.815831987075929,0.8628990057561486,0.8302370275464446,0.18416801292407103,0.13710099424385136,0.047067018680219674,0.6872327940313522,0.6978873239436619,0.7518485915492957,10.10565258546514,8.349004374042156,BA,Nordeste
2925105,2018,hybrid,hybrid_bvr,2.0,0.3565689981096408,0.4526173720235226,0.38411465608761247,0.6434310018903592,0.5473826279764774,0.09604837391388177,0.677963541142109,0.6553293914499503,0.7599811626811783,10.707751151716078,8.48899227312354,BA,Nordeste
2925402,2018,hybrid,hybrid_bvr,2.0,0.25707434052757794,0.4596176355833008,0.3156225218080888,0.7429256594724221,0.5403823644166992,0.20254329505572288,0.7259274275288871,0.7015706806282722,0.8034635521546516,9.191157552559408,8.557785190070511,BA,Nordeste
2925501,2018,hybrid,hybrid_bvr,2.0,0.34108255724389047,0.5320855614973262,0.40403474362566544,0.6589174427561095,0.4679144385026738,0.19100300425343575,0.6389983363978636,0.6327181208053692,0.7263422818791946,10.226548834389476,9.131745680948022,BA,Nordeste
2925709,2018,hybrid,hybrid_bvr,2.0,0.3502190873143101,0.4574780058651026,0.36914045386839567,0.6497809126856899,0.5425219941348973,0.1072589185507925,0.7771869639794168,0.7858836403428779,0.8334853182564289,9.521641310026597,8.047060635020024,BA,Nordeste
2925758,2018,hybrid,hybrid_bvr,2.0,0.3941201234914398,0.5890161847608656,0.4479514415781487,0.6058798765085602,0.4109838152391344,0.19489606126942577,0.45475113122171945,0.43784530386740333,0.4931802486187845,10.079371767366077,8.424261293392656,BA,Nordeste
2925907,2018,hybrid,hybrid_bvr,2.0,0.12819460726846424,0.4056890361778514,0.17654160027041382,0.8718053927315358,0.5943109638221487,0.27749442890938714,0.7574624017100542,0.7667366456729647,0.8315061037244382,10.212001134567842,8.315747666363535,BA,Nordeste
2925956,2018,hybrid,hybrid_bvr,2.0,0.298889137404011,0.39166666666666666,0.3206305999773165,0.701110862595989,0.6083333333333334,0.09277752926265564,0.7130692690394183,0.69241218707549,0.7489811760139724,10.037756173341162,8.727740473267424,BA,Nordeste
2926004,2018,hybrid,hybrid_bvr,2.0,0.3498142326378965,0.4739978331527627,0.3874177658765579,0.6501857673621034,0.5260021668472372,0.12418360051486621,0.8360244552437686,0.8194579945799458,0.8662330623306234,10.570213752738272,8.496239505314865,BA,Nordeste
2926103,2018,hybrid,hybrid_bvr,2.0,0.8229594832648268,0.9037347713201518,0.8571791183687283,0.17704051673517318,0.09626522867984821,0.08077528805532497,0.7406359471840475,0.6476203463793809,0.7834447020319105,9.397234790615272,8.451294420243388,BA,Nordeste
2926301,2018,hybrid,hybrid_bvr,2.0,0.6481945667637694,0.7377093462992976,0.686123773468284,0.3518054332362306,0.26229065370070237,0.08951477953552822,0.6934963491254882,0.6476585450146881,0.7466159783422613,10.409461425571095,8.374583837137294,BA,Nordeste
2926400,2018,hybrid,hybrid_bvr,2.0,0.6454710266568187,0.7576342377114315,0.6863753213367609,0.35452897334318134,0.24236576228856854,0.1121632110546128,0.7529543804053608,0.758448595465564,0.7938114929416797,10.330257427138122,8.2369276951872,BA,Nordeste
2926707,2018,hybrid,hybrid_bvr,2.0,0.41214057507987223,0.44733351021491113,0.42274786109713136,0.5878594249201278,0.5526664897850888,0.035192935135038905,0.7476172321768967,0.7526492633755493,0.8206254846213492,9.47324295306374,8.422986423540822,BA,Nordeste
2926806,2018,hybrid,hybrid_bvr,2.0,0.37527390151078305,0.44216344255823137,0.3895271172855998,0.6247260984892169,0.5578365574417686,0.06688954104744832,0.8066685746994848,0.7768052516411379,0.8349484213816818,9.603395460007665,8.196272701143954,BA,Nordeste
2927002,2018,hybrid,hybrid_bvr,2.0,0.4023744013043921,0.5379627692951265,0.44673198136475745,0.5976255986956078,0.46203723070487346,0.13558836799073443,0.7573226417195679,0.7452761424165966,0.8307261003644519,10.523095829761203,9.764805843956053,BA,Nordeste
2927200,2018,hybrid,hybrid_bvr,2.0,0.2078083297126187,0.3813825608798115,0.2631888688049098,0.7921916702873812,0.6186174391201885,0.17357423116719278,0.7419977924944813,0.7257693112832322,0.7900355871886121,10.305178882224718,8.564747782732564,BA,Nordeste
2927309,2018,hybrid,hybrid_bvr,2.0,0.12571350910573525,0.27276984312807306,0.17949158364823084,0.8742864908942647,0.7272301568719269,0.1470563340223378,0.884858774502238,0.8035056709382825,0.9313595522168213,9.507180382212729,8.68993172008733,BA,Nordeste
2927507,2018,hybrid,hybrid_bvr,2.0,0.5675788768934639,0.618886444406837,0.5845559413148169,0.43242112310653613,0.38111355559316296,0.051307567513373176,0.7227774855339295,0.6702524893314367,0.7541785206258891,9.855557018778578,8.47118660229522,BA,Nordeste
2927606,2018,hybrid,hybrid_bvr,2.0,0.5338005878363102,0.684642068748029,0.5735563321684141,0.46619941216368976,0.315357931251971,0.15084148091171878,0.8395265620699147,0.8547565118912798,0.8830690826727067,9.619797501353885,8.273504705491423,BA,Nordeste
2927804,2018,hybrid,hybrid_bvr,2.0,0.11544011544011544,0.2982308340353833,0.16183730414251984,0.8845598845598845,0.7017691659646167,0.18279071859526785,0.7005537974683544,0.6447954637505062,0.6909680032401783,8.805824812903607,8.482055842843407,BA,Nordeste
2927903,2018,hybrid,hybrid_bvr,2.0,0.35244122965641955,0.4167910447761194,0.3727659574468085,0.6475587703435804,0.5832089552238806,0.06434981511969984,0.7979636654022759,0.7642916321458161,0.8272576636288318,9.245997049184217,8.221832707582191,BA,Nordeste
2928059,2018,hybrid,hybrid_bvr,2.0,0.14595039057146772,0.3443080357142857,0.18465254144252938,0.8540496094285323,0.6556919642857143,0.19835764514281798,0.5942165942165942,0.5374514518217126,0.6621046791196598,9.498822124598528,8.413247209073546,BA,Nordeste
2928109,2018,hybrid,hybrid_bvr,2.0,0.21225992636083194,0.36741839151477707,0.261840302149136,0.7877400736391681,0.6325816084852229,0.15515846515394513,0.6904787290755944,0.6813648588077096,0.7460219632451816,10.60433004806348,8.604844419228378,BA,Nordeste
2928208,2018,hybrid,hybrid_bvr,2.0,0.25814332247557004,0.38935948877990784,0.3013570194917345,0.74185667752443,0.6106405112200921,0.1312161663043378,0.7448255686389235,0.7696435415868149,0.8100421617477961,10.116580767996837,8.533980780922404,BA,Nordeste
2928307,2018,hybrid,hybrid_bvr,2.0,0.32356350389137273,0.46382978723404256,0.36285612111097865,0.6764364961086273,0.5361702127659574,0.14026628334266983,0.7616443522534414,0.7011189076427081,0.7851318035274037,9.079776001955066,8.210213377865443,BA,Nordeste
2928505,2018,hybrid,hybrid_bvr,2.0,0.0968926986070718,0.3110720562390158,0.15154254718047236,0.9031073013929282,0.6889279437609842,0.214179357631944,0.7395441030723489,0.7181314330958036,0.7802850356294537,9.174505918966966,8.21253533814135,BA,Nordeste
2928604,2018,hybrid,hybrid_bvr,2.0,0.31933495236316084,0.3934509326845093,0.3505276506114729,0.6806650476368392,0.6065490673154907,0.07411598032134847,0.8419537377146828,0.7421270005162622,0.8966507485802788,10.96474405466047,8.934773767958955,BA,Nordeste
2928950,2018,hybrid,hybrid_bvr,2.0,0.6084895010160307,0.7105080027835768,0.6486375462138847,0.3915104989839693,0.28949199721642316,0.10201850176754612,0.6855680655066531,0.6463262764632628,0.7511415525114156,9.129780864117766,8.253655466113637,BA,Nordeste
2929008,2018,hybrid,hybrid_bvr,2.0,0.15385826771653544,0.24435590969455512,0.18741355463347165,0.8461417322834646,0.7556440903054449,0.09049764197801968,0.7375937680323139,0.6766613810004325,0.7944356350007208,9.553788222333822,8.820429647208204,BA,Nordeste
2929057,2018,hybrid,hybrid_bvr,2.0,0.2621932277104691,0.417466849565615,0.3245289988917621,0.737806772289531,0.582533150434385,0.15527362185514587,0.6433984261148353,0.648515590034313,0.7102789795613904,9.476390144300849,8.744851367848865,BA,Nordeste
2929107,2018,hybrid,hybrid_bvr,2.0,0.5965030911901081,0.7577714371527257,0.6594381758345087,0.40349690880989186,0.24222856284727434,0.16126834596261752,0.7205561613958561,0.69927333705981,0.7821874417738028,9.918622440120398,8.537174450921245,BA,Nordeste
2929305,2018,hybrid,hybrid_bvr,2.0,0.890295358649789,0.9612093553907587,0.9214042629410711,0.10970464135021096,0.03879064460924131,0.07091399674096965,0.7941701368233195,0.6934477379095164,0.8372734909396375,10.412802035103168,8.824799832577686,BA,Nordeste
2929404,2018,hybrid,hybrid_bvr,2.0,0.18229082047116166,0.36896409409822534,0.23477349481774776,0.8177091795288384,0.6310359059017747,0.18667327362706368,0.7506724949562879,0.7148026882646906,0.7961399276236429,9.250906333722844,8.672391362160019,BA,Nordeste
2929701,2018,hybrid,hybrid_bvr,2.0,0.16397773374846683,0.3534629819174343,0.2045270220452702,0.8360222662515332,0.6465370180825657,0.18948524816896747,0.7494734070563455,0.7586162049681363,0.8030953309923267,9.85029772402201,8.387541327889513,BA,Nordeste
2929750,2018,hybrid,hybrid_bvr,2.0,0.21630524293164974,0.34504034171808257,0.2631578947368421,0.7836947570683502,0.6549596582819175,0.12873509878643283,0.7334648058252428,0.6552227903579255,0.8112490869247626,9.32375833901174,8.756373871498791,BA,Nordeste
2930006,2018,hybrid,hybrid_bvr,2.0,0.6202665538396446,0.6335239771227452,0.6241256245538901,0.3797334461603554,0.3664760228772548,0.013257423283100644,0.8018258739701626,0.8082541154648737,0.8423371203338743,9.246768728589734,8.397622327711293,BA,Nordeste
2930154,2018,hybrid,hybrid_bvr,2.0,0.07745761696519499,0.2573161485974223,0.12827663134411602,0.922542383034805,0.7426838514025778,0.17985853163222731,0.8164032040830793,0.8152142443543717,0.8641430225825131,10.362114208758525,8.280052713824398,BA,Nordeste
2930204,2018,hybrid,hybrid_bvr,2.0,0.23419319700945684,0.3871835636541519,0.278194694006976,0.7658068029905432,0.6128164363458481,0.15299036664469506,0.6893277852663658,0.6494857013676952,0.707697524584605,10.53009420928783,8.329222038329991,BA,Nordeste
2930303,2018,hybrid,hybrid_bvr,2.0,0.20438100901972445,0.38453733766233766,0.262783902244654,0.7956189909802756,0.6154626623376623,0.18015632864261322,0.663036902601331,0.666873641726172,0.70330125219911,9.80432998100291,8.459205604141868,BA,Nordeste
2930402,2018,hybrid,hybrid_bvr,2.0,0.7011316872427984,0.7192351382052253,0.7066076696165192,0.2988683127572016,0.28076486179477467,0.018103450962426937,0.8338651967894788,0.784924718886983,0.8734514960930055,9.642187721358466,8.175131699922776,BA,Nordeste
2930709,2018,hybrid,hybrid_bvr,2.0,0.139586376917458,0.2831349782293179,0.20262522823907964,0.860413623082542,0.7168650217706821,0.14354860131185987,0.8154764167078409,0.6357646622123236,0.8958054936896808,11.678838129230135,10.224324701690225,BA,Nordeste
2930758,2018,hybrid,hybrid_bvr,2.0,0.08885672937771345,0.2515432098765432,0.1331650362890502,0.9111432706222865,0.7484567901234568,0.16268648049882978,0.7792636332059742,0.7282186948853615,0.8026455026455026,9.396819938918801,8.346055336272817,BA,Nordeste
2930766,2018,hybrid,hybrid_bvr,2.0,0.15104551045510456,0.3894952251023192,0.18683144667151314,0.8489544895448955,0.6105047748976808,0.23844971464721465,0.7961070559610706,0.7976732422862923,0.8292024953633451,9.440816970657185,8.430816936708993,BA,Nordeste
2930774,2018,hybrid,hybrid_bvr,2.0,0.21887331038535807,0.2909026798307475,0.24195748550642265,0.7811266896146419,0.7090973201692525,0.07202936944538946,0.7269372693726938,0.63250198290297,0.7615228694809201,9.998797732340453,9.932423919269043,BA,Nordeste
2930907,2018,hybrid,hybrid_bvr,2.0,0.1833470057424118,0.37761040739472784,0.23811379579111458,0.8166529942575882,0.6223895926052722,0.19426340165231604,0.8243138471080788,0.8238238238238238,0.8638638638638638,9.344084242025778,8.334994101097239,BA,Nordeste
2931004,2018,hybrid,hybrid_bvr,2.0,0.4297327752736639,0.5442316461468308,0.45938875014865027,0.5702672247263361,0.45576835385316916,0.11449887087316696,0.6771646859083191,0.6927799394725465,0.7464764375270212,9.904137341377625,8.35816881459426,BA,Nordeste
2931053,2018,hybrid,hybrid_bvr,2.0,0.3384809328710999,0.45508274231678486,0.3688327782511037,0.6615190671289001,0.5449172576832151,0.11660180944568493,0.7956295008691333,0.7982104700854701,0.8329326923076923,9.688312170871095,8.437272417446051,BA,Nordeste
2931103,2018,hybrid,hybrid_bvr,2.0,0.7753450737743931,0.8546806353497803,0.8081273565144533,0.2246549262256069,0.14531936465021966,0.07933556157538724,0.7471647765176784,0.7077311309933471,0.7813718742830924,8.988196320995057,8.269045571671663,BA,Nordeste
2931202,2018,hybrid,hybrid_bvr,2.0,0.40746934225195097,0.5721649484536082,0.45518439548290296,0.592530657748049,0.4278350515463918,0.16469560620165724,0.7098577235772358,0.7053537526895329,0.7733198329325401,9.838842359042596,8.644390559566734,BA,Nordeste
2931350,2018,hybrid,hybrid_bvr,2.0,0.24109926030767156,0.33272539497681775,0.28062469032282655,0.7589007396923284,0.6672746050231823,0.09162613466914618,0.6463176045362602,0.566340443329151,0.7175575073191134,11.837476930695749,9.150400643258633,BA,Nordeste
2931400,2018,hybrid,hybrid_bvr,2.0,0.13123543123543124,0.2642390289449113,0.17547404414050358,0.8687645687645688,0.7357609710550888,0.13300359770948006,0.8087470449172577,0.7440109514031485,0.8688113164499202,8.973984926689743,8.612676077821263,BA,Nordeste
2931509,2018,hybrid,hybrid_bvr,2.0,0.2103331865551152,0.35998861696072854,0.24081846799580273,0.7896668134448848,0.6400113830392715,0.14965543040561333,0.8733808898066454,0.8520937379946216,0.8925278524779101,9.974970654157993,8.197325650614369,BA,Nordeste
2931608,2018,hybrid,hybrid_bvr,2.0,0.40570352434759216,0.5739910313901345,0.4554324145116984,0.5942964756524078,0.4260089686098655,0.16828750704254236,0.6452646027146561,0.5626264197915046,0.6341994709817955,9.604811938609481,8.44426874824426,BA,Nordeste
2931806,2018,hybrid,hybrid_bvr,2.0,0.6208457993046009,0.6788793103448276,0.6340462571499627,0.37915420069539907,0.3211206896551724,0.05803351104022669,0.7810424406169088,0.7846732487070992,0.8488481429243065,9.742673052026605,8.123891752060905,BA,Nordeste
2932002,2018,hybrid,hybrid_bvr,2.0,0.3713341303889162,0.43112806219744754,0.3900436598329537,0.6286658696110838,0.5688719378025524,0.05979393180853132,0.7918892483635542,0.7417917099985143,0.8647303521022136,10.097984685260217,8.30200343546706,BA,Nordeste
2932101,2018,hybrid,hybrid_bvr,2.0,0.39545056867891515,0.5073891625615764,0.4287466274221241,0.6045494313210849,0.4926108374384236,0.11193859388266125,0.6725068758276459,0.6779820346772509,0.7530812617505744,9.890908770329268,8.45491910872103,BA,Nordeste
2932408,2018,hybrid,hybrid_bvr,2.0,0.1146998982706002,0.250544069640914,0.15764441369768245,0.8853001017293998,0.749455930359086,0.13584417137031382,0.7145419426048565,0.7066917728852838,0.7562282734646582,9.519661619531444,8.272816632501357,BA,Nordeste
2932606,2018,hybrid,hybrid_bvr,2.0,0.7597938144329897,0.8279678068410463,0.7808811959087333,0.24020618556701034,0.17203219315895368,0.06817399240805666,0.79209926563687,0.8026652308520662,0.8469511374343788,9.709052927858371,8.768376701644234,BA,Nordeste
2932705,2018,hybrid,hybrid_bvr,2.0,0.24533400895194662,0.35446313065976714,0.27927041111754486,0.7546659910480533,0.6455368693402328,0.10912912170782052,0.6777727478497058,0.6518008758602198,0.7801412101170793,9.89530415972811,8.560820945157452,BA,Nordeste
2933000,2018,hybrid,hybrid_bvr,2.0,0.7406294034758102,0.8591272137978933,0.7937149968886124,0.2593705965241898,0.14087278620210675,0.11849781032208306,0.5983920068690969,0.5651796288985392,0.6318199763126727,10.108874382261078,8.422112626942106,BA,Nordeste
2933109,2018,hybrid,hybrid_bvr,2.0,0.10188055383343667,0.255418863503222,0.14181041062433217,0.8981194461665634,0.744581136496778,0.15353830966978535,0.6633318834275772,0.5935992985532661,0.6946514686540991,9.066585468331045,8.347606275829017,BA,Nordeste
2933158,2018,hybrid,hybrid_bvr,2.0,0.17513290017720023,0.33852459016393444,0.2176546949372566,0.8248670998227998,0.6614754098360656,0.1633916899867342,0.6580915891260719,0.6185891501573783,0.7170894278837252,9.47830431356186,8.297676498068187,BA,Nordeste
2933257,2018,hybrid,hybrid_bvr,2.0,0.13019271948608138,0.28139085640695427,0.16773675762439808,0.8698072805139186,0.7186091435930457,0.1511981369208729,0.7554774141195564,0.7565408978242908,0.7942715505370421,8.824677891164198,9.075227898168508,BA,Nordeste
2933505,2018,hybrid,hybrid_bvr,2.0,0.5419662029689105,0.7241521068859198,0.5988700564971752,0.4580337970310895,0.2758478931140802,0.18218590391700928,0.6947542794036444,0.6390474100087796,0.740342405618964,10.007351949566416,8.898535026234248,BA,Nordeste
2933604,2018,hybrid,hybrid_bvr,2.0,0.5249298705999457,0.6925515055467512,0.5855497985031664,0.47507012940005433,0.30744849445324884,0.1676216349468055,0.794027389731141,0.7712722948870392,0.8368608799048751,10.726258500889578,8.377382714834502,BA,Nordeste
2304400,2018,hybrid,hybrid_bvr,2.0,0.40017403451251576,0.5539029093188049,0.49344475938222154,0.5998259654874842,0.4460970906811951,0.15372887480628916,0.7180619431999206,0.5072300455469237,0.8356753556565498,14.712490021805513,9.621743213047194,CE,Nordeste
2100303,2018,hybrid,hybrid_bvr,2.0,0.2840160412489258,0.5575146935348446,0.33971946630174477,0.7159839587510741,0.4424853064651554,0.2734986522859188,0.8868774036206735,0.8408900961136648,0.9206017551190974,10.08380710665941,8.083760449356314,MA,Nordeste
2100402,2018,hybrid,hybrid_bvr,2.0,0.2331578947368421,0.5521821631878557,0.32670876671619614,0.7668421052631579,0.44781783681214427,0.3190242684510136,0.7734082397003745,0.7193373685887225,0.8330678560050971,9.311361486034912,7.92023506608527,MA,Nordeste
2101772,2018,hybrid,hybrid_bvr,2.0,0.1621346517376763,0.46845360824742266,0.241938950988822,0.8378653482623237,0.5315463917525773,0.3063189565097464,0.8208865814696485,0.7932645512945299,0.8884562974498734,9.396736947923277,8.136872002824154,MA,Nordeste
2101905,2018,hybrid,hybrid_bvr,2.0,0.13639954357939085,0.33305771456920785,0.20449335167354424,0.8636004564206091,0.6669422854307921,0.196658170989817,0.7276184602734094,0.7291512231282431,0.7971645663454411,9.920541307101956,7.924721957191242,MA,Nordeste
2101970,2018,hybrid,hybrid_bvr,2.0,0.2562070787110407,0.5476046088538509,0.34461821527138914,0.7437929212889594,0.45239539114614913,0.29139753014281017,0.7104566512243548,0.6858688733290897,0.7743475493316359,8.980801413573113,8.163837499477614,MA,Nordeste
2102150,2018,hybrid,hybrid_bvr,2.0,0.307637145930441,0.6808943089430894,0.3856839121190645,0.692362854069559,0.31910569105691056,0.37325716301264844,0.8145445987291128,0.8036208197133518,0.8496354035705306,8.626406276389554,8.84346992765678,MA,Nordeste
2102507,2018,hybrid,hybrid_bvr,2.0,0.4532314680982862,0.6864585777986388,0.5244103519965589,0.5467685319017138,0.31354142220136116,0.23322710970035265,0.9400393991627678,0.8907664453832227,0.9588412794206397,9.816730688609846,7.935163725028831,MA,Nordeste
2103109,2018,hybrid,hybrid_bvr,2.0,0.1387253204018012,0.29283276450511947,0.19051446945337622,0.8612746795981988,0.7071672354948806,0.15410744410331828,0.9178447039541078,0.8505703422053232,0.9448669201520913,9.239607869656751,7.952397457329306,MA,Nordeste
2103125,2018,hybrid,hybrid_bvr,2.0,0.1992344883158743,0.43439363817097415,0.26633309506790565,0.8007655116841257,0.5656063618290259,0.23515914985509986,0.9584765177548683,0.922071129707113,0.9584205020920502,8.97297111339799,7.894037496026131,MA,Nordeste
2103174,2018,hybrid,hybrid_bvr,2.0,0.24547738693467336,0.6074957410562181,0.34296989720998533,0.7545226130653266,0.39250425894378194,0.3620183541215447,0.8496902510596674,0.8461791290057519,0.8797041906327033,9.776903400426676,8.172284606108512,MA,Nordeste
2103257,2018,hybrid,hybrid_bvr,2.0,0.209479305740988,0.4626633478531425,0.28512782235491696,0.790520694259012,0.5373366521468574,0.2531840421121545,0.7769427566357531,0.7048415634550427,0.8357728808106804,9.523763287920113,8.518829159704454,MA,Nordeste
2103554,2018,hybrid,hybrid_bvr,2.0,0.20384881309057387,0.5582120582120582,0.2681569515185814,0.7961511869094261,0.4417879417879418,0.3543632451214843,0.8654737178463013,0.8452141900937081,0.8920682730923695,9.577480365762678,8.19512216099732,MA,Nordeste
2103752,2018,hybrid,hybrid_bvr,2.0,0.3658704008786381,0.6296737318409145,0.4622551153678711,0.6341295991213619,0.37032626815908554,0.26380333096227637,0.7420247395833334,0.6031323414252153,0.7909162098668755,9.439784035838873,8.384077371180526,MA,Nordeste
2105153,2018,hybrid,hybrid_bvr,2.0,0.24154170281323584,0.5525534441805225,0.33310019234131844,0.7584582971867642,0.44744655581947745,0.3110117413672867,0.8610646133244058,0.8271973466003317,0.8991708126036484,9.43747594455993,8.774235319634107,MA,Nordeste
2105427,2018,hybrid,hybrid_bvr,2.0,0.16584158415841585,0.39588688946015427,0.23337793031237275,0.8341584158415841,0.6041131105398457,0.23004530530173842,0.5803802552887619,0.5187918311309422,0.6385790286596876,10.121136033568359,8.607389639359276,MA,Nordeste
2105906,2018,hybrid,hybrid_bvr,2.0,0.21836228287841192,0.5711226674824105,0.31326194398682045,0.781637717121588,0.4288773325175895,0.35276038460399856,0.9108289143176109,0.8872147454651843,0.9291983616149795,9.642901705746048,8.068847944490564,MA,Nordeste
2106359,2018,hybrid,hybrid_bvr,2.0,0.2892561983471074,0.6247058823529412,0.33369700748129677,0.7107438016528926,0.3752941176470588,0.3354496840058338,0.8505376344086022,0.8424190800681431,0.8912549687677456,8.993551586299981,8.397025623305419,MA,Nordeste
2107456,2018,hybrid,hybrid_bvr,2.0,0.1774120489204288,0.3821115199547127,0.24837694275034428,0.8225879510795712,0.6178884800452873,0.2046994710342839,0.9179575444635686,0.8609144824947389,0.929787641094318,9.486531677712465,7.996430386952124,MA,Nordeste
2107605,2018,hybrid,hybrid_bvr,2.0,0.4351395730706076,0.6754587155963303,0.512086827824371,0.5648604269293924,0.3245412844036697,0.24031914252572273,0.8944932901434521,0.8633635272290735,0.9230601331441668,9.839695419448349,8.003841819700378,MA,Nordeste
2108256,2018,hybrid,hybrid_bvr,2.0,0.17482137309723517,0.4851953222194576,0.24856517365836342,0.8251786269027648,0.5148046777805424,0.31037394912222244,0.9269613259668509,0.8772845953002611,0.9286335944299391,10.031528902417012,7.913838138770722,MA,Nordeste
2108405,2018,hybrid,hybrid_bvr,2.0,0.1961021505376344,0.41332002993265154,0.2719022687609075,0.8038978494623656,0.5866799700673484,0.21721787939501713,0.8316985028394425,0.8032812258164371,0.8600835783934375,9.532641238823578,7.841896319314443,MA,Nordeste
2109056,2018,hybrid,hybrid_bvr,2.0,0.14401294498381878,0.31362586605080833,0.20043103448275862,0.8559870550161812,0.6863741339491917,0.16961292106698955,0.8127906976744186,0.7295496935784705,0.876898481215028,8.704502289721232,8.135813789282741,MA,Nordeste
2109270,2018,hybrid,hybrid_bvr,2.0,0.18667843829703748,0.5091994032819492,0.2777894958869437,0.8133215617029625,0.49080059671805076,0.3225209649849118,0.903175057208238,0.8410955095231475,0.9064368135687474,9.750627705891793,8.300857176425247,MA,Nordeste
2110856,2018,hybrid,hybrid_bvr,2.0,0.1872146118721461,0.44014084507042256,0.2587163796783834,0.812785388127854,0.5598591549295775,0.25292623319827645,0.6990616621983914,0.6271374639129469,0.735953808572063,9.236105579862208,8.362503107454984,MA,Nordeste
2111532,2018,hybrid,hybrid_bvr,2.0,0.20985620131815458,0.5202909647779479,0.29632810822417865,0.7901437986818454,0.4797090352220521,0.3104347634597933,0.8255725190839694,0.794923671142174,0.8567224572374471,9.394992544108419,8.270474107867782,MA,Nordeste
2111631,2018,hybrid,hybrid_bvr,2.0,0.2590964590964591,0.6187290969899666,0.34032501889644745,0.7409035409035409,0.3812709030100334,0.35963263789350747,0.8166501486620417,0.7766891891891892,0.8385135135135136,8.714403360703942,8.16014285448356,MA,Nordeste
2111672,2018,hybrid,hybrid_bvr,2.0,0.24503130955622107,0.6370967741935484,0.3199031263760458,0.7549686904437789,0.3629032258064516,0.3920654646373273,0.8641226818830242,0.8350658350658351,0.8704088704088704,8.692322277628687,8.156601620857266,MA,Nordeste
2112852,2018,hybrid,hybrid_bvr,2.0,0.21942307692307692,0.5343777197563099,0.3155721326761689,0.7805769230769231,0.4656222802436901,0.31495464283323293,0.6338744850981343,0.5848119233498935,0.656730541755382,9.328834266023971,8.210753956704204,MA,Nordeste
2113009,2018,hybrid,hybrid_bvr,2.0,0.5056840454723638,0.7550406259404153,0.5730836698894464,0.4943159545276362,0.24495937405958468,0.24935658046805154,0.7766851055111658,0.723748451504773,0.8119944618523647,10.362746160245683,8.24436435687849,MA,Nordeste
3100203,2018,hybrid,hybrid_bvr,2.0,0.29919879819729595,0.4089179729112768,0.3368601965733928,0.7008012018027041,0.5910820270887231,0.10971917471398085,0.4428010866284334,0.3881922675026123,0.5291834602179429,10.029679577773887,9.207802999551891,MG,Sudeste
3100708,2018,hybrid,hybrid_bvr,2.0,0.20771929824561403,0.3726315789473684,0.27345393352965924,0.792280701754386,0.6273684210526316,0.1649122807017544,0.5165125495376486,0.46404341926729986,0.5712347354138398,7.613324979540639,10.576054025396052,MG,Sudeste
3101201,2018,hybrid,hybrid_bvr,2.0,0.09093628477415495,0.29637883008356547,0.16255104024888198,0.9090637152258451,0.7036211699164345,0.20544254530941053,0.5147184909974278,0.45291607396870553,0.5931721194879089,8.726156679156613,8.942306054658754,MG,Sudeste
3101805,2018,hybrid,hybrid_bvr,2.0,0.10246373474556758,0.2667994026879044,0.15439093484419264,0.8975362652544324,0.7332005973120956,0.16433566794233684,0.6546915622784212,0.5556081400851869,0.7049219119734974,8.877939834725023,8.601773189640747,MG,Sudeste
3102605,2018,hybrid,hybrid_bvr,2.0,0.3050666032350143,0.3843658272825583,0.33913889727843216,0.6949333967649858,0.6156341727174417,0.07929922404754403,0.37657513635508744,0.31169387463709486,0.4540954737994384,10.525943992473303,9.47097562403896,MG,Sudeste
3102803,2018,hybrid,hybrid_bvr,2.0,0.15339183260209246,0.3070086338242763,0.21458966565349544,0.8466081673979076,0.6929913661757237,0.15361680122218382,0.4890468591324532,0.430145963658028,0.5451295799821269,9.406975663409597,8.987217357705667,MG,Sudeste
3103504,2018,hybrid,hybrid_bvr,2.0,0.13926138400860524,0.24095499664799636,0.19235696228361543,0.8607386159913948,0.7590450033520036,0.10169361263939111,0.5537421014193631,0.4465509720837488,0.6714543868394816,11.606424915484219,9.881279862371363,MG,Sudeste
3104502,2018,hybrid,hybrid_bvr,2.0,0.39884922191709166,0.5564761582685154,0.46752193467521935,0.6011507780829084,0.4435238417314846,0.15762693635142372,0.6903902154921374,0.6493223064553182,0.7453480358373535,9.77984991207795,8.86869124130205,MG,Sudeste
3104601,2018,hybrid,hybrid_bvr,2.0,0.06090547116944404,0.17304369291532956,0.10275804815053961,0.939094528830556,0.8269563070846704,0.11213822174588553,0.6776649746192893,0.6158028271112722,0.702911682976924,9.476466781462246,9.428243763468947,MG,Sudeste
3104700,2018,hybrid,hybrid_bvr,2.0,0.07192548048579177,0.21642047406389556,0.10857192890289817,0.9280745195142083,0.7835795259361045,0.1444949935781038,0.8004462418072793,0.7231567143257639,0.8319315951780207,9.578795654450447,8.492143199165683,MG,Sudeste
3104809,2018,hybrid,hybrid_bvr,2.0,0.07002902757619739,0.21908349026993096,0.12462635088526099,0.9299709724238026,0.780916509730069,0.14905446269373357,0.696680790960452,0.6275,0.7296428571428571,8.509161019718974,9.053686561930807,MG,Sudeste
3105004,2018,hybrid,hybrid_bvr,2.0,0.06453239223594656,0.1701188455008489,0.10921944885297936,0.9354676077640535,0.8298811544991511,0.10558645326490235,0.7329073482428115,0.610484544695071,0.779657477025898,8.976262255609193,8.944219534318398,MG,Sudeste
3105103,2018,hybrid,hybrid_bvr,2.0,0.16113921678845794,0.28450306170513423,0.21568627450980393,0.838860783211542,0.7154969382948657,0.12336384491667629,0.5969360802958267,0.5353330326266726,0.6586227634942114,10.031616880246656,9.282360240134164,MG,Sudeste
3106101,2018,hybrid,hybrid_bvr,2.0,0.0951129795060431,0.22089825847846012,0.14076050700466977,0.9048870204939569,0.7791017415215399,0.12578527897241704,0.6870717222476016,0.5792880258899676,0.7068885806749884,8.132412674500905,9.088652425566933,MG,Sudeste
3106200,2018,hybrid,hybrid_bvr,2.0,0.22759377620919133,0.3981343131953149,0.3390557194044193,0.7724062237908087,0.6018656868046851,0.17054053698612356,0.49610301463756856,0.30916785589157686,0.7189761841689241,14.680571572377191,10.123667730786764,MG,Sudeste
3107208,2018,hybrid,hybrid_bvr,2.0,0.09669129457115323,0.3119533527696793,0.16246935591709383,0.9033087054288468,0.6880466472303207,0.21526205819852606,0.5153991200502829,0.4531101989264288,0.5614145879381118,8.518592212329946,9.001695754901037,MG,Sudeste
3107307,2018,hybrid,hybrid_bvr,2.0,0.08872468236670034,0.2418407120833091,0.16173000582960886,0.9112753176332997,0.758159287916691,0.15311602971660876,0.7919636795655126,0.7240103745907565,0.8508014796547472,10.750513947508502,9.0394548668715,MG,Sudeste
3107505,2018,hybrid,hybrid_bvr,2.0,0.07194452470384281,0.2651482595616674,0.14889958734525446,0.9280554752961572,0.7348517404383326,0.19320373485782455,0.6491053677932406,0.6106536284096757,0.6873391662377767,8.77971129020447,9.390454705637556,MG,Sudeste
3107802,2018,hybrid,hybrid_bvr,2.0,0.11326468806783767,0.28649350649350647,0.16826287978863935,0.8867353119321624,0.7135064935064935,0.17322881842566878,0.6226922606675632,0.5829954384186518,0.639635073492144,9.639782389465795,8.47834626936806,MG,Sudeste
3109204,2018,hybrid,hybrid_bvr,2.0,0.09904580152671756,0.25250075780539555,0.15831381733021077,0.9009541984732824,0.7474992421946045,0.153454956278678,0.6517818806354658,0.6239863422962014,0.7078531796841656,9.239122173401634,8.729662014314027,MG,Sudeste
3109253,2018,hybrid,hybrid_bvr,2.0,0.06510067114093959,0.18840579710144928,0.10137375651350071,0.9348993288590604,0.8115942028985508,0.12330512596050969,0.5853920515574651,0.527231467473525,0.6569591527987897,8.292047637431354,8.379185721078573,MG,Sudeste
3109600,2018,hybrid,hybrid_bvr,2.0,0.07608695652173914,0.16174801362088537,0.11895276038702333,0.9239130434782609,0.8382519863791147,0.08566105709914623,0.552547770700637,0.3808980213089802,0.739345509893455,8.203577736937952,9.068438758447359,MG,Sudeste
3109709,2018,hybrid,hybrid_bvr,2.0,0.3712979526933015,0.48905109489051096,0.42558608252890634,0.6287020473066984,0.5109489051094891,0.11775314219720945,0.38004121283485426,0.3396392432908051,0.4566652001759789,9.308736693832376,9.318527232333743,MG,Sudeste
3110806,2018,hybrid,hybrid_bvr,2.0,0.18319886093972473,0.32892690513219286,0.23836181496758987,0.8168011390602753,0.6710730948678072,0.14572804419246813,0.7602611940298507,0.6802434456928839,0.7588951310861424,8.1786387885907,8.983648163493841,MG,Sudeste
3111408,2018,hybrid,hybrid_bvr,2.0,0.18327505827505827,0.3287671232876712,0.2421563529207835,0.8167249417249417,0.6712328767123288,0.14549206501261294,0.5530795419374807,0.4903245942571785,0.600187265917603,8.834919385216395,10.306085867300707,MG,Sudeste
3112059,2018,hybrid,hybrid_bvr,2.0,0.23980815347721823,0.39277818717759766,0.2933713102019679,0.7601918465227817,0.6072218128224023,0.15297003370037943,0.6389526871841984,0.5465810004589261,0.6539697108765489,8.341648618901306,8.524934307650124,MG,Sudeste
3112505,2018,hybrid,hybrid_bvr,2.0,0.17275442223753734,0.35342388228636107,0.25290697674418605,0.8272455777624627,0.6465761177136389,0.18066946004882373,0.5487140979913647,0.4493160951845606,0.6604834176503653,9.091669442258505,8.856155609179499,MG,Sudeste
3112901,2018,hybrid,hybrid_bvr,2.0,0.09141824751580849,0.24472759226713534,0.1360727086533538,0.9085817524841915,0.7552724077328646,0.15330934475132685,0.5806572068707991,0.5447202521670607,0.6203703703703703,9.108307646411031,8.571274401048196,MG,Sudeste
3113404,2018,hybrid,hybrid_bvr,2.0,0.1541747906870054,0.3320700033441088,0.2314346230335171,0.8458252093129945,0.6679299966558911,0.1778952126571034,0.5142837153984282,0.4164267849558775,0.6171015997357369,11.35321435456232,9.218210632843723,MG,Sudeste
3113602,2018,hybrid,hybrid_bvr,2.0,0.09635682669390534,0.26782178217821784,0.16602861172677816,0.9036431733060947,0.7321782178217822,0.1714649554843125,0.5176046576102024,0.4616231086657497,0.562585969738652,8.74798740166097,9.3042060493048,MG,Sudeste
3114550,2018,hybrid,hybrid_bvr,2.0,0.07172534441285808,0.21984,0.1318181818181818,0.928274655587142,0.78016,0.14811465558714193,0.6657995143947277,0.6346551724137931,0.695,9.155989777226102,9.779865121909676,MG,Sudeste
3114808,2018,hybrid,hybrid_bvr,2.0,0.07349177330895795,0.27053140096618356,0.13485685585133098,0.926508226691042,0.7294685990338164,0.1970396276572256,0.5192307692307693,0.45571428571428574,0.5353571428571429,8.424200324567073,8.679600174349723,MG,Sudeste
3115201,2018,hybrid,hybrid_bvr,2.0,0.5801594331266607,0.7466266866566716,0.6419821826280624,0.41984056687333926,0.25337331334332835,0.1664672535300109,0.49644061446234544,0.4416320362674726,0.5183226293917642,8.282483003730562,8.695840835165372,MG,Sudeste
3115300,2018,hybrid,hybrid_bvr,2.0,0.1460028721876496,0.25282448516909123,0.19635881182280535,0.8539971278123504,0.7471755148309087,0.10682161298144163,0.7199118071922755,0.5910357815442561,0.7945511613308224,11.152773053070982,9.586286405444111,MG,Sudeste
3115706,2018,hybrid,hybrid_bvr,2.0,0.15885893745092908,0.32729007633587787,0.21844906234161177,0.841141062549071,0.6727099236641221,0.1684311388849488,0.4966346153846154,0.4290045477513896,0.5378979282465892,8.820551743253025,8.644213474041917,MG,Sudeste
3116159,2018,hybrid,hybrid_bvr,2.0,0.10659509202453987,0.3575757575757576,0.19746155723700268,0.8934049079754601,0.6424242424242423,0.25098066555121773,0.7727066303360581,0.7452343574792555,0.7838080287059879,9.287764268940986,8.8443273246221,MG,Sudeste
3117405,2018,hybrid,hybrid_bvr,2.0,0.2632347572106608,0.4112399643175736,0.3062176165803109,0.7367652427893392,0.5887600356824264,0.14800520710691278,0.6343792633015006,0.6143646408839779,0.6880294659300185,8.40200678160712,8.570972173095992,MG,Sudeste
3117900,2018,hybrid,hybrid_bvr,2.0,0.09736036725325173,0.22618696549690356,0.14799350498724195,0.9026396327467483,0.7738130345030965,0.12882659824365184,0.3723045822102426,0.305959805959806,0.4222106722106722,9.256078263650036,9.24121160767222,MG,Sudeste
3119104,2018,hybrid,hybrid_bvr,2.0,0.2214149801072479,0.32502669989320043,0.26501625406351587,0.7785850198927521,0.6749733001067996,0.10361171978595254,0.7532447584670916,0.672901391590603,0.7981445458626365,10.082219340479526,8.832822223207584,MG,Sudeste
3119203,2018,hybrid,hybrid_bvr,2.0,0.08082083662194159,0.2700803212851406,0.14138707256940722,0.9191791633780584,0.7299196787148594,0.189259484663199,0.6225708682474594,0.5524691358024691,0.6325445816186557,9.236982302922604,8.569306986491474,MG,Sudeste
3119609,2018,hybrid,hybrid_bvr,2.0,0.09903381642512077,0.24653465346534653,0.15485564304461943,0.9009661835748792,0.7534653465346535,0.14750083704022576,0.7175697865353038,0.5889008620689655,0.7877155172413793,8.000684784514748,8.895404582413635,MG,Sudeste
3121258,2018,hybrid,hybrid_bvr,2.0,0.2655590717299578,0.4295652173913043,0.327478660538411,0.7344409282700421,0.5704347826086957,0.16400614566134653,0.7555488902219556,0.6812577065351418,0.7913070283600493,8.998260393017953,10.27763110733439,MG,Sudeste
3122504,2018,hybrid,hybrid_bvr,2.0,0.3708467309753483,0.4398382204246714,0.39941385806991836,0.6291532690246517,0.5601617795753286,0.0689914894493231,0.5278327211076576,0.49366724237190557,0.5446171560161197,8.558143177745192,8.57887199297199,MG,Sudeste
3122900,2018,hybrid,hybrid_bvr,2.0,0.08258258258258258,0.2035749751737835,0.12806131987287345,0.9174174174174174,0.7964250248262165,0.12099239259120093,0.7350582147477361,0.6574191906337491,0.7849325528124205,8.699681400989514,8.699181414873772,MG,Sudeste
3123809,2018,hybrid,hybrid_bvr,2.0,0.1155680224403927,0.26825576995838063,0.18051529790660226,0.8844319775596073,0.7317442300416194,0.15268774751798792,0.8010178117048347,0.69872595553335,0.8133899575318511,8.870943863837724,8.616401713631229,MG,Sudeste
3123858,2018,hybrid,hybrid_bvr,2.0,0.11826609872212478,0.3109438332368269,0.17612148717053586,0.8817339012778752,0.6890561667631732,0.1926777345147021,0.6602475928473177,0.5921706105755186,0.7370727432077125,8.55159461813357,8.48781910641293,MG,Sudeste
3124500,2018,hybrid,hybrid_bvr,2.0,0.04280618311533888,0.20214190093708165,0.09634214969048958,0.9571938168846611,0.7978580990629184,0.15933571782174277,0.454448507007922,0.3983024691358025,0.509104938271605,9.291459423260974,9.472030578768484,MG,Sudeste
3125705,2018,hybrid,hybrid_bvr,2.0,0.17744868797090152,0.466491772000954,0.2792300579978146,0.8225513120290985,0.533508227999046,0.28904308403005247,0.6115723270440252,0.5384326489734602,0.6546069103655483,9.555418330069251,9.488491294879607,MG,Sudeste
3126000,2018,hybrid,hybrid_bvr,2.0,0.17188440698374474,0.4660461909686315,0.30896529562982006,0.8281155930162553,0.5339538090313685,0.29416178398488674,0.6706231454005934,0.5066539923954373,0.7713878326996197,8.794824928014517,8.966800835545673,MG,Sudeste
3126406,2018,hybrid,hybrid_bvr,2.0,0.09548387096774194,0.1978021978021978,0.1415929203539823,0.9045161290322581,0.8021978021978022,0.10231832683445585,0.6531061022539857,0.4956803455723542,0.7041036717062635,7.902857191280582,8.970561998664358,MG,Sudeste
3126604,2018,hybrid,hybrid_bvr,2.0,0.08557625948930296,0.2971014492753623,0.16235190873189995,0.9144237405106971,0.7028985507246377,0.21152518978605933,0.6729150726855394,0.6103047895500726,0.7746734397677794,8.489410810403786,8.700062956268875,MG,Sudeste
3126802,2018,hybrid,hybrid_bvr,2.0,0.13314993122420907,0.3335597826086957,0.19091443117289994,0.866850068775791,0.6664402173913043,0.2004098513844866,0.8015439047925378,0.7442735042735042,0.8276923076923077,8.679141958402255,8.577747770857007,MG,Sudeste
3126901,2018,hybrid,hybrid_bvr,2.0,0.08674907829104316,0.29128248113998323,0.15638389031705227,0.9132509217089568,0.7087175188600168,0.20453340284894006,0.7095943335479716,0.6272393697388301,0.7284696740772717,9.096051225574055,8.636967268048934,MG,Sudeste
3127206,2018,hybrid,hybrid_bvr,2.0,0.10633307271305707,0.2390829694323144,0.16169437485766341,0.893666927286943,0.7609170305676856,0.13274989671925735,0.5911196911196911,0.5102925243770314,0.6937522571325389,8.25712628599743,8.839784090173405,MG,Sudeste
3127354,2018,hybrid,hybrid_bvr,2.0,0.11606690319310695,0.2862232779097387,0.1941561987984708,0.883933096806893,0.7137767220902613,0.17015637471663178,0.7733624454148471,0.6866226259289843,0.814616019818332,7.993619994827744,8.578857904473354,MG,Sudeste
3127388,2018,hybrid,hybrid_bvr,2.0,0.17019275975552423,0.28891441700172316,0.22345647119607337,0.8298072402444758,0.7110855829982768,0.11872165724619893,0.6302040816326531,0.5201612903225806,0.7407258064516129,8.204945165019208,8.813758890411162,MG,Sudeste
3127701,2018,hybrid,hybrid_bvr,2.0,0.0967321414569121,0.2433677015755329,0.17036756420717256,0.9032678585430879,0.7566322984244671,0.14663556011862078,0.47899153558324553,0.35386427183203406,0.5994985875195977,12.482525657402304,9.480290819795911,MG,Sudeste
3129301,2018,hybrid,hybrid_bvr,2.0,0.12401055408970976,0.31090320259086,0.18528578176665092,0.8759894459102903,0.68909679740914,0.18689264850115025,0.5501051156271899,0.48652988403211417,0.6381801962533452,9.241354425505353,8.439862911009644,MG,Sudeste
3130200,2018,hybrid,hybrid_bvr,2.0,0.22071373157486424,0.48105726872246696,0.30025582334724654,0.7792862684251358,0.518942731277533,0.2603435371476027,0.776161052421766,0.738360115368768,0.8275648949320148,9.133891199812776,9.149215706117111,MG,Sudeste
3130556,2018,hybrid,hybrid_bvr,2.0,0.12145390070921985,0.3444520081688223,0.17613636363636365,0.8785460992907801,0.6555479918311777,0.22299810745960247,0.6877470355731226,0.6307601995890812,0.6768417963017317,8.767796255626598,8.542250224430333,MG,Sudeste
3130705,2018,hybrid,hybrid_bvr,2.0,0.07428194123473093,0.22064276885043263,0.12516129032258064,0.925718058765269,0.7793572311495673,0.14636082761570168,0.6651256862178561,0.6314148001134108,0.7161893960873263,8.730690365678642,10.83260998293483,MG,Sudeste
3130903,2018,hybrid,hybrid_bvr,2.0,0.22435998115281922,0.3979346442212477,0.2861757431989098,0.7756400188471808,0.6020653557787523,0.17357466306842848,0.6319795149014866,0.5780526620370371,0.6762876157407407,10.097984685260217,8.662726244014808,MG,Sudeste
3131000,2018,hybrid,hybrid_bvr,2.0,0.07552,0.20323741007194246,0.12852606015318513,0.92448,0.7967625899280575,0.12771741007194246,0.6733477789815818,0.5452814794669567,0.7340223007886865,8.658692753689937,9.22425354993922,MG,Sudeste
3131109,2018,hybrid,hybrid_bvr,2.0,0.1904269081500647,0.4735875057418466,0.29245283018867924,0.8095730918499353,0.5264124942581534,0.2831605975917819,0.7032910080331692,0.5817853457172343,0.7094943240454077,8.813438494528507,8.989313852409587,MG,Sudeste
3131208,2018,hybrid,hybrid_bvr,2.0,0.380079183163159,0.4316612141039622,0.39884775842659426,0.6199208168368411,0.5683387858960378,0.051582030940803214,0.5034322730349028,0.41788086034294775,0.5308752106254336,9.807527161390217,8.766698364584684,MG,Sudeste
3131703,2018,hybrid,hybrid_bvr,2.0,0.09363981556821264,0.23080612111435672,0.16340543538546867,0.9063601844317873,0.7691938788856433,0.13716630554614406,0.6289859594383775,0.4244315177154944,0.7684067386870137,11.606260969112531,10.537013221374648,MG,Sudeste
3131802,2018,hybrid,hybrid_bvr,2.0,0.15753300777717488,0.313404050144648,0.21353383458646616,0.8424669922228252,0.686595949855352,0.15587104236747312,0.6029518950437318,0.4853626701473056,0.6567219839641991,9.277251077258809,8.522379866973994,MG,Sudeste
3132008,2018,hybrid,hybrid_bvr,2.0,0.10510610079575597,0.3141025641025641,0.18510942933115157,0.894893899204244,0.6858974358974359,0.20899646330680813,0.8556311413454271,0.7938250428816467,0.8686106346483705,8.514790306799927,8.682224999480766,MG,Sudeste
3132602,2018,hybrid,hybrid_bvr,2.0,0.07662337662337662,0.19562043795620437,0.12075983717774763,0.9233766233766234,0.8043795620437957,0.11899706133282775,0.7148175725986597,0.6351791530944625,0.7828447339847991,8.313607139317558,9.718893250756828,MG,Sudeste
3132701,2018,hybrid,hybrid_bvr,2.0,0.25025150905432597,0.456353591160221,0.32163774700312003,0.749748490945674,0.543646408839779,0.20610208210589503,0.7505628095452499,0.6896965224610275,0.7688405128678166,10.034910473896547,8.856860808401793,MG,Sudeste
3132800,2018,hybrid,hybrid_bvr,2.0,0.05871886120996441,0.21734104046242775,0.11246081504702195,0.9412811387900356,0.7826589595375723,0.15862217925246333,0.7446236559139785,0.6179245283018868,0.7419137466307277,7.733245646529795,8.569834678641962,MG,Sudeste
3134400,2018,hybrid,hybrid_bvr,2.0,0.19729782144935032,0.35292015154764456,0.2711720579749499,0.8027021785506496,0.6470798484523554,0.15562233009829424,0.7093356099030784,0.6650919940328195,0.7425161611138736,10.447438426733946,10.700459649614345,MG,Sudeste
3135076,2018,hybrid,hybrid_bvr,2.0,0.12640056022408963,0.31859070464767614,0.18736591179976161,0.8735994397759104,0.6814092953523239,0.1921901444235865,0.7689422355588897,0.6999220576773187,0.7883865939204988,8.53050420547591,8.802207409906826,MG,Sudeste
3135100,2018,hybrid,hybrid_bvr,2.0,0.37806842589751455,0.5284657320872275,0.45210343496719413,0.6219315741024855,0.47153426791277253,0.15039730618971292,0.6843389991962612,0.6205970149253731,0.7365671641791045,11.109503268695946,8.900647346714251,MG,Sudeste
3135704,2018,hybrid,hybrid_bvr,2.0,0.08053508053508053,0.2226148409893993,0.13035777541622387,0.9194649194649195,0.7773851590106007,0.14207976045431875,0.5545302013422819,0.45010964912280704,0.6244517543859649,8.547916364059079,9.521162261675274,MG,Sudeste
3136702,2018,hybrid,hybrid_bvr,2.0,0.09810596646572302,0.2403850434999421,0.17837276700993612,0.901894033534277,0.7596149565000578,0.1422790770342191,0.6883824775369354,0.48939585085506027,0.8071418559013176,13.15434061210248,9.862723325044609,MG,Sudeste
3137007,2018,hybrid,hybrid_bvr,2.0,0.07487575924903368,0.2724867724867725,0.12383543573254184,0.9251242407509663,0.7275132275132274,0.19761101323773883,0.7940513109670144,0.7455116696588869,0.7921903052064632,9.740615619563487,8.342001622376173,MG,Sudeste
3137403,2018,hybrid,hybrid_bvr,2.0,0.20759030635573844,0.5482041587901701,0.31789301086288174,0.7924096936442615,0.45179584120982985,0.3406138524344317,0.5054790671536948,0.4481850117096019,0.5471311475409836,9.413770891980372,8.910321856108355,MG,Sudeste
3138500,2018,hybrid,hybrid_bvr,2.0,0.05828220858895705,0.24614305750350632,0.11964244785697914,0.941717791411043,0.7538569424964937,0.18786084891454927,0.5640866873065016,0.4891304347826087,0.5959079283887468,8.584103896698863,9.0705793648793,MG,Sudeste
3138625,2018,hybrid,hybrid_bvr,2.0,0.10926773455377574,0.2606088560885609,0.16713731027179668,0.8907322654462243,0.7393911439114391,0.15134112153478513,0.7377425944841676,0.7144706186901372,0.7626197256018639,8.837826364007704,9.897738109821587,MG,Sudeste
3138674,2018,hybrid,hybrid_bvr,2.0,0.2985620277845479,0.5256505576208178,0.35443037974683544,0.7014379722154521,0.4743494423791822,0.22708852983626993,0.44274214489742925,0.4052486187845304,0.4616022099447514,8.737773460327283,8.928076170377004,MG,Sudeste
3139003,2018,hybrid,hybrid_bvr,2.0,0.07222649092735978,0.2106447358212429,0.13189721598713525,0.9277735090726402,0.7893552641787571,0.13841824489388313,0.32967696955612363,0.2559437956543991,0.36881775461778254,10.56328475341452,9.643839689393662,MG,Sudeste
3139250,2018,hybrid,hybrid_bvr,2.0,0.07669322709163347,0.2805714285714286,0.13828314295604016,0.9233067729083665,0.7194285714285714,0.20387820147979513,0.6853002070393375,0.6611591922370836,0.6915814319433516,8.751632702472298,8.199154656483863,MG,Sudeste
3139409,2018,hybrid,hybrid_bvr,2.0,0.17066720911310007,0.32295983086680763,0.23259537253821788,0.8293327908868999,0.6770401691331924,0.15229262175370756,0.5025918527321921,0.3829330504836225,0.5800439427229336,11.284442685310413,9.542694759420405,MG,Sudeste
3139607,2018,hybrid,hybrid_bvr,2.0,0.5771483521286825,0.6692120791391878,0.6166177129486733,0.42285164787131746,0.3307879208608122,0.09206372701050525,0.5537396937573617,0.4710618259152362,0.6379310344827587,10.207694828570066,8.937927261973153,MG,Sudeste
3140001,2018,hybrid,hybrid_bvr,2.0,0.14133572598892097,0.32197905900328044,0.22464703677481154,0.858664274011079,0.6780209409967195,0.18064333301435948,0.6565293399742719,0.49845648604269294,0.7310344827586207,10.900786679503748,11.12814924597959,MG,Sudeste
3140100,2018,hybrid,hybrid_bvr,2.0,0.07286044718581342,0.19081272084805653,0.1144923921177351,0.9271395528141866,0.8091872791519434,0.11795227366224312,0.6738336713995943,0.6241694352159468,0.704734219269103,8.347353412124338,8.541822210450349,MG,Sudeste
3140902,2018,hybrid,hybrid_bvr,2.0,0.07925616547334924,0.27110844337735096,0.14275290215588723,0.9207438345266508,0.728891556622649,0.19185227790400172,0.6234187140616833,0.5554371002132196,0.629637526652452,9.777867638611477,9.176642110871843,MG,Sudeste
3141108,2018,hybrid,hybrid_bvr,2.0,0.3240322124894038,0.4451083388049902,0.3864409084727322,0.6759677875105963,0.5548916611950099,0.1210761263155864,0.6362374175633461,0.5031909671084929,0.7446244477172312,10.432791397547891,9.895753406451087,MG,Sudeste
3141306,2018,hybrid,hybrid_bvr,2.0,0.0750925436277102,0.22345890410958905,0.13174239947695326,0.9249074563722898,0.776541095890411,0.14836636048187885,0.4345,0.4313160422670509,0.5192122958693564,8.144388865547622,9.63495885655897,MG,Sudeste
3141504,2018,hybrid,hybrid_bvr,2.0,0.1079607415485278,0.2773677736777368,0.1598716496791242,0.8920392584514723,0.7226322263222632,0.169407032129209,0.5888857385880352,0.4755680049797697,0.6629318394024276,8.753213480544126,8.669559668861762,MG,Sudeste
3142007,2018,hybrid,hybrid_bvr,2.0,0.05852380259135245,0.2345046364080039,0.12415740572053198,0.9414761974086475,0.7654953635919961,0.17598083381665144,0.8371830985915493,0.8008521165475536,0.8699835074216603,9.475930197953147,8.400419843675829,MG,Sudeste
3142205,2018,hybrid,hybrid_bvr,2.0,0.47892782173421605,0.5034090909090909,0.48909657320872274,0.5210721782657839,0.4965909090909091,0.024481269174874865,0.5031759182546258,0.42522197558268593,0.5839345172031076,9.53300341332321,9.169685838810086,MG,Sudeste
3142304,2018,hybrid,hybrid_bvr,2.0,0.10950413223140495,0.29483903934593764,0.17729567982046007,0.890495867768595,0.7051609606540623,0.18533490711453268,0.5903431521409049,0.48884260636715265,0.7283546563522761,8.452974619089586,8.784777007465193,MG,Sudeste
3143104,2018,hybrid,hybrid_bvr,2.0,0.17863930064614214,0.3080470525330838,0.23234314269850084,0.8213606993538578,0.6919529474669162,0.12940775188694165,0.6960720939959695,0.6302959295513814,0.753240863222344,10.731427829437605,9.695370791775753,MG,Sudeste
3143302,2018,hybrid,hybrid_bvr,2.0,0.16283985713244406,0.2891162229883758,0.23738420509163305,0.8371601428675559,0.7108837770116242,0.12627636585593174,0.6724019539427774,0.5295528290961532,0.8025805464815199,12.799164656606681,9.501774910468406,MG,Sudeste
3144201,2018,hybrid,hybrid_bvr,2.0,0.15421455938697318,0.35501066098081024,0.21595779756017144,0.8457854406130269,0.6449893390191898,0.20079610159383707,0.7711764705882352,0.7352404138770542,0.7888009738283628,8.056426767522984,8.563534485829816,MG,Sudeste
3144508,2018,hybrid,hybrid_bvr,2.0,0.15575849822425164,0.5178496430071399,0.2920619860847565,0.8442415017757483,0.48215035699286013,0.36209114478288823,0.6406077956397269,0.5445478723404256,0.6462765957446809,8.981430225767635,9.458376445983205,MG,Sudeste
3145356,2018,hybrid,hybrid_bvr,2.0,0.11134485349361382,0.3516735442457588,0.17054964940058812,0.8886551465063862,0.6483264557542412,0.24032869075214497,0.7691008864499789,0.7105146406388643,0.7854924578527063,9.243678431586693,8.296151115530897,MG,Sudeste
3145455,2018,hybrid,hybrid_bvr,2.0,0.09615985014049329,0.30010775862068967,0.17088107467404187,0.9038401498595067,0.6998922413793103,0.2039479084801964,0.8632121017058255,0.8536432160804021,0.9067211055276382,8.569216219483389,9.100349190553805,MG,Sudeste
3145802,2018,hybrid,hybrid_bvr,2.0,0.22652757078986588,0.5322033898305085,0.3393863494051346,0.7734724292101341,0.4677966101694915,0.30567581904064267,0.49516908212560384,0.440354147250699,0.5824790307548928,8.024534871605695,9.089697276431497,MG,Sudeste
3145851,2018,hybrid,hybrid_bvr,2.0,0.1650112143543736,0.48831385642737896,0.2543940795559667,0.8349887856456264,0.511686143572621,0.32330264207300535,0.7727741491921623,0.6534410112359551,0.7728230337078652,8.41027590907016,8.721454946625064,MG,Sudeste
3146206,2018,hybrid,hybrid_bvr,2.0,0.0934415441982891,0.294148655772272,0.15215710530385032,0.9065584558017109,0.705851344227728,0.2007071115739829,0.708079268292683,0.6540161164543801,0.7330387314790746,8.702177865629675,8.422195462793958,MG,Sudeste
3146404,2018,hybrid,hybrid_bvr,2.0,0.11182336182336182,0.2565406976744186,0.15930260329591592,0.8881766381766382,0.7434593023255813,0.14471733585105678,0.6047587574355585,0.5543442352163859,0.6669970267591675,8.440528106480752,8.992392756378258,MG,Sudeste
3147808,2018,hybrid,hybrid_bvr,2.0,0.08274398868458274,0.3086053412462908,0.15513126491646778,0.9172560113154172,0.6913946587537092,0.22586135256170806,0.5364193328795098,0.4325213956550362,0.6695194206714944,7.639642287858013,8.786085110859709,MG,Sudeste
3147956,2018,hybrid,hybrid_bvr,2.0,0.1084106172049888,0.3457590491626148,0.19646799116997793,0.8915893827950112,0.6542409508373852,0.237348431957626,0.7957894736842105,0.7658102766798419,0.8227931488801054,8.626764827845529,8.37563540912909,MG,Sudeste
3148509,2018,hybrid,hybrid_bvr,2.0,0.0719579249342577,0.19072164948453607,0.10684192787327267,0.9280420750657423,0.8092783505154639,0.11876372455027837,0.644251116858688,0.6286485160657346,0.673289183222958,9.058237593766226,8.499195431049197,MG,Sudeste
3148608,2018,hybrid,hybrid_bvr,2.0,0.31649601820250284,0.45371378784578525,0.3631681098835473,0.6835039817974972,0.5462862121542147,0.13721776964328242,0.6772763900080581,0.6240405880057239,0.7180954858852608,9.756146964637418,8.677963199626607,MG,Sudeste
3149606,2018,hybrid,hybrid_bvr,2.0,0.16465677179962895,0.37405628002745367,0.249100470523111,0.835343228200371,0.6259437199725464,0.20939950822782472,0.5912774990351216,0.4835368109507954,0.6226415094339622,8.312871394342615,8.933330620511516,MG,Sudeste
3149952,2018,hybrid,hybrid_bvr,2.0,0.05924682177980331,0.23465211459754434,0.11968627450980392,0.9407531782201967,0.7653478854024557,0.17540529281774103,0.5640898987404297,0.49666837519220913,0.5753459764223475,8.85879510585745,8.815590813324079,MG,Sudeste
3150000,2018,hybrid,hybrid_bvr,2.0,0.13372620126926563,0.34257120862201695,0.21094640820980615,0.8662737987307344,0.657428791377983,0.20884500735275133,0.5784856879039705,0.5092812946216088,0.6149452641599239,8.325548307161398,8.670720753557948,MG,Sudeste
3150158,2018,hybrid,hybrid_bvr,2.0,0.21690296446326643,0.45116772823779194,0.2768978700163845,0.7830970355367336,0.5488322717622081,0.23426476377452551,0.6050380228136882,0.5680517541677034,0.6364767355063449,8.869257522797287,8.73533974969795,MG,Sudeste
3150539,2018,hybrid,hybrid_bvr,2.0,0.10132645541635962,0.2599027102154274,0.1561973525872443,0.8986735445836403,0.7400972897845726,0.15857625479906776,0.7782071097372488,0.7085148514851485,0.7984158415841585,8.393894975071744,8.63592097924597,MG,Sudeste
3150802,2018,hybrid,hybrid_bvr,2.0,0.08821746160064672,0.2928724544480171,0.14418775210854418,0.9117825383993533,0.7071275455519829,0.2046549928473704,0.6663216011042098,0.5830698126976405,0.6765993675504743,9.75452339939617,8.430574241848396,MG,Sudeste
3151800,2018,hybrid,hybrid_bvr,2.0,0.2318097651301043,0.3614748963336416,0.30506227570192107,0.7681902348698957,0.6385251036663584,0.12966513120353731,0.4535093279640056,0.3517956961747835,0.5713224458977263,11.93449355465979,10.108414156082757,MG,Sudeste
3151909,2018,hybrid,hybrid_bvr,2.0,0.24756632945218554,0.3937251436146708,0.29150013322675195,0.7524336705478145,0.6062748563853292,0.14615881416248527,0.5890487759297328,0.5365109628217349,0.6108674928503337,9.103423089630105,8.504290364680006,MG,Sudeste
3152303,2018,hybrid,hybrid_bvr,2.0,0.09993500162495937,0.25153818313427434,0.14687745262921853,0.9000649983750406,0.7484618168657257,0.15160318150931495,0.705716434749906,0.6479952830188679,0.7285770440251572,9.251194365984448,8.593837748157917,MG,Sudeste
3152402,2018,hybrid,hybrid_bvr,2.0,0.08856436226592863,0.26382103368475185,0.143329302700524,0.9114356377340713,0.7361789663152482,0.17525667141882323,0.6506352087114338,0.6014335948066,0.6783878820665404,9.659311868393488,8.490399694762065,MG,Sudeste
3152501,2018,hybrid,hybrid_bvr,2.0,0.12943438764007692,0.280514931254926,0.21294700664972593,0.870565612359923,0.719485068745074,0.15108054361484907,0.4353976962628903,0.3361761403209529,0.5557829801145652,11.780009343746803,10.08206562101907,MG,Sudeste
3153103,2018,hybrid,hybrid_bvr,2.0,0.08771929824561403,0.24259055982436883,0.13925438596491227,0.9122807017543859,0.7574094401756312,0.1548712615787548,0.6583044982698962,0.6031570202160067,0.6624203821656051,8.619208116822968,8.346042527174646,MG,Sudeste
3153202,2018,hybrid,hybrid_bvr,2.0,0.1782069970845481,0.48802190280629704,0.28578221588207325,0.8217930029154519,0.5119780971937029,0.30981490572174897,0.7793296089385475,0.7051823416506718,0.7689059500959693,8.270781013162674,8.775612988794078,MG,Sudeste
3154150,2018,hybrid,hybrid_bvr,2.0,0.13210870659285354,0.30357142857142855,0.18420591840308176,0.8678912934071464,0.6964285714285714,0.171462721978575,0.5630482456140351,0.45690376569037655,0.60139470013947,8.790116892892472,8.885786477263089,MG,Sudeste
3154309,2018,hybrid,hybrid_bvr,2.0,0.16322339011719222,0.3364241080427333,0.22763247154594105,0.8367766098828078,0.6635758919572667,0.1732007179255411,0.4168640964893388,0.3202049311559398,0.5152097342299071,9.746190260646909,9.195893963761362,MG,Sudeste
3155405,2018,hybrid,hybrid_bvr,2.0,0.38523735002608245,0.42083818393480793,0.40184217761891666,0.6147626499739176,0.5791618160651921,0.03560083390872548,0.5547892720306513,0.4688588007736944,0.6636363636363637,9.072456664612796,8.793899269460725,MG,Sudeste
3155504,2018,hybrid,hybrid_bvr,2.0,0.2025026705325805,0.3279427359490986,0.24830524888630642,0.7974973294674195,0.6720572640509014,0.12544006541651812,0.6117798106242979,0.6072887726752737,0.697989867625429,9.383032379794294,10.063360156508212,MG,Sudeste
3155900,2018,hybrid,hybrid_bvr,2.0,0.27373364642737336,0.35460674157303373,0.30829811755666536,0.7262663535726266,0.6453932584269663,0.08087309514566038,0.6678378378378378,0.5872455902306648,0.7478968792401628,8.573951525234847,8.789191692621129,MG,Sudeste
3156106,2018,hybrid,hybrid_bvr,2.0,0.44401679496151153,0.6821428571428572,0.5320555188367482,0.5559832050384885,0.31785714285714284,0.23812606218134563,0.49923803718378545,0.41383532292623204,0.5329048056320783,8.502079553606189,8.729155685300778,MG,Sudeste
3156304,2018,hybrid,hybrid_bvr,2.0,0.1435261062982908,0.30141509433962266,0.19586983729662077,0.8564738937017092,0.6985849056603773,0.15788898804133186,0.6691015339663988,0.6110407698151431,0.7260065839453026,8.834482608620677,10.496547250709975,MG,Sudeste
3157252,2018,hybrid,hybrid_bvr,2.0,0.10260426865087136,0.3091662351113413,0.15914253265190234,0.8973957313491286,0.6908337648886587,0.20656196646046993,0.5918897323212146,0.5565324064608465,0.670415048047434,8.94663520890585,8.489716832765076,MG,Sudeste
3157336,2018,hybrid,hybrid_bvr,2.0,0.21341463414634146,0.4725904693658187,0.3234846177276881,0.7865853658536586,0.5274095306341813,0.2591758352194773,0.4927385892116183,0.37562709030100333,0.5687709030100334,8.970177815492379,8.612907843534169,MG,Sudeste
3157807,2018,hybrid,hybrid_bvr,2.0,0.16780314979737437,0.31786189098302964,0.23978993204791155,0.8321968502026256,0.6821381090169704,0.15005874118565526,0.6206178311236233,0.4139120463067458,0.7891077214314318,12.220675502914107,9.304973909317201,MG,Sudeste
3157906,2018,hybrid,hybrid_bvr,2.0,0.08206686930091185,0.24901408450704227,0.12965195723816414,0.9179331306990881,0.7509859154929577,0.16694721520613043,0.5680264357338195,0.5010543580131209,0.5690018744142455,9.616538544660177,9.24111243438718,MG,Sudeste
3158003,2018,hybrid,hybrid_bvr,2.0,0.04403306973400432,0.20841121495327103,0.10414767547857794,0.9559669302659957,0.7915887850467289,0.16437814521926672,0.6477845351867941,0.5391582312200319,0.6979222163026105,9.26407069439715,9.168835019177784,MG,Sudeste
3158508,2018,hybrid,hybrid_bvr,2.0,0.05473204104903079,0.1880907372400756,0.09276538201487491,0.9452679589509692,0.8119092627599244,0.13335869619104482,0.7079237713139418,0.5999611424130562,0.7548086263843016,8.988321188323683,8.889836845119438,MG,Sudeste
3158904,2018,hybrid,hybrid_bvr,2.0,0.11760094080752646,0.2803030303030303,0.16290550070521861,0.8823990591924735,0.7196969696969697,0.1627020894955038,0.6514129059468579,0.6325262481251339,0.6989500749946432,9.05742226555147,8.672568276994125,MG,Sudeste
3159357,2018,hybrid,hybrid_bvr,2.0,0.15350444225074036,0.3324295010845987,0.20918021680216803,0.8464955577492597,0.6675704989154013,0.1789250588338583,0.5876207887176809,0.48407813754348405,0.6657746855766657,8.786762208441091,9.043093258700438,MG,Sudeste
3160405,2018,hybrid,hybrid_bvr,2.0,0.365116699837163,0.39536225196123675,0.3783715270736159,0.634883300162837,0.6046377480387632,0.03024555212407376,0.3853978789409134,0.32295748077202147,0.46626033957335655,10.164889815967427,9.216289914523413,MG,Sudeste
3161056,2018,hybrid,hybrid_bvr,2.0,0.12096774193548387,0.34650967199327165,0.19655950366610264,0.8790322580645161,0.6534903280067283,0.22554193005778778,0.6042074363992173,0.5159680638722555,0.6996007984031936,8.126222529458525,8.861491445175519,MG,Sudeste
3161809,2018,hybrid,hybrid_bvr,2.0,0.15208411565903115,0.434412265758092,0.2523602033405955,0.8479158843409689,0.565587734241908,0.28232815009906087,0.567406889316314,0.4941586748038361,0.6486486486486487,9.24936875894366,9.189338526193382,MG,Sudeste
3162005,2018,hybrid,hybrid_bvr,2.0,0.24662576687116564,0.3636253189162921,0.2970695776588416,0.7533742331288343,0.6363746810837079,0.11699955204512644,0.43155538977993285,0.3497037037037037,0.48244444444444445,10.081884752437926,9.572958467003433,MG,Sudeste
3162559,2018,hybrid,hybrid_bvr,2.0,0.14708272387453275,0.345766974015088,0.20255239433321626,0.8529172761254673,0.6542330259849121,0.19868425014055524,0.6495343839541547,0.5883733525907203,0.678281278209063,9.234545060673,9.038864617877005,MG,Sudeste
3162575,2018,hybrid,hybrid_bvr,2.0,0.29551045510455104,0.4364988558352403,0.3445243804956035,0.7044895448954489,0.5635011441647597,0.14098840073068925,0.643344709897611,0.564993954050786,0.6429866989117291,8.554103545436334,8.61032816073583,MG,Sudeste
3162609,2018,hybrid,hybrid_bvr,2.0,0.12249299115807634,0.2835515548281506,0.1779816513761468,0.8775070088419237,0.7164484451718494,0.16105856367007426,0.6411994249332512,0.5619144602851324,0.6863543788187373,8.971321471503682,8.556321092384678,MG,Sudeste
3163102,2018,hybrid,hybrid_bvr,2.0,0.17983193277310924,0.44696969696969696,0.26862745098039215,0.8201680672268907,0.553030303030303,0.26713776419658775,0.5730877052462956,0.5089285714285714,0.6367694805194806,8.342363500380579,9.460611431511692,MG,Sudeste
3163300,2018,hybrid,hybrid_bvr,2.0,0.08799617407938785,0.29242174629324547,0.16283987915407855,0.9120038259206121,0.7075782537067545,0.2044255722138576,0.5575342465753425,0.47460757156048017,0.5715604801477377,8.251663923605589,8.639683152154337,MG,Sudeste
3163508,2018,hybrid,hybrid_bvr,2.0,0.08865347086701979,0.2776315789473684,0.14478575621209155,0.9113465291329802,0.7223684210526315,0.1889781080803486,0.6980668916845658,0.653151726322458,0.7196705733291099,8.787678239039497,8.537914000418375,MG,Sudeste
3164100,2018,hybrid,hybrid_bvr,2.0,0.1203883495145631,0.27680965147453085,0.1712851843770456,0.8796116504854369,0.7231903485254692,0.15642130195996773,0.6890117484450587,0.6406850751485494,0.7340090877315624,8.62515033292133,8.584734381356974,MG,Sudeste
3164472,2018,hybrid,hybrid_bvr,2.0,0.1737004632012352,0.36129458388375163,0.22621251388374677,0.8262995367987648,0.6387054161162484,0.18759412068251644,0.6310057655349135,0.6090850927703135,0.6641074856046065,8.655040258108363,8.583787882602149,MG,Sudeste
3165008,2018,hybrid,hybrid_bvr,2.0,0.20458784035807534,0.5005730659025788,0.3207398218112101,0.7954121596419247,0.4994269340974212,0.29598522554450346,0.4527037556490572,0.3695652173913043,0.5183823529411765,9.264923249746474,8.842360953914119,MG,Sudeste
3165305,2018,hybrid,hybrid_bvr,2.0,0.057243364246882,0.22133333333333333,0.1320361362056984,0.942756635753118,0.7786666666666666,0.16408996908645132,0.40143457828345286,0.30969865788807294,0.4996201570017726,8.854807632616227,9.168197585502803,MG,Sudeste
3166303,2018,hybrid,hybrid_bvr,2.0,0.12265758091993186,0.2951566951566952,0.16648911885557754,0.8773424190800682,0.7048433048433048,0.17249911423676334,0.635705950991832,0.5573065902578797,0.6244030563514804,8.871785969150645,8.489108890788282,MG,Sudeste
3167202,2018,hybrid,hybrid_bvr,2.0,0.09890051732578294,0.22023233851790328,0.16406484080249972,0.901099482674217,0.7797676614820968,0.12133182119212034,0.5977368868180664,0.4419740304559769,0.7244726284457098,12.274441322248098,10.210232674400535,MG,Sudeste
3167608,2018,hybrid,hybrid_bvr,2.0,0.09373848987108656,0.2984267453294002,0.14937759336099585,0.9062615101289134,0.7015732546705997,0.20468825545831365,0.5488930805122605,0.4968944099378882,0.5699293210537588,9.81454704323948,8.602697804776984,MG,Sudeste
3168606,2018,hybrid,hybrid_bvr,2.0,0.15265803343921253,0.32412334123982306,0.22961412537324896,0.8473419665607875,0.675876658760177,0.17146530780061053,0.5540053464692277,0.449983596289779,0.6561036714485967,11.811139382331417,9.294469632631621,MG,Sudeste
3168804,2018,hybrid,hybrid_bvr,2.0,0.3004613610149942,0.5518072289156627,0.41477183628665515,0.6995386389850058,0.4481927710843373,0.2513458679006685,0.4488058642705131,0.37105575326215895,0.5973902728351127,8.848078421168667,9.478489425949984,MG,Sudeste
3169000,2018,hybrid,hybrid_bvr,2.0,0.0765380859375,0.22781821758803855,0.13438229315666642,0.9234619140625,0.7721817824119614,0.15128013165053855,0.5495165394402035,0.4888750259929299,0.6042836348513204,9.669219856718984,9.143036650080619,MG,Sudeste
3169307,2018,hybrid,hybrid_bvr,2.0,0.07021552312099304,0.2240654556372917,0.14320111293429408,0.929784476879007,0.7759345443627084,0.15384993251629864,0.3906207510321129,0.29862427091280486,0.5346393325622031,11.194990349347426,9.939659709803175,MG,Sudeste
3169901,2018,hybrid,hybrid_bvr,2.0,0.10813715455475947,0.2417735992885275,0.16771981525034713,0.8918628454452405,0.7582264007114725,0.13363644473376804,0.6883137132610899,0.5864355219281995,0.7748678847916383,11.528001252063948,9.903580634227199,MG,Sudeste
3170057,2018,hybrid,hybrid_bvr,2.0,0.10611787764244715,0.3162108072048032,0.1678307919331038,0.8938821223575528,0.6837891927951968,0.21009292956235606,0.559748427672956,0.5136421319796954,0.6156408629441624,9.395989718862811,8.511763193231692,MG,Sudeste
3170529,2018,hybrid,hybrid_bvr,2.0,0.12918236206514513,0.4066168623265742,0.2354064375340971,0.8708176379348549,0.5933831376734258,0.277434500261429,0.7768714011516314,0.7170336037079954,0.7749710312862109,9.518119146127086,8.405310094086406,MG,Sudeste
3170578,2018,hybrid,hybrid_bvr,2.0,0.09525949224893282,0.260343087790111,0.1458721291123526,0.9047405077510672,0.739656912209889,0.16508359554117819,0.6772151898734177,0.6132386507735227,0.7151914785696171,8.773539383558166,8.577903390932269,MG,Sudeste
3171030,2018,hybrid,hybrid_bvr,2.0,0.23628499886182563,0.5004251700680272,0.3279538051525022,0.7637150011381744,0.4995748299319728,0.2641401712062016,0.8142224409448819,0.7933215279534531,0.829496584872249,9.029537661151497,8.673088266534737,MG,Sudeste
3171105,2018,hybrid,hybrid_bvr,2.0,0.23451071221771858,0.3227360308285164,0.26734104046242774,0.7654892877822814,0.6772639691714837,0.0882253186107978,0.6024734982332155,0.5819339895773017,0.6485234510712218,8.155649270366002,9.909184758000393,MG,Sudeste
3171501,2018,hybrid,hybrid_bvr,2.0,0.08431952662721894,0.28792569659442724,0.15,0.915680473372781,0.7120743034055728,0.20360616996720832,0.6325581395348837,0.5512422360248447,0.667184265010352,8.122668023346407,8.599743594465242,MG,Sudeste
3171907,2018,hybrid,hybrid_bvr,2.0,0.13604972375690608,0.3937635968092821,0.21913002806361084,0.863950276243094,0.6062364031907179,0.25771387305237603,0.7763157894736842,0.7334938101788171,0.7895460797799174,8.640825751861513,8.48988847459794,MG,Sudeste
5100250,2018,hybrid,hybrid_bvr,2.0,0.14520339868040064,0.33386381721041264,0.23102387048387513,0.8547966013195993,0.6661361827895873,0.188660418530012,0.3735607840117063,0.36204787030664526,0.40165940200351763,10.802916927334872,9.539050422125687,MT,Centro-Oeste
5100300,2018,hybrid,hybrid_bvr,2.0,0.5987361769352291,0.6993656196812625,0.6522203947368421,0.40126382306477093,0.30063438031873746,0.10062944274603347,0.35244806220386343,0.3097131838997349,0.41793203181489513,9.657842735875406,10.495714047067665,MT,Centro-Oeste
5101308,2018,hybrid,hybrid_bvr,2.0,0.1966868875408306,0.34472934472934474,0.2631039343842112,0.8033131124591694,0.6552706552706553,0.14804245718851414,0.4099980623910095,0.38416477702191987,0.4688208616780045,9.241451367001236,9.04167848839393,MT,Centro-Oeste
5101803,2018,hybrid,hybrid_bvr,2.0,0.11681317006249682,0.29542160456986954,0.21382729779198814,0.8831868299375032,0.7045783954301305,0.17860843450737274,0.5249621785173979,0.4367055545881943,0.6165767020720878,10.943057300570455,9.655020526446103,MT,Centro-Oeste
5102504,2018,hybrid,hybrid_bvr,2.0,0.208699135427446,0.43712367201538416,0.32614616432137994,0.791300864572554,0.5628763279846158,0.22842453658793815,0.5802166167205456,0.5092982777574203,0.629099486991572,11.384432785255356,9.22900925707256,MT,Centro-Oeste
5105622,2018,hybrid,hybrid_bvr,2.0,0.2568627450980392,0.39745284152348914,0.31665643544096583,0.7431372549019608,0.6025471584765109,0.14059009642544995,0.4391177822024812,0.41277089783281734,0.4807275541795666,10.138520148242751,9.517664043327862,MT,Centro-Oeste
5107925,2018,hybrid,hybrid_bvr,2.0,0.25221481771854176,0.4076143669842125,0.3357657625031688,0.7477851822814583,0.5923856330157875,0.15539954926567073,0.510418057967143,0.4846342473169644,0.5761918410241712,11.105272966266629,10.224764290385174,MT,Centro-Oeste
5107958,2018,hybrid,hybrid_bvr,2.0,0.16192699490662138,0.33814578044229654,0.2496307912486107,0.8380730050933787,0.6618542195577035,0.17621878553567516,0.41691739438859127,0.3870967741935484,0.5043944369325865,11.331775221920417,9.772842659239663,MT,Centro-Oeste
3300258,2018,hybrid,hybrid_bvr,2.0,0.2191770916190614,0.3946174404872895,0.3134293447388646,0.7808229083809386,0.6053825595127105,0.17544034886822807,0.4449478649453823,0.3101772441395083,0.6620926243567753,10.229729061853906,9.577481015610177,RJ,Sudeste
3301207,2018,hybrid,hybrid_bvr,2.0,0.44261006289308175,0.5813062066932035,0.5076624367242216,0.5573899371069182,0.41869379330679646,0.1386961438001218,0.6160441509805854,0.5371451182114947,0.7157978039370858,9.76617760157152,9.633592132012275,RJ,Sudeste
3303005,2018,hybrid,hybrid_bvr,2.0,0.29130273183423155,0.45527891038431506,0.37531339541547276,0.7086972681657684,0.5447210896156849,0.1639761785500835,0.5422993492407809,0.4522144522144522,0.6554112554112554,10.197760358311859,9.132408028894924,RJ,Sudeste
3306206,2018,hybrid,hybrid_bvr,2.0,0.3861963800304979,0.5568489979495999,0.4714370821473489,0.6138036199695021,0.44315100205040014,0.17065261791910197,0.47593240380351776,0.3778719714849959,0.660661817831511,10.446102498791525,9.565956051226957,RJ,Sudeste
4300406,2018,hybrid,hybrid_bvr,2.0,0.26555371565678754,0.42026081529415626,0.34362157035656643,0.7344462843432125,0.5797391847058437,0.15470709963736873,0.49332977588046956,0.48664492242595203,0.5807916078984485,11.260005462730717,9.525695121472014,RS,Sul
4301206,2018,hybrid,hybrid_bvr,2.0,0.22963592576852246,0.37023121387283237,0.2758292937933656,0.7703640742314776,0.6297687861271677,0.1405952881043099,0.6764348249027238,0.6856432566811684,0.7469235550031075,9.445254378889308,9.605511267635453,RS,Sul
4301602,2018,hybrid,hybrid_bvr,2.0,0.10510820608590575,0.21947655679229877,0.16280761172805333,0.8948917939140942,0.7805234432077013,0.11436835070639302,0.4223467673599239,0.41277058858608145,0.5313226787524599,11.668166978193774,9.308242280072246,RS,Sul
4302105,2016,hybrid,hybrid_bvr,2.0,0.1285079122245064,0.2586054916479351,0.19616632464718492,0.8714920877754936,0.7413945083520649,0.13009757942342873,0.4350242680444653,0.4121084290289821,0.5387235372236544,11.583178874977904,10.39513503191545,RS,Sul
4302352,2018,hybrid,hybrid_bvr,2.0,0.09506041222459133,0.23286384976525823,0.15432036382011116,0.9049395877754087,0.7671361502347418,0.1378034375406669,0.48706074639062924,0.4988205910919939,0.5645899819619814,9.374922172292127,9.9841786337216,RS,Sul
4303004,2018,hybrid,hybrid_bvr,2.0,0.27141904656072896,0.43123322761649185,0.3473214804485503,0.7285809534392711,0.5687667723835081,0.1598141810557629,0.4624034284141619,0.4323790527592006,0.5453674371309007,11.336510430280342,9.587365373011517,RS,Sul
4303509,2018,hybrid,hybrid_bvr,2.0,0.4095225620538346,0.5270538175136599,0.4568718158927212,0.5904774379461655,0.4729461824863401,0.11753125545982529,0.4670156522644998,0.46920375321067254,0.5486973842847408,11.047136939678959,9.70994561201125,RS,Sul
4303905,2018,hybrid,hybrid_bvr,2.0,0.48857089060440595,0.5952279008212993,0.5408311648553498,0.511429109395594,0.4047720991787007,0.10665701021689333,0.5073548521232912,0.4900745050010206,0.6281894264135538,11.003332414606783,10.28185797160476,RS,Sul
4304507,2018,hybrid,hybrid_bvr,2.0,0.43132169880400295,0.5527600134634804,0.46350144382512926,0.568678301195997,0.44723998653651964,0.12143831465947741,0.4726476389372317,0.4902408637873754,0.5606905552918842,10.882922083374908,9.103917395421442,RS,Sul
4304630,2018,hybrid,hybrid_bvr,2.0,0.41576896630758653,0.6076298375777021,0.518087751664394,0.5842310336924135,0.39237016242229794,0.19186087127011553,0.4142959384505278,0.4053945965161749,0.5078652683967295,10.646376824990888,9.65171342230563,RS,Sul
4304705,2018,hybrid,hybrid_bvr,2.0,0.262189337886549,0.42727724475364093,0.35340159079370453,0.737810662113451,0.5727227552463591,0.1650879068670919,0.4541699012975491,0.4179955703211517,0.5302879291251384,10.990651221810495,9.879273587787724,RS,Sul
4304903,2018,hybrid,hybrid_bvr,2.0,0.6622868325412357,0.6855657340925971,0.6743667147919674,0.33771316745876434,0.31443426590740287,0.023278901551361475,0.46599232647366584,0.4607329842931937,0.5343924896190648,9.065430200180375,10.117153901142247,RS,Sul
4305355,2018,hybrid,hybrid_bvr,2.0,0.12215255178982459,0.26738010305192234,0.19477378167254847,0.8778474482101755,0.7326198969480777,0.14522755126209774,0.4763504361488866,0.44685807150595885,0.5929035752979415,10.472204654717896,10.12970677681634,RS,Sul
4306106,2018,hybrid,hybrid_bvr,2.0,0.1421376608841634,0.2647950231296858,0.2056937145694542,0.8578623391158366,0.7352049768703142,0.12265736224552237,0.47505272505272506,0.45061199679496033,0.5629265327549526,11.048044691463234,10.030442233084768,RS,Sul
4306403,2018,hybrid,hybrid_bvr,2.0,0.14593047034764825,0.27718290241142163,0.20949649995783082,0.8540695296523517,0.7228170975885784,0.13125243206377338,0.5648578811369509,0.5522901624548736,0.6251128158844765,10.224556044005542,10.444314851309475,RS,Sul
4306601,2018,hybrid,hybrid_bvr,2.0,0.20750320400792263,0.2994350282485876,0.24688527858068374,0.7924967959920773,0.7005649717514124,0.09193182424066496,0.5425821115022951,0.5381916688871126,0.5997868371969092,10.56869811440305,9.680483780130473,RS,Sul
4306809,2018,hybrid,hybrid_bvr,2.0,0.6204909530943875,0.7259151134066921,0.6738895524085765,0.3795090469056125,0.2740848865933079,0.10542416031230462,0.5075792730085074,0.48776237623762375,0.5908118811881188,9.928667851066427,9.969577465936652,RS,Sul
4307005,2018,hybrid,hybrid_bvr,2.0,0.24958206029861071,0.424208760315589,0.34723808073888,0.7504179397013893,0.5757912396844109,0.1746267000169783,0.49037114845938373,0.4750391250065941,0.5768344792417661,11.47300931005337,10.124647600442506,RS,Sul
4307609,2018,hybrid,hybrid_bvr,2.0,0.34540942928039703,0.43250527302554487,0.3875383392025446,0.6545905707196029,0.5674947269744551,0.08709584374514784,0.509030667905774,0.5016422334374749,0.6077064808139069,10.658999017292624,9.947907145537584,RS,Sul
4307708,2018,hybrid,hybrid_bvr,2.0,0.20778156549101875,0.3222021896475138,0.2713307852170501,0.7922184345089812,0.6777978103524862,0.11442062415649504,0.5657792610990375,0.522365712146734,0.6788695489425416,11.299175158672613,10.164353288083854,RS,Sul
4307807,2018,hybrid,hybrid_bvr,2.0,0.5680194805194805,0.6164648190801694,0.5931513224230203,0.4319805194805195,0.38353518091983063,0.04844533856068889,0.4981580886222503,0.47167755991285404,0.5837223778400249,10.32937601028517,10.236258931236241,RS,Sul
4307906,2018,hybrid,hybrid_bvr,2.0,0.39071696622555796,0.5159244086163605,0.45884977243699293,0.609283033774442,0.48407559138363954,0.1252074423908025,0.4375731030535301,0.42890136088209,0.5257524585278633,11.060918912426148,10.279566170106088,RS,Sul
4308508,2018,hybrid,hybrid_bvr,2.0,0.11877300613496933,0.24748022949294465,0.18481375358166188,0.8812269938650307,0.7525197705070553,0.12870722335797533,0.5517104442049129,0.5345776365802463,0.6039031031939638,10.269622608180354,9.97643450505521,RS,Sul
4308904,2018,hybrid,hybrid_bvr,2.0,0.5063478004133452,0.5875,0.5459042194409054,0.49365219958665485,0.4125,0.08115219958665487,0.3710895361380798,0.37528672584023137,0.43652139224094944,9.689922976002242,9.798979575294165,RS,Sul
4309100,2018,hybrid,hybrid_bvr,2.0,0.2661581694098756,0.3659800097513408,0.3183963768578172,0.7338418305901244,0.6340199902486592,0.09982184034146524,0.30896382355719276,0.28582198558168026,0.4119116053338359,10.3819862463277,10.240375795677826,RS,Sul
4309209,2018,hybrid,hybrid_bvr,2.0,0.1943899568458219,0.3584292581924784,0.27877437678833505,0.8056100431541782,0.6415707418075216,0.1640393013466565,0.4336074272471971,0.4202069638602635,0.5855771162844102,12.451603715722012,10.258962743185506,RS,Sul
4310108,2018,hybrid,hybrid_bvr,2.0,0.47009890613742056,0.5308334050055904,0.4963560645497137,0.5299010938625794,0.4691665949944096,0.06073449886816984,0.5235049243578028,0.507556993378153,0.626143658696861,10.362809333435003,10.380922636129435,RS,Sul
4310207,2018,hybrid,hybrid_bvr,2.0,0.41330247123698005,0.543738646684832,0.4843396985546718,0.58669752876302,0.45626135331516804,0.1304361754478519,0.5410448540001253,0.5201501094548108,0.617908891900344,11.276126602833017,9.933953887917882,RS,Sul
4310330,2018,hybrid,hybrid_bvr,2.0,0.2198729058347776,0.3205691567273488,0.27270231689908864,0.7801270941652224,0.6794308432726512,0.10069625089257123,0.44849281622687576,0.4225878833208676,0.5287958115183246,9.779623565313742,9.561602845424666,RS,Sul
4310504,2018,hybrid,hybrid_bvr,2.0,0.07906036877999495,0.2143184947223497,0.1270358306188925,0.9209396312200051,0.7856815052776502,0.13525812594235476,0.6083829874666119,0.6015212338897106,0.649059792943165,8.996899596123358,9.166886895529544,RS,Sul
4310603,2018,hybrid,hybrid_bvr,2.0,0.21917355371900826,0.3906744775174161,0.2971366828741221,0.7808264462809917,0.609325522482584,0.1715009237984078,0.5130722178374112,0.5025623505295524,0.5978817902289033,10.54951691976812,9.796448436017291,RS,Sul
4311403,2018,hybrid,hybrid_bvr,2.0,0.36720225022155434,0.468614845119813,0.4247478858965626,0.6327977497784456,0.531385154880187,0.10141259489825866,0.5321288066443246,0.49454683101090635,0.6110624807778751,11.17668320190307,10.297455179807612,RS,Sul
4311809,2018,hybrid,hybrid_bvr,2.0,0.6228891726976018,0.7022701677434651,0.6658811376182329,0.3771108273023982,0.29772983225653493,0.07938099504586327,0.42456608811748997,0.4095348837209302,0.4937674418604651,10.50133455324175,10.320304041752326,RS,Sul
4312401,2018,hybrid,hybrid_bvr,2.0,0.45285277297512966,0.5878364662417279,0.5232999215918964,0.5471472270248703,0.4121635337582721,0.13498369326659826,0.4689848239280978,0.4476659052304809,0.5718092895214666,10.992301998724127,10.341258617614129,RS,Sul
4313409,2018,hybrid,hybrid_bvr,2.0,0.20028462691233706,0.34327350153395303,0.26942729224572676,0.7997153730876629,0.656726498466047,0.14298887462161597,0.475056372812198,0.45203759556708983,0.5978887564003648,12.383967753371214,10.050729248795408,RS,Sul
4313508,2018,hybrid,hybrid_bvr,2.0,0.4134524372929484,0.5615844852486074,0.49247933884297523,0.5865475627070516,0.4384155147513926,0.14813204795565899,0.5279838165879973,0.5019596975335524,0.6089710598202621,10.619032030538111,10.31855858641429,RS,Sul
4314001,2018,hybrid,hybrid_bvr,2.0,0.6806419914837865,0.7466666666666667,0.7140554480980013,0.31935800851621354,0.2533333333333333,0.06602467518288024,0.44694323144104803,0.44874715261959,0.5369020501138952,8.826441041782578,9.955592686992862,RS,Sul
4314050,2018,hybrid,hybrid_bvr,2.0,0.5576881229055142,0.6599180069378745,0.5993974352371633,0.44231187709448583,0.3400819930621255,0.10222988403236033,0.6296010927047946,0.6246123096009374,0.7071128265214695,10.849375920849226,9.55864067012739,RS,Sul
4314100,2018,hybrid,hybrid_bvr,2.0,0.2173963631528207,0.3610406239087417,0.3018330663819185,0.7826036368471793,0.6389593760912583,0.143644260755921,0.5265979266109785,0.4939812217797927,0.6102185887827263,12.127170120934132,9.95802617301125,RS,Sul
4314803,2018,hybrid,hybrid_bvr,2.0,0.08948929159802306,0.24066728884741018,0.14400572486950666,0.9105107084019769,0.7593327111525898,0.15117799724938713,0.5461017537766973,0.5463717722168386,0.644074559653423,10.339158502701359,10.111848378376491,RS,Sul
4315701,2018,hybrid,hybrid_bvr,2.0,0.4265582353924135,0.4940047961630695,0.4542261611685541,0.5734417646075864,0.5059952038369304,0.06744656077065603,0.6221813358435668,0.5989971715093855,0.6805091283106197,10.534519939024273,9.365822550756578,RS,Sul
4316600,2018,hybrid,hybrid_bvr,2.0,0.45326971653101317,0.5966400814525709,0.5179668304668305,0.5467302834689869,0.40335991854742914,0.1433703649215577,0.44247005694089925,0.45770377222736147,0.5073491622982835,9.640368002912599,9.80463601552601,RS,Sul
4316808,2018,hybrid,hybrid_bvr,2.0,0.2920295126260002,0.4124620898814447,0.35594030433086227,0.7079704873739998,0.5875379101185553,0.12043257725544454,0.6131163368043583,0.5638600579930083,0.7321752798027154,11.681604382723025,10.471165676639076,RS,Sul
4316907,2018,hybrid,hybrid_bvr,2.0,0.2308264796407488,0.3944916491128415,0.3313765064332706,0.7691735203592512,0.6055083508871585,0.16366516947209273,0.46341283616697604,0.42424401615392193,0.5831697146797123,12.472394453198124,9.638760472613678,RS,Sul
4317202,2018,hybrid,hybrid_bvr,2.0,0.38843753679500764,0.5513282732447817,0.47861721130608387,0.6115624632049923,0.44867172675521827,0.1628907364497741,0.4571421529968454,0.44751381215469616,0.538454016525693,11.135858291382576,9.983806345289132,RS,Sul
4317301,2018,hybrid,hybrid_bvr,2.0,0.40466007963427225,0.5285066263452816,0.4605528245628173,0.5953399203657277,0.47149337365471844,0.12384654671100931,0.4572784810126582,0.4519437832936643,0.5476028561713703,10.341419850781794,9.585267538859917,RS,Sul
4317400,2018,hybrid,hybrid_bvr,2.0,0.5371300644315824,0.5969529717648132,0.5695262229509825,0.4628699355684176,0.4030470282351868,0.05982290733323081,0.5016148636916131,0.48093851927191106,0.5840844527057834,10.801023507926635,9.320048578671146,RS,Sul
4317509,2018,hybrid,hybrid_bvr,2.0,0.4236684239229231,0.5517181078954271,0.4946064399268999,0.5763315760770769,0.4482818921045729,0.128049683972504,0.5808518081245354,0.5488452002957679,0.6741551041711974,11.242100509584871,9.666811351983515,RS,Sul
4317608,2018,hybrid,hybrid_bvr,2.0,0.5197316702478906,0.545007276003049,0.5306000656461671,0.4802683297521094,0.454992723996951,0.025275605755158415,0.5019343986543314,0.48784032140872763,0.5526349531991281,10.588728561524976,9.57785268731926,RS,Sul
4317905,2018,hybrid,hybrid_bvr,2.0,0.5602197492604593,0.5767506036564333,0.5676073809893006,0.43978025073954075,0.42324939634356673,0.016530854395974015,0.5470742868269886,0.5548336286670604,0.6081905886985627,9.573454539543818,9.857007279370043,RS,Sul
4318002,2018,hybrid,hybrid_bvr,2.0,0.15777507741758456,0.30825010855405993,0.22895955541833898,0.8422249225824154,0.6917498914459401,0.15047503113647537,0.5974007707671102,0.579544513457557,0.6614768806073154,11.029569083193783,9.675802604153798,RS,Sul
4318309,2018,hybrid,hybrid_bvr,2.0,0.25376102044644533,0.4172975112562466,0.3240995457744226,0.7462389795535547,0.5827024887437534,0.16353649080980126,0.4723049778729066,0.45366022298406844,0.5702803145976779,11.009158205571683,9.71108306197268,RS,Sul
4318705,2018,hybrid,hybrid_bvr,2.0,0.20630650550314467,0.34568934029291515,0.2774276573737762,0.7936934944968553,0.6543106597070849,0.13938283478977048,0.5508145849495734,0.5212048863952887,0.6743623413314234,12.274137753444233,9.943230562456362,RS,Sul
4318804,2018,hybrid,hybrid_bvr,2.0,0.4583189803651395,0.5350732816051414,0.48550785049326106,0.5416810196348605,0.46492671839485855,0.07675430124000193,0.540442627066968,0.5674058682334396,0.6306022283523806,10.671533463946282,9.328610403688247,RS,Sul
4318903,2018,hybrid,hybrid_bvr,2.0,0.2303438496986884,0.39809087437953417,0.31105719747096017,0.7696561503013116,0.6019091256204658,0.16774702468084576,0.5821244735610669,0.5629385275945125,0.6359828254267462,10.450336475478775,9.624713480656105,RS,Sul
4319802,2018,hybrid,hybrid_bvr,2.0,0.35731021555763826,0.417201540436457,0.3824803682642838,0.6426897844423618,0.5827984595635429,0.059891324878818764,0.555098845175181,0.5310577495534828,0.6150029767811074,9.040737587590003,9.397851834405655,RS,Sul
4319901,2018,hybrid,hybrid_bvr,2.0,0.31204234429421607,0.46753194242277213,0.37478557775563215,0.6879576557057839,0.5324680575772278,0.15548959812855606,0.5279118457300276,0.5220364741641338,0.6364307425097698,11.225043372515781,9.95042738219903,RS,Sul
4320701,2018,hybrid,hybrid_bvr,2.0,0.22688289412131607,0.28395295902883155,0.25260996063665925,0.7731171058786839,0.7160470409711684,0.05707006490751548,0.47773327049952874,0.4830318079697292,0.5760908123448031,9.566825297862628,9.63664221353464,RS,Sul
4321204,2018,hybrid,hybrid_bvr,2.0,0.28587289603410754,0.3907606989641101,0.33401388321763986,0.7141271039658925,0.6092393010358899,0.10488780293000255,0.45548667683619487,0.44371244014525824,0.5412154127968635,10.908576397569082,9.558778606652735,RS,Sul
4321501,2018,hybrid,hybrid_bvr,2.0,0.27065779748706575,0.4601269841269841,0.3724606507562566,0.7293422025129342,0.5398730158730158,0.18946918663991835,0.4452132021320213,0.436122676957449,0.5622016857926272,10.453226149800717,9.587321930576262,RS,Sul
4321600,2018,hybrid,hybrid_bvr,2.0,0.17661813621244343,0.3277748211223464,0.24911355061980542,0.8233818637875565,0.6722251788776537,0.15115668490990297,0.4713370046041347,0.4461111359871043,0.5530828818340572,10.635494804302787,9.36504672967432,RS,Sul
4322400,2018,hybrid,hybrid_bvr,2.0,0.2462710250714059,0.4067661941203529,0.33260526908353977,0.753728974928594,0.5932338058796471,0.160495169048947,0.404837891848361,0.37435709575793097,0.5083888929591911,11.739542975095938,9.40147681847212,RS,Sul
4322509,2018,hybrid,hybrid_bvr,2.0,0.2262305595638929,0.3644075526771869,0.2908276450511945,0.7737694404361071,0.6355924473228132,0.13817699311329398,0.3614605886827784,0.3495391019922688,0.43794231341064527,11.02422004228832,9.893596437105526,RS,Sul
3501152,2018,hybrid,hybrid_bvr,2.0,0.19585879158180583,0.3081684670469717,0.2613403156181445,0.8041412084181941,0.6918315329530282,0.11230967546516588,0.5719410509986427,0.4603013217487753,0.6896201127645808,9.73145290361031,11.44067910729904,SP,Sudeste
3502754,2018,hybrid,hybrid_bvr,2.0,0.3991607658012064,0.5533625730994152,0.4790956170266515,0.6008392341987936,0.44663742690058483,0.15420180729820876,0.4250561797752809,0.3449791254669303,0.5453746429356185,9.745663467342562,11.03284879008222,SP,Sudeste
3506607,2018,hybrid,hybrid_bvr,2.0,0.21853045706256716,0.3738634337671599,0.29326242655573187,0.7814695429374329,0.6261365662328401,0.15533297670459276,0.36578431991913574,0.31350634589884446,0.4771105638694197,10.260287488663012,9.323100216608868,SP,Sudeste
3511508,2018,hybrid,hybrid_bvr,2.0,0.737335158896015,0.7740751473002995,0.7593326200734465,0.262664841103985,0.22592485269970053,0.036739988404284496,0.3222735926026652,0.2681146359048306,0.4209625090122567,10.58701359805202,10.28985276741617,SP,Sudeste
3515186,2018,hybrid,hybrid_bvr,2.0,0.2109453993933266,0.34802758620689656,0.2841320804736516,0.7890546006066734,0.6519724137931034,0.13708218681356996,0.31958209448298647,0.24877551020408165,0.40048979591836736,10.64320815639566,9.886773857069224,SP,Sudeste
3518305,2018,hybrid,hybrid_bvr,2.0,0.1740596167494677,0.3366120218579235,0.2605265343410016,0.8259403832505323,0.6633879781420765,0.16255240510845578,0.38110457683456916,0.3576096518788488,0.5435465627749152,10.159833744678057,10.669057072952224,SP,Sudeste
3518859,2018,hybrid,hybrid_bvr,2.0,0.15962603878116344,0.31785028790786946,0.23466229746950665,0.8403739612188366,0.6821497120921305,0.15822424912670602,0.5749148694665154,0.5055069189494493,0.6026546173397346,8.848796450925947,9.89230699354276,SP,Sudeste
3528403,2018,hybrid,hybrid_bvr,2.0,0.2818171309675182,0.4192986819199204,0.3557088245515545,0.7181828690324819,0.5807013180800795,0.13748155095240222,0.533351305553416,0.43916578828489683,0.6192967926517091,10.67412803996107,10.207846075165055,SP,Sudeste
3530607,2018,hybrid,hybrid_bvr,2.0,0.2696600314156325,0.4336927371244048,0.3760602109448626,0.7303399685843674,0.5663072628755952,0.16403270570877232,0.39017950404270957,0.31579170873951323,0.5632225126690384,12.868190868699887,10.094710570258925,SP,Sudeste
3543402,2018,hybrid,hybrid_bvr,2.0,0.15909420242125646,0.325,0.26817035255470173,0.8409057975787435,0.675,0.16590579757874355,0.3904063661058235,0.3026453464534645,0.5511045510455105,13.312457978991738,10.316661593593182,SP,Sudeste
3545803,2018,hybrid,hybrid_bvr,2.0,0.19749736648897118,0.31310770502175794,0.26140459824264617,0.8025026335110288,0.6868922949782421,0.11561033853278677,0.6024426493039056,0.49361860757134307,0.7313242492912289,12.100762128622389,9.868238321406432,SP,Sudeste
3548104,2018,hybrid,hybrid_bvr,2.0,0.1152317880794702,0.23843566021867116,0.1695072248981104,0.8847682119205298,0.7615643397813289,0.12320387213920096,0.3803026544281816,0.30343607882769075,0.4171298635674583,8.68996933536666,9.484759717945487,SP,Sudeste
3550605,2018,hybrid,hybrid_bvr,2.0,0.3204477267482114,0.4331977796907002,0.38408698711612244,0.6795522732517886,0.5668022203092997,0.1127500529424888,0.3798344218116487,0.3171176357704855,0.49489061600460565,11.274934737803758,9.824985811549887,SP,Sudeste
3551009,2018,hybrid,hybrid_bvr,2.0,0.11945817350250812,0.25383046377627755,0.19647165793503032,0.8805418264974919,0.7461695362237224,0.13437229027376943,0.5308972495710992,0.40421052631578946,0.6823630504833512,12.714229711861885,9.221166069298878,SP,Sudeste
3552106,2018,hybrid,hybrid_bvr,2.0,0.3144230769230769,0.4166313708880418,0.36306524222267017,0.6855769230769231,0.5833686291119582,0.10220829396496489,0.243713827148485,0.20151996820981521,0.3385654679117822,10.510150489874295,9.383935362250222,SP,Sudeste
