id_municipio,pc1_score,pt_share_mean_runoff,pt_share_mean_first_round,left_coalition_share_mean_first_round
1100015,0.5002555560360863,0.5001571144124196,0.45857229013162826,0.5091884253768312
1100023,0.44700353922378894,0.4490332996901527,0.3834222208666758,0.46176274377578425
1100031,0.4855694765906824,0.48574042440654663,0.45556337158828986,0.5156351637169736
1100049,0.42271461662644627,0.42356180424980155,0.36390479453471697,0.46224832874420674
1100056,0.33451277707384086,0.33565995329381115,0.3010100792621629,0.362557528980384
1100064,0.4909580917285843,0.49085374582375757,0.4416099843303183,0.5071588672909728
1100072,0.4716220362830341,0.4720209809944207,0.42648552442394005,0.4894330760987431
1100080,0.5775825900760445,0.5789850538886429,0.5271800963316767,0.5747904565832339
1100098,0.4264748600423588,0.4268523314764628,0.3929129655047072,0.4455019609119077
1100106,0.5657353852626518,0.5646356156758444,0.4750658578688632,0.6247944668466965
1100114,0.3857047153107776,0.3864628852428987,0.334516867396115,0.40003199842017284
1100122,0.4616554577295737,0.4635376865235849,0.37933385689166693,0.4988569298594117
1100130,0.4582384339737038,0.4598883733597731,0.4283926319580056,0.46840070244406434
1100148,0.4236048771061086,0.4250293439878481,0.3993712011832318,0.44588321600173764
1100155,0.43166083402197075,0.4328773678670163,0.382431163241101,0.4574579082884728
1100189,0.4157229630579865,0.41642640869248354,0.3527583509799069,0.4570074737397673
1100205,0.5803154528430001,0.5793603797471759,0.47268130531025965,0.6681911789702255
1100254,0.4881334525675215,0.48889456661810765,0.4338020186037121,0.5240849839559137
1100262,0.4667790210813294,0.47071400632120275,0.4189481827174362,0.4751551580069176
1100288,0.4901765627348879,0.49185543831445755,0.4369560360996534,0.5196441130177676
1100296,0.4856782885459765,0.4871969957683447,0.44834410968468186,0.505070202687306
1100304,0.43151930816390327,0.4322370604672081,0.35635515273953783,0.46573634415866255
1100320,0.4688204947330914,0.4692441304858945,0.4436375189838977,0.4844412960320015
1100338,0.42289705242171105,0.4272155631777304,0.39031584728033203,0.4305955084202531
1100346,0.5032118946536738,0.5054356765555981,0.4644405526837649,0.5132017496169073
1100379,0.4778530137052467,0.4798146304288436,0.4632134258469213,0.5141579301096161
1100403,0.525406310615127,0.5270068876980912,0.4907631713300384,0.528468164275184
1100452,0.42459032487004844,0.42713208222274074,0.39574572721159224,0.4277489926368328
1100502,0.5762442611071281,0.5765750633729829,0.5355721651447943,0.5880750153689376
1100601,0.44095602692593155,0.44225233157511484,0.4002811909091712,0.4564023520429752
1100700,0.4763787948146265,0.47915748474251424,0.4440353143810463,0.47416570035731426
1100809,0.6544230032023828,0.6542933916217689,0.5756605399199857,0.6951181251661717
1100908,0.598500829343043,0.5999049779534554,0.5515241683606211,0.606923093728109
1100924,0.48022557740604843,0.48108255894372487,0.412110507876593,0.4714781031641088
1100940,0.40898948681461444,0.41184529456103575,0.37861114091100073,0.41152232219250523
1101005,0.4098687611794397,0.41281860650982566,0.37848091156881053,0.417469427223008
1101104,0.6080987170152761,0.6090743553726027,0.5390485401147344,0.6054506584255926
1101203,0.4879883050431281,0.4892831650964587,0.46325760555421347,0.5049159778619229
1101302,0.47283080404724565,0.47433496431939365,0.44659414303286266,0.4883163494030383
1101401,0.445962525836452,0.44866806563477296,0.4063003038895116,0.4516540443065577
1101435,0.518885518432587,0.5193550850220315,0.49476111100042724,0.5326936580355385
1101450,0.5303990871664598,0.5317654206793893,0.5122630964029455,0.5490450285889922
1101468,0.47498383930686067,0.47606070490143143,0.4257701393925311,0.48986708731646966
1101476,0.4420416522442806,0.44360450424394254,0.4041859340388549,0.47975736966659993
1101484,0.40184604342417274,0.402545670090283,0.3690657799932599,0.4302668461552525
1101492,0.4705198710483697,0.4741464571427465,0.43073800034021764,0.46459353221229316
1101500,0.5113614797601317,0.5115903937224561,0.48223305820817214,0.5188886059069422
1101559,0.42772248324980255,0.43067142998820657,0.4153686126027714,0.45351853128420955
1101609,0.4158592708295721,0.41764692401160636,0.3849433437681515,0.4314333554044886
1101708,0.45003707446312063,0.45342632661322035,0.42635474014432545,0.4741399067586031
1101757,0.4111748382869663,0.41336383048469977,0.38674710236464854,0.42216416082126657
1101807,0.46750171221900033,0.4694302053384589,0.43056349023987783,0.47233892215230894
1200013,0.3426742038206316,0.3479955273490392,0.30993989849032905,0.3744588360035646
1200054,0.4626965451310513,0.46729330882282144,0.45950151532316647,0.5265472665933728
1200104,0.39651914546885014,0.4021502272166683,0.3613556074687363,0.4819210627693146
1200138,0.3494877245698734,0.3536202333344353,0.30660303029144825,0.48978762060854103
1200179,0.2928505884321838,0.2981839669764821,0.2601251263762342,0.3997936526459422
1200203,0.3825906095639265,0.38534785285991635,0.32343510941733306,0.46420270847480666
1200252,0.3949480648334893,0.4002621615584238,0.33089961494964876,0.5119458076291804
1200302,0.6222120376367856,0.6238466799870692,0.5642444646340298,0.6829267434196314
1200328,0.5813411912697051,0.585142309740359,0.5102760570683742,0.6404466735093872
1200336,0.49795714796598184,0.5026975545505366,0.47429677590072283,0.5577845069501572
1200344,0.42627676507624607,0.4303581911100511,0.39545285164603144,0.5500154554021922
1200351,0.4304282202038853,0.43483469653318485,0.41664501057885533,0.4875909331626576
1200385,0.3564708691509846,0.3611188567751699,0.2961271784606359,0.48270090077000144
1200393,0.4933968516879486,0.49572076630341516,0.4912105326342992,0.546674671116128
1200401,0.3689571939987467,0.3731014136016951,0.2559226162836831,0.5960511730594603
1200427,0.45310366305760197,0.4572333879481663,0.4583289539669546,0.5496946948313313
1200435,0.4470533378227132,0.4579028640110267,0.3833530009555446,0.6452014048642244
1200450,0.3449520732996711,0.3489172667798543,0.2765327585740625,0.4834563841593657
1200500,0.3785402724916773,0.3812134135085481,0.32813741357045817,0.5114094215494059
1200609,0.5275481144216334,0.5315927878509235,0.491824515593496,0.5928808721504343
1200708,0.442620367747922,0.44827247697019623,0.4074331250054774,0.5589133731162665
1200807,0.3143201909206053,0.3216967107759522,0.28924347885229346,0.4111420983385643
1300029,0.8658060031448392,0.8614036814267466,0.853114243487588,0.9036363598780147
1300060,0.8357582502846724,0.8334193782445105,0.8029069975897586,0.8773650713212359
1300086,0.8015392853246825,0.7998383694071851,0.7331747819507348,0.8371344491492687
1300102,0.7749116369373966,0.7707917570474607,0.7275872553177399,0.8152152259767552
1300144,0.6953609664966587,0.6934598962728731,0.6666664527711733,0.6977318152299081
1300201,0.6698709565595178,0.6713755985167479,0.5968349486740513,0.7451793250680651
1300300,0.869579904452054,0.8668216436490769,0.8242282911288973,0.9070736962970926
1300409,0.696917520827757,0.69136959832018,0.6516836427393574,0.7927819601805816
1300508,0.9014205265888646,0.8994722184004668,0.8636856864405921,0.9240129316923095
1300607,0.8970113075313346,0.8956447777973023,0.8604311670767831,0.9131905647413293
1300631,0.8004690836435182,0.8014704037810535,0.7853921454237854,0.8281061021652413
1300680,0.8860675078213328,0.8841827748053602,0.8409190338399487,0.918324062327376
1300706,0.6050511372898931,0.6096509858497695,0.5795241666826243,0.6377251022303229
1300805,0.8893325463407351,0.8864643787845212,0.8390101150918979,0.9150015326545149
1300839,0.9075961039955415,0.9054407751969132,0.852317613713569,0.9191949330216281
1300904,0.7588372929347392,0.7626508494000995,0.7320817459958601,0.766282702246086
1301001,0.8138685204156351,0.8137520939576502,0.8011130769345182,0.8498318843326151
1301100,0.8832125822110173,0.8794682885039992,0.8379895353183623,0.8932567926662597
1301159,0.8796455491204356,0.8757054414572024,0.8253426772611961,0.8983874147183584
1301209,0.8150955654517097,0.8099204243189807,0.7432553468070529,0.8751979825515958
1301308,0.8257679632247963,0.8247203108205495,0.7519260398485016,0.8708412408016386
1301407,0.8614808466219068,0.8574921747133609,0.8378039055377305,0.8878199874950367
1301506,0.7467327971524823,0.7486864215279097,0.710646408274271,0.744871974439303
1301605,0.8229425434737756,0.8211774922435692,0.7834144064379455,0.8229283535580564
1301654,0.6516163560476221,0.6544205097487114,0.5917641969768922,0.6466034418635126
1301704,0.7769587397221217,0.7750590193004716,0.7322777920135802,0.7920053430499303
1301803,0.7076402298891483,0.7126277197168801,0.6835619471994329,0.7144379970064882
1301852,0.8792282315797197,0.8754271495327154,0.802640042992491,0.9133751899215184
1301902,0.8164198606953675,0.8140881621566377,0.750633887208558,0.8669886786309595
1301951,0.7971726785514149,0.7927808185155728,0.7719202821326373,0.8379952845377069
1302009,0.8395806927414309,0.8373866897467585,0.7853741384017937,0.8855476008208957
1302108,0.8013659908686003,0.796552578131978,0.7673921568272443,0.8277117963689173
1302207,0.5943498626557348,0.5989489717845032,0.5665394526061596,0.5893463192825839
1302306,0.7826048738151623,0.7826726262972677,0.7593783034180924,0.8036904513964576
1302405,0.849281402690913,0.8489805154171636,0.8220839802243635,0.8679905418755557
1302504,0.8205633301130469,0.8167247377706827,0.752412710964245,0.8772132857084696
1302553,0.9188842851031354,0.9159841320357868,0.8764996060401978,0.9380357904314622
1302603,0.7484925491185817,0.7428349484259821,0.5790815865049629,0.8481479295233512
1302702,0.7548863224364816,0.7549856752049728,0.7476274532633798,0.7884014604821811
1302801,0.864419322562477,0.8658863312979354,0.8626380892106557,0.9075166241874837
1302900,0.8920766084703927,0.8891846200045895,0.845084292136579,0.9249253621269262
1303007,0.814911574373747,0.8134962732655318,0.7927702554604314,0.85358441272271
1303106,0.8712200518964548,0.8685248253199673,0.8356801749871928,0.9016611967111601
1303205,0.7916180909825488,0.7876976098816232,0.7364551747100964,0.8108863220334787
1303304,0.8605103782586995,0.8585850946207486,0.8273189590852178,0.8871914168504822
1303403,0.8285860554944158,0.8271606909806103,0.765126031251623,0.8732818967015886
1303502,0.778161331400871,0.7772463814697909,0.7409189412249765,0.8187171144037032
1303536,0.8374620173543337,0.8344974933675721,0.7604297770388868,0.8826188387798691
1303569,0.8182516116189501,0.8147382043488415,0.7403093128960209,0.8568055023567468
1303601,0.6623341953840157,0.6642493388643153,0.6438835185686262,0.7274144719947159
1303700,0.730849658744487,0.7324698922486723,0.7166256307013072,0.7886054513522037
1303809,0.8333960007273254,0.8325990376297497,0.803358270123692,0.8785191194796121
1303908,0.818673212031291,0.8197021913823148,0.793019983666865,0.8491859164143157
1303957,0.7562468465873854,0.7561499632204898,0.7155581685081277,0.8166061986482208
1304005,0.8974602999675197,0.8954690972634766,0.8576800032172534,0.9276873357843737
1304062,0.8140625965043402,0.8123370364352156,0.7460265660312815,0.8581866227616753
1304104,0.7914006851305416,0.7913373791473978,0.7721268847815669,0.8152958420219928
1304203,0.858096261693821,0.8542727314307438,0.8024878764828561,0.890970726543339
1304237,0.7438029552636777,0.7434176442077426,0.7427158610581226,0.7834409825230625
1304260,0.8537952180362164,0.8502779740943068,0.8505565511485315,0.890014055021787
1304302,0.8927911165006785,0.8910620937043134,0.8490603605467898,0.9153933999736091
1304401,0.8858863207104433,0.8847196017572466,0.8333067708907954,0.9142194456184072
1400027,0.35206728991384917,0.3595604698694208,0.3064563595892606,0.4120307226581601
1400050,0.4313287582398624,0.43687937966503093,0.37718808168333035,0.4975173093972502
1400100,0.3270796041360642,0.32999922017198474,0.23293100941012565,0.45442518615195754
1400159,0.34985355573367793,0.3551533806698603,0.320550900338831,0.4494695109810855
1400175,0.3783077913374632,0.38341651127215437,0.3258048130985687,0.4508977570147268
1400209,0.4460369120744765,0.45237316064700367,0.3920552703069314,0.49194571644021917
1400233,0.4916399728591775,0.49484064403361616,0.43027314538858313,0.48985774697737594
1400282,0.5392739905803199,0.544856188622414,0.4619201001625237,0.5469402093101746
1400308,0.47485912726050394,0.4792318808258809,0.40664252019293606,0.5021397801576116
1400407,0.4938940417966517,0.4990534550357942,0.45647676491246036,0.5501626313730356
1400456,0.3293051852899981,0.33405198750143966,0.2845298143831814,0.40405261867162395
1400472,0.5699784804765311,0.5738908112450729,0.5026006513327085,0.5872085344934895
1400506,0.5356176214483209,0.5394743574502004,0.45556183597119854,0.5482151843427697
1400605,0.5362625262816071,0.5419223533647095,0.46951779944801225,0.5518575994295122
1400704,0.5941081815466979,0.5961182293285568,0.5637572517773933,0.6469853812732794
1500107,0.6903550678822952,0.6919668256634202,0.6725668337775348,0.7333760105714697
1500131,0.614930424240565,0.6168487082964882,0.5782259425978165,0.6300091638499264
1500206,0.6351136352770808,0.6363936906444562,0.6023347434441174,0.6610835086129155
1500305,0.5490605855090047,0.5504913611496378,0.5448170422921931,0.5819541924182949
1500347,0.5268895943366252,0.5283975870258569,0.48962827310918694,0.5481366187195083
1500404,0.4792691851566601,0.4817247256859421,0.4572906711984395,0.5158947193272226
1500503,0.7137102732563505,0.7167956642307886,0.6777537508987374,0.7593787909888864
1500602,0.42041027881692083,0.42552422334563117,0.38563738879489584,0.4687465617915376
1500701,0.3884188993690937,0.39069518085842275,0.39127865105380955,0.44349977508786526
1500800,0.563182079289884,0.5646535577584112,0.4475635321497891,0.679338433818092
1500859,0.36692995849191024,0.3714237962376006,0.3575811681967573,0.37995382534113764
1500909,0.6308943276147442,0.6315596561606003,0.606619833705324,0.6792644734171178
1500958,0.6089798279512232,0.6143391387381726,0.5910299910245884,0.6431698807838608
1501006,0.6554939973143965,0.6596533129498883,0.6430896424786238,0.6841402961773646
1501105,0.6870434194111661,0.6909578277914036,0.6933009847723562,0.734267149169574
1501204,0.6753102548758618,0.6748337475257916,0.6651191541166684,0.7383148691242464
1501253,0.4644873214481493,0.4653219523755512,0.41143357042609674,0.4646417831920024
1501303,0.6793866765326284,0.6834322136321758,0.6207673561823842,0.7505216267324185
1501402,0.508581242603387,0.5092642342711392,0.39603742540891035,0.6330802620612684
1501451,0.5296112148335608,0.5305581238773979,0.4918945753473653,0.5749813716478672
1501501,0.5820280733769925,0.5848928227879525,0.5181799432497317,0.6585029646723074
1501576,0.5603988949471354,0.5607680107121359,0.5286321942959908,0.6008418665919865
1501600,0.6364773785625258,0.6386029954821137,0.6075317908472511,0.6714488049283656
1501709,0.616804713982237,0.6186350951351693,0.5786095601467848,0.6882719274318555
1501725,0.36885311407725074,0.37204540868667085,0.35106883553016305,0.38667202530444694
1501758,0.6363551247328967,0.6378420362876106,0.6034567326675545,0.6614040856931275
1501782,0.6061214847957132,0.6120606076623437,0.5703033000352337,0.6363901438191335
1501808,0.6042896487583113,0.6084128394853228,0.5773112483156927,0.6303299601910269
1501907,0.6512501959929656,0.6520991926885538,0.6315982208143586,0.7210885166923083
1501956,0.6698873728720126,0.672260419954532,0.6521030202370959,0.700957694152272
1502004,0.7536024550789301,0.7542928553196259,0.7244042822451736,0.784282042842965
1502103,0.6690022515322841,0.6695652823218182,0.664556062853299,0.7191534356221805
1502152,0.559833555102709,0.5604563028211803,0.48665909402768465,0.5946037454676589
1502202,0.6304850525893748,0.6308109781807221,0.5820303537378568,0.689187703617931
1502301,0.5159136725606559,0.5194288614139407,0.49697639184795467,0.5751552659319471
1502400,0.49522654470241007,0.4995272944919095,0.4146177389580548,0.5793986024993981
1502509,0.5638150634501723,0.5658853163982311,0.5642874972698335,0.6222871098534368
1502608,0.6973681958477888,0.6982252263481455,0.6499546920214782,0.7425247179755156
1502707,0.522773525146897,0.5223306608559796,0.46038612873671153,0.5747874328189634
1502756,0.5677124031395202,0.5691056240241186,0.5578328065389994,0.597997259449722
1502764,0.537208989921721,0.5369926381580327,0.49758449437266106,0.5511182075172337
1502772,0.6220912707963269,0.6211505176198376,0.5719961182115211,0.6549714117409289
1502806,0.7592633238320514,0.7604443340899438,0.7479860968595359,0.7857762911875187
1502855,0.625590522828154,0.6270652107308855,0.6191695106566608,0.6607407354825364
1502905,0.7497845609570545,0.7522960856229316,0.7291742822884201,0.7877820328150339
1502939,0.6501887539868894,0.6537314244595108,0.6110613614439127,0.6969171006777576
1502954,0.6378364882446244,0.6392725324846275,0.5960533964562075,0.6652250066743167
1503002,0.8022024595540744,0.8030802863531239,0.7792675286089908,0.843020585291089
1503044,0.598920874159022,0.5984130896506564,0.5680349680980112,0.6214854234519392
1503077,0.6163018199498489,0.6166719769205201,0.6008410914269068,0.6541700759484735
1503093,0.6039119756375759,0.6075562200523988,0.5607466666193729,0.6181615718387851
1503101,0.6207114601993491,0.6215059209716306,0.6266721347129326,0.6551429985899948
1503200,0.6529382649611899,0.6551915606100202,0.6056314820753036,0.7037750521917001
1503309,0.685533555517313,0.6883860512441409,0.6656816092695222,0.717896327907282
1503408,0.4910529917749624,0.49507883168153577,0.4493830852621296,0.5601601282763233
1503457,0.599470507905899,0.6029991408231127,0.5882225726960999,0.6400140065593108
1503507,0.6562744685876433,0.658750632382506,0.636085438262142,0.6967966311259003
1503606,0.49819081063210324,0.5031213604254777,0.4709528775556569,0.5225341345504089
1503705,0.6923578702103694,0.6938390534311546,0.6622121885785698,0.7043908378162641
1503754,0.42981401352621484,0.42894011945309196,0.402857537954367,0.5344857697192308
1503804,0.5211444742934129,0.5238033766596629,0.4962211144134818,0.564913594765425
1503903,0.587696362517801,0.5886310877237699,0.5698650291432537,0.6682748900060896
1504000,0.6633302036552953,0.6647803087146636,0.6761943787705439,0.714536480624258
1504059,0.5139062584680106,0.5180642499318444,0.49440656077444095,0.5625959876116379
1504109,0.6679191284424562,0.6658489382560328,0.6640593086898562,0.7451022501012838
1504208,0.6216819646011613,0.6229612481400856,0.5432553427376335,0.6669599869928198
1504307,0.624465981030407,0.6245573022353509,0.6001050882877776,0.6830272311183126
1504406,0.642128350800732,0.6448560725137893,0.5926070506066533,0.6857045122357026
1504422,0.6200009940841432,0.6219361450228118,0.5376945538919754,0.6945861745628797
1504455,0.34192208269689717,0.34146609731769306,0.3253675416673503,0.36308553831657076
1504505,0.5048742387509254,0.5090860750690274,0.48455876468067877,0.5257993142739392
1504604,0.7345504674076443,0.7344913503075498,0.7060976522729577,0.7857682008699354
1504703,0.6800808629288551,0.6818168678871178,0.6656179814477289,0.7203317889636446
1504802,0.44406067326073373,0.4480804153348605,0.43566174672984337,0.499904562266509
1504901,0.7541934149051639,0.7554463171010418,0.7441403275853632,0.780762648217655
1504950,0.5804450522904627,0.5833571357360512,0.565352633852578,0.590804036346613
1504976,0.47973167290597735,0.4805487351260352,0.4687667829130151,0.5159269565505621
1505007,0.6510358244485147,0.652943666147327,0.63028390135737,0.7036103394045119
1505031,0.4423458161319993,0.43813561176037563,0.38524794965538217,0.41285581789459025
1505064,0.5725934633657961,0.5755386180725531,0.5608512871904683,0.6024747470340603
1505106,0.7104367645605403,0.7105972652878378,0.6994027582914552,0.7635454256546117
1505205,0.6955017711556166,0.6979839607824818,0.6844417345865081,0.7260635019807001
1505304,0.5750239810954608,0.5754181390265948,0.531008984192157,0.6711400535247128
1505403,0.6005100282293963,0.6045656436411591,0.5910858313861757,0.6529502257329566
1505437,0.5911810376362846,0.5903376048819943,0.5369703591819573,0.6124760678181967
1505486,0.4587252862293014,0.46507934468538686,0.4595481110026494,0.4882262159930848
1505494,0.5536950651747734,0.5555018014185368,0.5301530380954507,0.5691265458943847
1505502,0.5181933489295588,0.5226040060894507,0.4688469848774506,0.5768308694044806
1505536,0.6091267250968644,0.6110076325161237,0.5232063543472688,0.6864241977340209
1505551,0.5839944559613619,0.5848058078773898,0.5353520618365845,0.589444266098965
1505601,0.6461493726348913,0.6483906624900304,0.6020207461611932,0.6786142158257666
1505635,0.5571697713831474,0.5601539549507892,0.5305573552664014,0.5864714498524842
1505650,0.40404336332659346,0.40730368279613227,0.40213426006750225,0.42552135260940166
1505700,0.6884151854269858,0.6895685058075621,0.670929446360203,0.7467311666401001
1505809,0.5395280844081075,0.5436696163738373,0.538074507701655,0.6001971566422101
1505908,0.5304261321152558,0.5357366838452985,0.5383072684848531,0.5640774511214942
1506005,0.549576999325237,0.5552544822932466,0.5457803978742019,0.567373968026884
1506104,0.5650953070111093,0.5682938987125318,0.5367556365197608,0.6019212293613084
1506112,0.5910703202012013,0.5911141705093491,0.5598000155273192,0.6348035435417446
1506138,0.5029310303206671,0.5044015643676286,0.44033389548137264,0.5459061279116657
1506161,0.5325104948087755,0.5316050589447808,0.46693410198816965,0.5397811251982669
1506187,0.6065338850104789,0.6079766745596128,0.5766714960687426,0.6435374010331351
1506195,0.49496072453207485,0.4988407985597165,0.477519577504067,0.5130521439688119
1506203,0.5836105021897899,0.5888360188448143,0.5440019693064424,0.6377641844578118
1506302,0.6826067840091334,0.6854714591590808,0.655445605026857,0.7327092968443858
1506351,0.5983434881328118,0.6016807585698913,0.5584307715195477,0.6680837091484567
1506401,0.6888180929505242,0.6895073084037909,0.6870714910589063,0.7391494858759672
1506500,0.5839160773450222,0.5882760350996755,0.5264698408214165,0.6669605625594226
1506559,0.5925587004078878,0.5937004135500118,0.5808322950161804,0.6356196974704874
1506583,0.5491861774315132,0.5499371903259274,0.5154452533824431,0.5734572653634309
1506609,0.5614418463704124,0.5647630919071008,0.5261749247539164,0.6026869067255846
1506708,0.5129796059752011,0.5124146642490436,0.45220882757727626,0.5137530122173622
1506807,0.4409273140468817,0.44381614440114864,0.37393030321023984,0.5340804571063461
1506906,0.7329802384076767,0.7330167769335536,0.6847415732024532,0.7476637812142465
1507003,0.6323790960142547,0.6353621963558971,0.6030342954039233,0.6862300051411104
1507102,0.6185951708987923,0.6236907027812294,0.5919741966795843,0.6780721435398234
1507151,0.6200551313740924,0.6210491835475943,0.573318013585388,0.6508719138093518
1507201,0.5654979533740376,0.5685230698678685,0.5490007925990957,0.6023830149982511
1507300,0.49385004034665214,0.49442449387457654,0.45691960422201,0.5046817068949694
1507409,0.5851513447234863,0.5875211424497422,0.5250914778456032,0.6171796477481065
1507458,0.569349083205426,0.5702578764472009,0.5225708972318306,0.6049421675803979
1507466,0.6288671071452547,0.6312162006499601,0.618018015272467,0.6999648391720698
1507474,0.707932385540193,0.708476699213125,0.6659075446075459,0.7394617285127364
1507508,0.6784449079582329,0.6794320552189506,0.6325178053947446,0.7119946799026119
1507607,0.5534705421860739,0.5590579465282294,0.5235744906287457,0.597798405649144
1507706,0.71170738971815,0.7131031012137466,0.6999628966457498,0.7542401366663262
1507755,0.4672420079147499,0.46994224540939716,0.4110086002252346,0.45193196647141837
1507805,0.546011996678079,0.5509322796040242,0.5352469299449084,0.5737503096388555
1507904,0.7846160263854641,0.7839745966972971,0.7482862649874678,0.8306784716058573
1507953,0.48892345406093074,0.49775832931711816,0.4733854065115546,0.5301842558833489
1507961,0.6576463778193661,0.6598577245240768,0.6252189935892103,0.7101645645462845
1507979,0.6242055852448771,0.6265744244708887,0.5942296751351924,0.676653948635463
1508001,0.6663981209951383,0.6656021439857561,0.6317319307735886,0.70004995135885
1508035,0.7485818802073212,0.7478249607251476,0.7262440699903933,0.7864344618955533
1508050,0.4572903849253581,0.4576428723261364,0.4366581129433766,0.4619319138343692
1508084,0.5427103969973921,0.5424735657207415,0.494709969002659,0.561606646598037
1508100,0.6471275504389287,0.648526028387778,0.5939870557982377,0.7037996979587154
1508126,0.6171033086512432,0.6182594094468686,0.5868175571075596,0.668617378410227
1508159,0.3283635169338984,0.33433232825708514,0.3152374471586141,0.34135885843024766
1508209,0.6785108189401583,0.6821474390232306,0.6356371725486764,0.7372831277308599
1508308,0.8127407097912913,0.812489051920179,0.7853962011506281,0.8357842735313271
1508357,0.4514057988647363,0.4541732398816493,0.4389543830534827,0.507519615517765
1508407,0.4917895248468601,0.49209035585324873,0.4236115916166671,0.5040644441106269
1600055,0.6698389118872833,0.6702215606373603,0.5795516840717723,0.7443041075045601
1600105,0.7860255040974433,0.7849361472407868,0.6865528071538467,0.8154216952408824
1600154,0.7544276413332003,0.753961129981496,0.6654982021760116,0.7936335140481875
1600204,0.7269623588211537,0.7256272660742824,0.6327071649783175,0.759315112584439
1600212,0.702445362742466,0.7048830717503454,0.6196218224564132,0.779871179394743
1600238,0.6540921204265777,0.6534181608709257,0.5506432421694819,0.762360859062833
1600253,0.7327570166502035,0.7328790528949188,0.6179036204416106,0.7733035430113347
1600279,0.7240990956859338,0.7236324734572354,0.6458118194056204,0.776063266018762
1600303,0.617440679943039,0.6179818887244966,0.451293473742498,0.7051802159052176
1600402,0.7305785362661127,0.7306840428804025,0.6513477369053188,0.7755938381713082
1600501,0.718690670778555,0.7182816218204593,0.6248911311248335,0.7967301958769745
1600535,0.7550105840162558,0.7542746040266284,0.6726553534521269,0.7894570216909842
1600550,0.774897932386206,0.7744517510326577,0.6817244952402127,0.8273406559208719
1600600,0.6401769490656801,0.639794778248015,0.5114587889295125,0.721770833322735
1600709,0.6990530345175958,0.7008872186890831,0.6420222447678268,0.76412385527434
1600808,0.7580356652489212,0.7602490463543132,0.7036717360842775,0.7886536931937148
1700251,0.7010988038319247,0.6995324164097089,0.6144317599750256,0.7177587975688007
1700301,0.727374244933115,0.728864924736797,0.6191901431900297,0.7551646864098811
1700350,0.6770184576822699,0.6760057279125414,0.5976113224262091,0.6999762587178687
1700400,0.5670167001281499,0.5687949890133783,0.5086896835471405,0.5852639425220901
1700707,0.5744859522223138,0.5713374522580612,0.5035189485659405,0.6067778557500921
1701002,0.7000674025229151,0.6999466560059465,0.6347668549191758,0.7367681580028017
1701051,0.587339865511572,0.5888105107529666,0.5060353992101624,0.6050999590602969
1701101,0.6444208454890865,0.6466680600499716,0.5527970566590826,0.672631291963042
1701309,0.6399860858984543,0.6452979504418187,0.5554605804019741,0.6472940873150939
1701903,0.6983170007299335,0.698637505301939,0.6269814110403579,0.7304566012772146
1702000,0.41392588203008895,0.41544889037768457,0.3741077571567197,0.47238645051833306
1702109,0.608822413832902,0.6127958248940678,0.4713323293020386,0.6803698598721271
1702158,0.712140637316112,0.7160356585225953,0.6327173886593713,0.7226784013289859
1702208,0.6232464499438229,0.6261809664465852,0.5323609823864739,0.6616339664923528
1702307,0.6664717296289547,0.668581628843321,0.5995980626289569,0.702788291594842
1702406,0.7769191165739158,0.7767254338140709,0.6644688023887503,0.7787784697848918
1702554,0.7037207593944265,0.7063876480074249,0.6209040047148578,0.7151561510460988
1702703,0.678435703172882,0.6788389161525812,0.6132449234153882,0.713704676335461
1702901,0.6699477215570432,0.6715900886163698,0.6003458170302446,0.6938152024846049
1703008,0.7441811937820432,0.7473938374069816,0.6363325235622223,0.7319596347234137
1703057,0.535287896069265,0.5363603954861428,0.4980053303099459,0.589592582877497
1703073,0.7382529149274701,0.7379435251109049,0.6629001359659878,0.7639120452546774
1703107,0.6904524227738498,0.6898343994091456,0.6114341738755235,0.703607566981533
1703206,0.47462388102322584,0.47554502406361543,0.4393054405060987,0.5131375493481691
1703305,0.6781775681157841,0.6781196377153035,0.5883842806848967,0.6822336418595407
1703602,0.6280047989923553,0.6299692495082222,0.5869254705523353,0.6714955978244396
1703701,0.6807791195607413,0.6805311172480576,0.5893842055915527,0.7380707067907872
1703800,0.6665691898704584,0.6691686132077316,0.6062883796311884,0.6921065703344338
1703826,0.7201503338425044,0.7247074184497211,0.6167493718986711,0.7308713519865867
1703842,0.6326982888774677,0.634754027513046,0.5888013451970827,0.6560797170589437
1703867,0.6562898259222187,0.6577389065929732,0.577302636534392,0.7040785731772927
1703883,0.6772011037944661,0.6802871335612483,0.5510901332584357,0.698579037639285
1703891,0.7591320415705534,0.7643077752217975,0.7224750344592555,0.7611168237942212
1703909,0.6873994886361027,0.6882066676048343,0.6282845678244601,0.7229808653819215
1704105,0.6690720027256909,0.6685540364305363,0.5918873789555437,0.6801773246442379
1704600,0.5446474963136988,0.5451563180666112,0.45693059272489606,0.5594294290841098
1705102,0.7080963043158339,0.7075102025055194,0.6430638473789255,0.7387874487462694
1705508,0.5184478751132129,0.5192620570268027,0.4697532287653547,0.575626667714087
1705557,0.5923623348323291,0.588681710004646,0.5121656580575104,0.6736806460878549
1705607,0.7023084738931415,0.7034046227804788,0.619194842066062,0.7444972122573975
1706001,0.6280358935582214,0.6281530522315242,0.5902619819476383,0.6545332761090678
1706100,0.6263618731894064,0.6270206293079119,0.5378105657843425,0.6894296154790497
1706258,0.5806530113008117,0.5814940868304261,0.5234582986581605,0.617734548249765
1706506,0.6868504324521172,0.6892698276312216,0.6082180536811411,0.7568752985220527
1707009,0.6456732662661134,0.6469810487289154,0.5404868205491531,0.6887945118701505
1707108,0.6589963380758644,0.6593867502687937,0.5898546067890119,0.6826451971622299
1707207,0.7020100497376949,0.6994687137760872,0.6375523529030723,0.7358984071402341
1707306,0.5832370034508633,0.5851884984129945,0.5398135060907431,0.6431095791326008
1707405,0.7605895188641042,0.7605245646037124,0.6981227770889674,0.7858682535224091
1707553,0.5307745661592417,0.5310425659018673,0.44582795965247435,0.580370919889691
1707652,0.6290962367053133,0.6279903096462297,0.5643676200048854,0.6672532067363562
1707702,0.6596668839253538,0.6635280393000126,0.5747152593577997,0.6966931157813008
1708205,0.5704536221093205,0.5703542285695967,0.5066296568231916,0.6211987097734732
1708254,0.5335714427939824,0.5313475024812625,0.4462181424504566,0.5655402712748419
1708304,0.5390972758701161,0.5438218226262536,0.5101624032359147,0.5804831783121635
1709005,0.7334585838697596,0.7334043766429289,0.6779726871707915,0.7706208245981602
1709302,0.5906807440211677,0.5913930784810241,0.5015965566501458,0.655971311712555
1709500,0.5615558158992878,0.5630096997457633,0.45937839445237927,0.6324147030654496
1709807,0.6075222028791002,0.6111446451302388,0.5484307681172816,0.6698550716388233
1710508,0.611903068895948,0.6126344033215521,0.5499887872831232,0.6438775882805151
1710706,0.7523209185797949,0.7538136410104151,0.6451005572831752,0.7492900301254272
1710904,0.5974072407162584,0.6000770388175573,0.5778793733662511,0.6448073328607086
1711100,0.6138212594173211,0.6142719088202143,0.5673281925933401,0.6404376553825256
1711506,0.6262474681433907,0.6253749843807517,0.5793390794911032,0.6368912457210941
1711803,0.5324537765676929,0.5342083494766264,0.4821412426391818,0.5538591223819568
1711902,0.675978703975463,0.6760226657798233,0.5990331002462405,0.725037058580635
1711951,0.8300801683741859,0.8288190527847946,0.7943707581907673,0.8872289816999497
1712009,0.6186577825833685,0.6167170947277655,0.5423063514730456,0.715890037778837
1712157,0.6801307069359311,0.6797275277194658,0.5923324101990343,0.7259361982939252
1712405,0.7908579881892501,0.7918454142325116,0.7237125778962258,0.8167538353410331
1712454,0.717715059262391,0.7180245441999564,0.6369682664331139,0.7321040944535694
1712504,0.6734379040071938,0.6749659646463417,0.6172109821446351,0.6878734066843529
1712702,0.706863821481332,0.7042591818574718,0.6361043545219733,0.7270041364075461
1712801,0.756005214101544,0.7575185377723576,0.6908084619596111,0.7693218908248524
1713205,0.7415250954339847,0.7417442466578893,0.6372066999869432,0.7832534527129617
1713304,0.605621406557106,0.6054857501104033,0.5196038080791897,0.6585627930555573
1713601,0.6237984949954635,0.6252442828787337,0.5561051630296205,0.7044344177362166
1713700,0.6306189331027804,0.6289505226561342,0.5495621910296861,0.61841565229559
1713809,0.6391899521523968,0.6377350017866652,0.5724772691804983,0.6844696227619385
1713957,0.6563002704201896,0.6589892911749442,0.5872187036660721,0.67979215117373
1714203,0.5198631152116341,0.521141532898301,0.44406391143634805,0.5764913507189068
1714302,0.7076457771898573,0.7075861792275727,0.6263854026163431,0.7366332193359413
1714880,0.6203809647892566,0.6217601250403242,0.5276602705791812,0.6236636162918431
1715002,0.574895382370264,0.5767627512736948,0.4769714451672207,0.6549484918021874
1715101,0.6758611441862389,0.678297373316526,0.6106009018195399,0.7417786647177328
1715150,0.6813541753667806,0.6809558549329399,0.6117858728413695,0.7412454239625333
1715259,0.6340253705265742,0.634679160480725,0.5434011810212843,0.6684826476346494
1715507,0.5793800996937181,0.5801888240267723,0.4957777463441615,0.6440625975109753
1715705,0.666772693365195,0.667290012865843,0.6090070133958863,0.6891380672988002
1715754,0.5165454344063444,0.5170752829201831,0.47252833488749396,0.5712248899608122
1716109,0.5015490323769866,0.5029477058795196,0.4078731330870357,0.5699247757608066
1716208,0.7976126411543474,0.7965908273193882,0.7156708753183825,0.7787994621345375
1716307,0.5915882053424987,0.5922254823099428,0.5520422884053655,0.621146316780353
1716505,0.6130938168094969,0.6142251739126711,0.536914970556146,0.6575136445221925
1716604,0.6809659402605417,0.6811490123294938,0.613239394891504,0.7135310566964895
1716653,0.607699790056452,0.6093659554348126,0.5451702975092981,0.622430922854166
1716703,0.5008758869674013,0.5043363955126061,0.442999102413107,0.5423637287439996
1717008,0.5928059507207403,0.5950005773265811,0.5530510104665324,0.6479844827507685
1717206,0.5963959044065296,0.5995986509142758,0.49092018566650397,0.635503802850312
1717503,0.5384915755456559,0.5370023676642853,0.49847853676903126,0.6144670535708133
1717800,0.6775131884755771,0.6765443969013032,0.602510244637982,0.7095534900707446
1717909,0.6089918739338316,0.6064181197580718,0.5289900962906224,0.6529127779962628
1718006,0.6786835489895018,0.6790073764915898,0.5869031243545167,0.7474723350434568
1718204,0.6705798115499381,0.6730438604521342,0.5416312035815027,0.7403351716855351
1718303,0.7765474336844188,0.7784056459015244,0.707257046021093,0.8086642023791093
1718402,0.6580616526546433,0.6583459173767593,0.5962247476360778,0.6899265073293958
1718451,0.6826478760702226,0.6822925324628853,0.6204532154532155,0.7346095046095046
1718501,0.6643075030999063,0.664071167009047,0.6006547609506298,0.6796355457803923
1718550,0.758530635360347,0.7566599784686354,0.678939284074004,0.7688135973732241
1718659,0.7074138133665322,0.7061557560483404,0.6226799186609487,0.7507345163170038
1718709,0.6988580556654611,0.6982416809488111,0.6251869895436055,0.7275613224342848
1718758,0.6685272603380831,0.6679793209177939,0.6054136871441123,0.7032181043130659
1718808,0.6781984632306542,0.6804147820452394,0.6332494832904626,0.6952335290251593
1718840,0.513748103895049,0.5134865271228621,0.4905764898454044,0.5825801741954182
1718865,0.5847735077270702,0.5868916493487962,0.47590294708216524,0.6491196018565426
1718881,0.6106817465431253,0.610355389210827,0.5470851611632779,0.6281633561196939
1718899,0.5588979939736791,0.5603704754357423,0.4964018832668315,0.5938300164010673
1718907,0.6052954604248257,0.6067300388372785,0.5626841264021117,0.6471547887309512
1719004,0.7211579138855514,0.718306427825203,0.6566148353552981,0.8014015973859204
1720002,0.6468593449163138,0.6486866511584078,0.6052266191294805,0.6922241684426987
1720101,0.6892674336007629,0.6902636920404744,0.633744209485906,0.7043761952397279
1720150,0.690808842195196,0.6919198714695155,0.6115826344567691,0.7579726418675928
1720200,0.7961798741190441,0.7972722892132348,0.6980714965677869,0.8206623084119435
1720259,0.7923444168698801,0.7927797827877895,0.7217860897340271,0.806508773789333
1720309,0.7780419364808867,0.7803678331582126,0.7278155021773388,0.822778678132369
1720499,0.6596831065010351,0.6586487717061468,0.6018054402183788,0.6810277062681861
1720655,0.574705207249163,0.5768024067692697,0.5065728469676875,0.6123374578239442
1720804,0.8037785078271852,0.8040584949030557,0.7171657658502326,0.8296070156739618
1720853,0.49946160758036445,0.5020788621614752,0.45609596730798296,0.5635145357591828
1720903,0.7324204592025945,0.7302025771914082,0.6532739790917262,0.7493903376495595
1720937,0.7197980555311061,0.7212404950798689,0.6539837056963774,0.7670850866237812
1720978,0.6718754369848368,0.6683543028607519,0.6030617653868043,0.6954665229548588
1721000,0.5856426124293139,0.5859416636359583,0.44979784956923713,0.7099675746970159
1721109,0.7751980517497888,0.7752038153759943,0.6761741191176354,0.8172042509916965
1721208,0.7959984146884845,0.7963319567288605,0.6949398577451094,0.8130993611013405
1721257,0.6652150679730544,0.6649968817594022,0.6191014255944345,0.6868801997572573
1721307,0.7694087393296739,0.7683666717460192,0.6979035629140945,0.7661627595753892
1722081,0.652861384106198,0.656091141358221,0.568986216880042,0.6778382007020428
1722107,0.681243103306059,0.6821245546402607,0.5894254638570179,0.7177049240554654
2100055,0.680407121500138,0.6804757215540423,0.5664021047357228,0.7013987299256619
2100105,0.9330657130265153,0.9317848369731867,0.8972507994581983,0.9446546058713565
2100154,0.7907694405017751,0.7959288897247331,0.7493494749209191,0.8083212780197583
2100204,0.9095601052320793,0.908490231575572,0.8514093697791255,0.9322897106179582
2100303,0.8866802725613191,0.8844623156147392,0.8317695836628342,0.9153855440005895
2100402,0.8261386797250343,0.8273888668842941,0.7306890681171062,0.8293940835077432
2100436,0.8943239978012039,0.8925237549208239,0.8567440968424048,0.9132317687777372
2100477,0.9040430706833056,0.9021484540073322,0.8538121806977964,0.9076226555617639
2100501,0.6880791146331762,0.6884049379995482,0.632635075680906,0.7074613927610077
2100550,0.7387166894539576,0.737614500569492,0.6811981308726396,0.7834536491964865
2100600,0.7489094439055876,0.7507538778478562,0.6718357258055129,0.7345125945499019
2100709,0.917860083483941,0.9162576891338038,0.854896608909459,0.9375345299846679
2100808,0.8850272450077997,0.8835853421082902,0.844914642044681,0.8920617022558218
2100832,0.7836212802500174,0.7848750077371784,0.7566320825945315,0.82941995427331
2100873,0.9171024717230023,0.9159624834595818,0.8672934114877121,0.922381828784296
2100907,0.8026772593125644,0.8052615147211998,0.7664167671945217,0.8245348284887452
2100956,0.7304786567424046,0.7303559544348887,0.6739988360428649,0.7468170783468754
2101004,0.8286331718107327,0.8276800911824335,0.742217033537948,0.8548575863319913
2101103,0.8961826023100379,0.895545324786074,0.8313747007944358,0.9208990389813089
2101202,0.809669415013915,0.8094041470563371,0.7163221519215573,0.8396502737694719
2101251,0.9020705607704742,0.9000519919150687,0.8229739625369921,0.9088220599307988
2101301,0.8294374976523087,0.8275134785026877,0.7818241764181387,0.8699829137910887
2101350,0.8889480307524998,0.8892625602302239,0.8456913850128532,0.9280799742358337
2101400,0.6369906042276684,0.6377948160119504,0.5643928933115223,0.6740229433716075
2101509,0.8525715178659261,0.8520223147242555,0.8038377395994206,0.8722227361355676
2101608,0.7902722880256303,0.7902911367606581,0.7269632076236751,0.8162957253407601
2101707,0.8993419572300843,0.8974598058023636,0.8573020249810858,0.9180750915659192
2101731,0.9434448227310833,0.9427681961294742,0.9188721247505645,0.9521553489349074
2101772,0.8591620986266933,0.8603448480677937,0.7985416961131939,0.8836686860340635
2101806,0.6761489638962392,0.6789138972800134,0.6078022469592299,0.6807597238979413
2101905,0.8141071951140708,0.8167507778997294,0.7818524688154679,0.8874767957138164
2101939,0.8628737412323536,0.8625032096331,0.8086831039889758,0.894706825456706
2101970,0.7331331344190306,0.7348150528737256,0.6859695581494449,0.7714869934247796
2102002,0.8349601080983265,0.8344062852413193,0.7598813113190074,0.8461754856582804
2102036,0.7408851243759729,0.7411935742334261,0.6829231500412943,0.744807457458692
2102077,0.8729455311214245,0.8713845317407642,0.8215997521773643,0.8778075652927327
2102101,0.8363337894464214,0.8372548300933559,0.7802678552544308,0.8503736478615194
2102150,0.8117399437370458,0.810151883914381,0.7618587749457172,0.8332741915243815
2102200,0.8674351866814256,0.8665131410595511,0.8297179178346673,0.891183202663346
2102309,0.8685117109527365,0.8681963628503935,0.8248919518856264,0.8952845639748608
2102325,0.8211587139118591,0.8202517269147851,0.7628506032971424,0.8379072813127789
2102358,0.7549908447405077,0.7551076280689132,0.6629450315018247,0.7682888776126321
2102374,0.9358859560270845,0.9343617206620728,0.8739302411532076,0.9494701910653943
2102408,0.8885515603627997,0.8889857711177304,0.8456378612355665,0.9172944527895656
2102507,0.9388270567607664,0.9373621288278758,0.8822173287333702,0.950047138019526
2102556,0.8492470566432884,0.848700133024121,0.7814273401425265,0.847977216576764
2102606,0.7725736541790599,0.7731988704678575,0.7218447735675534,0.8261273047648939
2102705,0.868894654194827,0.8684372100351804,0.8092145025451233,0.887640473279359
2102754,0.8334970493589928,0.8321284928685264,0.753988142025611,0.8766138642245429
2102804,0.7542804326147942,0.7543171340176379,0.6725862175234386,0.7821481988322049
2102903,0.7244808527205693,0.7274951822273904,0.691971366906464,0.7942935281016922
2103000,0.861942806539699,0.8618985678814871,0.7745647261325326,0.893798778417397
2103109,0.9071231721274826,0.9049208751502297,0.8467049376420676,0.9372446885917735
2103125,0.9560148408668074,0.9541226393130984,0.9071196496824783,0.9603667986044423
2103158,0.911175960245314,0.9100280126201225,0.8765854707973771,0.9166559713553211
2103174,0.8728575016566847,0.8725890782568516,0.8339349495721856,0.8900295344449151
2103208,0.8639249111050286,0.863287028907194,0.8071763405877789,0.894029910733911
2103257,0.7981884361370448,0.7985476260754466,0.7069210214563125,0.7989321893495962
2103307,0.8347012567443337,0.8345031724031289,0.7457435887852163,0.868322042738536
2103406,0.859322970509041,0.8574148009177671,0.7916681446433169,0.8742503736374605
2103505,0.8590868598628556,0.8595051941685964,0.8094299889878772,0.8609978637882757
2103554,0.8717644948454661,0.8704850066403482,0.8195614269599191,0.8924773202083781
2103604,0.8522548568131332,0.8517307201440266,0.8014531705000257,0.8951874471139258
2103703,0.8872479467752376,0.8864518397638329,0.8255204495866896,0.9059047534729037
2103752,0.8011028006089667,0.8026339401831536,0.6774066597581397,0.8303612913258037
2103802,0.7876872426989405,0.7881357840056369,0.722796658598751,0.8133651540224319
2103901,0.8789153824685143,0.8783120905494641,0.8048237758348677,0.9007756035641689
2104008,0.8814307146973319,0.880917190897037,0.8255127050072787,0.8976128434690356
2104057,0.6933158748946923,0.6924860547994193,0.6129709860626923,0.7236606795262022
2104073,0.64661585959727,0.6461702914662982,0.6042531782018076,0.6666999248719944
2104081,0.8527249471679063,0.852924630553693,0.8042926530510711,0.8724876557422548
2104099,0.5596302550275383,0.5629829715642085,0.5275815490013712,0.6148995088833991
2104107,0.7710142056327115,0.767628371132434,0.7240531723640061,0.7785058544502474
2104206,0.8883770622508884,0.886863045576646,0.8305105273359841,0.9040848482920228
2104305,0.7348391702946891,0.7377280730480565,0.7159641529902429,0.7954872388549648
2104404,0.8774090583031562,0.877031458048557,0.8360748136144297,0.8959833557849981
2104503,0.8791905392980837,0.8783689539339758,0.8371145340372609,0.9053823662070447
2104552,0.7175341784125643,0.7189837205607903,0.6104305953713061,0.7404140536292796
2104602,0.8620603513528232,0.8619086542369021,0.817296803562019,0.8827555815607991
2104628,0.7327390967897247,0.7379431076818244,0.6820620915770136,0.7761184564516982
2104651,0.8563280029901998,0.8545388175988052,0.8148167445021833,0.8868374093373976
2104677,0.8298114170601079,0.8294288764659051,0.7786312767716517,0.8428702825887604
2104701,0.8969707028441061,0.8962398848137852,0.8506210154992986,0.9132894676350093
2104800,0.7764616616642398,0.7748874907744984,0.7075466052795903,0.8100173539376301
2104909,0.917386347706403,0.9160758966348603,0.8450276556399219,0.9253232374916381
2105005,0.9138595957706364,0.9115441128564928,0.8575858981647603,0.9392816126318363
2105104,0.9382466657886157,0.9365128924440338,0.8719739445988851,0.9457116369991473
2105153,0.8770005918615014,0.8769243118216797,0.8254034803831457,0.8962427584909043
2105203,0.8117628767750551,0.8133409678025055,0.7564105282623935,0.85325036626997
2105302,0.606456174492167,0.6099099572579773,0.4576347726395514,0.6810643212903696
2105351,0.8313592325071206,0.830391686503457,0.780502927755832,0.8295079631910206
2105401,0.8787499242738529,0.8769744231788957,0.799191970364073,0.909188348614364
2105427,0.6261556621803518,0.6280761697444449,0.558926781788183,0.6649917309328066
2105450,0.8568260018588023,0.8566839888925006,0.8267040554718341,0.8689158036793615
2105476,0.838535225398076,0.8383115914144015,0.787055294915814,0.8621896264960941
2105500,0.7614294882138032,0.7639803654736558,0.6572179456429544,0.7938381408267802
2105609,0.8783383353553815,0.8783762733562369,0.8268950342307063,0.8951370841021826
2105658,0.8296787050811365,0.8287385058519274,0.7829971392606586,0.8399160456403796
2105708,0.7548579114288965,0.7556532179330282,0.6662678545381696,0.7676477037453839
2105807,0.8302461693544468,0.8292497515778763,0.7839918228209454,0.8541379247909243
2105906,0.9138615462495959,0.9119938771585989,0.8728240123746058,0.930060002583026
2105922,0.9045488854891872,0.903095030814533,0.8695734218510612,0.9176716870743036
2105948,0.8200670787393923,0.8201235855250063,0.7597611583065268,0.8381283521580496
2105963,0.8518166976460245,0.8510949480858402,0.8039030976333855,0.8487792656527571
2105989,0.6963796661522682,0.6947948442888072,0.6064633227773633,0.696744810441657
2106003,0.7172473959400856,0.7160021562269131,0.6508483889160512,0.7876509119023797
2106102,0.8118622738559326,0.8112095755716097,0.7655807333571981,0.8076998968160555
2106201,0.6604078353873739,0.6631684255538697,0.6149877324061558,0.7132050747248991
2106300,0.7626690124138632,0.7634948666624153,0.7183997940741773,0.8146012889339378
2106326,0.7832217883492234,0.7827990948055894,0.7133622985108321,0.8071185614315004
2106359,0.8446686146517771,0.8432558425725037,0.7866682310756868,0.8456696862601341
2106375,0.8576208501906823,0.857235133023449,0.8138159414953553,0.8672968413843561
2106409,0.8456668687119775,0.8458602046560567,0.7942011520879686,0.8613088910315517
2106508,0.8827955445948572,0.8822864859774798,0.8106751118837231,0.9029637416256066
2106607,0.8960228805166992,0.8960009743407068,0.8499638000757129,0.9100797013810352
2106631,0.9251558326935386,0.9235271903304808,0.8818094699616434,0.9407906323128964
2106672,0.8741007817165061,0.8754720087313115,0.8277711700614915,0.8869125015752911
2106706,0.8595128572841406,0.8588823573986722,0.8264938743139653,0.876665676888892
2106755,0.8884622880795985,0.8861859247394054,0.8155848635441227,0.9214112039514485
2106805,0.8925246355808873,0.890870011040871,0.8319006449304681,0.9177710642011213
2106904,0.8891716705698459,0.8883737764068137,0.8418411919946177,0.9005873769212575
2107001,0.7436872402945137,0.7436798566916937,0.6586491108768419,0.7769144387222755
2107100,0.9136729640128558,0.912549848884438,0.8455378655460781,0.9345462063613228
2107209,0.8687070012189377,0.8676406602223468,0.8109339174203439,0.8997127361386476
2107258,0.7570893851939406,0.7550599228039854,0.6972425349261209,0.7679685351413817
2107308,0.7748203420305582,0.7775491385793871,0.7259741620237512,0.7899851915836015
2107357,0.866418672252979,0.8667302127270066,0.8104207843911594,0.8851653040540741
2107407,0.8442703471292428,0.8454234537808746,0.7970978959471937,0.8373763095143326
2107456,0.9246044252150689,0.9235154305997803,0.8608649192942375,0.9285307759959588
2107506,0.8338873077075228,0.8319041639868342,0.6735978085320776,0.8762465183772368
2107605,0.9156282736424535,0.9153075446162274,0.87155627010698,0.9342703744875845
2107704,0.840367307053426,0.8409978147930754,0.7974882721704432,0.8646661942747961
2107803,0.8839792293116377,0.883692183292295,0.8297851161114808,0.8997836531086265
2107902,0.804135050664853,0.8048954044796718,0.7711329902718465,0.8285433697709154
2108009,0.8304767252497443,0.8298459302147253,0.7843740600691796,0.8423003193231035
2108058,0.8331654730972187,0.8317116651512166,0.7734859107456584,0.8325963246373167
2108108,0.8462788129182865,0.8461066157487487,0.7825488245413174,0.8595933334652962
2108207,0.7856468552298519,0.7849660091778502,0.6884903925648942,0.8348418339566459
2108256,0.9289461638742011,0.9274094738881032,0.8675048240362329,0.9352062765339485
2108306,0.9234612665340843,0.9227976693372368,0.8754420774333412,0.9322096292435468
2108405,0.8681268379818134,0.8686451273638154,0.8209841874487601,0.8925290979149793
2108454,0.9109828725511959,0.9099639515788117,0.8717843880328574,0.9245541836417646
2108504,0.8797121743577029,0.8797024003449003,0.8068694488274097,0.896689037049354
2108603,0.7822161405629353,0.7838207422160967,0.7050271409668295,0.8402697170947308
2108702,0.839208005953181,0.8400542441654336,0.7846513365055077,0.8602817024266517
2108801,0.9102084280525424,0.9090685485982567,0.8573600128013665,0.9221902597063729
2108900,0.8408352709666288,0.8401060375302741,0.783519775715226,0.8620376108300981
2109007,0.6048209874523818,0.6075710298747784,0.5333579945949697,0.6563463022225475
2109056,0.8291789232157396,0.8287802379887901,0.7420666720279449,0.8883627567905347
2109106,0.8130079590963815,0.8120190760721017,0.7540280813891459,0.8428513887698784
2109205,0.9431301897304838,0.9414766037131904,0.8786682317202925,0.9520276777600732
2109239,0.8608221826296995,0.8596084528584887,0.8138952294998042,0.881981623127687
2109270,0.9166089911988897,0.9154998550004954,0.8598680481556933,0.9280286540118782
2109304,0.9201725002237189,0.9188368256076229,0.8607999067890151,0.9358634747756974
2109403,0.9141958995360335,0.9126608069584607,0.8710561666006451,0.9300638939724113
2109452,0.8620324881217578,0.8600102463772412,0.7803511180973951,0.8983263641218199
2109502,0.8063734857568325,0.8054020152885046,0.758026780618196,0.825310459699637
2109551,0.7123346575335909,0.7132317869235116,0.6240206444360133,0.7085123663710661
2109601,0.9031181015561259,0.9011843302298503,0.8151027062695017,0.9268630698048277
2109700,0.7848345280534947,0.7844096508295202,0.7361451881705481,0.8142366442145237
2109759,0.8587195976196034,0.857031369729841,0.8224639738818271,0.8884491450449953
2109809,0.8496448409789892,0.8484187880468292,0.7923467461578255,0.893993194799926
2109908,0.7700668085019768,0.7720903870709831,0.6819676943013627,0.8146291978585204
2110005,0.8466744316689163,0.8461059841650305,0.79268750499757,0.8636048873279791
2110039,0.8278691054879304,0.827868363931305,0.7690172962982741,0.8476852372725113
2110104,0.887028981880096,0.8870959181904293,0.8651443928892547,0.9136811659779033
2110203,0.8521090625369805,0.8513128062767178,0.7913244907354077,0.8662566746168557
2110237,0.8731629149639356,0.8721818743288209,0.8086694626014316,0.9006455330160192
2110278,0.8958650789286946,0.8939932513049765,0.8590830656371383,0.9318740106988099
2110302,0.8544378472610497,0.851436158093431,0.7964487101227923,0.8848617905773223
2110401,0.9101634814260136,0.9101271434877471,0.8714201307984561,0.9294843521628265
2110500,0.8284810981608088,0.8310432255694851,0.7985930557039363,0.8721815634306055
2110609,0.7812027403431707,0.7818445658548532,0.7094235940821506,0.7861375722417702
2110658,0.8736879434286597,0.8728431578330983,0.8128454326103766,0.8575948250748007
2110708,0.7362159276174111,0.7366716762093771,0.7071234433515562,0.7898902504519979
2110807,0.8861798723009683,0.8853421130338829,0.8399378315692058,0.8875677142629218
2110856,0.6920484622905031,0.6917403217058568,0.5963113654000333,0.7064223792477673
2110906,0.8699068916687427,0.8708514799169702,0.8303145562668828,0.8962477399360383
2111003,0.9193235073496004,0.9192533817666596,0.8783261721083709,0.9397009817038177
2111029,0.8427330780981468,0.8396271843111167,0.7732311478238733,0.8134648678727191
2111052,0.6741635488632846,0.6756185268669554,0.6023104107707781,0.6788106956295875
2111078,0.9191672104777546,0.9183062519958956,0.8788135343697032,0.9237663883418662
2111102,0.7706004150757668,0.7704197081409977,0.6891366876544174,0.7847224329829929
2111201,0.853328065830358,0.8518059845608161,0.7308599905434106,0.8925360354062507
2111250,0.9182294347134093,0.9175888264775058,0.8672060892204024,0.9214976054548165
2111300,0.7616137751343266,0.7598282017427986,0.5805445465207754,0.8266805013072079
2111409,0.9192998040828677,0.9177670959632881,0.8731036536033026,0.926651947311471
2111508,0.8318497541756165,0.8330011935859534,0.7794860972195629,0.8663278991036575
2111532,0.8194373955769612,0.8177361165319316,0.7712061551373592,0.8298701292682287
2111573,0.5119515345308386,0.5093366488737682,0.4408055720322473,0.5877557965001601
2111607,0.7312423328217863,0.7290614671549241,0.6856132287811812,0.7574671980876073
2111631,0.8521108611960588,0.8526848710525751,0.7966351173119124,0.854978282673073
2111672,0.8940044781128424,0.893500542823871,0.8461296177400771,0.8979875708712454
2111706,0.9131747333108937,0.9122495109111496,0.8587683636941028,0.9349726495596823
2111722,0.8769666678310546,0.8765009357046146,0.819191252048974,0.8908273478909264
2111748,0.850012262136997,0.8494108499848009,0.8156204909040826,0.8850054218955546
2111763,0.8175183032310881,0.8180756325541262,0.7243865258230708,0.8176282804369217
2111789,0.9397223257840623,0.9392154279037864,0.8965572592846228,0.9436978508655519
2111805,0.7064623180939112,0.7067323414479064,0.6302545565769812,0.6996614366246064
2111904,0.8866553225505339,0.8852221290352057,0.8411016193625479,0.8950780249816432
2111953,0.8637264206082478,0.8632053561799534,0.8176200227332155,0.8784377604109785
2112001,0.68573531785761,0.6835156709923552,0.6239881608935071,0.7260911424520325
2112100,0.8967505443274466,0.8960923252435286,0.8473608793645063,0.905021550989331
2112209,0.841764789900775,0.8424060715871248,0.7461659364302226,0.8877753235770128
2112233,0.8031586245856823,0.8024960752983675,0.7120088623304124,0.8482008694753974
2112274,0.9279308774506442,0.9272606415659075,0.8890251971287926,0.9374131342014471
2112308,0.7998385588001207,0.8002861347380711,0.7313888617671801,0.8339224613259141
2112407,0.811446087840823,0.8127035570727755,0.7740679104497024,0.8469353707289878
2112456,0.8956174384376714,0.8943269996095639,0.835368876575088,0.9147598369205365
2112506,0.7320719545615086,0.7325577347155097,0.6766229350447013,0.7766493133436164
2112605,0.9098057226836446,0.9090051777446937,0.8639297417432462,0.9302286130359475
2112704,0.8541647062431093,0.8530167576954031,0.7996306970011355,0.8729364720184322
2112803,0.8251055776961405,0.8254253339708458,0.753639529386585,0.8624906211486053
2112852,0.720558581759419,0.7239681547224719,0.6539825744376911,0.7266941238885168
2112902,0.8364247065616464,0.8358496262162817,0.7316668686381683,0.8584248005745261
2113009,0.806401700800377,0.806505910218124,0.7383983356492085,0.8270851203558109
2114007,0.8476171662108499,0.847222837762259,0.7894606559988958,0.8522269805503214
2200053,0.8904234987074252,0.8889661672962849,0.8790099903756268,0.9280571024437485
2200103,0.8200788160188235,0.8208358974719624,0.7705925052875363,0.8410822377272051
2200202,0.7846151320074835,0.7855406495209746,0.7329446378804132,0.829114722925718
2200251,0.6701019518005108,0.6743915276691924,0.651518913625286,0.6960099338221418
2200277,0.8410604668837198,0.8409231070619004,0.8191158623309921,0.8903438980950754
2200301,0.7744781904611019,0.7750940807459807,0.7209167889897229,0.8129825952362086
2200400,0.8022010094833448,0.8042289231774534,0.7465786556318773,0.8260869783954506
2200459,0.906956274701432,0.9073276648846192,0.8579891677624228,0.9202628845068413
2200509,0.8221874271960345,0.8234543963246983,0.7817518151530938,0.8599367444898066
2200608,0.807151314603952,0.8079520409975144,0.7396432170668611,0.8501871784263023
2200707,0.8318681869659688,0.832948341232839,0.8022492305728263,0.867222467181489
2200806,0.5994224602604935,0.6029236238727219,0.5497984150585593,0.706489088138471
2200905,0.8591808953358385,0.8595536245646277,0.8282149005818707,0.8763978970499923
2200954,0.8096661887170921,0.8128612349275923,0.700905330848177,0.7478369517998745
2201002,0.8451866850482584,0.844630370466151,0.772619319632767,0.8549213854123684
2201051,0.6105177220082145,0.6151528653566318,0.6231736833659887,0.6658259204659206
2201101,0.8215713537159138,0.8225278974739836,0.7677486908108792,0.840885162204024
2201150,0.7252129341444524,0.7251368581205323,0.7156869822667545,0.7877066744907081
2201176,0.7208719611966161,0.7214667921200787,0.6667842388880806,0.7604283235812083
2201200,0.6708868793705965,0.6759399048965241,0.6575319429775958,0.741012771885464
2201309,0.8021764664121371,0.8028202052561725,0.7467083092169888,0.8502101638399897
2201408,0.7782719724069653,0.7795077217437544,0.6971048866305772,0.8299794224744214
2201507,0.6962355722778009,0.6981452057906775,0.6478779903265761,0.7197351583725146
2201556,0.9122380448365308,0.9127397245163237,0.8892907825613904,0.9261169689381679
2201572,0.8380797320079895,0.8387816863445131,0.7440366060213504,0.8227592521137598
2201606,0.7968331716552922,0.8003495263077767,0.7561639256366733,0.8156017259465226
2201705,0.7896759474011417,0.7901398273773467,0.7384997283353196,0.7969338859799505
2201739,0.8939276187736596,0.8924410244756943,0.8627525113223014,0.9119424119602536
2201770,0.7395967572026892,0.7412808839892614,0.7116652681681268,0.7937061123067047
2201804,0.6586768986336925,0.6616345657885355,0.6264162015037917,0.7058325224384693
2201903,0.6925304611817136,0.6951419491186933,0.6152143966761227,0.7045927509412374
2201919,0.7240204791308578,0.7276777633645558,0.6758387111853527,0.7500192891165037
2201929,0.8940790129743024,0.8940672004135628,0.8689691228527098,0.9115268385316267
2201945,0.8567480191143999,0.8563079543760069,0.8203464338307743,0.8783600716398481
2201960,0.7601184795818655,0.7617093070727293,0.6813260527069823,0.7437525204363165
2201988,0.9106198555669182,0.9100217825804648,0.8862316247068875,0.9342531616376414
2202000,0.6962628114651582,0.7007248554281632,0.6394940253865956,0.7220428378673307
2202026,0.7863921141489236,0.7898354572491803,0.7693595956901279,0.8399146441437867
2202059,0.8459056964608874,0.8467401921177083,0.827018104423269,0.8846421745223537
2202075,0.8456393744969162,0.8451833572139967,0.8005202649322015,0.8449574609224485
2202083,0.8100619823399045,0.8098696437403478,0.7596070482724815,0.8225007683091228
2202091,0.7981335358888271,0.7975600286689185,0.7497330838228127,0.811229137794958
2202109,0.8281238313186658,0.8271079567571182,0.7747236818252102,0.8239898084155218
2202117,0.8351008993789075,0.8355720790022808,0.8060793733484296,0.8536446737660747
2202133,0.84704358608815,0.8467362884965312,0.8155115199034538,0.902302848514104
2202174,0.799593443008549,0.8015775988444321,0.7909461055649296,0.8458846394303978
2202208,0.7411190231220768,0.7428229213561597,0.677820481204456,0.7757414977042704
2202251,0.7798546003402734,0.7802459751339672,0.7350586986322475,0.7804086923704778
2202307,0.7595304168078773,0.7606816220266324,0.709316567070803,0.775877992344934
2202406,0.7439544314654942,0.7450817074533488,0.7025507432914019,0.7802684215271766
2202455,0.8728276769381378,0.8740092612958464,0.8415279485808179,0.8708901593710143
2202505,0.8481738753101098,0.8470746689027756,0.8034451281264091,0.8742322575700925
2202539,0.5875818659619838,0.5925261678327649,0.5817530814179138,0.6135521854510939
2202554,0.819722891228337,0.8166207718191756,0.8495233610285663,0.9009771672448296
2202604,0.7347522738519259,0.7382850609126873,0.7070096186822585,0.7838095715253175
2202653,0.6429994395713464,0.6492470747844552,0.6545234394973335,0.7142968689233143
2202703,0.6068249502539693,0.6139398662914314,0.5878069817219048,0.6530633454505154
2202711,0.8830063278027193,0.8833255620448149,0.84974278952109,0.9094931780838226
2202729,0.737926563690396,0.7393473625129863,0.7024889336107263,0.763953662338884
2202737,0.7436039556382694,0.7435595884237102,0.6763435900306565,0.7954379948491979
2202752,0.872032727485655,0.8723245667928099,0.8178422304030537,0.8891120957113658
2202778,0.8861972891320433,0.8864810482822016,0.861498596708374,0.9205383628465711
2202802,0.8376783704912796,0.8357950881078562,0.7841861200110506,0.8528664216800643
2202851,0.8474877367183578,0.849361980465924,0.8068221151509527,0.8618293034700989
2202901,0.7622496171204443,0.7638983013324193,0.7051037540474588,0.8048759967676977
2203008,0.7228758997170966,0.7289514603361541,0.7454892769574234,0.7966449866439844
2203107,0.8295265575081552,0.8314972825661786,0.7939290966868042,0.8591856790306484
2203206,0.7285644887820552,0.731559900258258,0.66644336159592,0.7322947378156167
2203230,0.8427094895615672,0.8428204122065308,0.7972726720989218,0.8461164156783987
2203255,0.8401500347577231,0.8424231911732472,0.8056095046391878,0.8721931613263877
2203271,0.8846695841341572,0.8843251672513374,0.8650902577229177,0.9211598776474709
2203305,0.7737928078619027,0.7772583096625825,0.7228012202476588,0.8012089608013313
2203354,0.8460404662735421,0.8470452751774173,0.8055394559885443,0.8526767300034895
2203404,0.800560674962317,0.8021282970347117,0.7595450757808893,0.8325969202358386
2203420,0.7811975964375191,0.7834106587177825,0.7660108456280007,0.8109258248396675
2203453,0.9111465587998687,0.9102964823505696,0.8901365865541179,0.9248711144315971
2203503,0.8236624570742113,0.8246684053820377,0.7660035942482285,0.8339309051362128
2203602,0.7876193924524159,0.7872870618466782,0.7283946340731428,0.8194186489524488
2203701,0.6671204665710306,0.6723041252657532,0.6508420567950985,0.7172309926499754
2203750,0.8887830325392525,0.8890103806135875,0.8433406990307998,0.8965177629381129
2203800,0.7313703231920667,0.7336625830493037,0.6838464535683243,0.7524123430146467
2203859,0.8074917270037794,0.8083614381001434,0.7645515702921447,0.8670963313904753
2203909,0.7569038653991174,0.7586561535256601,0.6725807930890478,0.7761553376415886
2204006,0.7804944296102836,0.7833546460901274,0.7225650886660818,0.8072749591211116
2204105,0.8091693257942437,0.8103038064328963,0.7633944050243507,0.8325072664154559
2204154,0.8240920042085715,0.8220995455890622,0.7728244183964365,0.825324485693976
2204204,0.7804266667352491,0.779530051249172,0.7162380382689099,0.8040308921123153
2204303,0.8197145605117271,0.8210261788182858,0.757857028792048,0.8440849262428153
2204352,0.8130600664245102,0.8156281335761394,0.7866527555167128,0.8324050079622545
2204402,0.786678389900483,0.7872115058142798,0.7491886273708973,0.8249089893313558
2204501,0.7363231348481208,0.7362508684153931,0.6635365149551037,0.7491409351263373
2204550,0.9225836833340096,0.922041570251289,0.8914254362771805,0.9212872760095756
2204600,0.8161492443878342,0.8179490905326453,0.7669899445622151,0.839798825035487
2204659,0.7864013096657738,0.7878107273196244,0.7130385583125585,0.802871450780167
2204709,0.8250038315541806,0.8263878751078858,0.7702809071742459,0.8452623823899591
2204808,0.8548811188036445,0.856626280303279,0.8175512686047209,0.8699394957156281
2204907,0.8169987052630945,0.81799046859731,0.762133006488881,0.8275061027110165
2205003,0.814964504251174,0.8156804554052712,0.7868152635319445,0.8413054501939684
2205102,0.7352016373758377,0.7389463383976649,0.6819592315677893,0.7411892069556586
2205151,0.8987101562585775,0.8987597778943542,0.8698822666268176,0.9332513921008498
2205201,0.7832222088199305,0.7848282011730555,0.7285077627668374,0.8076977561604681
2205250,0.8132649300692686,0.8153940526144602,0.765491988894467,0.8655257084812981
2205276,0.7896769078969024,0.7924409252078916,0.7418616610892917,0.7991418123604968
2205300,0.7495206869138504,0.7529778847366293,0.6923009503830944,0.7489996031500034
2205359,0.8717003624321369,0.87148983449117,0.8270348703312077,0.8796938131739149
2205409,0.7123507310034102,0.71523932071189,0.7039751471310862,0.7687054845457558
2205458,0.7347940702075508,0.737270664249715,0.6989031501826727,0.7594777765534261
2205508,0.8246858682469117,0.8270152466065919,0.7855300666761242,0.8515304792165194
2205516,0.7654471472534947,0.7684596062918224,0.7424962428539779,0.8209083472726832
2205524,0.9010869673846489,0.9009348777221443,0.8795037252140331,0.9254165592034669
2205532,0.7860378882079396,0.7867899181358903,0.7539730031539906,0.8033125969822636
2205540,0.8195076338369098,0.8215279834552162,0.7962132434615925,0.8786708214058742
2205557,0.8417124560695296,0.8418675768997833,0.7894310131390521,0.8494370731432537
2205565,0.857955130866732,0.8568242163444212,0.8370345029071999,0.8860608652657955
2205573,0.8168209581149212,0.8157481325367656,0.7187566737625734,0.7873808764065903
2205581,0.789272826103887,0.7904994707726472,0.7358441661306235,0.812107620812298
2205599,0.8802842160477026,0.8786360521858948,0.8541092366048049,0.9096672562500357
2205607,0.7999851473119692,0.7999860873253413,0.7434913144912296,0.8591635257842963
2205706,0.6954126660513846,0.7003893258366897,0.637652998938759,0.7059076607531275
2205805,0.738268046431915,0.7417755881014504,0.7144193284717181,0.8164716395881602
2205854,0.6995202984045293,0.7053886399927847,0.6598879935882186,0.7360869957615993
2205904,0.8428731146616961,0.8416834217548553,0.7877550349590923,0.8685686630785017
2205953,0.8015529929447444,0.8016954524493487,0.7486405908895261,0.832278988151724
2206001,0.6546529249471817,0.6580759955240324,0.5793633107398283,0.6796033375354633
2206050,0.8219268660764599,0.8234675470631516,0.7984024927683454,0.8531195812850071
2206100,0.64623481466307,0.6523018934732048,0.6193311736693662,0.6907773072663751
2206209,0.7658784348557779,0.7693980071184595,0.7295072483972213,0.797210439697634
2206308,0.784789935972982,0.7868006254606432,0.691755052413764,0.7970791027828484
2206357,0.7922367754661337,0.7927487263495426,0.6936561264099345,0.7442798327996963
2206407,0.8192749446046855,0.8208632564137144,0.768695803906119,0.8628576611770105
2206506,0.7340651219135206,0.7343681324338392,0.6686460622767593,0.7616809524048792
2206605,0.7919605223159062,0.7914846928617728,0.7482160865953995,0.8095857369724161
2206654,0.7528562136983343,0.7561027583420361,0.7074285628513804,0.7463463667186083
2206670,0.6799189366218524,0.6827294636132973,0.6468243428318478,0.6898915583192259
2206696,0.7234831069943977,0.7263656729397511,0.7001431122365229,0.7690975915551971
2206704,0.8766375247355673,0.8776862946558426,0.8235240503114065,0.8718079820807606
2206720,0.8258038424312895,0.8265570426855425,0.7662750429691275,0.8486376381376858
2206753,0.8551913181720399,0.855665538703083,0.8074178466029274,0.8665180717159359
2206803,0.7246297777925454,0.7275874361821221,0.6915504030016648,0.7437708969141493
2206902,0.8745607039542201,0.8749460139066092,0.8406645938166606,0.8863773335241998
2206951,0.8523362630923428,0.8527232667359036,0.8129925300706254,0.8846965850168536
2207009,0.7614252324680928,0.7635033557746619,0.6950496907552465,0.7739137000095871
2207108,0.8558717764796244,0.8575114960930973,0.8191891835674596,0.8895561486272028
2207207,0.7380563302255245,0.7411618380330646,0.6704626931426768,0.7647163500161662
2207306,0.6420716636070444,0.6481618291853831,0.6300630375309583,0.7292933257957944
2207355,0.7418659050150496,0.7429353207381303,0.6605624508204383,0.7447410323587738
2207405,0.7426407394672878,0.7425420226315098,0.6900711417059416,0.7745582776780787
2207504,0.8305715441536556,0.8322337486191156,0.7828161989796861,0.8589205422586067
2207553,0.8746015137025638,0.8753614895111504,0.8443648862152201,0.8824269205229219
2207603,0.8687164851227994,0.8681630602974684,0.8325067127808863,0.8886172157400424
2207702,0.6515907788120775,0.6560666625933663,0.5740270862945569,0.7050936750897955
2207751,0.8549049526783903,0.856357400982235,0.8144122652795113,0.8886366595652962
2207777,0.7931899514445899,0.7930948710827069,0.7244892277618452,0.8062187699225637
2207793,0.8314853099667868,0.8337368511416647,0.7994751131168054,0.8681838243188668
2207801,0.8856229975720911,0.8829723315880926,0.8517049794519993,0.921215730061476
2207850,0.8750169323101644,0.8767583715835071,0.8543316729543862,0.8919982625806219
2207900,0.7351713840345409,0.7331161520552739,0.6916498287118752,0.7718092324638355
2207934,0.8205899731941149,0.8186404412075546,0.7885724560822456,0.8659993486525249
2207959,0.8633537329427043,0.8648191421299846,0.8362239670614353,0.8850663739578377
2208007,0.7433379616994927,0.7458556166328739,0.6713401238281458,0.7635977886529733
2208106,0.7618013170896695,0.7655140521703817,0.7594971154916403,0.814415364385059
2208205,0.7959713793385426,0.7983877665150451,0.7641555842076593,0.8297612893659884
2208304,0.6950989471035371,0.6995179554919048,0.6558245581990115,0.7199983754164531
2208403,0.7024393249956278,0.7061702878287784,0.6416544601743773,0.712887341350568
2208502,0.809047227434111,0.8085775398413545,0.780561642079275,0.8615667478333643
2208551,0.6982864884542621,0.6948800943559005,0.6480754107700534,0.8072435920240606
2208601,0.8182531652332161,0.8184366084402305,0.7496675993959273,0.8293807373299478
2208650,0.8689087384175314,0.8670815663771076,0.8740302468432265,0.9144114626720249
2208700,0.706383287262795,0.7100334296249683,0.6543726386891734,0.7438361783600835
2208809,0.8571942490863675,0.8578622593764097,0.8093709180696034,0.8740835336134509
2208858,0.8802404127320586,0.8803086830384128,0.8416678571614548,0.8955300263665643
2208874,0.8835080286117611,0.8830543289894095,0.8542317461073488,0.89561485320274
2208908,0.699645190632732,0.7013449630153487,0.6405170748781116,0.7269055643238427
2209005,0.7344338923852649,0.7393902357224782,0.6811494778033961,0.7320546412836304
2209104,0.8177606763923847,0.8187616178415965,0.7777180573924128,0.8595899923633706
2209153,0.8327458247481164,0.834154657732423,0.7754531190311494,0.8586272318994549
2209203,0.6793388673290249,0.6788281696678795,0.6602041177582758,0.7436111254690511
2209302,0.7331703270734631,0.7366562639686723,0.7142391843941871,0.760221175098729
2209351,0.8349953354901458,0.8379571057470505,0.7992626801104438,0.8577632390082107
2209377,0.7359399545468934,0.7350716885611952,0.6618944113081034,0.7253644917334952
2209401,0.7855119458201357,0.7879217268653336,0.7053080611820853,0.8016010516328335
2209450,0.8945519602669839,0.8939269518672875,0.8465512510587273,0.918518221394438
2209500,0.7496092288727578,0.7475292925994523,0.7134634593863619,0.8364232813467032
2209559,0.8879913391711951,0.8889517811044853,0.8539162758958968,0.9145679557714317
2209609,0.8154459058130425,0.8141711159785089,0.7311461030622798,0.8143414130923774
2209658,0.7805121009992425,0.7785073878186397,0.7548097977511176,0.8180342202942339
2209708,0.8040068737656313,0.8032390718197089,0.7658416744383808,0.8548872725262537
2209757,0.7872065363146302,0.7841189580216122,0.723348849455573,0.8693664352164433
2209807,0.8009417554949092,0.8005952131181293,0.7183251280903464,0.8426814690393791
2209856,0.7527910270852153,0.7561788972682618,0.7258185787636598,0.7748988111192232
2209872,0.782756293720769,0.782547560018977,0.7274042283682628,0.8043096968875153
2209906,0.6720595823276349,0.674207085621453,0.6373271032587068,0.7139785382752134
2209955,0.8409462852239424,0.8415475959232511,0.8121250159423985,0.8667195111246727
2209971,0.655181670412649,0.6571834805938258,0.6399018681305245,0.6847132464280814
2210003,0.7385921467180425,0.7399952892332932,0.6757870585639019,0.7615318707220702
2210052,0.7187775229101814,0.7213247197593593,0.7084934653595699,0.7609744147313476
2210102,0.8033526873786196,0.8047638466916047,0.7340375263894671,0.7983036743784094
2210201,0.8424151112186857,0.8435583123401157,0.8279354891281429,0.8730355403252297
2210300,0.7988450071528318,0.7958550705711245,0.7407623445394735,0.827357905562283
2210359,0.8600868663295976,0.8601549147183115,0.8230712848182291,0.8903877192464797
2210375,0.7463586915235962,0.7499805625131842,0.7018257065142035,0.771131816374158
2210383,0.8001839394444433,0.8004891174039809,0.7231112895847133,0.7933540932173032
2210391,0.7894367949195245,0.7955623375023267,0.7613381417591082,0.8186382040101049
2210409,0.7200234843285997,0.7267362457203186,0.7088186708710381,0.7608462869322373
2210508,0.7297268630043666,0.7323572752523696,0.6806432957605283,0.7670284696137112
2210607,0.7611876530198132,0.7645562524498629,0.7263643695526154,0.7949837601369372
2210623,0.7860666267503934,0.7869267797815706,0.7278152733014241,0.812981123223454
2210631,0.7245566338624001,0.7246845426632245,0.6880241433652395,0.7683543054811621
2210656,0.7870268582529639,0.7887435838887965,0.7502402046960102,0.8103331129728479
2210706,0.8391960584476472,0.8379479590413283,0.8035899722718504,0.8832926531393914
2210805,0.7046649560478679,0.7105077185424878,0.6631539512445958,0.7423210792208698
2210904,0.7424145842380474,0.7431259159296341,0.6592663917504363,0.7830996409056187
2210938,0.7695940473819007,0.7722849502905871,0.7292885285903221,0.7809350812150025
2210953,0.5660129163943942,0.5734182452285008,0.5424876526343057,0.5966897900307756
2210979,0.8168716365912289,0.8178925713667501,0.7678981275962081,0.8619015644271389
2211001,0.7093461691697436,0.7120743816674139,0.5815925276480759,0.7655484395840176
2211100,0.7750922362110759,0.7785260540063067,0.7399845626874777,0.8105235976326067
2211209,0.4776274569291187,0.485369835115751,0.4404787901945458,0.5353725334225462
2211308,0.7862356074307837,0.7854447227189555,0.7209110577804575,0.8240017938233234
2211357,0.8517546407326412,0.8522072099302741,0.8321336507796616,0.8707558153838079
2211407,0.6911758651807982,0.6942030618322989,0.6331917433724971,0.7102129764277527
2211506,0.8204934137676052,0.8216109024583226,0.7715729063752828,0.8345566549879289
2211605,0.8243980824109871,0.8224830352426427,0.7770772494414612,0.8858726311521071
2211704,0.832076632207919,0.828810372016556,0.8072869227533218,0.9172358224202347
2300101,0.8666692539688843,0.8667827574041317,0.8310419342158514,0.8714250293906624
2300150,0.806176743675382,0.8074735547032098,0.7190738877128714,0.8519688680850894
2300200,0.8481137807445812,0.8479190382052813,0.7868007763473903,0.8647881306921242
2300309,0.8324960181070076,0.834557646582719,0.781284432419931,0.8214649323861248
2300408,0.811419267514797,0.8106424489008003,0.7644207229369527,0.7972101153360024
2300507,0.8724928771060205,0.871600792686381,0.7809335233838252,0.8548263422403711
2300606,0.7986370703671649,0.7998928524738469,0.7407112892686643,0.778347370947937
2300705,0.9069075447323576,0.9060486704958115,0.8600746989709496,0.8947065258462438
2300754,0.7728172737593741,0.7729897309962662,0.7259259391265044,0.8116888899340605
2300804,0.8381408077267944,0.8386892541494353,0.7637169251181756,0.8111882492662986
2300903,0.8467541276746248,0.8462194892424231,0.782403039528968,0.8502656734163415
2301000,0.818471350949953,0.8180367803803278,0.7117351570242528,0.8349185842079523
2301109,0.788260063463989,0.7874416630522374,0.70414589422353,0.8097790183465783
2301208,0.8103694454622362,0.8114500214685978,0.7369199782691674,0.7982074758451408
2301257,0.793945903376325,0.7914471584346644,0.7584064733251354,0.813371460624808
2301307,0.8580789977405788,0.8581848134474689,0.8164825005782849,0.8534840185281732
2301406,0.8291156167045824,0.8287026429379392,0.7712163531446944,0.8407819041666528
2301505,0.8031515826572155,0.8029399993826077,0.7598486548228798,0.8016970813944778
2301604,0.8470376929789288,0.8450057706593984,0.7874164670009591,0.8491696209558649
2301703,0.7568673665985892,0.7567704518289379,0.6983340753206296,0.7557753015641039
2301802,0.9004977960598308,0.8988739690405194,0.848057421289087,0.9108098735057156
2301851,0.8558260544991243,0.8564927987789427,0.8028369074182251,0.8561618927290091
2301901,0.6971029807363338,0.6985433970351668,0.6507213570610885,0.7246021378867277
2301950,0.779825919491414,0.779278065247398,0.7027253264945518,0.8158033806690641
2302008,0.8906890575484352,0.8894310749424891,0.8301034782162531,0.9003513728691604
2302057,0.8228724610363156,0.8230344886506034,0.7586916638614145,0.8122909248264388
2302107,0.808275969685476,0.8082455047616922,0.758407296286795,0.8330979276586269
2302206,0.7798198797562421,0.7792759889922266,0.6957385461801376,0.7946345785269529
2302305,0.7804874452910359,0.7798482187124075,0.7193060025786333,0.763800434301138
2302404,0.859832026233921,0.8593014508961895,0.8179415041660801,0.8648874287667948
2302503,0.8270946343881407,0.826343293333533,0.7872492868575058,0.8488284971430845
2302602,0.8162164755644844,0.8144152036519211,0.7409065802909826,0.8368170964111038
2302701,0.7854391604831754,0.7869466936433195,0.722093308186559,0.7773394837106015
2302800,0.8507007392132742,0.8496294865613923,0.7885866649255101,0.8484819962664863
2302909,0.8769152385658631,0.8760003155528678,0.8215921776935041,0.8942097245340292
2303006,0.8091079152033189,0.8105145414780339,0.7443336505927439,0.7927091226398343
2303105,0.7453337179106058,0.7449667300007795,0.6889138081903466,0.7298180416438868
2303204,0.720075897108185,0.7207005275122622,0.7009756078495029,0.7497648370467217
2303303,0.8401341909955042,0.8393798445451083,0.7922417931633273,0.8448646581751268
2303402,0.8440785152476633,0.8433014850904712,0.8032934153957889,0.8491945364824649
2303501,0.7957621456641439,0.7963502222723887,0.6721789198887794,0.8084902812002781
2303600,0.8371948582031836,0.8363015400457043,0.7758926260857782,0.8122432735969686
2303659,0.8819317380530953,0.8819058174176609,0.8371554609558496,0.8785598125842418
2303709,0.8473910314843908,0.8462919865550043,0.7175210012135738,0.8688711170059075
2303808,0.8028018001622033,0.8032243365073084,0.7210480176451418,0.7843494783281089
2303907,0.8625096189800525,0.8620863202037207,0.802769106174889,0.8548383038706007
2303931,0.8848294515478553,0.8843224549100498,0.8376778027279804,0.8758723281563942
2303956,0.8566440415092668,0.857138410449653,0.7673072411541692,0.8637702391136163
2304004,0.7614705170338887,0.7606982686241212,0.7046935781081918,0.7576169999211412
2304103,0.7785101815322805,0.7785530918746303,0.7166873227945584,0.7950781735649723
2304202,0.7970558185678178,0.7980701015744393,0.701435013147233,0.7991695154041021
2304236,0.8485278331412509,0.8485485660630318,0.8087816280721479,0.8574931808308245
2304251,0.7220436034989752,0.7212831525283473,0.6740302133035283,0.7233139214192278
2304269,0.7792263706990681,0.7827127696706393,0.6940792493750375,0.7225910461097752
2304277,0.7178395479702129,0.7167281216594148,0.6718268899739757,0.7204549202407344
2304285,0.8186925439582641,0.8181312995296177,0.6965070121403185,0.8575306630474696
2304301,0.7771770100802688,0.7771488202654572,0.7361023582909126,0.7956636722704399
2304350,0.841889628344918,0.8395051665066992,0.7520678657106868,0.8502807368965342
2304400,0.7385265138433699,0.7378345640868417,0.5661747183715024,0.7998239380041471
2304459,0.8664033705321587,0.8652845021223712,0.7812793242037789,0.8736549464289182
2304509,0.7906232560611425,0.790957294792463,0.7341935753418589,0.7870014900917305
2304608,0.7710363790971304,0.7710389219838368,0.683048769235093,0.7586985665189164
2304657,0.8847602065130329,0.8846552885192573,0.8181199310883472,0.8819120999345141
2304707,0.8350928747745714,0.8329083022785341,0.760121365074805,0.8055255433816312
2304806,0.6968473986593581,0.6985413699173698,0.643005011033094,0.7011605014296848
2304905,0.7811312877678535,0.7787218178116979,0.6865430881676516,0.7688544586633097
2304954,0.7943176316183375,0.7942917951536267,0.7050937261574514,0.7648103850837278
2305001,0.7765473042408582,0.77800423980714,0.7184284207936167,0.7915336188499618
2305100,0.8478616064613618,0.8471949096487287,0.7715380832854728,0.8674032270821996
2305209,0.837518439480895,0.8353844240264522,0.775514175948616,0.859484381103769
2305233,0.8208213866813157,0.819723354830732,0.7108573322553738,0.8250717495274799
2305266,0.8312443549501922,0.8329385075139787,0.767248339672976,0.8155274256765499
2305308,0.7470648201189927,0.7468723512508125,0.6707878689729495,0.7352490515820005
2305332,0.8272574957177854,0.8276486383979034,0.7639006797538302,0.8193784844577744
2305357,0.6008356225230981,0.602703899697644,0.5805681220304729,0.6577252475426599
2305407,0.8499968830840711,0.8502076388582593,0.8012236507639902,0.8685173446050456
2305506,0.8432435927890718,0.8410573285281194,0.7749722609049137,0.8458298562065515
2305605,0.7369780988131804,0.7376150518411113,0.692223751930066,0.744954749326709
2305654,0.7336279817634941,0.731581660676513,0.7047293732843428,0.7436629130229404
2305704,0.8735113005469146,0.8725432161692542,0.8050620872374515,0.8730055349239407
2305803,0.8381201281340875,0.839038162905534,0.7862040475239495,0.8464912548259275
2305902,0.8400772875221769,0.8375906353249981,0.8080550558303615,0.8654390655682632
2306009,0.8842938816458006,0.8830153618875162,0.8318709088345644,0.8782513225531736
2306108,0.8717315837122236,0.8709976303438448,0.8064970746028471,0.8918499225282409
2306207,0.7311997933411288,0.7310475885075253,0.6776815567318423,0.7517747646827111
2306256,0.8387077970754583,0.8374723619004177,0.7383290934396421,0.8512576763347437
2306306,0.8253263211181995,0.8235714391137909,0.7548910746605012,0.8586750839571318
2306405,0.8524944193937014,0.8503319003516433,0.7807355938284074,0.8575297189241228
2306504,0.8329931395637564,0.8321830012123735,0.7768096450185102,0.8444025920668498
2306553,0.8032695532509422,0.8047183351758517,0.7497784042275074,0.8220163167286186
2306603,0.8752899891513375,0.8755911851108137,0.8501849453599709,0.8862435836659329
2306702,0.8716033418539888,0.8705195513769931,0.8167390095679332,0.8724623296855037
2306801,0.8635440124193647,0.8622285951288609,0.7964731066225985,0.843291436845255
2306900,0.8523456511917946,0.8522509141243827,0.7837248986428357,0.8638699531707128
2307007,0.766091460544803,0.7637767374262242,0.7026646333037198,0.7887435741230352
2307106,0.6978858954629787,0.700991731657335,0.6813689997432363,0.7366283693149022
2307205,0.9016589955709537,0.9001026064896802,0.8449562212485059,0.889506659422966
2307254,0.7353114952031226,0.7342192015919343,0.6775307505678483,0.7487990313189258
2307304,0.7421519175387016,0.7457464190479279,0.6406497668964849,0.755300587812243
2307403,0.7429155093557795,0.7426838320950111,0.6809611200308715,0.7310916382832703
2307502,0.8317518223193847,0.8329083534046212,0.7901270527021024,0.8424674259085293
2307601,0.8688322747446621,0.8682836773780028,0.7743490594897496,0.8695619918378236
2307635,0.8823152400187666,0.8808638567455405,0.8275717292260875,0.8795342055825021
2307650,0.8384728927946127,0.8378015107406247,0.6856943219039469,0.8664740151284848
2307700,0.8537359083229339,0.852877047495851,0.7458976149355512,0.8691358439230527
2307809,0.7076372553047917,0.7056405172326534,0.6329156614295174,0.676406841564574
2307908,0.8508871729974756,0.8512429157422686,0.7768243273945293,0.847583484944753
2308005,0.6484389246140848,0.6487745991718828,0.598660319842705,0.6404265961278058
2308104,0.7163397293240801,0.7153377276321661,0.6977275025059234,0.7386361167146998
2308203,0.8204071158330701,0.8184423576791681,0.7737419654539842,0.8746576804851705
2308302,0.8678060098621194,0.8650608570572628,0.8443284013172628,0.886449031475233
2308351,0.8749208576659451,0.8743124412416065,0.8264044850734343,0.8724705397297926
2308377,0.8690340869820488,0.86789917649778,0.8173538446672651,0.8668580775585432
2308401,0.8055722256362506,0.8057214711626953,0.7683244824009288,0.8220005952841133
2308500,0.803057992732117,0.8028491325489332,0.7280778205970521,0.7767646455102319
2308609,0.8339091561473544,0.8343236577324945,0.7918503116892269,0.833793158769306
2308708,0.8578263789310595,0.8550133565479962,0.7780021692846186,0.8740942405945725
2308807,0.8297161201730401,0.8278282855290677,0.7586459764501332,0.813030753506375
2308906,0.6404005775845286,0.640419883073128,0.5763828761742019,0.6603379746879723
2309003,0.802970115766462,0.803011166868553,0.686431795710761,0.7625000956069524
2309102,0.8786636057681105,0.8778710370364484,0.7963476286642358,0.8713825944531498
2309201,0.7489991876849035,0.7497981174798137,0.6911231338160987,0.7570477550881304
2309300,0.8436135510815351,0.8420453900689279,0.786711161970498,0.8572163798569693
2309409,0.7569288926159008,0.7586538847068031,0.7101777023876549,0.7506423324020135
2309458,0.8230801610497689,0.8219033438996136,0.7659934820387052,0.843871598554479
2309508,0.8646646471540326,0.8653416387334074,0.8140917669804907,0.8628093531855137
2309607,0.8411062545737579,0.8397927630816157,0.7167966307216692,0.8366308518490579
2309706,0.8158820012286474,0.8166016334706206,0.6777906270149545,0.827608271647097
2309805,0.8327697492535114,0.8325806293163326,0.7656608484301911,0.8576557064520207
2309904,0.8594481732416538,0.8574816420354777,0.8119998713196622,0.8710290315184449
2310001,0.7328157641382139,0.7344165228679579,0.6817089503434595,0.7507349683262591
2310100,0.8685747214877648,0.8681805221280748,0.802451407017672,0.8887288177689715
2310209,0.82146233143822,0.8227321877515642,0.7213053386448234,0.8616946124205723
2310258,0.828379228978145,0.8273476770786131,0.7659639392147296,0.8491483938565909
2310308,0.7059505192564879,0.7018050171961074,0.6571586559557412,0.7217191079129089
2310407,0.7829907370468159,0.7836541498424344,0.7390938430097709,0.7980940211486539
2310506,0.9063832925133475,0.9045632223001814,0.8559207267539811,0.8986560321978213
2310605,0.8483063145332831,0.8477143038722589,0.7862881542534578,0.8459460598074618
2310704,0.8541053851585231,0.8526596626297008,0.7902159783466787,0.8809416593847071
2310803,0.7620674794410992,0.7637474096561964,0.7263058755163984,0.7727643309020946
2310852,0.8682306540359209,0.8662986299946659,0.7680103398461303,0.8692504482017203
2310902,0.854378106555564,0.8545205250016524,0.8229346860806374,0.8554805289171264
2310951,0.8495238584579479,0.8493684243117525,0.8138519362786504,0.8514457934897687
2311009,0.7958345518021082,0.796423665440278,0.730286560824354,0.7829234104972193
2311108,0.9122945416418107,0.9102584172706262,0.8630562307840245,0.9002599077423495
2311207,0.8280939759710623,0.8277615836556499,0.7914671135292074,0.8390667475682458
2311231,0.9267082462640668,0.9257514508784466,0.8785985407360309,0.9104465082605958
2311264,0.8125348979171318,0.8127583420549778,0.7757025085879309,0.8060776997357748
2311306,0.6758981838268225,0.6793094547535237,0.634086102565095,0.7042412373469658
2311355,0.8376939411731978,0.8355534420912981,0.7982157924154617,0.8415407390786895
2311405,0.7977751210096156,0.797406054542435,0.7281149622872395,0.7998264848036895
2311504,0.8071334179981826,0.8076402734921092,0.7331630201998349,0.8477088754887506
2311603,0.8198825061940962,0.8199674517266761,0.7399865245636565,0.845088219952648
2311702,0.8324472900828042,0.830754815119342,0.7737072017682142,0.835006622541282
2311801,0.7894435813895546,0.789004682305638,0.6911594609830294,0.8011801424666031
2311900,0.8536664342528263,0.8536374199648441,0.8014334243393245,0.8539057509969896
2311959,0.8439327110311847,0.8435366725409116,0.7938764995951063,0.8398205932475987
2312007,0.8649570019323901,0.8645659703847514,0.8067341111281044,0.8559985743381251
2312106,0.8145775230158783,0.8163437237998155,0.7659549065032566,0.8085941195284687
2312205,0.7757540644481372,0.7754198039059652,0.7220718896918804,0.7728616884683807
2312304,0.8045052869530482,0.8023694928337828,0.7468062156586895,0.80309099441777
2312403,0.7762871475859,0.7766145329468538,0.6549786428768042,0.789690377265543
2312502,0.910911478918395,0.9092469217635376,0.8351377028164778,0.9097482493910518
2312601,0.8659590560275019,0.8654459573115906,0.7777426093315064,0.8734896476162123
2312700,0.7023724657203674,0.7016550159402746,0.6616054782696662,0.7380353824237499
2312809,0.8483416846800058,0.8471939473100732,0.7787539860071903,0.8381211295646435
2312908,0.8237346966397472,0.8212422953560856,0.7100424408565295,0.8462981872110672
2313005,0.8473363709900152,0.8470336060406081,0.7904412376011464,0.8578449635151525
2313104,0.8593442984150637,0.8573462617094861,0.7890447309917609,0.8725443366507477
2313203,0.740090516494238,0.7409564216478636,0.7114952816219753,0.7588613874601252
2313252,0.8411674564722069,0.8384446172772998,0.805172208900634,0.8617231356685089
2313302,0.732212400278281,0.7307004326619259,0.6873717024882845,0.7717494471076027
2313351,0.8128704281474248,0.8129080015228868,0.7275536781095145,0.7926073413641813
2313401,0.7374046150976883,0.738365385218979,0.6916562815932014,0.7725419450884773
2313500,0.8100743702571135,0.8116392787414336,0.7375661354437463,0.8233958516602269
2313559,0.8724472603497488,0.872055867418449,0.8048411717885434,0.8688961993022196
2313609,0.7791237807940119,0.7788891243018905,0.7053362103179358,0.79187174232576
2313708,0.7416782198589587,0.7406834924540449,0.7204276981413376,0.8020575555047927
2313757,0.8456850077675466,0.8460375492608829,0.8002628320768466,0.8564554137827575
2313807,0.8146313704113669,0.8156739202996445,0.7370481055312562,0.8204402055348782
2313906,0.783860485799781,0.7861405360050798,0.7271780955249412,0.7903871434350124
2313955,0.8115449555723524,0.8087847823496811,0.751977123052245,0.8404691848689873
2314003,0.7983218369176893,0.797004435875254,0.7427187840699686,0.8191333095732244
2314102,0.5634598409881703,0.5709722171419679,0.5529345130475493,0.5914435681178535
2400109,0.6599308279846168,0.6626159983077317,0.5709096880681076,0.7009479067625759
2400208,0.7857042710276072,0.786068667533752,0.6957486196651584,0.8122043812332865
2400307,0.7293560558302821,0.7311832348583315,0.6585515350408238,0.7630105027128272
2400406,0.9243493859281737,0.9227394215398989,0.8923007333775949,0.9406722170698959
2400505,0.8661495720028527,0.8666733022816708,0.8113770962624886,0.88992015190179
2400604,0.8193086614643553,0.8192709373548642,0.7526623525164765,0.8382086114938524
2400703,0.7914240218622719,0.7917539851791751,0.7092644733102033,0.8170493008077068
2400802,0.6748020074004156,0.6789744748922547,0.611679732048051,0.7262021480222351
2400901,0.8404357550751699,0.8419262642849249,0.8110502160619814,0.8867704326982558
2401008,0.8226851894393657,0.8228829568723159,0.7596245819510324,0.8541488941074037
2401107,0.6629214254764224,0.6662746849439535,0.5585591334817509,0.7582634049230896
2401206,0.7131977275412309,0.7177860285039567,0.6364077296524986,0.7611328979542332
2401305,0.7952893522973105,0.7966665136148091,0.7668723012711637,0.8426775606821666
2401404,0.6637740012499352,0.6693883018160087,0.5606567756847168,0.7231343649352949
2401453,0.7003382874410176,0.7031355211561873,0.6391057961756785,0.750199231642933
2401503,0.5507258571041351,0.5566632886192299,0.48108016846989593,0.5936192498705367
2401602,0.7484563296297677,0.7520400511698039,0.6860447084825781,0.7759046400397352
2401651,0.7671978071833244,0.769649046130958,0.756674677967684,0.8082018102768634
2401701,0.6215477808141765,0.6260770276497826,0.5628177304813127,0.6640759121234451
2401800,0.5777000649020421,0.5838952680036739,0.5256247602297388,0.6463358568505567
2401859,0.6492522275824956,0.6550621180686395,0.5907972070707824,0.6955552225777307
2401909,0.5930330899012197,0.6000743589371264,0.5867641105323597,0.6874233075271938
2402006,0.7090574107437126,0.7087968087576689,0.5987862713719229,0.7561649297247719
2402105,0.8392859732581068,0.841912157803771,0.7947715813638121,0.8634877488372794
2402204,0.7444802830922483,0.7469583904586258,0.686249283843367,0.7940657334926939
2402303,0.8269027172616197,0.8263423360928028,0.7682841040899904,0.8527176255525655
2402402,0.5462510474136372,0.5482486167108287,0.4860314054693369,0.599459491031858
2402501,0.7178654675654429,0.7211880959785274,0.6503599392903285,0.7609702230147236
2402600,0.7288600252336503,0.7336361103638982,0.6542582826040871,0.760032470660188
2402709,0.6454126090753656,0.6479942778588641,0.5961982324834587,0.6717417263120015
2402808,0.7583679370927132,0.7604718580152942,0.6983511147570365,0.7901905942448145
2402907,0.8649930416819656,0.8661143646098194,0.8296679083705829,0.8944162163996431
2403004,0.7283753754268214,0.7319540725712391,0.6592213438753132,0.7457069827384126
2403103,0.6274144090562269,0.6295656927610853,0.5629978931190404,0.6870789972570565
2403202,0.8634798251094504,0.8637367704353655,0.8340251229976546,0.8937698757631325
2403251,0.5078660695907407,0.5121740538271873,0.3772777726573721,0.653635725281066
2403301,0.8980809199260329,0.8965651916942164,0.8444246233622225,0.92719560025091
2403400,0.7236008928082649,0.7237291794568327,0.6738788538133468,0.7992083605937026
2403509,0.5996841404270555,0.6056422531926954,0.5468640557630945,0.6819018632549309
2403608,0.6231973804142003,0.6280458037007425,0.5292745090022131,0.6895002585221075
2403707,0.8626261203096572,0.8634625452824003,0.7964558148386708,0.8913805420348037
2403756,0.6548298063335836,0.6619002536263469,0.6008170936337666,0.6984539211731012
2403806,0.7144284986048557,0.7174413490913506,0.657607620268854,0.7530213794095691
2403905,0.7964904299589203,0.797053745744389,0.7244008216360744,0.8154523123715531
2404002,0.8603937215304038,0.8599902183959958,0.8107699227567178,0.8956637147472527
2404101,0.5510517482520881,0.5572161382197808,0.4799165182962694,0.636700833663568
2404200,0.5855665884075811,0.5916123896281322,0.5075438095207715,0.6651895528630024
2404309,0.7829534116859207,0.7850766227042176,0.7319266888413662,0.8143204053095645
2404408,0.7294197435548213,0.7318723390800655,0.6405480267672137,0.7887788436041104
2404507,0.731483511584588,0.7331651848308317,0.6553394154878661,0.7827937673861176
2404606,0.6725919119132902,0.6786637294192719,0.6466618293992955,0.7390937997901329
2404705,0.8115285697348719,0.8114952064358261,0.7658318014317157,0.8479859103898452
2404804,0.7566755677559961,0.7573432516564412,0.6561564975348172,0.8039605839230615
2404853,0.7840030286508619,0.7852369955896578,0.7417172668382211,0.8045549308372587
2404903,0.8739263614849688,0.8729813986744949,0.7967737493523427,0.8915588438143301
2405009,0.5934562182115751,0.5988853181566403,0.5315458993384582,0.6710493239267853
2405108,0.6984539213179755,0.7016895001920087,0.6533346091507907,0.7312504452426826
2405207,0.7701304504705522,0.7695808829285022,0.7398330912092419,0.8043699187872427
2405306,0.6065139740824657,0.6132583586117023,0.5745850364928725,0.6888179730553953
2405405,0.6818817275635087,0.6881565282399514,0.6490452875549447,0.7262359326902227
2405504,0.759632694988973,0.764602399581355,0.706491191968433,0.8181049099262241
2405603,0.8121336660179578,0.8134448946955423,0.7831376796854433,0.8461428204797556
2405702,0.6692092282174151,0.6727748732133807,0.5953933094015021,0.6978755209988181
2405801,0.7077726222322954,0.7104789267016232,0.6529050403545975,0.7485946051730886
2405900,0.8631275547990906,0.8636219995946869,0.852768917508605,0.9239871616685617
2406007,0.9096672042532422,0.9078791759319983,0.8707147647297667,0.9315683032662485
2406106,0.694347361026258,0.6971209934440458,0.6345662259438739,0.7388680945712375
2406155,0.6785980102692258,0.6815983065837664,0.6209024966613411,0.7442960864564382
2406205,0.7398500383947966,0.7448280153564174,0.6672805678104344,0.7697864165460708
2406304,0.6631106619530779,0.6689414448684822,0.6366054772537778,0.705394316268006
2406403,0.6747864337114696,0.680224753539158,0.6246791596875924,0.7299800263125307
2406502,0.6454112042267977,0.6494724032738436,0.6099981734439108,0.6803374968862957
2406601,0.6606447773313555,0.6641914351932947,0.6423645143510428,0.7239142391010994
2406700,0.706143585587807,0.7098413320282256,0.6406373490302498,0.7753313066319311
2406809,0.7620174376263329,0.7643887792680194,0.69724345844662,0.8003508938751936
2406908,0.8854403550465232,0.8849622471893596,0.8402353063049026,0.9360307121293922
2407005,0.8880704104492234,0.888599762185846,0.8453318480397057,0.9053544739535936
2407104,0.6188403209058975,0.6255775827116307,0.5551876554949474,0.6933146098967273
2407203,0.7316871264909174,0.7343705778706147,0.6430263944765271,0.7876298229133981
2407252,0.8964444238229905,0.8953816616773476,0.8728583100769951,0.9228553507709472
2407302,0.897635655087242,0.8971592997744003,0.8489774874172529,0.9115146281950969
2407401,0.6226516628697444,0.6243795345897185,0.5999707776476161,0.6786127842279424
2407500,0.6086103636222511,0.6144210452515653,0.5370247290090161,0.643964918180844
2407609,0.7861122048662571,0.7840287472035206,0.6771889668411392,0.7852014219940714
2407708,0.8115401568574161,0.8128484548010816,0.7588369126821606,0.8452439170883143
2407807,0.5800902812353472,0.5884928957375224,0.539188026703383,0.6462879340744919
2407906,0.7902771848681776,0.7928795119663318,0.7426237735138556,0.8329264432198334
2408003,0.6749516366164124,0.6777439141143193,0.5447812078498585,0.7355207079235555
2408102,0.5515627361760653,0.5553385730743096,0.41625531375392955,0.6588407717275693
2408201,0.6403315337065432,0.6435883476806221,0.5585369674617259,0.7134824905854176
2408300,0.6152870086086516,0.6202124920784181,0.5636051829354645,0.6716696944541393
2408409,0.8268585555637762,0.82632615465635,0.7374536046890898,0.8157859904584427
2408508,0.7006089892031989,0.7038278433928982,0.6129519438299793,0.747316060606475
2408607,0.9143768968855799,0.9134556852581328,0.8784865313726149,0.9254729083934311
2408706,0.8011268100511799,0.8018318660497618,0.7033426172094691,0.8187289581094866
2408805,0.7146357919229057,0.7175131822834969,0.6317367893220958,0.7021531550495957
2408904,0.604177170632185,0.6083083473259882,0.5145227906038639,0.6459185616176631
2408953,0.5649350691935752,0.5737090960091774,0.5412744867742135,0.6332395561153791
2409100,0.6160133755161536,0.6242304471776264,0.599575653504996,0.7109939218556737
2409209,0.6461021533513759,0.6487980671828409,0.5991924050881366,0.7001169226639155
2409308,0.7749538227014239,0.7766728683132403,0.7088068596739602,0.8168315973009198
2409332,0.6843919942965766,0.6893921020655162,0.6207197947281005,0.7222573602733039
2409407,0.7886364357633922,0.7884592931484385,0.7168033225714844,0.8187455242639846
2409506,0.6837332144679835,0.6880999944877014,0.6518151719899995,0.7279779354772152
2409605,0.6971217210071213,0.7016221537898081,0.6513216861651306,0.7385880130736329
2409704,0.6124114963688558,0.6199799061635289,0.5515625611652641,0.6305470534771732
2409803,0.7574334541283572,0.7579378053734876,0.7064538160103898,0.8152298362213767
2409902,0.7675217983399691,0.7684193887348045,0.6926268873311195,0.7935307947142326
2410009,0.8935513517150883,0.8922268126311425,0.8495683713752769,0.9078463695432414
2410108,0.7107224332158475,0.7152741990070116,0.672530600131528,0.7505973871176396
2410207,0.6356488323978529,0.634691564794004,0.5198969535123031,0.6237971638269565
2410256,0.7601838271019696,0.7628406425158509,0.6842826108348903,0.8285778209791149
2410306,0.751174749329927,0.7570494943575307,0.7365861360521636,0.7948542522152087
2410405,0.7175181466532362,0.7190795544594785,0.6717697990950956,0.761527365361871
2410504,0.8761830698446569,0.8756216966743668,0.8204057875008629,0.8932501117907411
2410603,0.7936352290940704,0.7938083765845526,0.738633586680092,0.8609914253484491
2410702,0.7445589645167714,0.7477011901013239,0.6408910157682309,0.7307956556399445
2410801,0.8946244912992709,0.8939727020996623,0.8587529704427613,0.9129664642391998
2410900,0.7037185697616402,0.7086310888444527,0.6572307048023586,0.7696642539509696
2411007,0.8069376409870209,0.8088398055199587,0.7689147820710672,0.8277295777635244
2411056,0.7507890567010119,0.7516305864755619,0.6702750776372587,0.802590175364439
2411106,0.5219909802483029,0.528494269997083,0.4559465971819651,0.5936403635723865
2411205,0.6716271469315832,0.6782819760695479,0.6185675625719848,0.7426938396137558
2411403,0.6700791049816501,0.6731502819131195,0.6166164508285464,0.7038751598659699
2411429,0.748560116827597,0.7522833040429749,0.6450551685891455,0.7956165737977637
2411502,0.8239256231597774,0.8248335873777816,0.7545249194771478,0.8562941920329141
2411601,0.747524326142752,0.7502292911975502,0.6803654893869836,0.7581571366578315
2411700,0.6656530229679827,0.6745840189947857,0.6401506165302511,0.7343142111405006
2411809,0.7267029396075687,0.7277243293734439,0.651010808432792,0.7467537517901203
2411908,0.738758651212896,0.7413003816310471,0.6969371527953724,0.796901229139038
2412005,0.5999082996693151,0.6063355120326376,0.513394618796153,0.6808198268893203
2412104,0.8015649895799473,0.8005952524193652,0.7319373893671258,0.8339349486350224
2412203,0.6612597265506113,0.6649491218707189,0.5948372131761888,0.7306544821075794
2412302,0.7049762075286865,0.710200494877128,0.6540864485780499,0.7444656276442864
2412401,0.6648096176995824,0.6673585642577371,0.5779667438582998,0.7212979948944093
2412500,0.831072750833888,0.8318186640638577,0.777160646316525,0.8378546713122642
2412559,0.726601052881396,0.7281512241786924,0.6992825345500634,0.7917872117522595
2412609,0.5934994874172537,0.5985758878840357,0.5358600759988053,0.6277032799462811
2412708,0.6580790069124757,0.6637823220714599,0.6274804266978611,0.7082927543923407
2412807,0.7520334526704815,0.7539858971316207,0.7010247037442019,0.7887232326224928
2412906,0.7490137756373089,0.7506867243755105,0.7253077506437631,0.8130437684125331
2413003,0.740595968476212,0.7443185246057348,0.682666636327534,0.7745558730707326
2413102,0.6612624880303535,0.6654277887131829,0.610406708297709,0.7047515158818998
2413201,0.6199294018626537,0.6276094243052787,0.5231450240658598,0.665062421221896
2413300,0.651395660260549,0.6615348304856355,0.6637544598257021,0.7459052732382627
2413359,0.7396092905168592,0.7416867429770679,0.6595160772788882,0.7629930015067301
2413409,0.7050990724390229,0.7039110131114942,0.6616966702226917,0.7452269151990588
2413508,0.7618688854856481,0.7626512455975626,0.702698114604318,0.8111157024092419
2413557,0.7477156389042603,0.7491711326747997,0.7155017638313677,0.8234774939456542
2413607,0.8133474068454889,0.8139231548176276,0.7597162729727577,0.846739205134742
2413706,0.7591822735603881,0.7614539188854029,0.7093185230913565,0.7835592968944822
2413805,0.7210346537038882,0.7241007909948411,0.6428185633857272,0.7653490232248256
2413904,0.6790638352189843,0.6857126545097465,0.6320232864692664,0.7277939558314527
2414001,0.606819411112083,0.6111816908768435,0.5359108514970385,0.6619078130390172
2414100,0.7747080069872203,0.7727006993192648,0.7469127413429426,0.8070870674104519
2414159,0.7978384161641673,0.7991694591198328,0.7461519096758757,0.83960552470664
2414209,0.589386960339525,0.5928938834768265,0.4966835072706128,0.6643711148339918
2414308,0.6723388697804883,0.6757455047330123,0.557709576479991,0.7132730394942778
2414407,0.6633162349969591,0.6692021076413611,0.6183291572917993,0.7223354579209915
2414456,0.7258546067091514,0.7295871837198944,0.6565492235162519,0.7578130560006455
2414506,0.8119330865839959,0.8116179300775436,0.761751638211685,0.8540051406460597
2414605,0.7531355319912321,0.7538262286226226,0.6707791896749566,0.8339267886173704
2414704,0.6627748156216235,0.6684723064049326,0.6103988160260704,0.7149265150130245
2414753,0.7974017683109419,0.8014148497782179,0.7618001792819195,0.8156961188690444
2414803,0.55977242977982,0.5643188488249368,0.5089098308153681,0.6158648035724931
2414902,0.8025494652917684,0.8044918141298666,0.7134361643110129,0.8233681269076311
2415008,0.7384337841931989,0.7423664145141987,0.6548324407933009,0.7599235976396056
2500106,0.8086601294360116,0.8103711920806574,0.7503922139766201,0.8178837471229511
2500205,0.8228770761912116,0.8211086470602234,0.7868994755722468,0.8413374099331082
2500304,0.6919437297738066,0.692182006342735,0.6432451699875718,0.7497218381270866
2500403,0.5993943122205934,0.6022591197007731,0.5437947288693777,0.6460147127472573
2500502,0.7468895238210008,0.749980828936763,0.7138644507184227,0.7851397912191134
2500536,0.58002811818483,0.5821749621068838,0.5136660627944817,0.6106997197162198
2500577,0.8303597820311759,0.8338187251667213,0.7873525337496003,0.8491467313836654
2500601,0.6755643150372512,0.6757249237763597,0.5988779963975732,0.7316648516995953
2500700,0.8184480135536665,0.8175206404151809,0.7719114480989352,0.8442935041248787
2500734,0.8694554068609309,0.8680661496737011,0.82176504624013,0.8935341254631872
2500775,0.7711222178347099,0.7699817297087046,0.7258016795578369,0.7872332056534784
2500809,0.7476605505697383,0.7490960099268281,0.7132546644691738,0.772842930122125
2500908,0.7266961898686282,0.7263226691354087,0.668259835107567,0.75621221544626
2501005,0.5808931199406977,0.5824132759999965,0.5443489957008866,0.6455543390282005
2501104,0.7281182443365946,0.7308467609793637,0.6453674236411439,0.7700861844505972
2501153,0.6647539096540946,0.6702240965637477,0.6125572562625069,0.6668727595110319
2501203,0.5976856647557804,0.6036209762139307,0.5494866480212178,0.6301813305451637
2501302,0.6938136450566107,0.6985600393101703,0.6293509740532756,0.7069074005002852
2501351,0.6820767396839532,0.6865002796477002,0.5885919711691728,0.7109903969542906
2501401,0.7658749339533552,0.7664379212897715,0.7149299003532309,0.8274439868630538
2501500,0.6871465141414658,0.6903624547016726,0.6193243826957128,0.7268258743394321
2501534,0.7495997920114483,0.7529840943819046,0.6878181643680138,0.7860025466404755
2501575,0.6174278694700951,0.6227565594328719,0.5448532022948095,0.6633722693934014
2501609,0.6900519662735346,0.6929877529504594,0.6435043013677929,0.7313342344391737
2501708,0.7515840775923432,0.7519060575804885,0.6928842286632316,0.8120371354238743
2501807,0.7139345148680032,0.7149560451003921,0.5999135937606616,0.7870094948965006
2501906,0.6635834101071398,0.6653986790168059,0.6036739926662867,0.697368537549584
2502003,0.7469436852975508,0.7476976878931305,0.6756389771887349,0.7485982124511095
2502052,0.8371884884300672,0.8373493661167601,0.7798033158817933,0.8609733387188353
2502102,0.7888409312440138,0.7891828768236069,0.7361432562335447,0.8217372097774236
2502151,0.568890699412722,0.572572886873365,0.49217440289007736,0.6374019850150162
2502201,0.8603633033211893,0.8572813912923146,0.8115168699541062,0.8821385312933465
2502300,0.8355816897309197,0.8341340647477274,0.7922264523572734,0.853786687208325
2502409,0.7471417188122661,0.7452666564858926,0.7016063966647622,0.7868268412018855
2502508,0.6520161398921427,0.6566439558927468,0.5999181224020527,0.6859769860393338
2502607,0.7748264214653535,0.7753207386606097,0.7338268747885133,0.8137048079304895
2502706,0.6324736589299498,0.6362716588714746,0.5875004940249505,0.6905437328370579
2502805,0.6832009877047346,0.6861296767321372,0.6355721638361693,0.7123417187532587
2502904,0.7304706675975943,0.7317744335675282,0.6613358017984862,0.7662042178445517
2503001,0.7746498547849593,0.7750581893006018,0.6594028958852848,0.8176191610779123
2503100,0.6683435383853451,0.6703255127295903,0.5838958233330179,0.7304721768440663
2503209,0.6486036980857286,0.6479330002898531,0.5215769323977507,0.7624086452250586
2503308,0.8562866884358615,0.8551554743282276,0.8086338631794874,0.873468548074598
2503407,0.7973766215142896,0.8006288534157914,0.744123121017366,0.8106253291005304
2503506,0.6816360032646275,0.6828982505678319,0.6457385316256389,0.7334203325471854
2503555,0.7450792211280834,0.7504081796347094,0.6886363624979396,0.7550786332619569
2503605,0.6462324833099645,0.6487105808432531,0.6165099722352971,0.6965706235612116
2503704,0.7939189825614874,0.7937802282210863,0.7150492754674298,0.8219732691695807
2503753,0.8118276697836444,0.8100776288127357,0.7651379835055269,0.813798763838211
2503803,0.7437367173312918,0.7452479744197268,0.6927121834140406,0.7709525295533708
2503902,0.8592707934050487,0.8605610913368026,0.8242867706645199,0.8789015629635427
2504009,0.4865981182399096,0.4895934361465997,0.3687248229247324,0.5848225987772099
2504033,0.6458155578218073,0.644075844791441,0.6128895093930546,0.6899947665286547
2504074,0.801420252719333,0.801401189705798,0.7302538623475816,0.8242280621979822
2504108,0.932041594032677,0.9301932372364767,0.8988496537222305,0.9429110073291525
2504157,0.7639044532884911,0.7654911559694854,0.7246955532958328,0.7848267884669368
2504207,0.6345441915085326,0.6366790578211617,0.5701326238069814,0.6955180832267599
2504306,0.6986809622883493,0.7001951188632421,0.641084996758318,0.7602537607624092
2504355,0.7001274628028236,0.7052515277680728,0.63954057595868,0.7437525070224235
2504405,0.7926791727949934,0.793937329355573,0.759644226484054,0.8194407295067454
2504504,0.755959380822796,0.7574783512682125,0.7105976503640045,0.7806350629776891
2504603,0.7322734615372087,0.7319532631966825,0.6719691139977382,0.8110062999202782
2504702,0.8270825411341565,0.8256214162090793,0.7955476618807872,0.8569945503644414
2504801,0.7996908551429918,0.7994078288743061,0.7512751100803179,0.828844104442043
2504850,0.7399848812190166,0.7422788199345284,0.6914637414185254,0.7826750208805273
2504900,0.7548664667350405,0.7520519309947895,0.7217214333988814,0.8006458334456051
2505006,0.643228829817131,0.6478911655139765,0.5820309379523317,0.693530111297239
2505105,0.6945468743411349,0.6970265265497887,0.6136642721940784,0.7410535116552834
2505204,0.5907519840499166,0.5954147942351398,0.5625996869522097,0.6534197563046921
2505238,0.7310929058705004,0.7333552721608615,0.675572252433028,0.773326173454663
2505279,0.5903803289360999,0.5943040363394568,0.5613598111837182,0.6416408011544105
2505303,0.6199920239809165,0.6205701241784315,0.5730638187769571,0.6501478560914894
2505352,0.7455958916068305,0.7509177426324797,0.6983564903087505,0.7652029036375089
2505402,0.7361737471486016,0.7406692351583991,0.6945858007349609,0.7603830027038808
2505501,0.7452291040899813,0.7473770509693626,0.6185121730572921,0.7573863914636271
2505600,0.8124236125383588,0.8109460399175278,0.7779387957186931,0.8403208318767564
2505709,0.7012182335241121,0.7031288862438085,0.6755638762935837,0.7475717569482411
2505808,0.607238682389872,0.6108896924920028,0.5758235259943812,0.664587928064725
2505907,0.6478941980835756,0.6515805004352937,0.6318843966747625,0.6785024927902086
2506004,0.6306179702632586,0.635515636274425,0.5680906118831275,0.6827934514832981
2506103,0.6872945166566367,0.693055416110572,0.6195625738086094,0.7064570028578568
2506202,0.68083693635045,0.685395697615041,0.5704518623902266,0.7245859705959711
2506251,0.6814055807452497,0.6880386428853429,0.628245089719243,0.697343911668249
2506301,0.6073454757335525,0.6104766496321505,0.5336992680462908,0.6702463430834648
2506400,0.6531626588634963,0.6554995200712667,0.6345827439748086,0.7007112448648272
2506509,0.658083369240853,0.6630527889670358,0.6364667448417561,0.7147863693822697
2506608,0.806731902027745,0.8068166785497253,0.7451940558264168,0.8178273420484393
2506707,0.7436336450716632,0.7455662495761558,0.7035321560945914,0.7620009711107784
2506806,0.6944245061494527,0.6978522841471916,0.6631738811052589,0.7609358411340249
2506905,0.755009981733437,0.755913318847881,0.6778487158112078,0.8024566303232884
2507002,0.7689894260922686,0.7679847086361029,0.7122829965316558,0.796350555305358
2507101,0.6359518294019451,0.6359876950016803,0.596981807277417,0.6682672646508888
2507200,0.7111392434349497,0.7141090620926666,0.6585458743372304,0.75392398010868
2507309,0.6555981508525546,0.6570417686103871,0.5968058134595905,0.6967403314427894
2507408,0.7913771819606937,0.7913071122494796,0.7518777915569973,0.8198211224119246
2507507,0.6255491471437183,0.625965576920345,0.46937968576745903,0.7395752565367228
2507606,0.7840436592692677,0.7842441748171581,0.7310607624270308,0.819617948405578
2507705,0.6667673883050105,0.6706997010254523,0.6183623568472255,0.7289665632556545
2507804,0.6400898840133249,0.6433905112657752,0.5750400762579311,0.6712832709150249
2507903,0.7670650196673382,0.7671155978870455,0.6822065074527187,0.7781052032501597
2508000,0.8723451292184623,0.8715094687608319,0.8190327248929125,0.8705583673048657
2508109,0.8364221589336978,0.8343038462380384,0.7909757724326624,0.8649416576950412
2508208,0.6881127807423283,0.691127316496623,0.6522826829933804,0.7203686021711153
2508307,0.5474231590591283,0.5506195487026316,0.47574786343030984,0.5925361459118695
2508406,0.8890863246650378,0.8873119052138474,0.8499996303941898,0.8990729016286263
2508505,0.7101899312941085,0.7164140864004166,0.6666564495331945,0.7575618647459327
2508554,0.697485559018358,0.7014319010806034,0.6224194023017083,0.707357067838405
2508604,0.7426379628356626,0.742786469643932,0.6507346010002332,0.8026544190962498
2508703,0.7321290056661152,0.7360266671397637,0.6766654551603567,0.7512655211104708
2508802,0.749211631240958,0.7522011620318166,0.691147862255488,0.7874203311174618
2508901,0.6766776290141513,0.6771934019593989,0.5694503737743356,0.726235724421159
2509008,0.8733974955079631,0.8719027562755609,0.821374134788491,0.8833956168650113
2509057,0.7372310801536055,0.7400094479935572,0.6799870867593585,0.7739546470531469
2509107,0.7061448225542539,0.7083121332279788,0.6638847689383692,0.7562038888257545
2509156,0.8350193858773108,0.8332149609305088,0.7741641766623516,0.8722889332883091
2509206,0.6393375394003457,0.6425721774163454,0.5840540376084165,0.6699393499703096
2509305,0.7062621047485316,0.70760924698003,0.6125519989560871,0.749664508036049
2509339,0.6221914613340154,0.6265365408891226,0.5925603200593934,0.677944256131186
2509370,0.8768135516859588,0.8719133735261062,0.8570119090715224,0.8966367519403106
2509396,0.7399804700934905,0.7416139537205022,0.6949064407767304,0.7776316664070317
2509404,0.6983147503380082,0.7007995197944297,0.6699582050951164,0.733078753718509
2509503,0.5846711799652514,0.5906674346144304,0.5481667410970715,0.6350560549356644
2509602,0.8586326968341746,0.8571455361168535,0.8199356576061348,0.879064008982577
2509701,0.7875976557902119,0.7877111756539273,0.7241287518248911,0.8202639512272611
2509800,0.7251091238909221,0.7258514594749584,0.6870161860406391,0.7499631109343112
2509909,0.7181642210220389,0.7193023232190514,0.6347492292256499,0.7524228769509179
2510006,0.8609106278724532,0.8589496559380093,0.8286953252091053,0.8804705585781932
2510105,0.6232857518940041,0.6294771975793874,0.5529002270016479,0.649741510331475
2510204,0.762680179527629,0.7653297473606924,0.7076166242301717,0.7868790343635501
2510303,0.6712505039483799,0.6713710184017104,0.6440359789133758,0.7135846467476674
2510402,0.6790001966081882,0.6833354131483359,0.6157292912161482,0.6917840802441632
2510501,0.662210089943501,0.6653735360376344,0.6023266532642367,0.7112903387704884
2510600,0.7010206533682477,0.7040292952377541,0.655575059130101,0.7577029055508194
2510659,0.7243784635932723,0.7268890081944696,0.6406997417687504,0.75596041844566
2510709,0.6982762742470708,0.7009918569575982,0.6514847514914167,0.7125386013245394
2510808,0.6367581474954844,0.6385159512076473,0.5517364379440667,0.6767974204997106
2510907,0.6985616416165625,0.6993391623564742,0.6397102267818165,0.7292854983927386
2511004,0.738302564432829,0.7379860372647752,0.6639256781765291,0.7585272985256734
2511103,0.5790675423175966,0.5833919233247254,0.5137735208127023,0.6189047532681712
2511202,0.7577546207459847,0.7585197015545008,0.6811454467481214,0.7993582160307421
2511301,0.6637388056162734,0.6660807549178025,0.626240637603601,0.7184371971107909
2511400,0.6981573882801121,0.7035343632700481,0.6056292472191909,0.7292503874669746
2511509,0.7806104028726196,0.780641593917076,0.7189056163376328,0.8397264861051212
2511608,0.6832075522631735,0.6860228165817589,0.6194649526857251,0.7004295754927242
2511707,0.647711332399629,0.6513017601419959,0.5871959782966433,0.6771226801449245
2511806,0.6269859995943677,0.6288893739012921,0.5972310421397689,0.6710126554304067
2511905,0.7452874902666902,0.747598267016944,0.6573249971271218,0.8142782678513596
2512002,0.592453230012553,0.59911032033389,0.5283663485992571,0.6345500794777271
2512036,0.8516173475161724,0.8520343238208863,0.830998300672388,0.8886401457605038
2512077,0.8247924124918709,0.8238449827281352,0.7779238897783779,0.873858573332679
2512101,0.678646744583235,0.6735626621270487,0.6163275741031872,0.7044821137177172
2512200,0.6846534986112374,0.6856256871721479,0.620832513923008,0.7601447922318307
2512309,0.706044686152347,0.707804877252112,0.6309865297186675,0.7336428024605978
2512408,0.6335781611082183,0.6392692826183578,0.5559672153286536,0.6635963256676791
2512507,0.6198665331666244,0.6251637996846475,0.5540181905189935,0.6727107355821058
2512606,0.6815658904194676,0.6830767558576265,0.6201393437583497,0.6960881298928921
2512705,0.7516250132243061,0.7537832121170776,0.7061169051530657,0.7868966060970232
2512721,0.5929651942279205,0.594574240037491,0.5747266354289758,0.6460015768573478
2512747,0.6432296507594252,0.6430183496994242,0.6049835398392656,0.6642816633634603
2512754,0.7078508809017046,0.7123333234617805,0.6335989395545686,0.7202535925054003
2512762,0.6580526362099863,0.6624241015025678,0.6055167192366883,0.6816516355963304
2512788,0.6402911585692254,0.6422541668303717,0.5766151619437317,0.6748741531215687
2512804,0.796023596146609,0.7957908603456304,0.7615562668716619,0.815024875857277
2512903,0.7047933889123579,0.7060402599493832,0.6254021053098081,0.7600047858981548
2513000,0.6389160495304316,0.645270159689289,0.5660012960002119,0.6944730713044223
2513109,0.7561766818908108,0.7556109576255633,0.6992285872154477,0.7750334356564424
2513158,0.599123032500663,0.6014063609211151,0.5220627954236502,0.6388050580280088
2513208,0.857785996527668,0.8556907482871874,0.8240250244654089,0.8774924810939728
2513307,0.8626331155345697,0.862440465498819,0.8081052079410904,0.8693271040096172
2513356,0.8272799009624792,0.8292395043167436,0.7974863535640804,0.8416865677788077
2513406,0.5247292658126372,0.5287270732543627,0.4610315998282693,0.5968275129256745
2513505,0.8846691650938211,0.8818761191795814,0.8464423499609962,0.9033315403727279
2513604,0.7148518374378436,0.7152608320150557,0.6725294341506164,0.7373916308007257
2513653,0.7760003279793919,0.7758180367000852,0.7110399250803371,0.8077136268135642
2513703,0.6970147484128774,0.6974267559971673,0.5919372165191642,0.757974067590626
2513802,0.6192865302703942,0.6214607045357371,0.5796715608694484,0.6539097496269708
2513851,0.7634654074685402,0.7668444108413904,0.7100627343999587,0.776550447509906
2513901,0.5333912031185402,0.5365850074586025,0.4776865309158694,0.5851837947217496
2513927,0.7038386577271627,0.7009593241503924,0.6552462963625464,0.7289321482513412
2513943,0.5568335487621808,0.5574810196656782,0.5230877618908739,0.6082380364476573
2513968,0.7501373814380154,0.7472519258521872,0.7468514518137411,0.8074979561790799
2513984,0.7597267088559628,0.7588508359054599,0.7152025546197249,0.7877280407542191
2514008,0.6974315737285915,0.7012996777794451,0.6210165573093073,0.7155848145398064
2514107,0.7738176525984772,0.7747296250389676,0.740896159396453,0.8198280601148703
2514206,0.7704841525648425,0.7713348333643895,0.7246329430474511,0.7934550949846658
2514305,0.8184757533523324,0.8170319896147052,0.7761352908616596,0.8433933377986159
2514404,0.7294494790111986,0.7320539558720734,0.671218509078285,0.7480590324221748
2514453,0.7127168926635818,0.7155732767718909,0.7004404661357504,0.7432480576386039
2514503,0.8883703886435401,0.8866310767760468,0.8410154080522885,0.8985438138534815
2514552,0.8699202398812578,0.869514035930909,0.8326970181903693,0.8939575488825459
2514602,0.7008201435104457,0.7024754820555624,0.6617444733921731,0.729468925107087
2514651,0.7608987682209105,0.7606377085421574,0.7019141394687547,0.8032792530121317
2514701,0.6245278706539303,0.6278309104123108,0.5339398973352231,0.664397755753548
2514800,0.786520761821591,0.7894237078379845,0.7444932214303818,0.8071370996280605
2514909,0.5982825226309634,0.6028037343510415,0.5241405858935817,0.6280259037023987
2515005,0.6877551787017117,0.6864297594289767,0.6858783818896618,0.7455449067709855
2515104,0.5370174845080748,0.5426355187177148,0.48316759471799675,0.6091484624668171
2515203,0.8425011439812614,0.8426765393053671,0.7786688663654475,0.8495054491157418
2515302,0.7185012696456823,0.7208883518078517,0.6672159471920637,0.7540450875175372
2515401,0.6766846144127777,0.681246485342433,0.6155728016345688,0.7343105518012978
2515500,0.6858550610016638,0.6872299261006639,0.6454126065694837,0.7357684246831823
2515609,0.5267004348360608,0.5289009217512167,0.5002877657988556,0.5858820396686736
2515708,0.8239572057817899,0.8251379663910351,0.7736389653232422,0.845654439928873
2515807,0.7402425445188184,0.7409663961748151,0.6797554641400939,0.7560363267345745
2515906,0.6584067400180945,0.6605158995876103,0.605931902742199,0.7030308577030523
2515930,0.5966738802657293,0.6003728725304908,0.5494236929433934,0.6764149074706962
2515971,0.6556265244378654,0.6601989815034567,0.6286316074321892,0.7191131386219056
2516003,0.6265895869540525,0.632775412247021,0.5400120425008348,0.6698092286980076
2516102,0.61086295585021,0.6149725010616943,0.531984278685739,0.6609800381974626
2516151,0.72092170348963,0.7228358665664784,0.6502595952073928,0.764137171082549
2516201,0.7857861815883096,0.7855154760499841,0.711111773083426,0.8237069373717908
2516300,0.79552615668755,0.7944657701520154,0.7416083754119606,0.8372431209859951
2516409,0.6929485820984429,0.6964501320397661,0.6445979100703242,0.710477374569685
2516508,0.6380139165541865,0.6406876823786309,0.6090362671095976,0.6740539595888898
2516607,0.8354142351553228,0.8343794653605282,0.7856606608277715,0.839903660170772
2516706,0.7199279792867659,0.7235289953692466,0.6904121344728056,0.7542020249935599
2516755,0.6878865940519998,0.6960753504410057,0.6158777734394564,0.7043878723813207
2516805,0.851613954969221,0.8521021079974341,0.7991958264570641,0.8641255117773512
2516904,0.7810384389385169,0.7814524370250086,0.7009926217244198,0.7971967850417728
2517001,0.6646992379108568,0.6663097070188604,0.5955608252915788,0.6932938502338293
2517100,0.6878379111239086,0.6920831792959278,0.5715599576070368,0.7534128778073015
2517209,0.8360837005194596,0.8342326372630248,0.7845411707862242,0.8494079231939046
2517407,0.7366588427773899,0.7349455556191402,0.722762723460396,0.7918077607481742
2600054,0.7988769185367351,0.7988053152324706,0.5727716897997495,0.8770596468733177
2600104,0.7165856544843813,0.7160507036719014,0.6422901019863476,0.7996743460208523
2600203,0.8348333585366726,0.8330867605821983,0.7861295898872195,0.9034019190201134
2600302,0.8185700863841429,0.8194273361164357,0.7534693075463714,0.8702634151171574
2600401,0.8000364436361125,0.7974679207614588,0.6690935498850186,0.8660016494911575
2600500,0.7389668472261255,0.740254999171014,0.6923220076363045,0.8037243103870123
2600609,0.7822767767494434,0.7811805502578887,0.7515526828178215,0.8315721502700164
2600708,0.7703121134911898,0.7687641146966405,0.6275428255416605,0.8691350788045497
2600807,0.7447329027019025,0.7429281006703032,0.6393002200165979,0.8166153174137686
2600906,0.7647152703785415,0.7582600675301562,0.5587686819896484,0.868916240924654
2601003,0.6647608151665119,0.6677409646319662,0.6371422731240858,0.7192246224301865
2601052,0.7793882277803394,0.7772341175929292,0.585887026662993,0.8612982962666126
2601102,0.8224348062593803,0.8227205033846366,0.7527807509937098,0.8583917329807677
2601201,0.7706718950153917,0.7657829702732508,0.6385632218091707,0.8542627743658743
2601300,0.7141293063949643,0.7089920740463178,0.6006983850913421,0.8379744417070757
2601409,0.7981860866264181,0.7947868571702208,0.6220903205357352,0.882689391879757
2601508,0.8150203572384517,0.8120581954855149,0.7188161661921146,0.8672226288440088
2601607,0.8730277833471993,0.8706758558593665,0.7977496592432841,0.9171693361198517
2601706,0.714833870418438,0.7167508020887882,0.638879231702247,0.7673766530798978
2601805,0.9421251924324395,0.9399451441348928,0.8838019151596915,0.9561235581555868
2601904,0.7581462891288621,0.7576579752803504,0.6612627449687729,0.8222739330159604
2602001,0.8244454361824561,0.8232498077341264,0.766963167950935,0.8492369777474207
2602100,0.8384259534464443,0.838095466534215,0.7760756691183252,0.8762757540809462
2602209,0.7115047509780135,0.7085997679287838,0.6333815447098671,0.7958714625111849
2602308,0.7754407448406743,0.7702531884805154,0.6824177567171964,0.8861230132591569
2602407,0.7959025741393293,0.7951502210069824,0.7323196029856592,0.8679011931433992
2602506,0.8099117825043919,0.8058903006025453,0.7457555767317477,0.9056873003316929
2602605,0.7190936481325549,0.7163649115803311,0.618358269370303,0.787822100809258
2602704,0.8101992333135888,0.8085422243094941,0.6864953519889481,0.8623019431224254
2602803,0.9063674506129236,0.9037700742859148,0.8429372218054061,0.9314523771787785
2602902,0.8274998530861069,0.825480507025944,0.6087570646766408,0.8812936007693755
2603009,0.8583196592223028,0.8540971081486864,0.7756777280233206,0.916668068206969
2603108,0.7625199342167726,0.761459764233126,0.7046592587248997,0.822277673206035
2603207,0.8772661352508067,0.8785126508490682,0.8319609320439777,0.8815019237365678
2603306,0.825739662028243,0.8239715598108589,0.7507067190905525,0.873184662647878
2603405,0.9392738461353648,0.9360884681780544,0.8866444255996656,0.9623249230829823
2603454,0.7137498171276866,0.711950738620542,0.4717073202567617,0.8424141363135126
2603504,0.8197149375114339,0.8167412594142344,0.7413338197557563,0.8841928008342789
2603603,0.6986420115186671,0.6995234038510736,0.5869541873050163,0.7986865775519525
2603702,0.678312616736494,0.6827820431455046,0.6367788462419931,0.7280950749585032
2603801,0.8573435878782565,0.8573397780635593,0.7951843562662763,0.8710085742017878
2603900,0.836300380842169,0.8355910985501996,0.766255533572285,0.8747428622176358
2603926,0.9384876321716817,0.936976032981574,0.8887211402532106,0.9524121925473196
2604007,0.641843602096295,0.6419888349891264,0.4615364292517092,0.7511622376205974
2604106,0.6642415284623635,0.662929413867924,0.5083118871677669,0.7736198730507643
2604155,0.754171398229506,0.7532661280048347,0.6831502551030529,0.8535423397319616
2604205,0.8433565626475443,0.8411498106126554,0.7286032138205868,0.8939880763618461
2604304,0.86085249171277,0.8574141459933796,0.8090111861658151,0.9106347629949584
2604403,0.7411580366174058,0.7384482078830383,0.5617659367693405,0.8502015366979464
2604502,0.6620281042083179,0.6617929659231112,0.523681531214164,0.733368929009585
2604601,0.7551995180424204,0.7528996040899218,0.5818635525137279,0.8623477511640237
2604700,0.8917943950263698,0.8909583900262343,0.8230995970160101,0.914889828169962
2604809,0.7619758506220452,0.7588721934534562,0.6290909764407397,0.8542528988988152
2604908,0.771633501374458,0.7689414380792826,0.6914390747901131,0.8562798948351604
2605004,0.8175645990281875,0.8147320589761077,0.7328105088160318,0.8941015866114519
2605103,0.8953627625198429,0.8934007706563846,0.8449073318164491,0.9242264166994064
2605152,0.802624629883847,0.7997953133610634,0.7425812597684688,0.8628865978499944
2605202,0.8150921455571692,0.8114379900099277,0.6224266431276823,0.8794325086049174
2605301,0.8617315018021906,0.8606073717472751,0.805810367363235,0.8880579041585124
2605400,0.7161436423227587,0.7134772123803871,0.6060981940499871,0.8380844730072501
2605459,0.6848984754949454,0.6825619190992013,0.5243012765848659,0.7655405429239304
2605509,0.688117325838256,0.6898942630304922,0.5555975312043376,0.7730790751438782
2605608,0.9079398651009115,0.9049684908432601,0.8433928695401738,0.9367340389668316
2605707,0.8812658870888497,0.880775220582437,0.8090060377775098,0.9131609334524663
2605806,0.707919705635511,0.7065422145666972,0.6190355298653109,0.7830469664946774
2605905,0.7895847143377527,0.7852744443648315,0.6441489086025927,0.8701629384063847
2606002,0.857975404217708,0.8563445961227089,0.7449813422564548,0.9008792557091957
2606101,0.7016820455734817,0.7012825625389271,0.5874960348140944,0.7889146818366702
2606200,0.8289487377607754,0.8282664942296697,0.6423621233903739,0.894187689918888
2606309,0.8869652141784184,0.8824873318658244,0.8518195939398688,0.9376526602563118
2606408,0.6643629570288887,0.6645271332730786,0.5239884112221147,0.7217331395110538
2606507,0.8942398730113083,0.8933453807040289,0.8512867774249212,0.9193609118274425
2606606,0.9035754449667488,0.902235724218571,0.8608128853260375,0.9291869751601549
2606705,0.7838213076395499,0.7830494424595548,0.7503118074595516,0.8573192793793399
2606804,0.7943857143507935,0.7939954923207412,0.5915584438356561,0.8680251191002372
2606903,0.7999642140503427,0.8008896358717736,0.7712258859415625,0.8475181550363612
2607000,0.9235136800457917,0.922657307045084,0.8746631434298084,0.933851357322865
2607109,0.797964747487607,0.7926946592947433,0.7746284662378474,0.8956919752699596
2607208,0.8459360871902059,0.8448295069244257,0.6490761270646207,0.8699765518572357
2607307,0.8098703947755709,0.8083470731375085,0.7630248187001779,0.8672022903957913
2607406,0.9173999031839813,0.9140172303244364,0.8327114967950854,0.9452237324604438
2607505,0.7974112226678105,0.7967640819017731,0.7264246375984057,0.8140725011205984
2607604,0.7827435031648616,0.7801748290478311,0.6236328210375589,0.8686943020335093
2607653,0.7425215171079466,0.7417533028701914,0.6430482266257221,0.8086623361069246
2607703,0.8168575186533196,0.8133694151636798,0.7605713185237785,0.909921083329228
2607752,0.8125067680153859,0.8124479812166796,0.5960163456109432,0.8775231751260191
2607802,0.8123276154938532,0.8081669543077279,0.6251596463916466,0.9028856819290122
2607901,0.732948959053893,0.7319256954298927,0.4915570145403281,0.8448047716436773
2607950,0.7229508628450747,0.719575303059536,0.6490150187749205,0.8155918790634251
2608008,0.6963662438989532,0.696762786628326,0.6333161588482916,0.764168725968239
2608057,0.8931393012345874,0.8914265542122761,0.8191053769557803,0.921206864075483
2608107,0.7341925123492808,0.731884489534507,0.6469255780087141,0.8085859683975963
2608206,0.7811003674049991,0.7785748706980913,0.6269097120409922,0.8517996173291045
2608255,0.87180947165822,0.8694450704577311,0.8024003371004901,0.9253246011073321
2608305,0.8732270254390848,0.8704499358393619,0.7966122805020378,0.9194661299348482
2608404,0.7946922535438233,0.7924577413323441,0.7628147085985697,0.8705090327049008
2608453,0.6946831995005713,0.6948718570101587,0.5506042524845615,0.7614471971806012
2608503,0.6352054788285703,0.6342984031072937,0.5033975173432264,0.7406281877700719
2608602,0.8812186037442835,0.8800570726874589,0.8496030307360988,0.9033117406487409
2608701,0.8167002581615981,0.8142898283649572,0.7411765694392488,0.8760173460369766
2608750,0.8472926357360493,0.8453896648508009,0.7581991305664554,0.895380700901946
2608800,0.7029672301201074,0.7037447655864456,0.6097222992282395,0.781458587853263
2608909,0.7258552424636545,0.7236103190967514,0.5925940974505784,0.8085164299351894
2609006,0.7622617693883748,0.7598748503538887,0.6217786451709406,0.8328516134547256
2609105,0.7501152445891242,0.7492062383570465,0.680824731134673,0.8361329852551697
2609154,0.8403279157001312,0.8408668051762579,0.7827171766715996,0.8545875231026083
2609204,0.7978634131377834,0.7955797901613758,0.6906354123021851,0.8416388319947309
2609303,0.8351585425127791,0.8337712204993618,0.7855283983708184,0.8707028465685732
2609402,0.7987930731167743,0.7983724854342161,0.6002192890997048,0.8523873409684297
2609501,0.6928293953777876,0.688590164165003,0.5169433404884053,0.8062251761541951
2609600,0.7330335545222415,0.7315595778794689,0.5046938770483059,0.857198843253823
2609709,0.7409766997455898,0.7416622152288826,0.6560985421768337,0.8011308702336732
2609808,0.7569164927846382,0.756936886997817,0.7097770436305227,0.8127547147460085
2609907,0.8577532396823093,0.8564861134342666,0.807508290091849,0.8764523261368425
2610004,0.8382077781276605,0.8356375907293946,0.6965804663403143,0.888417720013983
2610103,0.8738951859922645,0.8710855171468258,0.80494272291013,0.9330770601633095
2610202,0.6626969936257725,0.655442935267251,0.6295519812673178,0.7945563343607304
2610301,0.9026023733697957,0.900045896986185,0.846273387468516,0.9358975900529294
2610400,0.8965154940539453,0.8946331343790219,0.8657854842293351,0.919393239965658
2610509,0.7725542289158985,0.7706091603797481,0.683431193801486,0.8447849160927264
2610608,0.6060463756353012,0.6084398359541926,0.43024622099437027,0.7045048836646822
2610707,0.7567885896459262,0.7552493211580895,0.5152453523920095,0.8625058471197317
2610806,0.821483440275919,0.8186700925740213,0.74874156900308,0.8850830575479626
2610905,0.8608083411714385,0.8598623050429448,0.7972691197744424,0.8919827923875022
2611002,0.8436318515531639,0.8402662058682328,0.7698960680939332,0.9073740948066636
2611101,0.7908890083346655,0.787733869483166,0.6569016596428596,0.8626756542714239
2611200,0.8136016487332509,0.8131583349980707,0.7687215969876317,0.8545733794524347
2611309,0.7350903741604946,0.7339419986802959,0.6171312808470039,0.8151806652997554
2611408,0.7911794464608439,0.7873214361505819,0.5803884763638097,0.869191091453906
2611507,0.8216734912136754,0.8188841874815793,0.6977802979646949,0.8749287164332671
2611533,0.9326777459695974,0.9308182636159322,0.881233184369874,0.9580876702299653
2611606,0.6595542945978518,0.6580932758076415,0.43544981767067054,0.8157511819634785
2611705,0.773911276553595,0.7703431924891387,0.6949504172973388,0.8554312948744452
2611804,0.7943181105908647,0.7899838349140317,0.6050385545057965,0.8930091415060648
2611903,0.7716755136596487,0.7685742205622922,0.6376578134692603,0.8588767479533296
2612000,0.7704828520515149,0.7659262768208649,0.6786473612219798,0.8752025709624593
2612109,0.7137461638900602,0.7128242503648655,0.6296680562506579,0.7778798748926148
2612208,0.7819222316840442,0.7799833523836025,0.7125756673175866,0.8244489359036021
2612307,0.8763346580218485,0.8748536595944906,0.805016398731086,0.905107188619441
2612406,0.8081929891013707,0.8060334908924531,0.7472097970022428,0.8878967554957647
2612455,0.8875342660864851,0.8855238700358267,0.839501021379566,0.9101034543360377
2612471,0.9054622274561783,0.9022712462888239,0.8552654702104597,0.9513346285800363
2612505,0.5936812351881161,0.5935227519498261,0.5025630701647676,0.7186732544063655
2612554,0.8343958500439601,0.8335569712644201,0.7898190225518164,0.8657460515924078
2612604,0.8326761662691498,0.8330047861384724,0.7944012163032905,0.8768913848719072
2612703,0.6483506929385591,0.6471470008285859,0.5551259793220288,0.7633915115186812
2612802,0.7649331099892007,0.7610513950043588,0.6949468851336759,0.8683608955550638
2612901,0.7747371951987099,0.7729825144048407,0.6336009682244738,0.8292112079641306
2613008,0.7924821148351734,0.7906300590217042,0.7252066773213169,0.848989699092232
2613107,0.750117207321376,0.7468065778559486,0.6449001659482062,0.8397485661005947
2613206,0.8658387341879503,0.8620935193114289,0.8094018426260398,0.9340022504284696
2613305,0.7530470230122265,0.7526537834222019,0.7079991655635497,0.834148254179896
2613404,0.6972130259787445,0.6950096007483664,0.5583308745878547,0.8158250384246295
2613503,0.8763234714096277,0.8748750994251858,0.8303610713834931,0.896947814035621
2613602,0.7695421035712828,0.7651596812274696,0.7107978452953184,0.8716897928268081
2613701,0.7487872442454746,0.7463086467416802,0.5167550006955582,0.837026165380359
2613800,0.7907243727780419,0.788824925511343,0.6893149966018558,0.8502098830001724
2613909,0.8773535479053487,0.8738526117376216,0.8084270274176779,0.9288193170683755
2614006,0.8103636123144486,0.8093118921867445,0.7727081471074665,0.8580097944054851
2614105,0.7989950214714374,0.797905084222744,0.7151491679133763,0.8384167638962828
2614204,0.7543341265084833,0.7480216705902679,0.5527333941924787,0.8611406356352207
2614303,0.8998496849011925,0.8988011651477565,0.8615547628280281,0.9255809382684697
2614402,0.8938014512500434,0.8934445163041672,0.876968273214127,0.929464118429209
2614501,0.6892711887813053,0.6879691096000714,0.6072157412845312,0.801389924332292
2614600,0.8655214830680682,0.8640141268927654,0.8238176792096761,0.9047423288301569
2614709,0.7639306474512433,0.7632045202033093,0.710104189746827,0.8277509094117043
2614808,0.8401806611360902,0.8396647196393777,0.7748058220620985,0.8768337751204024
2614857,0.7386197131309198,0.7333689477731498,0.6022016216307594,0.8675571722369654
2615003,0.5817939695327627,0.5795652953909668,0.5051588754143982,0.7129801524819431
2615102,0.842771286982053,0.8420217505297316,0.783119537405074,0.8881876997416757
2615201,0.9150881107194386,0.9129164438101959,0.8647831319063592,0.9300448084176404
2615300,0.759501661238224,0.7578445833984935,0.6239354189975866,0.8390047124277992
2615409,0.7096448001695155,0.706894280706195,0.5964695539686468,0.7735571685545874
2615508,0.7039849532872641,0.700792073159513,0.5384335152760854,0.8257035540862034
2615607,0.8334125859537453,0.832617061532999,0.7969832113186349,0.87173055237435
2615706,0.8722944536122612,0.8691434523321586,0.7902771992541421,0.927146817694998
2615805,0.8309719515727179,0.8297995808441639,0.7893793784575935,0.8805577439552907
2615904,0.8861346130259324,0.8842410264402387,0.8331195307800606,0.9200656720809799
2616001,0.8592230632716809,0.8575829143435209,0.7826180363747338,0.8921987845360432
2616100,0.8052888267653272,0.8030454270896702,0.7532497397695869,0.8509534205958298
2616183,0.7341581419961949,0.7333319535394135,0.6480830348050942,0.8028129473766769
2616209,0.6233231547129392,0.6228490762626858,0.5408355972152743,0.7262405025551556
2616308,0.7310305390513572,0.728079165253854,0.5717516264153811,0.8384935382002534
2616407,0.717996992927128,0.7156542505119569,0.5488412057663218,0.7970470412736369
2616506,0.7566286436240122,0.7525117007917256,0.6355304867192946,0.8550216372423259
2700102,0.8213576597979836,0.8213752418388373,0.7584998174398546,0.8452993681905919
2700201,0.6745592371464253,0.6766446144057011,0.5924506295452082,0.7023310604425775
2700300,0.5357896406197366,0.5401884303168167,0.4435692198868389,0.6134269346843432
2700409,0.5526216544990759,0.5576694774134106,0.47374614381838104,0.5853573391008866
2700508,0.6327340122531668,0.6375797510846682,0.5419068731273918,0.7066119011057643
2700607,0.5095672048396397,0.5131582966702314,0.4425406034481634,0.6321164890483265
2700706,0.7597008559278469,0.7613695246637747,0.6932779862668234,0.807291831069323
2700805,0.702467511682673,0.7025195520792863,0.6236564200545102,0.7664163163959783
2700904,0.7983782855307726,0.7981819069605125,0.7175286915138436,0.8383189113747038
2701001,0.6457967136471112,0.6439503578297721,0.5338671925909603,0.6757528149610404
2701100,0.6915020390854762,0.6907757618280335,0.6357683495709824,0.7648760824972487
2701209,0.6951534024430848,0.6985406280650297,0.610721994360771,0.7228647563068461
2701308,0.5392075663673985,0.5409575206087779,0.4651528152772711,0.5904269856011727
2701357,0.7259486879256507,0.7236065927809004,0.6001469231105979,0.776156567573259
2701407,0.6776432596115775,0.6782932032569278,0.5771554247194826,0.7225009045731704
2701506,0.78582257017075,0.7876366686757604,0.7431604393715282,0.7990279351129548
2701605,0.8797983059611776,0.8797420202903349,0.8391335871628772,0.8988996997348089
2701704,0.5192454047469864,0.5260072233880252,0.4194023349137128,0.556128607549984
2701803,0.7501652723814134,0.7540640856561568,0.7217871344843415,0.805258717918718
2701902,0.7685593586334811,0.7696646005039041,0.6859529579250557,0.7738213709311367
2702009,0.7858164740155575,0.7875759986320451,0.7240508434511153,0.8036515769267744
2702108,0.5276755359864932,0.5271760310226291,0.4374278860227305,0.5843976911568305
2702207,0.617944175497242,0.6205430254029906,0.5543940549057161,0.6812191560747038
2702306,0.44589668818465084,0.450776508376074,0.41218754514858796,0.588124054489997
2702355,0.7586841837159284,0.7598485911443174,0.6972825807946741,0.7741896618659102
2702405,0.8361103367780953,0.8360471945325868,0.7537370344520088,0.8699763629389143
2702504,0.7302336176241517,0.7319685026711991,0.7077368333413997,0.7854845267703886
2702553,0.8083089901010655,0.8095058836896533,0.7520944131463567,0.827598330462204
2702603,0.8070145651362253,0.8079368252536406,0.7450000285641337,0.8086606818954558
2702702,0.6185442294765271,0.6213223987687524,0.6010796353133095,0.7101290452809477
2702801,0.4863162938529131,0.4869551589367491,0.46883082805774096,0.6330534601133143
2702900,0.8427595942075812,0.8440476955763242,0.7826183514550963,0.8450720562689303
2703007,0.6138304785517514,0.6121641027904451,0.5303830153154231,0.670776772265054
2703106,0.7957446142605741,0.7980162638380986,0.7393091651451088,0.8174278093703172
2703205,0.6948244396934202,0.6980009638044947,0.6512687082464573,0.7341681891737859
2703304,0.8859140946892601,0.8851170662608042,0.8468361772839686,0.9026521981217522
2703403,0.7962131743574106,0.7974425739105574,0.7288805572184974,0.8218250736626334
2703502,0.7367398534693226,0.7339856117109189,0.6392615908050775,0.7907519942416604
2703601,0.4683739818637097,0.4673715564423817,0.3770503850795018,0.6376280518191553
2703700,0.739856019815057,0.7427752393105042,0.6558673455586265,0.7648832193067049
2703759,0.6323860192372078,0.6337308982381086,0.5392068581151607,0.7085774288750236
2703809,0.640569917230838,0.6428178929139179,0.5597250565601534,0.691422589509395
2703908,0.5050138244856133,0.502803017658934,0.4356433312962449,0.6295052094850335
2704005,0.6666682750082922,0.6677988815432694,0.5938015445888646,0.695291242889647
2704104,0.7484290969241794,0.7498312312365288,0.6864417305244489,0.7678717916233632
2704203,0.766314509970514,0.7667837471895148,0.7100359093679746,0.7989296962823058
2704302,0.458769602188128,0.46333591553468567,0.3159123636828219,0.6055291685684736
2704401,0.7084111173170602,0.7093277234969051,0.6533423243913127,0.7404222487647244
2704500,0.5226104937079593,0.5203360704735148,0.4132275089307369,0.6970209617189803
2704609,0.6071099360696282,0.6133991621721483,0.5255749874890946,0.656904246169285
2704708,0.46516128042149657,0.4709126653259652,0.40471981838634913,0.5902057845592362
2704807,0.6202003260243477,0.6224129201412674,0.5368739000376545,0.6522074923971974
2704906,0.6793726248689904,0.6839903085649238,0.6254560202449199,0.7379495206742389
2705002,0.8592689104638449,0.8588676004706378,0.8065342916928895,0.8683242395429175
2705101,0.5112126299947559,0.5146388616454078,0.4242941057176663,0.6261824465893732
2705200,0.5621068387240891,0.5671609389330813,0.45878165771998214,0.6193661557489598
2705309,0.7804390131270647,0.7813535005168184,0.7097088126738532,0.8056873108786361
2705408,0.7712976833584276,0.7736009211175339,0.7131130835677051,0.7902515180533719
2705507,0.5624748781749268,0.5660087212838358,0.5202353504247834,0.683281269644854
2705606,0.4920921053375556,0.4924237018236545,0.4098531813953194,0.5820205871217411
2705705,0.5679966326218647,0.5705220497647927,0.5141032570213234,0.6353352718137596
2705804,0.8732710798261749,0.8737409973483382,0.8206168813063192,0.8756234766514375
2705903,0.7927398190513609,0.7961954475195356,0.710334890546186,0.7691998270802106
2706000,0.705495576783132,0.7089132919156979,0.6524627536299016,0.7523991471585605
2706109,0.7879321047991944,0.7877467322588352,0.7423057508939781,0.8378023812326104
2706208,0.8112733958860456,0.81219870778339,0.7656159196760265,0.8338361200498606
2706307,0.6154397429083369,0.620076044671006,0.5293157764326986,0.6605760814551673
2706406,0.7713149607423858,0.7722667019803421,0.69091625889679,0.815555614967732
2706422,0.8779412826191844,0.8775605142637422,0.8107057716034647,0.8781153141218644
2706448,0.5235260296005602,0.5290135064444245,0.4081136464846216,0.6038609816130336
2706505,0.701864122689002,0.7038287392733972,0.6152693800966584,0.746372096282914
2706604,0.7425762418037014,0.7417590684878966,0.6743700147616899,0.7652578396270658
2706703,0.574357092007047,0.5782526469510253,0.4984566255749563,0.6568400494039749
2706802,0.6777822910398048,0.6813410792928393,0.6134369500520105,0.7334699453841459
2706901,0.41632308042937527,0.4242661518330942,0.3480910248749407,0.5134113077234765
2707008,0.7336217764573688,0.7348957120204703,0.6885678490859705,0.7790797878554941
2707107,0.8468304976200658,0.8480432515829074,0.7662259042687181,0.8580755485306657
2707206,0.7725448015993656,0.7762299645664745,0.7377447738094939,0.7939801430048737
2707305,0.41550452378461056,0.41573231512913583,0.3388424454766275,0.5795868972366401
2707404,0.5289427865653554,0.5298372886904055,0.4362051899391349,0.6490784082215965
2707503,0.6327057822124985,0.6393174600737973,0.5601827896896757,0.6521576267360412
2707602,0.7418733109382476,0.7444521366324398,0.6829114467097819,0.7564412312194319
2707701,0.5819761848304347,0.5854385108649335,0.4651458084534276,0.6717317019180541
2707800,0.5493993343409962,0.5584522840712915,0.4824115394700473,0.6609530795723794
2707909,0.627463602121388,0.6320276739351457,0.5373473404922827,0.6636374013473739
2708006,0.6809278529932398,0.6862414444141395,0.6338950106529678,0.7264407763819986
2708105,0.7374909740705926,0.7389719633475552,0.6805511602223714,0.7520891796750533
2708204,0.6325610480286061,0.6370188055394226,0.5603700056262525,0.6734614521692124
2708303,0.6573828912547413,0.6532083760096832,0.5539077301345023,0.7181252473965789
2708402,0.7163903348057853,0.7191702432636187,0.6416400614559192,0.7403097379246265
2708501,0.6360522774501068,0.6333008909585641,0.5470090411449681,0.7114733411382151
2708600,0.3769084439585174,0.3798610704025214,0.2804554140010031,0.5650829551093354
2708709,0.5313685577420418,0.5338269925405137,0.4353204165066156,0.6550525680306603
2708808,0.7336375619792991,0.7359625958848133,0.6940357946487379,0.755877598795497
2708907,0.5340398334073446,0.5398330689244496,0.4030345683564367,0.625596284981987
2708956,0.8156152697184836,0.8164348339017148,0.7460426963563411,0.8722687086098766
2709004,0.7503776699596021,0.7508423919846252,0.671810245854644,0.8004225418800431
2709103,0.6873778051045834,0.6867206451984044,0.6186003162172048,0.7529032511579095
2709152,0.5500109969186601,0.5537182028593055,0.473206181938919,0.6198136084856637
2709202,0.7721249590533946,0.7747790121611482,0.7189366161790204,0.8081264561114407
2709301,0.6336202472831591,0.6349885077547325,0.5477179123335331,0.6861746263648882
2709400,0.6588158411595731,0.6584645020335025,0.5740165755971421,0.7014075438689377
2800100,0.6358018023884521,0.6358301363741309,0.5777915162836643,0.6726114571886916
2800209,0.5735848263599042,0.5821056237093112,0.5099180392099859,0.6001276749355284
2800308,0.5282962372518005,0.5323055104462683,0.3772713180157073,0.611929110687414
2800407,0.6274195666083348,0.6291112752113296,0.5489109780793434,0.6306649150743834
2800506,0.5171536209515366,0.5232011038567085,0.4535345041536836,0.5351633432691273
2800605,0.5244525747604089,0.5290139350298545,0.41570063325784107,0.5798689409352958
2800670,0.688258307162249,0.6898232178304445,0.6152652157116447,0.7159292745550818
2800704,0.6949625186052774,0.6979258361375477,0.6264927954551199,0.6872522498198076
2801009,0.6460241957410662,0.647858002306087,0.572227659490287,0.6371538298965005
2801108,0.6965572597444626,0.7006738722424998,0.6495929894416603,0.7313000529974878
2801207,0.7781426550249787,0.7798704344247235,0.6952179793705948,0.7771382851676506
2801306,0.566927429611188,0.5738653097378565,0.511400311756472,0.6043307633175411
2801405,0.5817157572835756,0.5881303837537121,0.5336812936737219,0.5862180107442747
2801504,0.5874377497867209,0.5856825635908546,0.4869825107960209,0.6475491746233417
2801603,0.6312472295589545,0.6347714158611,0.5794873652995708,0.6686279949587949
2801702,0.7923181042230056,0.7918925677235614,0.7177995708702496,0.7936375568860217
2801900,0.6351428521647647,0.6361276299209927,0.5595438165392662,0.6645697416441579
2802007,0.5790265970148217,0.5863564841628569,0.5346049839258618,0.630998615178371
2802106,0.7078154077631541,0.7109497119741018,0.5897073403023079,0.7238188963882609
2802205,0.6022772738383366,0.6091063159025332,0.5237420771291514,0.6033376802244471
2802304,0.5255951546734846,0.5275522829633621,0.48075686147911884,0.5386190244659769
2802403,0.6641448855925888,0.6662850365877105,0.6095467125699903,0.6817681581561751
2802502,0.6125549369539245,0.6136367535039239,0.47569946474628994,0.617472799477847
2802601,0.6984927566219031,0.7022893610591389,0.6063089048643748,0.6949280195688138
2802700,0.6352418671567295,0.6393429778454257,0.5899043871451156,0.6584319160956849
2802809,0.807787597257469,0.8079399423278634,0.7283493188906912,0.8223304711513347
2802908,0.5253901806055302,0.5295522581867237,0.4642791326332301,0.5453184160388543
2803005,0.6931470234583587,0.6953847630746189,0.6099914597380156,0.6894799481851765
2803104,0.6103217067262953,0.6143756805922179,0.533149113306395,0.6220011899528567
2803203,0.5766290457743432,0.582490385353499,0.4795910937609218,0.5963810609718646
2803302,0.6264652140147869,0.6284494568383018,0.5614204697081718,0.6555796213468403
2803401,0.6298362487059594,0.6348039199526666,0.5837052938572018,0.6454973181655603
2803500,0.6387959586019033,0.645210426610524,0.533938216085601,0.6371690948967323
2803609,0.604623275827042,0.6101997591768397,0.5205956936908763,0.6557380066602884
2803708,0.5997477449562079,0.6029987975755722,0.5565945254325005,0.6147842303420025
2803807,0.6916520557397994,0.6946683815117627,0.6195422014567588,0.6973800497744258
2803906,0.6043114810918536,0.6110822576869578,0.5427712340132829,0.6120149736322542
2804003,0.6542238845972252,0.6591009588234277,0.5557103406154188,0.6644190620475415
2804102,0.5641088417637178,0.5683131646597476,0.5368941976742425,0.5979890429278725
2804201,0.6416630984005101,0.6454908817026993,0.5961136625041475,0.6616438859443933
2804300,0.5507764813894268,0.5578848276375497,0.479724776764831,0.5789530187059655
2804409,0.6490554278534391,0.6531788769270227,0.5704616797249602,0.6780357183769271
2804458,0.6137852446630799,0.6149687738627195,0.5910352702523637,0.6414719639544225
2804508,0.6256804393564885,0.6297824690477608,0.5599056615350809,0.6392481453114819
2804607,0.5659892541659756,0.5712360573080782,0.5094179914167426,0.5922689358416722
2804706,0.6908963144863587,0.6953838348385434,0.632591760794488,0.7046867941055531
2804805,0.5147562806660047,0.5221431244513929,0.38611073119428285,0.5722070848151243
2804904,0.7148248354347188,0.716816322833611,0.6704803928477624,0.7438498479429035
2805000,0.5728892761557541,0.5724490552038061,0.5628865962171298,0.7000230852611659
2805109,0.68326230749675,0.6841348980054409,0.6136779110691633,0.7140544628247704
2805208,0.6455690461449906,0.6501815452755519,0.621180141771321,0.6891802268297216
2805307,0.5855530140633886,0.5925334182403051,0.5103377435310926,0.624090478733678
2805406,0.6434159264154212,0.6466575484957283,0.5958662116334059,0.6500672658765864
2805505,0.6688993616025947,0.6716236042197594,0.6174836947844841,0.6888856133893704
2805604,0.6233076641410535,0.6289886831642374,0.5786305884396836,0.6434742963748953
2805703,0.5582859295580466,0.563049815684327,0.5195316050043916,0.6117680906904223
2805802,0.7490500610435036,0.7498762628088887,0.6796932529053837,0.7595247257341741
2805901,0.6162448022380413,0.6201603139530856,0.5292058503495616,0.6619692396526957
2806008,0.5581907714228954,0.5601382390265653,0.5142955552410325,0.5787382029014713
2806107,0.6060354201051706,0.6110716545749897,0.5106209630684272,0.6305080699989835
2806206,0.6995782060511612,0.7031311752263268,0.6129727625016899,0.7266426445564692
2806305,0.7012091125943085,0.7070804223154671,0.6276462376932616,0.6926540632365339
2806404,0.6786909804628611,0.6837562842005487,0.6344464156602624,0.7034740761545296
2806503,0.6077813787933567,0.61235824625501,0.5851089232393697,0.6769825383356597
2806602,0.7672803685623764,0.768026105942322,0.7029554784754817,0.7735893880106222
2806701,0.5859726421768778,0.5918083255502938,0.45643974430762796,0.6423661179295663
2806800,0.5457824825123038,0.5485773314488936,0.521167824682163,0.5792888986653048
2806909,0.6234942514542385,0.6251267094972051,0.5447259682965866,0.6356021688924361
2807006,0.6038713781936259,0.6077574198940666,0.5159682818585708,0.5958673423202957
2807105,0.6824148007059665,0.6865322487822065,0.6174267332986015,0.7169469413232976
2807204,0.5881047119495448,0.594110287601565,0.5253438722838195,0.6245838886672095
2807303,0.5483807873791938,0.5501181485073663,0.5376002951243222,0.5921060849904565
2807402,0.7493168901562932,0.7508649718878636,0.6792995614351621,0.7870415270600741
2807501,0.6721220291958495,0.6731307426318516,0.6296457814121483,0.7062053449267668
2807600,0.6587110530853661,0.6612396071006637,0.5715771852849555,0.6834315077675361
2900108,0.664552435485287,0.6661430459814316,0.6433134936858352,0.7072669139047759
2900207,0.8501559501697241,0.8455035795018606,0.8105647669737798,0.8893679016867608
2900306,0.7208094019983837,0.7211586670603216,0.66733734142778,0.753659137987639
2900355,0.7740059064996762,0.7765689697124415,0.741101318962623,0.7914199691315803
2900405,0.7286889353125149,0.7264390980017675,0.663087294925617,0.7995700816924284
2900504,0.7274859003242482,0.7249807388429182,0.6986875096181482,0.7531643045006574
2900603,0.8002919305577586,0.7993631656531318,0.7288435018443821,0.8434334919281893
2900702,0.6880679970292004,0.6882109900752701,0.5465563492489264,0.7661587494010941
2900801,0.797968842680057,0.7979335226140395,0.7472088696658942,0.8271616453927829
2900900,0.6802356005125512,0.6808269731828832,0.6173216328207226,0.7152344772165545
2901007,0.6513348918554444,0.6516792632200206,0.6109737220688224,0.7544176219446689
2901106,0.7549743929475373,0.7564753519166175,0.6461703507188638,0.7804655239568415
2901155,0.7715076495020243,0.7728213734698333,0.7362650981531598,0.8020992166119735
2901205,0.6264139585268277,0.6254692558610652,0.5769661095757032,0.6686369925951055
2901304,0.8669737252482105,0.8663133675481697,0.8276695560477106,0.8885025018557812
2901353,0.8767708525466329,0.8762341808258842,0.8440596294576853,0.8913096590566688
2901403,0.7887394531563566,0.7899122642481897,0.7543408662254084,0.7943178403469706
2901502,0.8426240769595164,0.8421698016354381,0.7630236920358112,0.8501227348907601
2901601,0.7645927461708792,0.7639370229402266,0.6961649423016373,0.7658047624121803
2901700,0.8312668790684484,0.8319974381084133,0.769769797205253,0.8489956404640461
2901809,0.7079901051058239,0.7103491429059196,0.6668282471918457,0.7595779850843689
2901908,0.703811002065681,0.7036258121859422,0.6640546207183174,0.723807941133381
2901957,0.6317775919272649,0.6348686355712663,0.5452085029979253,0.6426701401070339
2902005,0.7105667283276685,0.7088630535841913,0.6661274868162202,0.7403085571211648
2902054,0.7778968326766469,0.7773396720611365,0.6833575370324234,0.7830728826263792
2902104,0.8383133857792301,0.8372598637182543,0.7939056581750109,0.8543825667529737
2902203,0.7901547589143604,0.7896301834703509,0.7173695473667379,0.8256314830746714
2902252,0.6930450640287127,0.6933736390076864,0.6514650813333599,0.7373893078654125
2902302,0.7631349821886632,0.7652408609880013,0.6846784677025259,0.7926412963658378
2902401,0.8168396134602031,0.8158863509263473,0.7449277215458343,0.8617320549271095
2902500,0.820206885141046,0.8197161668448646,0.7861988057670258,0.8420542339957731
2902609,0.6005267390818896,0.6016110899069322,0.571386034452449,0.6789388113808069
2902658,0.7529636176887682,0.7520061019517928,0.7196109142349173,0.7918793967359056
2902708,0.7808019545061206,0.7827455797249613,0.7371443132962611,0.7939733458768948
2902807,0.7150937616260495,0.7130068352891641,0.6580561264246847,0.738612144048093
2902906,0.6391270643505725,0.6424084521410385,0.5880165554755528,0.705446422449099
2903003,0.8486325222856255,0.849444844237941,0.8074637161236163,0.8602975021251615
2903102,0.750093289776314,0.7497743933689681,0.6445226388096547,0.8132968030618022
2903201,0.7307307082019954,0.7298342080899701,0.6498452662901126,0.7757205423322481
2903235,0.7434290963618118,0.7437676526047806,0.6997379295993073,0.7714265234504287
2903276,0.8102243089086908,0.8084158568093356,0.764244298816647,0.8237807628276981
2903300,0.6883836948673115,0.6885564754925052,0.6368973549454126,0.7231222672809068
2903409,0.7346426828009219,0.7362548140356925,0.6667282877833441,0.7981223183795564
2903508,0.5977175249424237,0.5973107204064472,0.5664559544444296,0.6557643065979165
2903607,0.8708805393561876,0.8695588350767424,0.8233420931210031,0.8957208806992824
2903706,0.832260424542109,0.8313339802683081,0.7914350856991189,0.849141664063
2903805,0.7229642565455907,0.7216941729050643,0.6499612120311609,0.7105835502263984
2903904,0.7992886705613471,0.8009218037935071,0.736916319104278,0.8142213731827369
2903953,0.8223408126073761,0.8205078333204973,0.7724841515354389,0.8204441288725902
2904001,0.7422145986696527,0.7419653316465965,0.7284760965748892,0.7845663866800855
2904050,0.6794678095857697,0.6845629195129268,0.6505743619892118,0.7176362842578818
2904100,0.8661246257466296,0.8653899859832831,0.828986712441652,0.8851165114247256
2904209,0.7903985317927725,0.7872000750793203,0.7842921977201757,0.8348031635507894
2904308,0.7588516049738245,0.7576672587491888,0.714406222719756,0.8194925103104013
2904407,0.7695156982147945,0.769111461519835,0.7206791235596643,0.7791310987057782
2904506,0.6785298218981108,0.6799548421751173,0.6563566878013464,0.7118023753906786
2904605,0.7590055026208093,0.7568935092692803,0.6679284018582825,0.8162748519728185
2904704,0.46174495709853824,0.46069774796446633,0.4149560867667055,0.492486264594201
2904753,0.6847959468318667,0.6874491076618495,0.6645759847739617,0.6895773060949878
2904803,0.7080355616095286,0.7066476478184108,0.6747686894084807,0.7644205399830971
2904852,0.7585649263903463,0.7622292814706118,0.691907479938767,0.7522415297961699
2904902,0.8116115286108603,0.8113094608869004,0.7149944643272148,0.848611014494538
2905008,0.6422519948174749,0.6416176032656687,0.5742345237842128,0.6379269209395378
2905107,0.7978344659567939,0.7978684542948699,0.7231973268158168,0.8087207062047272
2905156,0.8044803162786753,0.8045780230768038,0.7806838813365164,0.8207081219347309
2905206,0.7155980160040913,0.7148845204131266,0.641746718888038,0.7174612341522475
2905305,0.649231975278772,0.6517080642158222,0.5883766179318478,0.682955271126002
2905404,0.7248099656126186,0.7276862273209281,0.6285193120234283,0.7854231307095709
2905503,0.7788368197105285,0.7785513102737597,0.7143848621975222,0.7651173350128658
2905602,0.6849847619147054,0.6833080729041595,0.6029670564661851,0.7221267794429663
2905701,0.7073385926102023,0.7067340922730324,0.5639929731614658,0.8098286671962563
2905800,0.5896478723283166,0.5954337235415925,0.5573299945226773,0.7048686617283441
2905909,0.800885431474464,0.8035406233067194,0.7714294697917459,0.809515654570625
2906006,0.7008242242722573,0.7032258901595786,0.6531974151892218,0.7217796540895104
2906105,0.7920858809930234,0.7939936061067292,0.7551922934480975,0.808058127178934
2906204,0.7650231426863859,0.7648683253885018,0.7257322309264277,0.7947927943123161
2906303,0.7061414070549645,0.7078319343071718,0.6533173542233826,0.7506150802776612
2906402,0.7937557112054112,0.7942508906099661,0.7388763569477149,0.8115728098142562
2906501,0.8739098401712655,0.8729055318019462,0.7432242034494868,0.8818247059058724
2906600,0.8009690596470413,0.7999749433005642,0.7498151887438232,0.8098114102942701
2906709,0.7193576548598308,0.7216314570243413,0.6893669565560443,0.7448532684410938
2906808,0.858065183731956,0.8563824735135194,0.8303386640799085,0.8805721379536474
2906824,0.8298643834333405,0.8280220896716991,0.7813764622698877,0.8528005037651744
2906857,0.7241263636145889,0.723300304566726,0.6502283012073673,0.7675375253519018
2906873,0.656108781340836,0.6565465827474813,0.5717436446673633,0.701819228055118
2906899,0.6035893755956381,0.6030602041382495,0.563381821367364,0.6274787405686352
2906907,0.7873284028951528,0.7883331109563749,0.7278022473523734,0.8303640764353885
2907004,0.8329916619107915,0.8317268530489752,0.7423806664375651,0.850024833103781
2907103,0.6167122106991673,0.6184668319849032,0.6204150619618957,0.6846864119021662
2907202,0.8361846090656162,0.8355054032411723,0.7770790687462436,0.8507128056847626
2907301,0.8031037985826676,0.8025381098440746,0.7404340327046137,0.8095234070466658
2907400,0.889275173985034,0.8867181232270869,0.8489192233780184,0.9083873209123335
2907509,0.8359324353403678,0.8324759926144917,0.6991336152772475,0.875074583908475
2907558,0.8229010510446193,0.8213690685043953,0.7719559144654822,0.8237159587677542
2907608,0.7582777618697341,0.7584705496907566,0.7326572632270048,0.8126799784493172
2907707,0.8067674149452795,0.8054917769476627,0.7588529843142252,0.831362847635826
2907806,0.7401628275881375,0.7398280589474804,0.6875266336535774,0.7503933597168878
2907905,0.6695326767477198,0.6727051350767025,0.6093291078940197,0.7291290935016158
2908002,0.6715667469740627,0.6702426504694072,0.620227088949862,0.7290603328951363
2908101,0.7005635024765714,0.7000295211415818,0.6696467976442738,0.728630533403218
2908200,0.7485522550940444,0.7530353892122627,0.6722856729077812,0.7827505756768188
2908309,0.8282445253651127,0.8279468527359475,0.7789059273523745,0.8588352481978476
2908408,0.6711618871201934,0.6715907246378622,0.6382097434699897,0.727102299811529
2908507,0.7202142990945898,0.7237853277254874,0.6186549673808919,0.7588323897123829
2908606,0.7827800713675614,0.7837101361380417,0.720654827364993,0.8228983877479431
2908705,0.7127973818367241,0.710832369443677,0.6738750609469472,0.7441854660211167
2908804,0.6914988926451521,0.6922451164406582,0.6654398138934221,0.7410269579886387
2908903,0.8195826301344036,0.8206411691162175,0.739754831960053,0.8351814020466707
2909000,0.5674132913516383,0.5674747398218103,0.5266557328342321,0.6030882290553317
2909109,0.7909535226067334,0.7906097749102572,0.7712744360367,0.8147990522258608
2909208,0.7561037717155374,0.7566578593247765,0.7040799399736168,0.755426397403803
2909307,0.7092554554392952,0.7093857641688008,0.6631721048709188,0.7395185946828505
2909406,0.83835755858979,0.8385210142323247,0.7961787251441543,0.8506149445469394
2909505,0.7885092131777447,0.7855837572280983,0.7473652642842258,0.8363109907965601
2909604,0.8085653415631371,0.8074311916484347,0.7737310463167552,0.8270966870538695
2909703,0.8220659252001015,0.8204506915702413,0.7823681995945369,0.8413224815020595
2909802,0.691339257837526,0.694139114559901,0.6035549316836454,0.7373528001284556
2909901,0.8054045825920606,0.8059468371700095,0.7642546399350815,0.8378609037402356
2910008,0.8110146493272712,0.8113517354328446,0.7402867554148895,0.8485144455504496
2910057,0.8031606479305973,0.8023300689714015,0.6806258941224209,0.8422439773057281
2910107,0.77972596432143,0.7820335609401846,0.7488875171163848,0.7924061822521704
2910206,0.7590578780580735,0.7592878660858426,0.6921286978463704,0.811844557372012
2910305,0.7112137950111018,0.7155498029993953,0.6662892415418686,0.750058945701665
2910404,0.674679169422782,0.6747723912024197,0.6151912712722529,0.6931864716469688
2910503,0.7560216346042996,0.7559258080930733,0.6611944961683016,0.7980754360926167
2910602,0.7494779465043246,0.7522070336784775,0.6802098362601896,0.7806683604634052
2910701,0.8006427054727653,0.8013513272898486,0.7535466995579156,0.8177670627006557
2910727,0.5873941628834988,0.5887851720747951,0.48310218989666187,0.6827431800719563
2910750,0.7787527804334587,0.77927985651475,0.7390894988299445,0.8099502759113681
2910776,0.672799230857157,0.6733343555039024,0.651410753323151,0.695957834776233
2910800,0.6761072550572482,0.6791643521106471,0.5228906312250777,0.7502859339071115
2910859,0.69645664483577,0.6989154717302215,0.6427939473071014,0.7351913654383525
2910909,0.6652506451841148,0.6671417421859918,0.608047973336716,0.6797650979318816
2911006,0.680719042699365,0.6814580205313038,0.6280603715703311,0.7122988847888818
2911105,0.6686024003021516,0.6676738580243397,0.632491673237276,0.7135709285311852
2911204,0.6000748265396825,0.6003304469615619,0.5054605743788928,0.663368255668961
2911253,0.6607004565429959,0.6618242377132973,0.5973589966063871,0.6920001800029132
2911303,0.7652587979544748,0.7636033643464435,0.7397969014854732,0.7922138052394581
2911402,0.847002877892628,0.8461850763612855,0.8045240074230966,0.8492347770568992
2911501,0.7712122611232517,0.7728700402957668,0.7125049861829557,0.7795397179786088
2911600,0.7613196549032386,0.7592064601308289,0.700662468621883,0.7844549673474072
2911659,0.7963798384488399,0.7949026021066,0.7373748008455968,0.7861322102690816
2911709,0.6789102138833121,0.6815389924910383,0.6174170751170734,0.6990696018695616
2911808,0.8057181023165876,0.8046495489931424,0.7597447630497479,0.8489759561269032
2911857,0.7983094095286155,0.7989851885243467,0.7633925830870232,0.8177839518293794
2911907,0.7846361658428502,0.783181739415799,0.7306824680445704,0.8146826578526273
2912004,0.6114535701927093,0.6114652351571971,0.5940101470570802,0.6287566124553593
2912103,0.6114250375322998,0.6132561798003772,0.5649693419682169,0.6542613350934169
2912202,0.661649809114981,0.6624750906013582,0.636043508944414,0.7010148233672032
2912301,0.697628954196551,0.6983091116109487,0.6335366927023278,0.7300860227500898
2912400,0.8650602746669208,0.8641476048273317,0.8188279746223537,0.8731669742077398
2912509,0.7784693879508664,0.7754911455042163,0.7336306659052987,0.8033681922805648
2912608,0.8258063459194549,0.8232380717552074,0.7828319633911712,0.8680922097553854
2912707,0.7337580683796429,0.7320578500135406,0.6660924061624525,0.818414264073276
2912806,0.6373374802620886,0.6357290502754497,0.59551535454082,0.6977688300678189
2912905,0.6581040042878363,0.6586095995983788,0.565455264506187,0.7310599697557915
2913002,0.7608782341300029,0.7585815211954007,0.678820222088295,0.7561785760513634
2913101,0.8189129966363095,0.8181746329274845,0.7715500779452847,0.8446267715959178
2913200,0.7157374212066605,0.7148509860740614,0.6557608670530669,0.730330602659112
2913309,0.7544416249021164,0.7546244455785907,0.6925297766260812,0.783629443812979
2913408,0.7415153336457522,0.7417300784016785,0.7226079877487671,0.7852360958961713
2913457,0.7489738575257153,0.7506196355578646,0.7062018903364232,0.8144414351434274
2913507,0.762617142758515,0.7618580675150134,0.7085276062218989,0.8113009073133585
2913606,0.668794997313052,0.6689808120068882,0.5350510302424636,0.7532926286256485
2913705,0.7490832504122097,0.746733940768316,0.6976548367426094,0.7828264264649003
2913804,0.7385751052460334,0.7397641169033081,0.6644180506141338,0.7375754651114453
2913903,0.7264664574801868,0.7239158046765416,0.6298351939041656,0.8046832781921589
2914000,0.7175706064133393,0.7162743952959582,0.6461406919981939,0.7425896229350083
2914109,0.7043193503085061,0.7058231536498528,0.653947586308751,0.7290358013673225
2914208,0.814012184973115,0.8132400593482854,0.7598237980081292,0.8197786436819223
2914307,0.7227035047623783,0.7214236535427,0.678737072124569,0.7335047113283819
2914406,0.857931408814516,0.8581946325557408,0.8345857079922943,0.8758728812308699
2914505,0.7937933941919135,0.7945109550167081,0.7145974749850401,0.8213447421299657
2914604,0.7162592409440303,0.7172725378429979,0.6478319994396511,0.7702866997546236
2914653,0.6581769568805912,0.661063880690695,0.5885598714625077,0.6899123261474688
2914703,0.7502253558884271,0.7498564218640716,0.6530376291952465,0.7855543062059634
2914802,0.5337260535462647,0.5350932393589872,0.4479397908378035,0.6009334369847051
2914901,0.7764282333980195,0.7765437647322367,0.682057340155611,0.8374986238177454
2915007,0.7410759898227829,0.7423206709586584,0.6939666589069486,0.7446084476523254
2915106,0.6382780763316609,0.6395456791187261,0.5957546523678027,0.7100714740461003
2915205,0.7952339834793882,0.7936198780330687,0.7180497563908951,0.853865270861086
2915304,0.6137793248664146,0.6138187493002403,0.5298162525623938,0.6738033613063852
2915353,0.8901006677084276,0.8890340907696109,0.8597753015320532,0.9033256470199218
2915403,0.6848598745573415,0.6827409629942999,0.6517067775882084,0.7519341344371324
2915502,0.6402684283195308,0.6410573326433431,0.578045941321885,0.6902568138439796
2915601,0.588231696340912,0.5884343263454509,0.524023574048024,0.6523228618018032
2915700,0.6912290696143721,0.6934938296880798,0.6623212052031874,0.763434816054917
2915809,0.652893303772876,0.6548447933093903,0.5978932972810286,0.6821220097727972
2915908,0.7707090320064599,0.7703628475797064,0.7071982326147905,0.7930029492111363
2916005,0.7309981068260664,0.728234129081267,0.6798147194584111,0.7667288459063503
2916104,0.851239181134198,0.8517765829615457,0.7490285312500852,0.8739566156017825
2916203,0.673812334744142,0.6762094023069368,0.6053233702950526,0.7078063718309763
2916302,0.6963632080406807,0.6966621341214462,0.6537627587536696,0.7430330749211801
2916401,0.5567947351975985,0.5574555581733117,0.4732155107430649,0.6441998009427333
2916500,0.8456503652038534,0.8445518361494259,0.8035613110510061,0.8738003237420674
2916609,0.7752923894222699,0.7735555358861376,0.708036358534382,0.7979199138573438
2916708,0.7092725443195318,0.7082308748195643,0.6841500350841505,0.7558614425092346
2916807,0.6796094502245263,0.6780935670689856,0.630575394799017,0.7410578622996291
2916856,0.6110574960212573,0.6154831400490948,0.5608162734066026,0.628081127406972
2916906,0.6733060896039156,0.6759090536233678,0.6161235411362899,0.7289633700222345
2917003,0.6857377293676221,0.6845739090388029,0.6619340302530702,0.7268444003680959
2917102,0.5634657835116166,0.5666455731746732,0.5080264969941007,0.6198898872686801
2917201,0.5229220913155611,0.5247602545674456,0.48492146324787716,0.568014073233384
2917300,0.6609428584231423,0.663472966036125,0.6155160068197586,0.7165472706606915
2917334,0.7765889249486141,0.7747194719957383,0.7510468460285251,0.7900371335678328
2917359,0.7728478644968952,0.773747321755012,0.7312911472377146,0.7647488904913032
2917409,0.7672872850451007,0.7670030008995594,0.7277099749989088,0.7886448711981041
2917508,0.7643304131788271,0.7632709585137306,0.6809477237935555,0.798825526736627
2917607,0.7251710751086599,0.7249245618661394,0.6715585742917852,0.7679850664055804
2917706,0.7378263183020317,0.7391171218143614,0.6982393454035128,0.7888209758581396
2917805,0.8458519446382671,0.845462021484022,0.7876524556464927,0.8554575600691736
2917904,0.823175589969493,0.8226557840271012,0.7713355047629039,0.8376312680911284
2918001,0.7537271880961411,0.7536628769262714,0.6212966458325863,0.8124910568025125
2918100,0.8187285560258268,0.8179194878173517,0.7796061875529187,0.8292161115465134
2918209,0.5690127082560936,0.5706505388345329,0.5383165671712401,0.6150394938611389
2918308,0.6846547037220513,0.6830827504642157,0.6217211973589644,0.7591579102640437
2918357,0.667152553514726,0.6697828125912414,0.6169554943685885,0.7348855015186078
2918407,0.7458299487920294,0.7450703551705896,0.6512959289201836,0.8111817966640894
2918456,0.8210721123695628,0.8202076614866485,0.7793915611026742,0.8358029984086678
2918506,0.8695006698406337,0.8687017430911,0.8317700220648293,0.8820037309975479
2918555,0.6851251828694777,0.6866180221128472,0.6415094746136174,0.7158764175729156
2918605,0.7222111796811039,0.7215687764708175,0.6465367086675764,0.6953554650969515
2918704,0.8581647513506319,0.8569550483428184,0.8111619203138091,0.8727218118766021
2918753,0.7634164086498509,0.7644995514641582,0.7029224818431442,0.7507478040692454
2918803,0.7760285271482441,0.7722396616087476,0.7110214509565759,0.8148232707565027
2918902,0.7307195807911824,0.7312549990988302,0.6618895668797556,0.7530227918275596
2919009,0.8581882444122046,0.8564195839116611,0.8364647472567115,0.8786998715924573
2919058,0.8253411457796448,0.8260513436632296,0.7648916483180791,0.8497773148648379
2919108,0.839619628001941,0.8398533643761491,0.7952422505475335,0.8538186070658801
2919157,0.7955728544729982,0.7962727085352701,0.7528311774218256,0.8329764125133862
2919207,0.7580054724368055,0.7577266931511443,0.6029762492334516,0.8307199420222154
2919306,0.8263852802658115,0.8267401217419595,0.7820538585397099,0.8588597993602475
2919405,0.6733950918537154,0.6751479259824388,0.6395008325312873,0.6926003218949098
2919504,0.7632374353610789,0.7627331395034243,0.7254579719433032,0.7881741452201784
2919553,0.5052670630932239,0.5050745845827596,0.440576496639626,0.5777718233945643
2919603,0.7229861452098438,0.7256491940022313,0.6939022767780875,0.7604430108384697
2919702,0.6494197503190078,0.6487100295989415,0.5837526473849391,0.6930293083943164
2919801,0.7402025991964695,0.7377448405222209,0.7069517430911089,0.7612478771558232
2919900,0.7689913471290508,0.7675410645037516,0.7158259213484056,0.7920053441588516
2919926,0.8080588024461558,0.8050765277566909,0.6742993024555862,0.8558313937603872
2919959,0.7082655625665744,0.7051673850458413,0.6425974658519503,0.7059033349510848
2920007,0.6786201126506519,0.6775528893426842,0.6123212313935175,0.720479807265554
2920106,0.7214285446514227,0.7228457555724085,0.6619221715874973,0.738743980153936
2920205,0.7663730305415006,0.7656396073414841,0.7500639685725986,0.7895677763069869
2920304,0.7714450934376116,0.7697795948861029,0.6854074116837922,0.7804500498001886
2920403,0.822887211041015,0.8225469636264039,0.7816760783602469,0.8501630057176705
2920452,0.7720370104445945,0.773050657921384,0.7031679574051228,0.7451207132863306
2920502,0.6859271248147707,0.6833216978707691,0.6510392495542618,0.7591740316653133
2920601,0.7534969365689838,0.7570763777983703,0.7152020586695328,0.7816014742154954
2920700,0.790842016521906,0.791605369372644,0.7387470594137707,0.8253845965060357
2920809,0.8101828248576971,0.8101640452468161,0.7775564534584255,0.8342683249535012
2920908,0.694646597403057,0.6949077940935382,0.6306366694397393,0.726141576684682
2921005,0.7845968758293215,0.7833036812987898,0.6393729942011094,0.8106086263470788
2921054,0.8379777356763563,0.8367263213894334,0.7765922757126162,0.8162187778355237
2921104,0.7073849009020656,0.7057571050915831,0.6836217285014966,0.7708214204447682
2921203,0.7877532904878208,0.7864836422957641,0.7238215032346265,0.8155799543679083
2921302,0.7001320388802634,0.6946916023904292,0.6596060228673944,0.7717532353326004
2921401,0.698389086816349,0.7011659278600649,0.6658266435466316,0.7159011902343866
2921450,0.6982810922807172,0.6984562813123715,0.664216544663106,0.72450960627128
2921500,0.8148438137262572,0.8144049759718973,0.7735075551474663,0.8159770203958207
2921609,0.7173948859369454,0.7187560176682567,0.7175328701367166,0.7584304143099642
2921708,0.7496320385853608,0.750867580413986,0.6968599812619353,0.778865701203927
2921807,0.6728842009802237,0.668818854956,0.6252276482221765,0.6697308642201186
2921906,0.6011613161517543,0.6002956686305853,0.545625997920348,0.597761788096438
2922003,0.6983996262144726,0.6973532602602718,0.5997495318951943,0.766418292454582
2922052,0.7881886452244637,0.7886326829053755,0.7340012007725623,0.7857942635447556
2922102,0.7776402625137452,0.776454967231564,0.7305477958911917,0.8133832138390447
2922201,0.7783659197727605,0.7776761760491159,0.690008839932904,0.7823999735459938
2922250,0.7813871061242206,0.7782934323605947,0.7288563505614194,0.7813251283868667
2922300,0.7767390353840303,0.7769987569457658,0.6721390492615159,0.7816480903484352
2922409,0.5614220824924815,0.5622846622539385,0.5329360933799255,0.6212808445750374
2922508,0.8269770943235653,0.8263560013760105,0.7576870919191617,0.8505385886672613
2922607,0.6927554102215978,0.6952203562931482,0.6616711230322859,0.7370424680182305
2922656,0.8589635419938881,0.8571081712401223,0.8125402953861584,0.8741891349389933
2922706,0.7758295101883111,0.77591780600163,0.723591046717301,0.8245598896666572
2922730,0.6945638300455326,0.6947046105264997,0.6298184647821643,0.7252831453401051
2922755,0.6480052089618338,0.647736083791432,0.5832877635315523,0.7132649469627803
2922805,0.7405106786470359,0.7397904782240617,0.6890373357645861,0.7437110790142597
2922854,0.8675068637179656,0.8687330010191229,0.8152988531440828,0.8757266226052707
2922904,0.8519908596953564,0.8506563947211805,0.8118283755108923,0.8757365577078945
2923001,0.672533959184322,0.6718581670663064,0.5726942308278383,0.7349707535710225
2923035,0.7856801973324502,0.7834744799794459,0.7741276674762161,0.8301654839056996
2923050,0.6770662749697567,0.6807362549572797,0.6004277191641022,0.6521588341243049
2923100,0.8636370370709747,0.8633942302180082,0.8104502135681496,0.8871203643366984
2923209,0.7887235367113263,0.7877037207340893,0.7435048950723674,0.8056204549931003
2923308,0.6960088827595098,0.696952020057083,0.6600328845367045,0.7279854320480883
2923357,0.6007924659557382,0.6005838695621538,0.5628670714003294,0.6249465327429956
2923407,0.8165873584359948,0.8165832000503112,0.794500377241932,0.8399433140881746
2923506,0.8107044412916624,0.8104944189644918,0.759925610064061,0.8261421035993353
2923605,0.8089116445739774,0.807388727172958,0.7593186467897058,0.8215722156669211
2923704,0.8155198208988681,0.8181956141513475,0.7990370555953762,0.8356219427433103
2923803,0.7124599236330125,0.7137236590790225,0.6808894982390378,0.7406989376761325
2923902,0.7180229634741507,0.7189254059749061,0.6715338749421439,0.7878622387069663
2924009,0.8287890992505853,0.8290233397003596,0.7511222790994007,0.8394711137322984
2924058,0.6650499337097269,0.6628367398535207,0.5875442360047364,0.6537335229634883
2924108,0.817635379298899,0.8184117501820577,0.742464595140369,0.82769691492086
2924207,0.748696649373258,0.7488990487621382,0.6999127329644962,0.7498297987809238
2924306,0.7976955933674152,0.7972180671925861,0.7603097366532102,0.825776993898277
2924405,0.8108636409082182,0.8101407332389082,0.759072055087386,0.8127179300368607
2924504,0.6881016974350728,0.6925192826587909,0.6425153112666339,0.7104672535102162
2924603,0.6349761497340098,0.6367775285237173,0.5926416165874447,0.6688186587721439
2924652,0.6112279282087109,0.6108809531517316,0.5899954516809326,0.6545991491322284
2924678,0.6016511648799225,0.6039215380342156,0.5494043834035535,0.6297101552931957
2924702,0.6498847790102916,0.6498376686168319,0.6279841680985326,0.6986445731903231
2924801,0.7971647554145782,0.796279943560206,0.7360471801353792,0.8346084308619446
2924900,0.7982003169295397,0.7969969277550554,0.7482003737590889,0.7811194255569932
2925006,0.6889997577047603,0.6880253283846517,0.6499542109945559,0.7164172804509618
2925105,0.7075285310706708,0.7084081409773934,0.6492282007046309,0.7529192133411687
2925204,0.7728139221001722,0.7683874117468147,0.6027829626241027,0.8137653648489093
2925253,0.6748697773875486,0.6776405230058641,0.6317561292239845,0.7025970205597357
2925303,0.6716008212311513,0.6725465389527779,0.5736024903058983,0.7776788291096001
2925402,0.7260264599889208,0.7238050624728404,0.6635554659154786,0.7624800816767475
2925501,0.6649470295169333,0.6658567650140812,0.6147297201365457,0.7222687360695854
2925600,0.8898636727414216,0.8884466995645112,0.8411986217740135,0.909552080835371
2925709,0.7679630393185506,0.7674369685735933,0.7200799659217934,0.7788380592811395
2925758,0.46707053010764765,0.46911962871338275,0.43556885658720007,0.5129483500236668
2925808,0.7740026092154313,0.7742762016133059,0.7219302032124982,0.8040143003489684
2925907,0.7347413787495927,0.7321410518935495,0.7127264934042147,0.7934359281682194
2925931,0.6638569912396642,0.663794170578425,0.6084378885156839,0.6602327938413339
2925956,0.7198192629830955,0.7186481354817295,0.6768677954981053,0.736793711080192
2926004,0.8342387261771085,0.833054392440236,0.7869207472822092,0.849004688692864
2926103,0.7884765587238844,0.790025113572877,0.7278972053369911,0.8199117953348956
2926202,0.8346465335828884,0.834578983760669,0.7728177353937188,0.8288373345202222
2926301,0.7328518085051552,0.7344697241763024,0.6605905493843508,0.7427356741961285
2926400,0.72884623523217,0.7290402025498145,0.695879048860828,0.7449862720377931
2926509,0.7766729028440329,0.7795855868134546,0.7530365676592021,0.8048402723993519
2926608,0.7079945802795712,0.7075240082055766,0.6589244294915861,0.7479353837386444
2926657,0.7070110567109359,0.7095402135739363,0.6585347029042518,0.7393808921807246
2926707,0.7493527672616486,0.7485989766139692,0.7195424777292393,0.7940232922964752
2926806,0.8097024810137241,0.809684301265747,0.7432290178743148,0.7970909133504168
2926905,0.7196857448549313,0.7170554415974718,0.6667967790821961,0.716110769682272
2927002,0.7664048425831491,0.7653780330568734,0.7049087152125603,0.8079479220363187
2927101,0.8112330214278226,0.809796956374199,0.7221602577653022,0.8447156276525792
2927200,0.7753678944162045,0.7751884619021139,0.739528831256183,0.812053631718831
2927309,0.860729861249937,0.8591874918964374,0.7950280204977851,0.8905213016902284
2927408,0.7524134522639394,0.7512017442147291,0.5715920520059941,0.8144638922610016
2927507,0.774336243877027,0.777238563571875,0.7272777533147777,0.7908843900855179
2927606,0.8209231290339292,0.8202621145111358,0.7720188664211362,0.8169992728991659
2927705,0.579079330785041,0.5805014510008115,0.509633172749237,0.705963770576964
2927804,0.713404433468278,0.7116409668467968,0.6472932591810012,0.7333902641002316
2927903,0.8294662477368389,0.8298653793739542,0.788748882219088,0.8529798826449898
2928000,0.6838122624183146,0.6850135622474248,0.6401754786828646,0.7279394549948477
2928059,0.6534714417693089,0.6562375985508311,0.591626673400845,0.6978196437289319
2928109,0.7119015395285694,0.712392026809013,0.6727799944940768,0.7434192171214707
2928208,0.7391240524789289,0.7379298526194278,0.7239268554658005,0.778452819322892
2928307,0.7959082579560421,0.7972172428884033,0.7308210403865153,0.8084619498552043
2928406,0.7506895424195917,0.7518922490459018,0.7203683524012665,0.7814898418421823
2928505,0.7659266633601669,0.7667384254117154,0.7093204972649799,0.7816312356549067
2928604,0.8543429979479285,0.8529707955310797,0.7483851734991595,0.8893028410779795
2928703,0.7228575840030207,0.7226588037302788,0.6186079413241007,0.7820258675927346
2928802,0.7823512301286282,0.7837382406883471,0.7227161397151761,0.8156814479875453
2928901,0.7542480714971541,0.7543140186212908,0.7025528040079667,0.7647742383488588
2928950,0.7142289859373452,0.7146950421452284,0.6521151437091678,0.7328881213022848
2929008,0.7794893075094693,0.7808046037948505,0.7100666622103745,0.806065177202138
2929057,0.6450703090569807,0.645240139109297,0.6126520306202466,0.6826591208734842
2929107,0.7054449517178476,0.7032640929488622,0.6423118379343847,0.7316881949851332
2929206,0.8189774459414434,0.816060718195429,0.682163414897807,0.8453009002230226
2929255,0.8206660313125735,0.8218243546135185,0.7611329991479178,0.8215837418426575
2929305,0.8275147023568249,0.827759841441473,0.7277183141197412,0.8559751240799219
2929354,0.6744837460542824,0.6761415107315919,0.6204748564888418,0.7079243356343853
2929370,0.7323742745827267,0.7332208561373005,0.6600587705167501,0.732028741848262
2929404,0.7364691705851085,0.7346068755701815,0.6716600664305211,0.7719908813569413
2929503,0.8603691475626801,0.8597952875938139,0.7463622150167896,0.8783139990248978
2929602,0.7843831824202813,0.784002770919357,0.7123470026386225,0.8004183177010566
2929701,0.7276384661250614,0.7261666462505826,0.6735376815169661,0.7321688190963515
2929750,0.807548754061505,0.8103375202375546,0.7086697877741686,0.8378170124030744
2929800,0.7690003964134138,0.768405660454313,0.7023934715895487,0.7856882224966205
2929909,0.8372353727196973,0.8366776691035209,0.8023443959680225,0.8753382967638471
2930006,0.8007208504365837,0.8003225523829505,0.767971261342542,0.8122673765374303
2930105,0.6000044570002745,0.6060410611740333,0.554782651886145,0.6615032103847359
2930154,0.8348015536661848,0.834981075354361,0.793411601854381,0.8454081908401957
2930204,0.6858111114337289,0.6869059464714783,0.6361810877157406,0.6949854677794729
2930303,0.704410749451783,0.7046786142924409,0.683569023377347,0.7382938739903931
2930402,0.8351141088004316,0.8342862394106993,0.770554837782611,0.853270840306582
2930501,0.8014300492935482,0.8006583185045627,0.737166349917,0.8388261856477826
2930600,0.6614376407219189,0.6631926365853403,0.5789852329753694,0.6811039918764772
2930709,0.842193778831803,0.8417100970005772,0.6949696518691667,0.8828012116162592
2930758,0.816698749283046,0.8185005103609134,0.7709099105334879,0.8330775947533559
2930766,0.7885301749567024,0.7866931780282057,0.7425589231184052,0.7977030499867478
2930774,0.7771523815597065,0.7793322362561924,0.6917473587742736,0.8162630511231947
2930808,0.7577833015855953,0.7577601563033284,0.7297539127768534,0.7749263228294936
2930907,0.8200299845567494,0.8192602950009634,0.8051706552296948,0.8488040756437427
2931004,0.6285655130625278,0.6262335049841935,0.5931893914539075,0.6602705059093837
2931053,0.798572947572314,0.7975281591626747,0.763452653620401,0.8030296875550021
2931103,0.788152770114745,0.7886892774933311,0.7423737570980934,0.8202298510888136
2931202,0.6963461158173831,0.6951739521328486,0.6485716275120663,0.7413472662126833
2931301,0.7942979047920598,0.7936550003117487,0.7474815493683281,0.8257756757380208
2931350,0.664147790957454,0.6627396476648497,0.5784772925408764,0.731338943654349
2931400,0.845009432491607,0.8458237714444908,0.7683023031314163,0.8671322426630285
2931509,0.8391240614960905,0.8359880717142859,0.7869224067605783,0.83387067962593
2931608,0.6694742782690639,0.6705841779633462,0.6181741879748358,0.6993219051308773
2931707,0.796298084284617,0.796281101906998,0.6762364259999766,0.8182095572708784
2931806,0.6937011967973767,0.6899712331286908,0.6401149136751147,0.7252410599913789
2931905,0.7946107647652199,0.7943148673589712,0.7298662802296345,0.8207603431140861
2932002,0.7730482780164302,0.7730875455455039,0.7120715936623818,0.8034195109525141
2932101,0.6621711198453117,0.6613574656392415,0.6292134410094484,0.7020346688325029
2932200,0.6385214428868647,0.6395759181873686,0.549150526970276,0.7030880332724423
2932309,0.6416648156547828,0.6421610239690115,0.5617866397038053,0.7217985776025602
2932408,0.756487521584091,0.7574964182931324,0.7294858950090287,0.810816389747718
2932457,0.5953975900212414,0.5985129295592756,0.5253364553399659,0.5819016798542185
2932507,0.6646277277572985,0.6637133492783595,0.5962444082489428,0.7066827605207392
2932606,0.8128742651854566,0.8142858492074243,0.78608792605128,0.831916974445273
2932705,0.6517673564407982,0.6488438203317064,0.5857743302255977,0.7142542371981472
2932804,0.8082473005202577,0.8076473947168826,0.7613213953154877,0.8303237537253989
2932903,0.6643862857845612,0.666544499038566,0.5893522442662037,0.750103961891181
2933000,0.6281610593055472,0.6290695828226122,0.5895372840825005,0.6547646182121597
2933059,0.7610975998631261,0.7603261163665218,0.6932203152678743,0.7835649362443212
2933109,0.6926938445595827,0.6940037185475765,0.6208075715600693,0.7086775084739605
2933158,0.7019494868673043,0.7046014755965476,0.6457454202198757,0.7281093977963566
2933174,0.7356998856984323,0.7331152309508077,0.7136386912888848,0.799743815369904
2933208,0.8596833411684791,0.858481113625624,0.7789479465606228,0.9025702829683248
2933257,0.7404460826720021,0.738735652861468,0.7000237166793504,0.7523833658071992
2933307,0.4977895988660065,0.5007066891125684,0.4217029409825421,0.6089115718864341
2933406,0.7603904079536726,0.758806444907945,0.7330925109150606,0.8096977606725093
2933455,0.725703484706063,0.726654250819871,0.6947871096408079,0.7494708719256747
2933505,0.6854209349498452,0.6849952643205118,0.6117484838903365,0.7100819907272631
2933604,0.780059673974721,0.7782728952467423,0.7302610682298057,0.8089040549795987
3100104,0.6154930341726434,0.6155101577262888,0.5231972587250416,0.608058875080247
3100203,0.4443724221338313,0.4443319214218366,0.36391623889512287,0.45720393841264917
3100302,0.6273839135308473,0.6272192742778334,0.55571144685144,0.6330019120953634
3100401,0.6911240005432113,0.6931440374735649,0.6253908009879302,0.6840941352301354
3100500,0.7258963398922389,0.7233261840090724,0.6567968837580467,0.7438369381723997
3100609,0.749569135905304,0.7476772821827177,0.6947596093859528,0.7370428845847009
3100708,0.4850196689234455,0.485421387967555,0.4032958720973088,0.5117665454089626
3100807,0.7177176662273143,0.7162085613232757,0.6113467808138874,0.7289518463899038
3100906,0.6667010547457245,0.6648651728339268,0.6046297499210208,0.69291597220408
3101003,0.657279299868459,0.657988879059021,0.5682461856093112,0.6255878275667718
3101102,0.5911411834185565,0.5938566835203828,0.5108693979428056,0.6376326639458259
3101201,0.523979803311906,0.525013029978654,0.4329280447987811,0.5215609412448096
3101300,0.36679612101593795,0.3643146920740851,0.31574109075726087,0.386674847518426
3101409,0.3767648281508532,0.3734333759112085,0.2745387359684927,0.3252483055417727
3101508,0.6884863717919334,0.6887740223119065,0.5640264190356838,0.748584679440409
3101607,0.46309312257443114,0.46421881360996453,0.3594926594572349,0.4856919271110159
3101631,0.7135664826952299,0.7135987930021682,0.6116088379906686,0.7029471005366054
3101706,0.7672859698591546,0.7665358016303676,0.6986544910184268,0.7854547871667852
3101805,0.7022324408895989,0.7035833236399999,0.6123473106267636,0.7149416106796526
3101904,0.6523216833303781,0.6511820769080608,0.5638959959483617,0.6458403592467069
3102001,0.488095101496048,0.49025865919470984,0.4396783341023671,0.4839012132314957
3102050,0.3846755906335111,0.38938847738803206,0.30911259635947763,0.4387280243344396
3102100,0.619179729784742,0.6215400233640841,0.5352555421725151,0.5948007239010292
3102209,0.5941642136374222,0.5937075290670438,0.5646602914939555,0.6036713317377879
3102308,0.7524477008645349,0.7509954503860885,0.6644537126105646,0.7469435384515637
3102407,0.810267727178679,0.806017260733843,0.7070490041780365,0.7737616613261774
3102506,0.7473017989467285,0.7476964470364583,0.6840598281990387,0.744665863783695
3102605,0.3561913217881768,0.35577608367242713,0.2798387501281348,0.3755503536249268
3102704,0.6948360931856059,0.6960714292836495,0.6294898837897783,0.6723713191349366
3102803,0.49870754411930346,0.5000276172189199,0.4219666577376353,0.5183530263482714
3102852,0.6015672509817552,0.6018920738697634,0.534720300676931,0.5835490329270728
3102902,0.7346585088846813,0.735178153839276,0.6363009086506652,0.7245113664957036
3103009,0.6521401256582545,0.6541891554782886,0.5261724902323063,0.6685000813225791
3103108,0.5772788148344027,0.5765637948192395,0.45031575764460374,0.5497505409486768
3103207,0.5169834795378464,0.5172143934041425,0.40505723383173303,0.5308263274323365
3103306,0.6708585369619824,0.6702816096902532,0.5858510730751088,0.6673998755693794
3103405,0.6067623161355081,0.606539454601437,0.5707557677932343,0.6175700066479108
3103504,0.5469337231562588,0.547857347227327,0.41651507965175555,0.6048276888092156
3103603,0.7279827853633986,0.7256019234478771,0.6268050871283407,0.7287882940834708
3103702,0.8162391989019617,0.8143269839261668,0.734676792786998,0.7769630737603469
3103751,0.5497590944587327,0.5487952403283817,0.45233068438045637,0.5919877043977012
3103801,0.3570298206515584,0.35964416147824335,0.28155007029753015,0.38264113808771477
3103900,0.32348907815294975,0.323504507070154,0.2584669440274008,0.3479289512974455
3104007,0.48734317376071984,0.48775740130274364,0.38450431883366626,0.5183893815643391
3104106,0.3654160586247951,0.364535882915503,0.2963001147343544,0.38031499824323006
3104205,0.5672337430973751,0.5658383674726696,0.4522316168536451,0.5927805007762262
3104304,0.36723644294073743,0.36864651897986783,0.2864349202623297,0.38608094744488214
3104403,0.7070490883653894,0.7062984208157491,0.6211540016859587,0.7235543617430517
3104452,0.658288727652021,0.6571801623092276,0.6059846530502907,0.6506631179281763
3104502,0.6855663307294829,0.6854590816440868,0.6237990777863214,0.6920091674058751
3104601,0.6546840570026349,0.6533239688191729,0.5718959471829239,0.655818197977076
3104700,0.8041418451102065,0.8032706767196126,0.7317636918987551,0.8090379075319417
3104809,0.691520677176943,0.6900997404647572,0.6039876511881377,0.6762494931296321
3104908,0.5177459161402815,0.5198565328522116,0.40666758918545326,0.5502438833308312
3105004,0.6714926703494966,0.6656289983923931,0.5465383114919479,0.6508464080004034
3105103,0.5511824233019762,0.5501487139720118,0.46326284871460827,0.5523212237957478
3105202,0.7603692896377808,0.7597682942877594,0.6986260627075764,0.7514992689815564
3105301,0.4987064559954984,0.49662483709675725,0.4109416890698258,0.5028699046491912
3105400,0.6655492637809953,0.6633076549728055,0.5297697578852646,0.6751079385478326
3105509,0.62899043890062,0.6331101065750229,0.5340277550561804,0.6240521622234284
3105608,0.6825920207449963,0.6821019719370801,0.5503718484017783,0.6942358598816059
3105707,0.6547767510826887,0.6562408008427457,0.5824286000313329,0.6418758374588696
3105905,0.677691906490296,0.6775779682418612,0.5746710273456884,0.6891778500880346
3106002,0.786266379385026,0.7865582748020254,0.6684149117861592,0.7811274657730302
3106101,0.6730367597204738,0.6722090948345202,0.5601256065246342,0.6630744137177776
3106200,0.4969428102417901,0.4950047605918337,0.3351597298498647,0.5906178186625185
3106309,0.7415119549003806,0.7419507691765393,0.6449612686066736,0.7687190360820622
3106408,0.6177811140603989,0.6179331024377038,0.5111489681971692,0.6117402668554931
3106507,0.7421769668147511,0.7389452330343159,0.6933515521001933,0.7333239124375717
3106606,0.6979983798678197,0.6949902963535212,0.6459806347631254,0.6892291482166248
3106655,0.695019695312366,0.6967812189926423,0.6311767820330809,0.7017781600766758
3106705,0.6585257814059376,0.6570359257546365,0.5060902419234391,0.7178131508898313
3106804,0.7012886139345991,0.7004108293914261,0.6098354558967958,0.6763587988028538
3106903,0.5859602682459774,0.5848138399793785,0.44774194256607797,0.6399598870230472
3107000,0.5607823535612049,0.5611217336326194,0.46072060675784116,0.5337535829858416
3107109,0.5296720085971199,0.5296326534710502,0.45652115943527405,0.5306929599689701
3107208,0.4453815820456383,0.4431273801753533,0.35613475592719174,0.44115363482467207
3107307,0.774747660848151,0.7724592769056159,0.6992818481323053,0.7991932034384691
3107406,0.4222375728680249,0.4201658658599845,0.31152523953372335,0.45413671186977406
3107505,0.6341481452068193,0.6333514992666979,0.5611586035072215,0.6413563317977266
3107604,0.491162198711543,0.48834491419370485,0.4461224957501413,0.5080813233095928
3107703,0.6564923978313586,0.6538284825533233,0.5468184260613748,0.6315199054686625
3107802,0.6301832441288356,0.6303389703994805,0.5711837793440153,0.619483072041323
3107901,0.5621008179632214,0.5597778378843641,0.4823493662425323,0.5334443431767034
3108008,0.46868844233939877,0.4699739799090257,0.3722074773153212,0.46225303431068315
3108107,0.5979975008159613,0.59566866097168,0.49027804167188815,0.5736055439068107
3108206,0.608564115802305,0.6058876419509142,0.5396667329551605,0.6217741700237158
3108255,0.8823935375329082,0.8815211201695891,0.8325692835950761,0.8573315377582139
3108305,0.45793595580688795,0.45722804851653837,0.3927017276595915,0.49031789031511214
3108404,0.5831772182016125,0.5853172756269448,0.49599884401744077,0.5773601524795792
3108503,0.7762698053489472,0.7739480032098242,0.7185493055602353,0.7797197252690687
3108552,0.6939162998494798,0.6925443502111553,0.6332844629257685,0.6976307274151673
3108602,0.8113248553694389,0.809894104951343,0.7479431744509274,0.8191871109985174
3108701,0.6133184987814541,0.6090481511488285,0.5504527230918171,0.6011668130366588
3108800,0.7082539404643552,0.7073158021379564,0.6162153764556364,0.6921802694103709
3108909,0.35574002833127294,0.355057140834689,0.31274344697103634,0.3949023110863879
3109006,0.5697209622161395,0.5659989079992206,0.42952487262002004,0.5948258278677615
3109105,0.3599688420658659,0.3587371070281049,0.28482793060538536,0.3639615057637357
3109204,0.637433486875634,0.6358953353767828,0.5823195086456577,0.6466599353950916
3109253,0.582718402377453,0.5824303314737386,0.4824069511584364,0.5954593176715991
3109303,0.5350509485596285,0.5358646038052264,0.4614379613235893,0.5459816918976909
3109402,0.7250462546665664,0.72580434867086,0.6273316676199453,0.7324688121756638
3109451,0.5926647697066233,0.5899558450050778,0.49692386820753504,0.5823817612910024
3109501,0.5834223171994339,0.5846950463665793,0.500685856622121,0.5642235751435495
3109600,0.5323103361967414,0.529614807697054,0.3696807113483165,0.5857294914939369
3109709,0.3812299594073866,0.3814727075820414,0.32770599299178604,0.4118343020332241
3109808,0.70179629689405,0.7013514981233252,0.6183190633291439,0.7217878931264589
3109907,0.549580468771021,0.5464020943464798,0.4197383160874897,0.573612997922344
3110004,0.5982750693709263,0.5947401767483261,0.45103611960132617,0.6084996238214512
3110103,0.6858593877133633,0.6893901761210909,0.6179924220140894,0.703550952182284
3110202,0.7386714981044373,0.7378232225852078,0.617539427901337,0.6981537254669825
3110301,0.4398748560687239,0.4411765856361518,0.37008853262969277,0.4526325983136174
3110400,0.5519176970524492,0.5502602999002972,0.4702577497081812,0.5151763135390894
3110509,0.4907812368790685,0.4885302703228634,0.4210829285955717,0.5060309422570031
3110608,0.4384722137308976,0.43770713135099376,0.34857330028780337,0.4964142992848988
3110707,0.3641955547120472,0.36613998965911093,0.2754382656951047,0.38463989857489683
3110806,0.7443861330881858,0.7417798355073187,0.6592609791758433,0.7186709277933354
3110905,0.3230311606351946,0.32411074257482925,0.2565156762499448,0.3605207053980102
3111002,0.3637542674105986,0.3663980395944073,0.2878358932075274,0.3895345392743823
3111101,0.5186600238107184,0.517582973722193,0.4584456057349697,0.5139227850807981
3111150,0.8024536241813562,0.8001685848575314,0.7359370628131808,0.7845282943067583
3111200,0.6166166990754913,0.6156528462473697,0.4959019462039406,0.6315287567151588
3111309,0.6651774112742983,0.6673201202659317,0.578624829736532,0.6651036658674913
3111408,0.5421217822908023,0.5425906137299165,0.44197359805422254,0.5483583076941542
3111507,0.48493869461140093,0.48541545787452295,0.40630206466007895,0.4823418600662939
3111606,0.5087597520181618,0.5101359209657514,0.4271821755194633,0.5181900650020911
3111705,0.7714101209721169,0.7701656999520791,0.6247699947443207,0.6835553194196268
3111804,0.6581807914226959,0.6596304124563377,0.6098482068300383,0.680340781587622
3111903,0.6796257515374711,0.6829280844840061,0.5546092682789185,0.6724770398703628
3112000,0.5422886981416695,0.5408609855023938,0.44799530483781264,0.5554191994374781
3112059,0.6418600071605322,0.6422468637433073,0.5319564632759216,0.6127346710716692
3112109,0.521482146008176,0.5284051652990002,0.4675926529199376,0.5517441054293962
3112208,0.5735900872819463,0.5735370611216687,0.4750564043279876,0.5525471097669384
3112307,0.5826263837991961,0.5816592755443097,0.5123413639402493,0.5861339900409672
3112406,0.5192125507374937,0.5203377548605416,0.4273199959477931,0.49938940182702884
3112505,0.5638538343705798,0.5615796977952552,0.45113328841871086,0.5857178961627993
3112604,0.6035963735222875,0.603628025519895,0.5512103031676818,0.6352026518484183
3112653,0.607226898658408,0.608416985458284,0.5321463184419769,0.6138898668956746
3112703,0.7438826753642535,0.7421006648594036,0.6911655830066095,0.758680196478318
3112802,0.5855992819340929,0.5839340881359653,0.4950752420989603,0.5807627789776976
3112901,0.6416369448002552,0.6451741475743146,0.5985235738751996,0.6673041693334629
3113008,0.8145252857809642,0.8113225744526352,0.7415188543772594,0.7991741481756102
3113107,0.5599600448733649,0.5605606135271911,0.4651360887393565,0.5409099813535451
3113206,0.6098434375353894,0.6103713555453084,0.5037477463147638,0.607932636728985
3113305,0.655651128122398,0.6586455233108047,0.5567712506587531,0.6875901114766774
3113404,0.5839775715808162,0.5862911139785524,0.49143478754161407,0.635172506577459
3113503,0.5953612870573611,0.5947762213116858,0.5758699449760021,0.61673563239181
3113602,0.48712015276736187,0.48556431801168737,0.4010998203956531,0.47460251984003426
3113701,0.6029231787179384,0.6029595478666269,0.5282772975250011,0.600443388927066
3113800,0.6951094487140674,0.6910155281779762,0.5715237945297315,0.6601874166350657
3113909,0.6018193765442731,0.6020495428518328,0.4976805623578269,0.5873879557467395
3114006,0.5374306046119511,0.5346632007850357,0.4271547247272835,0.5205221068121163
3114105,0.43096682102950645,0.43366739921568787,0.3132524815432971,0.4316247343376594
3114204,0.5469581555218294,0.5466302786215043,0.4343348616166776,0.5666807652710736
3114303,0.4360745974350627,0.4365562202690419,0.38050021201579876,0.4603116529633971
3114402,0.5543138084203336,0.5529396895016162,0.47289920677931013,0.5597946398332568
3114501,0.5428647517015517,0.5401157912125486,0.45560967521093293,0.5396404632573452
3114550,0.6523659823035441,0.6519678611544143,0.604712604204571,0.6575477809545546
3114600,0.49616886650622205,0.49510282954945234,0.3695358414630639,0.4384933637110837
3114709,0.4773032599219654,0.4768094113905525,0.42117821189655463,0.49860247940435043
3114808,0.49144881021408593,0.49060557721848047,0.42002169644656256,0.4864065620203067
3114907,0.5490530918638982,0.5491752345300215,0.4389610009079788,0.5495949650848603
3115003,0.5445449599756477,0.5464709089684507,0.4585526224305303,0.5662524869466683
3115102,0.5308356413296019,0.5330105967490365,0.454560560726988,0.5335978958693556
3115201,0.5231079263875702,0.5243072435125596,0.4363458385175238,0.5026579614331762
3115300,0.7524081142903393,0.7533297795607242,0.6293287354869879,0.7795786141742079
3115359,0.6045827113788034,0.6028942276909782,0.47953218784797663,0.6051592881258729
3115409,0.7090494123699091,0.7079615988325546,0.6119220583656402,0.6723705451201206
3115458,0.7291494049914236,0.7269256165470367,0.6482950164848885,0.6972628677729129
3115474,0.801095825231679,0.8003920993932075,0.7603294299221685,0.7986604994027028
3115508,0.509069952274488,0.5124620030087409,0.39183992959686514,0.547338296500229
3115607,0.33558454105187996,0.336420104843274,0.3037764762429429,0.3641376754841839
3115706,0.6035816909696962,0.6092737408940553,0.5509454293074987,0.6409061780077786
3115805,0.6922186696389607,0.6925800079388821,0.6325583123332773,0.7130496941432671
3115904,0.668732047340877,0.6679950640575357,0.5420350175207157,0.679731811439218
3116001,0.6034547100177379,0.6074570817967078,0.5544516784550519,0.6299267490612859
3116100,0.7756852889597203,0.77154801749568,0.72062616187882,0.7549099511987513
3116159,0.7533408920154959,0.7520030780259924,0.7122903410420932,0.7476364322119303
3116209,0.5882493588477667,0.5841119459447984,0.4830754522438842,0.5845782132397237
3116308,0.6638613344535395,0.6593943579982259,0.5470676981009718,0.5981454443414144
3116407,0.3338545532391109,0.33184542924577226,0.2527846568651326,0.3190997189351448
3116506,0.694193017625082,0.6914351084910536,0.626265381353977,0.7118601146173441
3116605,0.4102783035588943,0.40437913815952253,0.3217109031892558,0.39416671530819053
3116704,0.6048652458874039,0.6048813016670339,0.4863409386767412,0.5879879746470894
3116803,0.6919925973419822,0.6898103894094477,0.633524784560712,0.6920552929206645
3116902,0.4483903083270905,0.4508304634433817,0.4029230155489499,0.4556886706139225
3117009,0.7637286625699666,0.7631117500344553,0.7317432000661207,0.7766693898852175
3117108,0.5861535241982488,0.5882485372691404,0.514389233137962,0.5832748965167346
3117207,0.5216535662602511,0.5225287741219782,0.4551508714712273,0.522302137379041
3117306,0.6424788095416477,0.6418416800992538,0.5687472349840714,0.6525940676762239
3117405,0.6294275694076462,0.6302039288220401,0.5931819999621982,0.6593959972789937
3117504,0.7406461629729857,0.7374375236364253,0.626842630031086,0.7522879501339004
3117603,0.5094056394333946,0.5060667827497746,0.43091186709153084,0.5458842872700364
3117702,0.4634339848521798,0.4680265134169644,0.38842945858835237,0.4786102515304638
3117801,0.4038039040135244,0.40368068764941833,0.33456391690170295,0.439893250048698
3117836,0.8263632867978981,0.8253176285909415,0.7785152462610911,0.8115062411845638
3117876,0.5684653744111633,0.5621714326058949,0.4409295492139223,0.597470950984062
3117900,0.37683239506222543,0.37865979882561035,0.30702711824440904,0.3983690655506002
3118007,0.6207483075399686,0.6214542153993391,0.4474503100029521,0.6654434532555494
3118106,0.8123096524599347,0.8084160262326172,0.7542091884272835,0.7977588919556355
3118205,0.4779310751437732,0.478813354917396,0.38578869501626184,0.4827963130885395
3118304,0.6801818175830668,0.6795535292445445,0.5259435621965348,0.6955766705013758
3118403,0.5850069813468153,0.5873131392016268,0.502794986556532,0.6176009595013188
3118502,0.42891379681331643,0.4271802687951032,0.3421553173033547,0.42729687996030813
3118601,0.6301695199765632,0.6270738924087061,0.4647847872647983,0.6954139923269125
3118700,0.4894517205844136,0.49361839542494046,0.40968538765931234,0.4636844325261685
3118809,0.8296489648418572,0.8287250527541085,0.7728661373343443,0.8313157710300657
3118908,0.6372927502062837,0.6345875118292614,0.5527095013721621,0.6397072213922469
3119005,0.5340383240026972,0.5344865368000152,0.4831180977414489,0.5333990938811396
3119104,0.7021564636962132,0.6984940941138968,0.5928396749762862,0.6952239756854285
3119203,0.6295008393324596,0.6295766996954252,0.5402988662906918,0.6023598912622316
3119302,0.5317980424953351,0.5330983635226458,0.46058350147573335,0.563219128737542
3119401,0.6415057387361358,0.6405746332944027,0.5045787096855469,0.7295643904001349
3119500,0.7395454019788887,0.7401422454240292,0.6845196447764131,0.7345357454842434
3119609,0.7210341103444278,0.7192335638636772,0.5638098355720591,0.7389124335054672
3119708,0.5473399917965089,0.546023737894512,0.43804909575185286,0.5838199125579554
3119807,0.49780291992520753,0.4987620056794329,0.4462773873808851,0.5049647921542553
3119906,0.44297528465507796,0.4414119711067124,0.36636713554603073,0.5087551842874772
3119955,0.5850439308023783,0.5817048522387908,0.4698046535569877,0.5861141744363518
3120003,0.7521619392832128,0.7517552879455325,0.6652621463328123,0.7244057355356519
3120102,0.7779869328685826,0.7743917540366697,0.6762333091948717,0.7671698862628925
3120151,0.7365988790876499,0.7345426169846997,0.6855891568276368,0.7349617115155058
3120201,0.6447262664282206,0.6422844211773397,0.5613262659936965,0.6576401383577165
3120300,0.8080772555508151,0.8074550284253914,0.7486831761109478,0.788052658998712
3120409,0.5946145999172768,0.5969757122914623,0.48993533272755374,0.5982268141450734
3120508,0.3560398036147072,0.35587341449092164,0.2787512109614883,0.36079464532259187
3120607,0.5108951433288126,0.5082258487418568,0.4136868434892255,0.5104317627106901
3120706,0.5159831838256115,0.5149349234815519,0.4485220468115672,0.5245653089309271
3120805,0.5258355642077445,0.5285607756832237,0.4513328935936896,0.5182060445831062
3120839,0.5215985913451883,0.5224440890447379,0.4398388497582489,0.5075484484277223
3120870,0.6286220739320353,0.6290169671932374,0.5881733253121916,0.6333937813638642
3120904,0.6218108040408904,0.6221633391736259,0.517740118435042,0.6313476597413715
3121001,0.773648014295472,0.7692879154230757,0.7056364734037706,0.7590919856338679
3121100,0.41107364358766724,0.41257348419136813,0.32880264419241345,0.41276127114165867
3121209,0.5194637096125725,0.517031147035412,0.43249154696590847,0.4949959940138419
3121258,0.7412606657575533,0.7383254604420827,0.6367882802557759,0.7656959015069661
3121308,0.49510134313748977,0.4985972340726384,0.3887278461570614,0.5396126611827695
3121407,0.4418058917872538,0.43930211921246204,0.34239475597014274,0.40896970434205165
3121506,0.5464924893662838,0.5459928828728381,0.414360354925346,0.4768305983280676
3121605,0.7004913825085051,0.6993357000854307,0.5813975099673201,0.6999910056473424
3121704,0.7832762870025616,0.7812356975628423,0.6756109819621584,0.7597720062180265
3121803,0.7277529785612863,0.7287540162140546,0.6239484481997298,0.7468835262598521
3121902,0.6553039454160994,0.6523122352579787,0.5229040943098683,0.6052639341481023
3122009,0.6731864259975153,0.6742090684679688,0.6226543716490855,0.6946580388019595
3122108,0.5966233521147145,0.5980239762508596,0.47107185570003923,0.6024271191581373
3122207,0.670816996098445,0.6701545704901806,0.5623262957253883,0.6398852289474063
3122306,0.6247271264848889,0.6230082640915661,0.4767525075441947,0.6572006195721308
3122355,0.6013366771887847,0.6016194929101711,0.5459119191857049,0.6437530865578484
3122405,0.5509530906933864,0.5538998472910172,0.48277416841554294,0.5461538951077881
3122454,0.6742769054424804,0.6748896803246455,0.5881870174612877,0.6533693763237661
3122470,0.5932072419224216,0.5901308120112193,0.5132288593980122,0.5828223914774486
3122504,0.5246784650102808,0.5243796900993071,0.4811555530125809,0.5388594312057607
3122603,0.7388437472277317,0.7349854305403429,0.6220715702117035,0.6913186117116238
3122702,0.6176498234735851,0.6192377911079471,0.48309533811301547,0.5912728309381438
3122801,0.4308330934764604,0.42923455946873107,0.35916639163977737,0.4350186457228907
3122900,0.713670785776126,0.7122368790668917,0.6057945376135185,0.729575746656494
3123007,0.48188485442652373,0.4836994658434311,0.3718768982065587,0.5244423124651569
3123106,0.8091045496574677,0.8078526817079702,0.6881986811837711,0.7639261225091599
3123205,0.4327038371230121,0.43198799417033173,0.35254805336402856,0.4306432617984109
3123304,0.6399908353475251,0.6394640224286796,0.566399863336786,0.6254421020703487
3123403,0.49489063192628885,0.49486545139717847,0.4550605130091483,0.5264593063824257
3123502,0.6193475368499402,0.6173804378188448,0.535548478884579,0.605830764277555
3123528,0.6531416485289181,0.6543318653366724,0.6086032039818469,0.6737211509388613
3123601,0.42288842850191904,0.42332512542846706,0.33339299684528734,0.4287801319040337
3123700,0.5869676741725649,0.5866674770349498,0.5210215047408359,0.6012929034496891
3123809,0.8135276912456784,0.8132943423337956,0.7353374954163895,0.8150982716430236
3123858,0.6964466246509293,0.6963143308104253,0.622054178190691,0.7415581556317464
3123908,0.5830698010813852,0.581675866977234,0.4724680347010915,0.5773266391229498
3124005,0.6845938087450771,0.6846541765856222,0.5884118958382025,0.6624008988817593
3124104,0.6815149090193257,0.6790688690440693,0.5546919663629406,0.6903057151303945
3124203,0.6503692936715431,0.6550223027911487,0.5897587234908158,0.6853992818684679
3124302,0.6875739611724214,0.6889621592010351,0.631834125039436,0.6888149182256319
3124401,0.44375456851646117,0.440358084525861,0.36933973018442984,0.4374145206618591
3124500,0.4544920021324981,0.45419022268230913,0.38625454506030943,0.4677820838196471
3124609,0.7329411148677867,0.7333519562866903,0.6290339298073754,0.745773154819894
3124708,0.43924325676029174,0.4388495243193038,0.34868333649831335,0.4154639520295291
3124807,0.6620426960933915,0.6620704828981506,0.5765454315007295,0.6736562599616156
3124906,0.6415839956765363,0.6426552958243589,0.5706421563540761,0.6864744604831001
3125002,0.7766865514517571,0.7767103450817037,0.6705341945377928,0.7872589882674063
3125101,0.4570511199331039,0.4536879401382952,0.3614614543225521,0.507280495300724
3125200,0.5221892294698328,0.5233147968476625,0.43064131418318646,0.5397865148643354
3125309,0.7087460816157202,0.7131922863928707,0.6243670609378579,0.737968677605688
3125408,0.6372733675124634,0.6326439984863017,0.5583936282079711,0.6161769935745667
3125507,0.69368943619277,0.6907880686459776,0.6056665589477076,0.6761367013906844
3125606,0.6516769246872558,0.6523057808288023,0.5939665937676893,0.6336984573203165
3125705,0.5991066976082114,0.5972722737527615,0.5057785486912411,0.5953862952980522
3125804,0.5789727321482405,0.5782989135227949,0.5282435828245652,0.5894488930430274
3125903,0.7145027197532866,0.71315108144091,0.6102509430004854,0.681110315358309
3125952,0.7166304146560047,0.7171948020775382,0.6398820500558631,0.707342256696423
3126000,0.6455624975719588,0.6431980285293387,0.49336952335987405,0.6557372109176757
3126109,0.47500948204877563,0.47466986655248505,0.3671021863827974,0.5218279475923805
3126208,0.6146530868756999,0.6118568154418701,0.582127296706894,0.6104016172307735
3126307,0.4850624346650581,0.48496691712415124,0.3857744666367089,0.47864984683334244
3126406,0.6298392289501268,0.6277794276009253,0.4879054738764335,0.6301296222929906
3126505,0.5939437937980269,0.5892954935730416,0.5387959058639037,0.5696825936943705
3126604,0.6533043949116277,0.6536967279791827,0.5762839301307875,0.7011129645924239
3126703,0.8319004960888479,0.8302014775794416,0.7668480088769472,0.8380046146936606
3126752,0.7788794885677482,0.7763032916729106,0.7058636616352153,0.778654232544273
3126802,0.7876798637034611,0.7853446966334597,0.7215666268805337,0.7884724867380507
3126901,0.7401345415837478,0.7403167489861326,0.6570215440267635,0.7430116810701546
3126950,0.7302087126408994,0.7279663121011751,0.6642495127402708,0.7080398885279688
3127008,0.659798976789911,0.6602999426068413,0.5442368063629932,0.6938638901070431
3127057,0.7111818792097689,0.7107546881678063,0.679257514178338,0.7236114626273097
3127073,0.8492574783168509,0.846015679345086,0.7953333429441551,0.830543818575948
3127107,0.5076928671524433,0.5090456337361394,0.41709904531626973,0.5525763098208741
3127206,0.5877511627702903,0.5858475439877118,0.4822859496721956,0.620504040484476
3127305,0.6371801270914802,0.6378774533436821,0.5553867770301509,0.6513071785660599
3127339,0.6966133346913363,0.6975599947594692,0.6468623728611688,0.6773334240560566
3127354,0.7787041336276752,0.7780542109721648,0.7007982087004834,0.7826809063042778
3127370,0.618712957162746,0.6185468607660568,0.5102208643204447,0.5971282319385803
3127388,0.6392365683071969,0.6387379909348855,0.48954348554323907,0.6602994798066217
3127404,0.30196237743906795,0.2996344499816643,0.23581318887409855,0.3148984393596275
3127503,0.5364334745943634,0.5391278151086684,0.42494015176050787,0.49613721215208456
3127602,0.7731927545189138,0.7704081861258653,0.7001649178673438,0.7679098540948348
3127701,0.5421210077906102,0.5440942616625085,0.44855270110232165,0.6016802621235187
3127800,0.7571158325293361,0.7551659039767286,0.6558473597238298,0.7157522344314216
3127909,0.4970295206346492,0.4960443133695205,0.4044308301618243,0.502312793808552
3128006,0.5612373202673006,0.5606140100780609,0.4505778669135288,0.5696918007942017
3128105,0.49727634726348585,0.4996155244439791,0.451169645701519,0.5017271829258089
3128204,0.6541315807219803,0.6557399138619099,0.5729988107439121,0.6217815329972457
3128253,0.8660131341533419,0.8632172443264537,0.8029774093419393,0.8470605307854223
3128303,0.6826969972169734,0.6822869208131476,0.605680461404249,0.6996922674651906
3128402,0.5948979892809222,0.5962219787496555,0.48544447451127454,0.6132969924952768
3128501,0.5800146882376651,0.5808793235982467,0.44231561128062985,0.6428397586130777
3128600,0.5522296353988594,0.5534138983357416,0.46744714380739777,0.5536466246338901
3128709,0.5724054939492802,0.5730622230512953,0.4575457343902804,0.5866811794510428
3128808,0.6760671533685703,0.6749282143273554,0.5747391604301257,0.6708732222413182
3128907,0.5013098859369167,0.49964762181034145,0.4424824486866235,0.5374594891413987
3129004,0.6551981541046832,0.656805609226126,0.5988894797510654,0.6779160066099758
3129103,0.5293421390643032,0.5340146041653282,0.47621554403296446,0.547142627415902
3129202,0.5233843713335136,0.5230032966010258,0.46547859736448766,0.5125709921517814
3129301,0.5903911203411766,0.5919901865302126,0.499215288102348,0.6436765951501497
3129400,0.7210775290650857,0.7202537492750197,0.6439110242737741,0.6960991595217699
3129509,0.5182569997524907,0.5194004768369825,0.4308442532542001,0.5370012227621314
3129608,0.8321754841519153,0.8318473414445933,0.7893721998692184,0.8417918235500429
3129657,0.7407449940932959,0.7400902344636688,0.7034960133269998,0.739018052012975
3129707,0.3693963685012772,0.3705984647199441,0.325404286930611,0.3864852752430106
3129806,0.7221185042157797,0.7196680869329374,0.5366797783264418,0.7409868392635932
3129905,0.47152063745019884,0.46871927833975313,0.37092044882531705,0.44884865098368637
3130002,0.4596177326417451,0.4595015878138216,0.3672997532073965,0.4276613376401062
3130051,0.7598568191360935,0.7582201939676959,0.7156358533756411,0.7443366867668993
3130101,0.6811371194641697,0.6768034876632419,0.5454411591744817,0.6964415428615877
3130200,0.7209930311797309,0.7168269683909531,0.6160760465546428,0.70606371461737
3130309,0.5228073408009051,0.522404965251403,0.41728202694094807,0.5280070947757304
3130408,0.43465464286512817,0.43188423292522526,0.3368624375174378,0.433089876095758
3130507,0.5552872520660196,0.5542791074609058,0.5189681285318866,0.5670611271027081
3130556,0.676593132578207,0.6754421025482519,0.6192183056884013,0.6558021734210396
3130606,0.4603120031995333,0.45971217873690035,0.38886580543291194,0.4821117671057351
3130655,0.6261279453980929,0.6245032375120902,0.5339497511874304,0.5953973663881529
3130705,0.6410262512199318,0.6402992435501517,0.5716828915587292,0.6621451452444526
3130804,0.4824202366479795,0.48171368946047394,0.36108472791869345,0.4313833228819602
3130903,0.6375555469469982,0.6375644496213612,0.5653702057001422,0.6474534424332942
3131000,0.6396975508538645,0.6359657610561827,0.5092847549178193,0.6443728303327023
3131109,0.7032267757752513,0.7018312549649872,0.5934425888327867,0.6709079187386178
3131158,0.7705023687172623,0.7688601004705635,0.643032848392228,0.805561643367724
3131208,0.534047826485468,0.5364100987899928,0.4550877141730572,0.5547722456532446
3131307,0.5598446174060413,0.5603399045763177,0.4401738192049622,0.6767051893295992
3131406,0.5967070727846614,0.5975254391810306,0.5345101043522624,0.6250117148722488
3131505,0.5001940642467739,0.49989782745353156,0.4290971754659883,0.5000536157107254
3131604,0.6102190707795635,0.6079502646680411,0.5423335900705354,0.6144345929204376
3131703,0.6211327149488779,0.6190419264767937,0.43507278471032235,0.6460091332028766
3131802,0.6251090436558043,0.6248379812765047,0.520759157821182,0.6302949862711096
3131901,0.5219497978974764,0.5192902549433943,0.3728139998897249,0.5595726705745881
3132008,0.844187183396067,0.8417871991728122,0.7716250554506945,0.8223644058835301
3132107,0.8101511767888303,0.8091486010397956,0.7693114983280607,0.8196640589544043
3132206,0.5076694368959426,0.5041906443040339,0.4028983860402096,0.5089264311144412
3132305,0.6063582985831941,0.6021908400906748,0.5499274401336642,0.6113762728723807
3132404,0.38848559679373645,0.38927239120989193,0.27000268416087675,0.47921219578156515
3132503,0.619274979273505,0.622184394618268,0.5934209849436822,0.6552103647615053
3132602,0.7141333894140486,0.7136628313673768,0.6090824683651289,0.7303592236615227
3132701,0.7691301396348875,0.7692724713135396,0.7022456964185763,0.7604370301527844
3132800,0.7227858755380288,0.7203092090290183,0.5921720013034301,0.6676965976887851
3132909,0.5240573632459129,0.5235527687052731,0.44947964687875624,0.5337653905367336
3133006,0.4165393010514673,0.4168542712791731,0.32026232524124704,0.4400229631199389
3133105,0.41024675379340725,0.4104892467468661,0.3094141196680791,0.4461773419014507
3133204,0.5857998483642328,0.5868969999927445,0.5323191486088564,0.6109154841294963
3133303,0.505764851884354,0.507470592930143,0.4613286174312848,0.5331901435243687
3133402,0.5251442679355249,0.5267265024928053,0.44602649094860825,0.5289632403701631
3133501,0.48043755160251866,0.4803223757051908,0.3903325106815258,0.4953840723668979
3133600,0.45767093717690216,0.4537107997558388,0.3764422440595217,0.4868754901013876
3133709,0.6177545581387242,0.6131767323914251,0.5085688842093239,0.6335079732719682
3133758,0.4448394087311708,0.4456458856662178,0.33808095453929315,0.5046585396365594
3133808,0.4483722012666229,0.44756661319509755,0.31641834711056965,0.48580862634492816
3133907,0.695842036813012,0.6960087852255143,0.6001748314924948,0.6517295614526531
3134004,0.719060879385234,0.7205522257361884,0.6981347260325622,0.7269087107396502
3134103,0.5422196247040284,0.5433485529512373,0.4790476891819236,0.562458618640302
3134202,0.6411828460500849,0.64246708904519,0.5647911353265286,0.6682691719439351
3134301,0.46636779741226236,0.46355147516007716,0.36508815773926523,0.4567376736027406
3134400,0.6851803166258934,0.683795375309533,0.6180451045833307,0.7052785596610892
3134509,0.5043195411558682,0.5021558384269917,0.3991952721541321,0.509827016710125
3134608,0.6326546343545382,0.6291243655625233,0.5113007248689412,0.636567704960887
3134707,0.5996746562733927,0.5981839244097414,0.5159606570404046,0.588262725707576
3134806,0.27662042881198046,0.27954135299024635,0.20926051236871124,0.29148544422162626
3134905,0.3122942487335418,0.30995432579509025,0.23938208577645895,0.3724614332180991
3135001,0.6873820943679314,0.6861538683926179,0.5343859848625243,0.708013426891633
3135050,0.7504907546775428,0.7505494527578187,0.7022350197431108,0.7564016444177638
3135076,0.7879816576001366,0.7879247356212272,0.7221847697749224,0.7895127857444003
3135100,0.73253781899919,0.7341952451305848,0.6645548705879446,0.7519281513816806
3135209,0.8132002349813292,0.8127258296789308,0.7526772234195249,0.8162195074674153
3135308,0.47201757950201595,0.4725373602555328,0.37296723677299193,0.5077155232570622
3135357,0.8504105475591884,0.8492831694567271,0.8075575449021654,0.8471886394782789
3135407,0.5799433128879579,0.5786514961741093,0.47053434498263064,0.579274158324283
3135456,0.6569480678240323,0.6522480113162316,0.5898199047943283,0.6277435542763393
3135506,0.7254864831534225,0.7250679008553359,0.6185836836694233,0.7057011361591248
3135605,0.80863269273177,0.8085233544244247,0.7566392144970407,0.8219648154578795
3135704,0.5674570294898885,0.5670176014740874,0.43433771519445213,0.5529796814451716
3135803,0.7482406976397046,0.7483801676936824,0.6722966904512346,0.724431825893132
3135902,0.5343183743867226,0.5348212961959748,0.43086058639046465,0.5103251740707554
3136009,0.7345406402493273,0.7347696385984365,0.6938856190839838,0.740441980973066
3136108,0.7068396626534154,0.7054435629122452,0.6119538263085886,0.7081861862516822
3136207,0.5940832938240304,0.5949246162628116,0.4559894865736351,0.6207868156580508
3136306,0.6113795786933072,0.6122806412660263,0.5339638700163276,0.6306490153621581
3136405,0.6185645694326098,0.6179504833804313,0.5535089244994682,0.625261432764472
3136504,0.6806880329466805,0.6804800641877241,0.6082135215121356,0.673560594089499
3136520,0.5928586410063112,0.5910796132288669,0.5424011409832526,0.5764391558916956
3136553,0.766045341153635,0.7619506806192377,0.6745228003176093,0.7345573367629733
3136579,0.8330260403176338,0.8289919880089349,0.7842337802464369,0.8288637549274979
3136603,0.7122748695371168,0.7093811831139633,0.585245644946855,0.6943711560862172
3136652,0.6580931944465884,0.6546210078026325,0.5158403625197233,0.7058713280834
3136702,0.6848332779391273,0.6835826814656215,0.4968204393983255,0.7434924512118529
3136801,0.7500388537002436,0.7497954404868832,0.6839595567295577,0.7615917552646074
3136900,0.49236280491965656,0.49198189984665724,0.4075688746044288,0.49989151781536423
3136959,0.7074463853065815,0.7070899633929457,0.6665978172198216,0.7077998101007404
3137007,0.7548370679160863,0.7507962772790525,0.6837883968021828,0.7253719572877276
3137106,0.5312276741537827,0.5320473931609471,0.4829547366356728,0.5610952620512966
3137205,0.43518622788088546,0.43523796362427225,0.348221355384196,0.4721637436244182
3137304,0.7281082500387505,0.7271737003292275,0.6402480367643482,0.702887381511475
3137403,0.4891196878175002,0.4885983620842784,0.4041374724963429,0.4836682118552836
3137502,0.45589966046373204,0.45738433620703073,0.4144116079798576,0.48637142421475016
3137536,0.5944577216567524,0.5932611079573955,0.5501479247243574,0.5949778209559837
3137601,0.48311763740704294,0.47970710928713695,0.3390079995712329,0.5470120171037026
3137700,0.5691821999730237,0.573248569989813,0.5045500991356443,0.589410441871055
3137809,0.4851969688949243,0.4889156600327307,0.4081959613744576,0.5082457409107007
3137908,0.7143448314421375,0.7148346013208643,0.6155101115457993,0.6826372024495652
3138005,0.6176097177507478,0.6177347256622395,0.522679015760399,0.6349339806598644
3138104,0.7515359837955156,0.7492708708881773,0.6449324799424215,0.7701645276325392
3138203,0.47007546419935964,0.46933607949200784,0.33762588748781047,0.5015806538088984
3138302,0.49858615988593236,0.49357508214761187,0.3795197316895032,0.46792236553620575
3138351,0.67248020950029,0.6684875976302895,0.5983535229656071,0.6459504110129376
3138401,0.6888911089582898,0.68966355157406,0.5683405344140534,0.7179568638314587
3138500,0.5753650410379437,0.576513799217048,0.45913854781764796,0.5593951768961093
3138609,0.6945449859102782,0.6946686467813623,0.5812697107134175,0.6986144127806718
3138625,0.7210915586556663,0.7201575969540434,0.6690141609979051,0.7243679302300556
3138658,0.8329576766137146,0.832514554534414,0.7808904955939618,0.8303386099438336
3138674,0.4641711456813258,0.46692770767848774,0.4184032455708535,0.47386949403124884
3138682,0.8799235519045009,0.8792896791314929,0.8349412699790806,0.8681678151978428
3138708,0.4882882739980109,0.48479821880331825,0.39414583510816903,0.45960026267322207
3138807,0.4185560291150009,0.41702738707582676,0.34356762539618274,0.4238610883416982
3138906,0.7106058033662859,0.7064785087641997,0.6575237909339599,0.7189948574136685
3139003,0.37394357876095796,0.37678186211211107,0.2846634039448814,0.3803072030029882
3139102,0.5518137520899055,0.5492077155261162,0.4650185382910079,0.5370148725996038
3139201,0.7110416342357747,0.7101650841678668,0.6247716974676439,0.6930745043939804
3139250,0.7143883691024362,0.7174691109928869,0.6503337999496671,0.6878991840134985
3139300,0.7789886534986176,0.7768772798753959,0.7248103225581012,0.7847949309211151
3139409,0.5700953300110985,0.5731779521478972,0.4697890563026698,0.6128177600627219
3139508,0.5165490821986716,0.521635915242332,0.4369368339252275,0.5669057890702888
3139607,0.5794103157254107,0.5812390039345303,0.517121257177619,0.6233375081892939
3139706,0.5490210054467347,0.5489132473377959,0.46726929812465784,0.5474462465432731
3139805,0.5474869486976504,0.546437286925566,0.4198659390731135,0.5594321174554934
3139904,0.44218849061501253,0.4434142285620823,0.347002038979835,0.4412816116055501
3140001,0.6944915058269597,0.6957625189462218,0.5208023951597496,0.6886978278116148
3140100,0.6997450912802141,0.6990261332071813,0.6303081210228034,0.6818558559669654
3140159,0.6216734152957565,0.6197075823222672,0.46332813879779083,0.6503478788846186
3140209,0.6288248214039606,0.6275663051739809,0.5152554566401284,0.6553381836214541
3140308,0.6681478727805432,0.6680599138885032,0.5089723349813263,0.7072337198571121
3140407,0.636158990389048,0.6343998978490587,0.5593032353433592,0.6459573862344655
3140506,0.48978319437995416,0.4869334857752569,0.3972845640179599,0.5104318560009814
3140530,0.6625151373243794,0.6634567407550654,0.5926380485160434,0.6635038014942671
3140555,0.6426471967801601,0.6417522169620634,0.5543912754431454,0.6349753147251289
3140605,0.7641861450320674,0.7623828638642044,0.698213109977928,0.7399255306178465
3140704,0.5981352055340048,0.5946282043035167,0.4617315942547841,0.6183571766569119
3140803,0.681781749833393,0.6814125647947998,0.5421578241816408,0.7069420249254499
3140852,0.7488709214361772,0.7510007442892462,0.7054339086776945,0.7570004764749272
3140902,0.6478362404328291,0.6492949201088324,0.5652526186555004,0.630384109550561
3141009,0.7392833872695537,0.7389428665794912,0.7049267380838998,0.7528035432039832
3141108,0.6186348547936734,0.6150248210266743,0.4884805667816328,0.6302978174373747
3141207,0.43743959746712363,0.4396771500615779,0.3882507902152687,0.4698447887016192
3141306,0.39926836541076977,0.3986516296646197,0.34904940728255696,0.4100438122960625
3141405,0.6992634554346766,0.6986312451603495,0.641997945541703,0.7027801278882256
3141504,0.6308328983951252,0.6316566343048128,0.5456177350372721,0.6746292029509462
3141603,0.6714628978375187,0.6720709457876696,0.6046739089284805,0.681069122177087
3141702,0.6476203650678181,0.6477655155730982,0.5565087094810434,0.6518238010626252
3141801,0.7609487602667969,0.7602135707052041,0.7024563563834999,0.7519126199829346
3141900,0.5230428216832169,0.5205936739570003,0.40839429055277005,0.5271275907381097
3142007,0.8298969481609488,0.8281319347563287,0.7842237547972687,0.8433587352244514
3142106,0.6511062603378667,0.6520766015103212,0.5845371595321377,0.6678757951261253
3142205,0.5830729257931354,0.587636481116332,0.4832976563295503,0.6162515832974091
3142254,0.8040917525878706,0.8035077280758606,0.7646914332543261,0.7877215735807472
3142304,0.5647606506042055,0.5617956301869516,0.4492936095582665,0.5946991668001312
3142403,0.479799689543596,0.47899740672478575,0.40769740057447784,0.4914268899108019
3142502,0.6082300381383936,0.6088796646145127,0.5217382511732348,0.5849253505582407
3142601,0.5114454453652734,0.5125351181088466,0.4211703761488019,0.494654191832832
3142700,0.6922930057978798,0.6940010838644289,0.6487365005130646,0.7018762735386882
3142809,0.6024360570741925,0.6030617525137285,0.5348794024347621,0.6248815306401544
3142908,0.7460851743038556,0.7467313580298502,0.711746284235983,0.765818128759873
3143005,0.5259131835700924,0.5275110566821116,0.4630505701539298,0.5246637923789895
3143104,0.6658490331184057,0.6643973966544169,0.572746648800078,0.6782068534449439
3143153,0.6598070130463156,0.6577183546970918,0.6465818604759198,0.7285032108370899
3143203,0.40855230657018665,0.41302711613168563,0.33789482321514486,0.4297087715632979
3143302,0.6766761414688703,0.6756795967899981,0.5485185734005636,0.7286655074353038
3143401,0.27375976247984823,0.27338043125259165,0.23138697107816375,0.34054037760308775
3143450,0.7357504812126607,0.7376601086469182,0.6672950724746093,0.7234551295704034
3143500,0.5601281409261166,0.5593298439290669,0.5040778219628913,0.5608566961677969
3143609,0.6352942487756731,0.6364311546881349,0.5604323375703685,0.6353439735896087
3143708,0.6985090228944687,0.6935250683131917,0.5236485953173459,0.5852889176061908
3143807,0.4848158775466364,0.48174539380669806,0.3848266334249993,0.4303757815686819
3143906,0.653562998577577,0.6542113888544506,0.5283955802128185,0.6935401936619837
3144003,0.5682106209312795,0.570816475309412,0.5197385166318601,0.6189935094741063
3144102,0.5064818741318412,0.5081844219805898,0.430467484249965,0.5222816179570974
3144201,0.7268799397448296,0.7252289347669292,0.6532755749505718,0.6948210590194059
3144300,0.5951879576687742,0.5965529692495006,0.5223274815293597,0.6348871144042223
3144359,0.723751880017329,0.7227011392640517,0.6599920334423849,0.7560192704366949
3144375,0.7671611407573721,0.7652467815214458,0.7023650051233625,0.7496029700940908
3144409,0.320118720505123,0.32097837217939784,0.2628918572890297,0.3192991009315139
3144508,0.6306193546366642,0.6287199652278566,0.5093666465052666,0.5911929343346684
3144607,0.5046765237392778,0.5067322363421444,0.4173738146438839,0.5097861101758101
3144656,0.6254131289596455,0.6232178830124817,0.5508817926377846,0.5941615599514044
3144672,0.6564722334654236,0.6551421968307403,0.5877016864588714,0.6556701666372503
3144706,0.6953208264476749,0.6954815617516347,0.5635259718210678,0.7072670266610367
3144805,0.5706957216243354,0.5693888589629478,0.40408870631643284,0.6488552913359991
3144904,0.6897632732786261,0.6877892371131864,0.5985046588173574,0.652861150748269
3145000,0.6282272852831562,0.6271712853306165,0.526576419361316,0.6626727823109193
3145059,0.800575366276402,0.8016266015493682,0.7289618913900472,0.7980280916311986
3145109,0.5087512626933676,0.5093515821503354,0.45700295786879436,0.5178218569678913
3145208,0.37584807708769785,0.37248463521200437,0.29231025476869105,0.44791758690372235
3145307,0.7580767045363399,0.7550920444106958,0.6942112716847615,0.7473655727127687
3145356,0.7386042048310051,0.735893143090561,0.6722576102710726,0.7287838893360318
3145372,0.6756629977636486,0.6743523099821517,0.5964877886310963,0.6728575394215289
3145406,0.6784079478287327,0.6781824087845417,0.5715330235040202,0.6662715760123836
3145455,0.8331722907491872,0.8300879230413495,0.7814154046263538,0.8371383028267493
3145505,0.5024583121905203,0.5054022083433724,0.39610284292939335,0.4877110525850836
3145604,0.4796312923476276,0.47782251763253236,0.35136882280297993,0.5092680020335473
3145703,0.7718628914436494,0.7710129313593325,0.6631870883730248,0.7573046189576843
3145802,0.4828466356882324,0.4814500378205609,0.3881454730822788,0.4969521376579446
3145851,0.77717024063752,0.775843886364846,0.6720893408165898,0.7441536301040205
3145877,0.7189825993096226,0.719888403814891,0.6676979277682852,0.7405871838354074
3145901,0.6035824172391742,0.6031339689571894,0.44090570122259276,0.6430867552002909
3146008,0.3280551606731792,0.32743439110053635,0.2548353892827996,0.3744926238310012
3146107,0.6645660924796839,0.6643227949637219,0.5092701094494244,0.6908770728013872
3146206,0.6775988839748205,0.6750172618701261,0.611070700522809,0.6727161002453331
3146255,0.7509942520629129,0.7455274153586718,0.6840996686622397,0.7315381933958024
3146305,0.6979691016004486,0.6970363167323811,0.6385188872794233,0.7136805040078147
3146404,0.5944072077173603,0.5936217954928912,0.5027349099980171,0.5913711833250184
3146503,0.43657772387630045,0.43588153515600697,0.36513573376124525,0.44574041652184726
3146552,0.855398365053571,0.8558303055004504,0.7988084707423573,0.8415182459950158
3146602,0.6909828660946267,0.6893903192753085,0.5640101601899904,0.6943609790589473
3146701,0.6751538154747542,0.6768720366556836,0.5933438510956496,0.6781680014635136
3146750,0.7140902975192729,0.7095773310411831,0.6303158795069984,0.6642700006325506
3146909,0.6396606722076479,0.6366538834023535,0.5694167413726233,0.6241384959337865
3147006,0.4946494757919454,0.4948335967193071,0.40546830795690325,0.5474719197999081
3147105,0.5003407355827373,0.499703382550495,0.3660114605709119,0.5230624059015175
3147204,0.456557392463795,0.4580288692759769,0.3693550644727974,0.45676187734827955
3147303,0.33559662644005994,0.33426605150834154,0.25938223009800904,0.39698761230305174
3147402,0.6247795776866295,0.6219261809772797,0.49842034331757196,0.6316631272490286
3147501,0.6474215759082357,0.6449113668260763,0.5114081240622116,0.6102946517635909
3147600,0.48310540630522003,0.48597705734197644,0.37435947659493823,0.5216279542523306
3147709,0.6064815257069457,0.6034008770267021,0.48927748598240656,0.5795267770059916
3147808,0.502251236377979,0.4996598046102287,0.3838161802946783,0.5273690913747694
3147907,0.6110462257287229,0.6087777678638734,0.5071371397259578,0.6179654656514634
3147956,0.7819664916853492,0.7809133426208121,0.7499443802054847,0.7847557809755131
3148004,0.47786505241018706,0.4793820709726049,0.3955062856348008,0.5162986705843365
3148103,0.5360336253083259,0.5358355398872341,0.44403062831071,0.5798231410266871
3148202,0.5977869879403144,0.600393269183154,0.5226153920827417,0.6298332146409322
3148301,0.7322856704635274,0.7324342287605993,0.6413811181759699,0.721759918791041
3148400,0.7096245651343736,0.7105441491377603,0.6382629928644082,0.7042025042043294
3148509,0.6257007378120263,0.6235920596622543,0.582773965815104,0.6263677776253035
3148608,0.6663802500063436,0.6661233600287301,0.5841193381762962,0.6638617199993578
3148707,0.6796268915168002,0.6805698107572639,0.6166882362067376,0.6781740699904804
3148756,0.6155752185450519,0.6164333689006863,0.5576369758879274,0.59887577437892
3148806,0.7792291098244909,0.7795603164595509,0.6357551257997635,0.6952343847844972
3148905,0.474047658542308,0.47255365028076324,0.41028383002661456,0.4880416371838138
3149002,0.6643405716262178,0.6669459175324041,0.5825932325214139,0.6787018990851523
3149101,0.3688261177516027,0.37100835336448634,0.30270950922649803,0.3916590053292482
3149150,0.8753264435258314,0.8746883465694832,0.8329383747418154,0.8680324434291239
3149200,0.5109503473422514,0.5107008624536861,0.42498023986862066,0.5172216455277575
3149309,0.5637918080375883,0.5607870336299627,0.42217167951796924,0.6128215902121258
3149408,0.6990771068603898,0.6950528136720946,0.6192685577952823,0.7081272123179434
3149507,0.5782404657948826,0.5784830268333673,0.440383328094559,0.5878998103690176
3149606,0.5905164773643964,0.5902937006072803,0.4805660826116786,0.5855631527391081
3149705,0.34537606661136067,0.34057199262801313,0.2662512933899432,0.38278039402231867
3149804,0.3745884926613877,0.37357387586847235,0.3182333567782336,0.40177953558540774
3149903,0.5750747381674806,0.5759670521920689,0.47016068200695554,0.5960208242516373
3149952,0.6505283463513364,0.6532349642313388,0.5882046287236931,0.6609978894232321
3150000,0.6361537065281339,0.6368108385205221,0.5690841359489864,0.6359342848250471
3150109,0.6695849910423274,0.6700361923970243,0.5497405154520741,0.6644509719691475
3150158,0.6368295378772152,0.6372455977487519,0.5816177992066173,0.6503969497003598
3150208,0.712843137550125,0.71363847801856,0.6166110219740374,0.6941949624216258
3150307,0.5695974082509884,0.5707579057481428,0.48255629250960325,0.5706420543867292
3150406,0.5809831171507468,0.5790862142499146,0.490541600884618,0.5694451591371438
3150505,0.5324731583691794,0.5312141182050066,0.4369996257683886,0.5218683027862107
3150539,0.7608765079822257,0.7582215904986946,0.6662654204709001,0.7340256431293136
3150570,0.801185356417026,0.8001778801066589,0.7605901166861558,0.7965940650962177
3150604,0.6687316569113176,0.6675533094546622,0.5673460259377068,0.6479488224940015
3150703,0.5719264325645921,0.5722307948704378,0.48904938873205905,0.5613471168905763
3150802,0.6626369929826817,0.6618760465890793,0.551458743565345,0.6296596036673542
3150901,0.3789765716729543,0.38053532170677934,0.31469838442135584,0.39298715292023206
3151008,0.4756585656331309,0.47509465248901933,0.4147324809843453,0.5188953961638417
3151107,0.7283079676054869,0.7285190389832042,0.6191428314789772,0.7145680569431122
3151206,0.6104453054906337,0.610683129021838,0.4924263779998692,0.6673262999332058
3151305,0.6176317321660142,0.6174086275113734,0.5434088226496607,0.6271742123538672
3151404,0.4519804032224153,0.4515106817069805,0.3391251453157309,0.48136997028635986
3151503,0.5162125256025519,0.5148460929103049,0.40789490467981554,0.5177175366190346
3151602,0.616477785323293,0.6172288770550844,0.5116794249760305,0.6503367283296889
3151701,0.49743320994279383,0.4988409911251411,0.44306789666325797,0.5016245612638937
3151800,0.4590207333058831,0.4598222415794096,0.3541308148241315,0.5050162643538476
3151909,0.5848715937986775,0.5845265849632447,0.5262220501820724,0.5840839548599628
3152006,0.6429884612174368,0.6418231491505696,0.5649742682360058,0.6411253349609329
3152105,0.7086126102324709,0.7095898290717336,0.5914760206425593,0.7221521038760325
3152131,0.7373625723676569,0.737703739505843,0.6792447087757516,0.7298454007345584
3152170,0.64195713148058,0.6392297622922839,0.5872373376659373,0.6300271369675129
3152204,0.772685185704033,0.7727562359863119,0.7246811502728411,0.78360981897446
3152303,0.7058452216545723,0.7053341970315561,0.6281667501969465,0.7018227142685994
3152402,0.6462626135848082,0.6448091707529214,0.5813041094673888,0.6394180861672666
3152501,0.45752955702603415,0.45790568202615584,0.3522654712155287,0.5106511440334867
3152600,0.353643781810007,0.35427706536256837,0.29818065466962534,0.4261220064040793
3152709,0.509451874532229,0.5105057651723296,0.42832982929306446,0.5132034705724521
3152808,0.6227163337704911,0.6236838406652851,0.5706340883810591,0.6451806439545892
3152907,0.502895307783703,0.5050869427006717,0.42502533695913397,0.5217003702390032
3153004,0.42430265425335334,0.424816006749289,0.34690162331861424,0.4161161097041573
3153103,0.641608395702884,0.6404241483267344,0.5316254383272262,0.5940869525371119
3153202,0.7771455609071333,0.775549615971328,0.6935793552940449,0.7350586584554278
3153301,0.7908881157762375,0.7858187482496547,0.6911806977448003,0.7502965372708963
3153400,0.5959823109316953,0.5951469001506804,0.5157014109160457,0.6098549983964493
3153509,0.42174980245193666,0.4256411975678947,0.3717634367373952,0.474407479235194
3153608,0.5445952107736536,0.541902673487582,0.4409272405754217,0.5741012645976808
3153707,0.5117575454806812,0.51261535959439,0.4498024197975634,0.5205985772808706
3153806,0.6842502359003674,0.6806470782404465,0.5599986764133408,0.6699732503067217
3153905,0.7409205038874759,0.7389589821095228,0.5758596690911688,0.767160432562263
3154002,0.6505504008399442,0.6515525444346455,0.5788031638815855,0.6581952537517465
3154101,0.6591009585169306,0.6612100807926694,0.568964262945027,0.6672080493858156
3154150,0.6178728069580044,0.6204538201025431,0.5247512082155578,0.6317776391460282
3154200,0.5374834833716938,0.5358552416533245,0.45404065726733317,0.5462808165960796
3154309,0.4882120079521438,0.4911480090367568,0.41001496348143845,0.5564737184713473
3154408,0.6679106894198972,0.6675924975480573,0.5667939288995313,0.6655133555057133
3154457,0.7609278070025891,0.7587700205921263,0.7016274229500187,0.7387161539347201
3154507,0.8329873080730122,0.8326501477789708,0.772442888469104,0.8298693730084231
3154606,0.6890051229914188,0.6858926717679751,0.5183578883566501,0.720211479671412
3154705,0.5612316054205603,0.560633092772485,0.39965972896757146,0.5719924697714797
3154804,0.5865317788919955,0.5862550577539897,0.41150522643581383,0.650180527417374
3154903,0.6707208024471307,0.6721684761460627,0.5781058836177008,0.6576334009309084
3155009,0.5852124100651226,0.5862317369494595,0.5360397089732081,0.6098040491607924
3155108,0.7868399397937846,0.7855989283293581,0.7334969945761599,0.7716566612101071
3155207,0.5486304852517165,0.5492748436149445,0.4110954015006869,0.4660998545607486
3155306,0.6429622873840289,0.6395422679323105,0.5292543940271243,0.645147634127774
3155405,0.5743518857057641,0.5747350334205986,0.44789977900536,0.5887029872215543
3155504,0.5510433414566525,0.5494287068244667,0.4948321142085184,0.5713859738725354
3155603,0.75619073729082,0.7564862220797955,0.6839175621790478,0.747156400509536
3155702,0.6972866032103544,0.6971298666970656,0.5651028266611989,0.679342896446057
3155801,0.5778738135625074,0.5789095797230339,0.4719988195263838,0.6452621480363862
3155900,0.64535821354593,0.6441517233083498,0.5438967487278384,0.6661310291437023
3156007,0.7140570067145396,0.7114313962479478,0.6381240681985187,0.6926626754882852
3156106,0.5098004199498243,0.5103936669051942,0.3915529490367267,0.4883919996302788
3156205,0.6025308187580539,0.6026904019893858,0.4856863914660738,0.6156035803297509
3156304,0.6691441852042577,0.6674063109184339,0.565077863050027,0.6786234760371576
3156403,0.6711118491428971,0.6688822732055373,0.5892709472462376,0.6621415675195677
3156452,0.6735183028826724,0.6751366261575158,0.5918962283710969,0.6867681563362558
3156502,0.7536587641167825,0.7543239596582358,0.6946458275789712,0.7378453707861935
3156601,0.5521671208385411,0.554252805985476,0.48389540035277717,0.5419751044708864
3156700,0.6076138674509738,0.6056835006349595,0.41661269889840513,0.673327213017922
3156809,0.7436495887752563,0.7413370464990029,0.6404100528032303,0.7053487962246375
3156908,0.4238854750952953,0.42522033350022687,0.3676783669094608,0.46181951766400403
3157005,0.6456542431851978,0.6451920468625086,0.5730471974415926,0.6691976673220176
3157104,0.6425658168102498,0.643168413353573,0.5883864935680393,0.6505694880204355
3157203,0.7125896846233993,0.7113920663553545,0.5914048604036424,0.7275988269390178
3157252,0.6297726116415511,0.6302153969228854,0.5847353276009263,0.6794301879261003
3157278,0.6630072996581114,0.6617455355954043,0.5579284626744668,0.6691039743503492
3157302,0.7081745272404395,0.7091731564028031,0.593356196787287,0.6552975529422052
3157336,0.523643289689291,0.5236806645374057,0.39876529811398775,0.5329621298271096
3157377,0.8522852668327673,0.8503540087755258,0.8155967228934426,0.8411715523663291
3157401,0.7846434503909666,0.7832681192736017,0.7132647315179953,0.7684024320804773
3157500,0.6638235983116625,0.6672433439711596,0.5705805189538258,0.634916790469347
3157609,0.8094075161891736,0.8068929442555817,0.7589358633419936,0.7971213014316462
3157658,0.6335321726346737,0.6325443712833064,0.5848660867680744,0.6226100939868316
3157708,0.5477213769702535,0.5453839008616727,0.47120847585824355,0.551073190122669
3157807,0.6178627322464303,0.6148887111048472,0.4423014968570613,0.6701243123508362
3157906,0.624150445568087,0.6275939885486598,0.5455227146612224,0.6025344954836219
3158003,0.6705653009723148,0.671217063862238,0.5436292395400787,0.6398747310012421
3158102,0.6727224926065394,0.6706348294336268,0.5960126381050963,0.6697985127552458
3158201,0.7251045851403055,0.7222600676586136,0.6411684184839582,0.7007456335188054
3158300,0.615114449833683,0.613542256314627,0.5237989158866106,0.5884843195343596
3158409,0.544405626672275,0.5443196199509769,0.4627516666244406,0.5602793899301293
3158508,0.7093215271510658,0.7078935596428902,0.6082452682348228,0.7188139999765483
3158607,0.7118728655344986,0.7096623985411245,0.5719345947745652,0.7002804340315635
3158706,0.5502685692026205,0.5513901325428155,0.44775830819764967,0.4891587940810609
3158805,0.6447082712214841,0.6447382893880905,0.5366440615868587,0.6501984862313694
3158904,0.665896941608664,0.6670548742764816,0.6219724153068077,0.6785315224066486
3158953,0.6766750445320925,0.6766794051535913,0.5565184060673343,0.7275092793803587
3159001,0.6561557206142629,0.6498608835333064,0.5288519225638733,0.6522805566962208
3159100,0.4979585348457718,0.5000412333751054,0.4267773825729659,0.48556240763347214
3159209,0.48584064953962175,0.4851018020393825,0.3996680717118899,0.46979677333562453
3159308,0.569485208162156,0.5693678299668744,0.46778047877617474,0.5554163287917122
3159357,0.63358112887226,0.6343963643610601,0.5292104880415882,0.6601838011206165
3159407,0.6749114003420728,0.6773562447666888,0.5740503682415544,0.6372687353979688
3159506,0.5627859899195101,0.5629843764709471,0.5108392573377728,0.5983008329146439
3159605,0.2545739126558035,0.2554974090506886,0.19169002802320975,0.29852841285090054
3159704,0.6222697615149344,0.6209469903997952,0.5773925513601685,0.656877841513697
3159803,0.6971145984048064,0.6972304724109618,0.6428415165533155,0.7196368364191966
3159902,0.7149945487792366,0.7132582359213698,0.6410145159159236,0.7001555547783457
3160009,0.5569609635298755,0.556540040468217,0.44023831505991473,0.5514918215194128
3160108,0.6395911842268643,0.6408393463323897,0.4987511129434219,0.5467626443427497
3160207,0.7572932183286648,0.7543597032390545,0.689183063927615,0.7541488236334993
3160306,0.584438593759023,0.5809551691572251,0.5427278968035968,0.5887159863416856
3160405,0.3650395795232051,0.36368401025076347,0.27383516995836993,0.3806370831897219
3160454,0.8268310216750643,0.8259262430198212,0.7397966382516534,0.7833201192263776
3160504,0.6891057908481846,0.682139874112882,0.522681972559853,0.6049492335662378
3160603,0.7174469518698284,0.7157886033302548,0.6268485887955579,0.6872511915161142
3160702,0.7214492389632837,0.7227989380087273,0.5756645767109699,0.744765998705641
3160801,0.42433824363179523,0.424586853041834,0.36257876524524746,0.41857199208865764
3160900,0.5780145522343977,0.5776743848341589,0.4549486595363401,0.5870825901280021
3160959,0.6328524260837507,0.6304448570436346,0.546970569293154,0.6057867773073892
3161007,0.6895231567764798,0.6888896965989194,0.5824621943557887,0.6944195973635576
3161056,0.6388639682767965,0.6385280703486625,0.5796251507671918,0.6989494325296031
3161106,0.8057793107540119,0.8058510850153446,0.7522380570541173,0.8095134455455976
3161205,0.627037525623113,0.6265937042326751,0.5158570815232334,0.5940202105535671
3161304,0.7002784942797688,0.7003674373060506,0.6747660479654992,0.7179982621713524
3161403,0.7324341566971251,0.7333469873037187,0.648100012895914,0.7207640300695659
3161502,0.6714318840030509,0.6701869470327777,0.551131165149669,0.6580546284107418
3161601,0.7368274654814624,0.7360013000088279,0.6389675764039681,0.6965293386437783
3161650,0.6628896348684297,0.6622725722584799,0.5794791196449831,0.6459010568753351
3161700,0.547094191236372,0.5487024418446356,0.4836735699570985,0.5821078986482723
3161809,0.5158700103311229,0.5120000881522817,0.40308936109787313,0.5099827954982663
3161908,0.6195983334615315,0.6162375369737798,0.5135563023740611,0.6383738060176375
3162005,0.48000015369056653,0.48236521205142385,0.378536617077351,0.48672834205973325
3162104,0.35337376408099785,0.3558374060177267,0.31745031522937955,0.4078502418047185
3162203,0.5674591907629183,0.5625807250545084,0.4775699794150164,0.5435980744650654
3162252,0.7320004527775663,0.7330078301563532,0.6760967039749328,0.751395793226806
3162302,0.44440605411348333,0.44327038263916424,0.35679342756952054,0.4541917396571214
3162401,0.8097889176134591,0.809763340587804,0.7549504819716706,0.8052861155075693
3162450,0.8062108545117831,0.8044221652100002,0.7710231899000219,0.8132111636129324
3162500,0.4987141396850804,0.498304058885958,0.36050455120225106,0.5280686768426389
3162559,0.6580672317808447,0.6586067132109333,0.5936924422691273,0.6643945699513462
3162575,0.6858062584738036,0.6877817902763373,0.6216370006163966,0.6797879018194091
3162609,0.6709854258152463,0.6719490932399155,0.590940427914998,0.689363703751321
3162658,0.8495042907255296,0.8486596741807171,0.7823526369793337,0.8443411885308133
3162708,0.5696665157633329,0.5672444686172907,0.5027899245454049,0.5778744404929935
3162807,0.6938551630879771,0.695143786882586,0.6207758526965176,0.6939089766239442
3162906,0.5976788717145184,0.5978895826834189,0.4564120211815304,0.6538191760272986
3162922,0.7337060398932868,0.7305849644856011,0.6212064009133504,0.7495850308025812
3162948,0.6620185140138304,0.6613324632006711,0.5586871107258468,0.6587977079822136
3162955,0.6400290239841309,0.6366285064859839,0.4791235671946476,0.6762433745061308
3163003,0.7122991513268674,0.7099075665864797,0.6226096231597993,0.6548843767742982
3163102,0.5329302586029043,0.5302844030644797,0.4308280711362619,0.5499396174948789
3163201,0.35982846216160264,0.36045075104849017,0.28356857658686885,0.36926435456406964
3163300,0.5998812586061294,0.6000460716789244,0.5429640239792798,0.5977308961052263
3163409,0.7150386440964035,0.7165539412521303,0.6081637328308513,0.6986684578307032
3163508,0.6810113620479921,0.6788635380395359,0.6100190351123089,0.6649808158992583
3163607,0.525571992420131,0.5273886813006395,0.4458142493971969,0.5271569009180522
3163706,0.32838633019480035,0.3300442479275629,0.2147059072074328,0.41218508099377543
3163805,0.7094787504240652,0.7088519630772682,0.5937805648209386,0.6614698979316065
3163904,0.5336804173706803,0.5292776626270419,0.484139637779232,0.5300375128056763
3164001,0.7117190588583749,0.7124239941373807,0.597444817173245,0.6728091684503935
3164100,0.6797537868346822,0.6778135340693732,0.5971760944743975,0.656786463391432
3164209,0.8240458074708306,0.8193777945236592,0.7770113186713354,0.8258242164239044
3164308,0.31854636694823907,0.3174725011461188,0.2609577498931003,0.3044517702879922
3164407,0.5721439823722353,0.5731605692796969,0.4871288834777996,0.5811031453192848
3164431,0.6666857937002709,0.6683308754876863,0.575497746326907,0.6658421318803978
3164472,0.6261123308095938,0.6260560181052172,0.570887231107859,0.6289172037423046
3164506,0.6398710249964698,0.6359747093908991,0.5726835215995439,0.6185415534666632
3164605,0.6156080273633546,0.6162800281663163,0.5248037782136096,0.6160432117249895
3164704,0.5046289093556532,0.5055981456867139,0.3845808872438649,0.5246068965217531
3164803,0.5525114360051103,0.5477754149987116,0.41369790700660564,0.4892675295046301
3164902,0.41993594392307565,0.4190228321856931,0.35912287539700066,0.45123827735735816
3165008,0.4479143778631145,0.4467602704271561,0.341469859023368,0.4508506167355646
3165107,0.4722715948747206,0.4722080620788757,0.4073614887386181,0.4825921938401638
3165206,0.5649549904398573,0.5655252916754127,0.486034936913917,0.5715573591933815
3165305,0.40491072190841315,0.4043227931410513,0.29021406436476077,0.39806944560776003
3165404,0.46626013856003995,0.4654173917290729,0.3847042177452522,0.4816391860037827
3165503,0.6422643234381483,0.6445294288658393,0.554457883810296,0.6110496964742651
3165537,0.6454878198125708,0.6425875762529075,0.45454563530641395,0.6728335059078255
3165552,0.7782060354342888,0.776779452840436,0.6748898328548737,0.7220628264510975
3165560,0.6915835364902383,0.6914924899321067,0.5831315441387374,0.651610287883574
3165578,0.6359746149286328,0.6320753057701198,0.5470384539248917,0.6093000720956376
3165602,0.6402135606895626,0.6387114959350458,0.5110571304702295,0.6524008365134449
3165701,0.6924588627697059,0.6903207123559327,0.6190980739736491,0.687616382386719
3165800,0.47334178786899805,0.4729590240988409,0.41666893429460705,0.5070253196492787
3165909,0.63872770590264,0.6374507605439484,0.5872639896453643,0.6447914958939428
3166006,0.7099295419330403,0.7072190607801069,0.617891690514882,0.6831987399098925
3166105,0.5987080660272517,0.5978544979789239,0.45933050780525214,0.5426369739871741
3166204,0.6021934431410179,0.6037179073505748,0.5437272077244395,0.5922048548996264
3166303,0.625343305204141,0.6245815350490104,0.529648557953785,0.5745792585236916
3166402,0.5719307864272718,0.5704056898471584,0.4661098278628328,0.573725111765064
3166501,0.7076256675002962,0.7041882295238765,0.6031309738804912,0.6489676091203607
3166600,0.36754860719191895,0.3684178218140843,0.3154315032054606,0.38305644382729565
3166709,0.7037317147857389,0.703636248201239,0.6254101603612163,0.7369907260882956
3166808,0.5414715531890676,0.5434851903334135,0.4795423502344933,0.548992828486897
3166907,0.5170213060387462,0.5180191295249802,0.43346971040936877,0.49518055259326665
3166956,0.7348710290725001,0.7350373565253013,0.680347116673901,0.7197985641896679
3167004,0.5265692528245101,0.5269856229631918,0.43988581019722856,0.5018215060572949
3167103,0.7526597274869598,0.7505571168518882,0.6797783881355496,0.7467117096334818
3167202,0.5907723758262708,0.5885877538541036,0.4359646394050592,0.6297003525937358
3167301,0.6892792197847879,0.6895802799129753,0.6109226967098467,0.6989950273136009
3167400,0.3961867911773421,0.39550525224455574,0.3206482823583376,0.4035108386943846
3167509,0.6291858210660227,0.629128730404099,0.48573962056685444,0.6396697190793669
3167608,0.5765478054427322,0.5787716443731449,0.513744995379095,0.5803717730019521
3167707,0.653683575989982,0.6539434841072852,0.57480082602089,0.6565415105006959
3167806,0.41764635369400926,0.4188313223679159,0.2929116110259126,0.4180288213937744
3167905,0.5814240418445427,0.582192820473543,0.49835187316294016,0.5850602589135903
3168002,0.473928195965754,0.4728884681833016,0.41830849456502683,0.492507705035023
3168051,0.5533386754199152,0.5546701256445616,0.4961213904560127,0.5598161305991828
3168101,0.4128675123650439,0.4097768881062594,0.3680942370110037,0.4550906989515255
3168200,0.5939961084863561,0.593579532752452,0.5192485970695172,0.5911553181247045
3168309,0.5159991432857786,0.5149518896856694,0.42558697274426244,0.5308385915703099
3168408,0.5485564723026334,0.5478766005499899,0.5135437351366874,0.5640642892188179
3168507,0.6732835772388919,0.6727981728068064,0.5645955367694169,0.6634157543689253
3168606,0.6103346726011081,0.6121089349593488,0.5160621425235454,0.6384708826586795
3168705,0.6299239254543574,0.6290261724430719,0.4697795237286318,0.7285238361636055
3168804,0.4552346798899247,0.45579474950611604,0.34769995283459476,0.5104330703298787
3168903,0.3554799717667634,0.3564663142049398,0.32972328072314033,0.3974321311609863
3169000,0.5710286977182544,0.5720811895801324,0.48521312193681226,0.5887268085134618
3169059,0.5532759947962762,0.553390264307545,0.5023542938712384,0.5444838595070198
3169109,0.45078373688792217,0.44404582177606183,0.37156882329876906,0.4214602440228086
3169208,0.537098683726056,0.5394535328265572,0.47839541315972317,0.5599412150260622
3169307,0.43227557889825574,0.4342256629991188,0.32476176777385596,0.4833786844523988
3169356,0.589423336741861,0.5891437429334041,0.46019677137364207,0.6103368388102787
3169406,0.5422861486746865,0.5425285982259559,0.43834530620708795,0.5559366169268501
3169505,0.6208300893019286,0.6229502752846535,0.5490769241667488,0.6351848456641962
3169604,0.6349169450263361,0.6354985286054674,0.5705367882678068,0.6652616853557111
3169703,0.7605964394852487,0.7582454099619458,0.6714213760409238,0.7425267490975638
3169802,0.48558091119194696,0.48690150027970747,0.39159639265780716,0.4862463590027492
3169901,0.6895504977987308,0.687302805930298,0.5641514834439956,0.7190563458124898
3170008,0.7626016405481534,0.760454360894809,0.70373870200391,0.7398101091262262
3170057,0.5597433024719373,0.5589669967837815,0.4900184780642727,0.5735308975542744
3170107,0.5881810724104615,0.5877237388172546,0.4683138395018874,0.6287255655407757
3170206,0.6310282121084976,0.6283528455986133,0.5056767625943853,0.6948778604555256
3170305,0.7070039420585591,0.7034431531294679,0.619994791873463,0.6674896350171625
3170404,0.4454697586085336,0.4448504877833323,0.3551745494629353,0.4688790305088832
3170438,0.6700452618448982,0.6698376619843353,0.6355425236835596,0.6841724359029536
3170479,0.7002515036753899,0.6967292752121846,0.6437430796892054,0.7245004397810263
3170503,0.6016196770995159,0.6084735425473021,0.5103429077211282,0.6040622621308921
3170529,0.7665359647307108,0.7659259718381076,0.6951635344732455,0.7382756679935718
3170578,0.6994391467519832,0.6987705618971077,0.6294656167937874,0.7240284131927842
3170602,0.5347324243827041,0.5335291514294482,0.4380058495605657,0.5095957640386425
3170651,0.5924806743957319,0.5911942203705552,0.5349203975848712,0.580137339316032
3170701,0.4182998518935066,0.4210339364863258,0.298682504020926,0.49582451075988604
3170750,0.47231448794533337,0.4746381759128971,0.4108607502031631,0.494332123234219
3170800,0.686565325224839,0.6859544190412431,0.5812961513859435,0.7010885594533862
3170909,0.6820021811265119,0.6830068376003786,0.646906399562735,0.693380459241304
3171006,0.7104819590168489,0.7110054980183573,0.6220249007679245,0.7302482028163241
3171030,0.8088465888714136,0.8081614536325188,0.7613768190339855,0.8036269357462832
3171071,0.7501044868670286,0.7480623347818246,0.7023316316903152,0.7403107457194719
3171105,0.559871870410746,0.5582982203514478,0.49978510497477524,0.5671125581025261
3171154,0.5977556027422807,0.6001466815184107,0.5477384889124547,0.5944956312065878
3171204,0.6456389711761074,0.6412254789459396,0.47499744734851856,0.6755291171943666
3171303,0.6982592277599061,0.6971826304610125,0.5528522191905632,0.7101640887386003
3171402,0.6903012207514647,0.6898486598735504,0.626387254264538,0.6903894384503279
3171501,0.6951132988550623,0.6974253322879544,0.6179254723941745,0.7046371413960903
3171600,0.6869040352875719,0.6851903540190473,0.6474242816237686,0.695467162492415
3171709,0.5116827559168011,0.5106111293820729,0.4641658086765075,0.5349625986004612
3171808,0.6285078882144426,0.6270961837359906,0.5191843775414025,0.6225079939858924
3171907,0.7818397663111631,0.7806564702208822,0.7227291660775853,0.7742786272540637
3172004,0.6244829579242234,0.6247536677102401,0.5318894515064813,0.652181492506099
3172103,0.6825958766795339,0.6840688689392058,0.5745078122366067,0.7121333638599495
3172202,0.4674789298975608,0.46887429918266693,0.36107171969398194,0.5015540870382709
3200102,0.4674255735375147,0.46937379396685674,0.39577295541842367,0.534327667608563
3200136,0.7079916214015468,0.7072533537341344,0.6646652209740362,0.7216164721195062
3200169,0.6593459680362117,0.6607853861360775,0.6050934715889927,0.6988643547838974
3200201,0.5152896888443719,0.5192049113846835,0.4147988558285532,0.5785173236814903
3200300,0.41273005152424874,0.412154473384978,0.3313509301187336,0.47468337029860225
3200359,0.6495966061202506,0.6530104611131796,0.6037348484737911,0.7047197160700313
3200409,0.5072773821966066,0.5083606351364003,0.38879111551274254,0.6210042566100081
3200508,0.5900773911565711,0.5921481558912934,0.48183569465088555,0.6653714190161863
3200607,0.564530085948614,0.5646483577277074,0.4230121864194912,0.6638826978645237
3200706,0.5784672996306128,0.5799063201271935,0.4755466068802637,0.6095050048948161
3200805,0.5284786635070277,0.5332912824953375,0.44977065432395974,0.5931368479658834
3200904,0.5961491506879357,0.5996493636754183,0.5145802427212408,0.6527943293082653
3201001,0.6132501480114264,0.6150417349103376,0.5453892030309851,0.6973606999256882
3201100,0.574310579136984,0.5762857690182969,0.46678299950146696,0.6549547205875976
3201159,0.5349602496449619,0.5349832130887093,0.45418914906217944,0.5628970660437108
3201209,0.46104965272005416,0.46295555711384767,0.34806263246784125,0.5527943165386834
3201308,0.6181409099906215,0.6183696605072329,0.4521064935019495,0.7155654070758474
3201407,0.3970595340481352,0.3988061620872802,0.3230514539444106,0.49155918874547155
3201506,0.40653670730417574,0.4086371269977868,0.32363734849682785,0.514304786707877
3201605,0.6786686518952673,0.6792274220444888,0.5675316821579305,0.7456741157508245
3201704,0.3235902345844986,0.32544003239121394,0.27995472505694474,0.41822393832596494
3201803,0.43577173196132457,0.43745133867474745,0.3783293630082185,0.48125881461129855
3201902,0.37651228062793374,0.37615955280938657,0.3183117694401329,0.43036870565308943
3202009,0.5977266224738405,0.6015373979451422,0.5094686495087126,0.6300448549722114
3202108,0.6078754101128522,0.6105469494534884,0.5425084451158622,0.6512080807062767
3202207,0.587560155687143,0.5867119589132856,0.46211084423454524,0.6735931245676969
3202256,0.6302671850824921,0.6309603975157455,0.5737261104343635,0.6510372601935847
3202306,0.45044587986028684,0.4524162050907086,0.36487227385001364,0.5048736046267102
3202405,0.43864634098964383,0.43950408375245953,0.32829224651628186,0.5719628022510218
3202454,0.428846405300384,0.4303934937875235,0.3627579144381461,0.4975019677708117
3202504,0.5100283276157556,0.5101769725496957,0.3861312059411697,0.606342179846286
3202553,0.48605136792906434,0.49058614325482797,0.42472797382683547,0.5313674451855179
3202603,0.4639769023883218,0.46320099313563573,0.4049939988164882,0.52031398928563
3202652,0.4639960228083578,0.4667231183596862,0.4050794360869103,0.5150675963111726
3202702,0.5635393508913853,0.5638013394087541,0.5113568581036021,0.6067974818319672
3202801,0.5482247769725596,0.5497245204773443,0.4282707212538061,0.6399518155382283
3202900,0.4618905690779075,0.4616864718008989,0.4126318136458547,0.5067208770625816
3203007,0.4280210247378591,0.4312071773578831,0.35720689952925455,0.4775461623855053
3203056,0.6934594205904552,0.6939983258211999,0.6285610300454822,0.7484135229099337
3203106,0.5462841621216512,0.5492111726346408,0.4555570298489389,0.6056463169169807
3203130,0.5070095227533357,0.5074541340141526,0.3925954984762919,0.6322383084069255
3203163,0.44161388711613714,0.4435070398668459,0.4046503149492753,0.46419582307848417
3203205,0.46334579742317034,0.46390130102778326,0.35437821150330934,0.5410963623112394
3203304,0.5103299881307073,0.5135132347165389,0.465957542604816,0.576976092142243
3203320,0.5320942111596156,0.5348449201293403,0.41870922442272124,0.631855294776595
3203346,0.4374654363142185,0.4378285027156466,0.33939658822468693,0.47235783299187895
3203353,0.5152570288672415,0.5153853326516851,0.44718429109170116,0.5488173406163722
3203403,0.5648259860565945,0.567153865379153,0.4867786544614547,0.6068848500428042
3203502,0.6039313722539955,0.6082099302605141,0.5289560542946664,0.6617277488762748
3203601,0.6412900458209297,0.6429364214804906,0.5713198929867122,0.696110216479454
3203700,0.540752319263432,0.5407102405610978,0.46269972153295913,0.5895078121806137
3203809,0.47586480514982715,0.482074090073757,0.4066377214546313,0.5459805528154946
3203908,0.5882703548275611,0.5899679092474299,0.5119570619977741,0.6463325085509256
3204005,0.6020290293109267,0.6035121724391503,0.54059321753582,0.6399411658295432
3204054,0.6572818048520588,0.6574402266316867,0.5507600898278553,0.7219744630015369
3204104,0.6351281361284891,0.6362206190813808,0.5449982690613316,0.7273252937497858
3204203,0.46663230850207904,0.46876279074583654,0.37012405673728604,0.6067029502865987
3204252,0.6597062380660957,0.6621093284405726,0.5990362054537811,0.7013736526161803
3204302,0.5423709500507554,0.5419913690955259,0.4306901363452971,0.581920152402024
3204351,0.6246688397354061,0.6256853525866589,0.5800824969355238,0.649776844567536
3204401,0.44978366064048947,0.4495111660675948,0.37059028686319095,0.5271882885918208
3204500,0.574735411801043,0.5751252661187473,0.5046936120292277,0.6330802348549621
3204559,0.42408101359958916,0.42238194858130945,0.3908205430926939,0.4694698825664269
3204609,0.3762328720264281,0.3776120950116946,0.315520134245104,0.4478689432756771
3204658,0.6052691061290694,0.6062723656299395,0.5454082527878251,0.6281635169496558
3204708,0.5357949489788513,0.5371427045124807,0.461371839943907,0.5798717367507441
3204807,0.6308351030452329,0.6322236107745185,0.533502140549766,0.6757116591499251
3204906,0.6740370487480255,0.6735805494191229,0.5502228685839733,0.7591802186320127
3204955,0.5164571461453298,0.514107387685878,0.44846786694033897,0.538469136706819
3205002,0.6443718376462693,0.6440544860436578,0.4495722420071601,0.7697157919139185
3205010,0.6479988771522088,0.6500118509527627,0.5445661763477698,0.6788740670345108
3205036,0.4149305206568814,0.4157132029677872,0.3380980056956617,0.4818527939759916
3205069,0.29700960941242366,0.2983610430860437,0.22461962176160544,0.3652511515043382
3205101,0.6341147262722361,0.6345837451263657,0.4804988600205397,0.7239381940770192
3205150,0.6308394695750053,0.6319980599216922,0.5892109221202831,0.6748394748384033
3205176,0.7178738201299619,0.7177653297008657,0.6757089109695414,0.7556840228145211
3205200,0.51004305252174,0.5105851076315222,0.35203185610596877,0.659359440980495
3205309,0.4758255669080723,0.4763502530787292,0.316249926746575,0.6246137163804509
3300100,0.5861486621875719,0.5855017989314995,0.4586787236509819,0.6806734129035062
3300159,0.528566421925031,0.5314992047218492,0.41740846508919854,0.6005296983303592
3300209,0.4950108802505263,0.49715969750055206,0.3429388743245035,0.666305148878274
3300225,0.4453996286238924,0.4497877173474715,0.320384094207506,0.5096799160824504
3300233,0.5074522683258162,0.5094486054744909,0.33302482565298414,0.6847808259565967
3300258,0.5146423398387001,0.5168020080482831,0.34449116662843693,0.6888932736175771
3300308,0.6301982841106856,0.6297741218324354,0.465702769095824,0.7225428546886462
3300407,0.6259578935164138,0.6255886025801934,0.4667907534895603,0.7251628773204551
3300456,0.78593872251577,0.7856032836269105,0.5907685490385013,0.8440956005887498
3300506,0.4706888726798595,0.47118979827021373,0.3555999270649473,0.5626134798153682
3300605,0.5037003132200669,0.5064639756635411,0.3989917359918542,0.5794069740749047
3300704,0.5083787946284748,0.5107276761658607,0.33449798692462146,0.703573701964047
3300803,0.6205837863487379,0.6208594092379132,0.45204802250225246,0.7312149996606115
3300902,0.5647381313304746,0.5686017996412756,0.45923712318177295,0.6476542646539042
3300936,0.6345660574940822,0.6343987845383144,0.449168808935376,0.7084954670290381
3300951,0.7099018646096312,0.7095840649674706,0.5439020726367637,0.7622228070588318
3301009,0.5676305667336909,0.5714445225516872,0.41093189655173906,0.6949088841944383
3301108,0.4453422967018,0.44697055523773943,0.334817337740521,0.5278051031582662
3301157,0.5859346414014793,0.5876418153762087,0.46862036022515197,0.6536950036405879
3301207,0.6194324722888824,0.6190627709798187,0.5136120489842375,0.6847959417256985
3301306,0.5379090968157403,0.5395819587082343,0.3639569673284055,0.6698040198488275
3301405,0.5684799058394185,0.5715483806471032,0.4239024186742479,0.6416159915003355
3301504,0.50678228655206,0.508296029331544,0.35269723415773635,0.6259187798618678
3301603,0.47374872915085126,0.4734219929610865,0.36329625427622,0.5563278744619155
3301702,0.7446926498965349,0.74373764883864,0.542067099907465,0.8097865624289925
3301801,0.5487856070900937,0.5501444842796948,0.3980406871903091,0.6780278389741552
3301850,0.6650321253338927,0.6631385038784358,0.5010510821310956,0.7538355382842606
3301876,0.5073040403637957,0.5082790222103496,0.3600690626947507,0.6795301411796221
3301900,0.7549649936014569,0.7555188015495088,0.5593444666100348,0.8175415112776748
3302007,0.6535430329448507,0.6538510380385151,0.45707364749317314,0.7306791903127926
3302056,0.5248999129608434,0.5262167817019529,0.4157743531581679,0.6303794262714438
3302106,0.4474944072424035,0.4519885205430656,0.35178054800813885,0.5209292759966088
3302205,0.49781711095552467,0.5003305550226428,0.3748258118133044,0.613016776215299
3302254,0.56539479721515,0.5639323458186264,0.4304535991816512,0.648034082668318
3302270,0.7708881142842192,0.770675771716129,0.5905017554360259,0.8273057503720675
3302304,0.5927924338493681,0.5973551562388156,0.47833526665496917,0.6513935045365908
3302403,0.6528551093185108,0.6525981780707025,0.45075672998177513,0.7648901722888137
3302452,0.5873386877579859,0.5873140208429327,0.4438008092328898,0.6508652982297431
3302502,0.7375964108129136,0.7365847755581648,0.5637491678142522,0.8182029246996237
3302601,0.5911806370611169,0.5892262011189694,0.4096975848128102,0.7258070600952955
3302700,0.6087553805671809,0.6097009438748309,0.4494645057700151,0.730176773461764
3302809,0.5653897934846985,0.5669533683482461,0.40234353463896994,0.6876395393053462
3302858,0.7031114072999314,0.7023163328135172,0.4761460151746825,0.8081421624086134
3302908,0.49579217178896084,0.4973879447896575,0.35161983970599087,0.6264410470510597
3303005,0.5977949194115355,0.6002905832789401,0.4854658832691994,0.668287164775116
3303104,0.48132772856963235,0.48282453807940495,0.3751531458777079,0.5901910669989998
3303203,0.6954418143162943,0.6939191166699844,0.4630629733789728,0.8009971286927678
3303302,0.5295360303083222,0.5287257923970632,0.34391613876361027,0.6907709086386133
3303401,0.43857501790050624,0.4398733271481679,0.3007426007483736,0.5716919197983952
3303500,0.6862651615026976,0.6865151408690876,0.48239891519908173,0.7823140453995223
3303609,0.5966792585862585,0.5978458277500186,0.4209187475747959,0.7242259788298768
3303708,0.49637481338422684,0.500094435000883,0.3377106892446669,0.6030581862362037
3303807,0.44185227666233406,0.44401373115102866,0.3374539293569237,0.5511224172965811
3303856,0.5675499400122903,0.569867628906377,0.41621562778645965,0.6609501378931789
3303906,0.43958254754555043,0.4403872897974804,0.29394654751437904,0.5895665877348905
3303955,0.7029315287172944,0.7022716490341633,0.5393445810109443,0.7893914192901951
3304003,0.6569128070623963,0.6563143334548555,0.4800994250150583,0.7316204915302809
3304102,0.5838299841736878,0.5861206756150019,0.48789129178500024,0.6447344200327306
3304110,0.6150040116617737,0.6134799235291583,0.45084881568399965,0.7307072368836179
3304128,0.5837624909986127,0.5806280695372057,0.44174226541867,0.643783088789725
3304144,0.7730230977767062,0.7725117734791344,0.5760951953482535,0.8355316045207548
3304151,0.6286495922811063,0.6318543436632741,0.4929163744560589,0.7130620077941985
3304201,0.49286662382537094,0.4920893327577009,0.36770067001818335,0.6030658667038867
3304300,0.5525911176025259,0.5549470950895018,0.3800285186261516,0.6639436249765708
3304409,0.6525515531323679,0.6500688813775755,0.5531904935098658,0.7001679653144343
3304508,0.5919393177028531,0.5941286060180677,0.45541653950150834,0.6323694770747428
3304524,0.575497206021943,0.5758784406573686,0.3762557956982604,0.7345530493867937
3304557,0.5941918892507416,0.5921975457230807,0.388466416022057,0.7107555418603457
3304607,0.4843901315053416,0.4846673054678712,0.36453567890509636,0.5781262352586668
3304706,0.5219137946328427,0.5253454083898267,0.38962615497758657,0.6157350823809171
3304755,0.46245115087264765,0.46619035300797845,0.35092256086070206,0.5757398554507316
3304805,0.39764097712616786,0.4019778806901901,0.30015697292685134,0.535829754031599
3304904,0.7289848147225908,0.7288125907456039,0.5214101973559834,0.8176310132256911
3305000,0.5135917734432522,0.5166864561623058,0.41138463929789265,0.6375664217484439
3305109,0.73552427573307,0.7338674171055478,0.5221936765122487,0.8213157920927726
3305133,0.5387599408105108,0.5389447999122409,0.40721113905593126,0.5771491376093357
3305158,0.332504615816356,0.33561069973459484,0.22717285784116115,0.41620220434873056
3305208,0.5434155549379515,0.5440600915858335,0.37635352756309387,0.7376095420874934
3305307,0.5382018998433747,0.5419147331222977,0.4253622733269058,0.5431452895251279
3305406,0.5698287142053189,0.5692581927295942,0.4485801460830319,0.6247251070406157
3305505,0.5423985625107961,0.5424852205530076,0.3947991479520299,0.6572288934986686
3305554,0.6722341335879429,0.6713611271270663,0.4385501412533392,0.7522066743118107
3305604,0.5643213687082241,0.5662353003133029,0.408634157877565,0.6560942122330384
3305703,0.4424627956342125,0.44362353518237474,0.37575659035000014,0.5063654337724447
3305752,0.7457162390177401,0.7462456146409315,0.572547718654597,0.8090434102701387
3305802,0.35839705669898875,0.3604508952569687,0.24609039388535406,0.4965159917871924
3305901,0.6280508656732035,0.6281904868757029,0.49767076630677676,0.661350394757496
3306008,0.6667256018540075,0.6678751016065206,0.5040015896834126,0.7398572873131162
3306107,0.6211289324672298,0.6200928161935351,0.48722416217105163,0.6854641695020893
3306156,0.450202801326272,0.45221069441808176,0.34521994877569906,0.4649555761375151
3306206,0.5133369971992817,0.5146226926675362,0.37368289951658684,0.6094090552543053
3306305,0.6514042703797261,0.6509741634718699,0.4526714587780623,0.7752109764245795
3500105,0.36571044825110244,0.3642350175773564,0.2811306380031052,0.4326614423991715
3500204,0.5163504091934294,0.5130623132137028,0.4219864574841914,0.524619962827766
3500303,0.4464671103167725,0.4444685985050074,0.35684610993598814,0.5006704545629451
3500402,0.35309277483082097,0.353682371111076,0.2731143242600798,0.41213629446293837
3500501,0.2311888849375941,0.23088432585712482,0.17360745446678982,0.3215907237169465
3500550,0.3630137491647786,0.3628953567911637,0.308173751058857,0.44702295244931545
3500600,0.20817134769419,0.20760065569793976,0.1607483398826373,0.31624452619185806
3500709,0.3835170132603303,0.38217990624606496,0.25964251941506433,0.502733263423389
3500758,0.3466770029889869,0.3484757920854326,0.2745805525958119,0.39993424466915956
3500808,0.4712511902642033,0.4696396847515449,0.39571960937097583,0.5284476947977933
3500907,0.5326909184117194,0.5303415411949105,0.4839200047547354,0.5715287984481238
3501004,0.4536140779203451,0.45293744338470243,0.3375822841458986,0.4861003092963656
3501103,0.40788983209253804,0.40494593171891613,0.33836346891400365,0.4883498326152798
3501152,0.5471340464118759,0.5444589144636292,0.4030539789875693,0.6250767274754097
3501202,0.33682944701565115,0.33717910085082997,0.2732320340558405,0.35572840873667105
3501301,0.48649771336290176,0.4866890096881355,0.38623856472352686,0.5311540222009078
3501400,0.5129048078503892,0.5133557235281864,0.4297048533816339,0.5569554028191658
3501509,0.5604339089698008,0.5580382373447298,0.46491886686327266,0.6065213121863284
3501608,0.4507047715477135,0.44775468360683796,0.3437933747841115,0.5609463501264614
3501707,0.5758553034747013,0.5750153434281114,0.4658437979999445,0.6240286192878716
3501806,0.28490614774396844,0.28647295093539354,0.23253605081394838,0.3323424657484694
3501905,0.2728116540873147,0.2728537205365713,0.20722361192554495,0.3422160252673991
3502002,0.2435341700546803,0.2431595164767056,0.18051733600555753,0.339248556220541
3502101,0.4536552489278749,0.45295262085470495,0.3645950490407892,0.5440537806459901
3502200,0.436959394304496,0.4377532781733167,0.3484361979359722,0.4928418867266548
3502309,0.33699778907708267,0.3356727426360908,0.25284662073458647,0.4010728578245945
3502408,0.4611754628919641,0.45960806488897443,0.3616507398176425,0.4871149523131995
3502507,0.37718081581850993,0.37722596035521655,0.266428092447951,0.46496466933926106
3502606,0.4946158437026318,0.49346936038335304,0.42649605508169014,0.49814310041791826
3502705,0.5255618348717621,0.5252156472510104,0.43638580921651043,0.5555040523713118
3502754,0.42818163527319797,0.42828186439549704,0.3070275219710595,0.5242070475788959
3502804,0.34900373264612905,0.3485180279850586,0.26533961632643077,0.4532446106525035
3502903,0.33430542699709404,0.3333742183538116,0.2591840159790654,0.41599067094309433
3503000,0.590143604543002,0.588472118913022,0.4932797965373732,0.6197612046422186
3503109,0.4462992801459106,0.44554943805388486,0.36915755686951,0.48046130518393443
3503158,0.4942323606321185,0.4918968069354381,0.3895125425290959,0.5561723959823214
3503208,0.4261007240316426,0.42532310076730023,0.32305348952566026,0.531685404609921
3503307,0.30189545816981384,0.30138769060750836,0.22788909525758103,0.44060828132364754
3503356,0.4002175707679826,0.3976122833812357,0.32533102063085884,0.4399721405095464
3503406,0.34885478333508635,0.3472530214490673,0.271165084504313,0.3982860492130573
3503505,0.5201883183485783,0.5192777723123293,0.4212500181382137,0.5570406844957981
3503604,0.4845051225504756,0.485064485430511,0.37925261377970926,0.5511076787921442
3503703,0.34926873255183416,0.34625248884919535,0.2657532190557414,0.39701578967299583
3503802,0.453021674372754,0.44953620425935975,0.3609524580853474,0.5485050668609951
3503901,0.4541716834417683,0.4525048128352543,0.3417464821639193,0.5565807240437469
3503950,0.44007486511808647,0.43894685162142183,0.40266919896465864,0.4614747690358098
3504008,0.40234758154441896,0.40108833402395777,0.30071397178435955,0.5225196153927202
3504107,0.26540287858936185,0.2648008044739026,0.19190694468181024,0.3570895448979861
3504206,0.5160743694353943,0.5121366084768864,0.41375228795329444,0.5381267028476493
3504305,0.4550419118634126,0.45365560601653954,0.3570093272603379,0.5311502292620142
3504404,0.5160685234449701,0.5143227631603282,0.4032880853171709,0.5762128173194695
3504503,0.3110104911294912,0.3098060574329994,0.2353512613570676,0.41455950184984225
3504602,0.41090802791203807,0.4078065175599701,0.3247054288820988,0.4541319032144176
3504701,0.3767115230336736,0.3734336740313246,0.2891233061353203,0.465139413411817
3504800,0.31720823107063956,0.31542781154587335,0.25506136801294166,0.3645712083405985
3504909,0.4732596543282661,0.4739563803734166,0.33871987922261876,0.49359498055441103
3505005,0.4073009853153473,0.4061844036395083,0.3426466825765495,0.4261597353460018
3505104,0.4138963413925584,0.4139297557514308,0.33348983516581504,0.44981688836347233
3505203,0.2595009451614791,0.25873322376785707,0.18679496943375717,0.3282077188568593
3505302,0.32591984925183004,0.3239926809476668,0.24315455441858894,0.40711413566226895
3505351,0.6265520142916947,0.6252513992764689,0.6055563027817578,0.6604013115931433
3505401,0.6322888843779688,0.6304026661094014,0.5800337582309553,0.6624544353110158
3505500,0.4135431120773508,0.4125097832962649,0.3074679540594641,0.48460049245681397
3505609,0.6169945165948227,0.6121633893574739,0.48965476147483944,0.6817374441663175
3505708,0.5515446747811497,0.549844074822422,0.4112396179503007,0.6212704300764942
3505807,0.2972559966258511,0.29707083815040397,0.23278231379709638,0.3977312176027504
3505906,0.35046956223279513,0.35037817493891726,0.27179618593224947,0.41916781516983875
3506003,0.42917770822830204,0.42817402371636953,0.3013187890454771,0.5373625350952311
3506102,0.3490771489774901,0.3502781295468305,0.276633329121595,0.42361093012793777
3506201,0.42242668105092207,0.41986589304891186,0.3365765815172433,0.5295904211495163
3506300,0.3412581715241087,0.3405943356262824,0.2599965058994711,0.442566309009788
3506359,0.45713264492489925,0.45569272092481655,0.34602646658999375,0.5455887127823912
3506409,0.2780875410320884,0.27753375039627376,0.21165317499327563,0.34420605441517677
3506508,0.331067976251179,0.3295102807572235,0.2544246414917346,0.4280754611168604
3506607,0.3169274605029842,0.3156285571539537,0.23897004303924232,0.40699019148486437
3506706,0.5591211757338216,0.5562724749513421,0.476294426859968,0.5797379247856553
3506805,0.2806369443489845,0.27901529148269116,0.21521692256491196,0.37994347218700497
3506904,0.4217514196319443,0.42084662441335413,0.3546337285974504,0.4813835461771217
3507001,0.3069806062960242,0.3068303941526589,0.23381418195539158,0.4101119184362645
3507100,0.3294580700602874,0.32704523708554434,0.25709499695329285,0.4050805996412676
3507159,0.46286959289853985,0.4613686746501986,0.4268660920329981,0.4810008753211871
3507209,0.48399300378201204,0.48084162960748295,0.3825503065028464,0.5213790990728329
3507308,0.48055369851906743,0.4796113635182522,0.33163736331855015,0.45226203476914123
3507407,0.3070423157846568,0.3070721266657994,0.2604860519117765,0.3752887940310777
3507456,0.3837231470791748,0.38302750540022257,0.2887745339645883,0.4461713756814815
3507506,0.3417254145677221,0.3405266299709316,0.2357842651234022,0.46849518919636135
3507605,0.27478538143796427,0.2738352522860937,0.1947405221480032,0.36459765773088654
3507704,0.31302994877168605,0.3135500516601218,0.2498190077974046,0.37539330622289624
3507753,0.6033353715546016,0.6013611058920829,0.5285434744126115,0.6351060461556103
3507803,0.3607571951489258,0.3583256764571461,0.2785764218763994,0.4385859634404598
3507902,0.28807738570146524,0.28747473183813105,0.22280023993869869,0.3870339414538491
3508009,0.37756920418049356,0.37776264796561637,0.3065655090205484,0.4267730629388274
3508108,0.43432704488591584,0.4330445104828991,0.36722814085915695,0.48486260304495205
3508207,0.30531820345683164,0.306862934180446,0.2424284198051697,0.3812919556102757
3508306,0.5473784964501781,0.5457051358095785,0.427262577386708,0.600422402577584
3508405,0.4791796322625632,0.4761926874461457,0.377820306879916,0.5399493469079574
3508504,0.33907702615554297,0.33901533249345994,0.2429137293048708,0.4548891708703386
3508603,0.5058477820179559,0.5046046147784572,0.3665564370273318,0.5955091374368432
3508702,0.41442786366413287,0.4171136381892468,0.3324149545707253,0.42936351171396564
3508801,0.36632339005579206,0.36419454929901,0.2841765072383359,0.44011276225691437
3508900,0.5900377167994768,0.5892881928597286,0.48910179299822226,0.5844459019316555
3509007,0.5138569424985369,0.5111225312679878,0.37970439335616674,0.6138842524057168
3509106,0.6215684068216827,0.6203316395306137,0.5255042322592702,0.6348828791363798
3509205,0.5626137199034617,0.5610578928783205,0.4265369876764838,0.641154481788218
3509254,0.488649019636779,0.48793375444564546,0.38512729216501174,0.5406655802375749
3509304,0.4510044630158918,0.44956453042571826,0.36940427426521166,0.49086618471304866
3509403,0.45668385301756453,0.45675778337817824,0.36375860001508703,0.4972687044589455
3509452,0.3925008162211121,0.3932102762967824,0.29449337436266165,0.4478897620927518
3509502,0.46817752236101423,0.4667955606062168,0.3514937369598803,0.5815212983466845
3509601,0.5301383560632733,0.5276075292118835,0.405895137052561,0.623901489788855
3509700,0.2722807277134537,0.2744591936046114,0.202133497531527,0.3368212482220452
3509809,0.3984551274951751,0.3993199230116737,0.315947356889874,0.46314803214568295
3509908,0.396230798494379,0.3956557972974686,0.30399219746585904,0.46428778628527007
3509957,0.3841543404217579,0.38665999247430055,0.26304471159136267,0.437932281477105
3510005,0.37824664208139797,0.37712915593370405,0.3058839543060147,0.43687192550423176
3510104,0.40342250529113843,0.3994022094347893,0.3424826672936456,0.44261702165018685
3510153,0.4313511045155381,0.43312062344841734,0.3175711935261977,0.476932475017149
3510203,0.3710695690230747,0.3709053196789925,0.28695401358190264,0.4407115971239384
3510302,0.3378788651585579,0.3365621386297457,0.2548755505886871,0.4022601990377767
3510401,0.3022514158270512,0.30101243079944345,0.22015975398972673,0.39629186885478873
3510500,0.3972734023740119,0.39655949211458336,0.2888374728747743,0.49917856191745735
3510609,0.5794797039680708,0.5770342696142683,0.44298324115251253,0.6586871216623066
3510708,0.5106993973116626,0.5085590118440463,0.43714440255264453,0.545788929437027
3510807,0.3294540151496157,0.3292196019978509,0.24061695018601092,0.4231249021589498
3510906,0.3398895870940765,0.3393513710928339,0.26287548779340936,0.36555516198952004
3511003,0.6334324690015563,0.632131149138139,0.5173913243799216,0.7032915943065267
3511102,0.32949243498298253,0.32725592404334947,0.2520882440232695,0.4274232300874061
3511201,0.4784906599983444,0.4723962336703844,0.3872814964928415,0.5285435428153561
3511300,0.3523519204058452,0.3504371284516818,0.25488138023830553,0.38428120592408327
3511409,0.310742823727681,0.3095194998918216,0.25311264585826593,0.39957636953133896
3511508,0.28076180620114577,0.2788965991056226,0.22005288372855936,0.36368517301402387
3511607,0.24583157476781448,0.24447039189810593,0.19429796358668563,0.3277511317397077
3511706,0.3258578552645498,0.32394669236363344,0.25565462167782993,0.4177994750037431
3511904,0.4055169553138033,0.4033047712343712,0.3255471774119905,0.4506702636288145
3512001,0.47764576037111606,0.4766834084922344,0.3818279801037963,0.4880665450958637
3512100,0.5038194534604704,0.5041269880400371,0.4063078931414508,0.5673575775259306
3512209,0.3258729439855474,0.32474433834560457,0.25226958576174313,0.39424391495996375
3512308,0.33553955170056926,0.33436913451869127,0.28144774562288916,0.42656282633712755
3512407,0.364908180439833,0.3634732075827336,0.2861456538131593,0.5022070149222518
3512506,0.35452519347038547,0.35393982168905297,0.30768576543708365,0.4683162474217039
3512605,0.5415922292568431,0.5406237783199797,0.4841442389889423,0.5671480213912906
3512704,0.24043150579671835,0.24063221092020162,0.18892822023114542,0.3215891980987238
3512803,0.5435383044760961,0.5395446563524795,0.43324758768873917,0.6576509044776508
3512902,0.36888525701317976,0.36877949134862514,0.3003148941095635,0.3797783587569525
3513009,0.4892900501388995,0.4872246856803097,0.36866357490092566,0.5680373745517042
3513108,0.28713247874984765,0.28793808438454593,0.20939503744125265,0.3563055855155232
3513207,0.3642438041339009,0.3635140755568797,0.281274941232633,0.39150079115131486
3513306,0.3811895600586539,0.37995918140551765,0.319285190156605,0.4196836617455173
3513405,0.38276471332674494,0.3837258904826542,0.2868341220534211,0.5067403195287868
3513504,0.6231918786780314,0.6222534560222305,0.4706909991671775,0.7104054829990799
3513603,0.5282211787633213,0.5269602469502227,0.43267070621035825,0.5708418039176829
3513702,0.24846566958957123,0.24800039785154956,0.18051953804694212,0.33584076107095434
3513801,0.6385118597770507,0.6356449983089547,0.5268930828116544,0.7255528508238052
3513850,0.4799937332513097,0.47964075213169705,0.40638061187139835,0.4890525881739354
3513900,0.29774710528136794,0.29848763794329125,0.23531551719044383,0.3197098462449078
3514007,0.47154154383110775,0.4696972185644055,0.4174649840902444,0.5536926282706358
3514106,0.2800310601866918,0.27884933352626295,0.20868167392206696,0.3597846580053777
3514205,0.6046580724310384,0.6045872511258799,0.5431762186677548,0.6291045458794655
3514304,0.32833029875889014,0.327931832203239,0.25540357132990504,0.3820502415474867
3514403,0.37459015931885586,0.3727896820268412,0.29656250700615056,0.44651889103281833
3514502,0.4062348367712081,0.40458125173450893,0.31384689571769847,0.4742139974745785
3514601,0.3791457351705403,0.3772408193214092,0.2930145713701719,0.41934134482781915
3514700,0.42252064428234276,0.4213988479609254,0.3293839225596362,0.46167260846129304
3514809,0.52925329302869,0.5284960969953726,0.4583779169399795,0.5644632457813887
3514908,0.46125257893720484,0.45979249415160434,0.36910978647405096,0.5201787274912467
3514924,0.48261125386646797,0.4769964060894285,0.3965308549272337,0.4946299475613544
3514957,0.4052587846656644,0.4033593379298148,0.3311457477278832,0.45026715974556203
3515004,0.5361290890865062,0.5337797082080467,0.41947103317772577,0.633981973625262
3515103,0.49583850087572046,0.4931601137588406,0.384473543869951,0.5623526828664925
3515129,0.5621105913287768,0.5631299670011454,0.4898371170913629,0.6080503661300495
3515152,0.533475612735269,0.5303608168161912,0.44558006306252623,0.6216607715655869
3515186,0.30613984874671013,0.30575273044667545,0.21182244998761193,0.34008058065980395
3515194,0.5205859245254969,0.519013368601613,0.4643581047657641,0.5379556347438238
3515202,0.38320333423573033,0.3818923542802708,0.31347043089263155,0.4453081364249614
3515301,0.4272367165686709,0.4281738085165119,0.3133066614297189,0.4347789685151831
3515350,0.6308556264621977,0.6313998722542672,0.5446530607556296,0.6463600947372953
3515400,0.3765186507895618,0.3760368025052179,0.2902435456448447,0.40891340148028693
3515509,0.4847473197718663,0.4818836499163,0.393509020525501,0.5218144788884197
3515608,0.42285654363953,0.4199382243615671,0.32882291078746334,0.4244927070176641
3515657,0.40684854997236847,0.40755594064811634,0.32319941589581397,0.41857617760534255
3515707,0.6018199293958881,0.5989087462927419,0.4543199819224326,0.701035467757635
3515806,0.5589847191138294,0.5574914410208528,0.4381369866070361,0.5775622377815569
3515905,0.4305612080696314,0.4278082212920189,0.36634986429143135,0.4610748809430274
3516002,0.4932677848687871,0.49165296638116723,0.4148133596037799,0.5284417177404848
3516101,0.5250536212472443,0.522433549924285,0.4225023464033089,0.5497929229186519
3516200,0.36100821574083786,0.3599301988554083,0.26838640386078866,0.42481878758210034
3516309,0.6529779668100213,0.6507181915778247,0.5180665907044096,0.6939825005937011
3516408,0.598441112553951,0.5951684246110968,0.45886659785252726,0.6731349276999947
3516507,0.22359398126513474,0.22301774505576,0.16939029553686621,0.24907343182592015
3516606,0.41489212203055004,0.4151326278447481,0.3322584914691012,0.456175758645258
3516705,0.2745592197309057,0.2752797239350082,0.21214578467077203,0.3694433508930837
3516804,0.541586756588774,0.5378560322523288,0.4774786407918561,0.5855038391756855
3516853,0.5320227862742579,0.5328056143516792,0.4205425208495723,0.5661538196743143
3516903,0.4203207285578725,0.41650459326830247,0.34487908206066104,0.46814077039710345
3517000,0.4195340534344336,0.4181156765092194,0.33432642025510734,0.4605956477610878
3517109,0.4883282364852951,0.48584130597483294,0.40620550790766724,0.52487255862332
3517208,0.4903464742119135,0.4876060176301029,0.3842511083078088,0.535997662281324
3517307,0.5068990523812933,0.5068015237658346,0.3933868168964514,0.5154587757004414
3517406,0.4277593481069776,0.42635190257254213,0.3564313530044822,0.4452997361257762
3517505,0.44705527519793986,0.4444936896130847,0.3563939844963913,0.47256342427892317
3517604,0.5507381138264713,0.548416600080532,0.5006337456760073,0.5682794548270884
3517703,0.5729121458951265,0.5718541665531899,0.5005531512768443,0.6002633283159334
3517802,0.48491764665844556,0.48232251054550773,0.39890682809131234,0.521120035329062
3517901,0.5346234332600934,0.5331387194033635,0.4353994719582326,0.5331513865584537
3518008,0.5315081970628748,0.5312007794076813,0.4535577728123026,0.5512468603201994
3518107,0.41870724822292293,0.4170833188553103,0.35509638611853034,0.5336899391044678
3518206,0.3803668575324377,0.3784849755420794,0.2956205091191325,0.4463561452054308
3518305,0.3621674036552056,0.3615482109076123,0.2916886192142833,0.48099423647598494
3518404,0.3726313741096784,0.3723871308653215,0.25552824922096234,0.5103409563118427
3518503,0.3620765013997535,0.3622413017999708,0.29567579694491475,0.42119712611731636
3518602,0.5018159777178917,0.49930970661634483,0.3982095418265967,0.5673420537169446
3518701,0.5740358004764925,0.5730642123953649,0.4230996820814827,0.6658521946817771
3518800,0.46481422278809925,0.46283063755757037,0.3562859619810192,0.602269006775889
3518859,0.5651416142023731,0.5635758011636004,0.4814515169521291,0.5871781057245176
3518909,0.5636192233088326,0.5614521653041386,0.4446524508075161,0.5353315902173895
3519006,0.5049756846542155,0.5021983564079197,0.41881108200750083,0.548070940630898
3519055,0.3592559021366012,0.3597042629366453,0.2652039698999042,0.39639079980471603
3519071,0.6677984554564927,0.66549640477661,0.5397067355881869,0.7575501735689417
3519105,0.3200563270975403,0.3183051772491131,0.24058894026718958,0.42519925441079226
3519204,0.3637105355172583,0.3617667123357841,0.29746671723952656,0.41047716593638944
3519253,0.5457271053377061,0.544729641370728,0.4826445652679963,0.5922732061591628
3519303,0.41168986854440304,0.41109939914667165,0.31895081174557466,0.5214788723702425
3519402,0.2975610897828959,0.29784035856204333,0.22814822567019277,0.3298242651564957
3519501,0.33162476378294486,0.3313018538102021,0.27688732126962506,0.4103420743999194
3519600,0.37735820703411715,0.376885141145455,0.28745707386230085,0.43984921064842775
3519709,0.242634141218031,0.24326224729273369,0.19621145132461418,0.3163999244671248
3519808,0.5157707300317462,0.514601362675565,0.4150769519954165,0.5477272473007266
3519907,0.32776311346415643,0.3294849870857362,0.25926593532751085,0.36602433452443667
3520004,0.47261017861526766,0.470619519059806,0.36865312696138064,0.5280091884039099
3520103,0.519567785960585,0.518765397695535,0.41731241261851887,0.5871606249552563
3520202,0.3674274092794566,0.3637695566239756,0.29609140842485243,0.4511571666502056
3520301,0.4592185967134904,0.46017154202784877,0.37140682047997853,0.527858699968058
3520400,0.31930010939120496,0.31979738974407024,0.22355343668055191,0.4386361010861226
3520426,0.43096485500154685,0.43058166037110457,0.3383928843137574,0.49787904962543544
3520442,0.4991504276498512,0.49666071814354673,0.3696831334166679,0.6226430438529265
3520509,0.46152638271600877,0.4586366819884217,0.3565597154690669,0.5737257469136571
3520608,0.4272580936723539,0.4254018140898968,0.33004482155822007,0.47894929860717017
3520707,0.49492975805352474,0.49562422845342075,0.4278489737316738,0.5270717071138223
3520806,0.3271546336523314,0.3265895703756966,0.2566762763301805,0.3636659498767955
3520905,0.3460846363610697,0.3448018871459297,0.2511803089430363,0.4231506523210498
3521002,0.523818243702009,0.522159959542159,0.40709203049353476,0.5816919286155356
3521101,0.34013691218861897,0.337965183744186,0.26208471430796637,0.4404146482442956
3521150,0.35826190384244533,0.3573989922377294,0.2921409679287406,0.39068060048399395
3521200,0.6784528776007155,0.6770864729675052,0.5799254974413899,0.6752177524582054
3521309,0.5301318544452254,0.5305421457764904,0.4608795193586483,0.5476821309168899
3521408,0.3787445769254043,0.3779042407151619,0.2862061188992765,0.48620545406650645
3521507,0.371503147233845,0.3695697097529694,0.31041137424562315,0.40254410380434197
3521606,0.42181214848287685,0.42167272447906007,0.3509168747059896,0.4871036557025577
3521705,0.5113474314068518,0.5102238223181349,0.4436670592190897,0.5182766143210986
3521804,0.443462329100611,0.44048743764650206,0.3695024411898198,0.4856118621703676
3521903,0.27060460105253026,0.2685553060283083,0.2179411336248278,0.31101789142163266
3522000,0.3015571383554498,0.3023489495836434,0.22422371049070097,0.3679098248377097
3522109,0.43193595237438476,0.4309467773522493,0.3345958685185924,0.5249898947699408
3522158,0.5862375653589054,0.5848500986636153,0.5309934483854647,0.6130203821460374
3522208,0.5546703791664831,0.5520963547554737,0.4297089285905873,0.6218998414390617
3522307,0.2985070366657497,0.2979961985224619,0.21238677510961487,0.42387833226018207
3522406,0.33937365298483774,0.33923926008423866,0.2754021931511004,0.4174873767065697
3522505,0.6374461252251282,0.6352530307747483,0.4987537592416393,0.7016208219990814
3522604,0.28429474484596384,0.2846539593584351,0.1909686825307035,0.3628568623655075
3522653,0.5487350637560016,0.5485884953718939,0.4916720103907499,0.5603820354992844
3522703,0.34007798314213306,0.33743060207463066,0.2789486989160693,0.40274596693739956
3522802,0.33483117190364975,0.33472269940105,0.29100749752460103,0.3826685499984543
3522901,0.37018209641862376,0.3695126642278388,0.27407946295630775,0.41830387485073556
3523008,0.7122562740703094,0.710040940501758,0.6049641701717827,0.7274168632626141
3523107,0.6133904521161936,0.6115331007032422,0.47695644033558815,0.6870900383350759
3523206,0.32988556758990484,0.32894318081299845,0.2605827751428178,0.40394719402445106
3523305,0.41184475878214527,0.41220570604371476,0.33069731691667753,0.48325625360252955
3523404,0.2928815294891167,0.29106230969694624,0.21345124930881387,0.3858557101105206
3523503,0.34285330073927145,0.3414539961701926,0.2520929414460165,0.41416243012191467
3523602,0.38225777953143647,0.3815465837153748,0.309218802226018,0.4583028717039905
3523701,0.5295363700232194,0.5279891117339464,0.43515282105022157,0.5307599652508919
3523800,0.45808592126051717,0.45669723623899605,0.3530919354961735,0.4764525192696194
3523909,0.36841551241352166,0.3667400085396822,0.27216049622665917,0.47845012761378763
3524006,0.43237684196175813,0.4307969756965982,0.33992437230095524,0.5207481794219116
3524105,0.45894311896580253,0.4582813997089352,0.3736677930968824,0.5064091901153996
3524204,0.5960579291091382,0.5934062769446492,0.5007405542380253,0.5991803434700484
3524303,0.30114019944240117,0.3007773540009168,0.22063369645133957,0.40664290862477054
3524402,0.3830752384932047,0.38118510672018485,0.2863174199711019,0.5120887644962594
3524501,0.44586212828827754,0.44252225934943773,0.339842854564585,0.4264424324338651
3524600,0.3782632326909272,0.3793602315171438,0.2841065487115615,0.43487104200896837
3524709,0.37722927181117033,0.37601713133446296,0.29764847305207726,0.4715928991513554
3524808,0.3963143027411403,0.39524418475252143,0.31960964162057476,0.44787418953111
3524907,0.32584340476664936,0.3254723199735879,0.22619961493494709,0.420559025380441
3525003,0.5340179413019271,0.5324628443085023,0.41570030702145866,0.6215587183374357
3525102,0.3672488849217346,0.367083533115342,0.2859292161597862,0.44812790843528133
3525201,0.3709646744743669,0.3699044027677183,0.289660935273838,0.432670409014267
3525300,0.2868903957518227,0.2856784080280181,0.22144773317669322,0.39424128078326065
3525409,0.5182272268455529,0.5173316713682673,0.41338405543851087,0.5165829137858841
3525508,0.2770390024805489,0.2740274946511468,0.21850647759776823,0.3298512894036874
3525607,0.48295456685955573,0.48304418216608,0.37757048325587267,0.492773832249644
3525706,0.3607987175098454,0.35948641268240483,0.2856722555886733,0.41233609314587216
3525805,0.5599954559710749,0.55804637248903,0.45295859296965285,0.5706794148093631
3525854,0.28799934656000664,0.2858331153139622,0.21523825092761037,0.3414520316472384
3525904,0.40578466529721857,0.40381765680606735,0.30477102052517085,0.5086869420497795
3526001,0.39697408040027937,0.3959253285347948,0.3259160293255143,0.4701758923185005
3526100,0.4056163307142931,0.4051624402135747,0.32792545791403427,0.4739125227624199
3526209,0.44249547274456635,0.4429018110253184,0.3590678125335865,0.5110270171543769
3526308,0.28827589367166606,0.2901153280260994,0.2281436681717508,0.3484576922572377
3526407,0.2349837864250392,0.23468018640469782,0.19075979502171414,0.3070138910768239
3526506,0.5544570084398566,0.5517716711174572,0.47810495193371755,0.6001540552312153
3526605,0.4236596492297473,0.4240720461149396,0.31999627387697943,0.4692694876422394
3526704,0.4130947964366178,0.4096000740193417,0.3227362001623414,0.4973600819589435
3526803,0.28872368011757155,0.2886936316699988,0.2029775371233629,0.4113729955847316
3526902,0.4013499208906399,0.39906208244716107,0.3054379687043902,0.5421427824164907
3527009,0.2211126805110739,0.22139925884194547,0.1578947969079958,0.28919953443207697
3527108,0.29839567324770216,0.2965211025931397,0.22363648236782022,0.4179106175654476
3527207,0.37130073113006523,0.3720497170067776,0.24651477846573763,0.5047650455178673
3527256,0.43044186445308585,0.430415040774128,0.35408503933953034,0.44323331523930326
3527306,0.37590992333438833,0.3749664909740152,0.28804370108177635,0.48574339299715547
3527405,0.4206795319422545,0.4195717178409164,0.34566661789915587,0.4733065890592722
3527504,0.4808671339965953,0.47993346818621546,0.41896069136113595,0.52380746988855
3527603,0.547107608818697,0.5449519611659571,0.43249618354779873,0.607841125439288
3527702,0.45549517831613096,0.4518152027013744,0.3714256061925871,0.4696337522536527
3527801,0.5222954898440864,0.5197992278401379,0.4186448742041793,0.560713420653104
3527900,0.4666008832720523,0.463124506246441,0.37502432281890363,0.5086895675370792
3528007,0.4038157381238672,0.40264633219151075,0.3163509612031193,0.511472462954389
3528106,0.25775064750907756,0.2572976813693078,0.20893861356692575,0.31738393718467756
3528205,0.498388217825364,0.4970917028519783,0.38939573683834733,0.5168865954282583
3528304,0.47166018526585984,0.4683337760445146,0.3779416765515751,0.5169217369584511
3528403,0.5074955203859649,0.5051511935552718,0.388961529108843,0.569119392002242
3528502,0.37142831730206083,0.36954746049324055,0.27266680724329795,0.46037038243462014
3528601,0.34393301025182765,0.3418666650618334,0.27186931823004556,0.4110485825931601
3528700,0.5314635685971996,0.530685560965245,0.4398848410132669,0.5581938529628623
3528809,0.49090585608753645,0.48752660679527965,0.39586119868182906,0.5585275940140647
3528858,0.34263909574970525,0.3397214659407413,0.2887270298519238,0.3725738130073661
3528908,0.5202270215179348,0.5195744984887626,0.4245378552615902,0.530518769670491
3529005,0.33132579431523146,0.33071909537481087,0.23655622966997222,0.46509707001839845
3529104,0.46026519887778217,0.4601965654538462,0.3883598001565409,0.48252489592624276
3529203,0.34829934394957063,0.3493667516549586,0.2728778790283621,0.42308406636357176
3529302,0.4216451516631398,0.41961202441149864,0.3368339497923256,0.5042227249175135
3529401,0.5443376060133016,0.5417871846748885,0.4330270770147486,0.6727274686438518
3529500,0.4773953692228675,0.47377905984440377,0.41470402988082916,0.49591395538545174
3529609,0.5105931863437052,0.5105717166915151,0.4330593383693751,0.5205254491842269
3529658,0.42825745539651744,0.4266336678959462,0.35776773181279803,0.44595874181116285
3529708,0.5225804082966444,0.5221875934764829,0.44133065209547495,0.5329571622198231
3529807,0.3645577286875797,0.3632729867806804,0.2823648384822896,0.41562634038358004
3529906,0.4717802097353274,0.47232643413860087,0.3909381459598898,0.5076424474928601
3530003,0.5603519093349888,0.5604849402866737,0.4934343764241827,0.5885210782441351
3530102,0.4315091144994876,0.428346406500737,0.3359995284050659,0.5281017950486323
3530201,0.5631907466292772,0.5616052381858413,0.49134596433861094,0.611840250888155
3530300,0.3789676028208504,0.37780396552594847,0.2917833672546228,0.43162253168928605
3530409,0.33891369597533616,0.3389472077170527,0.27742708291150875,0.3859424338818327
3530508,0.278750958147364,0.2815581834756249,0.19777335923356465,0.34533543443922343
3530607,0.37455186129182994,0.3741553618066929,0.2782381884357183,0.5054427026708225
3530706,0.43239979261332906,0.4308690850147962,0.3325503705973437,0.5286265933714359
3530805,0.27469517205605737,0.27490353819699703,0.20073788302906959,0.3959770748746503
3530904,0.3512078993641433,0.3505915046737065,0.2583657052078281,0.4012559089735957
3531001,0.41804812891828436,0.414441889949093,0.3309897111742916,0.43281760668625363
3531100,0.4602624908669801,0.4592025986489443,0.3709019653938686,0.5558268737106483
3531209,0.296560243022954,0.2952181494340216,0.23614671656646333,0.3417564958981289
3531308,0.33987958326768647,0.33751754520322375,0.26850845740685,0.400472271422069
3531407,0.4043820612060848,0.40103877677269034,0.32405498251027387,0.45094846623389834
3531506,0.36757320387431713,0.36709615878678187,0.2894867486299029,0.40080827156771387
3531605,0.6199054303738728,0.6168375280324473,0.5541360425524315,0.6555368267858112
3531704,0.3845021191490768,0.38501732644126635,0.2780142480743766,0.43036130727421035
3531803,0.5868131081196661,0.5849667908314161,0.469003738328214,0.6630440535164096
3531902,0.48593441553321043,0.4863150548303568,0.3898682795626313,0.5295763731934536
3532009,0.2668482952396521,0.2671626331889912,0.19304296355947767,0.30178912186495593
3532058,0.5177248182327263,0.5191184915371567,0.44325220523114667,0.5841941688399483
3532108,0.4549680435379374,0.45338385183241253,0.38250060976241795,0.48708799701530064
3532157,0.5445052564563676,0.5440422599031766,0.4389351191654692,0.5253154553562154
3532207,0.5167158892096608,0.5173470813901249,0.42542218648298097,0.5253525364317296
3532306,0.41107011103739577,0.4131356989668474,0.31546256356200064,0.4614276195907608
3532405,0.3534771032555263,0.34881176739938663,0.28418019342299666,0.4119765888919497
3532504,0.43897749627081256,0.4354413119760878,0.3460548867936495,0.44152872218785677
3532603,0.3139973915898667,0.3111871372080683,0.2519695916198212,0.36395134337465046
3532702,0.4301435785180196,0.42611585366316057,0.32487088020543237,0.42409885571150435
3532801,0.41658117156825064,0.4141519899580089,0.3295625370881153,0.4427316611197584
3532827,0.4532746749239429,0.4565227132264713,0.4190619959806261,0.5060895782926861
3532843,0.5493251014405883,0.5496216613036821,0.4566265089669936,0.5358709252750194
3532868,0.38623090861440534,0.3842510346213777,0.29102156708064636,0.3886282124144654
3532900,0.51333388089335,0.5132766442742719,0.406708258894349,0.5318399275942198
3533007,0.4510985234146756,0.45053241630199664,0.359592068083312,0.4839628865027377
3533106,0.5913197759231339,0.5898103419791907,0.5594140004936162,0.6509967243690563
3533205,0.5172129327509338,0.5145918606280285,0.42291643073902957,0.5773624145550337
3533254,0.44849624714122127,0.44683652687193964,0.3684005348664717,0.4776996623209764
3533304,0.47202129230751944,0.4710746567097182,0.4070178271998359,0.48015900179340515
3533403,0.5600139297761964,0.5573605957624753,0.4306914022599442,0.6552309690297601
3533502,0.37539120911518487,0.37394481866955304,0.30064381699036763,0.4512707922354906
3533601,0.3197637696664676,0.32101910082229956,0.24486921456040048,0.3698725789271085
3533700,0.45655863973578314,0.45677934592068886,0.36094404057652385,0.4919410411860947
3533809,0.30632367384715675,0.3055020807485551,0.23280797746133328,0.3624645099487953
3533908,0.3803443190406993,0.3793693667066865,0.29016212476302217,0.41654509630446923
3534005,0.4980858160970289,0.4955819232188888,0.3887892621256299,0.541292977153866
3534104,0.40909657002326183,0.4064414628412211,0.31052621579494066,0.44406418279037974
3534203,0.42370259078543854,0.4225088706642984,0.33645685408505493,0.43309200612974225
3534302,0.3509541946292549,0.351057620740322,0.26463771865332825,0.4075111539323602
3534401,0.5160635337178268,0.5135202309123894,0.3928352488216684,0.625889624826748
3534500,0.3103099191559475,0.3084971866923402,0.2525090046757951,0.3464595780896976
3534609,0.34299855482933217,0.3414924282527176,0.2635047966790029,0.4008610437304138
3534708,0.39059134617006486,0.38923622566481647,0.29010044873619395,0.485482863900565
3534757,0.5291883403855984,0.5268387040470907,0.4402204315827279,0.5773349130230271
3534807,0.6103479429118002,0.6079152825975546,0.5333722222947259,0.6312823655252796
3534906,0.38343756482191593,0.38318990115557033,0.3297246513629463,0.45552622526205483
3535002,0.35681866086809405,0.35715671591927506,0.2915492663092198,0.3809229129042327
3535101,0.4992332964011437,0.4924976241890166,0.42095375254071893,0.5353914347740844
3535200,0.5100135793294177,0.508339058442063,0.43442041732139347,0.5059189101198036
3535309,0.3600242698176351,0.359433176022079,0.29865089239549353,0.41719253785863963
3535408,0.4800798949047407,0.4777144507007301,0.41690591326465526,0.5164627548923808
3535507,0.48781607808825034,0.48675654048811784,0.40427103490730354,0.564004534144081
3535606,0.4333663132535249,0.43127491733892076,0.33520866163968877,0.474181280243261
3535705,0.4051955127131237,0.4006521333480244,0.3367065682894965,0.4497560056759871
3535804,0.4986977022374849,0.4978842139112835,0.42998034605313623,0.5177806561246964
3535903,0.4404221792592731,0.4387276292633943,0.3885375396016042,0.4653616935122777
3536000,0.43494889458195973,0.4337900580694016,0.35351842623599716,0.4834544597140449
3536109,0.36522633549793493,0.36400388666014033,0.2790744587235187,0.4099457287420018
3536208,0.42121807023924696,0.4205377184224412,0.32132829642504773,0.4546983251163892
3536257,0.3534035411225267,0.35255899139340596,0.27766116489802734,0.385540470885541
3536307,0.32238041058337413,0.3219728214471493,0.25918726657463753,0.35715564447122433
3536406,0.49462734052584734,0.49263197304798334,0.4454839521813094,0.5532371398250372
3536505,0.5078290017782072,0.5046995931716437,0.3734946819665113,0.6350644303808842
3536570,0.3329633769645951,0.3296639587474433,0.2642360178407162,0.3925557547373116
3536604,0.4659220464675866,0.4633789149467753,0.3878887444142967,0.47273826147867765
3536703,0.4422631039541445,0.43966217368907023,0.3250862864637107,0.5300717926810287
3536802,0.4159220370416996,0.41296592156545936,0.30511077829819766,0.3767129092775306
3536901,0.5258490057330524,0.5258181462804523,0.471183789005325,0.5481464816688103
3537008,0.5230911504221973,0.5216084084579623,0.43016750529430414,0.5293452499741779
3537107,0.3715788333071977,0.36936058790221055,0.28764681833781797,0.4346987073818092
3537156,0.39708184261673396,0.3971154333910232,0.32729437796578914,0.44603823349807525
3537206,0.5119350513564209,0.5103502487012425,0.3952427209441325,0.5961409341089445
3537305,0.41994376222614715,0.41809172613320406,0.32903040246213533,0.5011457629420181
3537404,0.43199928661667975,0.43158388628028094,0.366005514834223,0.5079885640826182
3537503,0.35399478887278346,0.35276414621021585,0.281556255979394,0.398225518582513
3537602,0.4026330767042954,0.40241896202123456,0.31588710502999134,0.5040811994606536
3537701,0.35141732838060186,0.3518106069001296,0.2919660672618665,0.4001813509308869
3537800,0.32234885169481997,0.32334027360424367,0.26587810056058636,0.38879858639416226
3537909,0.3495304833842759,0.3484550114314811,0.2883658244500323,0.40523071185919796
3538006,0.35307732302702743,0.35276772691973995,0.2522679677855351,0.4720186766070837
3538105,0.398008821577707,0.39516057415192435,0.3248468687826435,0.46162180409325715
3538204,0.32578297928195293,0.323288373019565,0.24346766042954893,0.3554217898971106
3538303,0.625690964247807,0.6239680473319121,0.5206755723005603,0.6283625962496261
3538501,0.35936540608405176,0.3575451349079803,0.2294625303048463,0.5044680080761771
3538600,0.2792301805676684,0.2774985957221904,0.21552190500293542,0.33981791897646013
3538709,0.3440929486109376,0.34325668245023855,0.24670434169436617,0.46638546172330214
3538808,0.3568188860096122,0.35499846998318035,0.2631173889259871,0.433873554831282
3538907,0.3502811770023824,0.3488127337714779,0.26742071973754344,0.45606292759716666
3539004,0.32022934123981456,0.3178922124077233,0.25245977196160224,0.37512839571855405
3539103,0.5091500212588251,0.5080460643192959,0.3809300667232665,0.5507432386966346
3539202,0.4559886631614277,0.4553510730232793,0.35193009152282895,0.5347236946698151
3539301,0.3007859591058551,0.2991823014764198,0.21581973443188163,0.402447762458189
3539400,0.35174936552479225,0.35033757590708214,0.2544465292372355,0.4374281227613021
3539509,0.4563549967956302,0.45416311449753666,0.38257388719936736,0.5134845675757933
3539608,0.4890157475273123,0.4874572226251522,0.3899526277133632,0.48972508493341166
3539707,0.45417220084984683,0.45285201094278366,0.36849620187628074,0.4737338222382057
3539806,0.5470960006474206,0.544594327315143,0.3987807874515626,0.6616066607300896
3539905,0.32720791686066997,0.32551195752315315,0.2606607389839562,0.3762285410927168
3540002,0.27823366316007714,0.2767401879018195,0.20905806784355188,0.35723807339931235
3540101,0.3008897974816838,0.3010108484868728,0.24677521813354097,0.3681476585196653
3540200,0.47519640135854774,0.46993961420503627,0.3855704907866894,0.5215107502485145
3540259,0.5166072670099611,0.5142086841826616,0.4583194818129422,0.5438731996926855
3540309,0.4337422276246764,0.43123954638536904,0.34004332874068427,0.4623504089416966
3540408,0.5176066917792351,0.515767809953373,0.43040216493433214,0.5243743197823587
3540507,0.3875056482801199,0.3860946374328566,0.3311571945421558,0.47405618839929886
3540606,0.3629870896046733,0.36199133034783565,0.2942468626118951,0.47507941174790475
3540705,0.30794019988596316,0.3071715771566328,0.23197381849591758,0.4238010661480169
3540754,0.44415883856635385,0.44490265070776114,0.33027168610646607,0.5165987789428778
3540804,0.36134593440273555,0.35891526392689727,0.27660539069345425,0.3813577259282323
3540853,0.43993044623863997,0.44138523372514316,0.3821686434762548,0.4690647584245708
3540903,0.4981869499907682,0.49658046006319584,0.3979075790838292,0.5401373797762435
3541000,0.4607308553628682,0.45927936949822046,0.34609658484694505,0.5628347496741216
3541059,0.33373443710208195,0.33414368941677924,0.2694169748604874,0.41521326128390007
3541109,0.40309036540785625,0.40202234101573064,0.31282710108215134,0.459406498996286
3541208,0.4405527617110194,0.4403168775418765,0.370996166235684,0.48050691724704336
3541307,0.49409341235428084,0.49264494229913575,0.3919384787714761,0.5698345975348019
3541406,0.3776022231571379,0.3775961224328075,0.28564839411420534,0.484966284082258
3541505,0.3595403237839866,0.35932956657866627,0.2853110714382253,0.4571979688777807
3541604,0.5330014432848207,0.5297229371558588,0.44403536256551995,0.6017898681656942
3541653,0.29639266711677914,0.2972661693485174,0.244538995564479,0.35123942034115463
3541703,0.3758563051868374,0.3755596741949936,0.28786961298242764,0.4517945686109346
3541802,0.5282709693579126,0.5210396909768127,0.4835400430740842,0.616700434906847
3541901,0.5394602975070683,0.5390427068445409,0.413075412263386,0.5508690279888514
3542008,0.43164712088130774,0.428816997374667,0.35237876202057966,0.47264725678468883
3542107,0.33948430450272427,0.33849505915413336,0.2624351974075276,0.4178489934777607
3542206,0.3995077912307329,0.40012924064227445,0.3101142905927304,0.4616191076867134
3542305,0.3614172084614645,0.36124242459164574,0.275404058774067,0.39598963417513783
3542404,0.3603141511035535,0.35981666676059465,0.26703522294503595,0.4226833836031878
3542503,0.2919636570926289,0.29142012211005625,0.23317705348421905,0.41878949594413467
3542602,0.39915007942570335,0.4005204510277181,0.306354693231013,0.45947464292515
3542701,0.5528067035954188,0.5514683838568993,0.4627163352480152,0.5782606531518311
3542800,0.5469167489416223,0.5473433485479459,0.4798580164149961,0.5916306893494268
3542909,0.39120826557511124,0.3911673837335646,0.30727081812838386,0.48413683070237656
3543006,0.5389148833391624,0.5357720330310773,0.5122564506724542,0.5796473895680514
3543105,0.4053706370841319,0.40379087493396604,0.3575442687047614,0.43679376942094644
3543204,0.5291641866829968,0.5272439925014852,0.4740822312346931,0.5540693493596761
3543238,0.5358238916346516,0.5355696828596309,0.4453174419290475,0.5359591323544187
3543253,0.5731994011705193,0.5738190250587851,0.49373485361998676,0.5862393894554736
3543303,0.4620552427996537,0.4605972482665497,0.3523202480881656,0.5793822693040763
3543402,0.37226887230300454,0.3714708093722902,0.2677080271134355,0.4832938967657065
3543501,0.5137381448439955,0.5133954571149543,0.47054305193373763,0.5655135575790097
3543600,0.4534858058092286,0.45268884161051975,0.35613223943933936,0.49604644563548855
3543709,0.46378866003235486,0.4641288583564271,0.388119015627308,0.4958103787213699
3543808,0.31829548671460106,0.3179811648880717,0.2661235190675172,0.37474463939009467
3543907,0.3277174056848251,0.3266393709606055,0.23618390036869494,0.458224157036128
3544004,0.4064516520538355,0.40517808825781915,0.30837519616849696,0.5215602355701124
3544103,0.5497363663977751,0.5495065335030797,0.42644808421829944,0.6350693400438351
3544202,0.4172759291842087,0.4178001222344858,0.35647023375869785,0.42873764653000657
3544251,0.6558951290898705,0.6553528465576893,0.5670501268508236,0.7060985778678904
3544301,0.36772375078347597,0.36911501705060473,0.2715809919010749,0.4542538155552493
3544400,0.3647118306620894,0.36239462229502045,0.2869263829029978,0.42197418835928596
3544509,0.5177724173129189,0.5162986854492834,0.42834696039350445,0.5444119410724306
3544608,0.5619865748641315,0.558560794941204,0.45014297292572825,0.5734937987692831
3544707,0.4783189798905797,0.476361751543993,0.39267504261126934,0.503082440376292
3544806,0.3300419958274448,0.32978808732104875,0.2429053053591416,0.3617150341967899
3544905,0.33596277621577997,0.3350922048968228,0.2800408347230672,0.4064351204039453
3545001,0.32643911846248935,0.32585057743261364,0.2524299734453033,0.3911023095943949
3545100,0.4101127972592312,0.4078654725258066,0.3425895109283444,0.4384111779073184
3545159,0.21783926593620057,0.21722906891029403,0.15991448861618232,0.2966109501675156
3545209,0.48835044746563105,0.4851213725084671,0.3915333532650753,0.5794535413036993
3545308,0.42557089161588685,0.42426502742530375,0.33982508313693893,0.5108550344890997
3545407,0.39076661478621055,0.39169809597782734,0.32255084947065177,0.4473353325351755
3545506,0.506164167907295,0.506865403711661,0.419869930888203,0.5543855488611237
3545605,0.3920873933413682,0.388580294870438,0.3098685128332996,0.44063802878758224
3545704,0.3866963865005673,0.3853476855996936,0.3486780214117027,0.436707687263794
3545803,0.5612341453181505,0.5576514612024198,0.4364518326521693,0.6403982682185588
3546009,0.3485184957720069,0.34710538677220065,0.2632154567705704,0.44285630405443527
3546108,0.4281324378043251,0.42633743677686403,0.3621908883533172,0.48435179470595546
3546207,0.35544384164624987,0.35173520798204283,0.27319527420703693,0.4044053744174277
3546256,0.3777422914804438,0.376603545128273,0.2760080478637295,0.385953670467053
3546306,0.33468787320856236,0.3353363046666011,0.2724781681639858,0.40572784998231937
3546405,0.25580364674494005,0.2568725423660812,0.2018006605847964,0.34707990669691235
3546504,0.5177573727805116,0.5132626686472909,0.42008815030660007,0.5511216172732705
3546603,0.36884817245644763,0.36696827394935255,0.2984325474911779,0.43275631981961427
3546702,0.44803284065600785,0.4461588128924912,0.34238780451078066,0.5405847167225677
3546801,0.39022230285913384,0.3889274975691263,0.3066428664006741,0.4613461389034043
3546900,0.6290191062601527,0.626460108977647,0.5153827429430098,0.6638181561309512
3547007,0.40281668700792583,0.40117252062385705,0.3344753652973725,0.4562708675407141
3547106,0.535243881321297,0.5354329184107347,0.4648241041383086,0.5475398685904146
3547205,0.4350530200101407,0.43232798957920143,0.3718363711086088,0.46543409735306546
3547304,0.4706262924851802,0.46887869613188893,0.3517530173400816,0.5403532663145666
3547403,0.4714298374317487,0.4699396379837997,0.41053815888596407,0.5105921454869925
3547502,0.30654434791800605,0.30402217086189126,0.22861782357003144,0.4054740572804239
3547601,0.4341667843666773,0.43238828984816835,0.3408369711269524,0.5169537064874935
3547650,0.4332317999875185,0.43031762099948684,0.3684722340193424,0.48766056112751194
3547700,0.46410493605808495,0.4625745546482436,0.3751687156189123,0.544338824771214
3547809,0.4581021233236418,0.45606434764518095,0.36406244810517796,0.5748674242942093
3547908,0.45107083782756424,0.4505490355030178,0.35443518439233984,0.49153128568488363
3548005,0.34375618445335426,0.34341980120134946,0.2684625193183697,0.3807176320995718
3548054,0.5148425201374369,0.5131895855622345,0.45284047032238806,0.5344091501827409
3548104,0.35303765238469814,0.3520823190695319,0.26469366407038425,0.338680426101994
3548203,0.31170068438295256,0.31131180654753,0.2634627975006081,0.37236954135130657
3548302,0.5381518674453227,0.5347058851889998,0.45826392355472745,0.5816161896248738
3548401,0.4521324482454912,0.4483937090465131,0.37493928855059466,0.4964082000629673
3548500,0.3754750599190585,0.3747720350875221,0.2709924894783295,0.5048434178249698
3548609,0.2855048551414187,0.284526409909925,0.2175246177462481,0.3466446895113136
3548708,0.536136017395482,0.5338343245258824,0.43292906314032825,0.6307739684908693
3548807,0.2928996907563199,0.29241093567918425,0.21383275502283228,0.4086693293522483
3548906,0.3308151220417804,0.33165605334167514,0.2351576445869774,0.44357134241032675
3549003,0.49881944497164205,0.4973814164877255,0.419341702961969,0.5034619154713978
3549102,0.3273921729917817,0.3272973410181456,0.2480981368748482,0.3888017366309869
3549201,0.5519464377153691,0.5488814157320964,0.4665843973287631,0.5756779996339187
3549250,0.5696684382285778,0.5690642633295951,0.48839611264655286,0.5934034710739265
3549300,0.4871501969991894,0.4887687596907408,0.41644747412994354,0.5123834819012656
3549409,0.4202303390905582,0.41963630790080547,0.3454180678521371,0.48783312334446666
3549508,0.47060691025693735,0.46959175440748485,0.39294477711786985,0.48397754235826324
3549607,0.39368020417419947,0.3937121358602222,0.3039989032145667,0.43097672362785316
3549706,0.36408647861416205,0.36517695033564584,0.2589694091812183,0.39255847643649416
3549805,0.3468636120911252,0.3454379876015609,0.2610736726339855,0.43559713295182156
3549904,0.39747126259150545,0.3957293302997484,0.28339101511152465,0.5060872623352397
3549953,0.43327088087443677,0.43153351016370917,0.3377715057104735,0.4907938619616032
3550001,0.3277885038964022,0.3294020760093997,0.27547094999516286,0.3807766352938326
3550100,0.32247876768527683,0.31961393306056624,0.23305668772862356,0.4552152627838468
3550209,0.35778357220149587,0.35783375870514433,0.2823875746313602,0.41475713090910005
3550308,0.4286325614433639,0.4270090690563703,0.33301121462733074,0.5332747567858981
3550407,0.25460005698335003,0.2546088733085295,0.1951585316802642,0.3561540518517165
3550506,0.34957056922750906,0.35082413540282614,0.30960268967515625,0.4057908305964118
3550605,0.36027797786786,0.3593987062848341,0.27122401523113554,0.44004364496902504
3550704,0.49442544328116805,0.49287685957096095,0.3660607183182345,0.5893924323395501
3550803,0.3581279531075082,0.3588868357789523,0.2601880756416272,0.37289654591415305
3550902,0.360262409812929,0.35903039513105756,0.26175887926542046,0.4324388950430953
3551009,0.5275532305023823,0.5266007523719816,0.3790614365267431,0.6443814469055875
3551108,0.4425774719403057,0.4426557490503085,0.36901084971028486,0.4838256148705849
3551207,0.5205421327476824,0.5182688945794437,0.43373994524881576,0.5216250073370502
3551306,0.3046998590046175,0.3028337250985083,0.22945482534265937,0.34157428689171915
3551405,0.4901489087995575,0.4894798228880021,0.4324853947029496,0.544267228402474
3551504,0.43531835994318535,0.43442663648615665,0.35523701246923406,0.49804582322052043
3551603,0.24808503508832086,0.2473826467097738,0.187407476014432,0.3049863036790618
3551702,0.4606408308771963,0.4567536528270939,0.3535525370057436,0.554484678697906
3551801,0.5263843026951417,0.5265750620228519,0.432671654175569,0.528926722158863
3551900,0.40360128181617505,0.4025746640975271,0.33188357028813,0.4417270355319562
3552007,0.4014333574886625,0.4004612406244579,0.31186118271610624,0.458064174205
3552106,0.24317910288819589,0.24442707460659666,0.18403590603654804,0.29326264721691325
3552205,0.42231084890012743,0.42047670038543616,0.3017960995280196,0.5452097354953268
3552304,0.5256663784921323,0.5236826885636409,0.4499304668546124,0.5153728206802058
3552403,0.5934583506945603,0.5915518884112642,0.4698853060237174,0.6761619892960827
3552502,0.4798591093168547,0.47916121389367666,0.36271631804631754,0.599177866532335
3552551,0.5755407635874735,0.5735186916664863,0.5182761483377758,0.5696978993177662
3552601,0.38593771151667033,0.3858177903488212,0.32170989811196393,0.43433501686343284
3552700,0.39790626385981387,0.3965354895013533,0.33353950729342907,0.4405807105080563
3552809,0.5188464523297003,0.5163413154419597,0.3857451027045203,0.6083807624818757
3552908,0.4952973513297201,0.4938122706275803,0.4232906643111954,0.5269966599083459
3553005,0.4173225601920383,0.41446254326557225,0.34470418180415496,0.43462591164842607
3553104,0.44770407478210666,0.4463634698303147,0.37072446729236425,0.48991255451272625
3553203,0.32494216604682474,0.3254158478307599,0.2574913099331323,0.3897703956701007
3553302,0.34793237660926646,0.3473707154990097,0.2643022287976979,0.383569396642653
3553401,0.3425707055373619,0.341243834256259,0.26956373989856197,0.4128929986233823
3553500,0.3525717085589378,0.3545168520497846,0.2827248564759845,0.4569018329880452
3553609,0.5124742187826558,0.5128646101173908,0.38476950674523075,0.5043927521445676
3553658,0.440060983417625,0.438561994060563,0.34598042141711377,0.45484401284000914
3553708,0.4525191198395456,0.45367861026048323,0.360884093230234,0.5090305468362731
3553807,0.4531214290070803,0.45011058377026947,0.3883042033030331,0.47598069586631525
3553856,0.33554098503213065,0.335420840393595,0.2640376204718213,0.33687429298123145
3553906,0.5642662807128969,0.5646730413332129,0.4547650885431888,0.5971352168780228
3553955,0.5179821422164005,0.5164026926355476,0.4438559306076472,0.5590575835183084
3554003,0.2555650333392005,0.25533713408850156,0.18847945244938016,0.3642700373727383
3554102,0.3685763062698936,0.3669090979973771,0.2638001676951162,0.5090192977976963
3554201,0.4907574259386482,0.4888681918173794,0.4249331300500871,0.4982965595862329
3554300,0.5356264084846544,0.5355525037192573,0.45354473884058777,0.5779928846290135
3554409,0.45687602303707464,0.4545170395303341,0.40399943400148314,0.5078243225944336
3554508,0.23819946925842034,0.23795297236455973,0.18657682191734548,0.34775732359694894
3554607,0.36206778623422564,0.36182056263903184,0.28846026862939045,0.40428315491067757
3554656,0.3189267743267543,0.317452471647457,0.24482119032260097,0.38539590756056513
3554706,0.31576267923563966,0.3147285971875123,0.23991760147631158,0.3617786415867572
3554755,0.4380603438901669,0.436748911803542,0.32444568236164295,0.4350628384635031
3554805,0.3336654148982511,0.3333975537537153,0.23768532864978018,0.4721797771492106
3554904,0.4506413914326409,0.4482092414702444,0.4009326453984754,0.5015870216294759
3554953,0.3006786371713232,0.29999609201233474,0.20865064887387633,0.3040047525674689
3555000,0.332124266100735,0.32996766327433313,0.2549527217310974,0.4307081065983918
3555109,0.4165836166602078,0.41574874280098556,0.34924881610457686,0.4604424804950855
3555208,0.3486887440580339,0.3478371962485675,0.2700233737606252,0.38765713418702585
3555307,0.5197258343031698,0.5170449863825032,0.4256704443301707,0.5361977986892703
3555356,0.5675053349533807,0.5655066191138064,0.4533872035145497,0.567031448985602
3555406,0.3795309590977889,0.38014859582221444,0.2905793993478121,0.46988548378791717
3555505,0.362984770013372,0.36213245828787355,0.3089593765635355,0.4242986022679089
3555604,0.3839705307397304,0.3827669997743412,0.29798076142621244,0.40132101433525724
3555703,0.3750842008123432,0.37281675121689833,0.3154239189542137,0.39539095457842394
3555802,0.4913799349644041,0.48917955984463307,0.42173417181195444,0.5231832344456957
3555901,0.3505195530627888,0.3487718184176929,0.27585070161882974,0.38134074488852626
3556008,0.3338935882306549,0.3335274462086589,0.2697047105831199,0.3729250898221805
3556107,0.384902711872006,0.38403362704088995,0.31015430463636806,0.4154515058590058
3556206,0.37720800532790394,0.3760673823707092,0.2833432215027171,0.48676659845618797
3556305,0.47046278897711463,0.46971916345888615,0.3902749609096166,0.5364438240469945
3556354,0.34010382772691816,0.3391876207019368,0.25026322227318365,0.3764127318928427
3556404,0.28738948997312025,0.289776748439682,0.2122955253044048,0.30285113581818063
3556453,0.4716972305427328,0.47020594850492087,0.36009027191047754,0.5595383972540712
3556503,0.5891147442584771,0.5861332996830807,0.4623722043543421,0.6921042649204442
3556602,0.4018504738185069,0.4001410978479922,0.3128253882633692,0.4502219445540618
3556701,0.2979310704488716,0.2981913151694788,0.21847206638317548,0.4267823423281829
3556800,0.4423728856880744,0.4401144108982478,0.36390041431336223,0.49417545428054543
3556909,0.40843417685935474,0.4037178595571169,0.3379592421927924,0.4720013963714203
3556958,0.4872079980321263,0.48976508253897766,0.3999107022952318,0.5020024029933455
3557006,0.5112065541230832,0.509289765470176,0.3871754472351734,0.610149058199239
3557105,0.3421134557563599,0.3414120261744991,0.2525611090381029,0.4140726879123519
3557154,0.5162652466845216,0.5155008313256141,0.4452522590784073,0.5332228343118529
3557204,0.447067199108067,0.4467984884546954,0.33148953971629336,0.5046722327207328
3557303,0.48913410983560834,0.48700885056227067,0.3891483678684707,0.5622510492647859
4100103,0.42719876301339677,0.42748387370873214,0.4055236477234183,0.4769479023794035
4100202,0.6802004142051955,0.679098505566608,0.6167364434649244,0.7083383165804413
4100301,0.49753724714763836,0.4965487964169797,0.43895921915598546,0.502463577663827
4100400,0.5366551035476406,0.5352660464678213,0.41277730750849956,0.6037790729372864
4100459,0.5680432386200241,0.5690052089112285,0.5228610453552404,0.5800187727832903
4100509,0.44193039360483416,0.4419823272888241,0.3900863745504901,0.47145134792457455
4100608,0.5154026486052554,0.5146327592341954,0.4551360268221587,0.5521210045034505
4100707,0.5786643700255368,0.5796804844836727,0.5309386729334528,0.5899349029986521
4100806,0.5319103383367443,0.5307083653623995,0.48932259755062196,0.570871477606984
4100905,0.49072708345704785,0.49159729433008253,0.440184274130013,0.5434005719406437
4101002,0.6808395417620453,0.6783163654860774,0.629474357625314,0.6823710699452223
4101051,0.49784973670253585,0.49734129069060334,0.42563282095774085,0.5037326004385947
4101101,0.5364712062832572,0.53638419869307,0.4693795971654793,0.5625060974447312
4101150,0.42519811914979,0.4253569515122922,0.37810238615777764,0.4477773420849287
4101200,0.3955896215133998,0.3982967493149548,0.3171231650912927,0.5120332325902467
4101309,0.4446605279638164,0.4431522732982583,0.4129978595635953,0.46572724673143256
4101408,0.3297647165537953,0.33230972218672433,0.26743809248104117,0.39138011812583334
4101507,0.3073801005661497,0.3071319126474022,0.23531186361550369,0.3620032965562499
4101606,0.3836907286411705,0.3843341592681985,0.3219300767410674,0.41293253712736444
4101655,0.5590711332763304,0.560195969836208,0.5157145433751801,0.5661939159055481
4101705,0.4922761776665477,0.4923454456786196,0.43075325540888953,0.4960057466225037
4101804,0.5894438058413911,0.5854598293628533,0.47352483194540423,0.6281635586494768
4101853,0.593508177847261,0.5945544586518864,0.5493586590950007,0.6021736431136051
4101903,0.3167204332272264,0.31759380215991784,0.26026561237287776,0.36723344759227067
4102000,0.4278836206243247,0.4285790272201658,0.37631779490438116,0.44939139231771463
4102109,0.3894417378388204,0.39059709457010067,0.3340042732114112,0.4237803106645128
4102208,0.4821984681830271,0.4810866010935904,0.4344493771639985,0.5298264414554583
4102307,0.5132214403387908,0.510442598691272,0.4307817746635704,0.5341510487654882
4102406,0.4754071802812572,0.47628050077547496,0.4274690130156468,0.5376030770091497
4102505,0.4563198819047598,0.4568944576982497,0.4114995809325052,0.47405762260868683
4102604,0.5565492706701377,0.5547930783809036,0.5005545617925715,0.579653259482849
4102703,0.5457268470416494,0.5483239045287482,0.4833731857994284,0.6077222948793742
4102752,0.6176677895862911,0.6181984955024368,0.5862649739706695,0.6439234119492142
4102802,0.3925617315306172,0.392650404336593,0.3293780669378978,0.41232139740366563
4102901,0.5416105186491404,0.5401331913859668,0.49702307423733005,0.5480034552730347
4103008,0.3871991019740447,0.38940585977888187,0.34213128618473365,0.40530298675612747
4103024,0.6665729147139349,0.6665901825809338,0.6344861444306908,0.6765634528623896
4103040,0.6308638373987022,0.6309039466572087,0.5925894204733171,0.651283631431367
4103057,0.5953074695823353,0.594051246018669,0.5533597350820206,0.6095009823798588
4103107,0.495328761274662,0.49421505164444346,0.4340540642811456,0.5370421157653025
4103156,0.6117467307548077,0.610833743589147,0.5853462746632426,0.6327653584699373
4103206,0.5264004668514874,0.5271469661714867,0.45989707515727424,0.5441026670952294
4103222,0.5130274722513224,0.511681793764622,0.47228807597613076,0.5265301990515617
4103305,0.41750779369763724,0.4199095545313369,0.38681512377094734,0.44961831015254616
4103354,0.5526899637165076,0.5500861114082187,0.5114973997209299,0.5724096578054328
4103370,0.5677753979326206,0.56786507541646,0.5155557615317067,0.563468781590621
4103404,0.6871094616823453,0.6869459329062987,0.633779164583367,0.7077213457007437
4103453,0.4853565666443599,0.48409170201188206,0.43171735150822377,0.49597726840994105
4103479,0.4743654154679957,0.47539730989084933,0.4315895503179133,0.5018150300799052
4103503,0.3642278958057955,0.36564467488475366,0.3112591770745989,0.4066738379405624
4103602,0.41516229271990823,0.4201871433960207,0.35773204388021745,0.45802994071529723
4103701,0.42558284254577705,0.424821363614112,0.3194311180264425,0.49370135688205413
4103800,0.4788479818860259,0.47917424788027335,0.4106530645484608,0.49834797890048027
4103909,0.47145796203299684,0.47246943337148045,0.4191185650673675,0.5141972156146952
4103958,0.6257111163987296,0.6234855500005628,0.5889212606758364,0.6251051320864139
4104006,0.5185565793556628,0.5171775689811996,0.4067785803654304,0.5611760589832061
4104055,0.5891713869476349,0.5886673327359616,0.538514347346747,0.6123743891933748
4104105,0.33576941445056613,0.33604929933144706,0.30509197390910336,0.38073851371241707
4104204,0.46713191027028605,0.4656091519429775,0.38507934718425907,0.5240546543544915
4104253,0.5297195846250131,0.52779044056684,0.424743371910612,0.5722182180273284
4104303,0.4623841998400362,0.46210353037262664,0.37329878361714813,0.5011706458947295
4104402,0.4890795032849575,0.4892763028770489,0.4578643048438691,0.5162517809708147
4104428,0.5869129110771757,0.5855964140855437,0.5442269274958766,0.6016407377031422
4104451,0.5702537363800473,0.5685404628298274,0.5445649721750462,0.5957827494190967
4104501,0.5867218710759868,0.5872376635145313,0.5550664816516909,0.5998308896523454
4104600,0.6178571147000963,0.6166810859610994,0.5644670785216959,0.6425492399089335
4104659,0.31196477460360145,0.31260233166592516,0.23972238923857922,0.3612229119778607
4104709,0.4627153837325628,0.46147416239839184,0.40340660043415494,0.47256424700704486
4104808,0.4668771955253166,0.46635637329601104,0.36995834388956306,0.508502936933003
4104907,0.3708755665233311,0.3712988955478865,0.3017844999353822,0.39722899045432847
4105003,0.4586400153935389,0.45825252159515323,0.4150200683332052,0.4876885758868578
4105102,0.6538199123460483,0.6543079161919642,0.5928601291444235,0.6624967023029407
4105201,0.6356578050754503,0.6351098172500101,0.5924653747159497,0.6642007577561013
4105300,0.3988455863004628,0.39817456815759494,0.33173698201436425,0.4385432354333136
4105409,0.554461117162242,0.552357906483248,0.5131034599859684,0.5956518337334998
4105508,0.3520804365491984,0.3513001803566234,0.2846148794750146,0.40976031648565286
4105607,0.5803784595848143,0.579945426783268,0.5259972398053594,0.6019645028440118
4105706,0.572173584661545,0.5728316080972233,0.503176928516179,0.5699267586609204
4105805,0.5414260757346654,0.5393954128905407,0.42546040900497456,0.6130355833318196
4105904,0.5263539009502575,0.5255703077274544,0.45263857261125046,0.5659680896681486
4106001,0.5873521975083325,0.5880572344726671,0.5488689584214993,0.6175232376339187
4106100,0.5037606129641637,0.505354536493457,0.4554746306569984,0.5784729966700702
4106209,0.4905078744437251,0.48707171655478376,0.43281373199876655,0.5225034445744635
4106308,0.40274869334925467,0.4029911043018162,0.3483180071708179,0.4123220604422218
4106407,0.3973636709635704,0.3988272002216449,0.30714847317928995,0.4778496409734109
4106456,0.6145803953907233,0.6128891481915423,0.5676803042773643,0.6093717806731155
4106506,0.5549558086039003,0.5528979843707131,0.5102062605227139,0.5816464855766234
4106555,0.5549906599870428,0.5558201572151684,0.4939023822812146,0.573896881177765
4106571,0.6948092812016495,0.6917917181721034,0.6337881500486706,0.7014687406515061
4106605,0.5700334377176233,0.5683962972183058,0.5061679242978377,0.6199391194947445
4106704,0.5901385663639346,0.5920819883275364,0.5467421558434099,0.6150594098457218
4106803,0.3999136087997024,0.4002477434544931,0.3820254468186022,0.4268726091827139
4106852,0.42269530551600215,0.4251872112405357,0.3654873151941905,0.42378033241965823
4106902,0.37268090005210475,0.3725160351420591,0.26449735291498205,0.48787776833041524
4107009,0.4423138337955759,0.4430300029718963,0.3813852382175295,0.46511592218483616
4107108,0.5011983372821295,0.5006571841637198,0.4265920940311915,0.5251907636645607
4107124,0.6202268050423737,0.619585310631839,0.5820750732743377,0.666865218668056
4107157,0.6068416918082538,0.607422295734347,0.5551060162039608,0.6491511288319322
4107207,0.5800201440670893,0.5780940859335196,0.5294638936129535,0.5976740908025627
4107256,0.5232203601108437,0.5249525899297399,0.4732095496319136,0.538399536589172
4107306,0.39380166467207817,0.3954604223201614,0.34757673431203356,0.42107776542802916
4107405,0.6083369449312371,0.6078835366870122,0.5466863641180453,0.5971415295517155
4107504,0.4619002112355901,0.4618812277009738,0.41055424141634594,0.4907964277719192
4107520,0.509639607258556,0.5092077844070388,0.44924603833452736,0.5107191655197144
4107538,0.49101799423505765,0.4879354023080357,0.44371017092488313,0.49407819852124013
4107546,0.5258255985177296,0.5237555519856854,0.4812317099963918,0.5450774197349411
4107553,0.48788754270456497,0.4908369167961421,0.4352085534865539,0.5132103961201728
4107603,0.386250635560395,0.3852712744610615,0.33343863397403556,0.4430380141490262
4107652,0.613246034756389,0.6106767429280159,0.4940511598217809,0.6457578179423932
4107702,0.4546858645522707,0.4552241917009357,0.42242159656207373,0.47210600643163403
4107736,0.47005166796569825,0.469938909993263,0.42688701515267,0.49149071322530863
4107751,0.5747050886228974,0.5741120226249812,0.5078699450910465,0.5846817182894756
4107801,0.4707947514661246,0.47100876177500584,0.40644671515566877,0.4787787866501951
4107850,0.6049963487455414,0.6036100551420225,0.5495587443759847,0.6213558546910607
4107900,0.3823117211585506,0.38328831008248443,0.3204750688118192,0.4162129364772446
4108007,0.615402924715764,0.6169850630032403,0.5250722850426537,0.6285118567711417
4108106,0.6037536191973307,0.6024831246950951,0.5333810766462826,0.6379101385756155
4108205,0.3910078671847006,0.39260745823398097,0.3649366940703805,0.4203552675963316
4108304,0.5060321701723118,0.5051441156141407,0.4058712572900891,0.5635819505993679
4108320,0.4892801006577943,0.48988999414441375,0.4581720269061189,0.5102542314494317
4108403,0.5765070951343683,0.5756349930286088,0.5138597461497861,0.6035647460761774
4108452,0.7012369579919409,0.6994840645241373,0.652669579544985,0.7250119094873795
4108502,0.5281514704301635,0.5315597817319918,0.48625384678165284,0.5391428720463023
4108551,0.5510123275985636,0.551764311034182,0.5065756084305141,0.5767344661307108
4108601,0.4629060952957643,0.4633591651888673,0.4186092731641579,0.5026837362592219
4108650,0.6764499344574729,0.6744382718674721,0.6476772846458344,0.6891824805825784
4108700,0.43368643569549925,0.43660893070835965,0.3862194004305695,0.4657066916675275
4108809,0.515203001003963,0.5134922624392128,0.45148778642633275,0.5423349023421722
4108908,0.40583798498548074,0.40402345099145887,0.32850078937409344,0.43278456543271543
4108957,0.46014735588361055,0.45642467395653097,0.3960681485011554,0.45550528091595455
4109005,0.4584338314556001,0.4608671630486188,0.38955446112032605,0.500107772590015
4109104,0.504301767131095,0.5039726986870268,0.456841959112183,0.5103810483093532
4109203,0.41269041254398864,0.4134805383503295,0.3580440682623381,0.4309660193802209
4109302,0.45508846940472014,0.45364969917249565,0.4010831695628274,0.48767179152433204
4109401,0.4951530122933753,0.4948165397181598,0.40868547152063545,0.5171947355363772
4109500,0.5293650467866576,0.5337926947250907,0.4587560876087502,0.5321130699599171
4109609,0.4049350378112121,0.406949734766864,0.33698695600820555,0.47598106362077397
4109658,0.6631658227177989,0.6618697312024701,0.6141995379850717,0.6733291716654747
4109708,0.44872066166922575,0.4485029337466842,0.3926691698179823,0.5021029448298536
4109757,0.5585349924293753,0.5556893873697718,0.4995539642634901,0.5734112494807431
4109807,0.33893440634033667,0.3396805668063918,0.2693810567947745,0.41046252668950506
4109906,0.4588774210212653,0.46054324342972436,0.4145799684373232,0.47083781188414014
4110003,0.4784930873534765,0.47991386491233295,0.4027056159455531,0.5133667702692765
4110052,0.5303817034071727,0.5299110741459775,0.4976469464303368,0.5503490633492124
4110078,0.5601139192592918,0.5586239135531577,0.5028196439664555,0.5901979525797382
4110102,0.3034668035508463,0.3010703349680952,0.2530677017374732,0.32996755876045203
4110201,0.5238649670270353,0.524332956789955,0.4770310234753852,0.5249538344335808
4110300,0.621744057284821,0.621295783862371,0.5412970058719192,0.6524251916181204
4110409,0.41817724175185655,0.4180049863961986,0.34887390974923876,0.43370109480265295
4110508,0.3999743654908268,0.3954074026597614,0.3616321381931638,0.42242272205498993
4110607,0.4572159841054565,0.4572989405551236,0.3911681135124017,0.479235506046287
4110656,0.5852570959069737,0.5846676641739758,0.5230174550537355,0.5752892395210473
4110706,0.40328151291446523,0.402035187197024,0.34150233467251706,0.4379466321327523
4110805,0.5457638505728639,0.546446199655653,0.49191368010270836,0.57151856816007
4110904,0.5283617659019082,0.528693332460823,0.4569472071599054,0.563476865324978
4110953,0.5854919762532154,0.5824230085496108,0.5294722523489005,0.6164249868647119
4111001,0.49155508478205584,0.4923438447704454,0.4446975692666024,0.5178746170676977
4111100,0.4632518323574385,0.464273820320001,0.4064914374739364,0.4791818632295268
4111209,0.6226626235040967,0.620437824969572,0.5708333023989184,0.6324822261795021
4111258,0.6970173962894148,0.6954014444716837,0.5974809965657762,0.6915965248142507
4111308,0.6130701135693131,0.6125675923768658,0.539172796195761,0.6257460169582684
4111407,0.33700938889881465,0.3361165279485306,0.3020824361901093,0.34638492272850746
4111506,0.4728347374121297,0.4737735791935938,0.3982916302072496,0.49538225801284114
4111555,0.6037174636476021,0.6038374706326924,0.5522622199547045,0.6182002479878462
4111605,0.4902568339982803,0.4908584649820855,0.4278205115611182,0.5525880019400258
4111704,0.44973786272030275,0.450648842502875,0.38077112108009903,0.48842453255345236
4111803,0.5109852511280205,0.5146888286270888,0.42789199142180595,0.5781173449074349
4111902,0.41073771980161755,0.4107189979097563,0.3405728984145843,0.45012221847792816
4112009,0.4187028307056133,0.42056054437666796,0.35077943753291985,0.46201704820397455
4112108,0.3961572170630926,0.39511461890252403,0.33020632433816355,0.42966054851601054
4112207,0.5821625064366736,0.5831909567091155,0.5456648134041319,0.6066613155221675
4112306,0.5642603760537107,0.5648526187460504,0.4820336313153266,0.589034814878389
4112405,0.37202093056156527,0.3716920337954393,0.3340158991663607,0.40335523048943056
4112504,0.46236916332613553,0.46245887213780573,0.42215079021893676,0.5071293778610865
4112603,0.6148521128066314,0.6170303872454017,0.5561595282094547,0.6463686402995905
4112702,0.39232453974488113,0.3935252362914436,0.31905971267198524,0.44007195709380614
4112751,0.43476032603264575,0.43593926995116833,0.38003774576168486,0.4486868615208415
4112801,0.47796014311583224,0.4779783708605015,0.4051186498359898,0.4990348911477876
4112900,0.6139824926460862,0.615849057339657,0.5659016611996697,0.6387357678672371
4112959,0.401576950302843,0.4017052080648014,0.368974778521914,0.4340355748626294
4113007,0.4973201655576731,0.4966411502055341,0.41790020881174894,0.5263761007819675
4113106,0.4278135540381076,0.4287955881820236,0.3825673594172188,0.44737731508325745
4113205,0.45133165127787567,0.4492587601381955,0.3844973320962574,0.4834108745549844
4113254,0.6854562921838309,0.684782279909637,0.6556993948804489,0.6962037078706494
4113304,0.535511842156377,0.5352277737910905,0.4629343783293028,0.5502655159913946
4113403,0.522879012983352,0.5256118985939063,0.442392301334793,0.5350120777539474
4113429,0.4628793298680687,0.46164487137074595,0.40969176932638307,0.4854102952821622
4113452,0.6399555252879718,0.6391225929334833,0.5912125795932582,0.6470710661428902
4113502,0.4647082969620736,0.46580798498579123,0.39295595759291374,0.5026614433140602
4113601,0.5959239726630755,0.5946386757449983,0.5342491434221096,0.6401754720203156
4113700,0.2438978806019923,0.2453673753406179,0.1747503766845775,0.3724769227524898
4113734,0.5659033754048285,0.5647480769999099,0.5081561812842185,0.5886474089483341
4113759,0.42529316178814536,0.42768135984681904,0.37699853097865893,0.43806679013732924
4113809,0.5797830051072524,0.579025554981275,0.5025911521416694,0.6017406292639351
4113908,0.44859982212367167,0.4479684927753365,0.40895281210427586,0.4728331152813718
4114005,0.39898702302996447,0.3999266684959262,0.36611330730374503,0.4406667543016834
4114104,0.5203580171207443,0.5203293159170418,0.4486783955533921,0.5571280526277539
4114203,0.4438572091760038,0.44349591143349176,0.3713331006605571,0.4808971497318803
4114302,0.5512146839874715,0.5496522634553986,0.4875366947173727,0.5831853529753999
4114351,0.7059206471297846,0.7044891878835031,0.6599320078691048,0.7067725282712587
4114401,0.6207842547685569,0.6203313145105014,0.5409398784656259,0.6206752078639814
4114500,0.36255503932309147,0.36499176950783996,0.3393472580033057,0.40014425642620594
4114609,0.4418820482496097,0.4397714386150137,0.372662881952558,0.46848380271375634
4114708,0.5362973829259102,0.5362059502599341,0.48441142191142195,0.5558363644902106
4114807,0.4090207702476366,0.4091934750523592,0.34829670928025624,0.4669152072755391
4114906,0.39493799499320503,0.39534481823022155,0.3428724914249533,0.4340240665029693
4115002,0.6273315189765231,0.6270770607626458,0.5624087400926342,0.6268614860101612
4115101,0.5857831819462473,0.5848033779752103,0.5338330056127911,0.5967248364369969
4115200,0.37416660577052147,0.37443341641753963,0.287932429461988,0.4646524328698771
4115309,0.5321399451812551,0.5306464939550909,0.4854946441947896,0.5598947574079641
4115358,0.3203545163696871,0.3214848959497574,0.2893562291871023,0.33192796542148606
4115408,0.6171162267718583,0.6155149131795177,0.5666546355943188,0.634470102136389
4115457,0.5377792820293896,0.5375378425659352,0.5101073357419578,0.5590228495236005
4115507,0.4739726052566956,0.4766497815554637,0.41062767881775003,0.4905120323078725
4115606,0.35369403840711283,0.35145410738356614,0.29773925546531116,0.3881024422314541
4115705,0.45652062893818623,0.45668646277403685,0.3682070697083521,0.5500554770333589
4115739,0.5937925454777336,0.5950422220627557,0.5819645446798406,0.6309945390887984
4115754,0.3696943730240786,0.369953095114738,0.2965135874993012,0.3995297147155435
4115804,0.4803773826159388,0.47856955971152154,0.4125906716637382,0.5001836155444825
4115853,0.40675537733126566,0.4043976074487797,0.3583239060108907,0.42671348951436067
4115903,0.6280982209948565,0.6285011110691235,0.5720737222480655,0.6483520618346486
4116000,0.502740742215115,0.5034693545037535,0.42814210462699775,0.49750547491028946
4116059,0.5557361044514327,0.5542489488531124,0.5001205502094153,0.5619075254331154
4116109,0.4302789596173162,0.43139019990527266,0.39065463047920024,0.44990818153553586
4116208,0.42329442336892287,0.4259166295367189,0.33258316473246635,0.5487595913243496
4116307,0.4909556077254062,0.49069381436928244,0.44737920154501015,0.5426885280334094
4116406,0.5826769747242355,0.5816905152746038,0.514307014874817,0.6070659864491312
4116505,0.5106938899290806,0.5132835787094597,0.4331277267015278,0.562604585373283
4116604,0.5348651392589491,0.5351544231074054,0.4635296971519023,0.5451710280721982
4116703,0.46536522404308134,0.46594678481080454,0.402738090059045,0.47484020356237777
4116802,0.5780208452533324,0.577673436056668,0.5348311261602812,0.6036056189767133
4116901,0.46718404439399064,0.4676438163289354,0.4014831255211886,0.5087733617026692
4116950,0.6923906574254013,0.6916263612793334,0.6511996159093324,0.6981461925139095
4117008,0.4917158878432816,0.4925356780220102,0.4286448979785537,0.5284772400199833
4117057,0.555501611580312,0.5556211805134668,0.5206351508597183,0.5762176937754986
4117107,0.49507290018697425,0.4959199110204749,0.42429193388284697,0.5319483335687214
4117206,0.5601248497610058,0.5586670868686022,0.5022271345769357,0.573299290979125
4117214,0.5213597632366103,0.5215369837694757,0.45719911273623515,0.5677267922436847
4117222,0.2996700365546019,0.30000706299953245,0.25897002309792067,0.3101665344425836
4117255,0.6335335721239198,0.6339422756520071,0.603458329039583,0.6561447344942251
4117271,0.5815383366821897,0.5810926522761036,0.5517922298278428,0.6212583974569527
4117297,0.40766726561835925,0.4082582164261533,0.3580785716482902,0.4378225487954248
4117305,0.6247737566286986,0.6242403241110847,0.5627906403816016,0.6257587100360703
4117404,0.5860211263447426,0.5854316254645568,0.5506178696783253,0.6185453134975455
4117453,0.49808305061673264,0.49651374068399207,0.4441199424586564,0.4969507967845372
4117503,0.581766352465308,0.5816400298082622,0.4843125445011783,0.5992815275146105
4117602,0.49255841308582804,0.49243704178179176,0.4433688133243543,0.5087407465602318
4117701,0.3707096771320326,0.37021352217415376,0.3308159995497336,0.42601140289824735
4117800,0.6085121884868949,0.6082742141986204,0.5655283607829823,0.6210753411682312
4117909,0.41785610181782906,0.4171021125310123,0.3632134070487427,0.4365970332194597
4118006,0.5718072600532288,0.5727766736121818,0.5281273542500903,0.5968994346911268
4118105,0.522998345769524,0.5233459495776431,0.4570165663828478,0.5574461607717868
4118204,0.4131089049556562,0.41502341007522325,0.2960230728112864,0.5615507619769959
4118303,0.6151375863504924,0.615127920601885,0.5428137647480518,0.6517865429382873
4118402,0.3813593540415787,0.38311210052889827,0.3168744634683152,0.4479503898339228
4118451,0.4315737157705477,0.4276601176077727,0.3925822433976189,0.44875020224284135
4118501,0.5089032425809425,0.506870227509304,0.4278949087891457,0.548845988518238
4118600,0.42002591435192876,0.4198918386058965,0.37415272989161896,0.4255373300341036
4118709,0.4320188803469932,0.42980856549927937,0.3929218894453877,0.45987512674418835
4118808,0.4885840595495803,0.48815037783884224,0.42457454985359094,0.514195000310819
4118857,0.4706560682967956,0.4716555119093028,0.40890976511066485,0.5112514297332441
4118907,0.5360161168148279,0.5357867494153224,0.4692760928168265,0.5362987128635139
4119004,0.543960545318359,0.5436244880489388,0.5056621791053304,0.5675503775911275
4119103,0.37234452575217003,0.36950824245445024,0.3450799441168324,0.41518704050020494
4119152,0.5069086623519921,0.5056834640672928,0.3918627923214045,0.6003708844921624
4119202,0.46415618880428977,0.4612768405018035,0.4195714084057431,0.5213253924930461
4119251,0.7991471606484328,0.7969512908500866,0.7643942084010588,0.7981403890763225
4119301,0.6113958990008899,0.610136276431362,0.557986191155164,0.6188000667650934
4119400,0.36607319355096263,0.3677018220140482,0.31618596089072204,0.3986480938023407
4119509,0.5774900163852695,0.5760873245576499,0.4595002695263888,0.6424887915473382
4119608,0.5223416537409357,0.5230132085977584,0.4812308896262942,0.5433817139153184
4119657,0.3757321607737497,0.37652581242357624,0.3244886586679951,0.40222778465239545
4119707,0.5758318875048977,0.5765482506221291,0.5191733493201655,0.608873989289774
4119806,0.6527956830448761,0.6514915821597042,0.6203860989216149,0.672622942805817
4119905,0.3372292670230214,0.3398337242772229,0.2691139837811709,0.426622529858467
4119954,0.4762361962000436,0.4772954527687223,0.3806617799373589,0.5524275783058045
4120002,0.6055380978217785,0.605693065432435,0.5110251822004913,0.6264156375403133
4120101,0.3314053744391803,0.33142302419275294,0.26985888781436307,0.43589060339271923
4120150,0.5469325780063058,0.5468365588911245,0.5127582095660008,0.5631529605251019
4120200,0.6019739849546535,0.6048124771301797,0.5421921676821428,0.6337739555516784
4120309,0.4401303678890408,0.44096731728356175,0.37864026685559854,0.43449214899018
4120333,0.6328379097059965,0.6324718365003581,0.545067331933262,0.6365186921055844
4120358,0.5406534123292568,0.5383559690742756,0.48373753140563663,0.5422819939362035
4120408,0.6634186758728954,0.6622340514031445,0.5873408526630364,0.6860619646498264
4120507,0.40786868033352497,0.40981641704692723,0.375109216948258,0.4450467998882857
4120606,0.3201742890890984,0.3193598537988654,0.29244046041274935,0.36198307462301393
4120655,0.5426830659388037,0.5431972324292397,0.5140547395387413,0.5588555285072873
4120705,0.3911994318981891,0.39261317554660485,0.34995664237931345,0.4162469488613969
4120804,0.4308179915292546,0.42876527342477994,0.33325514900115794,0.5199136278532658
4120853,0.35989779414760725,0.3587463707499891,0.3060949724395428,0.37009794431884985
4120903,0.5089420796623413,0.5058100996478442,0.4616756245418076,0.5225847249111079
4121000,0.6126575505958868,0.6135665177084874,0.5591484197798952,0.6308465178955871
4121109,0.5427636474258892,0.5416758262527052,0.4805112749303628,0.5821823880547261
4121208,0.43068966473733333,0.4291251956735809,0.3746858027810072,0.4556232357662999
4121257,0.5532742448381741,0.5549579011791579,0.4970199258669657,0.5641976730609458
4121307,0.45126711349664195,0.45275343365467213,0.41079907702418467,0.49859561450139633
4121356,0.5020708256928588,0.5000013328712712,0.45217476972108606,0.5154964175188055
4121406,0.5898151930783845,0.5880083865496212,0.5446455607114182,0.5996335237607475
4121505,0.44476305641116387,0.4462013867317253,0.41882576181964676,0.49891773432925096
4121604,0.5829938789202804,0.5813721713567191,0.5369826155261692,0.6028613757965835
4121703,0.5256474220695532,0.5220330497547795,0.4954928621478019,0.5671410183593647
4121752,0.663636425117293,0.6623946071683562,0.6059550697991922,0.6726554239712116
4121802,0.4714572469525859,0.4736441317549585,0.3992225557062929,0.4935620165935299
4121901,0.5971244800366283,0.5981235687939458,0.5457202507763865,0.6210162586780269
4122008,0.3898331049839606,0.38601017567903934,0.3553935633093608,0.43625134712755836
4122107,0.3597706935707788,0.36233227100567333,0.2900022491720717,0.3941082557038233
4122156,0.6878792777244167,0.6879906747586183,0.6592583777962945,0.7168644055309062
4122172,0.4731102367605177,0.47583047969441167,0.4404410712550247,0.5177875201131016
4122206,0.5882625966040487,0.5880791294637852,0.49591137212344916,0.6170632130781571
4122305,0.2896506584383146,0.28944903906455327,0.2453824276911554,0.35526970485110976
4122404,0.30229760454559373,0.3028745308493259,0.24442194607032017,0.3759462335285579
4122503,0.5283551957969472,0.5299203622713906,0.48508094130498014,0.5462221325102462
4122602,0.436531070170174,0.4361676833652928,0.37302782090291015,0.4491922880597405
4122651,0.43156290887316795,0.43306320937817766,0.3961279440911085,0.46599518910755994
4122701,0.3549219528039439,0.35385660812688374,0.2768070046345103,0.3821115501728681
4122800,0.571093739587442,0.567858953436717,0.5357009717483187,0.6013252383745817
4122909,0.5431990243248033,0.5427882227078374,0.5053898226501028,0.5894080677903076
4123006,0.6875276728799056,0.6870173177556599,0.6538914322440954,0.7032608698478503
4123105,0.4559095962549096,0.4590694287665315,0.4034420127066287,0.4719966559346394
4123204,0.39416362562325197,0.3960591913289056,0.3123917798256372,0.42318923099880973
4123303,0.5593556231870614,0.5612552355335476,0.49495418964176663,0.5548717755368547
4123402,0.4740064399175951,0.47347046994006287,0.4217932363454757,0.4980965224812306
4123501,0.565835245883643,0.5643530860902177,0.5126166194244725,0.5764527100224167
4123600,0.47962375389840606,0.4817157205498513,0.44827438378540485,0.53141069354849
4123709,0.44004790419710826,0.4429641977516145,0.3933524413981639,0.46575627544509873
4123808,0.5992999332084443,0.5973592777620192,0.5567076895381914,0.6101483383332624
4123824,0.5935649750745748,0.5932392430994314,0.5328753772319262,0.6011045650096142
4123857,0.6358792670472959,0.6340234087810158,0.5947909358945499,0.6408982153849891
4123907,0.5360839974752999,0.5379156437044809,0.5010854941767552,0.5816957893969221
4123956,0.5790274799600724,0.5818458440684916,0.545386993806468,0.610042850931915
4124004,0.5649707561823856,0.5634822345676964,0.5049654856642259,0.577828985292037
4124020,0.5108622763449733,0.5103663538164112,0.42722117192744774,0.5092336338254376
4124053,0.4259586439836702,0.4248187392722557,0.34520053816850454,0.45413310795581446
4124103,0.42659331679055584,0.4309630304495653,0.3545728931329842,0.4743607402380925
4124202,0.5765192865177254,0.5774785477692684,0.49461051561117597,0.5693758886687372
4124301,0.44839512613822785,0.447964287012027,0.3726058969897194,0.4995876058368041
4124400,0.6012614364495743,0.6006053841281592,0.5593383910023454,0.6168687111264797
4124509,0.5374448130635084,0.5374141676855669,0.4753828615382682,0.5681914180664819
4124608,0.3780649888444853,0.37828594506922336,0.3528305233048825,0.44942275550177985
4124707,0.5519261548631552,0.551484959019318,0.4842855978612605,0.5781561555777556
4124806,0.5712033769312803,0.5702267883725421,0.5250512426301275,0.5959156550302173
4124905,0.6201632670660135,0.6212048428214806,0.5557270801333561,0.6388336726520973
4125001,0.5193666908861078,0.521046093336286,0.46132158572629445,0.539227491724572
4125100,0.5321057484217512,0.5316398089226007,0.509420775142144,0.5659061151103516
4125209,0.5530799583212204,0.5510678840941762,0.48971036708450605,0.5706758038267618
4125308,0.4248064211656972,0.42460104822717426,0.3856393967519908,0.45722968910105827
4125357,0.5412280046096649,0.5411051502036421,0.5010272035628651,0.5622933632107268
4125407,0.3753428195683696,0.37574264929971185,0.31850012867095984,0.38812793992426314
4125456,0.5796732124185782,0.5775396930272235,0.518854559174218,0.5776120797233272
4125506,0.47045210268533943,0.46860406189257203,0.3668810056334273,0.5521100211757156
4125555,0.32303581581114443,0.323975532860548,0.27120169918451204,0.3410263511076607
4125605,0.45227877363201263,0.4511679027276485,0.3966140792842327,0.47474580081451695
4125704,0.5472659130326823,0.5467056884898405,0.48612690643929035,0.5655245793128864
4125753,0.5163190689230672,0.5148476620782431,0.45703249967558807,0.5217514108259972
4125803,0.5324304375326586,0.5324444409295674,0.4648647364188807,0.5357703120590963
4125902,0.45693105163365566,0.458527047109679,0.3644588324637845,0.4342362746926058
4126009,0.5561457178813535,0.5569135697608281,0.4918612226584369,0.5799691802935499
4126108,0.38954450431435295,0.3892695094154677,0.34134460577412984,0.43838264100391394
4126207,0.5764098459902168,0.5759056042220818,0.5160620661492362,0.5824231632065586
4126256,0.5705070150904863,0.570317487618027,0.4727926661254975,0.6012477460057419
4126272,0.6111622197936617,0.6093899884612552,0.566998284659402,0.6443807829799167
4126306,0.4003667282255623,0.39997149811882493,0.32392655711835555,0.45766743467490745
4126355,0.4324339798124337,0.4303716524647483,0.40542896792956795,0.4580146278078951
4126405,0.4188380441288858,0.42097819894075245,0.36447935423504524,0.4633044807181758
4126504,0.3521034032282583,0.3524615868073935,0.29860335650131814,0.3991072794604671
4126603,0.5097165601032426,0.509907564686165,0.44956143638728524,0.5461035250782497
4126652,0.6114969320132129,0.6104764804089046,0.5669567024710175,0.6185728600177948
4126678,0.3952312855201791,0.3960666249448989,0.33785216840333304,0.4317606753851255
4126702,0.4219454932513542,0.4236175968051559,0.3800064500649587,0.4690812088446845
4126801,0.5839815564715659,0.583984966562002,0.5216506233994315,0.6044913659978793
4126900,0.49739667327852793,0.5002303495562956,0.45224015091097897,0.5160878931766536
4127007,0.44837938651953724,0.44764743189181305,0.41482979744940396,0.4710702311257628
4127106,0.49192812300560285,0.4919002105996468,0.3938248177944175,0.5898659946351564
4127205,0.38235625181651467,0.38132936744026064,0.3342430058712356,0.41358045561747375
4127304,0.457379685881632,0.45723413688232123,0.39226058713014345,0.5080650342013114
4127403,0.4364380151116469,0.43650815697485995,0.38494472329550883,0.4430405368658676
4127502,0.47422263202548803,0.47607449215574205,0.42215137938375097,0.4984689610763924
4127601,0.49520302100367264,0.4951214204959755,0.44210372052160934,0.5225445023029293
4127700,0.46022020429601773,0.4588843266607679,0.3838112254691717,0.4877280231282794
4127809,0.42857430896392446,0.42977180461987247,0.37847730241930316,0.4572725908009973
4127858,0.48142402757012537,0.4815603917544898,0.43225824695616577,0.48869546766269395
4127882,0.54646276445705,0.5461823191529107,0.4829649854585383,0.5609788736981652
4127908,0.4923099841434356,0.4929945283024755,0.4439450365345685,0.5277741504378549
4127957,0.4242632776304053,0.42535747445162925,0.37410697514392116,0.4275054570301588
4127965,0.6034609803401018,0.6030646461332596,0.5744386862338858,0.6235874144144752
4128005,0.4687937948231543,0.46863206561418025,0.41835372921104663,0.47467104064257776
4128104,0.4272149222035896,0.42585710903338,0.34322627087945934,0.4815323746947537
4128203,0.3719089624046078,0.3738455310104087,0.31159200876867443,0.4038573584437209
4128302,0.5832849692086072,0.5845259835713449,0.514308491999754,0.6141895272240626
4128401,0.47924169227845625,0.48003800306482275,0.41524317302998703,0.5108616009054607
4128500,0.33731168231087205,0.33832125450692824,0.2847778632076739,0.37016689015488485
4128534,0.44066376968884685,0.4393903315261915,0.3857964343030229,0.4632768942051888
4128559,0.4212208422986118,0.4220443924480152,0.3875981138605848,0.4597307806665171
4128609,0.6180261879393625,0.6169043692990864,0.5724242012071176,0.6261392480139687
4128625,0.5459997072778289,0.5474027021101616,0.4753373374457852,0.5497990155857637
4128633,0.6239386561827852,0.6220553147275285,0.5957381400398684,0.6575369318626888
4128658,0.4330267956038567,0.4317495641399585,0.40834342448102606,0.4647459870431668
4128708,0.4648057539140882,0.4628763355230651,0.4226353855898719,0.4900516979817661
4128807,0.57090553898173,0.5706967469005267,0.5153294819746318,0.5808750684824134
4200051,0.44507854160116556,0.4485733212969127,0.4084757037237676,0.48355619304878256
4200101,0.5401043864487423,0.5377918884425396,0.5005521069826783,0.5718135830362127
4200200,0.431087843133069,0.4292176965878607,0.3960124728159325,0.46771399182400614
4200309,0.39866790500554533,0.3959653427363641,0.369732936225129,0.43544525204054957
4200408,0.4532865485013231,0.45256099653171367,0.3796860845922565,0.45400215964513135
4200507,0.636475786367577,0.6346900925002683,0.5759947889165274,0.6563614832182503
4200556,0.5686550343363007,0.567189676707737,0.5246078567484195,0.575444354057694
4200606,0.3917552061191045,0.39126926197243117,0.3435219246371352,0.4061304232832768
4200705,0.39171165786064355,0.39200046451392273,0.367526480427441,0.4068064723468568
4200754,0.503346041376159,0.5019303005786212,0.4794037822552295,0.5495046071711942
4200804,0.5437477945981942,0.544274908054443,0.5184239255356123,0.5781454676422887
4200903,0.551189748841637,0.5488826818224776,0.49872305709830317,0.5588052052945124
4201000,0.5457658873115702,0.5470273249538723,0.50568712453504,0.5656931137725362
4201109,0.5045722073276296,0.5042196165307176,0.44606789532765984,0.5070280983565714
4201208,0.3645452595903541,0.3651754439948298,0.27935453787281567,0.36350883611406676
4201257,0.4483218878278239,0.4436266918386563,0.40083610421478916,0.4657583425933292
4201273,0.521968014545171,0.5179000148817049,0.504585870349279,0.557676211986457
4201307,0.5129701436102647,0.5139709159989049,0.42551576606918373,0.5467332246339631
4201406,0.4891857470441105,0.48863399162712606,0.3937142493477723,0.539905003789543
4201505,0.4831688276506151,0.4801741893327655,0.3959337968750543,0.4852433078081342
4201604,0.41022845939662966,0.4085995601428589,0.3393041888946751,0.40065518166843034
4201653,0.5709280279784877,0.5694839941703914,0.5133831270491486,0.5961951889848378
4201703,0.34818517460335613,0.34448557510403827,0.300802168862943,0.38511260749422577
4201802,0.33340558679201476,0.3326423713119578,0.3067771896898457,0.4040440062763029
4201901,0.4761908421928607,0.47205736490531,0.45444076647127857,0.5176213834007902
4201950,0.5090291628883707,0.5089651954655788,0.417524932132606,0.5810471268162627
4202008,0.33714130999228514,0.33585501387846195,0.2595106967101455,0.4344336391191133
4202057,0.41320706234120047,0.4160004703354981,0.35576359799075147,0.4894564927194129
4202073,0.5461830246260277,0.5475918275377359,0.45567957068383197,0.5865840747560171
4202081,0.5312590447520437,0.5328368142310229,0.505644505587428,0.5518338723644461
4202099,0.5503136717481151,0.5507253033097577,0.5092843134810304,0.5806010757210115
4202107,0.3779512852350887,0.3778993693454645,0.31055315870922334,0.4587655404117372
4202131,0.3969802238915558,0.39610051585655665,0.3537001179169392,0.41008445718739334
4202156,0.4648195885441597,0.46716919939295193,0.4344286755723766,0.48660584561751574
4202206,0.27515940807019973,0.27146768846778757,0.24427215746487774,0.30139557483897544
4202305,0.3972616510576374,0.3976266988319741,0.2983888529407888,0.4818862161083188
4202404,0.31357976288531725,0.3123168633310804,0.2506132010845861,0.4045535352467984
4202438,0.4294444143678988,0.4328175633349538,0.4098404914189619,0.47693851039084817
4202453,0.3831739150042164,0.38488131525890296,0.31153077596915174,0.4708507676483271
4202503,0.39825065138934757,0.4023235530775153,0.36293661371675917,0.4084367008458572
4202537,0.6338886257425951,0.6314936693161687,0.539576848019215,0.6211822439083998
4202578,0.5623731009476591,0.561140054580431,0.5040189752494822,0.5524886616966205
4202602,0.3652053700256426,0.3687899271772026,0.3265455052640054,0.37810187230530373
4202701,0.4635781885547758,0.4594041891381946,0.40826240595647456,0.47311150360804693
4202800,0.32322112215893695,0.321781183700835,0.27362657905234233,0.34332927595142365
4202859,0.3228608298593197,0.3190860431061424,0.30158144553705607,0.3681343183044185
4202875,0.5682039261471911,0.5662903095901072,0.5197948978534085,0.5822614574774939
4202909,0.30134045168926843,0.3001984559568007,0.2455002996482943,0.3664639019983775
4203006,0.4753160921565683,0.473739743828995,0.3969591464135278,0.4990997046640939
4203105,0.5422991892190712,0.5409944232275322,0.4754730745315201,0.5622523099907795
4203154,0.5127247857642105,0.5156938707844009,0.4666660295549903,0.6110667324062473
4203204,0.48030512027824734,0.47896856066201804,0.38082329699795037,0.541257915080278
4203253,0.3135903667867308,0.3163096270769438,0.27736322118141543,0.3544962639051132
4203303,0.24882117387935265,0.24910379102154626,0.22078148524545807,0.29063535847872285
4203402,0.41367026404595164,0.417228671897218,0.37122190005475497,0.4109478678698761
4203501,0.6245012209459311,0.6218946180508981,0.5900338536027571,0.6538599309724581
4203600,0.3889323012137417,0.38878735669602776,0.3415625979787576,0.4289785735902893
4203709,0.39296925773205094,0.39147382145046405,0.3319089610078278,0.42824182147714174
4203808,0.33453350238658364,0.333268146648995,0.29178020144015676,0.3784974413782125
4203907,0.4637913152241213,0.460492705198625,0.39637503717125916,0.48203478377276016
4203956,0.6062126146190158,0.6057743540288841,0.4778710564756368,0.6492820504487523
4204004,0.49677050970952474,0.49502372433659175,0.4224931359105617,0.5082165917792735
4204103,0.5748198160423268,0.5742669508483677,0.5188618878062323,0.593299748535188
4204152,0.5856154932228209,0.5859313301014343,0.5225133829114621,0.6059204653414767
4204178,0.6195370953134822,0.6191046036448024,0.5842932184500375,0.6383633420315497
4204194,0.481749874768764,0.4817524030126923,0.4360117275082824,0.4989889225387237
4204202,0.4782058853467258,0.47738892382751036,0.42939111386325096,0.5260495833364186
4204251,0.4676849509247647,0.4651092439912074,0.3701082568181111,0.5070140469096359
4204301,0.4222014764210472,0.4218839206419373,0.3868427181079385,0.49270020949862414
4204350,0.5910046929025264,0.5885210813570395,0.5288015162332655,0.5878610364834501
4204400,0.5073058437393329,0.5056117560681729,0.46750110600123085,0.5299688680428194
4204459,0.5149840421635027,0.516480362612385,0.5014442384051243,0.5515827112904313
4204509,0.42229766020237736,0.41684017090922415,0.36878369678967865,0.46070318697005835
4204558,0.4253808790691328,0.4275348242425041,0.36468231144066937,0.4748985580054674
4204608,0.41606691618338043,0.4153139223502745,0.324197139587823,0.503151305288896
4204707,0.3779761664067303,0.3783107905111201,0.32800719185735,0.3858214490431083
4204756,0.4805473595187692,0.4799428545785995,0.47193875687475767,0.511517418986465
4204806,0.3574620822420149,0.35785513652789686,0.31345042901965403,0.38147800273674565
4204905,0.4844890281780865,0.4857738261632987,0.4465806446457213,0.5107216189012959
4205001,0.545143306968264,0.5434271426915286,0.5224021142999459,0.5963506245563986
4205100,0.5167720246984382,0.512871797017132,0.46973434743633247,0.5506984113141179
4205159,0.3199654506006922,0.3158327953523301,0.2923618181145749,0.3523075773507895
4205175,0.7130301030121049,0.7129270303557714,0.6650921330439737,0.7392982262943738
4205191,0.4108196737404743,0.4119796196822639,0.3358496629888353,0.44385861840029617
4205209,0.41488381042628786,0.41441072861259237,0.36616541410648146,0.4305430803720798
4205308,0.65150117426295,0.6501659015581307,0.6082932099822218,0.6575685974371782
4205357,0.6206939759281903,0.619353831136643,0.5936249080774477,0.6376211677488042
4205407,0.39102070828472246,0.3915560475573008,0.25462160373218484,0.532720811625251
4205431,0.6040342911522705,0.6021363164643533,0.5670977918567255,0.6348730130635973
4205456,0.4835026771683857,0.48035175581014417,0.39845856877951064,0.517930731882618
4205506,0.45059541068239073,0.44776479645559597,0.3794961918787399,0.48302671145575243
4205555,0.45518885133297887,0.4590975807553535,0.40944972706643085,0.4628597660010487
4205605,0.5341013270896673,0.5357851766476237,0.48775202870561457,0.5420619615311423
4205704,0.4526519486343865,0.45227799427667986,0.3552187722794611,0.512035084064611
4205803,0.4083284402485781,0.4085604914960115,0.3451343852124061,0.4446469430437277
4205902,0.3683315474102384,0.36677093387350174,0.3213180924587385,0.4408554778626386
4206009,0.3143151659901201,0.3161392574793096,0.22476631677915018,0.3882440367962304
4206108,0.3811959036024444,0.3812578028102733,0.33120921082520144,0.39097991748456945
4206207,0.3777371045940306,0.37734534744745707,0.28996013804998727,0.3875494745041612
4206306,0.36912082017729925,0.3664673631326063,0.31461346330832063,0.3955437726740138
4206405,0.49715227789385985,0.49666348614086164,0.4835689379777302,0.540015316287182
4206504,0.48382442070352677,0.48045329570576406,0.40921644779555794,0.514149389364268
4206603,0.5140989107904727,0.5114474755109331,0.46730136089399427,0.5432233791167361
4206652,0.5852074941194938,0.5838579414915679,0.5349081406243777,0.6040715993272774
4206702,0.4538943029909692,0.4520283409431387,0.3773936888640532,0.48279728864797306
4206751,0.47102001963559503,0.47081117869897576,0.4042134120733379,0.4763348042080087
4206801,0.4272212691867835,0.4256735855857529,0.35343868409358487,0.4312363295351908
4206900,0.420386546207952,0.4168449081858241,0.37040638677928356,0.4580385627691436
4207007,0.5557787336500081,0.5533701195893618,0.45405398925961044,0.5979412645190658
4207106,0.3936989461852919,0.3917399454760712,0.31891645362993537,0.45164552621727716
4207205,0.5753139287011166,0.5753969631008132,0.4777959510065431,0.5812370218592373
4207304,0.5412539584419503,0.5406934194926295,0.42515917256172875,0.5949876566042666
4207403,0.4633493987447036,0.4625841028894884,0.43663482635859885,0.49666288382730134
4207502,0.3182441247581713,0.3153978243126529,0.28032800802926916,0.3822412547777885
4207577,0.42420196697088086,0.42315116345455256,0.3695692697694463,0.4409439638912384
4207601,0.5486520683963418,0.5470036955991419,0.522518462857695,0.5800462484045815
4207650,0.4947267417162202,0.4919544457540586,0.4654535634034888,0.5233450920998718
4207684,0.7066564566728502,0.7050242651599471,0.6672584950168069,0.7194789854121647
4207700,0.5284036094660581,0.5265988949111188,0.4967399059039607,0.5635826804539118
4207759,0.47760553418582474,0.4790470810225395,0.4336293205789746,0.4968512859981356
4207809,0.5480361770360437,0.5489687568749345,0.47987639951126454,0.5614554403139023
4207858,0.4930803035991781,0.49273764090798794,0.49651367383217887,0.5649515616322042
4207908,0.49509682577952985,0.4931016206597296,0.4515148879271352,0.5084110825425455
4208005,0.5223616354332248,0.5211258253378709,0.46306599805077414,0.5438254522237939
4208104,0.368719842645039,0.36770039779374913,0.33675144916273414,0.39228810969616595
4208203,0.3754980451809782,0.37396173745462025,0.29556835780643365,0.47835164348453035
4208302,0.32886169266130044,0.3297521419392848,0.2662608196351362,0.4124126465278488
4208401,0.4377408287262138,0.4346475163532975,0.4072480371955107,0.49344283765169683
4208450,0.4424785575607473,0.4426384457869463,0.36876360901881067,0.536214004790018
4208500,0.3973250208630697,0.3950769246508539,0.34759724636636175,0.426494776641754
4208609,0.450860120845954,0.45171382757782697,0.4179573102566483,0.5050843263933555
4208708,0.35947450127164987,0.3600417564874417,0.28324922783946116,0.3651913434718636
4208807,0.5651389233669473,0.5635292478960666,0.47245665223454303,0.5893652005681678
4208906,0.45127593191550314,0.4473057875128829,0.3751325036777183,0.5009268782743979
4208955,0.5289505592231601,0.5272217695900772,0.47787607308680147,0.56682178424743
4209003,0.37478209577092514,0.3739867089356789,0.30527241295407354,0.42450764722872353
4209102,0.3886255017856925,0.38965473938572387,0.30073007947268593,0.4717398814691187
4209151,0.4962472737075819,0.4925347949552752,0.42658799136192066,0.5071653019243295
4209177,0.5454020966106732,0.5449728641406532,0.5162058818161346,0.5692581226243384
4209201,0.4319857543389515,0.4297597559802009,0.3803178576903878,0.48934815011129146
4209300,0.34674959458463567,0.3507011124912645,0.2908622861969239,0.4062513526461166
4209409,0.4926515338034819,0.4949305759993659,0.41285193934842473,0.5519515314572492
4209458,0.5632657444483258,0.5604567528910428,0.4759562379164872,0.5412961678162719
4209508,0.40351932587810746,0.4024162081371989,0.3664848111033628,0.4415152749547426
4209607,0.3558002187999783,0.35516321867947287,0.28175554973741557,0.39493278779033164
4209706,0.5454743487699159,0.5468800849235135,0.5000804164410563,0.5692259963872579
4209805,0.5043510382290964,0.5040633093154879,0.43667571778177505,0.48340619702230203
4209854,0.48278055322667535,0.4809947523555944,0.4607167784430792,0.5248895217668679
4209904,0.43397653160483524,0.4287256089940438,0.4038296078451806,0.46233159300877064
4210001,0.32907047267996214,0.325907486459248,0.2795071101081891,0.3474446070313069
4210035,0.3830330383445657,0.380718177499761,0.32022855835107655,0.4244535030189527
4210050,0.5679998364849977,0.5648713169509569,0.5006421867077239,0.5478960879712602
4210100,0.2885335927615545,0.2889934464800721,0.2483969979200741,0.357174312900048
4210209,0.4584795460912936,0.4568597129411513,0.38959062300996133,0.46684821687757383
4210308,0.42244461474743084,0.4200391505115559,0.3790494877295389,0.4347178640803371
4210407,0.5718071489353825,0.5707921935120036,0.48618021457200095,0.5888825004999602
4210506,0.5178683134362807,0.5153980867037878,0.46592643141284046,0.5398280856692615
4210555,0.5772199178279704,0.5758305304965857,0.539388422042185,0.5894589429673832
4210605,0.3718404403662233,0.36804577276223666,0.32683791178368526,0.3821576845574752
4210704,0.5140317582926897,0.5143353193905829,0.4952465519280144,0.556147653146799
4210803,0.3524516501817404,0.3533422530107913,0.2973270879379141,0.3791855655753817
4210852,0.42272223782884677,0.42251892084326853,0.37737332935705026,0.4497019198538959
4210902,0.526565659538528,0.5258224082729236,0.46344050473756465,0.5224803285629666
4211009,0.5911375593099084,0.5875604001615172,0.548149721260296,0.6180137310015557
4211058,0.4835114008148834,0.48196412910382175,0.43449775609797586,0.5064855464438235
4211108,0.4460440201173703,0.44528846421054097,0.3961519156010578,0.4795160811784663
4211207,0.4248572013849028,0.42181327544835856,0.34825585797770847,0.48069282991856865
4211256,0.3677035791489346,0.36873648764789385,0.3011750544898689,0.3864173050375832
4211306,0.4315168574989542,0.4297107552704678,0.34477786656271575,0.49184481241860256
4211405,0.49445086699237684,0.49178029538265094,0.42812406580646917,0.5077152121937748
4211454,0.5883976369245683,0.5856627828305933,0.5576433800675852,0.6184814096345157
4211504,0.40875716939251916,0.405187337010606,0.33830493668919476,0.4257329725094523
4211603,0.4500514736442803,0.44820254361232853,0.35605277719303746,0.46513030643907244
4211652,0.48784062265877004,0.4870557047131176,0.4595569478428452,0.5525279710730998
4211702,0.30133790858874665,0.29886974403934125,0.23704328963353163,0.3206954304850482
4211751,0.41328704641609165,0.41309495908906174,0.33629228288566293,0.4481736882118283
4211801,0.40660223618529473,0.4043305019518111,0.3507657211873783,0.42530641035257316
4211850,0.4817725219317153,0.48098288061362454,0.4374313949598854,0.5237737200699185
4211876,0.5700356564694272,0.5675824002024649,0.5135351218765768,0.6014687642869904
4211892,0.46377305292989146,0.46712096733622266,0.4159421766183287,0.49485308281469625
4211900,0.44098895771885877,0.4403984321193788,0.3252235533294865,0.5138256576293468
4212007,0.6660578037923812,0.6630220516615668,0.6054259652000665,0.6743589961278329
4212056,0.3963088611599893,0.3976586163017252,0.3379067946122692,0.40806280797664574
4212106,0.48347758466351876,0.48217156735312144,0.45234603736200407,0.5126334524483055
4212205,0.5431256721169951,0.5393195795000774,0.4973051200801721,0.5569471033324822
4212239,0.5812916697439677,0.57944568362168,0.5440853370305795,0.6031078161035927
4212254,0.47182325854660745,0.47271714814329435,0.4007457676968719,0.5167781298376831
4212270,0.6138011249443847,0.612607765377847,0.5883778563377604,0.6335497152838839
4212304,0.49850640739173635,0.4989542540393869,0.39011644558034325,0.537821074929762
4212403,0.4386136344913927,0.4341771907941135,0.36082140026369425,0.44910523203617
4212502,0.3499437149631719,0.34993829416075983,0.27109732437490025,0.41672716419300415
4212601,0.4013783501083307,0.4007234877262398,0.3564600978248767,0.4280857937018441
4212700,0.4324254011904457,0.43169166754622434,0.39794068394042825,0.46219094201804883
4212809,0.3905407634125546,0.38982881586811297,0.3152539803060619,0.45532776728747865
4212908,0.5186971542993583,0.5173440113987385,0.4767430936821606,0.5411830638542846
4213005,0.4192693032451825,0.4175887648686302,0.3526308522209199,0.43612565982170465
4213104,0.5041172743797968,0.5014031150379575,0.4450479384592305,0.5349509903505761
4213153,0.5816209868358911,0.5815433142039178,0.515169934066419,0.5983222339859474
4213203,0.3763606593047648,0.37128706661349886,0.3299962394665556,0.42631682894695183
4213302,0.3786880118318686,0.3816134425668533,0.348287335027946,0.4297508855668602
4213351,0.4306375973028115,0.4318847149047227,0.3446940646074832,0.4088136899115223
4213401,0.5964699234278389,0.5950360904575709,0.521549448004246,0.5986667918562935
4213500,0.3545375876392858,0.3546575170696056,0.28965783625801206,0.4238412720117728
4213609,0.3778037937768558,0.3790557904535523,0.3139688042503095,0.4165260070498989
4213708,0.44352602071358127,0.43995207646833207,0.3946892353866048,0.4720698943245492
4213807,0.46559117911618464,0.46482982555762414,0.40193060951090737,0.4995300901962758
4213906,0.3823508063266627,0.3803465582291796,0.36382209612416155,0.41069364801403047
4214003,0.4490399293947587,0.44386666293676535,0.4028290481779151,0.4760900853587189
4214102,0.485572188187992,0.4789839279509163,0.44195370901591957,0.5059890650121622
4214151,0.5602722890378297,0.5573801066726797,0.5084420213674089,0.5803682999380866
4214201,0.5221769719881574,0.5212757534884804,0.4868083852959832,0.5585269627533372
4214300,0.40087699050179104,0.4003351473719902,0.3493657405538131,0.4472426803209215
4214409,0.3464422379455237,0.3447539694760929,0.29109190539872926,0.3747812394203192
4214508,0.372764260640733,0.37099937124069865,0.3418995346876164,0.40535196797188444
4214607,0.4344859210089552,0.43404816417398456,0.4150199502096024,0.4705900485263516
4214706,0.33540014857544703,0.3313465709614371,0.2851415773749954,0.363318765346478
4214805,0.34244781105045846,0.34065951304857006,0.29851455961007534,0.40157035754290504
4214904,0.3846681150975029,0.3809404166401766,0.33765889411278865,0.40500331943816653
4215000,0.24853683294171464,0.24946245519345897,0.2158487047905655,0.32946275196329955
4215059,0.38328110983525754,0.38501793149749464,0.3445865261617424,0.40438955675818317
4215075,0.5880195708947981,0.5876476652174142,0.5417301630409949,0.6046732941169157
4215109,0.30190833588592414,0.2996710482231933,0.28103064937998795,0.34946720428591727
4215208,0.6019716958138701,0.6018043462628707,0.5622153753247904,0.6266773943853926
4215307,0.3999034208328429,0.39861203012037055,0.36906590174779635,0.41454475477165637
4215356,0.6740267607397991,0.6719159227759762,0.6253138112585109,0.7193569168250731
4215406,0.4491859111790484,0.447246991372197,0.3941732409664626,0.47179498880422854
4215455,0.5239893658470238,0.5196310672740223,0.4446648089444148,0.5305419908247974
4215505,0.32198051395859656,0.32112919848642296,0.3054031995507509,0.3767878738696229
4215554,0.5433708468529569,0.5432951559465178,0.4773419717990351,0.5755245094693188
4215604,0.5057760314453461,0.5027521197484762,0.42490507109690806,0.4960375818231391
4215653,0.5367420813366712,0.5376036332369298,0.44807681095982504,0.5712815542485356
4215679,0.46973342552749464,0.4646345947787182,0.4640525925460793,0.5064701731086104
4215687,0.6001234444358358,0.5996274744393593,0.5847135970997097,0.6438568634660679
4215695,0.505080235361919,0.503127059596359,0.48632346067323023,0.55783608111442
4215703,0.4156956706545468,0.41495153907243076,0.3274239921517726,0.44470905310411907
4215752,0.6344149349379006,0.6337499984673886,0.5909406563313292,0.6443777364366068
4215802,0.32288438741536396,0.32039465383803806,0.26969929292014755,0.37469934930385923
4215901,0.3062259693918428,0.3065836135692102,0.26308986059756967,0.32518497765940113
4216008,0.48721573342280167,0.48514625713291687,0.448241600123828,0.5039057075036985
4216057,0.4218235089319226,0.4188701213024799,0.35649587723315546,0.4270427328072646
4216107,0.5492710223857388,0.5490540159262026,0.5142769945830831,0.5695921664391084
4216206,0.40710717827085185,0.40789934924200805,0.31047776880633465,0.5051531907383806
4216255,0.42013725550178616,0.4170568072657987,0.4063389843078178,0.46102750337081105
4216305,0.34297281189719653,0.34105960851262385,0.26758510075849157,0.4097176239186597
4216354,0.3654370208634848,0.36303687461135997,0.3117417915327937,0.3872957685832163
4216404,0.406877245980409,0.40716604418278113,0.34659640710596645,0.4634395949015106
4216503,0.3456553922380358,0.3490652429185979,0.29985053647171367,0.3513364349934241
4216602,0.4068018484249728,0.40682372834642594,0.2874689986520921,0.5165479685037456
4216701,0.5303987275377788,0.5272379489637714,0.47009777568178385,0.5438839453441963
4216800,0.5470448016956503,0.5489361376563622,0.515249098848271,0.5600752269273324
4216909,0.4901420897848602,0.48902337825093456,0.45093717468781275,0.5211611684563827
4217006,0.43767108742887006,0.4341994021616977,0.3768753686385316,0.44654644633728563
4217105,0.41341067015685384,0.4109618853004034,0.3608228866611687,0.417207941093986
4217154,0.590631036705938,0.5905223358434765,0.524510915308228,0.5725616261085532
4217204,0.4926616327412594,0.4918829700844422,0.4341980894349325,0.5175321711255153
4217253,0.3951125035913846,0.3942673431495071,0.3174860078683608,0.43738943651037426
4217303,0.48637742116318455,0.4847769703631934,0.4689215865419006,0.5157891964388996
4217402,0.5356948290888979,0.5300005198968042,0.4638400461886804,0.5723922990203348
4217501,0.5095492650360854,0.5080175370111182,0.4739849002454388,0.5343416249274023
4217550,0.5742589032478359,0.5712691066086207,0.5182652140710166,0.5810660509307676
4217600,0.4301922651878199,0.4281812913868506,0.33233540931892774,0.4744396355421829
4217709,0.4945898600406568,0.4950158419471684,0.38935389064916537,0.5416001752943372
4217758,0.5664151900229831,0.5667452283506011,0.524974806764572,0.5926446670473312
4217808,0.3474082504484878,0.34599068370467806,0.31255647292325295,0.38528833271434504
4217907,0.38709375146329766,0.3866483507025458,0.3379276242241034,0.39419711782330946
4217956,0.6583213359119189,0.6576106577721982,0.6279165376421788,0.6719686506682924
4218004,0.377744891924521,0.3765653871761978,0.3094033449691616,0.4289359827458496
4218103,0.45638118432103725,0.45656642705192785,0.39808493725698657,0.4687190698962884
4218202,0.2583574851898839,0.2558828403250781,0.22384962801841832,0.3287899902722471
4218251,0.42934708878009614,0.4307012203240537,0.40844515870071046,0.47019544865268986
4218301,0.4169852914204407,0.41715085700129223,0.3523408350057109,0.4733542578012053
4218350,0.3726503849514708,0.3707575393721268,0.2959858738278534,0.40915707522432015
4218400,0.44394410618590274,0.4400015067033703,0.36269349181534843,0.44996098244980476
4218509,0.3183238842451565,0.31693311197821644,0.2716206150334546,0.34385960486614
4218608,0.3689160717665953,0.36628319198241305,0.3311439343033989,0.4303143897779145
4218707,0.4443854218136219,0.44330966576384084,0.3382720400219066,0.5205780450643912
4218756,0.4103145536266775,0.4108662517866404,0.3787642472809621,0.4468713920778484
4218806,0.3675504617809925,0.3671684484169757,0.2885563525202421,0.3895604949543457
4218855,0.5531968286562114,0.55226477960424,0.4947217114851296,0.5721266634811195
4218905,0.3618542804095817,0.36311162896449584,0.31106042427543185,0.3779052885643865
4218954,0.38432759554124996,0.38796551302422017,0.33100275516013017,0.40335601529834425
4219002,0.3807948517908558,0.37821813248129504,0.2935952352880878,0.44101004910152425
4219101,0.6338401945870169,0.6311948764726121,0.5733095595073382,0.6252181844995183
4219150,0.5245048550098258,0.524982381443819,0.45091821088232487,0.5196231308789464
4219176,0.5193115970563945,0.5176652679952037,0.43550620271621354,0.542245353409127
4219200,0.4791137329601957,0.47824747242330634,0.4454936238115297,0.49875072177591634
4219309,0.43075726495027056,0.4268842051465409,0.36485836671907396,0.4608614868302532
4219358,0.48506918311387504,0.486836784711367,0.4517861532140995,0.5024385795630085
4219408,0.4935519422268806,0.48969097078189283,0.43343590723943715,0.513106905798086
4219507,0.5962688893278478,0.5936121589373607,0.5321376792676882,0.6097315471665156
4219606,0.5148446655800027,0.5141368971851382,0.49551488272069183,0.549904377920465
4219705,0.567901973511909,0.5637136576283024,0.4936669484841579,0.5735244669570404
4219853,0.5135453799304891,0.5094231595541185,0.4553373538555389,0.5281433245863506
4300034,0.42907285618199376,0.4298237714445405,0.40098212138031863,0.4722825315173406
4300059,0.43600346181344274,0.4338400129331652,0.3824391008037947,0.4620721780415966
4300109,0.49124072662046653,0.48800762196422953,0.45861677550411367,0.5232841312381957
4300208,0.4078266601267807,0.40609757595380663,0.3884786040036155,0.4544817535942111
4300307,0.5455059929725151,0.5450506564391803,0.5230842679123447,0.5869469847956753
4300406,0.5006785736279973,0.5023366321526841,0.45501695754624105,0.5581023813456908
4300455,0.5293243284083957,0.5287687498085648,0.4969949020034427,0.5626028309906507
4300471,0.4951725893726854,0.49535910679905654,0.4531721649065131,0.48634237101945144
4300505,0.6211584931367173,0.61858641382179,0.612002488092668,0.6595759460347427
4300554,0.4879304018215176,0.48750261317793336,0.4380134205252469,0.544463392619451
4300570,0.35293126129584185,0.34923034716641416,0.34235380782012226,0.40504490164664736
4300604,0.4883334458927776,0.4901685535311963,0.42468098044376995,0.5895008032833903
4300638,0.5561242076627742,0.5518654004222453,0.4964182330352364,0.5795302413012007
4300646,0.4786664952959786,0.4777237912152564,0.4450284358554602,0.5118875217916771
4300661,0.33167811185687124,0.33084622757475535,0.28631711028474993,0.3518487767089586
4300703,0.3700444876609307,0.36674799448267753,0.33962460247590137,0.40731984775075136
4300802,0.31461380016274637,0.3122287565414101,0.27174958146565864,0.36144670654282623
4300851,0.4458835303347778,0.44797225722227574,0.41223906072083794,0.5297048891424241
4300877,0.5292470255038771,0.5262132226554647,0.4832371715000518,0.5805160608534254
4300901,0.48924024297774993,0.4883943721101815,0.48099433494883054,0.5355790114880274
4301008,0.46985900040064965,0.46612255637769556,0.4219666769586168,0.5162258708143185
4301057,0.4099985185242571,0.4086435726819097,0.34290806178335714,0.495234212606801
4301073,0.29174141713924556,0.2883737894278188,0.28579490154412507,0.35976947918966157
4301107,0.43987408375915144,0.4430948701887251,0.4069087231234869,0.5192988180025705
4301206,0.5698401939266106,0.5656657093384166,0.5351092483878487,0.5896029841066809
4301305,0.47897972242367604,0.48399798678849654,0.4338454546996944,0.531520710603114
4301404,0.5177768024832243,0.5162525615410927,0.45975343311341227,0.5459655416269803
4301503,0.48590559703863384,0.48472180480016386,0.4556205990464914,0.5079386023306182
4301552,0.3991117058103403,0.4005160444748828,0.3767428511188853,0.4089716771354272
4301602,0.4696653743259505,0.47192116058962413,0.4221633356858752,0.5420969910262284
4301636,0.4253802976644815,0.4264100432278021,0.3688275615373822,0.5189322785030869
4301651,0.41613406479981685,0.41546311008736225,0.4049998064823393,0.45457595826312414
4301701,0.42128900628887295,0.41962091384170286,0.4002408729401663,0.456173617751795
4301750,0.35548711652260223,0.355998994626387,0.35542510005282707,0.41450747881248157
4301800,0.5071040180051691,0.5062843352958898,0.49110845278338616,0.551337422744262
4301859,0.5165522617862726,0.5150670079582488,0.4797207828440188,0.5447867361509448
4301875,0.48329962977656127,0.4853514612068066,0.4697253474730317,0.559948942380648
4301909,0.43261939159516216,0.4369785519608261,0.3938545873180095,0.5033569776230359
4301925,0.4803483384351775,0.4780603079164029,0.4592801939541855,0.5241793195810727
4301958,0.4883356880809585,0.4848508441868593,0.4116944484249097,0.5357245856564099
4302006,0.5130056264657659,0.5116280605447878,0.47868697244322206,0.5314795039014023
4302055,0.6443806624197829,0.6450363163876754,0.628649850381422,0.6816720754133828
4302105,0.37113169566855364,0.36869280640857877,0.3235920242879927,0.4310831215049076
4302154,0.5241877664853634,0.5221714384804513,0.4833180163387554,0.5783833727017481
4302204,0.4897566309223976,0.4869597023697288,0.46024594934084595,0.5087641948474753
4302220,0.38717741053636234,0.3886374147371164,0.3589334224847977,0.40618779575844144
4302238,0.4921152675206011,0.4938815199651015,0.47466589604345993,0.5268106393202885
4302253,0.41376624731393247,0.4118339585017738,0.4120002477578413,0.46925877979054204
4302303,0.351749131248989,0.35435216367872185,0.3438817397357928,0.40635638178312233
4302352,0.383475158587429,0.3795090758256461,0.3570922543262472,0.42289679045745654
4302378,0.5621978906956108,0.560152944206755,0.5150066902579088,0.5844061413953409
4302402,0.406873225205994,0.4066937216487723,0.3811102835198887,0.4772891362224163
4302451,0.5982890757577336,0.5950930185723463,0.5747678417558435,0.6481875474012306
4302501,0.5525863770040912,0.5528406862581957,0.5183700445060023,0.580322246980038
4302584,0.42613982984468224,0.42729178057226175,0.3795838131578091,0.45342546685042856
4302600,0.5936267588778249,0.5928826295463087,0.5653119272873467,0.6207775080173786
4302659,0.5576374165393005,0.5555727914766346,0.5249495262151124,0.5892245895686378
4302709,0.4556902626677358,0.4585083799325602,0.42516798126692806,0.5491764235753104
4302808,0.508917716121393,0.5112904229594634,0.4655545321462287,0.5548943824835394
4302907,0.5739984959943037,0.5756941632521625,0.5239817889547096,0.6039347284737553
4303004,0.4437903259322765,0.4443926577808656,0.3826849460723056,0.49424210310905803
4303103,0.46032962256170484,0.4609327069421469,0.381997848674603,0.5740898921674308
4303202,0.4132038701505615,0.4126890755851229,0.3924658710437421,0.4542828800535796
4303301,0.5811090688574914,0.5796720725263934,0.5482039166138922,0.6170571849414208
4303400,0.49747637903859665,0.49552842694764077,0.47674607220847376,0.5454910359686869
4303509,0.4384026259303023,0.4396022965499622,0.3991689695559127,0.48945681849873246
4303558,0.3760531032585361,0.3750232794409241,0.3462217095203157,0.40935060039319976
4303608,0.34681890405392146,0.34753542509573404,0.32240501506476343,0.4031670858336757
4303673,0.32073914914035545,0.3161014856784547,0.2839429528832623,0.34579611021024953
4303707,0.5108660084079311,0.5098549701792616,0.5050593970129721,0.5697373317341491
4303806,0.314853233555946,0.31509785406259333,0.28024582738869114,0.33936542296195515
4303905,0.4609971542452108,0.4589180517172487,0.3992977499335668,0.5284345748748992
4304002,0.5951431253171133,0.5950776929756098,0.543941060613774,0.6489293748785397
4304101,0.5175789318501003,0.5163895457690468,0.4638264357911675,0.5479135540549318
4304200,0.48205067361618875,0.47853806692627393,0.4466137537712636,0.5188205970648249
4304309,0.37123051873546853,0.37083021284969814,0.341995300022429,0.4004781123930798
4304358,0.628821225467185,0.6271971907125361,0.5907757581070486,0.6794549718263477
4304408,0.28505990300701906,0.28527547111519397,0.25103864788323466,0.35758704488146686
4304507,0.43279178386809813,0.4324201773634981,0.40991409878555723,0.47179418429772113
4304606,0.5115304508010529,0.5125442670136985,0.42754688640072286,0.5945036898083869
4304614,0.6629794468688955,0.6596368757185521,0.6292042073256227,0.6690086967391301
4304622,0.4444507687651915,0.44564284957003014,0.434806486201814,0.4784489142243363
4304630,0.4130992134205368,0.41421138919391515,0.3651880154243554,0.4836732423597212
4304655,0.5463581178219891,0.5461806719604342,0.5282251170246668,0.5750132715796564
4304663,0.5323729457476786,0.5359020674501986,0.4710853518794947,0.6038475408381965
4304671,0.459876717729765,0.4608025546800483,0.4203175384382723,0.5015815658584571
4304689,0.5314345580086759,0.5313889951296377,0.49265834946893766,0.5871574911502063
4304697,0.5497987700096996,0.5474038565282028,0.5164195115046554,0.5904077773995434
4304705,0.4594412064717856,0.4611826886713836,0.39025265975789464,0.49701900146328404
4304713,0.4579628518404958,0.4575494880389362,0.4294120442629327,0.4902267016174295
4304804,0.4234363360835651,0.4190154851501952,0.38063270635797714,0.4863900786178752
4304853,0.48751396998446017,0.4871902490995579,0.46361294478255033,0.4975512449165019
4304903,0.39007449829980906,0.38756548278091113,0.3462102717886902,0.42062198248094546
4304952,0.3860544899158802,0.387943612825521,0.34895908586962454,0.40007881167929527
4305009,0.4611008127866181,0.4608081904251244,0.41859730835474246,0.5272087433164603
4305108,0.349104371069074,0.3476377161284024,0.30507950271025636,0.4554515191695043
4305116,0.48755012017168337,0.48871992172399975,0.4667664831375995,0.4885533659004759
4305124,0.5167188593867115,0.5203419728760702,0.47702784110477126,0.5645355662789573
4305132,0.5441929932198916,0.5405864512639762,0.5164205807856455,0.5815285562067025
4305157,0.6473282724404616,0.6471524765286767,0.5824545763016852,0.7002152265000566
4305173,0.46352360297603,0.46134801030277256,0.4469822595296797,0.506836848906894
4305207,0.5742640226319689,0.570512296209866,0.5314931028853241,0.6050779930751699
4305306,0.45974954738415696,0.45830820378864184,0.4236973736095943,0.4680323488328863
4305355,0.4698140158190328,0.47113300911711864,0.4135457279531349,0.5619496248752888
4305371,0.42236825296394487,0.42208402457825017,0.3717671873260338,0.40603051354117653
4305405,0.49845673729709616,0.49694914087417835,0.46341891150866427,0.5610715463733924
4305439,0.5544192731372884,0.555143428818815,0.5032786325745322,0.6079257393828358
4305447,0.39788760710660026,0.3952647955323712,0.39399400380722566,0.4425333140553069
4305454,0.4556300226059381,0.45630426128166596,0.39586967983160154,0.5360066444565575
4305504,0.49829740484042373,0.4970312667932744,0.4531906726715116,0.5120873100187961
4305587,0.41485199142987983,0.41219805875207954,0.390530976409069,0.482502454889379
4305603,0.33509718153713497,0.3359244528192791,0.32261807693336714,0.3661932187551464
4305702,0.47475294089016024,0.47289328765781935,0.43250961444725416,0.5148174310344757
4305801,0.488133900997354,0.4895829910883518,0.45577760404786966,0.5155885288963918
4305835,0.350245740156512,0.3509461076799816,0.3258672058087589,0.3701631501135143
4305850,0.41034300531965556,0.41070097511870635,0.38151729914021465,0.42516406815216046
4305871,0.43580742220172486,0.43407515690644366,0.3989522765871789,0.4624937505889382
4305900,0.5690298972952461,0.5686260403647126,0.5448926865733232,0.612275618881351
4305934,0.38536849375733706,0.3826131565860906,0.37102570962549647,0.42027490546495133
4305959,0.36516453335133015,0.3628516301972396,0.3086006907619005,0.428417851407326
4305975,0.4914297719830355,0.48937227906949793,0.4454793380464077,0.5069651663025233
4306007,0.5533454296842015,0.5512075348422281,0.5255005729258636,0.5877285365836776
4306056,0.5180702503269136,0.5182173491379353,0.4952619113427931,0.5711895143195586
4306072,0.5791683790514394,0.5790291263019823,0.5674467654408688,0.6332375272949178
4306106,0.48642543686659606,0.48780893817668275,0.43103971108600453,0.5372086729114011
4306130,0.38385299019317765,0.3855318434372941,0.35253234647949466,0.3893954999162386
4306205,0.47947203289858376,0.4780697094294512,0.44981118247655477,0.5244727600815496
4306304,0.4878689546282341,0.48782907157549155,0.4258186983962224,0.4826235008830815
4306320,0.47348126138731006,0.4727460190374439,0.4424021781663619,0.49387004355620284
4306353,0.502950050164784,0.503836878294751,0.4945329266506724,0.5424983928983682
4306379,0.41607434183745196,0.41697195363762957,0.4194326302356524,0.4883229675217158
4306403,0.4992296776957882,0.4962352508706655,0.4568217019461886,0.5284025636767667
4306429,0.5640560253728779,0.56331917361386,0.545956866676346,0.5883783669767016
4306452,0.3989009991036104,0.3953346077382471,0.36354506696433403,0.4379802164673798
4306502,0.4886027714963828,0.48639504845409015,0.4722087364665177,0.5272608891988845
4306551,0.600979255430814,0.5989784624613951,0.5367359115303277,0.6172269097133425
4306601,0.5379468747105676,0.5393578621945591,0.4828384934843873,0.5556257566456778
4306700,0.4158549752874629,0.41646061271283835,0.37329810591041207,0.46810084688122383
4306734,0.4492096924171446,0.4480019802617073,0.4210985316816453,0.46407818905215326
4306759,0.49743132616862806,0.49300583010850985,0.45756777677171684,0.5215947080288724
4306767,0.5126256107910486,0.5148122886372757,0.4369341686542129,0.605917421271359
4306809,0.4311336980872432,0.4278339567144293,0.37459878882038566,0.47119615007919985
4306908,0.48141323951110737,0.4818983581954886,0.44956253739712526,0.5372123360183683
4306924,0.5334175944818844,0.5349151460535175,0.5184565955490296,0.5594650296205425
4306932,0.5983752818828092,0.59704012992295,0.5483575131873569,0.6122584491978377
4306957,0.5118323823676518,0.5108303855380848,0.4961109256013023,0.530502823034127
4306973,0.45943342598564607,0.45886354432823145,0.429309236833263,0.4823915611081108
4307005,0.4447192225993627,0.44223868513924763,0.3951451487217989,0.4885371038304753
4307054,0.48550638660278855,0.4847155435150852,0.4346749045256731,0.5082121773219216
4307104,0.607640493190748,0.6093492281021787,0.5698603342028309,0.6509675218382682
4307203,0.5353144154648378,0.5354691958772366,0.5160776420677933,0.5677965128837221
4307302,0.569099647884863,0.5674433176672992,0.5546049636360557,0.6219159826406268
4307401,0.3728023578391443,0.3740272211576457,0.34807178852228615,0.39969887861977965
4307450,0.5533530830389931,0.5520295287396763,0.5523857597647449,0.6110620657132134
4307500,0.42050002282461824,0.4222991700366357,0.3829967667902871,0.46089642257113544
4307559,0.3543519892536795,0.35260661670494403,0.3149177430204175,0.3810262419787474
4307609,0.4520851412392256,0.44970583855167306,0.4073452289216551,0.5132610295583485
4307708,0.5573105902661648,0.557474585611179,0.4735022891628054,0.6326753140530396
4307807,0.42250517840647817,0.4199587487567291,0.3691049107058606,0.47623509942858305
4307815,0.5369619960663646,0.5339919717018453,0.5005800076452952,0.540655187788825
4307831,0.49192697476216024,0.49089390002207584,0.4643270304192521,0.5213328590366317
4307864,0.3718089458469299,0.367915177483158,0.31859997119098055,0.4222541736734568
4307906,0.36193995061589235,0.3592387488477393,0.3224626908839192,0.42264765742618077
4308003,0.4553914297587489,0.45331642301339276,0.4149356989163822,0.5141442834127922
4308052,0.4994679587675377,0.498006058357021,0.460197927617561,0.5126146952695718
4308078,0.48525406331308346,0.48476014922769844,0.44435289857980037,0.5161578011994644
4308102,0.4144011262347106,0.4110474699217164,0.3848177558259442,0.4677846602467329
4308201,0.2477106433791999,0.24498053186769198,0.21963352526434102,0.3430841928180525
4308250,0.47753316635672105,0.47752200809022427,0.4829749938322782,0.5086068821230091
4308300,0.5838610027410702,0.5846046217920466,0.5598961867046867,0.6130751177937896
4308409,0.42260416378686494,0.42649434159849337,0.38912672175952867,0.465321650242176
4308433,0.5400344951950468,0.5358055268607801,0.5140615687731178,0.5487572049857828
4308458,0.5022484339708078,0.500037960970881,0.4526696040414339,0.5022776436719635
4308508,0.4969096024697574,0.49494950167394464,0.44476795212008485,0.5143472850821538
4308607,0.34137768792806084,0.3398017563056816,0.30369358887376063,0.39368117927889684
4308656,0.6792779692961641,0.6788380039866745,0.6342354967449322,0.6920763869702956
4308706,0.38933928760981446,0.3884604532804989,0.36055712398470546,0.4231587796231264
4308805,0.5312224400814104,0.5319056444826634,0.48694820742598627,0.5881677777990667
4308854,0.3772080372681577,0.3756909966437081,0.30123994313962,0.37750163166420014
4308904,0.3264990167895954,0.32577237431606365,0.29998883448775926,0.3614003188749159
4309001,0.4781421129877138,0.4785119143810154,0.4469859023201215,0.5190278725660061
4309050,0.33523005778564285,0.33561252172628925,0.30938860538153085,0.40999280404484933
4309100,0.2637227421360665,0.2629326814122377,0.22119639132924895,0.3340933182895069
4309126,0.6787308403977036,0.6770956385498353,0.6168847401920706,0.696668372725437
4309159,0.5545894105073728,0.5515069676477347,0.5142797331005418,0.6024080862411276
4309209,0.43400229016515496,0.43505184543370845,0.3760319829147292,0.5497251399902413
4309258,0.3428861594060707,0.34103005834489636,0.31217535304746014,0.3752776943994909
4309308,0.4710271369733483,0.4733093720403841,0.3917471631911287,0.5548255181877495
4309407,0.3940721470335315,0.3903589858927565,0.33484359505415995,0.4382677297558337
4309506,0.5361126823560882,0.5339122115943301,0.5128228270432232,0.5740533922527982
4309555,0.4545229159776425,0.4522693385176518,0.40855618366959073,0.4842522909241726
4309571,0.7520676515346767,0.74699236467684,0.7298919381541084,0.7646105617186807
4309605,0.457640133323481,0.4538647115297696,0.4126298924979645,0.49162451829108206
4309654,0.5748568660002428,0.5754169299199335,0.5599696061376037,0.6295392480353023
4309704,0.5054217890018344,0.5023407155870379,0.47402549426062945,0.5369269531439497
4309753,0.5900574848869432,0.584305043587666,0.5621452659959152,0.6144071523324449
4309803,0.3622417563761846,0.35921097264950425,0.34033981153582477,0.42373198820374897
4309902,0.37737855479452015,0.3767356961258443,0.34114461050313416,0.405591631915501
4309951,0.49435482848975915,0.4938337298691399,0.476168029166955,0.5251280805053992
4310009,0.44996065314874845,0.4487842364338018,0.4051275422788329,0.4751796962265111
4310108,0.478661806604437,0.4765151802821645,0.4266805863963163,0.5471561089865572
4310207,0.5215150992777317,0.5211693530616207,0.466748721833093,0.5795913083560115
4310306,0.43160961757727956,0.43064892677124345,0.3913597304268732,0.46814208518661
4310330,0.44398476668353515,0.44606150927107785,0.39578862995192887,0.5004617821445921
4310363,0.45883909477511264,0.4544164463076392,0.44535363667299493,0.5109608618279855
4310405,0.446135717888276,0.4458129980088879,0.4244320014682516,0.48851098500478
4310413,0.5884521443656915,0.5868779916908248,0.5478345640481913,0.6286180156473998
4310439,0.3159272384466579,0.31385845908811905,0.3000305005247234,0.37251886898544734
4310462,0.3014349811458594,0.3026387590332496,0.26780418914717136,0.29913553453693437
4310504,0.5574988353089627,0.5560272640393743,0.5288445042107052,0.5811058373877581
4310538,0.3738939623052701,0.3746929971138009,0.3268407101376795,0.4378682570664448
4310553,0.5576064028303904,0.5572540609711703,0.5178346889212916,0.6000467540803496
4310579,0.5285980376896086,0.5264740735414611,0.500359375685111,0.5422014141316155
4310603,0.5283181627009899,0.5299276113119427,0.4754631673154079,0.5796249252010305
4310652,0.4903847442240306,0.4914563599226119,0.4611226111189324,0.5146478358362793
4310702,0.595524424532302,0.5965485415348843,0.615550154955823,0.6457600152426549
4310751,0.4398317568155823,0.4387840597955424,0.39067513511973145,0.464095918383614
4310801,0.4486766350446136,0.44548482615673707,0.396740773705267,0.493016689082663
4310850,0.5633397426837261,0.5635655323794675,0.5385675427333146,0.6058399308311678
4310876,0.5932704415603763,0.5925287949439002,0.5688691492454654,0.6093952109488182
4310900,0.36889466625093864,0.36905867541743653,0.34650125107624197,0.4011705185292724
4311007,0.4682198985309082,0.47063140647602325,0.42722356969996444,0.5315372602025604
4311106,0.4619890360385002,0.4609577619089196,0.4247098826326469,0.504019663832676
4311122,0.4167265809216285,0.4170654168890007,0.4026295174463928,0.46943196897265566
4311130,0.5782441125991414,0.5783739074466157,0.5430386055773672,0.5888209007569741
4311155,0.5714647866406714,0.5709362937956062,0.5451592256757765,0.6030003786265008
4311205,0.519663433548817,0.5197793619800025,0.46648864089934544,0.5623780815458065
4311239,0.5542359744185608,0.5526645717453298,0.5541793854443563,0.6005129039800609
4311254,0.6210755467099064,0.621335830153389,0.5929677446065832,0.6316413685980636
4311270,0.3368878898966563,0.33743250033012906,0.3108357172744057,0.3662074506487268
4311304,0.4017809535103246,0.4028700116229123,0.3540849001482944,0.43196369961533954
4311403,0.4737490447305718,0.47169237926991686,0.4165280252053362,0.5212016963215804
4311429,0.6297434633408023,0.6266557349509092,0.6043627249043854,0.6846878689856343
4311502,0.5177283226015111,0.5192071541690866,0.4834112974836071,0.5670928088460626
4311601,0.5624182217645393,0.5620549243755686,0.5462587161992054,0.5807779243088121
4311627,0.5997854646365652,0.5962258734879378,0.5723084177001586,0.6424441846848511
4311643,0.3782038255458143,0.3753826556460551,0.37882984192025426,0.45280527495923345
4311700,0.5063441845906014,0.5040678255731156,0.46855355668744614,0.5429610344964639
4311718,0.5327792267116135,0.5333699493005198,0.4781721472759209,0.563507833442975
4311734,0.5555514076916921,0.5548746606054452,0.5320750460149998,0.5839421513870305
4311759,0.5869353857242082,0.5870589749467207,0.5521400719061207,0.6025305552301861
4311775,0.6011596171402088,0.599910425999349,0.5710219845024614,0.6269533833187002
4311791,0.48046317875678163,0.47893932077251106,0.4548908691810402,0.5092664577538856
4311809,0.37778990389256345,0.3763431006537232,0.3220718708205165,0.4054281278331182
4311908,0.5270051360971723,0.5257780174441783,0.4994792934696006,0.5651575071946501
4311981,0.3592749253549952,0.3602118501768052,0.359114799441862,0.44560946573468246
4312005,0.5615706425139319,0.5605717424130476,0.5452817301651034,0.6083280827713228
4312054,0.5009102917536424,0.49937844950448623,0.48582120210324337,0.5473948958671406
4312104,0.4718157074699271,0.4741494293910144,0.44166285716862524,0.49657507573171156
4312138,0.36710697697178984,0.36449434357271704,0.3209138152385267,0.36203729996017264
4312153,0.5223688228359493,0.5183041629780193,0.4724361770073932,0.5338333677421506
4312179,0.5399794604814383,0.5373538732333082,0.5255605821964784,0.566383387967482
4312203,0.40966179640111,0.4085504353015818,0.3670904498647219,0.4719057905591087
4312252,0.3363213820160102,0.33960599759747273,0.30393075694310606,0.41929614741669535
4312302,0.596837508216869,0.5941280665370281,0.5613680622407391,0.6315874563673395
4312351,0.4247739134465762,0.4210358252404384,0.3755544869450449,0.43133586272056895
4312377,0.2910557808809625,0.29162680535530433,0.28507913253578604,0.34733283301473783
4312385,0.3733614212533421,0.373073126235631,0.3412793473708428,0.42221622933848474
4312401,0.4890520516777116,0.49110930622328736,0.4293841364629763,0.552151189778666
4312427,0.47377997476471073,0.47302840927644635,0.42179283324903816,0.4899750698588707
4312443,0.5104865126395919,0.5092984593663687,0.4664432478306162,0.5288933301940899
4312450,0.4507439908181207,0.45356713220430717,0.40944492798755056,0.4806395225540272
4312476,0.3590786539380859,0.35541193096704266,0.3370362650577912,0.39933807226442
4312500,0.4481977247514924,0.45199460000688535,0.39916980557464193,0.48117705290147034
4312609,0.3714727635579793,0.37005078369749156,0.34266768358092575,0.4362182295421004
4312617,0.26201179558531473,0.2609106208251609,0.2392228076181547,0.2841503188844263
4312625,0.48262394724589597,0.4823071784568677,0.4316819050808364,0.4942206570334764
4312658,0.44402604116755406,0.44260234596782083,0.39447255846733914,0.4593316951171525
4312674,0.3396948260147071,0.3409688315189236,0.30603513371588836,0.39808564782921324
4312708,0.5470083435116863,0.545658225775,0.498001468570828,0.5843298160669974
4312757,0.43962111778725743,0.43778308506644176,0.4042171445225711,0.4470899819050967
4312807,0.35133258504772613,0.3462687206401536,0.3044081492610358,0.3927190593733428
4312906,0.3574384697709785,0.3518387902500469,0.31320593169928884,0.37346303881769716
4312955,0.42358528500787496,0.42411524495564823,0.406076358382845,0.4674675906862589
4313003,0.3417563800797516,0.3398690765772126,0.31193797068690365,0.39909594483423944
4313011,0.5085445815830918,0.507061640223762,0.4997224081499361,0.547862658472379
4313037,0.4024911582366585,0.4013547473593744,0.35837099752530355,0.44947210854330866
4313060,0.5379437939177877,0.5342705710327266,0.5036684572833504,0.614792926975022
4313086,0.17025078028829532,0.1694168834360732,0.1575717683720996,0.24155196185227754
4313102,0.4904932461355871,0.4886859373960691,0.4349509486356731,0.5148940004987018
4313201,0.3284571719020743,0.3252350928231779,0.2913552136234749,0.3953296118580581
4313300,0.33180885098451274,0.32776888720092545,0.2782213715320283,0.3973537136537714
4313334,0.4158323024073818,0.41717206870588025,0.40640791705868917,0.47648537635448734
4313359,0.3742509004984038,0.3721356629923314,0.33267165536558846,0.39937285441325515
4313375,0.5471047385437247,0.5467685700712223,0.49852256417172897,0.6174104328607984
4313391,0.525552097565921,0.5207862765281362,0.5044401301957149,0.549724480674351
4313409,0.44198809041658227,0.4410933987981487,0.3824985904915745,0.516504911784306
4313425,0.36290521144712384,0.3637292539285634,0.36145001726161424,0.4051819237750305
4313441,0.564762656265839,0.5627508877917023,0.5529376008592553,0.6177504641404488
4313466,0.557407708081383,0.5574596181962026,0.5238919251614736,0.5803696772419711
4313490,0.5378706813057196,0.5375550351402523,0.519339705229899,0.5772407734185688
4313508,0.49943603878352405,0.49855007144565305,0.42205940559278304,0.5572928409752124
4313607,0.5188489280391069,0.5189376161804484,0.5290182972195899,0.5610242072121788
4313656,0.48248833271235275,0.4840576971318938,0.440612576006387,0.5335040339442835
4313706,0.4932617326658223,0.49426549320258745,0.463369481744419,0.5533986296497834
4313805,0.6029356607469957,0.6016473463898356,0.5759470952662772,0.6173056483831656
4313904,0.4228750789294093,0.4218524834968191,0.38616854315189125,0.48361400546592276
4313953,0.5474035874614641,0.5479127393007142,0.5066362475513807,0.581169240304111
4314001,0.33825411606685857,0.33334919920851575,0.2905008909406204,0.36544245661733227
4314027,0.48783110029965715,0.48405063590559383,0.4581898274109271,0.515563168151285
4314035,0.40091243401198084,0.39995151706812077,0.38740740317320665,0.4633321554174037
4314050,0.5757403710476102,0.5726202030905184,0.5295706017310917,0.6184057369693928
4314068,0.6108291880818888,0.6056259092135898,0.5860995609506583,0.6268700348845289
4314076,0.572551405634437,0.5655708375663989,0.5434935253679565,0.6163808630444128
4314100,0.4937957045203282,0.4924550927192996,0.4175165152741665,0.5512942691507314
4314134,0.40235025723930795,0.4026672741440234,0.37041946111399904,0.42874562837073177
4314159,0.5853398709449518,0.5854570047889315,0.5370401249089716,0.5899734162331057
4314175,0.5522892764826112,0.5535430798075766,0.5349917549979154,0.5843546815994878
4314209,0.5411604409464632,0.5454557734676594,0.4905752816380353,0.6054346231536295
4314308,0.5010752854868865,0.5021483478796023,0.4567057991231697,0.5065512326042564
4314407,0.4648917562831899,0.46782575187826864,0.39049412481141976,0.5584925417319966
4314423,0.3813636937773348,0.37930432378395723,0.3639033539464163,0.4426908745361433
4314456,0.5383887691665791,0.5359314440647824,0.49448440131217897,0.556519261591395
4314464,0.535699021382038,0.5328537437980042,0.5062459225625667,0.5608974881591413
4314472,0.5520604017287682,0.5493961069263774,0.4990235056238271,0.5880820453005894
4314498,0.5881868462479474,0.586911472568806,0.5700148399929584,0.6485906948479071
4314506,0.5316315739712301,0.533752315526022,0.49139421875053185,0.5808233299978066
4314555,0.5474456433490609,0.5468088489583041,0.5391435603213514,0.5873898841089016
4314605,0.5218565119996996,0.5234917690021229,0.48820170475795294,0.5726407729309193
4314704,0.5140080218560112,0.5108530483420641,0.47495887216138705,0.543817983039015
4314753,0.47416539190460055,0.4733244415326617,0.4476179042477915,0.4965702150518654
4314779,0.5141101315342784,0.5142583898501835,0.5017412686342148,0.5598914954709712
4314787,0.40455816324848637,0.4021629634247618,0.3576472044676217,0.3996531414655322
4314803,0.5055714691093383,0.5044762913293487,0.45928489339004336,0.5690465712058369
4314902,0.44667544675433124,0.4481032007226422,0.35571044013281616,0.5592681050659047
4315008,0.5298572296582362,0.5292003170940958,0.5093234478320313,0.5736815817525865
4315057,0.4459713640241585,0.44687628099118165,0.43751981133036644,0.5010257300005058
4315073,0.5664277945092587,0.5650496641765917,0.569537883206948,0.6181889459488419
4315107,0.578605393217288,0.575980990792695,0.5486066218456096,0.5983588122945406
4315131,0.5038134711010617,0.5032544036422003,0.486022604676027,0.5451755016406685
4315149,0.39669701025523996,0.3942281683921475,0.35272115873987026,0.43755838342182657
4315156,0.5450364173306982,0.5434255228233845,0.5231102048732234,0.5817265785090773
4315172,0.23880144312329232,0.2377129864651479,0.21801125123324816,0.28823445597571806
4315206,0.41842490292077317,0.41602464656083754,0.3811229629816027,0.4507265980411284
4315305,0.5320728811489567,0.5317836108785419,0.48859186072546534,0.5792131724334465
4315313,0.5241772429760464,0.5212363654650797,0.4812895105606379,0.5263415933845952
4315321,0.5593705642458199,0.5598495907559872,0.5306283457878349,0.5707542388933744
4315354,0.45132514076445823,0.450995154396789,0.4136482900426161,0.48722870029410403
4315404,0.5824042920139699,0.5812871847221891,0.5695087982633702,0.6497355879891409
4315453,0.4181150418236174,0.4179197124337033,0.3850660673315765,0.462852213062901
4315503,0.37989220759375986,0.3804692958333296,0.34472892979608466,0.4380445150868564
4315552,0.6127719599400093,0.6128214463631458,0.5850710189615423,0.6470865684622306
4315602,0.5995889027784345,0.6009011020575675,0.49155504414701784,0.6531774254920089
4315701,0.5911154704794295,0.5906226409549502,0.5391909449753121,0.6183121808073015
4315750,0.49546294657456513,0.49082334085500845,0.4751648527531726,0.5665636250756911
4315800,0.46739197428596346,0.4656820856756351,0.42093037272519246,0.5070615905613324
4315909,0.5255406602228208,0.5231734025836547,0.5065508804659332,0.571548132988848
4315958,0.6290430337385579,0.6274504850245499,0.5935928219491421,0.6641292527805365
4316006,0.4239006285410369,0.42011460063840705,0.38820732687658294,0.48050336785211206
4316105,0.5337502442895445,0.5336045760630684,0.5249083681515,0.5764966433880442
4316204,0.4889083797839367,0.4884547956013688,0.477105192507596,0.5128859432954065
4316303,0.572374983822567,0.570960269600717,0.5473253092112808,0.5959838938125974
4316402,0.49737715303095975,0.49906813670033706,0.45684014723598415,0.5445685522158722
4316428,0.621085613343872,0.6189607001659828,0.5657075369922774,0.6937246597965304
4316436,0.4463861316464316,0.4470305875465628,0.41012995378295164,0.46028549993329343
4316451,0.5530316698366571,0.5528484504124526,0.5080392523573676,0.5967621552068608
4316477,0.45523173652526316,0.45440556745328836,0.42984493344358343,0.4785697759520268
4316501,0.40809584714356045,0.40639424143594244,0.37918894055343566,0.4534085383449737
4316600,0.37968077756661966,0.37782167106154657,0.35946509570274854,0.4039283870008819
4316709,0.4620088736691519,0.4624457533491279,0.4348406167736177,0.5090300086460678
4316733,0.43388761802755793,0.4305718033398245,0.3946683732500289,0.4638254946199237
4316758,0.48714225789589766,0.4822982964300881,0.46652656583201707,0.5317943029991634
4316808,0.4867479673635425,0.4813068643309115,0.42005950432766476,0.5459250543742803
4316907,0.41949754274014284,0.41901753436905437,0.3549389697310071,0.5116171733296347
4316956,0.46680525756923097,0.46318298145961045,0.4295390221971287,0.47263464317232984
4316972,0.415501779208657,0.4174110636255128,0.3852729970027726,0.4827388504092702
4317004,0.5442214995344313,0.5437766283197653,0.5169988542092097,0.5899386263273433
4317103,0.560492141068119,0.5622753006883996,0.5060669949084674,0.6326133675819355
4317202,0.437858297496521,0.4384936492047573,0.40224258411887986,0.4917237949339685
4317251,0.44651978004666715,0.4437032937077152,0.40600898918411815,0.4816430808810918
4317301,0.46907181268153475,0.4711934258234048,0.4301016484141216,0.5447684971932722
4317400,0.4793357829184421,0.47930004263333764,0.42385364228272665,0.5170591610160523
4317509,0.5557864669771831,0.5549503915919906,0.4905407878748049,0.6134614321658677
4317558,0.48576824567514454,0.48435059716384615,0.4494833844302764,0.525881038510667
4317608,0.45492585025525367,0.45519722103648136,0.40871067671297373,0.4872029088079164
4317707,0.5896884415459568,0.5891415602216461,0.5535714532028432,0.627334646992401
4317756,0.37813394589827526,0.3788666763712673,0.32537117808840127,0.4039244647432647
4317806,0.5746140197658303,0.5728951703533921,0.520994098017984,0.5979110217203142
4317905,0.5087025588467758,0.5070195726613484,0.49763979575907946,0.5486660215054738
4317954,0.4618760046824855,0.4606672445735984,0.4542713749998409,0.5009987021916925
4318002,0.5918853067167218,0.5922292945051423,0.5341355570374201,0.6240924780664047
4318051,0.4719558589243553,0.4680959040525827,0.42949201448084656,0.5062140714173774
4318101,0.5432107990546773,0.5417467925682108,0.4927158126766016,0.5596668265515994
4318200,0.4141787761950725,0.41600687910930567,0.40334048734063255,0.4781156346132902
4318309,0.4784982900787254,0.4794316462175762,0.4244690841825494,0.5390414795462232
4318408,0.451119456361396,0.4539257013120932,0.4126329809867318,0.518739675494612
4318424,0.49762815131938576,0.49523961199580163,0.48342242326179424,0.5310151403256839
4318432,0.3832096507699111,0.3836281367405377,0.3613437200777663,0.4455184057205806
4318440,0.42428689723157376,0.42146752017425243,0.36695557008753266,0.4197030843539215
4318457,0.6408741817651055,0.6389030988194727,0.5991239829483075,0.688543159145782
4318465,0.5665167933387447,0.5663678532814618,0.5430871048456462,0.588630819328102
4318481,0.4403353947266374,0.4351844508919854,0.42319529456273086,0.4734296750199725
4318499,0.529033784604319,0.5260067525861801,0.4812571448589173,0.5341229656951069
4318507,0.5238569325132989,0.5266777671541351,0.4794620938196697,0.5742049239786685
4318606,0.387770158228077,0.3864673701153008,0.36638559838782075,0.4292293326434993
4318614,0.4420660949713694,0.44040348179047456,0.40868161858846724,0.4623689182217108
4318622,0.4319882124164532,0.4315141961038235,0.4183037502556978,0.46502411452026804
4318705,0.5342719050758464,0.533858438122429,0.4645405235754054,0.6073897165209852
4318804,0.49967623787146487,0.4990259395324699,0.4817635548910135,0.5599478244881378
4318903,0.5667008465921394,0.5668194545414103,0.5247187900617221,0.6060237724898214
4319000,0.23560964206098844,0.23420856800197185,0.20905216829559517,0.30978285587119925
4319109,0.4998600535325739,0.496752659300933,0.45630445063677455,0.5283709322243514
4319125,0.38875045624191645,0.38903949596863524,0.37880007496412516,0.46559004127964565
4319158,0.5894739735255877,0.5881858608854111,0.5576989651614024,0.6124015283878602
4319208,0.6134720811103357,0.6130638134561841,0.5790747375492364,0.6408548214419535
4319307,0.5561556444503934,0.554459490933137,0.5303345904870633,0.5818530242315951
4319356,0.44387163868455937,0.4412090089391992,0.41990222169369584,0.4799278778434204
4319364,0.5594398261338872,0.5592791397265411,0.5514135763377546,0.6079127320664187
4319372,0.48239335203439154,0.4816035133288759,0.46514631950502866,0.5224562528266601
4319406,0.42334830197827167,0.4232879389046021,0.404935816983353,0.4774055644894653
4319505,0.45948394305377205,0.4587697037132576,0.40831657320733944,0.5122996554026399
4319604,0.5177532334431011,0.5195825389359324,0.4806922644123188,0.5599189505825095
4319703,0.43051848821773675,0.4307191525417242,0.41182981548797354,0.45924116205579324
4319711,0.4130597194036074,0.41073622365290174,0.3757081946446825,0.4589891676475346
4319737,0.6264038054492235,0.6255503772783803,0.5793911920526521,0.6476303915288165
4319752,0.41896698842448454,0.4156243090632084,0.39270646682502,0.4725911401280997
4319802,0.515167191742157,0.5146706825182478,0.47079696719698977,0.551025034878839
4319901,0.5064960010293271,0.5054082152060732,0.4585972603247462,0.5624359066440201
4320008,0.6162027735296564,0.615604513904337,0.5414794005360063,0.6744078016396031
4320107,0.45059370357755085,0.44891661055131865,0.4001695055456198,0.5016296948006146
4320206,0.5153798080087804,0.5143262092841479,0.4894991039695665,0.5469741991314805
4320230,0.5085715331262337,0.5059729731100951,0.49165334113162307,0.5518183551632654
4320263,0.5797874772946265,0.5754197716491828,0.5668201957520345,0.6055114045451551
4320305,0.37452212866066326,0.37509879305306576,0.34164915993020534,0.39608885908357433
4320321,0.34456931713637406,0.3469573264437857,0.31920990354532025,0.3788207154665872
4320354,0.4567835099592978,0.4580113072254524,0.4181671366619182,0.48145629716368754
4320404,0.39881551366215906,0.3953389897591897,0.3443448274215659,0.43925080423895774
4320453,0.6178608709076978,0.6155132651583123,0.5810230663023433,0.6488282838871516
4320503,0.4136227706082969,0.41199140302065557,0.3651316443661809,0.42700498981728546
4320552,0.37575245037158944,0.3745571153918302,0.3488218974084716,0.41511357626567374
4320578,0.5291294658624742,0.5297710259626033,0.5180256871810776,0.5727969743355605
4320602,0.4810019838703061,0.48042253686111874,0.4539150525967554,0.508466359026203
4320651,0.4533150754667621,0.4500488149951403,0.38947546021156915,0.48968321237544776
4320677,0.6309605099827001,0.6234910259347611,0.6115187790504438,0.6623951611689384
4320701,0.4306602765786043,0.4292095787487671,0.3961796856555844,0.4788933244985945
4320800,0.4683933855132235,0.4686326315594136,0.41413931812525684,0.498552925014433
4320859,0.4948278159566113,0.4955148387670782,0.48726911877845364,0.5602161517979932
4320909,0.3187337024456833,0.3160833759297452,0.2716560151443682,0.3642516270386371
4321006,0.49505889041437207,0.49464102474659916,0.4435244152927596,0.5091054656535973
4321105,0.45334380092769444,0.45659709323467884,0.41791444120431903,0.515772596559889
4321204,0.42491334959145644,0.42478938113450176,0.38204995820410353,0.4804386080444483
4321303,0.48726900547243374,0.49064114585026325,0.4416981801604319,0.5448278233351868
4321329,0.515270271644312,0.5150042763102355,0.5138742279642984,0.5654684615274369
4321352,0.5697927044431577,0.5713040616028037,0.5219448376041624,0.5753327891185978
4321402,0.514713071280237,0.5142074422421486,0.48829298154627104,0.5480009555829731
4321436,0.48039346079540624,0.47967777232313313,0.435027638687552,0.525869718381267
4321451,0.49161935486032754,0.488337270781015,0.43680058987168247,0.5377366377617405
4321469,0.5106280066731758,0.5072923332611681,0.4744135062260712,0.5341183105925736
4321477,0.5644918932590701,0.5627789567043137,0.5627286632778518,0.6149549131138956
4321493,0.4110108602663741,0.4115502302510703,0.4014270726936435,0.4491221627461845
4321501,0.4470646804131003,0.44766404779187696,0.39790939230037664,0.5282087881184623
4321600,0.4752014872885906,0.4766207053933318,0.41454760245482286,0.5292544410427727
4321626,0.5093436185387744,0.5091591140668815,0.509629521404977,0.5652930784548039
4321634,0.48533484734502286,0.4825861283789879,0.47427689818471186,0.5245328075993735
4321667,0.49972482760981635,0.4963458032337064,0.4441446948089513,0.5213112585186676
4321709,0.4409677583414887,0.43832490815440145,0.40514962477997435,0.5113782216302041
4321808,0.4065269219121841,0.406044897235647,0.3774210507087958,0.44326239473751694
4321832,0.5465122610306172,0.545652195353417,0.5080585146478676,0.5428137898085162
4321857,0.5359781601275052,0.5357713497564444,0.49475779978842754,0.6100723451735673
4321907,0.5386903561504622,0.536503377419793,0.5089239962304887,0.5728484421062456
4321956,0.5938047723157625,0.5928234789832053,0.5531276701737773,0.6245862986817737
4322004,0.42856962380926744,0.431385033544194,0.3698197829156649,0.5028056312697319
4322103,0.36840993211035133,0.369793140978573,0.3370715037310202,0.40483348118921664
4322152,0.657869448333077,0.6548281173843903,0.6279333894970298,0.6591500833421932
4322186,0.4514930793692201,0.451224705065337,0.4287023758083965,0.47192814436969854
4322202,0.47885240179098487,0.48097171933961996,0.4391270043335525,0.520299874442114
4322251,0.37996642195207186,0.37685820634814365,0.35215103529795133,0.4069876033966043
4322301,0.42233868260614693,0.4211071981043097,0.39267065508730736,0.4579458374247875
4322327,0.3600060288688215,0.36016539022093763,0.33426388169495597,0.40179586682131824
4322343,0.33729298033893224,0.3389167561039095,0.32592641342994183,0.36894131998895213
4322350,0.39006071867477804,0.38732560565645224,0.3842113609375699,0.44835775897842706
4322376,0.48796484019641745,0.48694838574281096,0.45871117008250617,0.5376410596367024
4322400,0.4393927447012832,0.44222230523782863,0.3769988498355774,0.5071745211605881
4322509,0.3101291776982291,0.309143893306746,0.2730531613946195,0.36966975177613604
4322525,0.5037525830229251,0.49898716679651894,0.4652900922488228,0.5525416691688255
4322533,0.6359401972713289,0.6267049708562381,0.6148107504311766,0.6689600691255858
4322541,0.42263680269621384,0.41962136276805984,0.4175923170386184,0.4738424520725076
4322558,0.45538316427888603,0.4528139197743421,0.3664619412501105,0.4491784418143072
4322608,0.5698334658675579,0.5646780173677851,0.5287749383372652,0.6099920914747053
4322707,0.5691690193543134,0.5624857936348756,0.5196401008949892,0.6034337552051712
4322806,0.25209083761360424,0.25062619782377027,0.21223974747566043,0.31951243650620303
4322855,0.30805045761260763,0.30671420925851195,0.2726076726353528,0.3318293546385805
4322905,0.43701313775712436,0.43631759471181636,0.39214291793679973,0.45495232652038314
4323002,0.4851698963132246,0.48792577859435804,0.41614920688612517,0.5872142425895479
4323101,0.49977586869506563,0.4990881258880928,0.4665233717926925,0.5213047977379093
4323200,0.38832410142858936,0.38767919518271204,0.34878253208429455,0.4144756434048607
4323309,0.29181502103059964,0.2894203547390219,0.2517113655890367,0.33035212801391495
4323358,0.41832723280457196,0.41758400642985544,0.38746518368675326,0.4351124763828646
4323408,0.3950009655811957,0.3944621751622472,0.37647035846806515,0.43573251997867296
4323457,0.500727415697849,0.501319842822643,0.467104828736709,0.5450067117378755
4323507,0.6154798129411421,0.6154857929097385,0.5877922502750765,0.6298505550713598
4323606,0.3978930272488014,0.3920814921042006,0.3500472086685935,0.40956647703432153
4323705,0.5528949300833024,0.5501794024321347,0.5504143624510596,0.6039148288775552
4323754,0.6020919764287149,0.5981616683629992,0.568267712166393,0.6460390895990021
4323770,0.5103274461076543,0.5082251986809424,0.5022652873212922,0.5613049383940847
4323804,0.3883949955336222,0.38858171751422604,0.3477105909259404,0.47149734617850525
5000203,0.5081238836132582,0.5096507305676832,0.43443357479581834,0.5675991588309208
5000252,0.36800034421785044,0.36812533852370377,0.3397162273133303,0.42458313453608065
5000609,0.4914789615186853,0.49218506538241696,0.45078119114628273,0.5520821170320633
5000708,0.5453892086783241,0.5457201194985692,0.4771142574083567,0.642400442221112
5000807,0.44314528294908284,0.4443179067062954,0.41809777249574714,0.5088875510742404
5000856,0.4787993693742086,0.48090384217831916,0.437714510775044,0.5443934538887119
5000906,0.45054826565476325,0.45054801425601393,0.4067634244824841,0.5138782989205929
5001003,0.4158328349008813,0.4154366075639266,0.35867080543566116,0.4834543701797364
5001102,0.5210711808773536,0.5212767290502023,0.4549589862528318,0.6401077973584944
5001243,0.5455483022002549,0.5450579482083003,0.4942021487578292,0.5497807915564618
5001508,0.49098718964915655,0.4908887178960959,0.42579575418275084,0.5280368897576144
5001904,0.46400164789147014,0.4666918774045563,0.39903805611453463,0.538218278353101
5002001,0.5069924511273816,0.5081993590102024,0.45824872186052845,0.5444622137628773
5002100,0.4648245530156332,0.46500181462662965,0.43571083704448715,0.5362698842256989
5002159,0.5369906984756684,0.5368541599296014,0.4863892290984256,0.6036814727041658
5002209,0.4850769777390163,0.48376684966670186,0.43849695750185064,0.5529716697006619
5002308,0.45667177718467955,0.4571036355890065,0.3821371877878012,0.5351462633703017
5002407,0.49153471485417,0.4920294673753527,0.42777425243870376,0.5634489815251184
5002605,0.4464079239121267,0.4478649828812906,0.41561256080802167,0.490325203536999
5002704,0.3982849831358626,0.3990104641553314,0.3120352851996902,0.5092499952861095
5002803,0.46347020987414683,0.4636290098675612,0.44660973416693683,0.5180067943169515
5002902,0.3086182665170831,0.30961843874860945,0.26470349616505967,0.38726580434660945
5002951,0.3742784902852502,0.3741699905612827,0.3043585712796472,0.4325882321658741
5003108,0.42303559236907573,0.42647163097864604,0.38645500837721153,0.5112155324238016
5003157,0.579480230761597,0.578300178876634,0.5582559416676183,0.6181906082482488
5003207,0.5968922426801556,0.597461605861714,0.49860655553948857,0.6729778240537964
5003256,0.39815214894255346,0.39864622661584836,0.36015369078175313,0.4695019440854318
5003306,0.46294269828326906,0.4668177618948901,0.41731414831818503,0.5480239942951438
5003454,0.4268484692208389,0.42829448634551204,0.38568241620046567,0.47801295097237917
5003488,0.592416374829266,0.5940049265873112,0.56780541997656,0.6502733576046223
5003504,0.42334170712586905,0.4269387780398861,0.37305546919267774,0.4673526811655197
5003702,0.3804800006240664,0.38181448924500233,0.32172124818550424,0.4795802510002225
5003751,0.360493512077661,0.3633185810418933,0.31700912122338204,0.4307210210200865
5003801,0.40724256760664473,0.41126188854987844,0.3550284558440476,0.4532305084571662
5003900,0.355225919310811,0.35786313393579117,0.3110813306124347,0.37860013055567737
5004007,0.42565890185858113,0.42625982463002415,0.38433273471943413,0.4944161163604504
5004106,0.4712956409133556,0.4726357763500803,0.42959366478184036,0.5281520656273789
5004304,0.38956620674603526,0.389566242482214,0.3518955677136735,0.4340472025102267
5004403,0.3581231813949957,0.35971048103454056,0.318010515769757,0.4212758976800984
5004502,0.4401117208123459,0.4422153961755538,0.3833800659183127,0.47150149854190077
5004601,0.49725923732069727,0.49846740195527833,0.4648846953620371,0.53660410754055
5004700,0.44980611247242286,0.4512129714735549,0.394491610883487,0.4962657274750099
5004809,0.5715765055579175,0.5731811999694743,0.5510038284502284,0.6220825042973912
5004908,0.4758156928891269,0.47635512271975333,0.4264591654612147,0.5330367747766847
5005004,0.47916335842645164,0.4797578284599515,0.4354672328401463,0.5462548898054874
5005103,0.44830186860190224,0.4519521182647956,0.4086861540219569,0.5042111980775533
5005152,0.5525158632872187,0.5538320641194422,0.5057405346886051,0.5753596971922913
5005202,0.6080065339934563,0.6083722812893626,0.5162653099045341,0.698315434418079
5005251,0.4490816609538655,0.4498305364747672,0.41046020180786663,0.4849112397703284
5005400,0.4949134944930539,0.49442555505767394,0.44467757450221623,0.5531148773400413
5005608,0.5484560340064911,0.5488929878273194,0.5048079686543177,0.6214349609044499
5005681,0.43430015990461823,0.43326194113231026,0.39820017552531634,0.4977804023070755
5005707,0.4642836713936928,0.46440084343585086,0.400143520860121,0.5135547953634961
5005806,0.5122582324990872,0.5135938978020945,0.4734446488521374,0.5873190299224589
5006002,0.529755366775133,0.5304603265417535,0.49230183271357913,0.5700524177107172
5006200,0.4543681693787767,0.4558946053895916,0.3951904415925242,0.5019601847864538
5006259,0.466095979009881,0.4696967579379419,0.4452248856940813,0.5003150805203577
5006309,0.39052311445591725,0.3922655129708989,0.34941632605023226,0.4664527342593485
5006358,0.5432609118861788,0.5449474366020978,0.49662194535845455,0.5456899749460514
5006408,0.41698676921421884,0.4196563218505635,0.3923958021110943,0.4630668291552873
5006606,0.4514573227133659,0.4498697989019307,0.40037679249443037,0.5021169837260374
5006903,0.4846172130557015,0.48254662754725336,0.45556120190412464,0.5712177977464927
5007109,0.49597270627115814,0.496237855522667,0.43430005842927355,0.552501588827948
5007208,0.48274529000762856,0.48332557834617434,0.42822034846515394,0.5399405462853656
5007307,0.44111174321971536,0.44454627248884354,0.4011189552632648,0.5174697123965224
5007406,0.46800123055678977,0.4678777014757151,0.4274700429515808,0.531612123162769
5007505,0.30626949776691875,0.30729513798819413,0.2577404982034624,0.4250582477516221
5007554,0.4312791975621909,0.4331308755953855,0.3726762417252914,0.4821906113902159
5007695,0.39785663582421826,0.396990687471881,0.3472018142586571,0.4596133538466991
5007703,0.46281380295889163,0.4631983803752479,0.41399947375298485,0.47353980358720155
5007802,0.5817633327839844,0.5802527164796477,0.5174263093523984,0.6553455042749915
5007901,0.5423557393659905,0.5422855976345137,0.4683861105987719,0.6164151051561726
5007935,0.5171357383822661,0.5178901263900999,0.46592257499366624,0.6024756471666759
5007950,0.6516949132837059,0.6520889580609871,0.620075685286456,0.6725100542380403
5007976,0.4686207204096313,0.4753063442186749,0.4204876227610579,0.48778913639365706
5008008,0.4770557982747208,0.47768263613231277,0.4120559171512214,0.5563503982307941
5008305,0.5181452723630972,0.5166509497959008,0.39883123258129133,0.6289812739391859
5008404,0.44055504241576104,0.4450335987888419,0.40519901711903855,0.49654693204460415
5100102,0.7282130645422948,0.7265942540106437,0.6348148636002394,0.7222271894372826
5100201,0.33407616266064455,0.33210075924201,0.27774919708942636,0.3453416768561386
5100250,0.3944259544990651,0.39723348337206427,0.36540365436855443,0.404982524462752
5100300,0.3985040684454306,0.4012280666011183,0.33929499988069933,0.4674230828175509
5100359,0.23824046966569135,0.2359443090774771,0.2165457450562611,0.24539310645935716
5100409,0.40691144891182063,0.4075104329916139,0.349747355297146,0.42542972298341136
5100508,0.5745926873987928,0.574915588197381,0.5129701498196552,0.6024889461243998
5100607,0.3359654510054247,0.3360107148511194,0.2803982122858144,0.40938207828192946
5100805,0.44402120740271106,0.44667205252793557,0.418375458962672,0.44159414731586
5101001,0.5345258944269575,0.5343644398464117,0.4604315387863886,0.5490082008096672
5101209,0.6065766443110783,0.607607033427222,0.528686126556624,0.6185051873478543
5101258,0.42530957014797544,0.4260741926042256,0.36806350260125426,0.483402879053148
5101308,0.42756443983994585,0.4291507367448541,0.3815801828041436,0.4726258442651272
5101407,0.40399364800765203,0.40329988837317376,0.37373582322888504,0.40160068325866644
5101605,0.755122632151981,0.7543009973659885,0.6865323970609204,0.7555401481032832
5101704,0.5922098163689712,0.5905484032408576,0.5046216619767591,0.5981353449244785
5101803,0.5200710142377507,0.520147577918773,0.4188004083290971,0.5677304989813885
5101852,0.4346764747031478,0.4375089850173684,0.41239188584820563,0.46061816915117954
5101902,0.4176139582652779,0.41699967880023,0.3754075197445416,0.4302177795129931
5102504,0.5854338552002948,0.5854092029833823,0.5044251817893303,0.6167317248392306
5102603,0.4416457365473308,0.44295392331982475,0.40136374857590956,0.5039625922305837
5102637,0.4416804679432442,0.43780507943703356,0.37089067781831603,0.47277072761709676
5102678,0.49055144956032604,0.4888725251421064,0.4177601496041641,0.5314195007513539
5102686,0.401052734274884,0.40114658513350365,0.3570486759905717,0.44043483460367217
5102694,0.30709642556902483,0.30608036236949826,0.2824606035759836,0.3194971764774236
5102702,0.3418811181087937,0.3397137877586967,0.2954168457403221,0.3926247082641949
5102793,0.44089590012989766,0.442403973133456,0.42184421524208116,0.46278211540025205
5102850,0.46372883697812534,0.4635244508887288,0.4470268765353562,0.4751058455203825
5103007,0.6085822289603027,0.608756361505685,0.5326815572742102,0.6469123066549339
5103056,0.3116698812423985,0.3116568309906271,0.27946576591912425,0.31051216465460874
5103106,0.6302643480769781,0.6278101596673643,0.575477313177542,0.6593221531180183
5103205,0.23148188459332553,0.2327228920614763,0.21199561306739725,0.26337279951742215
5103254,0.5210752456084008,0.5234209638174286,0.49640068952724065,0.523403163241468
5103304,0.36156952819699006,0.3623591593327546,0.32663858551250424,0.3864311509837323
5103353,0.4241363032658686,0.42011639918750227,0.3884363645892724,0.4404901808401447
5103361,0.3916462844950458,0.39177554536625764,0.35874226772320217,0.4438374359939771
5103379,0.5121526459165564,0.510145730451779,0.47840891158714954,0.5072103967876506
5103403,0.5137297927657747,0.5139326627829165,0.381327360203953,0.5773393658798458
5103437,0.42444905879889266,0.4265075541652183,0.36832988655390714,0.44772951253716076
5103452,0.5436476842050058,0.5430577056577185,0.4562817169400517,0.5486959565402881
5103502,0.47228359185200264,0.47090272867722355,0.40588251078413906,0.5102657434937602
5103601,0.47114341735178555,0.4721591749643059,0.4182804736345617,0.496681722576852
5103700,0.4341680323297501,0.436662878517277,0.39549826376855024,0.4504777767929666
5103809,0.295201761978733,0.29631320233856123,0.2464449094494515,0.3122076481526577
5103858,0.3014735412289174,0.29644923356557734,0.24381014488930042,0.37364037167370806
5103908,0.5836625604286698,0.5837390653638983,0.5034973395617256,0.6218292232095529
5103957,0.4735353424697686,0.47394565559782187,0.4388563874063511,0.5000147145506035
5104104,0.3671996703670022,0.36814786612447675,0.3288417819466222,0.36867900736907294
5104203,0.40251318927625607,0.40446471682970736,0.34487894628284504,0.44681021232482543
5104500,0.5825262035755026,0.5818173865998214,0.5252539629901481,0.6082578897936101
5104526,0.3785806280037355,0.37752502605474686,0.34712135320087384,0.3955447641715814
5104542,0.3929589157994142,0.39259645151630246,0.36140694248373895,0.4065019361827258
5104559,0.37402385037189667,0.3728906243137906,0.3446430375193017,0.3793249349156824
5104609,0.45416409598853413,0.4544851429738925,0.4074509886521121,0.5222597284770546
5104807,0.41638110953071283,0.41759485735118645,0.340365204888836,0.47967850474212276
5104906,0.6304437213536289,0.6297371995769447,0.5626314324723518,0.6698444464785309
5105002,0.4150334025902186,0.41512310208970593,0.35758441774692007,0.4397853094394644
5105101,0.30998325579654934,0.31054148116138425,0.2684830732530387,0.31805062170278703
5105150,0.4037436542705315,0.4054078770455834,0.37913130219554053,0.4174527001517303
5105176,0.4395096661098027,0.4391613517208443,0.39917487426951065,0.43612251688429216
5105200,0.5281372165720417,0.5275962528248798,0.465265686790514,0.564610671378141
5105234,0.43446900871021527,0.43596200784394784,0.39106837613542145,0.46753276144350214
5105259,0.4459561706738956,0.4456177286032359,0.3779738688714396,0.49069424884473173
5105309,0.4448831303042134,0.43984112418546634,0.36969854524753365,0.470203389094046
5105507,0.45537501971342775,0.4565078960889662,0.4252084861595253,0.514569805447561
5105580,0.2741807486880581,0.27943464057149786,0.25714707583289376,0.283555007012721
5105606,0.43760107065010223,0.4378801627061711,0.3977789420453301,0.43973446048629583
5105622,0.47419988397346424,0.47617961321394436,0.4230834550375016,0.498826996849519
5105903,0.42525056383177945,0.4273742421775099,0.3691887513036008,0.4627240445606244
5106000,0.5212251557094546,0.5217149019260064,0.45764472789816546,0.5511804783061169
5106109,0.7157531441833636,0.715603881877036,0.6555040860210318,0.7192529265190458
5106158,0.38399275973201635,0.38382487938834425,0.3687864878698866,0.39848822110443266
5106174,0.4286718597240958,0.4281457408700491,0.38350458757105593,0.4631062104648907
5106182,0.5562277213931541,0.5539696314520914,0.5034145684973288,0.5654874343101332
5106190,0.4488041452088833,0.44963040648653707,0.4099301608458214,0.43846785418045897
5106208,0.4364477130496107,0.43406340872999655,0.39524061555952844,0.4491011625923245
5106216,0.29930699264505006,0.30063598770387934,0.28403864328297096,0.3283051427600621
5106224,0.3951306922123807,0.3935714581983721,0.33247660709019966,0.43683951977991325
5106232,0.6395993398251241,0.6372924830790266,0.567884463082175,0.678384632763568
5106240,0.5369338908416824,0.5348945866576722,0.5009123247723242,0.5493915942517938
5106257,0.4302572761349217,0.42997661372609447,0.36400972583514873,0.46553813803937544
5106265,0.5075807734792889,0.5074833396619862,0.4734615068210613,0.5082715968066549
5106273,0.350878668474199,0.3515773923576863,0.325600452150654,0.37253242814713533
5106281,0.3552571552777889,0.35394867804718405,0.3187671053121544,0.3765991749485571
5106299,0.3776846356295637,0.37961751810869343,0.36646096894967123,0.391700153375836
5106307,0.3406115092610019,0.33936761157745776,0.3070511979300031,0.40006443088487603
5106315,0.388917802113499,0.38869138577030976,0.36601383646389984,0.4264324806926408
5106372,0.4967857617613595,0.499079472623244,0.4428999177511083,0.5325496229398788
5106422,0.5291328098634361,0.5304437285220639,0.4807495081092266,0.5381549646934501
5106455,0.530432247678516,0.5275995562605621,0.48190611552898294,0.586355154670353
5106505,0.6810860967384423,0.6821902024296781,0.6276068535168489,0.6803068849484125
5106653,0.558097346234891,0.5565835413335994,0.4777364785848454,0.6030606292141312
5106703,0.48598481212915035,0.486043099846376,0.46356909029441895,0.541419708949899
5106752,0.3739094651384438,0.3738863288774259,0.3260300958452044,0.43100071132546836
5106778,0.39882420546718045,0.3967831084910345,0.3639789061373299,0.41524950635678737
5106802,0.3142445793402512,0.31775506496121425,0.28783292680738587,0.3504742731418083
5106828,0.5392806630235797,0.5378319743029315,0.5065505228194588,0.5571496444130515
5106851,0.6976860419771934,0.6973692237799091,0.650938099015269,0.6973307186733301
5107008,0.5452773926856728,0.5459019872564764,0.49393429259818206,0.5920438951113317
5107040,0.37624162414144885,0.3752369484911944,0.3193682698016777,0.43317838261174907
5107065,0.4106410706969552,0.40428733666784605,0.3602305561793779,0.42880428148042943
5107107,0.5200169685614324,0.5206335894634014,0.4538979887459977,0.5407678111380224
5107156,0.4930695500462875,0.4956771881620979,0.4262244132126971,0.5271016581931345
5107180,0.3053946427765984,0.30347917485707326,0.28278642968825674,0.3406333016255243
5107198,0.542809394264427,0.541207460726505,0.4713551185447131,0.5802160657877145
5107206,0.46752766104796034,0.47003823417664164,0.4129090616295224,0.5050408164231642
5107248,0.38024265705897464,0.3803594870870464,0.34733137357534805,0.4003207176387655
5107263,0.47630443386472326,0.47754920441635185,0.44345309869904287,0.5010214053364707
5107297,0.5252415762742191,0.5276357640936683,0.500270881389358,0.5768894819585945
5107305,0.3841596186414278,0.3852231511042783,0.3424018549941364,0.40022435709704873
5107354,0.36204755502909425,0.3606992718077599,0.32855507974761505,0.43011168450406884
5107404,0.518261988604821,0.5221923322413441,0.4605136816229694,0.5660927304114194
5107578,0.5817032344425885,0.5826315657300158,0.5314029304029304,0.6364456654456654
5107602,0.5311661467129742,0.5305454602186795,0.44039506678588275,0.5848490153890524
5107701,0.5670075584592937,0.5678620356379543,0.5133881609324801,0.5929372535716791
5107743,0.31689528102565645,0.31709571966062067,0.28401550943258497,0.3377643620823209
5107750,0.40509367077700287,0.40545121463195244,0.3624922923813374,0.4256840030212668
5107768,0.3483179305998241,0.34853117177094955,0.3052014070379963,0.4146399416222974
5107776,0.5814956685856367,0.576777825944578,0.5412877762200256,0.5989675472882151
5107792,0.3923527883964003,0.3920687651107542,0.33620021411894285,0.4398595102311995
5107800,0.6694878537481762,0.6693322189534309,0.5802512744997098,0.6768518425129099
5107859,0.4389711949046966,0.436690539625942,0.38454556918108646,0.4571787561117638
5107875,0.4468257005087343,0.44610927489993984,0.37361011327192967,0.46463230906217395
5107883,0.3349991297755809,0.33482067583257086,0.2929763102150292,0.3930116111886915
5107909,0.3792843733967669,0.3795264662015611,0.3190215865764872,0.3986395979800344
5107925,0.4562337929380934,0.453929306835039,0.4000228353926278,0.47557978373283566
5107941,0.3578116020920314,0.35859865500659605,0.31637324507462944,0.35765234035876126
5107958,0.35719278950982725,0.35466126940742426,0.30200697282518757,0.4029522798721629
5108006,0.3995361315863037,0.4000852748945167,0.35947396014579547,0.4238126010958632
5108055,0.56949584867967,0.5687561550135353,0.5305673651859207,0.577554133186497
5108105,0.46934452667353677,0.4725393023381847,0.45265737354589025,0.5404909955031862
5108204,0.5134466048751825,0.5145471461728671,0.4756324607999818,0.5409552000808886
5108303,0.4522820043360374,0.4490669967217307,0.411603753512974,0.4523177292562596
5108352,0.3727352687332326,0.37232477644260253,0.33728210985362234,0.404734300393069
5108402,0.6058572052278365,0.6064925930315374,0.48670500860254595,0.6375883835313575
5108501,0.41915985435028436,0.4204378876449349,0.38176127143345323,0.4220411257184053
5108600,0.38859716650738063,0.38584215982101294,0.3558812445281679,0.3997871350160506
5108808,0.5142541204374682,0.5129997976367098,0.49208303306562134,0.532890805275216
5108857,0.4459618434369286,0.4450216947685721,0.3934260532928553,0.481588367104471
5108907,0.41329095023921286,0.41572907410109394,0.3927033859141595,0.4257829560917881
5108956,0.4456119204324104,0.4461012054162608,0.4214317625191586,0.4479131709164035
5200050,0.4684760187062859,0.46669998297316706,0.3569913262241214,0.5091287466926204
5200100,0.3993319447964237,0.39858994657291413,0.32522736857426277,0.43731776951508045
5200134,0.4719933610483151,0.47334312671450757,0.39214943575547606,0.48928620767564107
5200159,0.5062394104372385,0.5046023301032772,0.44153739696082894,0.5368377650719086
5200175,0.41419189036589266,0.41294746915443953,0.32981264825814977,0.43936993040086464
5200209,0.5129058221927748,0.5156307106431055,0.43595736974546123,0.5204367889405818
5200258,0.6587575821309323,0.6569921715778714,0.4938061803029095,0.7277349221034054
5200308,0.3781980908159891,0.3804656013246676,0.2740232529956866,0.4198883064065271
5200506,0.5163333758039456,0.5167995118717124,0.46158081819276187,0.5381466601371069
5200555,0.4662744251719938,0.46830869180383283,0.4178281285600365,0.5037155870798697
5200605,0.5096163936736346,0.5112048572031272,0.3938665736199866,0.5780419294919233
5200803,0.4325877817613089,0.4354831618251908,0.36712423439863523,0.46742152356443456
5200829,0.5892655089784573,0.5883561346879397,0.5198549727535356,0.5748003962159407
5200852,0.5021065260497358,0.5011073264994425,0.4221813729626211,0.5153998127407373
5200902,0.488152438660471,0.4877406794049564,0.42163062380131894,0.4990990291261686
5201108,0.39345292272896476,0.39257640478455086,0.2977174020374291,0.48921864869462334
5201207,0.5237301368786487,0.5253759698953854,0.4064330256856678,0.5854047943809788
5201306,0.5293284601431198,0.5282622788240212,0.43602150814711416,0.5579167040636316
5201405,0.5610739974605257,0.5596403055027518,0.4179573226667437,0.6519843591156306
5201454,0.5770990003682279,0.5770412852797254,0.49911124871815443,0.5997398641413548
5201504,0.45289531055662935,0.4552433531687048,0.3924100403417901,0.49896182299089253
5201603,0.47760528494650856,0.47885643942134637,0.39669353187797,0.49200505360843166
5201702,0.5873110314192584,0.5866600653683893,0.4934604092076704,0.6411689116234288
5201801,0.5287482498756284,0.5270415921460615,0.43006338297702845,0.5579189654614324
5202155,0.5069676905001093,0.5097319856032251,0.4350737114456648,0.4971720513512534
5202353,0.614108625771054,0.6143411895850109,0.5561918561898764,0.6290286581970438
5202502,0.5617442233701114,0.5616735409730147,0.4751309817026958,0.5697900225047235
5202601,0.6338202062279377,0.6323644406554636,0.5703857895930168,0.6567771789919093
5202809,0.4146424808369403,0.41569706925516225,0.3361641847559733,0.43584068370135337
5203104,0.6743788350038389,0.6723009096679409,0.6256768500634312,0.6953319157532784
5203203,0.5659811596678296,0.5623543126366778,0.4672168844583808,0.5915694384879969
5203302,0.4254655208571374,0.42558776687029415,0.3336092526346292,0.4757023949099775
5203401,0.5923415408919277,0.5929542825972764,0.5309023487282747,0.6012022858612831
5203500,0.4822398595179041,0.48196227580467244,0.4015435908073513,0.5050892172995989
5203559,0.5016188687223084,0.49893234202503106,0.3652368752322744,0.5338911813371969
5203575,0.6441095086107073,0.6456813565252092,0.6134673959272251,0.6657699569058075
5203609,0.5331492248580681,0.5328220045804785,0.426597022164525,0.5632155965090172
5203807,0.5100311409227356,0.5107336725757375,0.4533337676045644,0.5288213920264183
5203906,0.4156718804064155,0.41714055151034635,0.36429079204093556,0.44519118610485275
5203939,0.5438444553262788,0.5432207259958982,0.45675194693601967,0.5767860166350617
5203962,0.38212315358502613,0.3860685501698733,0.3036045238422527,0.4074312336630377
5204003,0.5492924602389745,0.5472461973563228,0.4658689558484504,0.5538565370057412
5204102,0.5178028786083841,0.5194855930983987,0.4260330699316826,0.5212770680992642
5204201,0.4683765047353121,0.4722174158349712,0.38747335800816446,0.48979788265235497
5204250,0.5346100899821314,0.5357367736414236,0.47846520250377605,0.5589055534416858
5204300,0.4090390629226577,0.40698712687279226,0.3491502844065728,0.4469353231829674
5204409,0.5253055356382826,0.5238783665273661,0.43785500290383367,0.5616560592940361
5204508,0.4491140499523145,0.4486577733392389,0.3458863275904675,0.5316930104365257
5204557,0.49898099803244306,0.4981468500934514,0.40689536472968296,0.544909878881176
5204607,0.4863611787349311,0.4880606789765504,0.3915892126492884,0.4886758722511872
5204656,0.6547319990003261,0.6536936961969609,0.5984221965619437,0.6760685989461366
5204706,0.5400565202922343,0.5379713351683035,0.4587127139203841,0.5555227657896777
5204805,0.48109291549588507,0.4824672085609585,0.4255335025477533,0.4946857441611181
5204854,0.46420479374811036,0.46403556936742896,0.37622279711469403,0.4656108625243254
5204904,0.6394117389361259,0.6404670160284104,0.5678642773869355,0.6714989253460718
5204953,0.716422699684184,0.7166226878057941,0.6427673913280544,0.6932524615286498
5205000,0.49820455474042563,0.5011019040855301,0.4155047930893012,0.5150502513387012
5205059,0.5698257078190473,0.5714361717847227,0.48530388807434915,0.5759119399157661
5205109,0.5340698225723588,0.5361290619698138,0.39901856644441264,0.5697047492824617
5205208,0.5481510261521176,0.5475182295420981,0.4700559161126334,0.5593876126070279
5205307,0.7540679820554838,0.7532029284368948,0.6786089615185276,0.7672025896313929
5205406,0.45537573431367384,0.4554418486553207,0.37630289660273464,0.5053187838013179
5205455,0.541490068511718,0.5416578301069879,0.4459964696697481,0.5716838657837563
5205471,0.46906896623882055,0.46886463769420744,0.38746347682125304,0.5006162355212626
5205497,0.647285247206783,0.6456549036002476,0.4685914389426624,0.7235456790635103
5205513,0.5001790659135843,0.4985333650369272,0.407487871278291,0.5510379019431804
5205521,0.6924624838942559,0.6918006930779023,0.6051653274118026,0.6788293772476517
5205703,0.41577690137041345,0.4138428218327635,0.34347265782995273,0.4644562285957406
5205802,0.37784214026198193,0.38005802760122465,0.2883728848247171,0.41459707800890655
5205901,0.5202706633587758,0.5226418825510217,0.4276605280634092,0.5278873055576531
5206206,0.37027613901689693,0.3696185006960479,0.2920690211336291,0.4197307956803451
5206305,0.3876415314082525,0.38816531649755953,0.29248303942734966,0.41075897723961735
5206404,0.6741422164452106,0.6725221926173458,0.5923476946526707,0.6853345294932881
5206503,0.49032106143758675,0.49084150917830655,0.40911622534788444,0.5175176800873955
5206602,0.5740370604221146,0.5755363132825888,0.4813979956340313,0.6124048039935891
5206701,0.38115300524502504,0.3846605566929007,0.3735153015032197,0.4551638148983768
5206800,0.4659451652400445,0.46544499724297367,0.3554526875947193,0.44374288363480185
5206909,0.5599964065599199,0.560602804551502,0.5021113098571849,0.5813987272749975
5207105,0.5643350273461332,0.5643132637836527,0.4878465864951029,0.5677961191450286
5207253,0.5616083350208804,0.5591713884388565,0.5084643516679191,0.5823041357814134
5207352,0.5196052141869574,0.5210074850376953,0.45659726020577285,0.5391615845359691
5207402,0.45548154400029045,0.4569806217355737,0.37967254499768793,0.4806327028562654
5207501,0.5477137475560973,0.5465818109014551,0.4622935915720481,0.541736145078857
5207535,0.6147143309921105,0.6159204857705027,0.5545628370396744,0.6351131608281092
5207600,0.5488213767040021,0.5480526629725229,0.4650164902946024,0.5836871918152926
5207808,0.47277862925546177,0.47326636764232743,0.3940798538811687,0.5349853798386724
5207907,0.5876743040334742,0.5862345307704958,0.5144253486161664,0.6045211326952484
5208004,0.49497150190893746,0.49399042134001975,0.3611301428298386,0.5319164004009672
5208103,0.5813335638082081,0.5809020412265719,0.5150369916099278,0.593189882504282
5208152,0.4751555278449596,0.4755569129704414,0.3915822355930718,0.476901329945186
5208301,0.5934588415237669,0.5951778255665724,0.5097971177858501,0.6059255194283487
5208400,0.4287389233276736,0.4304326919532486,0.3274854428847871,0.44160606040553246
5208509,0.5411001149518789,0.5426745972464647,0.43985030548193693,0.5610586900822025
5208608,0.5428510670170229,0.5411189897818085,0.44903457885594794,0.5710538977182745
5208707,0.4188934293438891,0.41794259276815815,0.2896841846170568,0.538415995360373
5208806,0.5456720370741455,0.5461172796762854,0.4207379348698386,0.608721682521542
5208905,0.5539389482714505,0.5537499439477261,0.4555421558847637,0.5777983899797614
5209101,0.4235367613718599,0.42243714246035785,0.3504051640505003,0.45493427874736914
5209150,0.5477832833294908,0.5496808347818165,0.47398404124067844,0.5319232935546495
5209200,0.5196242886430162,0.5214771419548048,0.41197780221791264,0.5214817929322563
5209291,0.5644445665098803,0.5639579261423961,0.4687545088984954,0.5920159493755771
5209408,0.5491904647271931,0.5507730919285024,0.5038732303985768,0.5514904270606896
5209457,0.5780698251158755,0.5770483782096898,0.5374369904638141,0.579778147368626
5209606,0.5246757742440565,0.5255518829267385,0.4593710774664437,0.5512849927373926
5209705,0.47715249054057224,0.47624152863636837,0.36677052769143975,0.5206757277347949
5209804,0.5498466162229952,0.5527141128791008,0.4848445502249032,0.5458608168384231
5209903,0.5442701837068565,0.5470864409870381,0.5009332162499548,0.5604238108914193
5209937,0.5399457838951975,0.5412514301138698,0.4687079599009429,0.5512831240556518
5209952,0.6378857933472382,0.6378768788884027,0.5477312503668209,0.6510003230011961
5210000,0.4748422404406032,0.47456524036083403,0.36824019311267314,0.5035959722709941
5210109,0.45529153246281484,0.455421470525268,0.36102590624781555,0.4919433007684492
5210158,0.5643997717164865,0.5636732827189114,0.49755076000413245,0.5952182946297176
5210208,0.524494449574377,0.5248775049914568,0.4366867686438794,0.5559828112045548
5210307,0.5180935956915673,0.5206580441335839,0.4618385049260724,0.5520744274850687
5210406,0.5308790065256094,0.5307942098079472,0.4515704851430915,0.5496551310049721
5210562,0.6350217528930993,0.6323810535348212,0.556345683321345,0.6472820541971852
5210604,0.6093778591236507,0.6091750366505485,0.5218670103738665,0.6376766422626082
5210802,0.44654749099298596,0.44623982619749253,0.38012025221896345,0.48435482568417004
5210901,0.5644284399404432,0.563103752462763,0.47699507470223823,0.583802121476038
5211008,0.47588334980433405,0.47741762972859897,0.3910275004282049,0.4812306582206067
5211206,0.6089061701075529,0.6094800491588379,0.5103806620460213,0.6371104345138145
5211305,0.4275888259024351,0.4290069630791835,0.3804123687233428,0.4605576238012638
5211404,0.5076973512286223,0.5068941539027031,0.4324170702487005,0.5510662382857192
5211503,0.4257450673591028,0.42659862405248866,0.3544461420173451,0.4782070642833716
5211602,0.5890011994488623,0.5899873908296774,0.5221346144476245,0.6122845112578215
5211701,0.5241667502526868,0.5239215906013772,0.44622701740596665,0.5536147372280581
5211800,0.458228436839477,0.4570066288428065,0.36608038179082003,0.4856323938779703
5211909,0.4830260974685647,0.48146464245812437,0.38720901501040417,0.5215102349400392
5212006,0.6370515617614649,0.6365108442791917,0.5717830938076599,0.6593427008476497
5212055,0.44804442010295376,0.44496200167986766,0.38665652223032737,0.5005806712947556
5212105,0.45288792516168785,0.454328520764975,0.38315577068343604,0.48863522018142963
5212204,0.4672322471433169,0.47057569282111733,0.38757358762935196,0.47072159457344914
5212253,0.4228830082503118,0.42481751710341964,0.34306203565245363,0.47910390531736846
5212303,0.49013354957410227,0.48963312614347493,0.39912472243008607,0.500256388908407
5212501,0.5047027179907267,0.5040932987318265,0.37174824267360385,0.5729080124009344
5212600,0.376954008811081,0.3769766876515716,0.3162062688661443,0.4150913581172376
5212709,0.34842355194061847,0.3529113422035763,0.3101105709254987,0.3941307692559479
5212808,0.5783382223977435,0.5792032475623764,0.49286230760935007,0.5703617070209448
5212907,0.5116198095731981,0.5138566415474611,0.4148709765411081,0.551854369905794
5212956,0.4767484453973187,0.47682561968079584,0.413324240801676,0.49394920238986223
5213004,0.5885731115668315,0.5873763224255505,0.5150553785714557,0.5755253750049537
5213053,0.5362725887378545,0.5399855349716322,0.42981357877947807,0.5837893538955511
5213087,0.6529529297557608,0.6500666464150054,0.5624178049955998,0.6693984750982569
5213103,0.5006603535097248,0.49870830360597496,0.4147087920996427,0.5474012186419889
5213400,0.41589668105268707,0.4182951507270687,0.3349806899308567,0.48614806259930504
5213509,0.6336262069366563,0.6354819223832061,0.547655216602205,0.630234581486473
5213707,0.5736495051227108,0.5729053661752358,0.5043282828621255,0.5895224258361264
5213756,0.3472546114976922,0.3485508958327923,0.30412835660976123,0.38926909744845467
5213772,0.597282847672686,0.5985273585255843,0.5494991580561938,0.6341889903416345
5213806,0.5085122571669783,0.5086836926826434,0.41075481618927,0.5271814732908405
5213855,0.476801371851993,0.4751948150422562,0.41260947291089334,0.5197514485324936
5213905,0.5761035506536278,0.5744628744677472,0.483490686218597,0.5874749416126542
5214002,0.5224568590454669,0.5238052459762625,0.4444201125102523,0.5199570339814027
5214051,0.5866398098789312,0.5880693584653974,0.5103560759134548,0.5917167506752891
5214101,0.523794816476469,0.5222928038417057,0.4627954256067977,0.5337694781061803
5214408,0.4750516355483753,0.47434100612553703,0.39890824539496705,0.5103774446366643
5214507,0.5077613434649187,0.5072642344625952,0.4062938976384885,0.516339947672377
5214606,0.6148365486693741,0.6134239853847243,0.5171977486841338,0.6347599312252034
5214705,0.46023172381995175,0.4610831293582463,0.3914982354142928,0.47873620593150107
5214804,0.48967772349445937,0.4932257214572973,0.4354222939642591,0.5081463945452871
5214838,0.5708078048294142,0.5700278275259584,0.49334769934092954,0.5631530252085195
5214861,0.6041119269815147,0.6040051830695279,0.5049337864635114,0.632144352664075
5214879,0.5448743265657254,0.5406894149296144,0.4598858832382627,0.5165582890809879
5214903,0.5482256251747475,0.548502990722045,0.4723975085677214,0.5404536942834816
5215009,0.4953253053309947,0.495752476579242,0.38844309421253076,0.49873593251036924
5215207,0.5209876435913939,0.522133858677086,0.4752468546032425,0.538743424432513
5215231,0.6124166939884563,0.6121571827287903,0.43489765935210095,0.683520334272497
5215256,0.6324011640217932,0.6323577939726777,0.5623273352916658,0.6273054437229967
5215306,0.42194273140389926,0.42078898746646315,0.35280992468065736,0.44419046916645916
5215405,0.3725181076335663,0.374222897604541,0.3080836526614952,0.41675030064623747
5215504,0.5795315941733442,0.5798627472101141,0.48306578621073354,0.6149448178492695
5215603,0.5036163335427,0.5055410874173879,0.39795383534361406,0.564909122390887
5215652,0.4978001348784271,0.49701886280875124,0.4413412997881063,0.5207935372646327
5215702,0.3763043810340537,0.3771861835947706,0.29180002770562924,0.4298855595478525
5215801,0.4406711731221981,0.4397570101336183,0.3423281861934144,0.5067463270815403
5215900,0.41823554093121407,0.42079397549030945,0.34575286935655186,0.4556224191587706
5216007,0.4650029055534638,0.4649059990006017,0.39845160858897993,0.48343397682965944
5216304,0.5982153816108596,0.5970580912417002,0.5326511334581222,0.6230548455033086
5216403,0.532980995678152,0.5329392811304814,0.46376218993504104,0.5463980706910525
5216452,0.5775965509109828,0.574542174619057,0.5138396256839352,0.6084546317134413
5216809,0.4050886226338428,0.4030309110424008,0.3292288313990892,0.42372547154549095
5216908,0.575375182956975,0.577630982143578,0.5247521857627767,0.5824392545040706
5217104,0.5143248504457394,0.5133271057925243,0.43757126743123015,0.5316625287959543
5217203,0.6075368627223555,0.6076359072867242,0.5272273373730931,0.6160095527842248
5217302,0.4503737146868946,0.4550436992527119,0.3722608519923663,0.4714715872183633
5217401,0.4116009521415812,0.41090448756917314,0.30942861930693016,0.46955262281693155
5217609,0.6197684054779218,0.6185647473076391,0.46533125542999954,0.6705231797089745
5217708,0.5405130921407272,0.5410080456204097,0.4551950840560551,0.5476174952669087
5218003,0.6332975330448237,0.6313884370614398,0.5478082813682116,0.649343586164238
5218052,0.6179307331811724,0.6152722442472168,0.5530691862667784,0.6341443835263644
5218102,0.5221274102516489,0.5205242004637074,0.4439814894100224,0.5429646576890236
5218300,0.4626686627811329,0.46418341524067025,0.3928865588437532,0.46214118859379
5218391,0.56683339843168,0.5682911777177225,0.4882041718598636,0.5933513083919929
5218508,0.49968399319434154,0.5009500257306556,0.41755103011998546,0.5175396806780563
5218607,0.4948918056317236,0.4950150268880074,0.4071501849892152,0.5268787078146997
5218706,0.42887355590009646,0.4273398342394312,0.3499296315548312,0.44891754313347115
5218789,0.42172713149115704,0.42143208727453235,0.32739807772957613,0.500291583149025
5218805,0.4130098029148976,0.4124776199294016,0.3261021559577065,0.454136191492385
5218904,0.44526715021304475,0.44596029885613886,0.3597163826974848,0.4773392472983458
5219001,0.5494811436813617,0.5475326914126006,0.4626612686277942,0.5722454646574702
5219100,0.4944553568292919,0.49552545975033196,0.394392603514181,0.5278068215933422
5219209,0.3935389542448361,0.3939571805523791,0.2977422941024129,0.43262250540095337
5219258,0.5962396665944079,0.5985569084068255,0.5228351690396328,0.621653801339795
5219308,0.5290994300446565,0.528316371254404,0.4425441362547445,0.5559422517524418
5219357,0.4804477821255572,0.47937240363861416,0.4002519537143332,0.4778175669569846
5219407,0.4388205343179562,0.4413384076287876,0.37267663927829675,0.4681576918704999
5219456,0.6490368581146518,0.6467430055665887,0.5617405054769794,0.6431902072289811
5219506,0.49830452301006917,0.4979812798950576,0.4230238553942658,0.5247856560641537
5219605,0.5225054129560515,0.5210930455535622,0.40596989523352783,0.5081648779022477
5219704,0.610948802591975,0.6112222008756495,0.5494032961544288,0.5991850081984246
5219712,0.5387374605661724,0.5386830086626815,0.4889595209661972,0.5329270864290883
5219738,0.6007495488338158,0.5986955084785787,0.46588049677139826,0.6124188224207701
5219753,0.5724128240163926,0.571410961720177,0.4180197903732166,0.6305363922299512
5219803,0.5840164899700981,0.5828819429140311,0.5128323634096014,0.5900556730058767
5219902,0.45031428004669755,0.4489431781513447,0.3693361532288347,0.4591867666525486
5220009,0.48313506993864264,0.48271419740455584,0.4043316618735402,0.53342854854907
5220058,0.4786416764264867,0.4799946359303217,0.43981612614322757,0.5353465458658706
5220108,0.4264718059226924,0.42588829874755296,0.34363541286726734,0.49447019458568225
5220157,0.5526517833280156,0.553833499945689,0.47090747838601904,0.552069498609841
5220207,0.4673043075834299,0.4697654603908472,0.40601507487879734,0.5082007887504476
5220264,0.47794296074961806,0.4786948407772418,0.3832232099053438,0.47431097899167624
5220280,0.46578592530491353,0.4662012106665326,0.3632731861922711,0.4826643437658575
5220405,0.6657191119303868,0.6652689903607328,0.5955627670235627,0.70423338942556
5220454,0.5826855917475601,0.5819024155503053,0.4253223538040219,0.6910864107475386
5220504,0.535937641336112,0.5354604798411144,0.45229042975262246,0.5676173020298884
5220603,0.4529722694681658,0.45283923263037257,0.36346967196796554,0.47622810956411915
5220686,0.5142679742954547,0.5182967325803217,0.44693043978886454,0.5129373628586823
5220702,0.5020911829554542,0.503384790199311,0.45771355943541375,0.5140570580666908
5221007,0.46165660649956053,0.4607342496244689,0.39484331738282413,0.5067653915999917
5221080,0.6137493605418769,0.6127684683861926,0.518685664703715,0.6320060085374797
5221197,0.5585957971228024,0.5576138115394348,0.44524019066337983,0.5723131687037145
5221304,0.55199539280778,0.5533546085121089,0.47270584785098446,0.5802031999083871
5221403,0.5235486959393721,0.5225996593453673,0.4108377482505065,0.5730551990583541
5221452,0.5541716869369068,0.5542541400502379,0.5010449838588877,0.5643872520632173
5221502,0.4635222194083676,0.46393468561654094,0.39216967651503226,0.518835990436746
5221551,0.525244352095892,0.5248220154488449,0.4756362474420453,0.5565256262517772
5221577,0.6965069121449199,0.6956057082503403,0.6216604816705452,0.6823502055037669
5221601,0.5823709060476582,0.5800571836133711,0.49345631285077896,0.5842350140447916
5221700,0.5086239395827497,0.5095257188026425,0.4202578164887209,0.5353414259865661
5221809,0.4863281005706639,0.48553960938916335,0.38088666650132064,0.5184936524442502
5221858,0.6343599357292693,0.6326588875848739,0.455035867727632,0.7099348934463148
5221908,0.36959557422328626,0.3700052475126238,0.29939675731167353,0.40618045264876274
5222005,0.32256852804677666,0.3238335938714852,0.24860983886829957,0.3438108518190106
5222054,0.5058892586379744,0.5054162672331899,0.4138004863893843,0.48439132456721906
5222203,0.6091902300155785,0.6095319696576077,0.531941353094645,0.6138693268880292
5222302,0.5751944655968898,0.5756351006598585,0.5069121287588634,0.589269216134391
5300108,0.49563614758181895,0.4928797300351641,0.3060833266522656,0.642865545071031
