municipality_id,state,pct_votes_pt_2018_runoff,pct_votes_pt_2014_runoff,total_valid_votes_2018_runoff,exit_rate_2018,log_gdp_pc,exit_rate_2018_x_pct_votes_pt_2014_runoff
1100015,RO,0.3062586473508586,0.4470866141732283,12287,0.016678960751555075,9.977592441481772,0.007456940090340922
1100023,RO,0.1918721718232403,0.3996546976418909,46187,0.07695703662744852,10.05255953197776,0.03075624120475886
1100031,RO,0.3413284132841328,0.4651907952228372,3252,0.24337730899275242,10.159572773630869,0.11321688390953266
1100049,RO,0.2191171042060234,0.3492994850916058,46053,0.06119462809648295,10.15247652190767,0.021375252084473807
1100056,RO,0.1856185512179555,0.3093393587260598,9401,0.13653333466089831,10.261902953756028,0.042235134188732794
1100064,RO,0.2604288914968526,0.4548995489954899,9373,0.04909075097905723,9.920874195178254,0.022331360480223036
1100072,RO,0.3842305859933301,0.4896275341819896,4198,0.12595427256078612,10.653578742795144,0.061670679893623945
1100080,RO,0.4122853602407506,0.616580310880829,5649,0.030316539735862638,9.464207313181932,0.01869258149516919
1100098,RO,0.2681417479128962,0.3949694527492525,17129,0.016140154561392908,9.847550494633643,0.006374868014401709
1100106,RO,0.3128144738250722,0.4750114860380826,18682,0.04586312454081392,9.814214743082285,0.021785510942481674
1100114,RO,0.220614757312005,0.3665542460873849,25506,0.021928320782089176,10.260671195748554,0.008037919092241032
1100122,RO,0.2260822407247902,0.4266389177939646,62694,0.07436140382420699,10.207441983397445,0.03172546885319965
1100130,RO,0.3275130779018804,0.4876152254342509,14146,0.10022988778038595,9.706738557807782,0.048873619325282565
1100148,RO,0.293282876064333,0.4056166763173132,9513,0.023118035803674993,9.735132238168633,0.009377060845671296
1100155,RO,0.2541813261163734,0.4114188068553048,18475,0.02258530596292875,10.008775555933743,0.009292019631730148
1100189,RO,0.2216358839050131,0.385710219185881,19329,0.0695235415969697,10.342022225539836,0.0268159404679459
1100205,RO,0.3105787743991501,0.4853614207195568,240992,0.023108802736535424,10.375334775439294,0.011216121327332816
1100254,RO,0.2771263726037595,0.4695769576957695,10746,0.12577027699484014,9.979132473301458,0.05905882403979126
1100262,RO,0.271536523929471,0.4782608695652174,1985,0.2912419529914186,10.222854108912022,0.139289629691548
1100288,RO,0.2403218944980147,0.4532807790401112,28208,0.06017070671264527,10.069396036471572,0.027274224814101897
1100296,RO,0.3483457844183564,0.4990161353797717,4685,0.15285979919845755,9.979078087484151,0.07627950625094221
1100304,RO,0.1868809401918668,0.3694791748578019,44927,0.04234863672976937,10.237183397587117,0.01564693935526799
1100320,RO,0.3286675149972732,0.4464285714285714,11002,0.021467826906593507,10.333284635508369,0.009583851297586387
1100338,RO,0.2445533292501531,0.523106280594043,11429,0.13668685257062324,9.745977122305161,0.07150175105432502
1100346,RO,0.3733103631062814,0.5420560747663551,7546,0.02499639567302407,9.764370694808257,0.013549448121826131
1100379,RO,0.3718926085515412,0.4527363184079602,6034,0.14683293101399483,9.954345657360754,0.06647660060832601
1100403,RO,0.2836139733601407,0.507641043318396,7958,0.22301712812091298,9.658599337481109,0.11321264759717266
1100452,RO,0.2263063779058216,0.4315145461355975,15099,0.11142866850200174,9.768532335546755,0.048083091315135225
1100502,RO,0.3876044297649116,0.5586016559337627,5147,0.16543257339302006,9.850490746878995,0.09241090944272473
1100601,RO,0.260804208944006,0.446773120425815,2661,0.3814905268544501,10.030504435721268,0.17043971309565087
1100700,RO,0.3322808320950965,0.5213645761543763,5384,0.17948244757870585,9.921677170632744,0.09357579020902203
1100809,RO,0.3881663939367841,0.6123110151187905,11611,0.016868631218426702,9.994128206615107,0.010328848705019374
1100908,RO,0.4117647058823529,0.6161665053242982,2125,0.2668652384698794,10.497860722098089,0.16443342138052106
1100924,RO,0.3297522473141855,0.4474153297682709,4561,0.07523174473752026,10.224423460970092,0.033659835880780004
1100940,RO,0.2629629629629629,0.422633744855967,6750,0.40234739629333616,9.59828308769723,0.17004558682850046
1101005,RO,0.3206140350877193,0.4795180722891566,4560,0.030470123298628488,10.001046871633026,0.01461097478657125
1101104,RO,0.3750611246943765,0.6057416267942584,4090,0.01971359269201124,9.7326361759432,0.011941343707218291
1101203,RO,0.3483249196879302,0.4705996884735202,4358,0.23845733655024612,9.957051622629603,0.11221794829477118
1101302,RO,0.3785300824416769,0.4664629242399871,5701,0.020416374404056078,9.889623843349867,0.009523481706894422
1101401,RO,0.2760249961896052,0.448080640706987,6561,0.2260235221244202,9.803637295604634,0.10127676460836005
1101435,RO,0.4462266631606626,0.4987512487512487,3803,0.024492959985916343,9.751844251179635,0.012215894378590143
1101450,RO,0.4121102575689109,0.5517086330935251,2213,0.33428935917082264,9.796088452707272,0.18443032540584503
1101468,RO,0.3356862745098039,0.4365482233502538,1275,0.30735413054633615,10.773062644243451,0.13417489962936502
1101476,RO,0.2710040983606557,0.4590417310664605,1952,0.16109815281578577,9.93299019513893,0.07395077494016748
1101484,RO,0.2969808995686999,0.3709773539928486,3246,0.1428912262019381,9.738704475336563,0.053009409005188586
1101492,RO,0.3279225029454117,0.5537648612945839,7639,0.02924803685181102,9.785909553312225,0.016196535070382007
1101500,RO,0.3701512163050625,0.506016466117796,6084,0.020177414035181335,9.893045363809845,0.010210103745478078
1101559,RO,0.3549536707056308,0.4700854700854701,2806,0.02847277023550277,9.920562655014539,0.013384635580791901
1101609,RO,0.3382692307692307,0.4418396564065855,5200,0.031086736917675575,9.814170905972219,0.013735353158507694
1101708,RO,0.339794565937707,0.5050657795251777,6036,0.03298425010725172,9.831409896147594,0.01665921599247252
1101757,RO,0.3239297203662459,0.477685579726396,4041,0.1684072170242845,9.582266575738116,0.08044569909435433
1101807,RO,0.3498259572352064,0.4979423868312757,4022,0.026557937832323172,9.973299370294555,0.013224322953543637
1200013,AC,0.2010827532869296,0.3515749284123449,6465,0.09532344184054127,9.732307427212865,0.03351333224110662
1200054,AC,0.4157275231655397,0.4816266536011759,3993,0.03805655400719657,9.418300746869003,0.018329050754078504
1200104,AC,0.2691500964846044,0.3926015279453156,11919,0.2302241709529877,9.741266701571739,0.09038636128608651
1200138,AC,0.2141176470588235,0.3400111296605453,5950,0.01575099732454972,9.657934502575488,0.005355514393600377
1200179,AC,0.2180285083316603,0.2948769665187575,4981,0.11814932429854634,9.570558264098871,0.03483951434539627
1200203,AC,0.2006416014371872,0.3870579469249727,38965,0.052254164220972336,9.679432530103014,0.020225389521649918
1200252,AC,0.2438026474127557,0.3366165313456675,8310,0.17929276756790793,10.097805527931866,0.060352909514074154
1200302,AC,0.4549861495844875,0.5977826689492134,11552,0.02545952855258226,9.26451171259343,0.015219264928351328
1200328,AC,0.507168458781362,0.5574712643678161,2790,0.08476472627289242,9.167110160749095,0.04725389912914118
1200336,AC,0.3087710014552189,0.5332968685901819,7559,0.03946978484792003,9.28609645713829,0.02104911266332396
1200344,AC,0.4161745827984595,0.4710280373831775,3895,0.03627173274146052,9.603215851008164,0.017085003085697287
1200351,AC,0.4902980596119224,0.5202221836486721,4999,0.027828324715479434,9.251557296640165,0.014476911850771023
1200385,AC,0.2195267686424474,0.3246914977923695,8368,0.1974113669256266,9.50335321442576,0.06409779240832074
1200393,AC,0.3890499194847021,0.5002815315315315,3105,0.058058928790863565,9.166438411695877,0.029045809814573356
1200401,AC,0.1722637433904634,0.3070289602590642,191201,0.07549140343091358,10.008455873535715,0.023178047103890948
1200427,AC,0.2610180012414649,0.4385245901639344,6444,0.04734073717728443,9.221240541171543,0.02076007736872719
1200435,AC,0.535126234906696,0.5514563106796116,1822,0.005875044457781833,9.330753638648652,0.003239830341767069
1200450,AC,0.1930860697692731,0.3111363452023684,12699,0.06652958688191685,9.697146370148094,0.02069977251026304
1200500,AC,0.2354396650171298,0.3294348172187863,15762,0.04457498608169248,9.351568895562025,0.014684552392352307
1200609,AC,0.3884504756987978,0.5801664355062414,13559,0.03241480350374302,9.360866095396183,0.01880598100640181
1200708,AC,0.4082122703805979,0.49679990339331,8329,0.0869747459096623,9.483193646136488,0.04320904536557791
1200807,AC,0.2235856227603431,0.3738583797888744,9209,0.07496165591612428,9.466788890737789,0.028025043227093312
1300029,AM,0.7932584269662921,0.7837924407431134,6675,0.031027034044039635,9.28027689224375,0.024318754742397496
1300060,AM,0.8007536504945831,0.7671505835468261,4246,0.024816556049188917,8.904336396805045,0.019038035454757796
1300086,AM,0.6971614227086184,0.7719259585720581,5848,0.029096652888826693,9.082094128093672,0.02246046167244599
1300102,AM,0.6203235591506572,0.657190635451505,5934,0.03346725338899035,9.27366851292949,0.0219943655215271
1300144,AM,0.4862707535121328,0.6677665856200069,6264,0.023808827089449817,9.182813974574861,0.01589873917313903
1300201,AM,0.825292547731472,0.629028349890962,4871,0.013286362092994079,8.903768518138934,0.008357498423409894
1300300,AM,0.733447623551667,0.8135761354779282,16916,0.1026615114989311,9.126113025977325,0.08352295578762325
1300409,AM,0.6535047998550987,0.5141643059490085,5521,0.03047416079654794,8.726210242912476,0.015668725735335554
1300508,AM,0.9180833399225112,0.885598415542771,12647,0.01731426236744665,9.012770685026352,0.01533348331890258
1300607,AM,0.8583315852038319,0.8686784441580104,14301,0.02239953995715457,8.908601531971842,0.01945799751983622
1300631,AM,0.7558992134382082,0.8556449296179259,7501,0.03324316586046258,8.972425522659544,0.028444346312952545
1300680,AM,0.8918918918918919,0.8669527896995708,7474,0.020131510056803758,8.916944761087336,0.017453068804610984
1300706,AM,0.5252885136705135,0.6721005677210057,12911,0.01878634577260392,9.412223487969953,0.01262631365917021
1300805,AM,0.8273814114924798,0.8257349808265871,12965,0.038491420526164874,8.924357828252793,0.031783712390160854
1300839,AM,0.7131927212572374,0.8687002652519894,4836,0.03220720470020861,9.405758215085454,0.02797840726609634
1300904,AM,0.6651485148514852,0.7746575342465754,5050,0.04525625741928085,8.852194165956854,0.03505810078164838
1301001,AM,0.8022858096270961,0.8068641884431358,11987,0.0378516368540175,9.299915894739454,0.030541130251461115
1301100,AM,0.6946564885496184,0.8063307592323572,13624,0.23787571442407035,9.03790664050655,0.19180650541450003
1301159,AM,0.721447079928244,0.7951883507439063,10034,0.2085694538831639,9.341605725512636,0.16585200004891032
1301209,AM,0.6883141947312554,0.6687898089171974,31089,0.01641355726345657,10.083872527910952,0.010977219825878598
1301308,AM,0.6418402164960584,0.79700977573318,8499,0.03574006677756359,9.790456331878925,0.028485182607074836
1301407,AM,0.7379938194270442,0.7692307692307693,11973,0.040004935026940865,9.607381270758797,0.030773026943800668
1301506,AM,0.7760956175298804,0.8509326588681632,6275,0.043074848655631354,8.990052714307645,0.03665379549688011
1301605,AM,0.8265133937987766,0.8642523883581427,9482,0.035830241357001844,9.20183606170268,0.03096637166823754
1301654,AM,0.4951940192239231,0.7259444792318931,5618,0.021872124860294235,8.927204480181834,0.01587794829140124
1301704,AM,0.5774421058477259,0.7523728813559322,18007,0.04765330958381677,9.350602180138532,0.03585305783772248
1301803,AM,0.79393749018376,0.8515187510605804,6367,0.02526532725575776,8.568729776981675,0.021513899909959687
1301852,AM,0.6226081710049991,0.7876392174966819,23204,0.27006497463840634,9.565221860660438,0.21271376529745561
1301902,AM,0.6547336350194901,0.7385627077097131,44638,0.08434468527315829,9.843457021633073,0.06229383913626735
1301951,AM,0.8350047755491882,0.6772514315460697,4188,0.027496822952786673,9.401769249130348,0.0186222627077436
1302009,AM,0.6082584510055626,0.7803347280334728,4674,0.0248870341124906,9.413650404078403,0.019420216995730114
1302108,AM,0.746875,0.6950409996095275,2560,0.04372095239152563,9.868233235411765,0.030387854454086535
1302207,AM,0.7047832585949177,0.6271661569826708,4014,0.04412625488194414,8.896599699432231,0.02767449369634672
1302306,AM,0.8150094314201024,0.8656307129798904,7422,0.027952913066589428,9.629391346687708,0.0241969000676967
1302405,AM,0.7565666041275797,0.8150240476372242,14924,0.0213573508685236,9.297631667054768,0.017406754551672492
1302504,AM,0.6052228365865032,0.7018478856402849,45033,0.2034879711449635,9.605527983203142,0.14281760230132393
1302553,AM,0.7769820971867007,0.8561803576055973,7820,0.02731232032479762,9.087868139791235,0.02338427218272385
1302603,AM,0.3428129750144208,0.5640007113852524,1045363,0.07064743964205598,10.50310772825396,0.03984520621566626
1302702,AM,0.7143345293012131,0.7340750044859142,17559,0.02733653477026221,9.173809610425396,0.020067066884109582
1302801,AM,0.8312790462719741,0.8904688700999231,4949,0.036060809714873875,8.870498337708192,0.03211102848169207
1302900,AM,0.8430413290526423,0.8411818524299015,19623,0.02065020582959636,8.987125110657201,0.017370578392798618
1303007,AM,0.8533287498567663,0.7937514962892028,8727,0.020446641002397382,8.89244093957187,0.016229551889741088
1303106,AM,0.8046322318054075,0.830327868852459,10319,0.033567303340636255,8.814660838769274,0.02787186744595453
1303205,AM,0.5857689155968314,0.6906628652886672,7322,0.4716175546463692,8.881325241343633,0.3257287316124959
1303304,AM,0.8107035313441008,0.8260015117157974,7306,0.028377097888450442,8.979225401809911,0.023439525753967228
1303403,AM,0.8250063510881531,0.783929599079225,47236,0.015374856117079932,9.202711138236753,0.01205280479176324
1303502,AM,0.735820895522388,0.7447173043974872,6030,0.030466060505431013,9.003056726584456,0.02268860245521533
1303536,AM,0.5777022524323604,0.7545227698066126,15006,0.8848922705376084,10.056493168143794,0.6676713669464986
1303569,AM,0.5304872022927166,0.71762371872589,10119,1.0309077899733958,9.3721628623133,0.7398038819041971
1303601,AM,0.6483894762724367,0.6686863123106582,4067,0.03802861047437361,8.639748293284454,0.02542921130040736
1303700,AM,0.8279503105590063,0.7637804878048781,9660,0.02932729479114028,9.021007128683744,0.02239961552157458
1303809,AM,0.7757790286079035,0.8180408990639718,17233,0.03829304594999701,8.90963503235152,0.03132527773683354
1303908,AM,0.8766275518405401,0.8174316179879462,12442,0.011860087163188612,8.785136090355048,0.009694810239283338
1303957,AM,0.5740609496810772,0.7448446521858675,4233,0.0333851057265087,9.060001684103769,0.024866717463049786
1304005,AM,0.8349473684210527,0.8694972067039106,4750,0.027184392291522846,9.321618579509988,0.023636753163422435
1304062,AM,0.6912549191080017,0.768027530111059,22870,0.009489522678081582,9.027421316283599,0.0072882146643798796
1304104,AM,0.6827630729502905,0.7595735095359664,7745,0.02333000420287427,9.56966801729251,0.017720853169866057
1304203,AM,0.6982283537374708,0.7642141818769181,27037,0.030443045918700527,9.653236020107718,0.023265007430601177
1304237,AM,0.8422855363537288,0.8124238733252132,6423,0.03175582430264231,8.880977676293357,0.0257991897805876
1304260,AM,0.7722233842292408,0.7939761556159799,4781,0.044157139020928014,9.550843573098971,0.0350597154828368
1304302,AM,0.7890070921985816,0.8631096739423336,7332,0.02852107988366781,9.912746877948925,0.024616819958875776
1304401,AM,0.8101528101528102,0.8720118184260005,7722,0.02639655041942688,8.907718303539003,0.02301810393141804
1400027,RR,0.4105075690115761,0.4797891036906854,4492,0.27571004236932906,9.524486571496935,0.13228267410690128
1400050,RR,0.3978702807357212,0.5306122448979592,7231,0.19239645379047216,9.793251662414754,0.10208791425616891
1400100,RR,0.2139242911950208,0.3437021146184493,168382,0.054835884588246495,10.194387295139066,0.018847209489953554
1400159,RR,0.4253992395437262,0.4480402732829917,6575,0.2199598551842498,10.04122197895266,0.09855087362803855
1400175,RR,0.416052416052416,0.4880842659644503,8547,0.16838601971541836,9.617520298771106,0.08218656683147543
1400209,RR,0.3658069602432706,0.5254414498141264,8879,0.1774261839586698,9.686170068471279,0.09322707133423136
1400233,RR,0.2934782608695652,0.53601108033241,4416,0.11804406227841963,9.794171709519565,0.06327292534868198
1400282,RR,0.3935939196525516,0.6497448294386248,3684,0.06819205615660026,9.53126753067736,0.044307435896539356
1400308,RR,0.3160603159406414,0.5317216836421647,8356,0.09095528609305985,9.779139914484704,0.04836289785755655
1400407,RR,0.6622443338861249,0.6475903614457831,5427,0.11043253101924724,9.539445435316885,0.07151504267812697
1400456,RR,0.5159311637416937,0.4094009216589861,5869,0.3816861200077037,9.482139595868404,0.15626264931559627
1400472,RR,0.3413269996935336,0.5868092691622103,13052,0.155792915807458,9.827485249848463,0.0914207270656242
1400506,RR,0.3727411944869832,0.5843740923613128,3265,0.14180887413148233,10.002111568937428,0.08286943210936464
1400605,RR,0.3508005822416303,0.5998877665544332,3435,0.06656664795776036,9.780974838111616,0.03993251777039609
1400704,RR,0.8041942604856512,0.659225769991523,4530,0.10133344915341892,9.28310465381964,0.06680162104405944
1500107,PA,0.7560030413774497,0.719408478475189,81542,0.02548636644004714,9.109865430430819,0.01833510810249543
1500131,PA,0.6450025893319523,0.6807925151348376,3862,0.20670287217130207,9.317695645629293,0.14072176823109556
1500206,PA,0.7491692144091453,0.6998178506375228,30092,0.30822831028516307,9.708916105087805,0.21570367360939827
1500305,PA,0.662730671097134,0.6126334186380376,16853,0.2693490903717801,9.127424057763871,0.16501225404150938
1500347,PA,0.4722796143250689,0.5025941422594142,5808,0.2948594002808636,9.650338070657057,0.14819460737128592
1500404,PA,0.5257257622786197,0.5193330111164814,27385,0.12951329193822014,9.213554041132307,0.06726052788188379
1500503,PA,0.7245831855267826,0.7313290907760954,14095,0.025436839339810974,9.759797366952466,0.018602700586601576
1500602,PA,0.3671791002546449,0.5100455515700988,53015,0.027643642278024967,10.08845956846242,0.014099516773101747
1500701,PA,0.6178117500666608,0.4858561258898464,11251,0.03424571622701533,8.876746970308615,0.016638491014380717
1500800,PA,0.4527925778880162,0.533428158522186,242303,0.09799335544985137,9.568994591324438,0.05227241514502423
1500859,PA,0.4653013772133786,0.4983818770226537,11182,0.04235825265855906,9.516290012281209,0.021110585467372475
1500909,PA,0.7505935109469797,0.6536440165573695,22746,0.22996934576320022,8.812318493388277,0.15031808684972867
1500958,PA,0.7081630878901156,0.7086505190311418,11503,0.03797483274354618,9.040698317329612,0.026910884933834804
1501006,PA,0.6749915626054674,0.7316389132340052,5926,0.04145102187596867,8.88319957625188,0.030327180597772695
1501105,PA,0.8160061760164694,0.8366458726244016,7772,0.04825881833445487,8.842501915787164,0.040375541177252464
1501204,PA,0.7507857274912183,0.6274471796859856,16227,0.036960159202209276,8.918498793243018,0.02319054765217124
1501253,PA,0.4147157190635451,0.4560468833244539,1794,0.26292856130618064,10.069117197649732,0.11990775092066629
1501303,PA,0.6625363611526285,0.7362789092164308,62223,0.2931896697745882,10.564578637246367,0.21586937025515937
1501402,PA,0.4507241633779318,0.4733567392932133,779175,0.07545458866437231,9.961176996371922,0.03571693805487793
1501451,PA,0.5410433070866142,0.4946577805987517,10160,0.09531390710638661,9.108227715965556,0.04714776574944079
1501501,PA,0.5481127600460798,0.5974942131755888,29514,0.03360374132783507,10.1570062279804,0.02007804098443083
1501576,PA,0.5730839033924333,0.5754408883082952,7163,0.24836591972632965,9.254320606588887,0.14291990547282588
1501600,PA,0.7755530836732172,0.688831835686778,8091,0.2422523090240631,9.155147411647544,0.166871102724406
1501709,PA,0.632426727568428,0.5979859571322986,57798,0.07683105357799959,9.09587820260665,0.045943891111323
1501725,PA,0.3805489040338921,0.4569433669511249,10858,0.047372981096684946,9.715836480030587,0.021646769484831213
1501758,PA,0.6276150627615062,0.7,4302,0.28767175257572525,9.266076568836139,0.20137022680300767
1501782,PA,0.5927051671732523,0.6807092901591497,19082,0.023468757711255075,9.082343039477411,0.015975401402545514
1501808,PA,0.6757814608864655,0.6504905090845765,37046,0.02807751244461434,8.985079575629001,0.018264155363925713
1501907,PA,0.7524543669551306,0.6748615725359911,13751,0.042801946079396226,9.662607339762989,0.028885388638742036
1501956,PA,0.7897310513447433,0.7454157246922883,8180,0.04064382200450606,8.59538030874387,0.03029654403375326
1502004,PA,0.8259600474322721,0.8199943305300954,10963,0.024782368450507634,8.963070425691225,0.020321401626524165
1502103,PA,0.7578520923739872,0.6808600200757698,65906,0.03225482806426615,9.023495660291433,0.021961022883376754
1502152,PA,0.3787358727501047,0.5498913043478261,23890,0.04442543389648552,12.191612426699646,0.02442915979155655
1502202,PA,0.5696348964505389,0.6053350017062905,35442,0.1400423553951071,9.613948991250956,0.0847725394420501
1502301,PA,0.6350703967818614,0.5739978085918314,27345,0.1660907415849578,9.128638974487131,0.09533572169715793
1502400,PA,0.4518801583291224,0.5010355667230884,94992,0.12520703762725266,9.889695028881155,0.06273317905528958
1502509,PA,0.7650429799426934,0.6841016548463357,8376,0.2666643678113455,8.984761142384906,0.1824255353082934
1502608,PA,0.766965832152417,0.747837030045619,6351,0.04284991933693131,8.812153530187569,0.03204475641462505
1502707,PA,0.4589505745535096,0.4725584560789461,21669,0.0848811748545667,9.356660703133745,0.0401113169394411
1502756,PA,0.6502329979063957,0.5843175623733314,14807,0.029111896323965897,9.097867897481283,0.0170105922960849
1502764,PA,0.5213770127706829,0.5340569877883311,3602,0.5345611138729369,9.995450041243375,0.28548609826375576
1502772,PA,0.4900481086689935,0.540079969535415,10601,0.0381074026196378,10.726071348533457,0.020581044845887776
1502806,PA,0.8432142587417869,0.7967397697672465,13241,0.019021520957013677,9.6422660862761,0.01515520222791393
1502855,PA,0.7915904936014625,0.7168529145273331,7111,0.1858238188609178,9.078765224829825,0.13320834613904814
1502905,PA,0.7554778215031822,0.7740698874526958,20583,0.14739860307121172,8.891035558000283,0.11409682009001744
1502939,PA,0.5632024716347946,0.6869377861567466,18773,0.026217958540253435,9.360855595144793,0.018010106397191063
1502954,PA,0.576949443016281,0.6067620071092006,11670,0.04107431563318453,9.324912355373247,0.024922334194227864
1503002,PA,0.8355416991426344,0.8029972752043597,3849,0.05801132219518481,8.922958841868981,0.0465829336537356
1503044,PA,0.5237939314560139,0.5878626631192195,9162,0.08285610374730738,9.737432380238968,0.048708009804574466
1503077,PA,0.7392419910563741,0.679500756429652,13641,0.033838955986331874,9.036444403716143,0.02299359618950221
1503093,PA,0.6394103956555469,0.6404412301848199,12890,0.025424338715081707,9.049527561398929,0.01628279476332247
1503101,PA,0.7751176757019964,0.6290902710764102,12322,0.039550068876531515,9.008556295542563,0.024880563550627906
1503200,PA,0.7263213991570175,0.6615204792285589,20641,0.035080698212565445,9.126996507782941,0.023206600293248746
1503309,PA,0.6948374760994264,0.7139418508899728,31380,0.03163007498337027,8.977637200096568,0.022582034277415994
1503408,PA,0.6292064485835029,0.5183023035657937,6389,0.22085687370853482,9.297572331954568,0.11447062640147317
1503457,PA,0.6746057818659659,0.6348071808510638,12176,0.045082140589131146,9.025066418554642,0.02861846657411766
1503507,PA,0.7627008889150527,0.708938742299198,16987,0.035375678338814096,8.78983221230174,0.025079188909499846
1503606,PA,0.4430436639025596,0.5868447128768933,44499,0.031172564661201708,9.795135336115036,0.01829345475823931
1503705,PA,0.6438507164978217,0.7148543892729939,19051,0.029511911546460965,9.185825482300745,0.02109671950482397
1503754,PA,0.75487994472275,0.3795228628230616,5789,0.033130130083049866,10.856168402763942,0.012573641814819521
1503804,PA,0.5914738961740582,0.5576986249941339,20361,0.020521884117670062,9.021815237885459,0.011445026554713548
1503903,PA,0.6029298380878951,0.6140181207370458,22049,0.03332380326228221,9.770630705672788,0.020461419054917558
1504000,PA,0.7595305832147937,0.7107456140350877,14060,0.033550627438167724,9.558328850358377,0.02384596129980298
1504059,PA,0.5549078600977811,0.5458201316110163,15954,0.030981874704187454,9.189221104649397,0.016910530928595614
1504109,PA,0.6965193586233868,0.6972216972216972,5114,0.043301663223536194,9.168322367437106,0.030190859125236256
1504208,PA,0.4409030301923323,0.61080278351595,109498,0.026270000653475668,10.370889294248041,0.016045789522108764
1504307,PA,0.6994646805539393,0.6025897017002481,17186,0.20362651385048922,8.98329424797258,0.12270324023942773
1504406,PA,0.6715178096757044,0.6824860226238461,15048,0.22892912402191068,9.025124481806897,0.156240927316475
1504422,PA,0.543548649675307,0.628143941682273,55283,0.0903900088943363,9.595904828327413,0.05677793647558412
1504455,PA,0.3792710706150342,0.3497498706227359,11414,0.02493802447379123,9.886840611055316,0.008722070833295105
1504505,PA,0.756338899196042,0.5593843639335331,8085,0.039978817643329015,8.778819238210732,0.02236352547822831
1504604,PA,0.7706706408345753,0.7411190053285968,16775,0.023046986092197738,9.168994288861436,0.017080559408471592
1504703,PA,0.7589072943911653,0.7008803146656677,34410,0.030393946272882753,9.248833980029085,0.02130251862766946
1504752,PA,0.4440321583178726,0.3881619937694704,12936,0.09894475898915094,9.168656359589688,0.038406594922268555
1504802,PA,0.4856190476190476,0.4842304877237341,31500,0.02723211481866612,9.429625712756918,0.013186620240391422
1504901,PA,0.7927307854857212,0.8029215306823148,16563,0.03578559588070082,8.775117814342925,0.02873302542091104
1504950,PA,0.6050146532074243,0.6402546093064091,9213,0.044333478838881966,9.137166991479742,0.028384714173182328
1504976,PA,0.5308767841538014,0.4899493853940708,6866,0.2580089493519813,9.021021849620787,0.12641132616117318
1505007,PA,0.7288491854965844,0.6588435820112757,7612,0.15889847084130077,8.961766117047889,0.10468923770519684
1505031,PA,0.2181607674495534,0.3983376530521047,12092,0.04005636652989644,10.029576877486893,0.01595595903331383
1505064,PA,0.5221562357240749,0.6041683113602274,24079,0.026038181847964095,9.345403224490513,0.015731444357974994
1505106,PA,0.7089449738174951,0.6856201071281417,23298,0.024694757002549663,9.420110312244242,0.016931221941591527
1505205,PA,0.8089788132706588,0.7788489628980426,14679,0.0324193025321911,9.398798248269857,0.025249740155074925
1505304,PA,0.5871788293076274,0.5431745034932098,27283,0.029213525499981605,10.02303977859575,0.015868042208738734
1505403,PA,0.7409117704853606,0.6403930801514996,10178,0.02879255186883601,9.163465589153533,0.01843855097670571
1505437,PA,0.4434616850934045,0.5531190926275993,13115,0.03397255262557215,9.846514224847759,0.018790867482499835
1505486,PA,0.5186165064205975,0.6134436953474401,15497,0.030579502221258062,9.447338888233029,0.0187588028444938
1505494,PA,0.6162790697674418,0.5785876993166287,3870,0.2814622060721078,9.061450535598746,0.1628505702558437
1505502,PA,0.4186256586729756,0.5201290980125701,46495,0.12194414312699949,10.072489417349002,0.063426697172562
1505536,PA,0.3846373500856653,0.569835810377289,105060,0.42173629905711374,11.275125002304689,0.24032044573872913
1505551,PA,0.5015935278254474,0.6095679012345679,4079,0.049051692401647584,9.669476725899926,0.02990033718927592
1505601,PA,0.6775823027347152,0.6803541156526652,5741,0.0665070203998325,8.827671780123879,0.04524832504882181
1505635,PA,0.5119180633147113,0.6481098363738951,5370,0.04381116269632978,9.804257275240936,0.02839444548646839
1505650,PA,0.4772883216687251,0.5310603871713377,7287,0.03813126963065515,8.999789271362221,0.020250006813390398
1505700,PA,0.7848640069259072,0.6995384615384616,13861,0.10676162552632353,8.843108442442555,0.07468386327202971
1505809,PA,0.7072375570528147,0.6261077027948193,18404,0.027937349758393133,9.58988372077433,0.017491789879402926
1505908,PA,0.7112994350282486,0.7343505836933542,12390,0.04273999180624282,8.943501729575866,0.03138613792996359
1506005,PA,0.6348158218424289,0.6381776082811224,15447,0.03644392677996109,9.175441431437058,0.023257698028807915
1506104,PA,0.7018246550956831,0.6208435960591133,6741,0.07513912364785794,9.821958458429515,0.046649643730266484
1506112,PA,0.7411666666666666,0.6240464344941957,6000,0.15903058638552214,8.883690958650943,0.09924247040940627
1506138,PA,0.3368183027400904,0.4678073440364424,37590,0.030722844244566054,9.973835823335497,0.014372372167295746
1506161,PA,0.4364025213867627,0.4876179900055524,8884,0.0340800728158413,10.179615588067099,0.0166180566057034
1506187,PA,0.4832039879907098,0.6255381764673824,17653,0.0254500437884922,9.234108224993363,0.015919973982468444
1506195,PA,0.497607223476298,0.6149074250811224,11075,0.034695595366334805,8.864426290840164,0.021334579208369456
1506203,PA,0.6445194688273689,0.6260479337212743,22215,0.11174136693985345,9.361751303702007,0.06995545188388597
1506302,PA,0.7476946721311475,0.7192936899506621,11712,0.031811499140931246,8.9183571685546,0.022881810599942754
1506351,PA,0.5872876624930218,0.6419659735349716,12539,0.1312110786445416,9.026781574071725,0.08423304784061687
1506401,PA,0.7593081207856933,0.7284824462061155,3411,0.047926157504205764,8.844554438398156,0.03491336445592339
1506500,PA,0.5465864089973071,0.60880298846841,31565,0.030114171423295963,9.29332658259389,0.018333597557752573
1506559,PA,0.7398216362931369,0.6149284638554217,10316,0.04133561146344915,9.014384070710191,0.025418444059743344
1506583,PA,0.4351875478438377,0.5389955083707636,7838,0.32687429835378495,9.800882269935478,0.17618377861453496
1506609,PA,0.5647883489859806,0.5762602326583369,14694,0.14920516007574608,9.6501766215192,0.08598100025907383
1506708,PA,0.4093891579440712,0.4816389956653308,12802,0.02318931645943429,9.379963468853605,0.011168879089687457
1506807,PA,0.4363456464379947,0.4158794907313949,160696,0.03389662723520268,9.683591883853088,0.014096912072088023
1506906,PA,0.8113636363636364,0.7819444444444444,4400,0.2972706393560507,8.820737683395903,0.23244912494091186
1507003,PA,0.6885490488623648,0.6896975657732972,16086,0.044449383896838675,9.37784764444166,0.03065663187377243
1507102,PA,0.726338329764454,0.6696791226645004,9340,0.03457693561408698,8.97675715196122,0.023155451906468685
1507151,PA,0.6175467603596155,0.6359845402766476,9677,0.03272652700076265,9.312855531037217,0.02081356522943133
1507201,PA,0.7476702508960573,0.5960294878427315,15345,0.17769018341951465,9.057641350236327,0.10590858901821433
1507300,PA,0.3992223238792314,0.4673199549887472,21860,0.028054752529273405,9.322379640326092,0.013110545689200488
1507409,PA,0.6344495688790857,0.5974714518760196,9974,0.035474883040227514,9.601095402779633,0.021195229875176715
1507458,PA,0.5320898685883849,0.5677322427176362,11795,0.027189209962792255,9.884136625856817,0.015436191149896744
1507466,PA,0.717312661498708,0.6653082017320427,3870,0.4010244882841194,8.904571973750219,0.26680488115082013
1507474,PA,0.696253765060241,0.7114155251141553,10624,0.29672399170804337,8.88104918932868,0.21109405437494594
1507508,PA,0.6478956727919384,0.7157979149959903,6748,0.035969615871383843,9.079437209348493,0.025746976043943236
1507607,PA,0.6552102950408035,0.5975243360173056,25488,0.026652892848032156,9.358039164467966,0.015925752101960806
1507706,PA,0.786424720977906,0.7356803797468354,13171,0.0314874184822253,8.981376906476088,0.02316467598625103
1507755,PA,0.5427574171029669,0.521774193548387,2865,0.37352486475176483,9.74211446696712,0.19489563507612245
1507805,PA,0.6627570228786562,0.6624660721209771,6906,0.06859127264547574,9.345475343456382,0.04543939097122733
1507904,PA,0.7552851236445901,0.7569610182975338,12819,0.03630622357301257,8.91828301643666,0.027482395966365526
1507953,PA,0.5580489736651046,0.5858245272525028,30302,0.026342473223381752,9.066262523504918,0.015432066922749328
1507961,PA,0.6783407492464475,0.681271981242673,6967,0.25157102897600275,8.711435475968969,0.17138829333373928
1507979,PA,0.5855786219081273,0.6179775280898876,9056,0.0406559347198766,10.21867927626774,0.025124454040373178
1508001,PA,0.6286631359332371,0.6099336330550204,31155,0.034679560389336554,9.27071676875944,0.02115223026101902
1508035,PA,0.8133317275847535,0.7356146052380043,16607,0.10267795948644609,8.858444476304658,0.07553140663426583
1508050,PA,0.3916440759049593,0.5155091031692515,6271,0.04586731990012578,9.657364375355991,0.023645020946491003
1508084,PA,0.3730379671859267,0.5102316720948811,16883,0.04109585633740937,9.900128015094994,0.020968407495207397
1508100,PA,0.5486855419945067,0.6266646324186482,48423,0.026372942371895514,11.108127377639894,0.016526990237282095
1508126,PA,0.5776160145586897,0.620750465366905,10990,0.03864810157109358,10.046675438936685,0.02399082703580375
1508159,PA,0.3330924855491329,0.4506473953628425,17992,0.03045657224116812,9.391359369359373,0.013725174952162664
1508209,PA,0.6921371810957758,0.7126350163275559,23910,0.016078230150532308,8.87994353077292,0.011457909805842792
1508308,PA,0.8306533994173508,0.8498001372794444,26431,0.032101593634951686,8.983346192203582,0.02727993867787088
1508357,PA,0.5152065365410804,0.4896796056685151,8812,0.5506990271723284,12.584390478283538,0.2696660824677807
1508407,PA,0.3734542073454207,0.4442429737080689,21510,0.02087938025365001,10.22609958259745,0.009275517973063014
1600055,AP,0.5090311986863711,0.6234190126478988,2436,0.35062017138701207,9.558921966927175,0.21858328106052813
1600105,AP,0.6471609223902802,0.7445237509229633,4033,0.17256904316449007,9.629219738487404,0.1284817513100129
1600154,AP,0.597549990992614,0.7144886363636364,5551,2.745942696697605,9.879352031618529,1.961944852896158
1600204,AP,0.652670962377884,0.6707513057452792,4811,0.31957070183673614,9.617707386220726,0.21435246553492607
1600212,AP,0.7102499094530967,0.7332038834951456,2761,0.04153224859176117,9.472232282274238,0.030451605957765082
1600238,AP,0.5636507101525513,0.6281473628412404,3802,0.005081286805792358,11.160069179976567,0.0031917969068984598
1600253,AP,0.6693121693121693,0.7367921543815248,3780,0.11920054753759764,9.46042061694187,0.08782602822368392
1600279,AP,0.589107590547821,0.6754329380241155,18747,0.2315071688404854,9.81204612827407,0.156367567223574
1600303,AP,0.4485106499730207,0.5840069542774183,218686,0.07927226884531247,10.006973558495217,0.04629555628701161
1600402,AP,0.6941486941486942,0.7636110281676122,10989,0.15329093411602462,9.40686859200906,0.11705464780911126
1600501,AP,0.6714573416331014,0.6659503809337761,10924,0.3182993989952186,9.679240188729766,0.2119716060118578
1600535,AP,0.5878401074907625,0.7252808363919475,8931,0.3463998871188955,9.66992169622487,0.2512371998556687
1600550,AP,0.6581235697940503,0.7615927419354839,2185,0.3475077902894827,9.508715123504276,0.26465941085050826
1600600,AP,0.4684901346430688,0.5831914183886655,59045,0.03786349363379439,9.759436536415208,0.022081664557442756
1600709,AP,0.6369316209649427,0.7269399707174231,5762,0.25712417268057114,9.500727178469804,0.18691383855915603
1600808,AP,0.7281863136066359,0.8044524669073405,6269,0.14778451515433016,9.40399340452331,0.11888561778660615
1700251,TO,0.6123032904148784,0.670958512160229,1398,0.1440098866732029,9.92534139208413,0.09662465929861541
1700301,TO,0.6601532567049808,0.6919847328244275,2610,0.20963278674753302,9.852834729557411,0.14506268792873184
1700350,TO,0.543918918918919,0.6378194207836456,2664,0.26369993553896576,9.854902556865495,0.16819294014614783
1700400,TO,0.6841779975278122,0.6093796378747403,3236,0.1275429850098903,9.966019170571753,0.07772209801879038
1700707,TO,0.4415094339622641,0.5215669931235674,4505,0.13717960344052516,10.475117875300958,0.07154835328435807
1701002,TO,0.6367078517337584,0.6477249330862672,5018,0.07718390905537578,9.518267359660795,0.04999394232822981
1701051,TO,0.5528846153846154,0.5862268518518519,1664,0.19561536065108442,9.253190159879304,0.11467497704834984
1701101,TO,0.5243704305442729,0.6361295069904341,2462,0.1687648404915594,9.979778483958235,0.10735629477921493
1701309,TO,0.6558237145855194,0.7304504504504504,2859,0.13345618828821817,9.298713305783663,0.09748313285052909
1701903,TO,0.6681374093917428,0.7359460327658207,3173,0.1331325339171947,9.79956714980414,0.09797836016842051
1702000,TO,0.3236421005183683,0.4352724764313635,4437,0.06430694221888054,10.01551367565821,0.027991041991340736
1702109,TO,0.4027984978651165,0.5924679364593692,77756,0.10767045712672163,10.109694603066743,0.06379129355150576
1702158,TO,0.5525464834276476,0.6986143187066974,2474,0.09813998321175454,9.348481026724844,0.06856199750936663
1702208,TO,0.5998911638664036,0.6110293034899131,14701,0.06452107739759659,9.39499798228063,0.03942426898267222
1702307,TO,0.5666458072590739,0.6662591687041565,3196,0.06845475704410708,10.673817860735808,0.045608609522051785
1702406,TO,0.733534743202417,0.7655980034555577,4965,0.1881170247554001,9.770077434916303,0.14402201856873403
1702554,TO,0.6383852206637016,0.6833211767566253,8769,0.04612063594054349,9.541750543302975,0.03151520722365608
1702703,TO,0.6131730266596969,0.6377992868059094,1913,0.07525844148655578,9.330556491620143,0.04799978030624954
1702901,TO,0.652588996763754,0.6336568514558315,6180,0.16090900764579893,9.423957975381756,0.10196109515571927
1703008,TO,0.7218831734960767,0.7734689552871371,4588,0.16330797698984803,9.195600876107383,0.12631365035239359
1703057,TO,0.4958968347010551,0.4948630136986301,1706,0.17705861486584137,10.441741085613073,0.08761975975381533
1703073,TO,0.7303370786516854,0.7306654676258992,2403,0.12114021391231766,9.42229827269838,0.08851297104654506
1703107,TO,0.5072225869993434,0.6629551609990972,3046,0.05406461670616805,9.72401906472458,0.03584241667279212
1703206,TO,0.492619926199262,0.4563367666815943,2168,0.07687169010188005,9.724017152212447,0.03507937851044146
1703305,TO,0.5892271662763466,0.6531365313653137,2135,0.007500981225276412,9.647899815109422,0.004899164859313377
1703602,TO,0.5439655172413793,0.5935960591133005,1160,0.0971263970432565,9.838431629959596,0.05765384652075078
1703701,TO,0.576017930519238,0.5986622073578596,2677,0.205515662062181,10.473202207437026,0.1230344598967572
1703800,TO,0.6622036874451273,0.6675294117647059,4556,0.11226469469180078,9.074389591397923,0.07493998560956208
1703826,TO,0.6937919463087249,0.7820408163265307,1192,0.216855683762647,9.393654375231923,0.16958999595478844
1703842,TO,0.705422446406053,0.6892670875651935,3965,0.19152416381157722,10.337648592176219,0.13201130258876487
1703867,TO,0.4728718428437792,0.6380462724935733,2138,0.028644363711929254,11.297191906188493,0.018276429494346633
1703883,TO,0.6309523809523809,0.6457765667574932,1428,0.22833748755646888,9.578119321815226,0.1474549987762483
1703891,TO,0.7301504929942917,0.8100531657805703,1927,0.22649659943110936,9.19594806399452,0.18347428740770386
1703909,TO,0.6508966043494849,0.660655737704918,2621,0.11123934343284043,10.301299908667827,0.07349091049743392
1704105,TO,0.703765690376569,0.6309427880741337,1195,0.21137469023676603,9.38850693899115,0.13336533638629153
1704600,TO,0.4940143655227454,0.5320723684210527,1253,0.044706030223343136,9.74440562868519,0.023786843383637343
1705102,TO,0.7558205565019875,0.6910614525139664,1761,0.07726889006311481,9.865040385349959,0.05339755140115811
1705508,TO,0.4238818985922511,0.4745677459918265,16054,0.04482386645328835,9.937673573606514,0.021271961269375698
1705557,TO,0.4791244426428861,0.4316121403232164,2467,0.11733566382324331,9.53790904393181,0.05064349699899544
1705607,TO,0.7509578544061303,0.7072243346007605,1827,0.16830147151900268,9.441886928257357,0.11902689620735551
1706001,TO,0.6474424991417782,0.6450511945392492,2913,0.12079483632301226,9.9530257853048,0.07791885346433214
1706100,TO,0.5309709821428571,0.5818472185254192,3584,0.08390405651440298,9.6132451275518,0.04881934190590496
1706258,TO,0.5878524945770065,0.5796645702306079,922,0.17653538538870656,10.146250034245886,0.10233130830183933
1706506,TO,0.6467023172905526,0.6616142478211444,2805,0.08950524003113085,10.336885027085005,0.05921794205924762
1707009,TO,0.6334874665368703,0.6169754931261208,8218,0.099753414540345,9.786290157715648,0.0615454121270437
1707108,TO,0.6232596232596233,0.6556309362279511,3663,0.09658753663478858,9.7865373817368,0.06332577707181797
1707207,TO,0.6703772418058133,0.6568196103079824,3234,0.06764716243434822,9.562420111796435,0.044431982868569385
1707306,TO,0.5606694560669456,0.6256476683937824,2151,0.13033732097991738,10.110803497193821,0.08154524097577732
1707405,TO,0.7449344457687723,0.735263432446531,4195,0.08230740178590869,9.012179349886488,0.06051762275286296
1707553,TO,0.4641805691854759,0.498784637822071,2038,0.046886304221954576,9.769130141015038,0.02338616827016305
1707652,TO,0.497369344089793,0.5919973761889143,2851,0.1003145006124703,10.380093110881965,0.05938592115628366
1707702,TO,0.6428571428571429,0.6963411792123049,4116,0.10903347813530898,9.35072696239233,0.07592450073836012
1708205,TO,0.4568797399783315,0.5624016190690353,9230,0.08465301653586157,9.843887220640175,0.04760899355884637
1708254,TO,0.5294771968854283,0.4162790697674418,1798,0.05015793787494004,11.191657704424447,0.020879699720033174
1708304,TO,0.5944798301486199,0.6362313568570389,2826,0.10648833248001431,9.589558363031248,0.06775121626320299
1709005,TO,0.7307621332349142,0.7189211113364429,5419,0.10837389681245548,9.426773154714285,0.07791228233627147
1709302,TO,0.4314015118602832,0.52586060708835,11509,0.06408884501009843,10.137917408842435,0.033701798944601534
1709500,TO,0.3732046450035652,0.5308388359011983,39268,0.07551348675882646,10.151182776375935,0.04008549140589599
1709807,TO,0.7291262135922331,0.6435555555555555,1030,0.15900827231398587,9.65323477598154,0.10233065702695623
1710508,TO,0.6260015507883174,0.5870825282914711,3869,0.10472878840634267,9.499979659206005,0.061484441882498166
1710706,TO,0.7139272271016311,0.7689718482252142,3188,0.154713534615009,9.298346279132321,0.11897035265835913
1710904,TO,0.6609571788413098,0.6422845691382766,1985,0.18093640714120368,9.846886226082542,0.1162126623021158
1711100,TO,0.5458904109589041,0.6163120567375886,1460,0.09998115565028848,9.782096887841144,0.06161959167383027
1711506,TO,0.5726681127982647,0.6353246753246753,1844,0.1393779848602822,9.655019479147102,0.08855027297876629
1711803,TO,0.6178923426838514,0.6141924959216966,1319,0.06896875845386902,9.537328303819962,0.04236009389540242
1711902,TO,0.5588182950702972,0.6271882429219797,5619,0.024455757967290073,10.523156571658594,0.015338363868829866
1711951,TO,0.6956037840845855,0.7399477806788511,1797,0.06881798627191464,9.147138381561565,0.050921716212690885
1712009,TO,0.4985714285714285,0.5056910569105691,2100,0.03136815154898879,9.988898703270033,0.015862593710139046
1712157,TO,0.6217516843118384,0.6092307692307692,1039,0.02718606929053467,9.436776593748027,0.01656258990623343
1712405,TO,0.8009679370840895,0.8278228321896444,1653,0.05832028393118435,9.335519209452016,0.04827886261801724
1712454,TO,0.6494915254237288,0.6721419185282523,1475,0.15351766815046838,9.306541420436309,0.10318565999863939
1712504,TO,0.6332703213610587,0.686135093956323,2116,0.1787650029047485,10.116338822116173,0.12265694206415197
1712702,TO,0.6835341365461848,0.5774647887323944,1245,0.15052299433790436,10.848158683693189,0.08692172912470533
1712801,TO,0.770748987854251,0.7890382626680456,1976,0.13732792423824514,9.279011906699443,0.10835698675675393
1713205,TO,0.6107209254286304,0.698639942734431,9682,0.06671029715394204,10.250562268607279,0.04660647818342694
1713304,TO,0.4985789080029917,0.5617912183774353,6685,0.06244326527130081,9.88308265045095,0.035080078076229475
1713601,TO,0.6333656644034917,0.6429665951578302,3093,0.1254601409866173,10.01612699345133,0.08066667967818666
1713700,TO,0.473186119873817,0.5971867007672634,1585,0.08667356005694456,9.67246950813944,0.051760297374159984
1713809,TO,0.64,0.573218761188686,2725,0.2227521243766792,9.256401585823042,0.12768569678734815
1713957,TO,0.670192906036092,0.7259552042160737,1607,0.07920590736514685,9.4124096853357,0.0574999406563846
1714203,TO,0.56858943286476,0.5102731447909112,4126,0.09902372180464644,9.843629765104145,0.05052914593415727
1714302,TO,0.725975975975976,0.6847014925373134,2664,0.1457104576127712,9.317747289420062,0.09976816780575938
1714880,TO,0.5729020979020979,0.6324569356300997,5720,0.12448688444575119,10.022731533746496,0.07873259346269813
1715002,TO,0.4537680384820951,0.5416191562143672,1871,0.027478176026330167,9.480068640811368,0.014882706513690797
1715101,TO,0.5805496828752643,0.6639864578925095,2365,0.06596993759790273,9.404315247878598,0.04380314519302132
1715150,TO,0.6223717409587889,0.6371976647206005,1189,0.1381054973618521,9.37033037745151,0.0880005004040492
1715259,TO,0.6787687450670876,0.6163723916532905,1267,0.09860979423263429,9.295252314176125,0.06078035471160765
1715507,TO,0.6,0.5293617021276595,1010,0.12383325402741771,9.763476935482682,0.06555258213196069
1715705,TO,0.7249177631578947,0.6729055258467023,2432,0.13819649155871447,9.69265388323883,0.09299318282248611
1715754,TO,0.4424873231918868,0.5121136173767753,3747,0.0804699924453198,9.647847781412962,0.041209778921454505
1716109,TO,0.2904033746374901,0.4449350428801902,22758,0.06251137689420377,10.091832360950034,0.027813502158922285
1716208,TO,0.8085535606213435,0.8083832335329342,4957,0.09548403161639361,9.932551561009777,0.07718769022882119
1716307,TO,0.560033941450997,0.5669398907103825,2357,0.14715681062036126,9.566648865008506,0.08342906613039608
1716505,TO,0.5033866995073891,0.6056823780587945,6496,0.02356968390284509,10.59128975663654,0.014275742196369305
1716604,TO,0.6591525777499478,0.681195007161858,4791,0.14365879228267348,10.722647123871845,0.09785965203785962
1716653,TO,0.603180473372781,0.6722323049001815,2704,0.16627827819285929,9.535794412957868,0.11177763020441939
1716703,TO,0.4057442443583314,0.5256438000432807,4387,0.09195625577089217,9.763335570381038,0.04833623572116362
1717008,TO,0.559410234171726,0.5748576078112286,2306,0.1456546006917596,9.378315937101565,0.08373065532036464
1717206,TO,0.6313645621181263,0.6077015643802648,1473,0.21962202458587488,9.743941375021157,0.13346464791319715
1717503,TO,0.4711652794292509,0.4301610541727672,3364,0.034476954515521754,9.942548081197215,0.014830643099063383
1717800,TO,0.7135769057284619,0.6533161068044789,2217,0.1319602523904114,9.236764935244322,0.08621175834464001
1717909,TO,0.5521765056648777,0.5300086981733836,3354,0.08533625282062189,9.26325526256016,0.045228956264452544
1718006,TO,0.7127507163323782,0.6586782861292665,1396,0.08739445719831386,9.21082288103259,0.05756483128458291
1718204,TO,0.5232256053205862,0.6575120540019287,28869,0.04355621691336884,10.367920666769477,0.028638737647262692
1718303,TO,0.7332619175147295,0.7274441152706707,3734,0.20976411351524468,9.06477200537761,0.1525916699716337
1718402,TO,0.5197963800904978,0.6198533558939651,1768,0.08232462524673252,9.494141684574279,0.05102919523190019
1718451,TO,0.471558120362737,0.6164817749603804,1213,0.10935327364436893,9.965266298706004,0.06741430023400874
1718501,TO,0.7329295154185022,0.6932681867535287,1816,0.22095255738302794,9.225493594299643,0.1531793788154868
1718550,TO,0.6944444444444444,0.7045819935691319,2376,0.1481542736617284,9.232847979613618,0.10438683349236733
1718659,TO,0.696608615948671,0.6516956920256646,1091,0.06636277906342374,9.219873332634906,0.04324833722648422
1718709,TO,0.6346541302887844,0.6566617862371888,1489,0.06390083088940135,9.797968915361587,0.041961233753874824
1718758,TO,0.6275728155339806,0.6758569299552906,2575,0.2409053107603449,9.22278579649724,0.16281752374041195
1718808,TO,0.7200188857412654,0.7020785219399538,2118,0.1526142566585956,9.043706655947135,0.10714719174183154
1718840,TO,0.4943235572374645,0.5493345571363011,2114,0.1921100286275928,9.943499272158292,0.10553267749758082
1718865,TO,0.5748613678373382,0.532993401319736,3246,0.07453685005215419,9.63552184956996,0.0397276492329568
1718881,TO,0.5956464379947229,0.5857052498418722,1516,0.08469759048327333,9.650568338733196,0.04960782339501019
1718899,TO,0.5159620362381363,0.5618166526492852,1159,0.12845793946267448,10.565601401437396,0.07216980955514428
1718907,TO,0.7184466019417476,0.6343167701863354,2575,0.07733548714148625,10.34232565398745,0.04905519642437443
1719004,TO,0.4924065420560747,0.5947083583884546,1712,0.10171337525600309,9.334485935642533,0.060489794424646456
1720002,TO,0.6513493800145879,0.6740294511378849,1371,0.20707257861967124,9.340806351081122,0.13957301651272352
1720101,TO,0.7183499288762447,0.6712280701754386,2812,0.23269705532834584,9.221183201942432,0.15619279538355285
1720150,TO,0.763095238095238,0.6848101265822785,840,0.2669351625770149,9.490840225380666,0.18279990247362665
1720200,TO,0.6913805697589481,0.7758061438656745,5476,0.15902733254866921,9.087474246248153,0.12337438163382733
1720259,TO,0.7487544483985765,0.7931292008961912,1405,0.09994341035145522,9.38839114986737,0.07926803718688981
1720309,TO,0.7442901925660547,0.7774208352455255,2233,0.1570488278428997,9.183884591455481,0.12209303091595783
1720499,TO,0.7211120764552563,0.6798739306618641,2302,0.11143954228080534,10.034902255469888,0.07576483964161013
1720655,TO,0.6006700167504188,0.611674239776302,2985,0.061323981911531,10.27112579403137,0.03751030001579142
1720804,TO,0.7221924656311373,0.7606475236076315,5601,0.12698388051290022,9.329723067495692,0.09658997425022493
1720853,TO,0.4972577696526508,0.538534728829686,1094,0.14641675939055085,10.40390462126137,0.07885050981451168
1720903,TO,0.6459115862467495,0.6824196597353497,6922,0.07086418562863889,9.591189254305135,0.048359113444118404
1720937,TO,0.7470101195952162,0.7027027027027027,1087,0.09329408017498415,9.285570594107408,0.065558002285124
1720978,TO,0.5512010113780025,0.6189207195203198,1582,0.11843572046629208,10.298172318399665,0.07330232132790496
1721000,TO,0.3511945758146226,0.493155297987313,130674,0.06351198655774633,10.38318772632344,0.031321272656651605
1721109,TO,0.755774647887324,0.7539097078784303,3550,0.13348248508041768,9.170708384326726,0.10063374133386462
1721208,TO,0.6765129682997119,0.7818078775857183,11104,0.07177965664244937,9.461477655132303,0.05611790101346495
1721257,TO,0.5683760683760684,0.603336422613531,1170,0.019277269543115025,10.18238111895483,0.011630678843899797
1721307,TO,0.7099827882960413,0.74860853432282,1162,0.05267922408941701,9.340824646941327,0.03943611673484186
1722081,TO,0.584526608249626,0.6925366787157133,4679,0.11809463349380184,9.400291875889497,0.08178486525394696
1722107,TO,0.4956238201475888,0.6461112073445349,5827,0.06915122439637471,10.129360702670409,0.04467938108409452
2100055,MA,0.4847665201547766,0.6534328027477194,53238,0.1769272699813767,10.054301592674031,0.11561008190643342
2100105,MA,0.9154228855721394,0.9264856557377048,4422,0.1280437585189908,8.9790091184925,0.11863070557458752
2100154,MA,0.8594306049822064,0.8711063372717508,7306,0.03498847995162419,8.836973861923068,0.030478686617365434
2100204,MA,0.8585003292877975,0.895554055357315,10629,0.04527042779051991,8.677453992042697,0.0405421151955606
2100303,MA,0.8365467378206232,0.8251356072446446,11618,0.08674386950152826,8.836690197822595,0.07157545543589373
2100402,MA,0.8043606364172068,0.8213964638897213,3394,0.12232011652818864,8.852903563736463,0.1004733111788328
2100436,MA,0.8335265860526752,0.8543876567020251,12074,0.0289017006350888,9.21126769626535,0.02469325628031695
2100477,MA,0.8686434283989739,0.8691195168467896,13254,0.025574768162611644,8.694191350468802,0.02222753014895769
2100501,MA,0.7204156243986916,0.6892135281168701,5197,0.0535545082258948,10.350714041882881,0.036910491560932894
2100550,MA,0.7867197062423501,0.71744,3268,0.03684086786281494,8.913636322430069,0.026431112239497945
2100600,MA,0.7059590633327664,0.7843475160446874,17637,0.042467116749940914,8.939213106311968,0.033308977536395896
2100709,MA,0.8646267222044216,0.8975142788190813,12484,0.26158871949190277,8.805384264837846,0.23477961092198207
2100808,MA,0.8530775716694773,0.8657973690283868,9488,0.024157556346506282,9.040470838745247,0.020915548726960147
2100832,MA,0.7848101265822784,0.808303886925795,7663,0.04843333288116404,8.760078463542769,0.03914885122461581
2100873,MA,0.881511746680286,0.9100977198697068,4895,0.04184781178257015,8.575226484834545,0.03808559808485375
2100907,MA,0.8869458015615725,0.8660635696821516,21901,0.026221889575751625,8.67307080719186,0.022709823289786654
2100956,MA,0.7865468333099284,0.7207330001514463,14242,0.01499356565915022,8.87440235547371,0.010806357560487034
2101004,MA,0.7873665480427047,0.826002632125788,15736,0.0278084599585531,9.04956304934322,0.02296986112112944
2101103,MA,0.8385408650146221,0.8857097940575381,6497,0.2944180881483256,8.718652518583124,0.2607689842206676
2101202,MA,0.6664052116696081,0.7736689340393946,45897,0.19894398114474818,9.356341125651124,0.15391677782581076
2101251,MA,0.8433688286544047,0.8842761884276188,10330,0.2100370120369452,9.809359408945102,0.1857307284327558
2101301,MA,0.8868613138686131,0.80656346749226,8220,0.03780402992089276,8.577281176305533,0.030491349458176414
2101350,MA,0.8897586431833007,0.8736033519553073,3066,0.22112139690184027,8.739161047420716,0.19317239352248755
2101400,MA,0.5512325303743241,0.6524248004910989,42717,0.10437119605488672,10.52496807392555,0.06809435676312683
2101509,MA,0.8910696761530913,0.8387131367292225,10190,0.03347603961860357,9.306272158459484,0.02807679419379073
2101608,MA,0.709450909361586,0.7521005104043973,40303,0.17444765770309711,9.015152840834325,0.13120217239735094
2101707,MA,0.8428092567524013,0.871415424259157,31026,0.23693770449135798,8.967067305823418,0.20647117028232748
2101731,MA,0.9366000429830216,0.9392819429778247,4653,0.10120100627246131,8.741410535019762,0.0950562778029085
2101772,MA,0.836935791481246,0.8879725085910652,6292,0.12311796635778409,8.93519682833237,0.10932536943935191
2101806,MA,0.8474635163307853,0.8162282326787699,2878,0.28518034810216747,8.936366412401012,0.23277225152614853
2101905,MA,0.8559506875296349,0.8096803107260233,10545,0.07013890300099856,8.711399008169693,0.05679008877583093
2101939,MA,0.7578796561604585,0.845163222521713,3490,0.032687830061353056,9.013182971218004,0.027626551791895274
2101970,MA,0.805408271474019,0.7899852724594992,3772,0.08471156651766018,8.831504861222243,0.06692088995592477
2102002,MA,0.8213048498845266,0.8334242258983215,17320,0.041597061595474834,8.935481088803972,0.034667998859853416
2102036,MA,0.7388042562964097,0.7731790916880891,13063,0.03780442934600817,9.065593055117716,0.029229594343533134
2102077,MA,0.8304856115107914,0.8369331998283507,6672,0.27049987667484243,8.622474437150021,0.2263903273386501
2102101,MA,0.8325051890055979,0.8539518900343642,15899,0.21358826180807663,8.996142822454871,0.18239409986016167
2102150,MA,0.8186881188118812,0.7704586330935251,4848,0.05886180383954924,8.711506190250129,0.04535058492763832
2102200,MA,0.8860544217687075,0.8532679488161826,14112,0.0430388282097666,8.864759296480392,0.036723652665999605
2102309,MA,0.8754448398576512,0.8529325369626946,11802,0.03193077808481449,8.867851836374086,0.02723479955907363
2102325,MA,0.7465717757333796,0.7935347387173397,28805,0.17861932622965165,8.963109130823016,0.1417406403695139
2102358,MA,0.686687881198621,0.7580382278856127,7542,0.04275154815007175,8.771353346974802,0.03240730779904683
2102374,MA,0.8897196261682243,0.917368913857678,4815,0.052730026572821116,8.676968005401509,0.048372887204795406
2102408,MA,0.9215321680922276,0.9082474226804124,5378,0.09589680684057046,8.509241400943266,0.08709802765622945
2102507,MA,0.9093341566327056,0.9301816590063472,9717,0.12850441346190364,8.583171215672493,0.11953244850363111
2102556,MA,0.6989230769230769,0.8402722811461136,6500,0.03001040832416962,9.355108590224278,0.025216914260676324
2102606,MA,0.7952340784479123,0.7781932920416034,9484,0.06908363905587317,8.773238392399325,0.053760424503103824
2102705,MA,0.8611307420494699,0.8750470455400828,8490,0.03485734565813745,8.644698784267431,0.030501817333522613
2102754,MA,0.7917074763303951,0.7785166240409207,6126,0.028413289640068017,9.482779247946114,0.02212021832848262
2102804,MA,0.64978719708156,0.749056769325261,11513,0.025777852320477024,9.492055918917119,0.0193090747793202
2102903,MA,0.7409331064744336,0.7471789883268483,11167,0.030101953362184606,8.855927278833013,0.022491547059819064
2103000,MA,0.7591987183661774,0.8438162737559347,76777,0.2045582908581677,9.307711572983413,0.17260961475782177
2103109,MA,0.8292777885925637,0.8725004949514947,5137,0.043505917306449676,8.752242689081614,0.03795893438319614
2103125,MA,0.9213962832747364,0.9319313779745434,3982,0.060714798807376694,8.629122046385017,0.056582026116005726
2103158,MA,0.867563162184189,0.8932356908845634,4908,0.033387488822744366,8.714156956734241,0.029822896645484702
2103174,MA,0.8495748855461086,0.8609073214553077,7645,0.04168500915036965,8.830418933067422,0.035886929572484724
2103208,MA,0.7802615372520244,0.8355625709617568,38159,0.22005882059183574,9.102218802271603,0.18387291389652624
2103257,MA,0.7654121138540402,0.8050546851906591,7413,0.006447311239034339,9.094718575815618,0.005190438119866988
2103307,MA,0.7736946959386157,0.8122485094908042,50697,0.20819580714633742,8.967421130856268,0.16910673403684748
2103406,MA,0.8393563930476682,0.8287559112404511,23244,0.22100940771703323,8.916229033690213,0.18316285308524227
2103505,MA,0.8428763802854834,0.8623794954684524,18565,0.25434729365353903,9.141411022248718,0.21934389077470529
2103554,MA,0.803985803985804,0.8418352389328643,7326,0.10575555013271681,8.823885186930418,0.08902874881445216
2103604,MA,0.7233191210232863,0.8094510076441973,30490,0.18520090124824348,8.856356682432299,0.14991105613200417
2103703,MA,0.8524292722263289,0.874255741423306,14881,0.027335909944990366,8.87297165550481,0.023898576216438275
2103752,MA,0.6517482517482518,0.7921012376581839,7865,0.03360297681985106,10.514840466500644,0.02661695952800329
2103802,MA,0.7052493222705989,0.7743543641712978,12173,0.054118363213137975,9.193929875838796,0.041906790735900805
2103901,MA,0.9093836246550138,0.8762131789545378,6522,0.09769366026643318,8.82529218336795,0.08560047262575603
2104008,MA,0.8186908276493943,0.861049519586105,9823,0.1506873110745788,8.99591211245215,0.12974923680848804
2104057,MA,0.606112268737766,0.6536998732234603,15837,0.20952887520564853,10.075654147054895,0.13696899915858668
2104073,MA,0.717143521749244,0.6489568170790878,4299,0.18978962631353216,9.095383194788061,0.12316527180705931
2104081,MA,0.8289405684754522,0.8204166666666667,5805,0.2780570501448739,8.830489991113103,0.22812263822302364
2104099,MA,0.696592692221475,0.6926970354302241,8922,0.15438556091192254,8.908157446417864,0.10694242035692103
2104107,MA,0.7279965257672264,0.740155085905428,6908,0.13935981333258218,9.437979549927103,0.10314787460894177
2104206,MA,0.8467976710334789,0.8723080820876615,8244,0.03760559743241639,8.84678214856979,0.032803666572031834
2104305,MA,0.7364939360529217,0.7661309107849988,4535,0.2417553766021057,9.194128445975293,0.18521626686334164
2104404,MA,0.8106211252778103,0.8597449908925319,8549,0.040572283858509764,8.814781955171705,0.034881817816423695
2104503,MA,0.8309519391352755,0.8317704426106527,5389,0.025322817194138408,8.87983197105734,0.02106277086571715
2104552,MA,0.6281906714505382,0.7268236645605973,9755,0.04078579031313557,9.561528740232472,0.029644077577393305
2104602,MA,0.8365158252681141,0.8579177139833312,7646,0.06755473573446395,8.66896292585942,0.05795640445005937
2104628,MA,0.7768152866242038,0.7715773809523809,3925,0.047049191790789584,8.872060016876226,0.03630209217786369
2104651,MA,0.8453524004085802,0.8297604035308953,4895,0.019839879465853333,8.792676986671497,0.016462346391590787
2104677,MA,0.7644058697208304,0.8220952040725195,11176,0.03729236295438283,9.033523623393059,0.03065787273332982
2104701,MA,0.8329870129870129,0.8762672212113335,3850,0.02405672081658229,8.728573752918768,0.021080115901403407
2104800,MA,0.6997978010868191,0.7264929174746113,31652,0.33295758761737676,9.296620094531855,0.24189132922345655
2104909,MA,0.8851113716295428,0.9100822009729912,5971,0.235817878533513,8.854103507834179,0.214613653924561
2105005,MA,0.8434977220046359,0.8636516193992281,12511,0.03696529566974707,8.63936921190872,0.031925137466748334
2105104,MA,0.8773719165085389,0.9146082120071978,12648,0.2864336421962426,8.662490510462487,0.2619745613478149
2105153,MA,0.8746890140107372,0.8905729008790543,7637,0.026537078790241968,9.493024591656006,0.023633203239081812
2105203,MA,0.6847030798026204,0.8103052761602259,5877,0.23574569090861547,8.974237724320059,0.1910259771752889
2105302,MA,0.4500658965811303,0.6007725844713727,128990,0.0969543997737549,10.22839485441946,0.05824754532794941
2105351,MA,0.8168532338308457,0.8325177584846093,6432,0.320183010703751,8.575176019130675,0.26655804237594044
2105401,MA,0.8270534800409417,0.8343000072500544,31264,0.2142735019504704,9.026308547928819,0.178768384230772
2105427,MA,0.5737377248631268,0.6235188509874326,11507,0.015750974075379762,9.410873285030195,0.009821029257413629
2105450,MA,0.8556197245668592,0.8505104521147302,4502,0.15075014983694887,8.777453773665387,0.1282145780941867
2105476,MA,0.8413030116779349,0.8019050248481502,8135,0.16728103123726154,8.647138255783139,0.1341434995109404
2105500,MA,0.6868921143199163,0.7655865760162014,13366,0.26264130392232526,9.119762394231229,0.20107465659032353
2105609,MA,0.8171473934903414,0.8587468308583847,7558,0.2817602019338173,8.586291824951898,0.2419606804726841
2105658,MA,0.8526315789473684,0.8394947627849662,3515,0.09755683999286402,9.475902816646625,0.08189845624786028
2105708,MA,0.640466307515676,0.7132450634535209,22646,0.26320438477578806,8.97721954147832,0.18772922812065188
2105807,MA,0.7951298701298701,0.82267705125883,6160,0.03478929679733815,8.763573185584171,0.028620356104602406
2105906,MA,0.883249969501037,0.8700883143478817,8197,0.04312033253898026,8.78031220335211,0.03751849745296145
2105922,MA,0.8993006993006993,0.8700136213271065,5720,0.030954822910378047,8.848195603548215,0.026931117577797287
2105948,MA,0.790713671539123,0.784320942215679,5815,0.0285810521245639,9.099590426583656,0.022416717731853393
2105963,MA,0.8200599274562372,0.8368258330470628,6341,0.04046361743894266,8.845428671085184,0.03386100037144085
2105989,MA,0.6744950681070925,0.6998001998001998,4258,0.21764944229611624,9.213497070589018,0.1523111232052242
2106003,MA,0.6995332555425904,0.663284420855448,6856,0.03344703841604013,9.577801295837451,0.0221848995051131
2106102,MA,0.8217299578059072,0.8214932946719826,5688,0.05896059376630454,9.813795961240606,0.04843573242889788
2106201,MA,0.6832245245529378,0.6854695806261075,3523,0.048951983298865916,8.880280954103725,0.03355509546268984
2106300,MA,0.7867554661975371,0.7403535940121306,7958,0.03606813713154373,8.742405956190336,0.026703174954660777
2106326,MA,0.7593652164525532,0.7877000842459984,9263,0.13791481901151523,9.038217095376554,0.10863551455414217
2106359,MA,0.8478007912497091,0.8262742282842785,4297,0.21554635392321222,8.936964355673002,0.17810039724739216
2106375,MA,0.8414985590778098,0.8582504970178927,5205,0.03920508868424789,8.725810969542128,0.03364778684888631
2106409,MA,0.8409856579074021,0.8521157640868231,10389,0.25292529204849085,9.081094320476044,0.21552162849078266
2106508,MA,0.8285895504638072,0.8926953800543523,12613,0.19957821159746814,8.845121241128991,0.17816254745256976
2106607,MA,0.8715860086248203,0.8914445256930134,16696,0.22184154606927212,8.610486545614927,0.19775943181472705
2106631,MA,0.89003359462486,0.904637955513488,4465,0.28796629247794897,8.471880652097466,0.2605052380840509
2106672,MA,0.8887706226716339,0.896274217585693,3758,0.023718864223914986,8.748784089331926,0.02125860647431069
2106706,MA,0.854423076923077,0.8570200880867977,10400,0.1506090257285508,9.189588437087243,0.1290749604965494
2106755,MA,0.7839608801955991,0.8331325960801489,10225,0.031291540627023065,9.859093091471795,0.026070002477939176
2106805,MA,0.8084507042253521,0.8587604290822408,7100,0.20906818423052437,8.825866435160494,0.17953948359725008
2106904,MA,0.8635271853846713,0.894147621988882,13739,0.22641578769333268,8.784565595605894,0.202449138146733
2107001,MA,0.7451302029936436,0.7221153846153846,4877,0.2342030647351164,8.876971145333425,0.1691216361693004
2107100,MA,0.8395149786019972,0.8849454882857806,9814,0.04900545307824417,8.770014305395119,0.043367154602992695
2107209,MA,0.8678796123108314,0.8615923332104681,5881,0.08857467502425542,8.530494686323708,0.0763152609175072
2107258,MA,0.7660951148495633,0.7313084112149533,3091,0.11607791843097373,9.278908683937258,0.08488875810489434
2107308,MA,0.8639252336448598,0.8463486703250317,2675,0.19047458552163887,9.018104358125049,0.1612079121869506
2107357,MA,0.8394204286911747,0.8662857142857143,8351,0.02137462519803206,8.763657564321885,0.018516532457266633
2107407,MA,0.8328824141519251,0.882346538963866,9610,0.030815800286363715,8.953050111347151,0.027190214728074733
2107456,MA,0.8610267071805533,0.916027812444286,6253,0.059690056728767364,8.730635230744197,0.0546777520899281
2107506,MA,0.6244728329853008,0.7868399033097806,48846,0.0657513769430868,8.951060360657026,0.05173580707638336
2107605,MA,0.9027956139484342,0.9150551050114368,10123,0.12950434267396116,8.74631446634516,0.11850360988495863
2107704,MA,0.8581178903826266,0.8355393778954335,9670,0.17483410828394697,8.891315787486855,0.1460807820704719
2107803,MA,0.8989996384235266,0.8825192802056555,16594,0.030459215507505213,8.789149618211878,0.02688084494531244
2107902,MA,0.8211573430313402,0.8065114123508285,9349,0.20633118240664933,8.958655465509558,0.16640845333480317
2108009,MA,0.8405766376934493,0.8093525179856115,9434,0.13613313844650288,9.226812086046577,0.11017969838296096
2108058,MA,0.8839972838388411,0.8688787467620575,8836,0.05446779696551521,8.775218381224018,0.04732591116628705
2108108,MA,0.7842220738338262,0.834105560032232,10483,0.1774860695991899,8.874832694999867,0.148042117480952
2108207,MA,0.660487314745039,0.7441470747695795,19905,0.0252345368834264,9.635771047547145,0.018778206804966818
2108256,MA,0.8943389267932879,0.9078239138792772,10846,0.05821584810917959,8.633068628131939,0.05284973908027693
2108306,MA,0.8937614199947794,0.9209537473525996,15324,0.05680344101478979,8.629732547219508,0.05231334186509301
2108405,MA,0.8867752244711612,0.8686062881276396,6571,0.04379217288715702,8.6086601420056,0.03803815674055732
2108454,MA,0.8691043032970982,0.8941018766756033,11131,0.20577416015174194,9.153203417955789,0.1839830627630186
2108504,MA,0.8026354319180088,0.8722329612770469,17075,0.1678526031399486,8.976546831727134,0.1464065730948183
2108603,MA,0.7707765667574932,0.756264488354123,38168,0.22827645836690963,9.204931142579474,0.17263737899014217
2108702,MA,0.8496246246246246,0.8709049879386818,13320,0.03291669254073363,8.904300585049072,0.02866731172016892
2108801,MA,0.864260963078026,0.9050573162508428,8369,0.15328768318561373,8.744260593694191,0.138734139158281
2108900,MA,0.7898783454987834,0.8165190604543704,10275,0.19382369932296092,9.011403041463582,0.15826074486497443
2109007,MA,0.6391939879428524,0.588912399492171,12109,0.34229714767428115,10.001880237742974,0.20158303457618693
2109056,MA,0.7741739921188239,0.8141414141414142,3299,0.15106087703338641,8.815312680759291,0.1229849160494035
2109106,MA,0.7144538245075467,0.766398960122557,19545,0.3179430340317447,9.420334164334458,0.2436712106601399
2109205,MA,0.875681930897669,0.9287903371191636,6049,0.03412809286412714,8.836747677706333,0.03169784287650677
2109239,MA,0.8588098016336057,0.8540655339805825,3428,0.02987201815267916,8.853603840937875,0.025512661134645582
2109270,MA,0.8940579403679425,0.8913601368691189,9458,0.07574252054301257,8.82771258111518,0.06751386347803173
2109304,MA,0.9064556565340018,0.9009818605425196,6382,0.11220201670953198,8.742994122108726,0.101091981771577
2109403,MA,0.904459721487749,0.889463955637708,5673,0.04105426556969111,8.523830325883377,0.03651628944941842
2109452,MA,0.727111505209488,0.8180013236267373,13533,0.1325211155116452,8.965104184959245,0.10840244789701751
2109502,MA,0.7802715956242927,0.7952018121911038,10604,0.08295002509311021,9.764962803322367,0.06596201027533877
2109551,MA,0.668484435355601,0.7342434584755404,4401,0.04049934963607382,9.272894333300764,0.029736382542800963
2109601,MA,0.8041071259581717,0.8758445945945946,21134,0.24350300799282298,9.037804589890262,0.2132707933180384
2109700,MA,0.7204819277108434,0.7638931532084741,3320,0.04545770260216766,10.704091319929535,0.034724827778382907
2109759,MA,0.8445529290853032,0.8147116188353302,3892,0.2910805531071564,8.774371981544226,0.2371467086334147
2109809,MA,0.8188425485667709,0.794938539407086,14722,0.2635135327808926,8.83176449632157,0.20947706286284407
2109908,MA,0.6840556447298021,0.7738989798457327,41118,0.18346977116836993,9.585652280657136,0.14198706873973152
2110005,MA,0.830905816561878,0.842217200584873,31651,0.21748839022801894,8.969265405388215,0.18317246317755256
2110039,MA,0.7667638483965015,0.8445652173913043,11319,0.03092521730327154,9.04846718341836,0.026118362874610855
2110104,MA,0.8797317759030933,0.8731521576825444,13869,0.024031189557894447,8.887514169860406,0.020982885014153768
2110203,MA,0.8354805540434282,0.8435343437600774,16533,0.1809184817666305,8.883817936799907,0.1526109527910842
2110237,MA,0.863305101437857,0.84375,5077,0.04350695153566983,8.495172269479545,0.03670899035822142
2110278,MA,0.8872217642209398,0.8692103264996204,6065,0.05783549369105438,8.527514092426813,0.05027120835446811
2110302,MA,0.761616576059083,0.7729561256293455,9749,0.023251101423731792,11.788024923076078,0.017972081273102684
2110401,MA,0.8900492610837438,0.9062190423775454,10150,0.18242132623122798,8.809071627373296,0.16531367956650522
2110500,MA,0.8338667276260144,0.8625490444247563,17498,0.15138245657067192,8.717392706489768,0.13057479325770524
2110609,MA,0.8451479205373732,0.809447496947497,13994,0.05367905967967049,9.201751214295756,0.04345038049620458
2110658,MA,0.8482185273159145,0.8814713896457765,4210,0.1744795823145157,10.29142938394571,0.1537987598875908
2110708,MA,0.705230901564432,0.7306551782017568,18601,0.031235265609642005,9.042356872978228,0.022822208560192188
2110807,MA,0.85546875,0.8695296523517383,2560,0.04518976642924411,9.222138582747242,0.039293841893076886
2110856,MA,0.6346430775560584,0.6973018549747049,4861,0.08976905390391124,9.080998123083237,0.06259612780652157
2110906,MA,0.8967238689547582,0.8780487804878049,6410,0.03591348399161674,8.716969372428242,0.03153379082190738
2111003,MA,0.9093930383068044,0.9191873589164784,11434,0.0678179873578009,8.69115831181417,0.06233743668644813
2111029,MA,0.8252103508493411,0.8090409075283602,6299,0.04449218653019685,8.65684525092642,0.03599599896831154
2111052,MA,0.7026839826839827,0.7083120856705762,5775,0.031822545306099334,9.311813211395165,0.022540293437109626
2111078,MA,0.9062713797035348,0.9291943251334114,8770,0.23254596307985537,8.614138968479525,0.2160803892264854
2111102,MA,0.7788760896637609,0.7497024045710657,12848,0.03075411203589196,9.240833569602477,0.023056431743756156
2111201,MA,0.6547844623401232,0.8129734640350491,75996,0.5569351112532811,9.420811248651209,0.4527734666383254
2111250,MA,0.8950263032042085,0.9091519355560528,4182,0.2782850277060473,8.794622675876795,0.2530033715752227
2111300,MA,0.5777904212148501,0.7037620508198346,530798,0.09462730003202321,10.33115674450337,0.06659510273408045
2111409,MA,0.88962884755949,0.903391133509866,12313,0.2134056708822839,8.89062913576221,0.19278879091577986
2111508,MA,0.8095472440944882,0.8239460562103355,18288,0.30542726153365773,9.028484970118518,0.25165558759977996
2111532,MA,0.6854674796747967,0.7808848879524996,5904,0.011234157393941895,8.947366985693186,0.00877258373780906
2111573,MA,0.4250535331905781,0.4990027921818907,2802,0.04620926630550927,9.350933954084372,0.023058552911125685
2111607,MA,0.6967079861816704,0.7129053038436762,9842,0.050405934623906,10.006157702202751,0.03593465813858019
2111631,MA,0.8502317497103129,0.853697238971755,3452,0.03626643949455213,8.878478631916389,0.030960559263835365
2111672,MA,0.8686614173228346,0.861228813559322,3175,0.05204794835688485,8.726153310926216,0.0448251928115968
2111706,MA,0.8825953714466871,0.8969575838330002,9463,0.22769565177456963,8.73064673387531,0.20423334166499815
2111722,MA,0.8089713843774169,0.8662998624484182,3879,0.04358513530983651,8.554198443113968,0.03775779672370706
2111748,MA,0.8227946916471507,0.8220588235294117,5124,0.035723991446805645,8.899532183201567,0.029367222380535817
2111763,MA,0.7445380202611985,0.8194667523289432,8193,0.018703523575076715,9.220657951298424,0.01532691572117594
2111789,MA,0.936426456071076,0.9374870197300104,5065,0.051491647264983675,8.814412240461973,0.04827275093543849
2111805,MA,0.7277323998444185,0.7224199288256228,10284,0.19374209355854816,9.043541291133144,0.13996314943909352
2111904,MA,0.824206008583691,0.864616472251679,5825,0.02777521536718936,8.894551336296738,0.024014908726809888
2111953,MA,0.8949224259520452,0.8480831243281978,2836,0.04764176712227129,8.887895071315201,0.04040417870957225
2112001,MA,0.6955230698949292,0.6593999062353493,4378,0.06328437864713345,11.832360133205055,0.04172971334608214
2112100,MA,0.8552415133841783,0.8970224383585018,13374,0.16854586936300467,8.659429361857747,0.15118942671125596
2112209,MA,0.7401530685231987,0.8216214879914958,83884,0.1367444450172172,9.312888986665511,0.11235217438961727
2112233,MA,0.6915180983252296,0.752302472127969,11106,0.034209102551763154,9.460650056339064,0.025735592418970634
2112274,MA,0.8668012108980827,0.918848846253565,3964,0.27515322478767507,9.025895037359934,0.2528242231391031
2112308,MA,0.7563358267276991,0.7478649176667597,17914,0.21918759459370352,8.924509815551577,0.16392271238439518
2112407,MA,0.8599045346062052,0.8465723612622416,16760,0.07176822619489232,8.87761578761981,0.06075699671341264
2112456,MA,0.85788876276958,0.8629012192087584,8810,0.03279753710463102,8.741728244082122,0.0283010347546306
2112506,MA,0.8372662332450438,0.7517424210031214,24918,0.34131267644533825,8.855290851580605,0.25657921771007364
2112605,MA,0.8866584311303274,0.90124283694277,16190,0.14219434405802128,8.668240007259802,0.1281516340360674
2112704,MA,0.8530828286681608,0.8361161999476577,20971,0.24799195051215664,8.669490468716504,0.207350087279832
2112803,MA,0.7883299315644134,0.8359883521754026,24987,0.13574861564191307,8.972674604113099,0.11348426150057499
2112852,MA,0.6601441812564367,0.7333775127015684,4855,0.08500309612360714,9.03294634997929,0.06233935920706333
2112902,MA,0.7951697286774547,0.8245096109689694,16438,0.03511108496444804,8.972070284170986,0.028949427004735486
2113009,MA,0.7723547400611621,0.7848698236320176,16350,0.045283901492181027,9.004586375726175,0.035541967777537785
2114007,MA,0.7897350246016341,0.8474730976172176,22153,0.20431001483151842,9.038118599017563,0.1731472411434866
2200053,PI,0.907439446366782,0.8738111807005335,4624,0.08875264718984495,8.90534485755081,0.0775530554312563
2200103,PI,0.8262688232013385,0.8368176538908246,3586,0.22570435427231714,8.893327909423256,0.18887338821510394
2200202,PI,0.7394097383856252,0.7602556173984746,10741,0.1802668572730183,9.35554824168855,0.13704889087258124
2200251,PI,0.8016741790083709,0.840875292118122,4659,0.0900389768156734,8.870767471553773,0.07571155093189617
2200277,PI,0.8436420722135007,0.8189795255118621,3185,0.20017070023905267,8.892820142305977,0.16393570510315655
2200301,PI,0.8357207821737154,0.8114368440101339,8796,0.1405264812032083,8.860430908116284,0.11402836440738075
2200400,PI,0.8269644994016753,0.8341455073950585,25070,0.08636827846981895,9.24511205272784,0.07204371146704484
2200459,PI,0.8715689596746865,0.9155381325730576,2951,0.25232085469755217,9.482076243953392,0.23100936411903472
2200509,PI,0.8642754662840746,0.8438818565400844,10455,0.09326949713056093,9.01095731160957,0.07870843639709783
2200608,PI,0.8112100803823593,0.8111587982832618,4603,0.18074097046529614,9.15493162175945,0.14660962840318012
2200707,PI,0.8804347826086957,0.821937616195001,5060,0.12352108470233515,8.968900493648567,0.10152662591005816
2200806,PI,0.7032911392405063,0.6557213930348259,1975,0.13902582083337903,10.675239275522763,0.09116220490467342
2200905,PI,0.8842272968667021,0.8775783552102866,3766,0.22087283624298984,9.026744903485158,0.193833220340754
2200954,PI,0.8599928749554685,0.884235480047412,2807,0.06519530283499579,9.043268468829904,0.05764799989913891
2201002,PI,0.8915874692009855,0.8792786161207213,2841,0.16393592089979334,8.96781807394867,0.1441453496612463
2201051,PI,0.8847413228552717,0.7670484122852681,4581,0.11046902276883697,8.867853661517323,0.08473508852154153
2201101,PI,0.8232269771661878,0.8402160655166405,6613,0.15354129558779384,8.856100123635267,0.12900786327310365
2201150,PI,0.7572595281306715,0.786833855799373,6612,0.2669102094017159,11.325529561123366,0.2100139892157702
2201176,PI,0.8730226592560923,0.7935739436619719,2339,0.21729963236114558,9.038876116490748,0.17244332620913094
2201200,PI,0.792274915173992,0.7749604481121991,25346,0.12410194443274858,9.03727602007616,0.09617409846919807
2201309,PI,0.8046511627906977,0.8036175710594315,1935,0.30017961724456044,9.011604937191425,0.2412296148916235
2201408,PI,0.7633660992567729,0.7821535393818544,4171,0.1547236360666843,9.18250557298274,0.12101763957558706
2201507,PI,0.7711492418196328,0.7296738155989242,15036,0.11488773279808039,8.875848565010735,0.08383057035628498
2201556,PI,0.943881245474294,0.9324644549763034,2762,0.1235930469607764,9.083069482903552,0.11524612317314104
2201572,PI,0.8934240362811792,0.8980466888994759,2205,0.175199923838049,9.016051327081133,0.15733771149820028
2201606,PI,0.8612641345317483,0.8420891407566243,6898,0.11194348204663443,8.889791156861909,0.094266390609955
2201705,PI,0.812259401835949,0.8407138136153338,3377,0.1738962655492631,9.275367854535343,0.14619699258338578
2201739,PI,0.9307479224376732,0.8964769647696477,3971,0.19313862474901186,9.047916314638243,0.17314432809477812
2201770,PI,0.8525280898876404,0.8338064516129032,4272,0.1819116131323722,8.963262002130556,0.15167907665308247
2201804,PI,0.8028097062579821,0.7306182531894013,3915,0.22149285633448335,9.182052558838707,0.16182672378903123
2201903,PI,0.7057121096725057,0.7277089513173967,13130,0.05155981401666905,10.502089585099506,0.03752053818819025
2201919,PI,0.8111696040283818,0.800895968143355,4369,0.12238659313282817,9.15020488693225,0.09801892899488329
2201929,PI,0.9476608187134504,0.8984984984984985,3420,0.10566137266735692,8.900434632804163,0.09493658469091049
2201945,PI,0.8901303538175046,0.8719140284635493,3759,0.26671110732949393,8.819938141153704,0.23254915602763312
2201960,PI,0.8600079428117554,0.8588969404186796,5036,0.2097255470770107,8.817681005877121,0.18013263071207822
2201988,PI,0.914327378782355,0.9133767727098504,2743,0.18612884462405002,9.07928084306356,0.170005763410928
2202000,PI,0.8199671322925226,0.795157780195865,12170,0.10062654893551057,9.0846205623507,0.08001398328033117
2202026,PI,0.8945958016971862,0.8471454880294659,4478,0.11413252107215971,8.85055083828946,0.09668685026370803
2202059,PI,0.8928515807506618,0.8703365942629746,6421,0.26791085009595217,8.76356394186671,0.23317261683860932
2202075,PI,0.8936921041023379,0.9091339327969712,2267,0.057885104339911564,8.96454518959602,0.052625312558906824
2202083,PI,0.8347560975609756,0.8261538461538461,4920,0.17695763127602446,9.284188245713583,0.14619422768496174
2202091,PI,0.8610958904109589,0.8241005139920046,3650,0.15723908076741575,9.832406590149429,0.12958080728005764
2202109,PI,0.9316005471956224,0.9120813397129188,3655,0.16139761684963885,8.96848364075186,0.14720775460269098
2202117,PI,0.9286807468625652,0.9181905678537056,3267,0.20877847422180124,8.92730974806837,0.1916984258013459
2202133,PI,0.9081687132941804,0.8465011286681715,3746,0.1462497366330325,9.17931842856963,0.12380056712728485
2202174,PI,0.8297195721306736,0.8353302611367127,3459,0.2914504449608215,8.83519760898543,0.24345737629753414
2202208,PI,0.7445726430848641,0.7482977757603269,26348,0.09540531174112211,9.477494056717862,0.07139158257160227
2202251,PI,0.8517796196977084,0.8328816621499548,2051,0.2980406669368569,8.979299914584177,0.24823260606665046
2202307,PI,0.8053710115093103,0.8000183806635419,10687,0.13973938274235134,9.260072909417689,0.11179407469645881
2202406,PI,0.8611352447147408,0.7940575381229367,6906,0.19868628150871487,9.004498855124314,0.1577683395536109
2202455,PI,0.956599713055954,0.9319219593192196,2788,0.1490223585952372,9.002979593337445,0.13887720840444479
2202505,PI,0.8834439339799217,0.8192120885051268,5877,0.17358048919719593,8.89977122205786,0.14219923507897647
2202539,PI,0.7822464808962941,0.6671727907682964,3481,0.10781167307244366,9.000558818316756,0.07192901480114143
2202554,PI,0.8834597875569044,0.7241379310344828,3295,0.20451905240662305,8.954252664942619,0.14810000346686497
2202604,PI,0.7745287356321839,0.7570388814403372,10875,0.14621158536104056,9.094920127309647,0.11068785503534052
2202653,PI,0.8516297262059974,0.778683750728014,3835,0.11135587730746103,9.05645224649532,0.0867110122073823
2202703,PI,0.8051703244917194,0.7691038243524432,14854,0.19951773427325797,8.986276649914405,0.15344985245569723
2202711,PI,0.9204803635183382,0.9007164790174002,3081,0.22586441887149097,9.01270860184208,0.20343980410124057
2202729,PI,0.907684504184631,0.8323972805202483,3943,0.17149004668260173,8.948383190762838,0.1427478484948881
2202737,PI,0.7893422148209825,0.7576771055031924,3603,0.07237213997603792,8.990031581060666,0.0548347135361163
2202752,PI,0.8355817875210793,0.8823006225911652,3558,0.23871138594979663,9.129698094321073,0.21061520444310547
2202778,PI,0.8981335731954126,0.8921568627450981,4447,0.11802811029167395,8.88717355194376,0.10529958859355226
2202802,PI,0.8829516539440203,0.8459254371494557,3144,0.16466563967765052,9.237236758276904,0.13929485322781127
2202851,PI,0.940641863107072,0.9034107194038408,3521,0.14825057421520288,8.926952898067698,0.13393115790378893
2202901,PI,0.7562259854845595,0.8109620544269835,14054,0.07498122912755854,9.744812699837288,0.060806931616745254
2203008,PI,0.8506787330316742,0.8551336146272855,3757,0.18994363942724982,8.833356172634362,0.16242719095888591
2203107,PI,0.8292912201541643,0.8564305007271972,5319,0.20490734833269683,9.188942010101577,0.17548890293525377
2203206,PI,0.8373382624768947,0.7843853242914276,5951,0.12689701075113274,9.101596156622193,0.09953615292964003
2203230,PI,0.8701642819289878,0.874965034965035,3774,0.15829147807171062,10.916710590216988,0.13849950864568136
2203255,PI,0.8718995290423862,0.8917278824656659,3185,0.18165424581479953,8.838047736270664,0.16198615596132873
2203271,PI,0.9296450271826032,0.8996296296296297,3127,0.1278966738652931,9.502470775195645,0.11505963734029517
2203305,PI,0.7908564814814815,0.8225372769494012,8640,0.16612193865302863,9.412219777542859,0.13664148706121765
2203354,PI,0.9280660377358492,0.8834230079426082,4240,0.10709507927877204,8.907962746196734,0.09461025707230489
2203404,PI,0.8324198988195616,0.8251130291820797,4744,0.1871175928065635,9.293547067303807,0.15439316381388254
2203420,PI,0.8770906262154804,0.8503428801936265,2571,0.19690885183050597,8.955921957757685,0.16744004020117248
2203453,PI,0.914508276533593,0.9100038624951718,5135,0.17302385368518278,8.764472205256697,0.1574523751573158
2203503,PI,0.8723355750598427,0.8408667287977633,8773,0.13407602299672453,9.154561730351224,0.11274006686746943
2203602,PI,0.7716966379984362,0.7744360902255639,2558,0.24072904189847222,9.118605426052838,0.1864292580115988
2203701,PI,0.7376333886649277,0.7305484062561869,21085,0.1053271324300744,9.155111335362765,0.0769465687323252
2203750,PI,0.9472010178117048,0.8987210508123056,3144,0.11862626638591954,8.660946010073365,0.10661192278029409
2203800,PI,0.8626699198326944,0.8221052631578948,2869,0.27817064849319595,9.037969146035396,0.2286855541823011
2203859,PI,0.908881199538639,0.8126888217522659,1734,0.18201245613751138,9.039919550665946,0.1479194885226301
2203909,PI,0.7487059557218584,0.7846911227568684,32070,0.11040401069294015,9.823006218154113,0.08663304710750451
2204006,PI,0.8848149429263231,0.8554469273743017,2891,0.21242019104601856,8.889755468924527,0.18171419974257874
2204105,PI,0.861139896373057,0.8462861072902338,2895,0.23233200882900049,9.083587430249972,0.19661935135081504
2204154,PI,0.8868594622019279,0.8939311098961181,1971,0.17048622111026535,9.1530110097065,0.1524029368590945
2204204,PI,0.8238492911244902,0.7861562258313999,5149,0.16939454678580823,8.932542350769536,0.1331705775775515
2204303,PI,0.833283759666865,0.8529411764705882,6724,0.1825255149441296,9.072079459523662,0.15568352745234584
2204352,PI,0.8687569988801792,0.8869586493760705,4465,0.1428394573410464,9.066537273643572,0.12669269216082535
2204402,PI,0.8409933283914011,0.8073467758035536,5396,0.1542985540889044,9.960527684171497,0.12457244015482719
2204501,PI,0.8121565934065934,0.7351878612716763,5824,0.16881413805382267,11.16456686459301,0.1241101051082114
2204550,PI,0.9799183117767188,0.9225429302155644,2938,0.4777698192677071,8.90219874007763,0.44076316903579116
2204600,PI,0.8123848138591965,0.8555678059536935,2713,0.21187508974264194,8.942233196907273,0.1812735056673541
2204659,PI,0.8207325268817204,0.8287028844452309,5952,0.08969153023750136,8.955963074862986,0.07432762981812402
2204709,PI,0.8417274384685506,0.8389417498259457,8776,0.15383071535637124,9.101078718877847,0.12905500951805107
2204808,PI,0.8949121184088806,0.8814442583286805,5405,0.20112656123875194,8.904543880424187,0.17728185260128965
2204907,PI,0.9385499557913352,0.8886441507586882,4524,0.16465546321347574,8.900769999718683,0.14632011427511757
2205003,PI,0.8639563281137768,0.8848630034436293,6961,0.13773014935290395,8.950578090058103,0.12187231362115024
2205102,PI,0.8096784670347515,0.8338446633295656,6158,0.16640196558817794,9.210213206761148,0.1387533909732522
2205151,PI,0.9087493290391842,0.8931498829039812,3726,0.11842923788820946,9.041842520047954,0.10577505995226201
2205201,PI,0.8706704798220527,0.8236090595765633,9441,0.15204243818152618,9.106904279585464,0.12522352952641455
2205250,PI,0.8465244322092222,0.8438260869565217,2906,0.11847808030900098,8.803806602264844,0.09997489489726483
2205276,PI,0.8674215616890776,0.8345078979343864,4239,0.13786150744491252,9.077038466038026,0.11504651678391971
2205300,PI,0.8382775119617225,0.8608130081300813,3135,0.24904595149908232,9.187051306149618,0.21438199467254337
2205359,PI,0.9197952218430034,0.9089673913043478,2344,0.1868242745335142,9.110758623526946,0.16981717345505568
2205409,PI,0.788385235060719,0.7354549975136748,8317,0.23432995159886888,8.81658428474369,0.17233913397052567
2205458,PI,0.8776073619631902,0.8369708994708994,3260,0.13913961105687753,8.873089090513108,0.11645580541830589
2205508,PI,0.8678893994612581,0.8670214960597433,25244,0.13734531248929338,9.099705026069111,0.1190813383112601
2205516,PI,0.8293764675189147,0.8158953722334004,3833,0.1601304915431192,9.077143092284938,0.13064972700349062
2205524,PI,0.8872180451127819,0.9089381720430108,3192,0.306368680398669,8.947961857318095,0.2784701883327956
2205532,PI,0.8781476121562952,0.835683830764185,3455,0.0881144687914203,9.05054334057836,0.07363583682536534
2205540,PI,0.8575803981623277,0.8324468085106383,1959,0.1100290103295683,8.97166710726364,0.0915932984924332
2205557,PI,0.8825597749648383,0.8775700934579439,5688,0.11432636345716282,8.906600298639312,0.10032939746380924
2205565,PI,0.9145004697776384,0.8664731494920174,3193,0.1570135514211218,10.545533712688226,0.13604802641278624
2205573,PI,0.8908515686791458,0.8115139773041794,3793,0.1960957890418038,8.809450711070097,0.15913447369791553
2205581,PI,0.8046948356807512,0.8145133943709733,3195,0.1391231080119029,9.420707688224761,0.11331763494221457
2205599,PI,0.8822927328556807,0.8564468983436181,2931,0.1582234516302696,9.015083358066024,0.1355099843939659
2205607,PI,0.8546110928782409,0.8193069306930693,3047,0.05832070081572846,9.59112040468057,0.04778255438120327
2205706,PI,0.8128084280565567,0.8119977037887486,18035,0.1605668407945139,9.224181901665757,0.13037990602975885
2205805,PI,0.7851503078594712,0.780068991950939,13805,0.12765022654466715,8.999785603505991,0.0995759835430075
2205854,PI,0.872858431018936,0.8336575875486382,4436,0.12005248847470047,8.774506987159516,0.10008266792102949
2205904,PI,0.8410015649452269,0.8199399799933311,3195,0.12643645454027871,8.970842802524919,0.10367030400618385
2205953,PI,0.7972350230414746,0.7947113443681874,5425,0.09392460297595782,9.016477172649962,0.0746429475002717
2206001,PI,0.7291280148423006,0.7451205510907003,2695,0.13542451891637303,9.125045802147698,0.10090759216616084
2206050,PI,0.9367057673509286,0.8738647830474269,4092,0.2156052300983576,8.786349098513666,0.18840981762379183
2206100,PI,0.8173060672638162,0.7864370672820877,5917,0.15292881388968105,8.862994607479484,0.12026888789832897
2206209,PI,0.8458001047790907,0.8373917409313418,17179,0.14024697003390607,8.86567171023106,0.11744165439703834
2206308,PI,0.7244796828543112,0.7745604963805585,1009,0.08130732292689258,9.490212022335987,0.06297744040562828
2206357,PI,0.7759157289920996,0.8046647230320699,4177,0.17631120818339227,8.867004677940244,0.14187140950033897
2206407,PI,0.8229860073359598,0.8332184700206754,7361,0.1295121904085216,9.093641698494192,0.10791194914121476
2206506,PI,0.8469779664443097,0.8004664970313825,4947,0.19906646217370028,9.00511655134776,0.15934603365261207
2206605,PI,0.8566835871404399,0.8209699060762891,5910,0.2112191066247833,9.824371519315896,0.17340453012726603
2206654,PI,0.913730255164034,0.8683651804670913,2469,0.3658001479957591,8.84981319719217,0.31764811152922606
2206670,PI,0.8384138117075802,0.7560010551305724,3707,0.1750146947186281,8.84798221409283,0.13231129387063786
2206696,PI,0.8430343511450382,0.8118518518518518,4192,0.23129507825196843,8.908062084329648,0.18777733760307955
2206704,PI,0.912621359223301,0.9124943617501128,4429,0.26444777204117526,8.902222519137421,0.24130710096495153
2206720,PI,0.8138864519363329,0.8435627745972574,7979,0.2986779500319447,9.230703328871048,0.25195360023996827
2206753,PI,0.8857516339869281,0.8827433628318584,3825,0.10637532273054053,8.968322687290184,0.09390211010948157
2206803,PI,0.8107583774250441,0.7839639286414428,5670,0.09854293837823215,8.98235020271572,0.07725410911087048
2206902,PI,0.9049399198931908,0.8946967774676478,3745,0.24182071526580234,8.84924502605261,0.21635621467323496
2206951,PI,0.8813618813618813,0.8896864374763883,2849,0.10904842043822634,8.995137682383291,0.09701890069211296
2207009,PI,0.8314437253661622,0.8130515787409296,20551,0.07798857943935016,9.386754764351616,0.06340873763692605
2207108,PI,0.8406876790830946,0.8783702816057519,1745,0.12911354868993513,9.017956105617912,0.11340950412189628
2207207,PI,0.8703489715738387,0.7925817471937531,4327,0.1726804398561193,9.07058571607987,0.13686336472734884
2207306,PI,0.7305524239007892,0.7349639133921412,2661,0.2169212426050788,9.135643947620945,0.15942928536291479
2207355,PI,0.8378136200716846,0.7805,2232,0.06459380341035835,9.257223957875032,0.05041546356178469
2207405,PI,0.8187041174593042,0.74246660453557,3133,0.2770226350417432,9.548479911486007,0.20568005521893948
2207504,PI,0.8652306967984934,0.8684050939963615,8496,0.11277177139483743,8.897345211025687,0.09793158073826999
2207553,PI,0.8896982310093653,0.8956328645447816,2883,0.2649676572023336,9.075456469589316,0.2373137418318458
2207603,PI,0.8814843598212551,0.8682187568636064,5147,0.13323535591811422,9.031243493236172,0.11567743508550528
2207702,PI,0.6250538588265112,0.6887638876516029,78910,0.09245838362434995,9.631088601237408,0.06368199575109057
2207751,PI,0.8237918215613383,0.8694433319983981,2690,0.323955830422091,9.016403500686385,0.28166123662249076
2207777,PI,0.8697795071335928,0.7900835354351927,3855,0.17234424618484076,8.93925700834255,0.13616635133763222
2207793,PI,0.8589187626481642,0.8749599230522603,3459,0.056190235997493516,8.81868697325431,0.04916420456465528
2207801,PI,0.8639835235561658,0.8399181928046853,11653,0.1241861211705331,9.21423711339024,0.10430618246497783
2207850,PI,0.9332827899924184,0.9122516556291392,2638,0.24819148106717984,9.004148659396849,0.22641308951658298
2207900,PI,0.7840261173441236,0.7144061492685346,21748,0.1392330099612784,9.022876430141588,0.09946891849750443
2207934,PI,0.8515420805018296,0.8047852093529092,1913,0.20042123913386617,9.182799698016693,0.16129604889511798
2207959,PI,0.93717277486911,0.9100037188545927,2865,0.15596897901501375,9.028348657685425,0.14193235092961645
2208007,PI,0.7474101006076302,0.7889660100030622,40156,0.10315304011685411,9.876035373168637,0.0813842424806802
2208106,PI,0.808334633994069,0.8305191731103045,6407,0.20969533417309316,8.8653415861513,0.1741559955425263
2208205,PI,0.891581266162245,0.8506324225161727,10441,0.17577958815629088,9.154678536136757,0.14952381690228084
2208304,PI,0.7766755240625922,0.768677807815188,16935,0.06629465191964437,9.1893751696985,0.05095922770746318
2208403,PI,0.7548167092924126,0.783278101997126,35190,0.07322166191299039,9.330897421496262,0.057352924368282356
2208502,PI,0.8723693143245078,0.8127682403433476,5892,0.19925690509325722,8.887594350976956,0.1619496841289081
2208551,PI,0.814327485380117,0.5943033102386451,1368,0.16491992584118242,9.038672968701146,0.09801245785172659
2208601,PI,0.8894927536231884,0.8735968765251342,2208,0.22144604852493435,8.96296001917552,0.19345457631021595
2208650,PI,0.9084370139968896,0.8495666529096162,5144,0.1718067336309418,9.032190338715575,0.1459612716381732
2208700,PI,0.7906049191225349,0.7659069325735992,4513,0.11369889929926108,9.039877881959145,0.0870827751992916
2208809,PI,0.8836776859504132,0.8653598971722365,9680,0.12559632002091098,9.239194721333455,0.10868601857850684
2208858,PI,0.8914167528438469,0.8896477354421279,2901,0.2448290889110967,9.067952185150164,0.2178116445201166
2208874,PI,0.925259792166267,0.9253668763102726,2502,0.21890853399176471,10.84971979518916,0.20257070629762045
2208908,PI,0.7408895265423242,0.7609321058688148,3485,0.1572200552299189,10.908282956101493,0.11963378771091354
2209005,PI,0.8794307196562836,0.8577754623599896,3724,0.22728251974214,8.966199653410392,0.19495736845815761
2209104,PI,0.8425480769230769,0.8117942283563363,4160,0.14614526444479725,9.048557409600688,0.1186398821778969
2209153,PI,0.867736339982654,0.8459821428571429,2306,0.26615978962235476,9.071399770529876,0.22516642916712604
2209203,PI,0.8059133489461359,0.7630496678266372,3416,0.1706817303873362,10.850851570744396,0.13023863767613253
2209302,PI,0.7726334414626954,0.7717956561639645,3391,0.11280047025465656,9.004691959035156,0.08705891295579642
2209351,PI,0.8700564971751412,0.8782095766828591,3009,0.10968468605608912,8.94735970135323,0.09632614170991033
2209377,PI,0.7223814071951608,0.7456140350877193,3141,0.15656733314948112,8.857137088698128,0.11673880103250786
2209401,PI,0.8494840171155298,0.8366523143164694,3973,0.18389135365789674,9.16764462349235,0.15385312662066766
2209450,PI,0.8662613981762918,0.8770739064856712,1316,0.17132294692720432,8.788052415355953,0.1502628863320804
2209500,PI,0.8363486842105263,0.6642201834862386,2432,0.10745350306705216,9.027965973627618,0.07137278552343648
2209559,PI,0.9444444444444444,0.9050258684405026,2880,0.16319574243801263,8.88813580337225,0.14769636852575496
2209609,PI,0.778534923339012,0.7689486552567237,2348,0.23770386771222807,9.138635634420481,0.18278206942663994
2209658,PI,0.8472759749925574,0.7954753897890553,3359,0.14705512812021704,8.90714866017301,0.11697873536190911
2209708,PI,0.7059701492537314,0.7950186799501868,4020,0.12114684776530475,8.976281432851414,0.09631400699049883
2209757,PI,0.8010471204188482,0.6741731175228712,1528,0.22287880033299032,9.275013181617311,0.15025889565024964
2209807,PI,0.7473910374462861,0.774852895633323,3258,0.1545410341000201,9.037257859835565,0.1197465677665687
2209856,PI,0.8821900953552753,0.8186708860759494,3251,0.4161462698447979,8.966060187939576,0.34068683547104184
2209872,PI,0.86875,0.7579894508222154,3360,0.18115751471496144,8.963981248459646,0.13731548509111102
2209906,PI,0.8208079440306928,0.7342105263157894,4431,0.1580813630117711,9.00316815859471,0.11606500073758981
2209955,PI,0.9082984658298466,0.8675589996477633,2868,0.18897350495619525,8.745950097407281,0.1639456649197284
2209971,PI,0.7169958928222179,0.6856763925729443,5113,0.17330233624138175,8.784034678399602,0.11882932073845406
2210003,PI,0.8364739989128466,0.8043743641912513,11038,0.07615784846100423,9.317999456345564,0.06125942093399395
2210052,PI,0.8512261580381472,0.7802547770700637,3670,0.1474055924608535,9.126865090609542,0.11501391768442391
2210102,PI,0.871264367816092,0.8843373493975903,2175,0.2170944807880785,9.109915802615946,0.19198475770897544
2210201,PI,0.8578397212543554,0.8747247369708833,4305,0.1200745175228933,9.053886993294627,0.10503215075711855
2210300,PI,0.7233560090702947,0.7423087036550092,3969,0.16008219619622102,8.926397561371582,0.11883040753666367
2210359,PI,0.9218705446250356,0.8677633660234103,3507,0.0838728541499911,8.877491161460437,0.07278179023518684
2210375,PI,0.8866150442477876,0.838127467569092,1808,0.2114819361020316,8.88716316364586,0.17724881954180424
2210383,PI,0.7594708358388454,0.8020769700671961,1663,0.14226937950248375,9.100067852991394,0.11411099284469223
2210391,PI,0.9144414168937328,0.8759830611010284,1835,0.109465800070788,8.923710377475205,0.09589018663188205
2210409,PI,0.8711786194962508,0.8309549945115258,10402,0.14768319055677145,8.925391189617326,0.12271808479854664
2210508,PI,0.7847906798105236,0.7736401117169837,7811,0.1806801314524037,8.89899216798939,0.1397813970818769
2210607,PI,0.8617926340633405,0.8046832782948063,18219,0.1002161287116079,9.471353923436412,0.08064224298967092
2210623,PI,0.8554852320675106,0.7992700729927007,2844,0.09474137249173431,9.303484947500491,0.07572394370689713
2210631,PI,0.6890286512928022,0.7173584905660377,2862,0.09508142828561542,10.456025488324503,0.06820746987583204
2210656,PI,0.8623548922056384,0.8434075645104278,6030,0.1306098103385987,8.78152004467682,0.11015730203884641
2210706,PI,0.8682873730043541,0.8126665820535601,8268,0.19887538822127795,9.784159105076936,0.1616193820003608
2210805,PI,0.8479396401625072,0.8163486893128586,6892,0.1212923714847733,9.32658669527926,0.09901686848524303
2210904,PI,0.8426685693899394,0.7374343585896475,2803,0.27151806861166583,8.848469635572958,0.2002267527721437
2210938,PI,0.8459975619666802,0.8431068820535517,4922,0.07874118995033617,9.020356540165112,0.06638723914821439
2210953,PI,0.8798511430090378,0.7803532008830022,1881,0.21862111063647352,9.032575131905535,0.17060168346576907
2210979,PI,0.8512639623750735,0.8470040721349622,1701,0.17202640810719672,9.185580630862786,0.1457070681815465
2211001,PI,0.6273278832759,0.717191097467383,436448,0.08092555559187896,10.099903966973665,0.05803908802809738
2211100,PI,0.796714349575324,0.8068554278718951,26844,0.10610251370002631,9.016287965105878,0.08560938908971834
2211209,PI,0.7039860777326593,0.6196106967436784,12067,0.069215540866372,11.281827538943615,0.042886689501703296
2211308,PI,0.7949747884796171,0.7709629370016647,11701,0.1298336318464286,9.344546582301517,0.10009691812991546
2211357,PI,0.9153135943966888,0.8610430521526077,3141,0.10605626323505815,8.930029504916572,0.09131900859581486
2211407,PI,0.8323787705231004,0.767907162865146,2619,0.21667571990448067,8.912677644505903,0.1663868373336128
2211506,PI,0.923045267489712,0.8735159817351598,2430,0.24539278213195903,9.035444832473317,0.21435451699472036
2211605,PI,0.839517625231911,0.776863504356244,2156,0.19132687494140826,9.207158056251432,0.14863486654451127
2211704,PI,0.8067820558106676,0.7403214024835646,2831,0.22059307484574578,8.941430257719446,0.16330977454796444
2300101,CE,0.8726150392817059,0.8876651982378855,5346,0.12326794521746219,8.927909002130574,0.10942066502783539
2300150,CE,0.6783224907063197,0.7882677543186181,8608,0.1943651468970143,9.006228474358052,0.1532117778623178
2300200,CE,0.7935938286097601,0.8276145751208309,29815,0.21851671933595213,9.112193395759205,0.18084762183002187
2300309,CE,0.8667914693682781,0.8855667103157282,27243,0.07751591657678288,8.883770549048636,0.06864551524001003
2300408,CE,0.9145544813169584,0.9002358817816012,7654,0.057060303479531865,8.78335128072242,0.05136773261762213
2300507,CE,0.8637766121567417,0.8496509173567137,6482,0.1913458884348374,8.806214465618002,0.162577209641095
2300606,CE,0.9018944519621108,0.8265771168145838,4434,0.2102591094135661,8.825795703183333,0.1737953684430676
2300705,CE,0.8697450034458993,0.8910633484162896,8706,0.06678884286299357,9.114597833861195,0.059513089958348454
2300754,CE,0.8286838178776507,0.7568588089092821,22117,0.17321266654871137,9.229633250022935,0.13109753249205836
2300804,CE,0.8903328773369813,0.866683531495067,4386,0.07104440205962688,8.918300199611421,0.061573013269992836
2300903,CE,0.8318018825638727,0.8404958677685951,8924,0.1751505987369697,8.858715433719766,0.14721335447561834
2301000,CE,0.6921398404504927,0.7939011003721453,42620,0.2590937051296758,10.097542495086309,0.20569477760194577
2301109,CE,0.7160034709309533,0.7890870669920254,40335,0.1524140031760202,9.639189558487535,0.12026791873467901
2301208,CE,0.8039226580731192,0.8312131919905772,17998,0.12611887311244255,8.93170302344011,0.10483167109004796
2301257,CE,0.7799074686054197,0.7554487729534923,6052,0.07790004842922778,8.907195201646779,0.05884949599887775
2301307,CE,0.9138755980861244,0.8967107553080403,11913,0.057275233198419005,8.845297735434153,0.051359317621798455
2301406,CE,0.8178917815211842,0.8269361182693612,7836,0.1440609833581937,9.36088100788478,0.11912923037229174
2301505,CE,0.8502613042490343,0.8015181960258987,4401,0.07617870716262215,8.866310294985482,0.061058619940570116
2301604,CE,0.877881427800478,0.8160928807546561,12971,0.05660033869212982,8.877733057305576,0.04619113345494945
2301703,CE,0.8558349275758403,0.7599781301257518,14636,0.12521438735932383,8.948274455645935,0.0951601959701805
2301802,CE,0.8927291346646186,0.8828042328042328,3906,0.0811314004829884,9.12870067337963,0.07162314375971754
2301851,CE,0.8653225017128315,0.8760168880650808,10217,0.12352257655926684,9.106612959117209,0.10820786312322964
2301901,CE,0.7392228824420366,0.6847377725397761,34332,0.06968497729382031,9.583128175058476,0.047715936131655395
2301950,CE,0.7330882927973723,0.7575525226192302,12787,0.22410569119340992,8.885602965254844,0.1697718316968939
2302008,CE,0.8822384016254656,0.8701219512195122,11812,0.11552360307344862,8.968353101412308,0.10051962291817755
2302057,CE,0.872,0.8594308241961316,9500,0.14768767407350736,8.834419816075881,0.1269273394526041
2302107,CE,0.8087400681044268,0.799916675346318,19382,0.20121421045276,9.16354189840739,0.16095460225780614
2302206,CE,0.7575747247878395,0.792965029255681,29341,0.03595387609688576,9.54350587741703,0.028510166411022147
2302305,CE,0.7816051634628877,0.7461245580636389,14254,0.2195094803652216,8.923788782512258,0.16378141402827998
2302404,CE,0.8975373635303678,0.8631076866629976,28303,0.17592093837755593,8.8913301396031,0.15183871415863606
2302503,CE,0.8209335973195249,0.8238449008779946,26264,0.13363728831686641,9.258382648456866,0.1100963985470128
2302602,CE,0.75322854842077,0.7873243251376809,33529,0.20977016393344872,9.137628239951567,0.1651571527529232
2302701,CE,0.8659528907922912,0.8402635431918009,14010,0.03666729170848838,8.904210513073977,0.030810188450221786
2302800,CE,0.8333132224823225,0.8447260023984566,41437,0.15114445256046727,9.035766403089644,0.1276756491961067
2302909,CE,0.8501114578689255,0.8523971657311126,11215,0.1883121256949471,9.211149351694688,0.16051672221517393
2303006,CE,0.8522707499564991,0.896722047597665,11494,0.14424621655300424,8.662166213156508,0.12934876266562617
2303105,CE,0.7212763887537699,0.7439816933638443,10279,0.2217491018495589,9.018783663056018,0.16497727229594641
2303204,CE,0.8122385562328194,0.7470809792843691,16734,0.16957568740816356,8.935286597636411,0.1266867706117109
2303303,CE,0.854837247257231,0.8477687817736773,11029,0.19090505647531048,8.920129158471227,0.16184334716250903
2303402,CE,0.7583027879595691,0.8211880711880711,9003,0.22630889139394933,8.833746718047436,0.1858421620165079
2303501,CE,0.7193952894651215,0.794317130819032,39953,0.15689007190466553,9.259569340434293,0.12462047176930555
2303600,CE,0.8574300859075124,0.8588957055214724,5471,0.12040194522602392,8.687314701274165,0.10341271369106349
2303659,CE,0.8757099899766121,0.8929551692589204,5986,0.20479964008059978,8.97282995332327,0.18287689727233794
2303709,CE,0.6332085763536329,0.8130994181859893,169396,0.15021080255996638,9.541651688892486,0.12213631616675918
2303808,CE,0.8591779701451844,0.8264378034603023,14671,0.16384705734712748,8.910002475747225,0.13540940217739422
2303907,CE,0.8692743180648482,0.8505747126436781,7772,0.16098327723586858,8.770156702481588,0.1369283047753365
2303931,CE,0.8774176685833769,0.8846003898635477,7652,0.2597358105844524,8.715343105317505,0.22976239930453116
2303956,CE,0.7692554299911838,0.8597682780663204,12477,0.11631694774689066,9.823325944023166,0.10000562187427435
2304004,CE,0.8109066725781423,0.7204743083003953,13533,0.11017203144884757,8.778968568632,0.07937611815215785
2304103,CE,0.7965782720273739,0.7937661665804449,40915,0.12001584761456494,9.142113105440211,0.09526451928991604
2304202,CE,0.8459164428187689,0.8354612453104379,69988,0.14321605415787686,9.257970669150021,0.11965146295518692
2304236,CE,0.8415712276471771,0.8479504846432325,9954,0.21159456657420164,8.974071997170395,0.179421715274469
2304251,CE,0.6971428571428572,0.6995644792204916,14175,0.18146707000362888,9.156948862484398,0.12694791632275712
2304269,CE,0.911915060951632,0.8562792511700468,5086,0.05076717044985989,8.802540772674547,0.04347087469682816
2304277,CE,0.8594444444444445,0.7837837837837838,3600,0.07213575939924864,8.887249292840735,0.05653883844805974
2304285,CE,0.6091489030651938,0.7701004545280928,32135,0.03682535487004023,10.753380244212876,0.0283592225235763
2304301,CE,0.8703208556149733,0.8312733305682289,11968,0.1719904702260703,9.04137065408049,0.14297109101082128
2304350,CE,0.7093407418531311,0.7798859998438354,13318,0.13883075533250253,8.969308450865444,0.10827216243156362
2304400,CE,0.5561318831443364,0.679065604157095,1329298,0.02691972611129029,10.131162613759845,0.018280260075506868
2304459,CE,0.7161128000838662,0.8424320274031256,9539,0.1759512886149205,9.200751227950535,0.14822700079205997
2304509,CE,0.7749488520118208,0.7696296296296297,8798,0.13000495214615274,9.834642635962133,0.10005566317026125
2304608,CE,0.8374805598755832,0.740937036251855,5144,0.28926649348746125,9.043193491957423,0.21432825837156608
2304657,CE,0.8935920047031158,0.9014065991849612,8505,0.04094747964724133,8.823510121471353,0.03691032837401523
2304707,CE,0.8851209508122598,0.8375901663477109,30963,0.15960996592401874,8.83443992017983,0.13368773790905134
2304806,CE,0.8869908015768725,0.7927337701012508,3805,0.09339320254946017,9.176106977683462,0.07403594555886331
2304905,CE,0.6838223504890172,0.708767926988266,6237,0.21466588056113511,8.893899105282914,0.15214829116042644
2304954,CE,0.7935228204427439,0.792345450665149,14636,0.11367900134285439,8.950953688847012,0.09007303955016804
2305001,CE,0.7670906557598094,0.8104981773997569,22249,0.16926379782757667,9.399260528215233,0.13718799963901182
2305100,CE,0.8470903335768201,0.8285496570993142,4107,0.19602543407720222,9.730060949517002,0.1624168061874101
2305209,CE,0.7909324522760646,0.7759111617312073,10896,0.2075796417978251,8.889400381487585,0.16106336101909835
2305233,CE,0.6652434456928839,0.7902690948627344,40050,0.20460804976048524,10.154808871248502,0.161695418285848
2305266,CE,0.8521202042997981,0.8830147592547786,8419,0.2892505022447267,8.879200442823581,0.2554124626039511
2305308,CE,0.7541091387245233,0.7552782289084538,12168,0.15880807053417387,9.338599338044881,0.11994427824941964
2305332,CE,0.8213554833273143,0.8207730019382055,8307,0.3755239194447437,8.878118691152174,0.3082198946622631
2305357,CE,0.7313259025120612,0.65346118260577,12022,0.11735218382701168,9.751305075239214,0.07668509682496877
2305407,CE,0.8338341175803617,0.8701030319133233,35278,0.18520443468797723,9.024057587294863,0.16114694014580205
2305506,CE,0.8282359366466412,0.7859257934378664,51268,0.1638801866422963,9.659423697114667,0.12879766571559237
2305605,CE,0.8170029817627071,0.771933515674311,14421,0.046490363378072996,9.13006261680955,0.03588746964741213
2305654,CE,0.7835067319461444,0.7714520098441345,6536,0.2218616590002585,8.813682486822682,0.17115562274310345
2305704,CE,0.8792569659442725,0.8798033958891868,6783,0.07893336200374555,9.124361868050341,0.06944583993984584
2305803,CE,0.8126235399820305,0.8412870400904509,22260,0.0419053374977876,9.163197645202589,0.035254417347505104
2305902,CE,0.788847054034802,0.7935599284436494,19654,0.05961114045745867,8.805511104081605,0.047305012355865234
2306009,CE,0.8489270386266095,0.8635086823289071,8155,0.05569870894002576,9.213470352846215,0.04809631876422296
2306108,CE,0.8521143397117883,0.8464368551547629,12699,0.19743476182720243,8.841696766141725,0.16711605889924686
2306207,CE,0.7609254498714653,0.7417956656346749,5057,0.13282831989615812,9.043786996661707,0.09853147197250614
2306256,CE,0.6923769365613304,0.7903193712068451,21107,0.079748691852605,9.783016053726843,0.06302693599951924
2306306,CE,0.7138374757623832,0.7822486875022022,28365,0.17914829632387783,9.284084572000411,0.14013851966760904
2306405,CE,0.8109771621115687,0.8036164102234986,66775,0.15440835394100713,9.463043255919006,0.12408508710259156
2306504,CE,0.83418320888727,0.820798684090286,10982,0.23616787220283766,8.806394002713565,0.193846278728492
2306553,CE,0.7599358066647787,0.7922266800401203,21186,0.14135256472957575,9.79746865206951,0.111983273070868
2306603,CE,0.8697022215219788,0.8937516249241702,12694,0.17127531806750285,8.702589013288772,0.15307759383223474
2306702,CE,0.8742101681734228,0.8576127819548872,10287,0.03295810169588879,9.062978915887808,0.02826528928336327
2306801,CE,0.8487541383516292,0.8651321398124467,5739,0.025175510012774873,9.370309614836676,0.021780142848221603
2306900,CE,0.8288288288288288,0.8514516209352124,20757,0.14515538799017405,9.741444463960676,0.12359279039171336
2307007,CE,0.7381537201924061,0.6920051085568327,19542,0.11819558624952362,9.384275618896552,0.08179194949354007
2307106,CE,0.8626358878002952,0.8554240374609782,14902,0.162448076325842,8.952706143517137,0.1389619893284209
2307205,CE,0.8812143439282804,0.9105252231679468,4908,0.10315550318818563,9.385422422965934,0.09392568756142457
2307254,CE,0.7542040358744395,0.7346431797651309,10704,0.14753757873149473,9.880926798252826,0.10838747597415364
2307304,CE,0.7611003824738317,0.8014119285804736,133081,0.12523832020334988,9.781910798744219,0.10036748372634552
2307403,CE,0.8137094373325394,0.7653686953855587,13436,0.21159406385468826,9.116139252793483,0.16194747260379136
2307502,CE,0.8652977660022881,0.8638949406923263,16607,0.17629601258281227,9.018639863614013,0.15230123333452222
2307601,CE,0.7890173410404624,0.8511400153022188,33562,0.12483545964630154,9.68156735768044,0.10625245503361261
2307635,CE,0.876746096959737,0.8796520590178375,9736,0.16633570309981333,8.795680098423569,0.1463175437199305
2307650,CE,0.6068615921164686,0.7991408553943712,123295,0.16243088596344774,10.72954033018048,0.12980515715129518
2307700,CE,0.6904404489781993,0.8332707539916681,58622,0.11659746255714083,9.372713104380344,0.09715725553850403
2307809,CE,0.5989217978695766,0.6318554587391082,15396,0.23063121505382256,9.378884905013097,0.14572559218739098
2307908,CE,0.8795386586928663,0.8633787716342473,7023,0.2180563263911718,8.850622380075613,0.1882652032266864
2308005,CE,0.7367405978784957,0.6375023905144387,20740,0.03958561100571737,8.888875201277816,0.025235921646119496
2308104,CE,0.7818806697837989,0.7074051531750862,25023,0.15272873776928067,9.0814897853735,0.10804109613591557
2308203,CE,0.7669809040367416,0.7586081031755688,8274,0.20001851438556872,8.82488334146796,0.15173566579803152
2308302,CE,0.8901965617105182,0.8284208591212697,16229,0.1268433121354979,9.003689552577313,0.10507964561307655
2308351,CE,0.8926582934092969,0.9031931069437404,7723,0.03191909556822561,9.201883902477029,0.028829107097099863
2308377,CE,0.897268854923578,0.8582295081967213,7982,0.17466508977945072,8.750987264227712,0.14990273410055416
2308401,CE,0.8526873651627427,0.8513255255549567,21322,0.13664262928652626,9.529999651207113,0.11632735819056308
2308500,CE,0.8524560693901397,0.8440379465298897,22251,0.15168177683036044,8.929167556993917,0.12802517544190242
2308609,CE,0.8475379703976008,0.876449504532996,10337,0.05836907686083336,8.937617404123376,0.05115754849472576
2308708,CE,0.7737998797919878,0.7773093706086828,38267,0.18978364426746014,9.648995921351172,0.1475206050773616
2308807,CE,0.8050075872534143,0.7659752776031846,5272,0.11230008909944098,8.890703411482612,0.08601909192280667
2308906,CE,0.5742658292310304,0.570654511051862,11782,0.13529461586536032,8.749084270917594,0.07720648286459669
2309003,CE,0.8185984802798215,0.7811153358681876,8291,0.06658592773097848,8.85340897225494,0.05201128930367812
2309102,CE,0.8270466150551804,0.8716711051930759,6071,0.22602104871173245,9.127697067768006,0.19701601732745386
2309201,CE,0.8518678471172533,0.8131731096247591,9262,0.1781037015118789,9.064151895762741,0.14482914079409448
2309300,CE,0.7522502675143199,0.8072550437011238,15887,0.047631522944766344,9.053058827471235,0.038450787136328435
2309409,CE,0.8806687290199434,0.8213834608811947,15193,0.049951601084613405,8.878746088158938,0.0410294189754366
2309458,CE,0.7810437912417516,0.7842056364199442,16670,0.1538603251805894,8.863106519596688,0.12065813422802368
2309508,CE,0.8421805467260013,0.8937832179094862,12584,0.029015239037543928,9.00891333199801,0.025933333715388956
2309607,CE,0.674139801396345,0.8080596191001932,35951,0.25054992576769275,9.68106975720934,0.20245927758142349
2309706,CE,0.6451211032564608,0.797868199646696,34516,0.1224677196939712,9.545030396455141,0.09771309902706501
2309805,CE,0.8388541949497692,0.7991349013246823,7366,0.19357032797499701,9.113073272842573,0.15468880494568563
2309904,CE,0.8774557956777996,0.8461928934010152,4072,0.10519481429936424,8.947056696827776,0.08901510428276152
2310001,CE,0.7133747808066316,0.7883639822447686,6273,0.1507589677236373,9.039175855485555,0.11885294015371724
2310100,CE,0.8027594857322045,0.8595523329129886,6378,0.215247623019384,8.86802698306521,0.185016596520287
2310209,CE,0.7327806408245575,0.8214021412008485,22315,0.14510419468934793,9.570787702901235,0.11918889621505518
2310258,CE,0.6815384615384615,0.7827035312149974,18200,0.11376617390543046,9.409111014940855,0.08904518604859991
2310308,CE,0.7360698478142242,0.5505222249210591,16493,0.04848261288663895,8.843242116282905,0.026690755916338887
2310407,CE,0.8153295128939828,0.8103689211850196,6980,0.23476538200604408,9.019847661970319,0.19024656934782694
2310506,CE,0.8957964788139162,0.8860370061090845,23742,0.21435621874866637,8.847190119420144,0.18992754230093237
2310605,CE,0.8585582507687052,0.8624210917192722,5854,0.17596329723297885,10.074676337160318,0.15175445890218842
2310704,CE,0.799717267473286,0.8069801518582657,24051,0.11904560337727792,9.30943309438322,0.0960674390914546
2310803,CE,0.8599399150523154,0.8099436948900457,9653,0.06551008797045482,9.864358967071889,0.05305948270336212
2310852,CE,0.7544096674923065,0.8274384543471487,13323,0.18331321416258695,9.365160083508286,0.15168040258809878
2310902,CE,0.8850018608113137,0.8935495671259602,8061,0.0934082386241593,8.915752713644402,0.08346489118861594
2310951,CE,0.8247199132634623,0.8334250596220877,5534,0.10429134300856559,8.6017321511901,0.08691901876498137
2311009,CE,0.8695259593679459,0.8066612510154346,6645,0.06762281106795448,8.76224514548687,0.05454870137325654
2311108,CE,0.8939854191980559,0.901952506596306,9876,0.14501610799575598,9.22301310537526,0.13079764210361272
2311207,CE,0.9047619047619048,0.8548700038804812,5250,0.09687489126240932,9.01325165899341,0.08281543866941705
2311231,CE,0.8920737786640079,0.9200733752620543,4012,0.09782983424568555,9.102842156398475,0.09001062579575521
2311264,CE,0.8568417193657777,0.8440095465393794,10911,0.05752152671494606,8.885849405753865,0.04854871767893442
2311306,CE,0.6835630155929617,0.7121197252208047,41942,0.16485583118906944,9.390984596483449,0.11739708920740749
2311355,CE,0.8503646178615399,0.8133019884415712,10559,0.21755756191673314,9.00306025237637,0.1769399977073793
2311405,CE,0.831049289075155,0.8080002052650485,38893,0.03451983820383936,9.51483912567835,0.027892036354418465
2311504,CE,0.7871398680186705,0.7848897380781785,12426,0.1924408286210603,9.872071815516701,0.15104483157193166
2311603,CE,0.7775418730832744,0.8066886093805101,16956,0.18851799659362883,9.716606709059121,0.1520753205153142
2311702,CE,0.8383338188173609,0.8288832586240499,10299,0.05355556054548684,9.233764067387973,0.04439130754238073
2311801,CE,0.7337500297074411,0.7923685812867871,42077,0.08823378908595245,9.575052490461118,0.06991368227959374
2311900,CE,0.8651619693603088,0.8581387242941791,8551,0.07030093152801846,9.011931090822495,0.0603279516981462
2311959,CE,0.8543872523325297,0.8572224078405167,9539,0.05702657563520667,8.815798051394795,0.048884458476911204
2312007,CE,0.8319646947097927,0.8694930263449192,17901,0.06571290578177551,8.837000499568202,0.057136913318114525
2312106,CE,0.9101089891010898,0.8852179473515933,10001,0.18362023372162,8.857985089181966,0.16254392638727228
2312205,CE,0.8323190194492914,0.7879884225759769,23497,0.2144475503806264,9.232518515551302,0.16898218694971215
2312304,CE,0.7713994432027604,0.792571974575215,25503,0.18496705617606024,9.29482222953797,0.14659970494482477
2312403,CE,0.6723842739378567,0.7533695144305071,31540,0.09683071312599477,11.373391143237118,0.07294930732969042
2312502,CE,0.846090022816843,0.8813333333333333,4821,0.0826695954927554,9.381899063158519,0.07285947016094843
2312601,CE,0.7931543954690963,0.8417378745938139,8122,0.17287351965852946,9.009467838932476,0.14551418901092247
2312700,CE,0.7471120389700765,0.6679592507394019,14370,0.058857572969982605,9.354751737645723,0.039314460341369255
2312809,CE,0.8154693596511361,0.8418177303203377,4357,0.05092652338992395,8.870619118804619,0.04287085033321137
2312908,CE,0.6686461261881539,0.7480051884752957,104574,0.13853865880528834,10.044709248358046,0.10362763559076439
2313005,CE,0.8603016099449765,0.8611958511287371,9814,0.02976770458763903,9.27581641479537,0.025635823688500606
2313104,CE,0.815401419989077,0.8250055273048862,18310,0.05558759103714562,9.254488966008488,0.045860069855208685
2313203,CE,0.8508591065292096,0.7597599717613837,14550,0.0750467752717038,9.015559568381233,0.05701753586121258
2313252,CE,0.903016418480336,0.7632231404958678,5238,0.04085485219293836,8.847114134494623,0.031181368595188906
2313302,CE,0.7325070917195732,0.6800648633728954,29612,0.029398304405671823,9.247911947165203,0.019992753869037996
2313351,CE,0.8501568555083964,0.8561812665908229,10838,0.16594513954736087,8.650825905362998,0.1420791197622503
2313401,CE,0.6695034746701581,0.7296800194747234,39716,0.11357908700175161,9.765409545551451,0.08287639041535942
2313500,CE,0.8054319371727748,0.8186117027036783,30560,0.13017613193266164,9.621167866170273,0.10656370501277482
2313559,CE,0.8137273964612094,0.8460902799297593,10286,0.18654210764964846,8.800485373886945,0.15783146407997836
2313609,CE,0.7192687173534533,0.7502480014004785,17230,0.16811930250648197,9.731792221343161,0.12613117070233057
2313708,CE,0.7517162471395881,0.7381540534471143,4370,0.11419193091844045,8.84700782372734,0.08429123667839968
2313757,CE,0.8197385380224637,0.8430360386196348,10862,0.17079647074598409,8.967082701719656,0.14398758010790877
2313807,CE,0.786032341223342,0.8095123900879296,12801,0.14885259623157676,9.715431749739958,0.12049802094621725
2313906,CE,0.8213783403656821,0.7960120687393415,7821,0.17858386292312475,9.434352542516507,0.14215491016889953
2313955,CE,0.7141848264729621,0.7255926074728807,9912,0.07740424740034087,9.593858351154626,0.056163949700689275
2314003,CE,0.8388383453592076,0.7635092180546726,22313,0.14159444098939594,9.127898833235275,0.10810866092070219
2314102,CE,0.7989071038251366,0.7702078899983631,32025,0.12391486575204559,8.892983090320051,0.09544020729031347
2400109,RN,0.6367398917542184,0.6737578918473786,6282,0.1682467233756141,9.323049181350642,0.11335755765178283
2400208,RN,0.7717628905747718,0.8022147327876745,31108,0.11892759343622675,9.887777745623312,0.09540546758952384
2400307,RN,0.7829617834394904,0.7851458885941645,6280,0.09062927224376688,9.066741260936801,0.07115720048847479
2400406,RN,0.9075425790754258,0.9070772555375471,2055,0.16158042853210036,9.08888962778028,0.14656593166147838
2400505,RN,0.8552831142568251,0.872240976369774,7912,0.12874781197463223,9.241079058121075,0.1122991172222253
2400604,RN,0.830835734870317,0.8153241650294696,3470,0.1795623811087659,9.02070797197976,0.14640154844820796
2400703,RN,0.8091143594153053,0.7969049904030711,8141,0.239110062375632,10.408046197366378,0.19054800196273075
2400802,RN,0.6557231588287489,0.7709860323606693,6762,0.10888080352915862,9.407064983515074,0.08394557871318756
2400901,RN,0.8564914806815455,0.8592711437084575,4167,0.25858419782596376,9.020796495942943,0.2221939394108499
2401008,RN,0.7672771331376113,0.8450460304438976,21459,0.11204513584294763,9.572615843103312,0.09468329727463017
2401107,RN,0.6379427792915532,0.6766868975365941,14680,0.160204743783802,10.165649307728923,0.10840845104170593
2401206,RN,0.7104973726017353,0.7257649781434816,8183,0.16111690333871376,10.360833906919378,0.11693300583016702
2401305,RN,0.7514853165846206,0.800066700016675,5891,0.08841787566080216,9.09665636312177,0.07074019800242266
2401404,RN,0.6784605834885165,0.7199341021416804,4833,0.1412714517833573,9.887081190883094,0.10170613579790302
2401453,RN,0.6812298891669646,0.6967487972007581,13985,0.20697859336213856,9.930606311599849,0.14421208597137486
2401503,RN,0.649791733418776,0.6157735085945399,3121,0.2713752681932396,9.105340721844348,0.1671057010411354
2401602,RN,0.8416833667334669,0.8245765144989952,3493,0.19029568565967608,9.090718015526175,0.15691335320545213
2401651,RN,0.8346171273221568,0.7779990044798407,2207,0.14136426860665482,11.801956626991306,0.10998126024499826
2401701,RN,0.6871657754010695,0.6804810360777058,5610,0.1884610517677326,9.046406637821725,0.12824417176720082
2401800,RN,0.6616190206623266,0.6771554436752675,7066,0.09312705052223166,9.234001443114243,0.06306148921455083
2401859,RN,0.6985688729874776,0.714159811985899,3354,0.29364176456936486,9.435055274884096,0.20970714737606522
2401909,RN,0.7661126874746655,0.7496165644171779,2467,0.3205818773023144,9.297000281585898,0.2403134854777702
2402006,RN,0.6486578321440707,0.7169954017424975,32373,0.08405725459089242,9.76073423368144,0.060268665024768305
2402105,RN,0.856102327233967,0.8884924174843889,5629,0.2241312220893027,8.956472490237095,0.199138891347855
2402204,RN,0.7755764106129069,0.7757026741949494,17262,0.1428527862276523,9.69272149346485,0.11081128829298932
2402303,RN,0.802754331408263,0.8250626947336424,13506,0.041566780907951954,9.57202987065039,0.034295200267317756
2402402,RN,0.4987899322362052,0.5877757352941176,4132,0.11640616416408318,9.368592915682369,0.06842071873431176
2402501,RN,0.7958156363064338,0.8077109995140126,6357,0.20590893302640373,9.677081950056866,0.16631491010362043
2402600,RN,0.7469157739757324,0.8129423382893509,39394,0.135893544650125,9.378329000512464,0.11047361594630092
2402709,RN,0.7845205257179945,0.6814841369421043,6163,0.0883566929984283,9.323664264694445,0.06021368467109238
2402808,RN,0.813125,0.788388969521045,3200,0.33723700641577825,9.001191572949084,0.2658739359724975
2402907,RN,0.8690476190476191,0.8710829036096787,2772,0.17347998986381974,9.092862913098342,0.15111545328875373
2403004,RN,0.7291491154170177,0.7932701245584681,4748,0.15691767660056766,9.467556161671043,0.12447810486235772
2403103,RN,0.611680561250057,0.6276468422021727,21951,0.14016490046611227,9.65927487168604,0.0879740571651372
2403202,RN,0.8818575553416746,0.863102998696219,4156,0.1725685649659899,9.08245884830546,0.14894444590284917
2403251,RN,0.4003711211935944,0.5207068840104458,93231,0.25118545848279267,9.940862109941241,0.13079399739531017
2403301,RN,0.879730126136697,0.8705440900562852,3409,0.3349638377779023,9.030448101732459,0.29160078936012507
2403400,RN,0.6800248524386455,0.6976673735231748,3219,0.20807387431990765,9.33601502015504,0.14516635339556114
2403509,RN,0.6503044140030442,0.6595174262734584,5256,0.19069535742201946,8.953543368630276,0.1257669113292675
2403608,RN,0.5807750991760757,0.6816146494686894,16385,0.17074164080492804,9.600262353015093,0.11638000364695991
2403707,RN,0.8281401199922586,0.8956855225311601,5167,0.17139447718594794,9.695477157009607,0.15351555185725077
2403756,RN,0.722828666350261,0.7682926829268293,2107,0.20361195835391452,9.248687440647178,0.1564335777597148
2403806,RN,0.7498230714791224,0.7526126434812404,5652,0.16335834495155296,9.24101302011684,0.12294555582870861
2403905,RN,0.8105420188960716,0.8021201413427562,2011,0.17074560123699167,9.097586979548595,0.13695848579786965
2404002,RN,0.8635014836795252,0.8448213641284735,2696,0.26186526520336584,9.127011848637675,0.221229370566972
2404101,RN,0.6389986824769434,0.6343669250645995,1518,0.12424812789661871,10.22432621840001,0.07881890283881109
2404200,RN,0.6464419475655431,0.6044320494459938,14685,0.11774396749197062,9.734679358413645,0.07116822758107427
2404309,RN,0.7963471409812583,0.8414145096609552,8377,0.23093557607207296,9.725129815193366,0.1943125445039535
2404408,RN,0.6941431670281996,0.7408822507815214,5993,0.11053224949954699,9.64218707847857,0.08189138179316906
2404507,RN,0.6347489581266125,0.7698306595365418,10078,0.02278945224138591,11.412633124772707,0.017544019049462636
2404606,RN,0.7559657218193804,0.787513397642015,7585,0.2419341288806622,8.986416871732027,0.19052636784037144
2404705,RN,0.838386090057958,0.8169203222918532,8972,0.4938291519743426,9.128940419577654,0.4034190699879925
2404804,RN,0.7552011095700416,0.7698744769874477,1442,0.1251927943080033,9.383418260201077,0.09638273704047118
2404853,RN,0.7793898015788351,0.8524167561761546,4687,0.27415901928188147,9.18901064938728,0.23369774189269724
2404903,RN,0.7980713033313852,0.8649473100388242,3422,0.21014872300114557,9.331796332490939,0.18176757266793483
2405009,RN,0.7646219686162625,0.6090644692195831,4206,0.18854777273891013,8.909334087947995,0.11483774912575888
2405108,RN,0.7413360120542442,0.7660080933111164,3982,0.2558670470132693,9.19286375663456,0.19599622882378018
2405207,RN,0.8507707445063956,0.7460078336848448,3049,0.17228410929556745,9.429976171206071,0.1285252951539093
2405306,RN,0.7044276027124052,0.6781767955801105,5014,0.2408102545741665,8.847856123941204,0.16331192678993886
2405405,RN,0.8449144008056395,0.7955982797875032,3972,0.18754833552306763,8.988027040717961,0.1492131331191621
2405504,RN,0.8114406779661016,0.8459302325581395,1888,0.20894798684069715,9.265677827727245,0.17675541910070602
2405603,RN,0.8385861936965676,0.8350602409638554,7837,0.2269708622017459,9.212537549081775,0.18953434288196397
2405702,RN,0.6322732953756423,0.7319288507632143,7201,0.13884884871654044,9.501286574846574,0.10162747827089284
2405801,RN,0.7303212738423451,0.7529458194734171,17773,0.17058518020653765,10.193398267585232,0.12844139830063203
2405900,RN,0.8363733905579399,0.8369195922989807,1864,0.0682213722667701,9.01087840375446,0.057095803063582216
2406007,RN,0.8912346338856226,0.8862243538502531,3742,0.19566483470370066,9.128665198314993,0.1734029417065037
2406106,RN,0.7750816612225851,0.7567517228534177,10715,0.10435773395940628,9.474239898339082,0.07897289496685933
2406155,RN,0.6794063079777366,0.7334579439252337,2695,0.1183168159133057,9.061053479471594,0.08678040853155357
2406205,RN,0.8008064516129032,0.82416142557652,3720,0.3043790910958688,9.106943180740705,0.25085750563325665
2406304,RN,0.7735810534912209,0.8074900063118031,4898,0.14464553258479534,9.079148161704833,0.11679982201987052
2406403,RN,0.7110232762406675,0.735969387755102,2277,0.4015157147546303,9.386479055778711,0.2955032747620175
2406502,RN,0.7545638945233266,0.7056741915802318,8381,0.13973394954160961,9.792648754483029,0.09860664187908827
2406601,RN,0.7049620733249052,0.7439748515543136,6328,0.36998136667887127,9.11985617484628,0.2752568323527753
2406700,RN,0.7563039150630392,0.7746181345466363,6028,0.15038117741622603,9.344001128110117,0.11648798712108376
2406809,RN,0.8212435233160622,0.8218171126139371,3474,0.2348964929032509,9.078939800523733,0.19304195756088982
2406908,RN,0.8671811535337124,0.8949462793473936,2462,0.3180944193723656,9.481029406627005,0.28467741709846806
2407005,RN,0.8976063829787234,0.8932203389830509,5264,0.2183129862959847,8.896189041883774,0.1950015996237016
2407104,RN,0.6311812632767754,0.7352697332685325,37189,0.0790851129847682,9.938496362512335,0.05814888992982227
2407203,RN,0.7923288020933053,0.7791987963137107,15669,0.10875925806589726,10.043143491760002,0.08474508297291937
2407252,RN,0.8660436137071651,0.876937984496124,2247,0.13153771816225576,9.142639490333034,0.11535042145042777
2407302,RN,0.9101857521943254,0.8889345103674811,4899,0.12420206383354433,9.015041941989052,0.11040750080050236
2407401,RN,0.7278230014610728,0.6708625670656211,4791,0.1758207066885412,9.241956755969271,0.11795153063236635
2407500,RN,0.6630990415335464,0.6885323265691364,6260,0.287457082632024,9.190997537269832,0.197923493893404
2407609,RN,0.7601275917065391,0.7128017109685304,3135,0.1396123269485864,9.418130228932538,0.09951590552125025
2407708,RN,0.8166869671132765,0.8322104587744626,6568,0.24511799839521878,9.103325840523487,0.20398976189836301
2407807,RN,0.5968511849928817,0.7108695652173913,11941,0.22927543110158144,9.235854100332451,0.16298492602221115
2407906,RN,0.7220159151193634,0.8009453781512605,1885,0.22249661714095892,9.38424231732107,0.1782076371533416
2408003,RN,0.5922421298629886,0.6895557206656601,130938,0.07786030813939437,10.038926282871813,0.05368902089031045
2408102,RN,0.4702045557080737,0.580252701657329,416708,0.05073681249469966,10.189827343098486,0.029440172523530806
2408201,RN,0.5793505763283666,0.6569683085147002,14228,0.040739711508974354,9.66727753081,0.026764699359427747
2408300,RN,0.6678546357794697,0.7023056412401317,18519,0.2117623178676219,9.413885609984922,0.1487218704405168
2408409,RN,0.823471722785224,0.8590433956287615,3059,0.1858436048558321,9.09109911070409,0.1596477213712438
2408508,RN,0.7680074836295603,0.76625,3207,0.18227236954964646,9.238109972358334,0.1396662031674166
2408607,RN,0.9170883612300506,0.9057377049180328,2569,0.20850756131082998,8.979814963030256,0.18885316003972716
2408706,RN,0.753708175232839,0.805793991416309,2899,0.1259636078636238,9.331924524429922,0.10150071835362819
2408805,RN,0.6918872266973533,0.8095794392523364,3476,0.19376487747325802,11.27277598721001,0.1568680608515979
2408904,RN,0.5066020391108139,0.6196920583468395,11966,0.10830196702032942,9.641488038430017,0.06711386886583946
2408953,RN,0.6112727829682953,0.7340047393364929,6529,0.2786538918415305,9.658919775296003,0.20453327724624187
2409100,RN,0.6732718894009216,0.6781947086287394,6510,0.09367376723535605,9.052730826371276,0.06352905327633865
2409209,RN,0.5425619834710744,0.6884712685218648,2420,0.6379327508661068,9.337137759885852,0.4391983702204313
2409308,RN,0.7592619287876604,0.7969846245708314,6937,0.15683176932800083,9.33991445259416,0.12499250879865598
2409332,RN,0.7443609022556391,0.7729599518217405,3192,0.20558304095982732,9.184592001539647,0.15890745743567503
2409407,RN,0.7659930406852249,0.7803534233689444,14944,0.16483277148809383,9.768913402505387,0.12862781751412497
2409506,RN,0.7993779160186625,0.7061953629798555,2572,0.1494985804999192,11.089346135467176,0.1055752043211136
2409605,RN,0.7198599299649825,0.7969592937714566,1999,0.35479749160575186,9.341857024509826,0.28275915834200427
2409704,RN,0.756827731092437,0.7668393782383419,3808,0.031078833958926567,9.054531484256843,0.023832473709435916
2409803,RN,0.7700248756218906,0.768389662027833,8040,0.19003583147772646,9.089144428837558,0.14602156832234847
2409902,RN,0.798908807482463,0.7794561933534743,7698,0.16389833398822304,10.342865631843072,0.12775157150743668
2410009,RN,0.899617184176946,0.9063136456211812,2351,0.1309439911704577,9.12686736997837,0.1186763260098853
2410108,RN,0.8307536158335448,0.7930666666666667,7882,0.1653257849033881,8.844346798084418,0.1311143691473803
2410207,RN,0.7268392370572208,0.6624881740775781,4404,0.14977982873579523,9.034711585106889,0.09922736525282935
2410256,RN,0.8311649911295091,0.7658610271903323,3382,0.33739792311221184,10.037222176540276,0.25839991996660333
2410306,RN,0.7824762587349937,0.8421246094467929,5581,0.2020112000525431,8.959893897881727,0.1701186029481258
2410405,RN,0.7593665507918115,0.7696460707858428,5178,0.15790480595435247,9.450257133227492,0.12153081346096833
2410504,RN,0.8502515537141166,0.8841227286267501,3379,0.14101906579708084,9.10436567305309,0.12467816124091033
2410603,RN,0.7971183800623053,0.7648760330578512,2568,0.17922651533475897,9.234376049678785,0.13708606606803259
2410702,RN,0.8086571569109691,0.7616959064327485,2033,0.13570990434719116,9.091689050917033,0.10336967860363537
2410801,RN,0.8902007083825265,0.8938231731933791,2541,0.19856983777840873,9.054437940941018,0.1774863225035918
2410900,RN,0.7230870423152818,0.8014888337468983,4561,0.29175454543209217,9.013591112136742,0.233838010358724
2411007,RN,0.8159757330637007,0.8255293766776022,2967,0.20757331736517326,9.222166411193559,0.17135787129937358
2411056,RN,0.6825214899713467,0.7493814068575468,3490,0.06412753911592671,10.096184558135567,0.04805598548100552
2411106,RN,0.6525220176140912,0.6325088339222615,2498,0.19732020382482363,9.093738041452108,0.12480677203054216
2411205,RN,0.6797542008809614,0.7380283212625662,18389,0.17262995417873062,9.453829971877703,0.12740579528216228
2411403,RN,0.8112277152610949,0.7476657329598506,7909,0.13814676211848234,9.212006421972813,0.10328760015534523
2411429,RN,0.6010840108401084,0.8109313998884551,1845,0.25020586162111563,9.570839455238643,0.20289978962470837
2411502,RN,0.7352531351602415,0.8387376042814418,12918,0.18473415183665906,9.254143411509594,0.15494347994044355
2411601,RN,0.7655172413793103,0.7779291553133515,2320,0.16768769286420696,10.954519348255213,0.13044914526629722
2411700,RN,0.7833392920986771,0.7569252077562327,2797,0.1706738204558563,9.044648685343912,0.12918731700709898
2411809,RN,0.7451676528599606,0.7403293757181156,2535,0.08683268794426552,9.47717266956787,0.06428478965770404
2411908,RN,0.7532861476238625,0.7712137486573577,2967,0.18202554207549862,9.30632132243456,0.14038060065543287
2412005,RN,0.5569828200459188,0.6965750748795416,50524,0.11291444786853591,9.658128671629564,0.0786533899790075
2412104,RN,0.7385806451612903,0.8361502347417841,3875,0.16979389975989995,9.215779509960852,0.1419732091419633
2412203,RN,0.623779864274426,0.7036910457963089,21514,0.09197780663354996,9.88137853245431,0.06472395894001345
2412302,RN,0.7360104378080603,0.78884406732508,6898,0.18862036117077427,8.952167420764619,0.14879205288627914
2412401,RN,0.7257105089226702,0.7240944881889764,3026,0.1432264716799041,9.87333296224404,0.10370949870617308
2412500,RN,0.8541507024265645,0.8375949035692469,11745,0.177835531784232,9.243575747999458,0.14895413509599956
2412559,RN,0.7280887011615629,0.7398919321781255,5682,0.173107493630126,10.29039236279562,0.1280808379365065
2412609,RN,0.5643939393939394,0.6618712376288134,9504,0.18564880674193576,9.304502841336607,0.12287560548259742
2412708,RN,0.7425431711145997,0.7400045693397304,4459,0.11963030918152988,9.025088019771914,0.0885269754258568
2412807,RN,0.7568401563464308,0.7706515120763142,4861,0.1534041343662146,9.135126464210147,0.11822112810808137
2412906,RN,0.6050246462076642,0.7570051220247063,6289,0.18421263677586236,9.082696085337194,0.1394499095810046
2413003,RN,0.6788732394366197,0.7640758033507278,3550,0.11408668259142411,9.269873813931344,0.08717087365266186
2413102,RN,0.7587872283337805,0.7899761336515513,3727,0.22720049270797435,8.977449769940176,0.17948296679317305
2413201,RN,0.6611570247933884,0.7164566345441068,2662,0.23405705139288432,10.268541402137142,0.16769172733226295
2413300,RN,0.7891273247496423,0.8045664582767056,3495,0.2893165121376467,8.98940256080329,0.23277436149155592
2413359,RN,0.6573722010984369,0.7410674241291673,7101,0.09054139276012087,9.980028343912036,0.06709727670981
2413409,RN,0.7068888888888889,0.6617911791179117,4500,0.06945314487745181,9.244648949712316,0.04596347864189599
2413508,RN,0.7373431414971874,0.7627621266680787,4622,0.17475751571106843,9.126332108744556,0.13329841433500475
2413557,RN,0.8348813209494325,0.7694444444444445,2907,0.22562150776684198,9.030131965521925,0.17360321569837564
2413607,RN,0.8435940099833611,0.8236970684039088,4808,0.17002053887603513,9.693388243145616,0.14004541944064294
2413706,RN,0.825507614213198,0.815742397137746,3152,0.3385716847326975,8.974458672040209,0.27618727770681584
2413805,RN,0.771255060728745,0.7744838538909475,1976,0.22268075957003858,9.24535852333603,0.17246265285916698
2413904,RN,0.7911004529709565,0.79164915230489,7506,0.1671666931024753,9.145829036941077,0.13233737088818628
2414001,RN,0.6616598778004074,0.6722416375436845,7856,0.19197066346849115,9.308615968135722,0.12905067317040606
2414100,RN,0.8075796411570854,0.7301907556859868,5462,0.2826117042758783,9.052263812726808,0.20636045391090818
2414159,RN,0.7477000278784499,0.8002906976744186,3587,0.1427125108723988,9.573019691053352,0.1142114948929401
2414209,RN,0.6636990595611285,0.6088682085671274,7975,0.201694758716269,10.196348059201743,0.1228055264169537
2414308,RN,0.639599555061179,0.7467105263157895,1798,0.11444419415111647,9.422808111225523,0.08545668444836657
2414407,RN,0.68374756479131,0.7769824128355446,16939,0.12637016431805445,9.637307396422838,0.09818739518226619
2414456,RN,0.7412152269399708,0.7445825932504441,2732,0.13730219153074932,9.365551288221548,0.10223282182893449
2414506,RN,0.8056319792846739,0.8034201694102605,6179,0.11185592541775974,9.393220423209543,0.089867306548678
2414605,RN,0.6307114289177069,0.7316050324056423,8251,0.09064067155345913,9.459915742663576,0.06631317144913765
2414704,RN,0.672225416906268,0.7591623036649214,3478,0.2991893415742316,9.079747748484873,0.2271332697814847
2414753,RN,0.9245204336947456,0.8624616732369689,2398,0.2534823353224121,9.029579418932292,0.21861879905818196
2414803,RN,0.6679676609980485,0.5917620137299772,7174,0.31050036680810844,9.086231070463326,0.1837423223262628
2414902,RN,0.8390989541432019,0.824,1243,0.09145387598036311,9.241848094996866,0.0753579938078192
2415008,RN,0.7666999002991027,0.8067403896787783,2006,0.150793439823389,9.445465260692648,0.12165115840412424
2500106,PB,0.8986378913851053,0.8313152400835073,5653,0.14536599864620056,8.969986784816857,0.12084497006454502
2500205,PB,0.8566666666666667,0.7706505295007564,3300,0.21595200592209762,9.023614948211206,0.16642352771061503
2500304,PB,0.7362156597825388,0.6653333333333333,15543,0.17328338837418303,9.102192666250529,0.11529121439828978
2500403,PB,0.7363826498135855,0.5641315615870324,10997,0.11371224729964963,9.544961781881772,0.06414866764072215
2500502,PB,0.8156867528665528,0.7492130115424974,8198,0.1258585862450553,8.941955374263861,0.09429489042913902
2500536,PB,0.6286764705882353,0.5871404399323181,3264,0.16977099991261901,8.95420370657558,0.09967941957644467
2500577,PB,0.8741007194244604,0.8923959827833573,2224,0.11268484355302408,9.241170491371959,0.10055950170728979
2500601,PB,0.6371166330870831,0.6275916436736303,13401,0.15789180765541008,11.384157530939337,0.0990915790890595
2500700,PB,0.848174908510838,0.7956169604573606,10657,0.12038886857238107,9.243419632222936,0.09578342568645849
2500734,PB,0.9020475926950748,0.8506944444444444,1807,0.12813779798231176,9.346092019159931,0.10900611286689715
2500775,PB,0.7872133696074621,0.7625773993808049,5146,0.15019226019568752,9.14319640451344,0.11453322318715257
2500809,PB,0.8379173855678473,0.7498399829315127,9853,0.20157527009041243,9.115663518131704,0.15114919708400992
2500908,PB,0.777425491439442,0.6681034482758621,6308,0.18718203049103513,8.923788780991854,0.12505696002633812
2501005,PB,0.7124859392575928,0.5524060646011866,8890,0.17986801877580358,9.010168631356882,0.09936018439955399
2501104,PB,0.7904978704655603,0.7542500376109523,13618,0.1182401209289791,9.230106305359751,0.08918261565780604
2501153,PB,0.8739612188365651,0.7314814814814815,1444,0.12278869889827254,9.141481002925849,0.08981765937929195
2501203,PB,0.6899810964083176,0.6240875912408759,4232,0.1120731571598045,8.925624336283384,0.06994346669462251
2501302,PB,0.8062196812196812,0.7807356776688551,11544,0.17227721404268517,8.98516897127979,0.13450296745251822
2501351,PB,0.8196911196911197,0.7512234910277324,2590,0.09106530110097025,9.176278422513647,0.06841039340456248
2501401,PB,0.8428486174656853,0.7083047357584077,5027,0.18669180308195052,9.171710551042555,0.13223468825022164
2501500,PB,0.8037640759114891,0.7064082212381987,12699,0.14118198891259562,9.328251221770032,0.09973211765861775
2501534,PB,0.8546895640686922,0.7570093457943925,3028,0.1943083850751361,9.068059216820217,0.14709326346809368
2501575,PB,0.7467353319845503,0.6766862170087976,5437,0.16161017448796275,9.094404338495064,0.10935937760439121
2501609,PB,0.8342864404625746,0.7719096823574435,7869,0.16687531164345157,9.026663430204067,0.12881266880399608
2501708,PB,0.7785657998423956,0.7369455362156092,3807,0.09164744346930785,9.204819180775008,0.0675391743702788
2501807,PB,0.5220306685602315,0.6676378849853384,55627,0.06492045771127436,9.536730139103819,0.04334335707863531
2501906,PB,0.7012038275542751,0.650722210592422,9719,0.1404657821333306,9.236784671081374,0.09140420426239443
2502003,PB,0.7574750830564784,0.6974612129760226,3913,0.16982103886069558,9.10262914433541,0.118443587752629
2502052,PB,0.8723300970873786,0.8587196467991169,2060,0.23124123304862806,9.190606707819233,0.1985713899689102
2502102,PB,0.8312570781426953,0.7561307901907357,3532,0.119278480718679,8.988809018436262,0.09019013187856519
2502151,PB,0.6671174216813162,0.6097614840989399,4437,0.1823933341707074,10.016164183239601,0.11121643013368444
2502201,PB,0.9136197440585008,0.8182254196642685,2188,0.26876182353795075,9.2789195994895,0.21990775585407385
2502300,PB,0.9058282208588956,0.8008807801195345,3260,0.11637774907939617,9.02905952295738,0.09320470247126224
2502409,PB,0.7794600510762495,0.7121601763409258,5482,0.16383594836375687,8.95549460656806,0.1166774378777159
2502508,PB,0.6914135733033371,0.6887735849056604,10668,0.12026584208754247,9.357610679674464,0.08283593519633468
2502607,PB,0.7918334667734187,0.7479630635524172,3747,0.1410775729257063,9.068395317663136,0.10552081364405083
2502706,PB,0.7882839859917223,0.6670020120724346,3141,0.13110311743829123,9.306560071482092,0.08744604312030893
2502805,PB,0.7228173147468818,0.683915299396999,6815,0.147592460475097,9.098367445551801,0.1009407417945657
2502904,PB,0.7627806975633062,0.7502390057361377,4186,0.1660945877266375,9.031903688938337,0.1246106383541862
2503001,PB,0.7051890653134719,0.7320448983036543,12218,0.15752335227826156,9.633028116162002,0.11531416639899068
2503100,PB,0.6783486783486784,0.649020181339573,3367,0.09510908520884939,9.240006788454313,0.06172771572928833
2503209,PB,0.4905541921123224,0.5569414669005393,35042,0.054546391970536255,10.620809266315051,0.030379147558202257
2503308,PB,0.88439816448994,0.8405322020825299,5666,0.123516982421614,9.298949698958154,0.10382000122942836
2503407,PB,0.8277014481990346,0.8323305254713197,2693,0.06140128888722934,9.117092959957946,0.05110616704412389
2503506,PB,0.7811648858160486,0.7070395576350489,9546,0.2315069662558341,8.91878500384458,0.16368458301095715
2503555,PB,0.8980641999509924,0.8356204379562043,4081,0.2698028677570798,8.936216541255666,0.2254527905170109
2503605,PB,0.6927653498334126,0.6248115442601766,4202,0.4019695615889767,8.97234489153268,0.2511552225219947
2503704,PB,0.8148708002966174,0.8010247383145255,35062,0.07275005898258492,9.754249030706248,0.05827459695889138
2503753,PB,0.8405627198124267,0.7667191188040913,2559,0.1519813043953463,9.237231132727516,0.11652697178069628
2503803,PB,0.7705851890212325,0.7262901918400433,3862,0.15722210871249845,9.318575388203575,0.11418887549829664
2503902,PB,0.929886685552408,0.9106911726637328,4236,0.05217310085529565,9.25707876398362,0.04751358239941239
2504009,PB,0.4370298536012491,0.4197388820526945,224797,0.0768075299400763,10.019584962619513,0.03223910675027648
2504033,PB,0.744589774078478,0.5701526937481993,4205,0.09942993170124277,9.142342157761801,0.05669024339866305
2504074,PB,0.8182408308990587,0.8150018031013343,3081,0.07231136565414945,9.079951035847689,0.0589338933928517
2504108,PB,0.9056210964607913,0.9027595269382392,1441,0.28028361964068577,9.189951483923178,0.25302870787536286
2504157,PB,0.8402694250661534,0.7831858407079646,4157,0.1906288350907769,9.006950631654552,0.14929780447375005
2504207,PB,0.7359872611464968,0.6109625668449198,3140,0.1013319994294277,9.080471510242125,0.06191005847493109
2504306,PB,0.754315485531354,0.6699328280027115,15931,0.116536306421323,9.470252709209625,0.07807149732582747
2504355,PB,0.7680880330123796,0.757422969187675,3635,0.12715864957401263,9.346813657244164,0.09631288191824373
2504405,PB,0.8140547865647082,0.7824484510409403,10331,0.14180371751323786,9.108506099950183,0.11095409912008003
2504504,PB,0.8236900918798112,0.7439429928741093,4027,0.1817802931147586,9.10701651690016,0.13523417530532636
2504603,PB,0.6478436034608018,0.6675714393425318,15141,0.2986645815022291,10.285282596514298,0.19937994455407798
2504702,PB,0.8342795350094621,0.8146162528216704,3699,0.14859444832059188,9.285267533804685,0.1210474526810239
2504801,PB,0.8107121836374338,0.7752875607731531,8495,0.12224196561060224,9.182624000314965,0.09477267534235947
2504850,PB,0.8103953147877013,0.7720090293453724,1366,0.03406909675614498,9.269637730691684,0.026301650317385062
2504900,PB,0.7562659846547315,0.663153933007151,11730,0.1423771594533474,8.944882533142499,0.0944179732618736
2505006,PB,0.7356521739130435,0.6911639762107051,4600,0.1272067548957241,9.033235123439654,0.08792072651458926
2505105,PB,0.8069188115534222,0.7001546923341354,12083,0.12330375220739052,9.214793892118815,0.08633170069040998
2505204,PB,0.7720498411922795,0.5816722754336008,4093,0.10538326257143453,9.029173065970264,0.061298522132542936
2505238,PB,0.8212510356255178,0.7344988344988345,4828,0.4764590567653383,9.207343287943955,0.349958621880555
2505279,PB,0.8123785734110464,0.6393738711619507,3603,0.12460251644192552,9.131687706267435,0.07966759329399453
2505303,PB,0.809375,0.6235534377127298,1600,0.07952535350342395,9.080214518618948,0.04958830756238008
2505352,PB,0.8504287075261988,0.8474967061923584,3149,0.22929176396185605,8.983076033303233,0.1943240147147087
2505402,PB,0.830366073214643,0.8058333333333333,4999,0.1345426781847298,8.899136238033432,0.10841897483719477
2505501,PB,0.7779535864978903,0.8197167755991286,1896,0.15349023887094665,9.103270353426204,0.12581852369323243
2505600,PB,0.8395094641428952,0.7532767925983038,3751,0.11878738301101695,8.995659013955137,0.08947977887568509
2505709,PB,0.8496143958868895,0.7517459261722648,6224,0.18921307831450657,8.951223298748662,0.142240160801444
2505808,PB,0.758495145631068,0.5939878234398782,2472,0.23394979713301547,9.29900550541024,0.1389633307932409
2505907,PB,0.8017200191113235,0.7003257328990228,2093,0.10548558837384092,9.17058770566333,0.07387427198819478
2506004,PB,0.6534507273323854,0.6439693106171726,18286,0.11386511503905569,9.411429949871101,0.07332563963504574
2506103,PB,0.8120824053452116,0.7979422692197771,7184,0.2242298124465817,9.005759698945699,0.1789224453703504
2506202,PB,0.7435233160621761,0.7508337303477847,1930,0.1482676852748437,9.166797287341566,0.1113243792249422
2506251,PB,0.8390656612102262,0.8167821401077752,5437,0.22289166054700396,8.942132837750743,0.18205392751375765
2506301,PB,0.5794045062658248,0.5671218061376233,31201,0.07548624231445195,9.704965932480711,0.04280989407991427
2506400,PB,0.777335264301231,0.6571496834308924,8286,0.11961665031040096,9.14816077704296,0.07860604388454374
2506509,PB,0.8396101019051839,0.7179155900086133,2257,0.12960246079216708,9.13435446499826,0.09304362710617681
2506608,PB,0.8681552365762892,0.7957631721890277,3762,0.22219372424527642,9.008398441256746,0.17681358284591525
2506707,PB,0.8798900743614614,0.778682842287695,6186,0.1393422447285837,8.778277848470205,0.10850341517600114
2506806,PB,0.7080763025529088,0.6699038747398672,10537,0.1798273832679675,9.123474631783704,0.1204670608355426
2506905,PB,0.6657501410039481,0.7273551356251308,14184,0.12553195001730555,9.367553446071312,0.09130630853012442
2507002,PB,0.7825271229300922,0.7204584810752865,12259,0.10000846153799232,9.336770902178092,0.07205194429433816
2507101,PB,0.7345188948872658,0.5580608793686584,9447,0.19804636394818181,9.141278003761341,0.11052192802068772
2507200,PB,0.753358925143954,0.7411935016889175,6252,0.19219509946264568,9.24155801781768,0.14245375877816813
2507309,PB,0.7363993882455757,0.6414507772020726,9154,0.0937259052886417,9.079896509128423,0.06012055479136706
2507408,PB,0.8671956567133013,0.755868544600939,4789,0.1477584913685201,9.030958102210125,0.1116859958231537
2507507,PB,0.4520144238256682,0.5553531508284258,417365,0.07075058592020184,10.11669292601651,0.039291560813741355
2507606,PB,0.7886147270254518,0.7727558066541117,5147,0.15733156081930647,8.981354050325109,0.1215788771930736
2507705,PB,0.760976141191851,0.6478090255068673,9179,0.10700849600686071,9.164629824310719,0.06932106951915994
2507804,PB,0.7751588983050848,0.6518331226295828,3776,0.1162968284547941,9.194248755758128,0.07580612484360535
2507903,PB,0.7299601264952564,0.7263969171483622,7273,0.21670274859388375,9.120575115349446,0.15741220851617374
2508000,PB,0.8764556040756915,0.8583269082498073,5496,0.21441805741390838,8.914913774700988,0.18404078829300966
2508109,PB,0.877105427323768,0.7856430707876371,3206,0.13080209271461016,8.999727514514488,0.10276375778575554
2508208,PB,0.7876742160278746,0.6984269662921349,4592,0.16617534953634458,9.160567781120925,0.11606134524920426
2508307,PB,0.5890522322335885,0.5198551201843925,14761,0.15658007712829713,9.204642225662653,0.08139895481401235
2508406,PB,0.8907624633431085,0.8640739314593762,2728,0.06111774226544775,9.16395546128166,0.052810247841226315
2508505,PB,0.8212713936430318,0.806492518387015,4090,0.07493407374651832,8.950846762773798,0.06043376984882787
2508554,PB,0.6700990099009901,0.721366097459392,2525,0.17946731588207376,9.143358252872108,0.1294616372793635
2508604,PB,0.6594521887992174,0.6822388717496695,8178,0.03381092060824538,9.614682063957002,0.023067124328586975
2508703,PB,0.8286350148367952,0.7746628814762243,2696,0.1639277774939936,8.99986499563935,0.12698876446749044
2508802,PB,0.8331952499309583,0.7967032967032966,3621,0.2120039333778178,9.152251121663522,0.16890423263617352
2508901,PB,0.6684893184130214,0.6584652968634123,23592,0.16191894722469843,9.565303481407184,0.10661800765212223
2509008,PB,0.9104651162790698,0.8545421773612113,6020,0.17112216305555358,8.831343014453747,0.146231105812253
2509057,PB,0.8791794871794871,0.7583697234352256,4875,0.16600905249610873,9.111486094210358,0.12589623922921783
2509107,PB,0.7519955741721331,0.6881971465629053,12653,0.16341829514152878,9.127693165854692,0.1124640044125748
2509156,PB,0.7864462040055892,0.7864885303755987,4294,0.10209983680377752,9.157723397565434,0.08030035059939145
2509206,PB,0.7319022063208109,0.6600155480694481,8385,0.31000153643211864,8.970003578854062,0.20460583397061577
2509305,PB,0.7447127082163578,0.6715676123420998,5343,0.1347576082809377,10.219656942414847,0.0904988452381613
2509339,PB,0.7939914163090128,0.6085876508161817,3029,0.09647491528387012,9.24710098586854,0.05871344205530066
2509370,PB,0.919481981981982,0.7672366243794815,1776,0.32101933246850894,9.102631036386336,0.24629778900369328
2509396,PB,0.8419127253723543,0.7083220384928165,3827,0.18855639691876608,8.973714861312613,0.133558651436361
2509404,PB,0.7246785058175138,0.7096098455092956,8165,0.22044926232912282,9.17379236889058,0.15643296698400702
2509503,PB,0.7393075356415478,0.6439873417721519,3437,0.12561218648697525,9.032168820068765,0.08089265806993501
2509602,PB,0.8778460426454644,0.8296742209631728,2767,0.17971818757858296,8.938499312462946,0.14910754727217418
2509701,PB,0.7768205896516668,0.7697291259424742,18689,0.09317772616431147,9.672063455100226,0.07172160971776267
2509800,PB,0.7687673772011121,0.683381305862748,6474,0.23903086916108196,8.955193369407375,0.16334922750880787
2509909,PB,0.7641165755919854,0.7171421604486711,4392,0.2104467293372218,8.964616385873766,0.15092022213625197
2510006,PB,0.9039489921842864,0.8579857578840285,4862,0.2019597380690465,8.980541792840926,0.17327857892923074
2510105,PB,0.7739069848458456,0.7435897435897436,5741,0.1296157989619436,8.982974700628064,0.0963809787152914
2510204,PB,0.874353076480736,0.8016768784263141,3478,0.16682744754731063,9.005861460514016,0.13374170738555763
2510303,PB,0.8437001594896332,0.7118055555555556,2508,0.18811415386222471,9.063354049387595,0.13390069979776412
2510402,PB,0.8156338953361069,0.7035252901248084,4567,0.09343551657703372,9.016349045776424,0.065734248907819
2510501,PB,0.7500922849760059,0.6550202280250091,2709,0.11226836527218303,9.1408269881838,0.07353805022058035
2510600,PB,0.8123504068932503,0.7152286657237152,2089,0.22127308510963076,9.224418194913136,0.1582608534235313
2510659,PB,0.8009228740936059,0.7835308796007486,1517,0.04689683836854321,9.26413054656232,0.0367451210173988
2510709,PB,0.7742309924550204,0.7536916715888955,1723,0.0770438210881917,9.187048734264803,0.058067286301555
2510808,PB,0.6235918367346939,0.6019202065432249,49000,0.08665807056511692,9.681925346698856,0.05216124373319253
2510907,PB,0.719059228452603,0.6562409498986389,6973,0.07528444794857801,9.295866824280916,0.04940473763436947
2511004,PB,0.781700835231587,0.7357089829250185,2634,0.14266158940229587,9.005062588937005,0.1049574128416297
2511103,PB,0.788349077822762,0.6515119022088784,4446,0.11088433112634304,9.128592201900238,0.0722424614972829
2511202,PB,0.6824647346986956,0.7386263390044109,16943,0.17907839809748374,9.537893759995475,0.13227202158151888
2511301,PB,0.7538933727407071,0.6481461106832435,8797,0.07136849532361501,9.356339700394345,0.04625721266931632
2511400,PB,0.7673189279421311,0.766297322253001,10783,0.09895504007947067,9.181939137492993,0.07582898223633676
2511509,PB,0.7578975668772685,0.7606422153483576,7439,0.10508607091824113,9.010056686296716,0.07993290178550555
2511608,PB,0.8144265045082827,0.7365483366822951,4769,0.12828044497128996,9.341985630680492,0.09448474837246831
2511707,PB,0.8123331553657235,0.672311600338696,3746,0.17119700246411684,9.134087405267579,0.11509773069983807
2511806,PB,0.7341983317886932,0.6223581757508343,5395,0.1497285978267431,9.021939076987447,0.09318481700118217
2511905,PB,0.7213057213057213,0.7361809045226131,8547,0.17609974968337122,9.520018744369779,0.12964127300811
2512002,PB,0.6495154361075033,0.6844616761109454,10009,0.09341319002740867,9.435996364876523,0.06393774861703039
2512036,PB,0.8994974874371859,0.846565199506376,2587,0.19425136135664173,9.116445658023617,0.16444644248127055
2512077,PB,0.8452421266508635,0.7906895344767239,2953,0.173334324048071,9.155397078468805,0.13705363599040687
2512101,PB,0.6205029013539651,0.5224097945094656,18095,0.09696119165618282,9.389427597723671,0.05065347620849937
2512200,PB,0.7088288288288288,0.639451114922813,2775,0.10987464780407322,9.452286955552479,0.07025946604006603
2512309,PB,0.8472406181015453,0.6960866722704773,11325,0.10307441686539154,9.184097667811022,0.07174872783205036
2512408,PB,0.6583247628842418,0.6681024168461355,8751,0.0707777425739043,8.934106337520731,0.04728678087253908
2512507,PB,0.6986312208244323,0.6635405427836335,25278,0.14728101804960422,9.309031383882456,0.09772692665836051
2512606,PB,0.6879895561357703,0.7334263782274948,1532,0.07351351330234206,9.368880426826141,0.05391674981211549
2512705,PB,0.7727405389629342,0.7657977059436913,10279,0.09987857415685086,9.060545067896546,0.07648678296224325
2512721,PB,0.7180630774131889,0.5532773109243697,3139,0.07861352912998111,8.979914431642632,0.043495081999310556
2512747,PB,0.7573886193206881,0.5807200929152149,2267,0.18093160861396748,9.099383730854822,0.10507062056560248
2512754,PB,0.7979002624671916,0.7146282973621103,3048,0.25080084857705315,9.146216579641546,0.17922938339559194
2512762,PB,0.728161463260801,0.6750756811301716,3171,0.17931795607787693,9.216907991731683,0.12105319133814296
2512788,PB,0.7207043108682453,0.695273631840796,1647,0.02780630573521946,9.455685656339249,0.019332991176601592
2512804,PB,0.8520302821748107,0.7708333333333334,5812,0.11658746510328767,9.051356791061945,0.08986950435045092
2512903,PB,0.7124324324324325,0.6771216269065311,13875,0.1431561452817418,9.224684035584271,0.09693412199484074
2513000,PB,0.8071570576540755,0.7338235294117647,2012,0.0338313595155737,8.83534531589714,0.02482624764451658
2513109,PB,0.7351926394479587,0.7442027941811897,6956,0.25827181330595783,9.243212502713126,0.1922066051205364
2513158,PB,0.7894849785407725,0.6373551465576005,4660,0.20951464727404256,8.999818384125895,0.13353523871931136
2513208,PB,0.8588854341066731,0.8196603683329347,4181,0.13994043181690682,9.019931531377738,0.11470362588771578
2513307,PB,0.901066925315228,0.8774733637747336,4124,0.13859569366608943,9.079161768152263,0.12161402952587604
2513356,PB,0.9226069246435844,0.8921226232052775,2455,0.2304361227634297,9.016611209508453,0.20557727832096426
2513406,PB,0.6949357887085049,0.5712607214193397,8254,0.09261434901846065,9.565792607313304,0.05290693983406834
2513505,PB,0.9070810637616148,0.8413192283758556,3121,0.22357458670956787,9.004031994247235,0.18809759877494445
2513604,PB,0.7860209923664122,0.7111824240928166,4192,0.18857355130712153,8.970346592083907,0.1341101953383898
2513653,PB,0.8693441789527199,0.7927777777777778,1967,0.17535344510245268,9.228571677394545,0.13901631453399999
2513703,PB,0.5743686590207322,0.6482703308011258,72544,0.06899291510717505,9.77254199231408,0.044726059899462364
2513802,PB,0.7307073954983923,0.6157181571815719,3732,0.16555107544647585,9.167767481664416,0.10193280309333148
2513851,PB,0.7987254381306426,0.8137931034482758,1883,0.1459410828027588,9.219461366172863,0.11876584669465888
2513901,PB,0.5229467227081677,0.506500661084178,17606,0.13241888979411245,9.461187508915458,0.06707025522075087
2513927,PB,0.8170826833073322,0.6266297905966022,2564,0.10818931219017229,9.23934571812985,0.06779464604251809
2513943,PB,0.6865203761755486,0.5647233201581028,1914,0.05879740323550616,9.134293287328092,0.03320426477182981
2513968,PB,0.7778301886792452,0.650749063670412,2120,0.07128840915910827,9.145745699818269,0.04639086551084293
2513984,PB,0.7899101589495507,0.742588071154517,2894,0.06566129489073258,9.218671045542724,0.048759294322417046
2514008,PB,0.8058546433378196,0.748335552596538,2972,0.10229963313312272,9.243339592258751,0.07655445249109849
2514107,PB,0.8374908290535583,0.7997795738427627,2726,0.11366510699599924,8.974275093122953,0.0909070308340523
2514206,PB,0.8625970211873295,0.7804160537928136,4767,0.08189963601590958,8.943362617125556,0.06391579074660395
2514305,PB,0.8708206686930091,0.7835403726708075,3290,0.16475903087417723,8.929318723451631,0.1290953524520339
2514404,PB,0.7771317829457365,0.7489606651742885,3096,0.11278474726347237,9.223966301338614,0.08447133933196428
2514453,PB,0.7629649742058104,0.7632241813602015,3683,0.16463171789838263,8.991225044729486,0.12565090811891672
2514503,PB,0.8520032706459526,0.8724190187535518,11007,0.11251214776721473,9.158456362819733,0.0981577375529281
2514552,PB,0.9193548387096774,0.8606837606837607,2356,0.1777584598424132,8.92667614687162,0.15299381971052145
2514602,PB,0.7259865971705137,0.6961837717673213,2686,0.09266303995339664,9.003965533060294,0.06451050465818166
2514651,PB,0.750733137829912,0.7514970059880239,1364,0.09654008305141477,9.49117324648632,0.07254958337097338
2514701,PB,0.7568196939454425,0.6729274611398963,3006,0.07384145759005274,10.254079689196319,0.04968994458294352
2514800,PB,0.8423480083857442,0.835934204976803,2385,0.11811411628891649,9.024434639821685,0.09873562989651308
2514909,PB,0.7073170731707317,0.676099348534202,4510,0.10781275921824268,9.115937462853044,0.07289213627112866
2515005,PB,0.6850125085285422,0.6228323699421965,4397,0.16142643447470575,9.120978217125575,0.10054160875519967
2515104,PB,0.6540291878172588,0.5482322828347465,6304,0.11469904473943947,8.99167499443216,0.06288171913646762
2515203,PB,0.8595600676818951,0.862335302135393,2364,0.08883167399782228,9.146455609009838,0.07660268843610481
2515302,PB,0.7020341861409533,0.712118203121897,27087,0.1548230551876439,9.260565078923637,0.11025231586206725
2515401,PB,0.8236135388526935,0.7140735852169608,6293,0.12343798481741916,8.821184495395805,0.08814380437053128
2515500,PB,0.7331506849315068,0.7051886792452831,7300,0.10655872527920054,9.122723195573025,0.0751440067417004
2515609,PB,0.7089430894308943,0.492600422832981,1845,0.21814679731422512,9.238497983440482,0.1074592045966479
2515708,PB,0.8698817106460418,0.8617176128093159,2198,0.06595028919913241,9.10817606668509,0.0568305257727604
2515807,PB,0.7786131996658312,0.7227059611520429,4788,0.13843638484805038,9.054192243384692,0.10004880057002435
2515906,PB,0.779639175257732,0.6132135984605517,3104,0.1832272428824289,9.144598495661233,0.11235743694393972
2515930,PB,0.753498727735369,0.5882553772618642,3144,0.1443388184289425,9.167229892914053,0.08490808608844928
2515971,PB,0.7016595908915476,0.7050643420506434,5182,0.17821154575185172,9.333456143604854,0.12565060625135746
2516003,PB,0.721487877781468,0.7069995731967563,15055,0.1456845967205646,9.268477298092094,0.10299894770278074
2516102,PB,0.7179098826202196,0.6517467248908297,7923,0.12823119261768778,9.320930835222681,0.08357425981742315
2516151,PB,0.8633217993079585,0.7548500881834215,2312,0.13395605716254283,9.135632762650625,0.1011167415618489
2516201,PB,0.7332390617201797,0.7635005636978579,36066,0.10238616262047087,9.68463903265643,0.07817189287559007
2516300,PB,0.8064185378857788,0.7559934318555008,9753,0.0893460263733152,9.240588634538053,0.06754500910061464
2516409,PB,0.7876424715056989,0.7159471712990341,5001,0.22231744452075358,8.863068780639347,0.15916754553506346
2516508,PB,0.7995794453936128,0.6711568938193344,7609,0.12499734647556494,8.993850630935777,0.08389283079619929
2516607,PB,0.8905118601747816,0.83061619231832,8010,0.1742024877937573,8.971255110061387,0.1446954071036293
2516706,PB,0.8040127232689014,0.7927893251218886,8174,0.07296732918081468,9.117994874894855,0.05784771965720476
2516755,PB,0.8693670886075949,0.8044280442804428,1975,0.11801197150978969,9.138743501115133,0.09493213944329945
2516805,PB,0.891063661526295,0.8707937877480587,5058,0.15687409567270139,8.955754775705435,0.13660498797038298
2516904,PB,0.8326996197718631,0.7608617162113371,8416,0.12385172352005226,9.284489426385925,0.094234034913199
2517001,PB,0.8053224155578301,0.7131181894383906,4885,0.17663644034994902,8.921836579119033,0.12596265853119792
2517100,PB,0.8200728029121165,0.773015873015873,1923,0.0978729029664722,9.292346440114496,0.07565730753122535
2517209,PB,0.846989966555184,0.8265086206896551,3588,0.19315342595154777,8.972816251175928,0.15964297166469518
2517407,PB,0.8387728459530026,0.6967060285891858,1532,0.07172167162378497,9.278020022014616,0.04996892100078493
2600054,PE,0.5906690718268285,0.7817464315701091,60980,0.012344342377918933,9.759677431144292,0.009650145604017802
2600104,PE,0.7724800487978447,0.6841097960211534,19673,0.1404312051670205,9.372011484551619,0.09607036312181515
2600203,PE,0.8110960757780785,0.7632248219735503,11085,0.02879015660868262,9.04575734581656,0.021973362152252426
2600302,PE,0.792395383417121,0.8129566488066244,14123,0.20405920655150608,9.23987716404431,0.16589128871625117
2600401,PE,0.8046541880465419,0.7336278221848268,13837,0.03314895014493456,8.815269837387083,0.02431899210254174
2600500,PE,0.8111518300320082,0.7241331290906559,21557,0.026477190260679566,8.9965693600153,0.019173010632994533
2600609,PE,0.8800227014755959,0.830727951469902,8810,0.03593348791411739,9.119614282322033,0.029850952804063222
2600708,PE,0.7438824638904055,0.6981538461538461,20147,0.21314131308665685,9.008304720774714,0.1488054275057306
2600807,PE,0.7835383472302485,0.7091709586310019,12113,0.13308860156813127,8.921254814991691,0.0943825711569311
2600906,PE,0.7336757792094724,0.6245227351614023,11486,0.14442769047089735,9.187373713338918,0.09019837628592922
2601003,PE,0.7369880894109969,0.7383336161547599,6129,0.03325002298611536,9.278274156817249,0.02454960970856744
2601052,PE,0.7566624095359727,0.7279046673286991,11745,0.06693730020548559,8.834937730589836,0.04872397323795525
2601102,PE,0.8269315349655476,0.8252361673414305,40926,0.10596570825948819,9.417252672926795,0.08744673495368019
2601201,PE,0.7252063165710043,0.6554059847380606,35019,0.11260761575224598,9.521304697635458,0.07380370529110591
2601300,PE,0.6453734834088584,0.5641786615224811,6841,0.1649562753175719,9.118126327070831,0.09306481061840159
2601409,PE,0.692560227876213,0.7209070639024622,20713,0.12750611934365572,9.208715156559698,0.09192006212563178
2601508,PE,0.7838354854136776,0.7679344465058751,6273,0.06291334677621971,8.803522773519422,0.04831332613442846
2601607,PE,0.8811907504208382,0.8390773158278628,11287,0.11050772057679606,9.594126141109856,0.09272452155983352
2601706,PE,0.6869651741293532,0.7587919107190204,40200,0.03594606732614547,10.115367274389705,0.02727558510924047
2601805,PE,0.9190825103536158,0.921090387374462,6278,0.05695277477940049,8.84385387466091,0.05245865338360849
2601904,PE,0.738096639397328,0.7499630691050906,33982,0.11317276816582716,9.38348421281436,0.08487539655276263
2602001,PE,0.9102281494544252,0.8545612889179186,18146,0.2444887078693838,8.896049795437587,0.2089305853227371
2602100,PE,0.8116888735075273,0.8268458173377377,23116,0.024610980294625637,9.251885044725642,0.02034948611719269
2602209,PE,0.7716888511281035,0.6623321152294623,21186,0.17827724009827556,9.031196832608135,0.11807874153156157
2602308,PE,0.6539177368323097,0.6246259085079093,21492,0.12259332332092726,9.233679328272942,0.07657496595633806
2602407,PE,0.7989956958393113,0.7497798649838567,6970,0.13469042324446942,9.686623554526703,0.1009881673548568
2602506,PE,0.8507949449653486,0.6964940888707705,4906,0.05861989529135308,8.912130190247877,0.04082841056065093
2602605,PE,0.7078855484514579,0.6357218172649337,22053,0.028558975489107144,8.91822918034675,0.018155563797159893
2602704,PE,0.8035516093229744,0.7787936507936508,8109,0.1298246348549758,8.968908025219712,0.10110660134165926
2602803,PE,0.8905498146249112,0.8663699936427209,25354,0.023957460853842885,8.859230790901655,0.020756025207639597
2602902,PE,0.6854357857624307,0.7862744084242456,115722,0.1737696718173841,10.769934135648263,0.13663064591028898
2603009,PE,0.8536180308422301,0.785701593318723,16860,0.03637667801447117,9.335268602321365,0.02858121387561216
2603108,PE,0.7532490974729242,0.7469424460431655,11080,0.13013066694213432,9.283751021949218,0.09720011867098631
2603207,PE,0.9172926738564522,0.9055351705831836,13445,0.03563984307246963,9.742462287587234,0.03227313137618668
2603306,PE,0.8742349457058243,0.8022834360275463,5065,0.3021552591104508,9.04032977362959,0.24241415949292605
2603405,PE,0.9096719216020452,0.8921414095924342,4694,0.20745697439625754,9.074944860601903,0.18508095756765872
2603454,PE,0.5493026452914699,0.6425652908844633,90198,0.16652863710030588,9.376488948162882,0.10700552213895129
2603504,PE,0.7275491779910672,0.7317660660949995,10523,0.13390536597294195,9.017540530523096,0.09798740288703094
2603603,PE,0.6886670364207802,0.6601793550849074,5409,0.16887293445610857,9.627020202255224,0.1114864249605296
2603702,PE,0.7231353835277483,0.7587782384296472,11316,0.18373244434615124,8.938834388638101,0.13941218046334583
2603801,PE,0.8883420189152673,0.8710531291359426,10362,0.027361616586046945,9.27010081128362,0.023833421745494097
2603900,PE,0.8921850375451933,0.8520767081044618,10787,0.24828339243852052,8.978507750931241,0.21155649570602278
2603926,PE,0.952270680560916,0.933351580676064,7773,0.056443115445886496,8.719885977735066,0.05268127101969973
2604007,PE,0.5708910552420045,0.6319675977377689,40929,0.16092047386097874,9.76794346184494,0.10169652529274617
2604106,PE,0.5396652759452745,0.5903156823427494,168258,0.07565119935690635,9.904951571462353,0.04465808936841954
2604155,PE,0.8405981915140274,0.6925197794293935,8626,0.1678789822819463,8.79927377371109,0.1162595157807245
2604205,PE,0.7708799623041583,0.8046082949308756,16978,0.19792194529833132,8.814786161711856,0.1592496389358924
2604304,PE,0.8915477834023623,0.8190658377172007,6519,0.037526528380918286,8.930160091159205,0.03073669740493514
2604403,PE,0.7584434654919237,0.6156706847909721,8172,0.12456935141597801,9.315090781986356,0.07669369789024243
2604502,PE,0.7076023391812866,0.626258683943486,12825,0.05118244008779964,9.133576725509092,0.032053447570401725
2604601,PE,0.7098247164530859,0.6603532506576475,13578,0.05235561157240804,9.040256478602856,0.0345731982920088
2604700,PE,0.8907649896623019,0.9039608685277976,8706,0.017426055157840674,9.018843250257978,0.01575247195549496
2604809,PE,0.7491714172080074,0.6720493632663779,7543,0.12598389935982887,9.156000540247359,0.08466739934658843
2604908,PE,0.7888911662225866,0.6862706913339824,9758,0.022592916814274635,9.027313796624794,0.015504856641383409
2605004,PE,0.7014115898959881,0.7303853718948059,13460,0.13945810485717183,9.303769418382604,0.10185815977985029
2605103,PE,0.8920168285462006,0.8727693846396799,19253,0.13474058927333118,9.51023080808856,0.11759746118607312
2605152,PE,0.8206410969056883,0.7475049900199601,10794,0.028974193648075568,9.358422560555079,0.02165835433374112
2605202,PE,0.7262169719796838,0.7554125219426565,35046,0.16213601544350156,9.578428865753317,0.12247957632390902
2605301,PE,0.9002603236179878,0.8654443917601813,19591,0.18524935456624317,9.038399747159035,0.16032301498654847
2605400,PE,0.6617094427120812,0.6304400878548767,12507,0.032647934905925886,9.068547340032925,0.02058256695037221
2605459,PE,0.488569562377531,0.5949848024316109,1531,0.09025867686198646,10.885885832174193,0.05370254102046763
2605509,PE,0.720203488372093,0.6488661302121433,6880,0.15330933182695583,8.96305639634638,0.09947723286796621
2605608,PE,0.8932276292485452,0.858301360306941,11857,0.18384577726589563,8.924744702032775,0.1577950807140051
2605707,PE,0.8799185482421992,0.8713201259026107,16697,0.0231155463737767,9.458922439064766,0.02014104077670675
2605806,PE,0.7602586975914363,0.676935053380783,8968,0.2360413028106902,8.927160276739855,0.15978463191822412
2605905,PE,0.7274964505442498,0.6919992540096979,10565,0.21524896165057997,8.878097644892765,0.1489521208885634
2606002,PE,0.7221653405101802,0.8131552174105365,68368,0.09390851019179616,9.773771538990953,0.0763621950217096
2606101,PE,0.7662777341152288,0.6733333333333333,16541,0.12785944647894307,9.613508062027007,0.08609202729582166
2606200,PE,0.6661760770671662,0.7953221614840039,44844,0.14157804812781516,11.662253075857345,0.11260015925570029
2606309,PE,0.8834179730624862,0.8153881174595948,4529,0.29403400798938434,9.129703450581248,0.23975183624356355
2606408,PE,0.6556953568644917,0.6762790697674419,44905,0.018059660857561877,9.50887546210914,0.012213370645067428
2606507,PE,0.8900281463610776,0.8823529411764706,9948,0.022132409794530718,9.043135805116984,0.019528596877527102
2606606,PE,0.9002481027437245,0.8754046525634269,13704,0.03382173090765603,9.097113281921217,0.029607700594310345
2606705,PE,0.8222753969980422,0.8050699300699301,4597,0.15606064445882153,8.966434152994227,0.1256397321211317
2606804,PE,0.661481445360121,0.7828736806264897,61521,0.0776859395311647,9.993311577894486,0.06081827741368982
2606903,PE,0.8597053171044202,0.8469927826784283,6244,0.1419400655192185,8.902164139866612,0.12022221106768131
2607000,PE,0.9299722764144164,0.9134928659701156,9739,0.03511426127251206,8.897954011442637,0.03207662716625048
2607109,PE,0.8749170537491705,0.6782729805013927,3014,0.14040791220432158,8.98100178164446,0.09523489309680308
2607208,PE,0.7779581895676883,0.8407524792965955,54197,0.0685597307227451,11.712839327017951,0.057641763585054906
2607307,PE,0.848939929328622,0.7699992914334302,14716,0.026357631453464852,9.170237780832657,0.02029535754303143
2607406,PE,0.9038969616908852,0.8622100954979536,3028,0.2103209284994648,9.339374090762044,0.1813408278467418
2607505,PE,0.8862484157160964,0.8020102105934908,12624,0.1353595180877465,9.008027977678461,0.10855971560738699
2607604,PE,0.7119238867659674,0.7366880741403138,12823,0.06457092329648513,9.1752168429894,0.047568629128749554
2607653,PE,0.7314140558848433,0.7211943991452511,17715,0.23096799193681292,9.363791072805618,0.16657282216665498
2607703,PE,0.826071679550246,0.7018973485769886,8538,0.06438359188027097,8.986364968921277,0.045190672432625124
2607752,PE,0.7445827232796486,0.7866935171559135,13660,0.12792767598929064,10.988700881465888,0.10063987336559715
2607802,PE,0.7430314505101504,0.688814220680685,9507,0.03700615806277475,8.962020079186225,0.025490367926396435
2607901,PE,0.5338255510137195,0.6891894807905129,329529,0.013439160233978549,9.860007887548168,0.009262127863916184
2607950,PE,0.7474643286917655,0.7262455059065228,5817,0.06313763015990183,9.139708590257833,0.045853420157216836
2608008,PE,0.8271966527196652,0.7165208440555841,9560,0.03663114848612156,8.895894416209462,0.026246981432001253
2608057,PE,0.8626559251559252,0.8792788084661615,7696,0.15254813363120825,9.045688112597324,0.13413234117298556
2608107,PE,0.7810661994744087,0.6625007772181807,15982,0.07738153544053862,9.071218364238433,0.05126532737169303
2608206,PE,0.7739119590971443,0.7067612999626448,8019,0.03452943815580169,9.343628532228395,0.02440407059797415
2608255,PE,0.8713891711424009,0.8257053291536051,6889,0.15355803537791304,9.087069636742907,0.1267936881459006
2608305,PE,0.8474872033503955,0.8182808716707022,8596,0.1339621753538273,9.26342564494658,0.10961868561943325
2608404,PE,0.7977626948215184,0.7998471142820741,7956,0.13840730819707917,8.824654857473586,0.11070468605698343
2608453,PE,0.7004671078240561,0.6875381175035576,10276,0.15378031379033277,9.535074847149408,0.10572982745251178
2608503,PE,0.64691298784389,0.613541505642294,12504,0.034887107101853734,9.61443987077305,0.02140468821877531
2608602,PE,0.8793394877129111,0.8944783647464826,7691,0.034501960776095644,9.089233794208917,0.030861257455549313
2608701,PE,0.8269843292139126,0.7504967709885743,7849,0.02446560754834916,9.062065479929531,0.018361359465309736
2608750,PE,0.8314101603476697,0.7990252958923184,13346,0.029572019440034784,9.44577464476049,0.023628791583207187
2608800,PE,0.673095750930096,0.705464799688837,20428,0.18814622789898955,9.321002700305417,0.13273054097697093
2608909,PE,0.7190398254228041,0.6814821492967905,32994,0.15217580122183852,9.531172586019526,0.10370509208761967
2609006,PE,0.6769720390997954,0.6860206817311375,13197,0.08760077324649003,9.152789538121688,0.060095942182731885
2609105,PE,0.8013055895552835,0.7021216407355021,7353,0.2341004973313417,9.501391942664034,0.16436702528327865
2609154,PE,0.924147917130764,0.8797380682533686,8978,0.029023596609399127,8.664123858932495,0.02553316281491781
2609204,PE,0.7765011119347665,0.7654554847597727,5396,0.02898221814645116,8.937899358833349,0.022184597840705252
2609303,PE,0.8510255487585462,0.8376591576885406,8337,0.22676350010680382,9.19802947038877,0.18995052249397057
2609402,PE,0.6786057202711746,0.8068901079028272,34369,0.10036252987473272,9.264006497431096,0.08098153256002381
2609501,PE,0.6287235186579202,0.610851410263144,18598,0.1319724882592155,9.699059127634769,0.08061558056907801
2609600,PE,0.5651303136812786,0.6718228591663715,226185,0.1778505656443582,9.555616204004005,0.11948407551554917
2609709,PE,0.8090286174929464,0.7395648670427075,12405,0.029637652959400042,9.510148101919086,0.0219189668703766
2609808,PE,0.8226224250647588,0.7845780206435944,8107,0.07192325159701846,9.368911409533533,0.05642940237623998
2609907,PE,0.8877311641227188,0.8771704783656102,32823,0.02393650782582051,9.17696188464934,0.020996398019977148
2610004,PE,0.7357972324594951,0.7951397961850013,28762,0.16239950988945298,9.449468762914362,0.12913031319404375
2610103,PE,0.8882602545968883,0.806583427922815,4242,0.022758723526697642,9.08522858217784,0.0183568092373114
2610202,PE,0.6354212942395973,0.6097184444607807,13506,0.02919275607756989,8.87865208393847,0.017799361825138915
2610301,PE,0.8706102283348912,0.8590231061713951,7489,0.18891062349874954,10.122667867669206,0.16227859058667077
2610400,PE,0.9171078625049388,0.8896328974318576,12655,0.0239091419231133,8.93779670049716,0.02127035920416878
2610509,PE,0.7794299876084263,0.6997765939164805,17754,0.11770297733706475,8.95555055193271,0.08236578857475987
2610608,PE,0.6375433091455841,0.6475700361256901,30594,0.016838142501813036,9.561605158631547,0.010903876548188585
2610707,PE,0.5491122642462716,0.7073925871522457,168237,0.0908800421067885,9.451826859116204,0.06428786810642614
2610806,PE,0.8307430791646431,0.7608980662078008,12354,0.031202050768162685,9.309329931523273,0.023741580091212612
2610905,PE,0.8443799812470698,0.856313963320407,34128,0.016826355937272948,9.236990014497,0.014408643540886059
2611002,PE,0.8133116883116883,0.7736194278110445,17864,0.18665423082960947,10.511911363339763,0.1443993392529131
2611101,PE,0.6802747804589117,0.7244760412461426,155324,0.1301732226695431,9.875287527493247,0.09430738103588321
2611200,PE,0.8653539887071088,0.8325765343489088,6907,0.03684003649272102,8.913726890642378,0.030672149908397
2611309,PE,0.6952211126961484,0.6947411388529832,14020,0.20059324972063555,9.512376263630085,0.1393603827571352
2611408,PE,0.7506264011604906,0.7348876169202848,7583,0.022873441393884746,9.276140234029345,0.01680940883671776
2611507,PE,0.8472805390098623,0.7597942223981005,10241,0.02897460425969318,8.844693974915504,0.02201473691278627
2611533,PE,0.926856380613606,0.9053487798866158,4498,0.08160925198116556,8.95853581229255,0.07388483670860763
2611606,PE,0.5249658214755334,0.5917388135518353,919437,0.09361878295280782,10.373376618433149,0.055397867550661284
2611705,PE,0.7296490978832221,0.6768387526849863,14078,0.1681914257356528,9.092295598797008,0.11383847480722874
2611804,PE,0.717370319565107,0.6844837531243991,19683,0.20139352416330075,9.155805380962033,0.13785059527424545
2611903,PE,0.7406428885953324,0.719191751205721,11355,0.23377543051434269,9.333953931086388,0.16812936126048145
2612000,PE,0.7089953709495809,0.6494038299409852,7993,0.15622223045739977,9.426535160623743,0.10145131478095865
2612109,PE,0.7924657534246575,0.7316561844863732,4380,0.07242866078502755,8.74324484294309,0.05299287759743106
2612208,PE,0.814612228950967,0.7878926701570681,30714,0.11135325834215522,9.559046882256727,0.0877344160458905
2612307,PE,0.8873788702434413,0.8603923456492959,8462,0.0228559617775389,8.991886244182119,0.019665094565847342
2612406,PE,0.8071733561058924,0.733152664859982,11710,0.054555641621448964,8.942893281737971,0.03999761403791146
2612455,PE,0.8948382126348228,0.8710450018908358,7788,0.029309580398765665,8.872796413983975,0.02552996351386244
2612471,PE,0.8677912341407151,0.8439834024896266,6936,0.22592420500301458,8.885893536480186,0.19067627924320815
2612505,PE,0.4617019785559111,0.5419927090347598,42809,0.1934829244767209,9.565948631819237,0.10486633438910581
2612554,PE,0.9001678935812992,0.8646656840412703,7743,0.031704637781604185,8.825913688589441,0.027413912314711485
2612604,PE,0.862212338039064,0.8445504154171378,20684,0.023155068491735476,9.667643658204415,0.019555622713707477
2612703,PE,0.7276971608832807,0.5722987288135594,7925,0.10647956243443103,8.895664731210314,0.06093811822584891
2612802,PE,0.854177946219094,0.637123745819398,5541,0.17024962765930615,8.895930011001376,0.10847008049865492
2612901,PE,0.8296281325788197,0.7615141955835962,4948,0.029059403183643247,8.72358073908596,0.022129148039531484
2613008,PE,0.7600351965138691,0.7399305700782133,23866,0.023900843267096364,9.820728542863987,0.01768496458397264
2613107,PE,0.7708817498291183,0.6601941747572816,21945,0.10752347889862063,9.172431548801113,0.07098637441850683
2613206,PE,0.8601961277344732,0.77201540436457,11931,0.06639836263141796,9.201605338671664,0.05126055877603949
2613305,PE,0.7197275479313825,0.6857071380920614,11892,0.11459277163529208,8.925912203485547,0.07857708148407329
2613404,PE,0.6202835105274129,0.6120151468631665,9594,0.36693648208718155,9.309202001798768,0.22457068497404006
2613503,PE,0.883819716445082,0.8805229673729061,18127,0.20089896064044307,8.989944186430536,0.1768961489652556
2613602,PE,0.783875256859664,0.6562593278013253,16546,0.16274634366499185,9.338788429191446,0.10680380609571104
2613701,PE,0.6244336095653222,0.6875670809818925,58043,0.1763250701446065,9.25987614661057,0.12123531378325451
2613800,PE,0.7591703279861041,0.7353093584827444,9787,0.2920707642075769,9.382156615716278,0.21476236626103826
2613909,PE,0.7727451752658527,0.8095659257535203,43163,0.14314724099374476,9.680844464725665,0.11588712867416325
2614006,PE,0.9114928578097284,0.861296242634985,10711,0.022502562579315512,8.85767437528444,0.019381372599223068
2614105,PE,0.8665893911795551,0.8094449520328917,18117,0.028342332068924704,9.52975812218855,0.022941557622031046
2614204,PE,0.6830914442301838,0.6098024871982444,19706,0.26949651402888536,9.285738167765317,0.16433964454607083
2614303,PE,0.9198857658199308,0.9120603015075376,6653,0.31465222878121596,8.890169328611398,0.2869818066522145
2614402,PE,0.8996990972918756,0.8997613365155132,3988,0.1686786235713954,8.90064799766102,0.15177050378619586
2614501,PE,0.6712892231754612,0.6106594399277326,34036,0.11434822478841984,9.365942924436197,0.06982782290602693
2614600,PE,0.8631495959529597,0.828714831047646,15221,0.09114459240071371,9.143335733974942,0.07553287549226402
2614709,PE,0.7804745023179711,0.7550286399360597,7334,0.1539718437359005,9.442356777977041,0.11625315176436447
2614808,PE,0.8920430471993899,0.8611701100598571,11801,0.10004349088712226,8.827355463859087,0.0861544640580354
2614857,PE,0.6999325691166555,0.6269086467149464,11864,0.08167459671511129,9.431358031332257,0.051202510897659426
2615003,PE,0.5656872439610114,0.4848399775407074,14158,0.026335609341676426,9.197344551058878,0.012768556241739242
2615102,PE,0.8609271523178808,0.861867266591676,4530,0.03958729890605248,9.06503359948152,0.0341189970999071
2615201,PE,0.923240589198036,0.8997120921305183,6110,0.033099864450483706,8.834376685365456,0.02978034829398126
2615300,PE,0.6706101694915254,0.6984644913627639,29500,0.20647446201568861,9.499129649759944,0.14421508009118827
2615409,PE,0.5701416827007172,0.6554124092995706,22868,0.019892127003394655,9.602330241395792,0.013037546885387937
2615508,PE,0.7134085213032582,0.6257153758107592,7980,0.18414158615001638,9.05366781285228,0.1152202217802468
2615607,PE,0.783012694673472,0.8330392289941632,15282,0.03295817671944763,9.254446228195553,0.027455454123422034
2615706,PE,0.8468135795116141,0.8060128847530422,8395,0.18985780774635808,9.138202792227604,0.15302783931453057
2615805,PE,0.874825370215144,0.8114639504693429,10737,0.052712857035872855,8.83687477862956,0.04277458321085509
2615904,PE,0.8909246575342465,0.858384643245201,5840,0.1825093672317857,9.170748496200577,0.15666323808016375
2616001,PE,0.8496309963099631,0.830483583342075,9756,0.03023069543127989,9.37472688643243,0.025106096268692216
2616100,PE,0.8913005117346039,0.8376556016597511,5667,0.2718100245008915,8.879851878733092,0.22768318961044592
2616183,PE,0.8305814788226848,0.710989010989011,5572,0.18812480519440722,8.965688134125756,0.13375466918767195
2616209,PE,0.693690486784729,0.5595216687646107,11237,0.06814530567770356,8.96269532037474,0.0381287751512632
2616308,PE,0.6983072500798467,0.6243225380039656,15655,0.2253866320061496,9.268403825929644,0.14071395412624516
2616407,PE,0.5764927140131784,0.6634040896335979,73909,0.14935605349942982,10.202185297965688,0.09908341670305618
2616506,PE,0.7683016644572102,0.6504967855055523,6789,0.21712802737714923,9.037328014709946,0.14124108385199713
2700102,AL,0.9214092140921408,0.8589869925108395,10332,0.14986847191141855,8.853573312751562,0.12873506795938466
2700201,AL,0.7832256429747878,0.6805642241917363,7893,0.21619948573895906,9.147043014535654,0.14713763528258703
2700300,AL,0.5398554171026348,0.6060649351886245,105130,0.038236863674929705,9.872269951968653,0.02317402230496254
2700409,AL,0.682651052445611,0.6292392524276582,19811,0.14413007863302926,9.696168921914566,0.09069230293138693
2700508,AL,0.6298618219037871,0.6621899410716733,7816,0.07129799857763924,9.32569447795654,0.04721281747665518
2700607,AL,0.4943109987357775,0.5224983210208194,4746,0.026960362524825966,10.066710493598125,0.014086744153334186
2700706,AL,0.75135005400216,0.7589688762176289,8333,0.06327630270069202,9.111676430460427,0.04802474435195074
2700805,AL,0.7859154929577464,0.6797998749218261,3195,0.15494483052604843,9.860675286258404,0.10533147641139128
2700904,AL,0.8576449912126538,0.8268757687576875,3414,0.09167850419644444,9.377084234828267,0.07580673363598987
2701001,AL,0.6327077747989276,0.6238545891542737,12309,0.18298296767037844,9.403215947383153,0.11415476411823369
2701100,AL,0.7640358014646054,0.6449989937613202,4916,0.19742402212595153,10.762308525017508,0.12733829561555135
2701209,AL,0.7873747873747874,0.7566590563165906,5291,0.011483595175585162,9.079877094390593,0.00868916628868002
2701308,AL,0.7063773250664305,0.5308956014838367,9032,0.17671880707267723,9.067471787712211,0.09381923737435507
2701357,AL,0.776879305181192,0.6613981762917933,3339,0.016044441323036635,9.039693676399688,0.010611764230677117
2701407,AL,0.7311132254995243,0.6483194675540765,15765,0.14372716475974057,9.002101801433618,0.09318111893009204
2701506,AL,0.8562659846547315,0.8505136379737868,5865,0.0820012992792752,9.101564715665097,0.06974322336859361
2701605,AL,0.893816731197935,0.8860836687400903,8523,0.16463469978451412,8.798369321495361,0.14588011878698562
2701704,AL,0.6170667934395055,0.6151536151536151,8414,0.18754461570102593,9.281862161715942,0.11536874835108155
2701803,AL,0.8762443438914027,0.836441893830703,4420,0.07904974475193302,8.836228571526014,0.06612051820714053
2701902,AL,0.7916446324695928,0.746943115364168,3782,0.17958201852395317,9.667919132880666,0.13413755237966732
2702009,AL,0.8386340810177435,0.837983193277311,5974,0.1673956156065494,9.124337083458949,0.14027471250659754
2702108,AL,0.6106552893556504,0.4863265989507757,9141,0.16583795677997987,9.387818235545113,0.08065140949775335
2702207,AL,0.6144468149954282,0.6539730134932533,3281,0.08701876251072231,9.379893378261112,0.05690792234959081
2702306,AL,0.4453987237628928,0.4546930941571623,24917,0.13299224650523322,10.021305946995973,0.06047065606237655
2702355,AL,0.842168584104068,0.8370501569921907,13299,0.0627939038153457,9.104694313093463,0.05256164704678764
2702405,AL,0.8488994421830243,0.8493657093937271,26532,0.09558084400904276,9.213823278224503,0.08118309137619178
2702504,AL,0.8056562726613488,0.7761355443403029,5516,0.18632971636264534,8.804979293195336,0.14461711583589598
2702553,AL,0.8885250196489389,0.8353991736638677,7634,0.19858478352362224,8.764249498647493,0.16589756405785208
2702603,AL,0.8292449824784963,0.8310167635414034,12556,0.06605902277923975,9.593489585221649,0.054896155312711664
2702702,AL,0.6728395061728395,0.6112390603408567,2106,0.11132291565842342,10.185175272625946,0.06804491436145918
2702801,AL,0.52393516773464,0.3508071830219481,5306,0.07785594087223999,9.332745744853371,0.02731242329891386
2702900,AL,0.8717920596622066,0.8779207292447931,18236,0.09149860134756485,9.044214925939208,0.08032851881993275
2703007,AL,0.6638013371537727,0.509624982175959,7329,0.15754655625116884,9.062890036266397,0.08028966092138563
2703106,AL,0.8539040885336613,0.8691336456761694,13012,0.2077938320380862,8.947560410373551,0.18060061078828346
2703205,AL,0.7949649404409901,0.7668363514979555,11837,0.1509016652981678,9.573148957602724,0.11571688245221262
2703304,AL,0.8855361596009975,0.8894478681926802,8020,0.16626302778777036,8.765453420466551,0.1478822956250927
2703403,AL,0.872913616398243,0.8150217256362507,3415,0.13870334641538085,9.076765753865907,0.11304624074698637
2703502,AL,0.7928136771950159,0.6494060310691441,3451,0.19822372010519448,10.100931304285629,0.12872767933727525
2703601,AL,0.5129096325719961,0.3728092138207311,4028,0.09533830115280417,9.872763047681266,0.03554299709978103
2703700,AL,0.8586291309669523,0.7880243355747678,3268,0.1859199126109912,9.155099214339065,0.14650941560539524
2703759,AL,0.5471698113207547,0.6314741035856574,4823,0.24822180746652908,9.799526416699125,0.15674564336033808
2703809,AL,0.7647447183098591,0.6582440614811365,9088,0.24237478150476585,9.298670100298052,0.1595417605783001
2703908,AL,0.6440466278101582,0.4138923140156186,2402,0.11868232040010945,9.314883787431476,0.04912170022314436
2704005,AL,0.7131616595135909,0.68447507093636,12582,0.13839090909167,9.45774743747896,0.09472512731746817
2704104,AL,0.7816332350983933,0.76916988225982,10519,0.08767288227434601,9.338274552500799,0.06743534053633778
2704203,AL,0.8084813103056839,0.7731457800511509,12333,0.10175235693477414,9.572631381494672,0.07866940537437908
2704302,AL,0.3836546974348361,0.5106995621452142,434865,0.04810274287377487,10.00438847471537,0.024566049723620646
2704401,AL,0.7532925438141658,0.717588769611891,9643,0.16369756737038568,9.088363874522171,0.11746753595777469
2704500,AL,0.4563997960224375,0.3749526192100674,13727,0.046597611262428874,9.874915859099161,0.01747189639178024
2704609,AL,0.842748980780431,0.73203125,5151,0.21075146740074158,8.889651139481842,0.1542766601206991
2704708,AL,0.4333737864077669,0.5048394661663753,24720,0.026934172209327263,10.53197471871291,0.013597433119789996
2704807,AL,0.6982345900658289,0.6450963474259419,6684,0.25396894767854095,9.287963511739221,0.1638344405070369
2704906,AL,0.7605274351339856,0.7543299908842297,2351,0.15064418669544463,9.255945476229957,0.11363542797673694
2705002,AL,0.8614691302388463,0.8567059041616462,11095,0.18100541528474612,9.089063270412472,0.15506840795967267
2705101,AL,0.5138107839894145,0.4926998058907925,12092,0.10614460560304789,9.364419183077434,0.05229742657697642
2705200,AL,0.6166021407424277,0.6102587588733684,8782,0.09934818605364308,9.090046549456288,0.06062810071741672
2705309,AL,0.8151969981238274,0.7867315039944425,3198,0.012415111928989168,9.231567474788674,0.009767359680152993
2705408,AL,0.84977754514525,0.8023983315954119,3821,0.13717902960421127,8.97575526944704,0.11007222448429674
2705507,AL,0.6347119292373894,0.5571582016265153,12549,0.13827647458640685,9.32423563906234,0.07704187190781699
2705606,AL,0.581913499344692,0.4937231298366294,5341,0.03304135843870281,9.230818903319724,0.016313282902410277
2705705,AL,0.6982127160855552,0.5409600164456778,10239,0.11527763478988269,9.136363724156798,0.06236059121175378
2705804,AL,0.9337211718263038,0.9174917491749176,4813,0.013184119008261323,8.935297992126715,0.012096320410219961
2705903,AL,0.8778177066318197,0.8798177995795375,3061,0.12766188135409978,9.097875882228053,0.11231919554314806
2706000,AL,0.8367014341590613,0.7515856236786469,6136,0.15598739291064098,8.828100144703429,0.11723788198675024
2706109,AL,0.8616310160427807,0.8077836652658505,5984,0.15976860002478735,8.818422229032647,0.12905846532241638
2706208,AL,0.8425891872011769,0.803372802296376,2719,0.0898627806625579,8.914669267069835,0.07219331392302372
2706307,AL,0.6762764341628695,0.7152260619752879,34236,0.15675058288875895,9.33607029606105,0.11211210211185801
2706406,AL,0.8026078750965085,0.7965572525525272,11657,0.14449395088313627,9.074841195608041,0.11509770452593084
2706422,AL,0.9391968785563324,0.8987934449846929,6151,0.13343276889084837,8.848740784031284,0.11992849802525198
2706448,AL,0.4709735040190533,0.5706789632692002,6718,0.04334815053994066,9.45096997518492,0.024737877609770555
2706505,AL,0.656084656084656,0.6903490759753593,7182,0.11838118033615382,9.676829593686655,0.08172433845793617
2706604,AL,0.7253414264036419,0.6921418303785338,3954,0.12719057886625723,9.173682966934312,0.08803392006339654
2706703,AL,0.6421433689053132,0.6905864470288805,26519,0.10309581267310912,9.37389849933953,0.07119657097747746
2706802,AL,0.7246895893027698,0.7467275129098114,8376,0.12408047556847525,9.792846182674499,0.09265430492191415
2706901,AL,0.5323469846984699,0.5433545940355111,17776,0.14622198462039013,9.530680721844504,0.07945038709247883
2707008,AL,0.7181008902077152,0.7104795737122558,1685,0.1378849664158429,9.404924690018206,0.09796445216045678
2707107,AL,0.9000159974404095,0.9101569236075184,12502,0.006812632525342486,9.198698401795074,0.006200564660934237
2707206,AL,0.9087724419792732,0.8755966587112172,6851,0.18440076237099728,8.769409787204015,0.16146069139584637
2707305,AL,0.5013409319477037,0.2930939444050712,11932,0.1707474131912482,9.402043903648936,0.05004503282918542
2707404,AL,0.5844444444444444,0.4329456444338951,4050,0.14929404611945568,10.138560176756533,0.0646362070073314
2707503,AL,0.835990675990676,0.814840227406391,10725,0.08775338035975297,9.086091654115775,0.07150498440802062
2707602,AL,0.7795433508176489,0.7493986770895971,6482,0.11442056409457632,9.281007031459065,0.08574661936432094
2707701,AL,0.5027928705631443,0.6281137836824342,39386,0.07788593490691786,9.557995093011648,0.048921229270027955
2707800,AL,0.6645357686453577,0.6243441762854145,3285,0.19747844480327165,9.752342580580745,0.12329451695482332
2707909,AL,0.6126510305614783,0.7042878265155249,4221,0.11603837652482689,9.830863627154901,0.08172441599506043
2708006,AL,0.7883545220105868,0.7957407407407407,22103,0.12807531882902784,9.280006057548055,0.10191474907561715
2708105,AL,0.8105930750771341,0.7252384446074835,5834,0.12898127130837153,11.53014958915262,0.09354217658717921
2708204,AL,0.7792566549472627,0.7861979166666667,3982,0.0610991353820804,9.390021694895973,0.048036012947526234
2708303,AL,0.6311540149188241,0.5588788241326269,11395,0.11943878527512013,9.446499667236273,0.06675180787038845
2708402,AL,0.87056988942444,0.8330066344993968,14108,0.1591736070577589,8.858790697461096,0.13259267071631317
2708501,AL,0.5807832227690991,0.5236542684143989,14019,0.216834223230436,9.723643238657326,0.11354616653293842
2708600,AL,0.4886891274469744,0.3740886772801666,26921,0.07997320477284105,9.747927680620442,0.029917070391328012
2708709,AL,0.5087506076810889,0.4490575649516047,4114,0.08695179355487935,9.840529931219086,0.03904636068192876
2708808,AL,0.7958382180539273,0.7582767778105636,17060,0.12869214254596056,9.463383790580057,0.09758426317928871
2708907,AL,0.4896006655574043,0.6597261836851113,7212,0.0970038901957626,9.42237550011819,0.06399600628146004
2708956,AL,0.872010555830447,0.8350340136054422,6063,0.1202739532084065,8.755260291552743,0.10043284187980883
2709004,AL,0.855628759667717,0.764107038976149,3491,0.0012158028018071307,9.086693238934021,0.0009290034788677523
2709103,AL,0.7870697973624959,0.6588617886178861,9327,0.14948557435464122,9.453765637845805,0.09849033289187092
2709152,AL,0.6443545812493349,0.5588647890363656,18794,0.19562615297007394,9.363034122024695,0.10932856870961616
2709202,AL,0.8649471610245387,0.8318809005083515,11166,0.22383727262956377,8.91271713674347,0.18620595192241488
2709301,AL,0.6671353486659302,0.6381527158226188,29871,0.11485886182106406,9.574131895276114,0.07329749460740694
2709400,AL,0.6860900818230481,0.5841540170307293,13077,0.1575666221246744,9.486358243223426,0.09204317526409155
2800100,SE,0.741469057258531,0.6299831555306008,1729,0.02879414503367345,9.364213503638002,0.018139826349119377
2800209,SE,0.7971698113207547,0.7525637654483303,10812,0.11887203215957606,9.279165964320184,0.08945878412850557
2800308,SE,0.5275622260951962,0.5685303321903199,295495,0.06395220478427759,10.195389131651009,0.0363587682303087
2800407,SE,0.8028566943964841,0.6890615478366849,6371,0.11975320424309736,9.273618017899425,0.08251732827415134
2800506,SE,0.7125375697724345,0.6157797411136223,9316,0.040312192356713954,9.233764672816426,0.024823431373139863
2800605,SE,0.5794638412856432,0.6398211985756497,14063,0.02183607700802839,9.701259054767302,0.01397118496346691
2800670,SE,0.7316358562957795,0.7083805587039136,14335,0.12014836584364631,9.296000032121983,0.08511076652368438
2800704,SE,0.8160627740595431,0.7537085001177302,4333,0.030964091481419445,9.12147477323922,0.023337898947968835
2801009,SE,0.7732307692307693,0.6896484375,9750,0.07978514899970669,9.298853648831848,0.05502370334335241
2801108,SE,0.8368678629690048,0.8333333333333334,3065,0.052268083779902504,9.28972697584668,0.04355673648325209
2801207,SE,0.8197452641106873,0.8122446413979508,15467,0.012473280570230741,11.197700249168747,0.010131355303823095
2801306,SE,0.7167567567567568,0.6893088488738337,15725,0.044159462516862695,9.308392509712805,0.03043950827438583
2801405,SE,0.8082888161295881,0.7729178656581436,11606,0.06700872626901282,9.207745404201562,0.051792241688316164
2801504,SE,0.649090276972998,0.585345545378851,8629,0.02790223266288146,10.056208113721077,0.01633244759534194
2801603,SE,0.7197724039829303,0.711962513781698,3515,0.05008077711672621,9.124793599110093,0.03565563596816533
2801702,SE,0.8324701643773925,0.7905193447194144,8882,0.11183804342736466,9.353385872322571,0.08841013680490172
2801900,SE,0.6943231441048034,0.663150236449618,2748,0.01679733916047272,9.131039154480456,0.011139159435991912
2802007,SE,0.8064516129032258,0.7831825037707391,2635,0.028778260930855955,10.314216505144456,0.022538630449995406
2802106,SE,0.7405225796707446,0.7797330638209328,33105,0.06538359673925133,10.11118836715875,0.05098175220912879
2802205,SE,0.8026905829596412,0.7233121019108281,4014,0.01642192363702143,9.23733048305539,0.011878176103313081
2802304,SE,0.6130289532293987,0.5486948892300944,8980,0.02490404979641655,9.547303229569835,0.013664724844425533
2802403,SE,0.870344614433627,0.8030732507832314,6471,0.08916391275383478,9.093599357418128,0.07160515326777453
2802502,SE,0.741014799154334,0.665741254858412,1892,0.00880071839017846,9.16426951891978,0.005859001304732911
2802601,SE,0.8353423336547734,0.819521623580575,4148,0.04451954661056204,9.253484912521724,0.03648473111935889
2802700,SE,0.7814086994921616,0.7040837696335078,4529,0.13089125660203677,9.037765736070048,0.09215840936042881
2802809,SE,0.8456751711263223,0.8035510462904248,8035,0.0694284975357816,9.244631090264178,0.05578934183724949
2802908,SE,0.6572419201717092,0.6042751604699044,48454,0.05799550359392722,9.848890718957549,0.03504524224075328
2803005,SE,0.701769406392694,0.7348005894376575,21024,0.09827439688683352,9.23417599820247,0.07221208475907556
2803104,SE,0.7445721583652618,0.7038060159607121,3132,0.1158272437172896,9.291061260837589,0.08151991094037601
2803203,SE,0.7302026802525197,0.7112276103101791,18058,0.018481596651987127,10.186110369721174,0.013144621821509411
2803302,SE,0.7416829745596869,0.7042882668254914,9709,0.09019267060541993,9.958798390239709,0.06352163966105365
2803401,SE,0.8211127737722759,0.7716186252771619,7351,0.10158228957638853,9.423767787403495,0.07838278663543949
2803500,SE,0.7348442899967541,0.7483728996885665,52373,0.05852348471283433,9.560225109798271,0.04379738995442332
2803609,SE,0.6911306882162019,0.6774425287356322,15097,0.06593010407582653,10.231463594308742,0.044663856424931335
2803708,SE,0.7160210864084345,0.6650591845681718,4363,0.00936476701766634,9.138315217115487,0.006228124316440087
2803807,SE,0.8096484667165296,0.8001505457282649,2674,0.03242599469427341,9.360076723483584,0.02594567735040469
2803906,SE,0.7797610479343602,0.7169363839285714,6947,0.06763714018822257,9.212666572943371,0.04849152670581414
2804003,SE,0.7900440230274297,0.8019681556833259,8859,0.11913919193845136,9.820840112674535,0.09554583802848161
2804102,SE,0.6821744205436051,0.5799289520426287,5997,0.07023012313945323,9.33905870773385,0.04072848171408788
2804201,SE,0.7913385826771654,0.7207783727308346,7874,0.018146601744991216,9.122859909514188,0.013079678076349292
2804300,SE,0.7634268319199826,0.7269396551724138,4599,0.07226443207921131,9.38884387397071,0.05253188133689218
2804409,SE,0.7658097407527932,0.7616549539740671,9219,0.13587123372106155,9.510091038464532,0.10348699826621485
2804458,SE,0.7106530533615874,0.6276945560833029,5191,0.04588884120408533,9.15809382581903,0.028804175808775524
2804508,SE,0.8177334943639292,0.7599937942803952,19872,0.021266032762437777,9.636060512994208,0.016162052928416278
2804607,SE,0.6901109775924225,0.6718427923594888,14147,0.0728132677576097,9.314993154256618,0.04891906913109164
2804706,SE,0.8316594930655189,0.8251057827926658,4182,0.04239290779250678,9.129944691144265,0.03497863336899361
2804805,SE,0.5692772297161265,0.6411254551473022,74505,0.022208336592472504,9.556853558493511,0.014238329905913422
2804904,SE,0.8266129032258065,0.8029978586723768,7192,0.12865367045729342,9.404705467506517,0.10330862188754825
2805000,SE,0.6454789615040286,0.5846617837139164,2234,0.011180895018204217,9.14119297680817,0.0065370420248613195
2805109,SE,0.7741600995437578,0.6855930491008284,4822,0.1335468015582719,9.051908155289583,0.09155875887799889
2805208,SE,0.772609819121447,0.7192042846212701,3483,0.06778268623469215,9.02508334425907,0.048749598363129774
2805307,SE,0.7230304175325902,0.7259469696969697,5293,0.03591034944807879,9.388949934963163,0.026069009362592047
2805406,SE,0.7958789439793947,0.7020034592101471,13977,0.06354852631113247,9.05806953520219,0.04461128529812204
2805505,SE,0.8243392070484582,0.7109786311551564,12712,0.09699324895325434,9.217240112670487,0.06896012737207607
2805604,SE,0.8110061869098014,0.7706807616379036,15355,0.05627535345787408,9.120136967545246,0.043370332264356624
2805703,SE,0.664532194948417,0.6475539189900053,14055,0.19252597245349085,9.758669631567479,0.12467094796961979
2805802,SE,0.8336407848398457,0.7707760273401684,11926,0.11569850595239012,9.506738140045277,0.08917763478717608
2805901,SE,0.7828255834669517,0.7491384001451116,5613,0.044157594967763836,9.736456777624598,0.03308015004840643
2806008,SE,0.6732855680655067,0.5621616487795612,9770,0.04501083937763571,9.720877741765754,0.02530336767748369
2806107,SE,0.778602243313201,0.7498349834983499,5795,0.020646762877667393,10.514888774585978,0.015481665101670072
2806206,SE,0.8037449213919802,0.7689572406436128,11322,0.05789847783372648,9.071826273654095,0.04452145375248769
2806305,SE,0.8367609254498715,0.798273701795907,7002,0.10515955042462098,9.335819788471483,0.08394610359665552
2806404,SE,0.7684103605891316,0.7653447840363728,3938,0.06230852095617065,9.091756523143667,0.04768750151482624
2806503,SE,0.7611259033853176,0.7620790629575402,2629,0.022782580721691918,9.313444244969517,0.017362127768141496
2806602,SE,0.8658536585365854,0.8235497835497836,6068,0.11456189822123516,9.252410280582179,0.09434742648315056
2806701,SE,0.6395503321410322,0.701675500514959,39140,0.05648366797343213,9.223832462601242,0.03963320599617875
2806800,SE,0.6443241224794622,0.6171139769954688,5356,0.09711946140605297,9.127930804646352,0.05993377707194729
2806909,SE,0.8064908722109534,0.7411530815109344,2465,0.011946619216078435,9.21081680724642,0.008854273645634276
2807006,SE,0.8016024418161007,0.6341659951651893,2621,0.01041914483511747,9.140763196342307,0.006607467353132513
2807105,SE,0.7934344483690007,0.716163897402807,24065,0.03274050008299224,9.4704696500978,0.023447564142352644
2807204,SE,0.7647700021800741,0.7360034453057709,4587,0.0943356444091539,9.688564967078742,0.06943135930027736
2807303,SE,0.7031888798037612,0.5775826014219991,2446,0.03311931023741807,9.192485285193483,0.019129137364230178
2807402,SE,0.7562089637453612,0.739687768547694,28024,0.1110912674388371,9.276696434874637,0.08217285171696852
2807501,SE,0.7593373964681982,0.6791950281148269,6399,0.19748170028982673,9.137503728590938,0.1341285889805127
2807600,SE,0.7415621205989478,0.6427763413057531,12355,0.023515738851794997,9.518092917540537,0.01511536058225834
2900108,BA,0.6073038773669973,0.6735008818342152,4436,0.09454309454462288,8.823862335828204,0.06367485754713909
2900207,BA,0.7820566631689402,0.7667928610059491,9530,0.09481765320337356,8.847532657901104,0.0727054995736847
2900306,BA,0.801078167115903,0.7012278308321964,7420,0.13441069122178478,9.087046941011874,0.09425251744610828
2900355,BA,0.861036378523804,0.8325996576179995,8549,0.11477889801222121,8.805854883978846,0.09556487118674667
2900405,BA,0.8396019128861316,0.6558383424990408,7737,0.17865487453074202,8.783477613349342,0.11716871679161596
2900504,BA,0.7808006218422076,0.6628658304827062,5146,0.07888036843086497,8.688053710127848,0.05228710092870715
2900603,BA,0.8152469856087126,0.7658862876254181,2571,0.3236035056103521,9.126968472293452,0.24784348757448374
2900702,BA,0.6752927645336679,0.6572435855585297,76512,0.12563533270826152,10.17634574218683,0.08257301654201663
2900801,BA,0.7591516560139454,0.7810271685170141,10326,0.17977107865713998,9.338196194122732,0.14040609654483546
2900900,BA,0.8009508716323296,0.6778461538461539,3155,0.17784548013990165,9.10671508487642,0.12055187469175488
2901007,BA,0.667809136185937,0.6093425411262703,18673,0.08447502237743779,9.224316937326822,0.051474224797166485
2901106,BA,0.8036397002599786,0.7569956949569495,13078,0.10650666187853602,9.424202160522789,0.08062508452628722
2901155,BA,0.8781290398401692,0.8330464716006885,8509,0.055038230681133386,8.876824560967929,0.045849403872062926
2901205,BA,0.7933360422592443,0.6365516144425004,12305,0.058835443121084165,9.141961721590846,0.037451796305166034
2901304,BA,0.8747833622183708,0.8744776599164256,6924,0.05579938612947279,8.977043188524108,0.048795316607274423
2901353,BA,0.9208259717314488,0.8791271564035188,9056,0.15132240660975635,9.475841565873361,0.13303163702297213
2901403,BA,0.8226579520697168,0.866846907739101,9180,0.06065377023184133,9.171588122951025,0.05257753316818959
2901502,BA,0.8617071260767424,0.8278135300580757,6385,0.16084516299253435,8.805830650098354,0.13314980216961642
2901601,BA,0.7982407148841106,0.7592672105338486,7162,0.10954436570301783,8.720410837527368,0.08317344497703014
2901700,BA,0.8939031339031339,0.8618611076227553,8775,0.11510236462112132,9.148024452447013,0.09920225146235785
2901809,BA,0.7726403615504954,0.744753979739508,5753,0.12652414097711684,8.685387831610218,0.09422935752583032
2901908,BA,0.804544373066857,0.6770436988354664,8406,0.09895318351705033,8.86936869402126,0.06699562937992846
2901957,BA,0.766243654822335,0.6608119781169018,3940,0.16551892450417843,9.113817500636884,0.10937688791738828
2902005,BA,0.807631519530368,0.782557730629469,8858,0.22271664063723515,9.022828864496322,0.1742886288704937
2902054,BA,0.8277638540796436,0.7537206639954207,7182,0.17199305291968084,9.755014676053953,0.1296347180492214
2902104,BA,0.8730072953255876,0.8285286114287967,25907,0.08901444805687797,8.970289128368883,0.07375101704566586
2902203,BA,0.8762422360248447,0.7935515709820694,6440,0.11725741695385859,8.996398093374797,0.09304980743303402
2902252,BA,0.727530747398297,0.6860879904875149,4228,0.4007565521133651,8.904974195594525,0.2749542575141637
2902302,BA,0.8485902599780301,0.7605952156715012,5462,0.12743113672541748,8.921091203667649,0.09692351292093347
2902401,BA,0.8023038605230386,0.7684940554821664,6424,0.2199568652990087,9.112266907797098,0.1690355434447798
2902500,BA,0.7821782178217822,0.8155608712073524,8282,0.07282886535464339,9.425022298578956,0.05939637287767593
2902609,BA,0.7421930267812026,0.5963977921952164,9895,0.10549311615832685,8.958880900544685,0.06291586156861964
2902658,BA,0.791587258371903,0.7248724872487249,7346,0.17351680848051973,8.89738899045035,0.12577756054273498
2902708,BA,0.849647741400746,0.8540042826552463,24130,0.09901815136646827,8.834604949807574,0.08456192532756933
2902807,BA,0.7679439941046426,0.6462140010527108,13570,0.06580004244922827,9.414514965595911,0.04252090870055401
2902906,BA,0.8032941176470588,0.6419953986869423,19125,0.018465825272933244,9.430466069129967,0.011854974858180193
2903003,BA,0.9080283353010624,0.8972629394214554,8470,0.04785775233874681,8.825492201926899,0.042940987537568
2903102,BA,0.7431587177482408,0.718475073313783,2558,0.37602337441850736,9.292081054503555,0.2701634215030332
2903201,BA,0.5947190874236246,0.6866394243581772,73813,0.10368175367807587,10.33671388327883,0.07119197966196034
2903235,BA,0.8437857961053837,0.7943629565717573,6984,0.06584654643193873,8.732746872007683,0.05230605730371434
2903276,BA,0.8565366740755708,0.7809692802484196,9898,0.11298732175771985,9.62283193775595,0.08823962735032306
2903300,BA,0.7124114405667804,0.6307139188495121,3811,0.19605968663780843,9.286601443566274,0.12365757328773948
2903409,BA,0.7304252782193958,0.7076253626191463,10064,0.11668668882023805,9.428606016503288,0.08257046048924845
2903508,BA,0.7437860513896172,0.6075866579463701,9535,0.04466568253326986,8.927324878639737,0.027138272775282992
2903607,BA,0.905516052574876,0.8552581504503362,9282,0.17007721439369997,8.936990160778263,0.14545992381610112
2903706,BA,0.8813400961025093,0.816624618244589,7492,0.08822527600243041,8.876238519172928,0.07204693233500822
2903805,BA,0.7372602428782205,0.6685930206712603,8811,0.14561548020436066,8.785077415853728,0.0973574937663296
2903904,BA,0.8007691313340227,0.8342922523700556,30944,0.0751363953611388,9.596815360580159,0.06268571252081148
2903953,BA,0.9028737722808294,0.8481295365717476,5498,0.10347326342104989,8.669255304949067,0.08775873095286141
2904001,BA,0.7614213197969543,0.725551071095933,6698,0.1388995001474881,8.819162412413538,0.10077868110669969
2904050,BA,0.8553719008264463,0.7683790395262006,8470,0.07461684974710195,9.20283496714685,0.05733402334114902
2904100,BA,0.9201061590555504,0.8644347404172732,10927,0.1076755216667789,8.847399155065105,0.0930784616213165
2904209,BA,0.849685534591195,0.6763630583373073,6360,0.07130710669370001,9.078992446832604,0.048229492764535614
2904308,BA,0.7719582168603796,0.7078422813909501,6797,0.0892382355380751,9.031320248800816,0.06316659623057404
2904407,BA,0.7626822157434402,0.7447967321532776,5145,0.05627108836586616,8.998191149963333,0.04191052272960543
2904506,BA,0.7362224039247751,0.6871770025839793,6115,0.0791239200439533,8.958055685754474,0.05437213820849827
2904605,BA,0.6782096584216726,0.7033782464362429,38205,0.09646040752377454,10.180145292592554,0.06784815229459791
2904704,BA,0.4473591342195036,0.3079944547134935,8501,0.3185059962050594,9.253972399753655,0.09809808062415531
2904753,BA,0.8067699595381427,0.7246152256998244,10133,0.09546494535672415,8.71413808372434,0.06917535292608407
2904803,BA,0.6657877389584707,0.6579741379310344,4551,0.11065130679840227,9.133456567669793,0.07280569820162114
2904852,BA,0.865051133837261,0.8077794561933535,8996,0.2391861443044969,8.752097455892994,0.19320965357527145
2904902,BA,0.8383395207559905,0.7805644424131627,17778,0.12069165271332308,9.546342087375699,0.0942076126040981
2905008,BA,0.6925639104005329,0.613551242764726,12009,0.09760756651346056,9.382434058864153,0.059887243737574376
2905107,BA,0.8744127213588724,0.8062102506546951,5534,0.1205692834586335,8.972795712024837,0.0972041922384419
2905156,BA,0.9124789980143576,0.8664154821030998,6547,0.08369918314232329,8.630850806313422,0.07251826811389167
2905206,BA,0.7933881454470398,0.7047290324876347,29069,0.09473940326083273,9.732349952778673,0.06676560799846251
2905305,BA,0.7718185726569218,0.7616833294582656,9304,0.037939695553970754,9.078730986294042,0.0288980336281814
2905404,BA,0.7007085817118435,0.7223532332133549,8891,0.2676128785186309,11.051342708733577,0.1933110280474658
2905503,BA,0.8831874434047691,0.7756105834464043,6626,0.10063763006044522,8.833917744286792,0.07805561096784532
2905602,BA,0.6319468415602347,0.6278558131663564,11588,0.0698729732836604,9.086270016763812,0.0438701524593637
2905701,BA,0.648874821476821,0.6165112596762843,129535,0.07841302409893705,11.303890248643453,0.048342512262262514
2905800,BA,0.6527395882234592,0.5967561152502143,14911,0.0647229241028236,9.192166694116324,0.03862380075523547
2905909,BA,0.894426947829659,0.8699529867256637,14606,0.11500542505724318,8.930352929862154,0.10004931301820318
2906006,BA,0.7643864785733298,0.749768875192604,37570,0.06986718002836828,9.679957003119021,0.052384236982748855
2906105,BA,0.8194088501623099,0.7985548114205147,5853,0.0708400674654049,8.819121486792527,0.056569676715852946
2906204,BA,0.8352878056258144,0.7912422808565241,13047,0.061414005981454946,8.914565172029887,0.04859335816930263
2906303,BA,0.672819216182048,0.6826768488745981,15820,0.1354408000929657,9.207118036212465,0.0924622986165202
2906402,BA,0.8103321033210332,0.8089631598936574,5420,0.09334668976439783,8.776600896640794,0.07551403311742019
2906501,BA,0.847451073062794,0.8477274282195717,46549,0.07511972553676341,10.827039603566366,0.06368105173784053
2906600,BA,0.7990395271518286,0.7979542871574694,8121,0.13688660890777002,8.965436327618397,0.10922925643240293
2906709,BA,0.776124031007752,0.7640761624581188,12900,0.16101007236475048,9.027165774990221,0.12302395820956256
2906808,BA,0.8947002884923603,0.875885911840968,18718,0.06205930817271506,8.918887014393764,0.05435687372707816
2906824,BA,0.8634624581539933,0.8407275408627258,8364,0.06542183479181861,8.937220647229424,0.05500193828325318
2906857,BA,0.757227332457293,0.6882591093117408,6088,0.12540102362864894,8.947638143029486,0.08630839682943449
2906873,BA,0.679214402618658,0.6155506055965474,15275,0.04747900947617156,9.549838655500851,0.029225733036181617
2906899,BA,0.7874316939890711,0.6218380345768881,5490,0.09970525479643287,8.917042472399547,0.062000519679601664
2906907,BA,0.7054637030548561,0.7838088371613966,9133,0.1438434214124032,9.67475563878369,0.11274574487057248
2907004,BA,0.9077809798270894,0.8116927260367097,4858,0.09712989020773553,9.32073688697463,0.07883962536236318
2907103,BA,0.704114912219832,0.6484336151168573,14411,0.0338592602449221,8.90921195160529,0.02195548252579732
2907202,BA,0.8347882566900494,0.8569458807307825,38490,0.11989142713249613,9.176835433968968,0.10274046461612733
2907301,BA,0.8585858585858586,0.787522959853057,15246,0.09351944234611373,9.260827893305745,0.0736487080402188
2907400,BA,0.805629516926588,0.8341377797279509,2629,0.07466278466284061,10.085351902154516,0.06227904942696797
2907509,BA,0.7926964347525095,0.7534556596218794,28890,0.10406817100456629,9.302051081037018,0.07841075242988804
2907558,BA,0.8674152876280535,0.8022772060433545,5076,0.10856513122185706,8.757709582509467,0.08709933015040164
2907608,BA,0.8084339902521721,0.7615434641231302,9438,0.10193773739935949,9.111521260780357,0.0776300176639822
2907707,BA,0.8700114025085519,0.8088992196579777,6139,0.06566548752487546,8.834397507525734,0.05311676161733243
2907806,BA,0.789913121967731,0.7254389024532031,17726,0.08338643083546107,8.998513555097635,0.06049176086476681
2907905,BA,0.7258929590322949,0.7015093489524667,8763,0.1076581603827782,8.942231146397512,0.07552320599954299
2908002,BA,0.670316301703163,0.5957558751315328,10686,0.1335937422707169,9.068443892815608,0.0795892568385874
2908101,BA,0.7088445339681377,0.6692708333333334,10922,0.11644196454414117,9.738505459268241,0.07793121064542782
2908200,BA,0.7966278602970694,0.7834327834327834,12455,0.06041167049621351,9.392955889370372,0.04732848316867271
2908309,BA,0.8442765833817548,0.8176125244618395,10326,0.08542767487438525,9.12821601228409,0.06984673691295139
2908408,BA,0.6488697004639189,0.6435777459227003,37291,0.06486946556020776,9.31045562833712,0.041748544424448746
2908507,BA,0.7432145521317496,0.7418367346938776,17427,0.10809628249084498,11.131637149798173,0.0801897932355554
2908606,BA,0.80712806351398,0.7791242082071055,11588,0.07321121699565782,9.26870129656749,0.05704063147362048
2908705,BA,0.7099157215690355,0.6813922356091031,9611,0.09723920655748805,9.059179041403064,0.06625804034506214
2908804,BA,0.7950757575757575,0.7113670133729569,2640,0.13007556436299622,9.107695478234906,0.09253146573370645
2908903,BA,0.834011065928938,0.8274690938731151,15001,0.14342885455989762,8.93311737264422,0.1186829443179373
2909000,BA,0.6524854455888939,0.5693601120971509,4466,0.12586800011571853,8.773058176869709,0.0716642186553297
2909109,BA,0.7856284546983898,0.7842389968035407,8322,0.10823502192020094,9.086473205361347,0.08488212500970763
2909208,BA,0.8790279413339043,0.8022567310914982,9341,0.23026865291008233,9.025730267182633,0.18473457675648547
2909307,BA,0.7844466142094079,0.6809671929103821,17411,0.0507033919859699,11.012114158205147,0.03452734651172069
2909406,BA,0.8337075683529256,0.8531439602868174,7571,0.06839062330807834,9.125435423001516,0.05834704721553787
2909505,BA,0.8440194975628047,0.6853512705530643,2667,0.11942453087737959,8.846912447957143,0.08184775397201577
2909604,BA,0.8609964216900633,0.7786244815279252,10899,0.06597388257720067,8.889811652104246,0.05136888011605709
2909703,BA,0.788459162238972,0.7908529048207664,8093,0.09024381756702383,8.992284060531766,0.07136958526499611
2909802,BA,0.7018812102266384,0.6956757081854814,35828,0.13085237905351974,9.65897886166933,0.0910308214658124
2909901,BA,0.8592155973702108,0.8301387210038566,17644,0.04899934826293797,9.13123938248462,0.04067625629701786
2910008,BA,0.8316465550797976,0.8080691642651296,5138,0.19578463480142494,9.023957765306175,0.15820752621994108
2910057,BA,0.7498356062555394,0.7576591973667552,34977,0.056680637279387304,10.505876048114061,0.04294460614733677
2910107,BA,0.8928523891920671,0.8482384823848238,7513,0.07440542880126005,9.119292588453181,0.06311354800757289
2910206,BA,0.7455172413793103,0.7491761259611863,2900,0.18380003470137604,8.978610682331698,0.13769859794910852
2910305,BA,0.7898799313893653,0.7798794429432551,4664,0.11369038763856226,8.868406765630198,0.08866479617956467
2910404,BA,0.763790523690773,0.6519104354971241,10025,0.1168990141725519,9.24551283362166,0.0762076872384128
2910503,BA,0.8173816852635629,0.7466371261275518,20792,0.05520422185880882,9.503071614715935,0.041217521558768795
2910602,BA,0.8054611508262042,0.769211623421069,17066,0.08177128922862108,9.736910921152448,0.06289942613678139
2910701,BA,0.8447588680749303,0.8330686917500862,30108,0.11959856340539397,9.131065503302436,0.0996338187513213
2910727,BA,0.5059113129702181,0.4804637012586745,57686,0.08320581007173652,10.155585855719615,0.039977371473292826
2910750,BA,0.8866290018832391,0.7847936856828854,10620,0.07094382585694577,9.177777972488506,0.05567626657071725
2910776,BA,0.6568774348216961,0.6657509157509157,3337,0.04334649758028551,8.990037700381825,0.028857970458669932
2910800,BA,0.628507461723584,0.6671203195883268,309982,0.0956008134372244,10.089038775936437,0.06377724521314515
2910859,BA,0.7910622866894198,0.7356209150326798,9376,0.026027857543062003,8.893674347259559,0.019146636382167508
2910909,BA,0.7297996121525533,0.6187567373338124,3094,0.14057405828779046,9.05803488381019,0.0869811456599264
2911006,BA,0.7465614886731392,0.6593137254901961,4944,0.09476643260693297,8.906292022111241,0.06248080973349257
2911105,BA,0.7315935863874345,0.6561716114522965,12224,0.0695686527903401,11.575683407507407,0.045648975008002766
2911204,BA,0.6306643496858708,0.5857435824906301,14962,0.07748719901530624,9.323271376472533,0.045387629548389895
2911253,BA,0.7286553750432078,0.6575735821966978,2893,0.117921112681588,9.065944352469451,0.07754180848265227
2911303,BA,0.8473282442748091,0.7892536388974914,6681,0.1376426644912339,9.473473159955775,0.1086349738172529
2911402,BA,0.906446211804102,0.8737906772207564,9556,0.051555476717650775,9.327023966599224,0.045048694915555014
2911501,BA,0.8388640714741544,0.8036224976167778,3134,0.22667469170053342,8.994556968911015,0.18216088189089577
2911600,BA,0.7919799498746867,0.6826564913237031,11970,0.2392668061709941,9.06836043901146,0.1633370383909194
2911659,BA,0.8730446610745862,0.8316809373591708,4411,0.0986112105632442,8.8891234677812,0.0820130640353615
2911709,BA,0.6773213799459584,0.7160621528636639,47741,0.045851474792039645,9.676536801113143,0.03283250575156193
2911808,BA,0.7395680436150136,0.7747290983199125,9538,0.16116286168306052,9.14554456463488,0.12485755851437426
2911857,BA,0.8905538240230161,0.8229970721320202,8342,0.1617160063953613,8.900324481254426,0.1330917997802654
2911907,BA,0.8381947034688549,0.7463762181639505,13405,0.02340938962652971,9.01712692428344,0.017472211698975657
2912004,BA,0.6983862917983696,0.6101105845181675,6011,0.061231218790934926,9.071957027005297,0.037357814687297104
2912103,BA,0.6240780199967219,0.5610638967579478,12202,0.13877205804370954,9.022382903262864,0.07785999164712379
2912202,BA,0.7210526315789474,0.687719683655536,9120,0.09421651066809479,9.662945117065407,0.06479454891179058
2912301,BA,0.7512277255507226,0.6837328999051876,7127,0.13847276802193675,9.108157850543595,0.09467838723753715
2912400,BA,0.8822912295425934,0.8636880400181901,9532,0.03983298200452292,8.909871288064076,0.03440327015556624
2912509,BA,0.7871625824107477,0.7483346656008526,8039,0.05778215828812624,8.822747713817035,0.043240392100240485
2912608,BA,0.8689486552567237,0.7584352078239609,2045,0.08049862022194904,8.832200701516795,0.06105298775757602
2912707,BA,0.7652986249606382,0.6715017995419348,9527,0.3443645248610765,9.039295439063318,0.2312413981426162
2912806,BA,0.5304329189884269,0.5228494623655914,4666,0.1013888272181611,10.39342290494447,0.05301109380089337
2912905,BA,0.6755467196819086,0.6433949349760438,10060,0.22026262459099027,9.270600639576562,0.14171585702637293
2913002,BA,0.7470241824332791,0.7306148867313916,7981,0.22668329812459212,8.713085796480009,0.16561819218319715
2913101,BA,0.8696768060836502,0.8707028265851795,10520,0.13348387500203182,8.84626619272435,0.1162247872678119
2913200,BA,0.7026062900407688,0.6772287862513426,13736,0.0655382935905263,9.425576709840415,0.04438441902129628
2913309,BA,0.808568598315998,0.7330222913426646,4038,0.0506349402268952,8.847488356030247,0.03711653990711758
2913408,BA,0.887229951362968,0.8251552416900036,8841,0.0757393941577498,9.347344614028481,0.062496758091692486
2913457,BA,0.7889939230249832,0.7506822925028095,5924,0.0640173048180243,9.315463708315981,0.04805665714064563
2913507,BA,0.7010450573924961,0.7301573652076705,11674,0.06152421217637052,8.878483047144144,0.04492235665917638
2913606,BA,0.6068247606323759,0.5976773547778018,89820,0.1724131927541661,10.159699626440938,0.10304746097410526
2913705,BA,0.8035403203146951,0.6696196817514953,17795,0.1593204811639267,9.6898260441559,0.10668412989348369
2913804,BA,0.8543442955745026,0.7719667590027701,9852,0.1529114549449906,8.607961604463066,0.11804256028828249
2913903,BA,0.6861621519227127,0.6398388456853743,21116,0.33610236009133154,9.201685079814345,0.21505134611296758
2914000,BA,0.8241653320192189,0.6743910076803903,32468,0.17182416362788427,9.314206875210106,0.11587667085284914
2914109,BA,0.7287253141831239,0.7590429540316503,5570,0.07315573941675446,9.00437800740541,0.05552834855126295
2914208,BA,0.8317451674380615,0.7957135105805752,3673,0.18846182342816292,9.184849083494736,0.14996161913044
2914307,BA,0.7868913857677903,0.6777913681635506,5340,0.07653929138221637,9.012004617245188,0.051877671024221084
2914406,BA,0.9237615184689296,0.8826002859305357,12697,0.11280846897966172,9.691319155870703,0.0995647869768354
2914505,BA,0.8333539221741816,0.7776507210469474,16190,0.1328620228674837,9.075360174164382,0.10332024788265472
2914604,BA,0.7386516403993021,0.7283463303488334,34961,0.07849116882737098,9.726107761707203,0.0571687547802064
2914653,BA,0.6743404940172136,0.6440054790570254,14291,0.09372911473290227,9.355052166486287,0.06036206343515363
2914703,BA,0.7494887868324897,0.7047948762333391,29831,0.1022542351517203,9.54732438700519,0.07206826100809147
2914802,BA,0.5131073185731857,0.5251828047133342,104064,0.07008242971460057,9.862053806740047,0.03680608699863905
2914901,BA,0.7626389027930723,0.750492664768995,9989,0.07261530681363923,9.305833063864291,0.05449725511358627
2915007,BA,0.762987012987013,0.7645185746777862,7084,0.12423594932032024,8.682431091328429,0.09498069089811291
2915106,BA,0.7219338573335311,0.609370508766887,6743,0.2483871615576583,8.997951650718097,0.1513598110095532
2915205,BA,0.7153138744502199,0.7431340872374798,7503,0.33857192384252466,9.135475012646355,0.25160433758895207
2915304,BA,0.6548427672955975,0.5401234567901234,3975,0.1645345945194803,9.689629653689048,0.08886899395342299
2915353,BA,0.8915414087827881,0.8858777476663655,6786,0.1493701399499916,9.039778066640677,0.13232368314750836
2915403,BA,0.5582938388625592,0.5679338842975207,3165,0.16397874292490505,9.189775859245726,0.09312908441156591
2915502,BA,0.6887096774193548,0.6349053295932678,11160,0.10015518591220997,9.318928780649639,0.06358906132206668
2915601,BA,0.5518599562363239,0.5148705388383485,29705,0.09190010614390512,9.544293091548088,0.047316657169613856
2915700,BA,0.7294030587074495,0.6911870074038691,4054,0.1831470308433279,9.069962302294842,0.1265888481635039
2915809,BA,0.7069787985865724,0.6606820719869427,11320,0.042059478725633086,9.219854859176696,0.027787943551142006
2915908,BA,0.8675836030204962,0.77206132879046,3708,0.04204787178139611,9.242223855621086,0.032463535760355565
2916005,BA,0.612503715446349,0.6279668287103232,10093,0.07094117238237457,9.35894869793183,0.04454870304595212
2916104,BA,0.8122517082472589,0.8367019855756389,12586,0.12256790087007154,9.279735321131026,0.10255280602582693
2916203,BA,0.670894416076429,0.6811520109066121,6071,0.032924968133045046,9.201318894684878,0.022426908252859756
2916302,BA,0.7637810191324115,0.6754772393538914,5279,0.3331277801093144,10.219139344845678,0.22502023326032983
2916401,BA,0.4631288766368022,0.448586998600399,31922,0.10863070224973514,9.56590644641057,0.0487303206780623
2916500,BA,0.8970900876959872,0.8371484191447942,15052,0.13677017907776293,8.946175076596251,0.11449693920109964
2916609,BA,0.739500128832775,0.714390243902439,3881,0.03755146217874257,8.875568857168748,0.026826398224765118
2916708,BA,0.7447679708826206,0.6346938775510204,4396,0.12179360039210625,8.982389191778427,0.07730165249376539
2916807,BA,0.5965570514235268,0.62,9062,0.0535740626909493,9.541669316239654,0.033215918868388566
2916856,BA,0.7461335345152773,0.7149661569315618,7953,0.13143279205638245,10.050684071714866,0.09396999823133687
2916906,BA,0.727806678972982,0.6873059957523281,5959,0.045961090049140736,8.92061777377766,0.03158933276208709
2917003,BA,0.7544011232314505,0.6438961318823403,18518,0.03871339686335495,8.882107398714892,0.024927406492340175
2917102,BA,0.6431036182588977,0.5334063526834611,10143,0.0561018316960267,9.293566680513193,0.029925073423839
2917201,BA,0.7093078758949881,0.5377463741167721,10475,0.08525789970965764,9.043217461820026,0.04584712643367979
2917300,BA,0.6835506519558676,0.6656837743066624,11964,0.06515630155088685,9.257983621262449,0.043373492736257395
2917334,BA,0.8360201074709656,0.7531330472103004,5769,0.05722403708918755,9.074088535099856,0.04309731342665507
2917359,BA,0.7870386120088451,0.7980456026058632,5879,0.08364252054717872,11.26878109353094,0.06675054571354654
2917409,BA,0.7974115838031779,0.7881278538812785,7804,0.06267820729797376,8.826884212752073,0.04939844100287794
2917508,BA,0.7629284316803941,0.7433941915106694,41401,0.21153271812549,9.754792314878586,0.15725219396895296
2917607,BA,0.6990758989182324,0.6874653710096748,22833,0.13789625334842867,9.222300759630464,0.09479889896902162
2917706,BA,0.7802252504511231,0.708558914775838,16071,0.07698218795931709,9.867078638147833,0.0545464155575233
2917805,BA,0.8679286100594916,0.8176345609065155,9245,0.127137897753622,9.110850498892342,0.10395233920436019
2917904,BA,0.8546959199384142,0.8039255362201538,5196,0.08109631253965105,9.335696071783195,0.06519539654391615
2918001,BA,0.6665679158643164,0.7070022630387874,81012,0.044268782480245225,9.733979824136094,0.0312981293955052
2918100,BA,0.8581278175550252,0.8493040253667974,18855,0.1124821081335152,8.99751450743142,0.09553150721953783
2918209,BA,0.7898726934630239,0.6492236917768832,6991,0.04295965684504293,8.836042645724055,0.027890427014406822
2918308,BA,0.7460010319917441,0.6195443645083932,7752,0.25006382047145237,9.603757456677624,0.1549256307405269
2918357,BA,0.7026461835437947,0.7032503165892782,12433,0.05790084056959425,9.037094633726571,0.04071878446135248
2918407,BA,0.6971810114886421,0.7476234198640365,114722,0.13050805631016635,9.85392177082981,0.09757087937841481
2918456,BA,0.7650542941757157,0.785870212343719,5065,0.15172726908430118,9.232008570941238,0.11923794117361236
2918506,BA,0.9310826542491268,0.8857246728065924,8590,0.08061690031121042,8.830104709681027,0.07140437765082853
2918555,BA,0.6326666666666667,0.6543287327478042,3000,0.17976714655833342,9.124406631065408,0.1176268091972031
2918605,BA,0.7692482398364752,0.7482993197278912,4403,0.07198672512825276,9.09265879854667,0.05386761744291023
2918704,BA,0.8578181818181818,0.8426453819840365,2750,0.1412620128356166,9.219454949409679,0.119033782765702
2918753,BA,0.8935340771609087,0.8215281650864473,7439,0.046061734801445396,8.664071313023918,0.03784101247212999
2918803,BA,0.7520698479602589,0.6547473200612557,13286,0.05769079424706843,9.20874420920131,0.03777289292547336
2918902,BA,0.5936964713943131,0.6821835231078366,2919,0.270248207904841,9.606372893504187,0.18435887458210354
2919009,BA,0.8624833110814419,0.8586094260382641,2247,0.12036302126650472,9.741153974124732,0.10334482460586498
2919058,BA,0.8208600617723925,0.8177901672579828,4209,0.08318131325911236,8.955833061422329,0.06802486008290816
2919108,BA,0.8987946799667498,0.8479760809567617,4812,0.042389478329531945,8.722904542185749,0.035945263707678074
2919157,BA,0.8238458090542358,0.8173546985334058,15617,0.04347406321175665,8.938862938099797,0.035533729830467584
2919207,BA,0.6566384359330889,0.7031362543186064,94932,0.061237444173965504,10.406957038805864,0.04305826712052687
2919306,BA,0.8631163708086785,0.8213180008845643,5070,0.05861753171690833,9.282264280348569,0.0481436339665187
2919405,BA,0.7570245489500148,0.739409307875895,6762,0.10734431113416487,9.070900399365646,0.07937138280012758
2919504,BA,0.8054121565362198,0.7799190847000479,24020,0.04824961416291261,9.20345810234521,0.03763079491506927
2919553,BA,0.4120213155007575,0.4532408352036999,38282,0.17723016203869377,11.197882515239987,0.08032794666570463
2919603,BA,0.7716412742382271,0.6981760785689232,5776,0.0839545051217791,8.772956233917332,0.05861502716411831
2919702,BA,0.6195548109143131,0.5498354489891867,8356,0.06695881601621248,9.105601197000313,0.03681633066805853
2919801,BA,0.8192305924530037,0.7273188272174074,21757,0.09136460309810351,8.91742979435162,0.06645119597449656
2919900,BA,0.8680047225501771,0.7748631386861314,4235,0.061778392324002854,8.617670268513496,0.047869798979160064
2919926,BA,0.8159250189985645,0.704782523125369,11843,0.10217255454754764,10.043752564695579,0.07200943078818503
2919959,BA,0.7307291666666667,0.6617609743719868,3840,0.10418669900572447,9.455854142868787,0.06894669145062914
2920007,BA,0.6119277614447711,0.6079616506877866,4762,0.1447357993425742,9.226974418873546,0.08799381548192767
2920106,BA,0.7951423233322343,0.7492122134086711,9099,0.0810544268037565,8.85684462146664,0.06072696651221353
2920205,BA,0.7555606776535669,0.7433822679459022,8677,0.05252582981443082,9.005973675333268,0.03904677049319207
2920304,BA,0.7584259084918095,0.697391304347826,5311,0.20846401697561534,8.90694031987139,0.14538099270821173
2920403,BA,0.861053361053361,0.8201133144475921,8658,0.02325042839023503,9.233435064255557,0.01906798588944204
2920452,BA,0.8581919916069243,0.8803738317757009,5719,0.0942565497605686,8.63429026256818,0.08298099988266881
2920502,BA,0.7948943018067443,0.6051703877790834,13671,0.027870150914091712,10.588211235569851,0.016866190036142457
2920601,BA,0.8329421804992533,0.7864501121541912,23435,0.20931116547925233,8.85389305014086,0.16461278956628247
2920700,BA,0.8233919567088919,0.7948717948717948,8131,0.05263607588359972,9.33702326226574,0.0418389321126049
2920809,BA,0.8408908507223114,0.8009557448576772,4984,0.11865553119643321,8.907192049141894,0.09503782937092252
2920908,BA,0.7393559928443649,0.6813323833273958,5590,0.057183886134997336,9.141949778142049,0.03896123342828016
2921005,BA,0.7808180133960382,0.7136547510938661,28068,0.02048200057624773,10.113799972542196,0.014617077023146496
2921054,BA,0.9179081315952824,0.8881741712023751,6444,0.07984690386001479,8.720558413587398,0.07091795765894436
2921104,BA,0.5905927727005953,0.6181266901581578,11927,0.03694219296793381,9.586030169418976,0.022834955466452898
2921203,BA,0.741514360313316,0.7501824018677952,13788,0.056054404071781916,9.022938460005978,0.042051027481837276
2921302,BA,0.7830479452054795,0.712645563391832,5840,0.12804479728564924,9.058530487454684,0.09125055670102443
2921401,BA,0.836610086701673,0.7815384615384615,8189,0.18278183577180887,8.762325685600874,0.14285103472627522
2921450,BA,0.8261049153242461,0.7232939224227338,4842,0.06965138943629465,8.799944538924706,0.050378426667570926
2921500,BA,0.9101432907461,0.8803590323639946,28334,0.04921741805162453,8.835231954244906,0.04332899853138237
2921609,BA,0.7341253584596477,0.7555139409071994,4882,0.10152188322513526,8.915955168757897,0.07670119808374244
2921708,BA,0.813945236264711,0.7778399204573702,16909,0.07519548684338996,9.276507938841076,0.05849005150501567
2921807,BA,0.5884727155311592,0.5814135715405109,6194,0.13383026159769082,8.902807794762607,0.0778107303757143
2921906,BA,0.7438607903724183,0.6072134387351779,6149,0.022043979204688265,10.525221343183192,0.013385400416285512
2922003,BA,0.5911750656794841,0.6207760464405744,16748,0.03200536230512492,10.996981356645385,0.019868162276673637
2922052,BA,0.9043689977005276,0.8438939177386057,7393,0.011142303146307866,10.451659929153834,0.009402921854768938
2922102,BA,0.8327202125485387,0.7760757835332057,9786,0.08727251779454959,8.709778607832193,0.06773008762832071
2922201,BA,0.7985033765285636,0.7549538944477143,5479,0.11863899445661541,8.82935358591586,0.0895669708983826
2922250,BA,0.8221816370579446,0.7198774676650783,6023,0.1267379347024366,9.425952083967207,0.09123578349069211
2922300,BA,0.830223174883369,0.7685134393856281,15862,0.12571423849230254,9.051116786120582,0.09661308180346455
2922409,BA,0.6902137042062415,0.5624576271186441,11792,0.031982674703890906,9.207379683657514,0.017988899322857962
2922508,BA,0.7942525024216984,0.7960487323016134,15485,0.10131016389244472,9.127091705895584,0.08064782753584931
2922607,BA,0.7972226869667057,0.7196638066888461,5977,0.05293985930979978,9.137999945935034,0.03809890067646246
2922656,BA,0.8578394027121743,0.8296066590501061,6563,0.08317237274840608,9.317335290101958,0.06900035428107526
2922706,BA,0.8217530732228755,0.7888397246804326,7484,0.2310307322595082,8.955822575987645,0.1822462192283092
2922730,BA,0.7601970443349754,0.633852830933123,5075,0.14763198154639814,9.200150202058875,0.09357694943945102
2922755,BA,0.6612457809143909,0.6205962059620597,3259,0.11700099085262024,9.30886715494947,0.07261037101693776
2922805,BA,0.7990543735224587,0.6994717820405894,3807,0.11372655648664252,8.735567679553922,0.0795485171310516
2922854,BA,0.9122473246135552,0.9060913705583756,4205,0.07876075753020681,8.678561706286644,0.07136444273676099
2922904,BA,0.8900660329439083,0.8251579193636435,13781,0.09300752045049146,9.047160771476932,0.07674589206009905
2923001,BA,0.543802900425899,0.5722555980338613,18549,0.0834586439892131,9.34733897156562,0.047759676227142264
2923035,BA,0.8049348230912476,0.7360507851653859,6444,0.16106235538093314,8.77475119283245,0.11855007313872225
2923050,BA,0.8457166057653268,0.7082637729549248,4926,0.06815470253098639,8.530138941392721,0.04827150675921699
2923100,BA,0.8840749414519906,0.8559335829399316,12810,0.046842555903194374,8.86823422130734,0.04009411670828521
2923209,BA,0.8438664932813177,0.7937140327578575,11535,0.0822545443950176,8.965234958500853,0.06528658614442964
2923308,BA,0.8393146561704098,0.6973599484867997,4319,0.14042162097064673,8.777298544150161,0.09792441436652312
2923357,BA,0.725818653409705,0.59509640561771,9253,0.1404223175680786,9.09505866223472,0.0835648164532722
2923407,BA,0.870540758676352,0.8462629295962629,12390,0.10706109266065571,8.943015197905842,0.09060183392078346
2923506,BA,0.8851420396484774,0.8309360477981854,4893,0.04751789158776065,9.09514855271513,0.03948432903563648
2923605,BA,0.8205314228711345,0.7881040892193308,11027,0.04711558347213158,9.1758649579508,0.037131984000341615
2923704,BA,0.8547858942065492,0.8414505029115934,15880,0.17150171493564115,8.820132033367493,0.14431020428279598
2923803,BA,0.833141959267541,0.7887986318939718,16547,0.18215655145521994,9.173547983093519,0.14368483857840136
2923902,BA,0.6360805480589579,0.674437461990675,4817,0.06821538271770741,9.118129282432065,0.04600700958885314
2924009,BA,0.7918363809688881,0.8483034645416049,57695,0.055793344666692175,10.29963557197292,0.047329687579118845
2924058,BA,0.7022661825466383,0.6082553518779643,7987,0.09712056858641786,8.847385707899234,0.05907410562011956
2924108,BA,0.9045936395759716,0.8362307886117409,3962,0.12788490737795155,8.6221480342272,0.10694129694820387
2924207,BA,0.9030048264051066,0.8613829093281148,6423,0.05912770555611124,8.637152108661342,0.05093159503381924
2924306,BA,0.7712424471299094,0.7956373140329714,10592,0.07092199759498112,8.890446609779971,0.05642818767232364
2924405,BA,0.8781397939292677,0.8644077925182264,17955,0.09647980486217483,8.82386819835528,0.0833978951435018
2924504,BA,0.8294078802553378,0.8259006139233175,9086,0.08946882990946964,9.35656802096548,0.07389236154923184
2924603,BA,0.7331874253879825,0.6561826376641191,10052,0.1182027303377362,8.788283719829344,0.07756257937211633
2924652,BA,0.6233080224496533,0.5590522698498824,6058,0.16273780428267237,9.011233040733996,0.0909789388746139
2924678,BA,0.7709163346613546,0.690904547726137,4518,0.020320472831173227,8.981195537247968,0.014039507091002991
2924702,BA,0.7587504704554008,0.6543700340522134,5314,0.08878921637633866,8.735460005891154,0.05810100254365407
2924801,BA,0.7766420182688125,0.7809849069075686,9196,0.08408799381000184,8.734178771648386,0.0656714540177485
2924900,BA,0.8711709754507929,0.786937656999315,4603,0.08455859233714798,8.894438117755408,0.06654234053295546
2925006,BA,0.7475772259236826,0.6414615384615384,13208,0.12010148639445875,9.11869547355913,0.07704048423410703
2925105,BA,0.7582071259739123,0.7031931681054489,22846,0.023129288350805268,9.22434495961129,0.01626435755142721
2925204,BA,0.7762171793931135,0.644689870593485,19081,0.04811043480270297,10.18723565812231,0.031016309987150874
2925253,BA,0.8172380492515693,0.6797629782300657,8284,0.049273714114585344,8.928308882715843,0.03349444665498736
2925303,BA,0.5741107906753184,0.6172305911713113,66576,0.09207679421592449,9.96707485414439,0.05683261412705425
2925402,BA,0.6629964608729847,0.6263647391831784,5086,0.05547645565806088,9.32468806746571,0.03474849567906846
2925501,BA,0.6221254488501795,0.6596053161498188,13089,0.06977691446977245,9.665880357026747,0.04602522372879312
2925600,BA,0.8969218068168416,0.8789776998246054,8479,0.18217302441213123,8.804580927849914,0.1601260259678668
2925709,BA,0.8335642802155504,0.7841430606108561,6495,0.0540435810270855,8.787211171944689,0.04237789903294962
2925758,BA,0.7105224321133412,0.5019898974437471,13552,0.08787265201636664,9.147437155111593,0.044111183573805966
2925808,BA,0.7961987634531715,0.7838785046728972,13101,0.08258829412047097,8.990389791977158,0.06473918849864022
2925907,BA,0.8272196748645269,0.6639485868288301,14394,0.14059032971922744,8.777770590126467,0.09334475073888034
2925931,BA,0.6898935176536521,0.6395872420262664,5353,0.10866488311666304,8.82755277063527,0.06950067289769311
2925956,BA,0.7572592067988668,0.6592144485358583,11296,0.2052703261104716,9.507725329392233,0.13531716482769035
2926004,BA,0.842891250409625,0.8168763807511286,21361,0.1143703778518901,9.089929189162635,0.09342646032479102
2926103,BA,0.8401658222017504,0.8002489110143124,8684,0.03266842260844462,9.055940156528752,0.026142869616963146
2926202,BA,0.8043513037913934,0.8573070607553366,12502,0.0843782041079282,10.687569537653305,0.0723380301555818
2926301,BA,0.8579860937421839,0.7524878931403332,19991,0.06210950267880456,9.274279029071185,0.04673664881476752
2926400,BA,0.8761108822317698,0.8031732418524872,16991,0.08343997293689316,8.882600611157772,0.06701675356380828
2926509,BA,0.89993626513703,0.8661143773383218,7845,0.12429711433364306,9.073544786239552,0.10765551778603344
2926608,BA,0.7617334703665639,0.6909996956786366,29190,0.13339225189175052,9.270025259827294,0.09217400546308765
2926657,BA,0.7751011755636924,0.7238076622361219,5189,0.23994064401174542,9.454828110851077,0.173670876617571
2926707,BA,0.7838312829525483,0.7272500623285963,7966,0.05312490456388761,9.118369949251434,0.038635090155287995
2926806,BA,0.8488992205661151,0.8368131868131868,7313,0.07628407578858384,8.793263864230452,0.06383552056374352
2926905,BA,0.7913043478260869,0.6980075745101267,5635,0.0844889788154662,8.863856832269482,0.058973947175821044
2927002,BA,0.7521398370630091,0.7193131678273351,19394,0.07534346077869754,9.991415844834401,0.054195543447799505
2927101,BA,0.8611467693624305,0.7945578231292517,4674,0.13617747663906477,9.185314750509146,0.10820087939756982
2927200,BA,0.7860769641902726,0.7246222458896359,14968,0.061831858235689346,9.186760345939206,0.04480473998227479
2927309,BA,0.8695907808090311,0.8764741641337386,8504,0.28661438825326496,9.27799237205835,0.25121010637298324
2927408,BA,0.6859191052369668,0.6724924206871862,1436805,0.12070584575356869,10.009454345859536,0.08117376640191151
2927507,BA,0.8172666259914582,0.8448803452334249,13112,0.08143875356122764,9.005066786056364,0.06880600222418982
2927606,BA,0.8838886126305321,0.8615149196633511,8044,0.07669466355879438,8.851401571104615,0.06607359691446249
2927705,BA,0.600277478032989,0.5038065382892969,12974,0.09009153517463069,9.621714769737094,0.04538870446549911
2927804,BA,0.6476416963931827,0.6084675908579993,2523,0.11712434212578511,9.05996756430684,0.07126636628410454
2927903,BA,0.8729951510630362,0.824833267948215,5362,0.13083762111735736,8.783692461595411,0.10791922259680026
2928000,BA,0.7781466512702079,0.6650755767700876,20784,0.05885840882249631,9.216425485490573,0.03914529019539134
2928059,BA,0.7033273560470213,0.6732994923857868,5019,0.02161477001769133,8.900834023767992,0.014553213680947096
2928109,BA,0.7531443401876622,0.7051044309974625,20036,0.06641453789466661,9.364395856891788,0.04682918495217831
2928208,BA,0.7293759728314703,0.7070974197698521,14134,0.07175001051682973,9.150942040986711,0.05073424730491006
2928307,BA,0.8666548295454546,0.8246518824136153,5632,0.16090573251838486,8.645957071572676,0.13269121521242774
2928406,BA,0.7946020761245675,0.7963091438878868,14450,0.06200180569121628,8.984501826079102,0.04937260480947554
2928505,BA,0.846347154909352,0.7781362007168459,5571,0.0992774658114686,8.86859179429132,0.07725139006333273
2928604,BA,0.8602121539014743,0.8032171094483657,33372,0.15595196844885437,9.519729447202325,0.12526328931027153
2928703,BA,0.6648693001992733,0.666007480331886,51186,0.07350899723647533,9.981467370763426,0.0489575420311885
2928802,BA,0.8424706813439816,0.7712798655792795,27798,0.10074468880378966,9.54405185160062,0.07770235003841323
2928901,BA,0.747150696496412,0.7381295952724524,16583,0.08324650154813101,11.606782750317274,0.06144670649556953
2928950,BA,0.7696586114307633,0.6920226253169495,5214,0.07266921608523413,8.955569412734565,0.05028874169502842
2929008,BA,0.8504174079649651,0.7892484621556566,7307,0.11116032887501792,9.555765894683798,0.08773311861732493
2929057,BA,0.6807267183331216,0.646349371028401,7871,0.12655446261097206,9.546943233638402,0.08179839730943908
2929107,BA,0.7558051806521922,0.6339622641509434,11929,0.11011604537416494,9.090124862953498,0.06980941744475362
2929206,BA,0.8717579250720461,0.7723880597014925,24984,0.16211297324579343,12.325338360235248,0.12521412485775835
2929255,BA,0.9126271186440678,0.8932210899424015,11800,0.23920106631931812,8.724322398423615,0.213659437173126
2929305,BA,0.8171262028127313,0.8107709332349686,21616,0.034674058465535035,10.222371515499482,0.028112718741145706
2929354,BA,0.6879432624113475,0.6280892103676914,3102,0.40478160823471754,9.045387247036013,0.25423896068750795
2929370,BA,0.8344853353259855,0.7456602301540862,5353,0.07721948060088928,9.031901065015292,0.05757949567723809
2929404,BA,0.7950781612753444,0.6867335562987736,6461,0.09923847275536356,9.34332524345182,0.06815038931694978
2929503,BA,0.8699921445404556,0.8400218975028425,25460,0.05843756552240845,9.583808799352845,0.04908883467558023
2929602,BA,0.7949623992026819,0.7442445347262526,11037,0.102552089979024,9.156862178577821,0.07632383249164351
2929701,BA,0.8309959591157594,0.7114203334586937,8414,0.04130399128498689,9.260763047207908,0.029384499253140354
2929750,BA,0.798660311735154,0.8342452956092353,7763,0.20708636713798176,9.316805636999995,0.17276082756966823
2929800,BA,0.8168126094570928,0.7462820283103386,5710,0.04674908629523607,8.78473275113744,0.034888002942063824
2929909,BA,0.8761172397133424,0.8152024865161349,24838,0.12450366213392135,9.394272640920342,0.10149569495193743
2930006,BA,0.7687837276878373,0.8146019582801192,4818,0.14707443685024044,8.853803858114752,0.11980712427115157
2930105,BA,0.6727630994671403,0.6640237020316027,36032,0.2671004486497758,9.315308002402414,0.1773610287267261
2930154,BA,0.8260926373554582,0.8467197217949576,15307,0.08099047777620187,9.096653890839901,0.06857623481070635
2930204,BA,0.7871427805479599,0.7546532240194992,18651,0.056266622519825955,10.023888314371513,0.04246178808927482
2930303,BA,0.6398668415212347,0.643923662612479,9913,0.06999561314854154,9.015464983560156,0.04507183158541506
2930402,BA,0.8634788634788635,0.8301229132269309,11544,0.08428187747712308,8.924886298960715,0.06996431766354466
2930501,BA,0.7813762410133516,0.7463842470438776,43815,0.14882168267048376,9.288154534688752,0.11107815956381191
2930600,BA,0.7561989195179388,0.682825484764543,7219,0.12670724310131545,8.850406315189847,0.08651893469383452
2930709,BA,0.7346797260986392,0.8048418108722252,57685,0.05900472754532746,10.686014950174151,0.04748947176760362
2930758,BA,0.809402390438247,0.8691736451256122,6275,0.13554325227104572,8.896363684526257,0.11781062264860523
2930766,BA,0.8627602158828065,0.7387429643527205,6485,0.08271395856712017,8.913073935043629,0.061104354945222455
2930774,BA,0.7855344472419318,0.8139318164168673,13107,0.19576355740893928,10.32006609866032,0.15933818787008563
2930808,BA,0.9116033536900942,0.8235018726591761,9661,0.08574622743986508,8.835691018252602,0.07061217887018853
2930907,BA,0.8423344947735192,0.8257564239014749,6888,0.04506564308870206,9.399211496800547,0.03721324427774683
2931004,BA,0.7521808088818398,0.5994266146372541,12610,0.10267166575113859,9.10359654191662,0.06154412902037271
2931053,BA,0.8539912607907919,0.7704955469285225,9383,0.03211500151313681,9.162260398142156,0.02474446565547467
2931103,BA,0.808183669690798,0.761724960254372,5401,0.08616729616354114,8.824320825348712,0.06563578024540008
2931202,BA,0.7974841341795105,0.6713653308480895,8824,0.08862220632474782,8.990082929021028,0.05949787686970197
2931301,BA,0.8178004195385077,0.7748427672955975,6674,0.06835264054621364,8.769160541152779,0.05296254915278944
2931350,BA,0.4902512680681385,0.5559234786796912,68214,0.05500782086975968,9.699620390529567,0.030580139132506116
2931400,BA,0.9074032148517092,0.8556748116008221,4417,0.11057647964272065,9.169131830938307,0.09461750838576713
2931509,BA,0.8872357086922474,0.7884683409975238,11493,0.1481085429374794,8.858920007766685,0.11677889713747491
2931608,BA,0.7604023146872416,0.679006968641115,7258,0.07660894905324019,9.341339118705333,0.052018010267422234
2931707,BA,0.8602230483271376,0.7622676013410545,6725,0.09310525014320518,9.094018859367235,0.0709711156989199
2931806,BA,0.8070397302139319,0.6864724245577524,9489,0.14695100936814606,8.828730432991973,0.10087781569216021
2931905,BA,0.8422698026100549,0.7974137931034483,27509,0.11006027450693096,9.097080344334337,0.08776358096457856
2932002,BA,0.8814029250710473,0.8390016262461996,14427,0.09736702694807459,8.977135552919606,0.08169109395219211
2932101,BA,0.7295585941084702,0.6412336131283599,10897,0.1255588932568651,9.044798013052596,0.08051258278349767
2932200,BA,0.6873625798345723,0.5948958333333333,9551,0.1303428563256845,9.306070225525701,0.07754042213291501
2932309,BA,0.6739385409336148,0.6289938006676205,8526,0.2257928360934196,8.881608209908238,0.14202229413792106
2932408,BA,0.7723261560183551,0.7450449341376338,8499,0.06013716647105938,8.764429081032278,0.044804891232654354
2932457,BA,0.7705610021786492,0.6047813587532153,7344,0.15840322467050766,8.93826216775256,0.09579931744712045
2932507,BA,0.6691699208971663,0.6093219467023356,9987,0.17882785215133712,9.503895892766932,0.1089637349974502
2932606,BA,0.8281731977607677,0.8782201405152225,8753,0.11209131608971602,9.17858198709,0.09844085136684662
2932705,BA,0.6380269058295964,0.5517390178648486,11150,0.17544400410019198,9.311275209576296,0.0967993025125164
2932804,BA,0.8138180123499942,0.7919781654206717,8583,0.06639634661848616,9.026994099325455,0.05258445678554369
2932903,BA,0.6930264407678205,0.6393646307890954,45271,0.08729333371436121,9.626974074636315,0.05581227008063185
2933000,BA,0.6723054960742327,0.6064516129032258,14010,0.04090638781433664,8.989628983200197,0.02480774486804932
2933059,BA,0.8160983018086428,0.7613522417991692,7243,0.07883162347720708,8.767753290950804,0.060018633259039625
2933109,BA,0.7510499300046664,0.7074456402372062,4286,0.13388710017372363,9.110066084121193,0.09471784530190287
2933158,BA,0.8155212101282473,0.7584317753809279,6082,0.04894434270225912,9.024580401996413,0.03712094473052695
2933174,BA,0.7273620435565744,0.6180815091653319,6107,0.2902417464058431,9.333974720692012,0.17939305664130506
2933208,BA,0.7858366647629925,0.8150485436893203,22763,0.1613140445895862,9.44516090340751,0.1314787771193763
2933257,BA,0.6957080442045747,0.7011241446725318,3891,0.09583018328846417,9.34887878347835,0.0671888552919364
2933307,BA,0.5806505526931545,0.493905711457501,173514,0.1264060481742213,9.940866827598173,0.062432669156019915
2933406,BA,0.7787318361955086,0.6922169811320755,4542,0.075777275693769,8.902812876833,0.05245431701915378
2933455,BA,0.7320770756588268,0.7537476349876292,7058,0.03773150928899059,9.246667361608989,0.028440035891090423
2933505,BA,0.7569398701420909,0.6878010419738524,10627,0.199142494487313,9.350389015123712,0.13697041520964603
2933604,BA,0.7980324560665938,0.743859804398814,23786,0.1540109195741651,9.04084065570332,0.11456253250971993
3100104,MG,0.462417470797359,0.622906898861353,3938,0.08341977751642049,9.819514896154942,0.05196275491645751
3100203,MG,0.3613310867733783,0.3883951524054352,11870,0.03215273038497549,9.96783833805738,0.012487964618123425
3100302,MG,0.5481009148877183,0.6084727139543401,7214,0.0831050893390787,9.541978919766898,0.050567179253567116
3100401,MG,0.6377952755905512,0.7066233238520927,2159,0.06084485289901791,9.313766117824375,0.04299439219479567
3100500,MG,0.5340128517615776,0.646093604325937,4513,0.03536939730573025,9.26336376157484,0.02285194138809534
3100609,MG,0.6575449569976545,0.7122332263914074,6395,0.038874584983930704,9.22960940826441,0.027687771087731926
3100708,MG,0.3467369808833223,0.5283505154639175,1517,0.026143996931019833,11.098089907720304,0.013813194254791408
3100807,MG,0.4356595401371521,0.6736516660941257,2479,0.05518595099806124,9.511110876417566,0.03717610783483274
3100906,MG,0.5606993622168462,0.587401737691353,9094,0.024719723620448,9.403907548109304,0.014520408609901139
3101003,MG,0.7160185515519086,0.6923957481602616,5606,0.02777994498310199,9.694622558127213,0.019234715790425808
3101102,MG,0.3794157882031061,0.6041498643595572,12427,0.06429386138100715,9.805456650350681,0.038843127632487644
3101201,MG,0.4502262443438914,0.5261011419249593,3094,0.06835076822171597,9.642081880196498,0.03595941721289299
3101300,MG,0.283958205285802,0.24945295404814,1627,0.09773955999009365,9.503532765804975,0.024381421966894253
3101409,MG,0.1987577639751552,0.1922472498690413,1771,0.07869481138700744,10.297532385483292,0.015128861068115096
3101508,MG,0.4948486457780138,0.6642615226034457,18830,0.022058090564600463,10.16040769844446,0.014652340824166204
3101607,MG,0.3169003653599289,0.4425332471370521,40508,0.023137985092505718,10.400209454050708,0.01023932767519526
3101631,MG,0.5042558679391282,0.6943852167732765,3877,0.05556634266664276,9.538254014352535,0.038584446897874894
3101706,MG,0.7007456503728252,0.7580341227400051,18105,0.0255660218602935,9.461546196736814,0.01937991695281938
3101805,MG,0.4857567500619272,0.6844048653344917,4037,0.1336819675208051,9.274680688342274,0.09149258897872652
3101904,MG,0.4111227104488943,0.6360644379005717,10537,0.02707178906449401,9.803357978643083,0.017219402294270224
3102001,MG,0.3920277711276035,0.5261096605744126,8354,0.04723905587916517,9.600321528300412,0.024852923654443297
3102050,MG,0.2513539343740044,0.4225352112676056,3139,0.031059565721848873,9.367177558895559,0.013123760164161495
3102100,MG,0.685874217978268,0.6538858575431352,6074,0.03267193473161996,9.630223439636456,0.02136371605957866
3102209,MG,0.5088082901554404,0.5637315270935961,2895,0.07537159877355103,9.183814970862096,0.04248934647609973
3102308,MG,0.6323093345985055,0.7092280297475647,8431,0.040991402257399674,9.78482727021256,0.029072251459605448
3102407,MG,0.7436241610738255,0.6986809563066777,2235,0.11339606010093062,9.485991122859724,0.0792276677127277
3102506,MG,0.7256548018804567,0.7466340269277846,2978,0.07258315448456157,9.178215451188805,0.05419305291992969
3102605,MG,0.2222168111424953,0.3050222561935164,20534,0.02240651975957979,9.985970876084972,0.006834487210511635
3102704,MG,0.6578883199219703,0.6983336940056265,4101,0.029549075465138235,9.256599699771655,0.02063511502402101
3102803,MG,0.4534453781512605,0.5088931353814493,5950,0.0406531956507373,9.856274521753823,0.020688132197979204
3102852,MG,0.5661700262927257,0.6195596518177163,3423,0.04297566455103806,9.238005087771342,0.026625987765876113
3102902,MG,0.565325849703773,0.7280421812127099,6414,0.0380228825491018,9.570699040507197,0.027682262347042758
3103009,MG,0.4825004679019277,0.6425097276264592,5343,0.04409457491140534,10.191602085132235,0.028331193316131546
3103108,MG,0.5062179956108266,0.5154716981132076,1367,0.030338844954193474,9.578533560810994,0.01563881592733143
3103207,MG,0.4430051813471503,0.4232272473478504,1544,0.05717191393860867,10.074118513848543,0.024196711761845544
3103306,MG,0.595648912228057,0.6692965154503616,1333,0.047932746299842274,9.394555906890654,0.03208122007445065
3103405,MG,0.6000764428589629,0.6043799772468714,15698,0.03749613409768806,9.304232846589267,0.022661912672806348
3103504,MG,0.3136522254411377,0.5813774883263702,60752,0.029773020182056846,10.596586741953859,0.017309363693334537
3103603,MG,0.6079865016872891,0.7187962506166748,1778,0.072831806674193,9.77493660421575,0.05235122956304845
3103702,MG,0.7731736526946108,0.800935203740815,4175,0.06858595621224531,9.170136386251322,0.05493290681261331
3103751,MG,0.4198146828225231,0.483345315121016,4209,0.1149828552150295,12.150818735054619,0.05557642438742259
3103801,MG,0.2855007473841554,0.396875,2007,0.06051725589398546,10.598750389738528,0.02401778593292548
3103900,MG,0.2800726282342261,0.2816670088277561,4406,0.05720159696898423,10.417532665494083,0.016111802718424627
3104007,MG,0.3638920460018108,0.4911138075015167,51911,0.02929883160905742,10.983069086507673,0.014389060746869978
3104106,MG,0.3140984992601986,0.2918879326130745,4731,0.0740832162376372,10.213121247777236,0.02162399682893127
3104205,MG,0.3627740996384467,0.5136757266569493,21297,0.03105304480298179,10.373543796435685,0.015951195354082473
3104304,MG,0.2850185825964372,0.287167891464104,7803,0.040689854942360756,9.643589318802189,0.01168481984777799
3104403,MG,0.6268332428028246,0.6505139500734214,1841,0.06780115729487747,9.396592157247301,0.04410559865144011
3104452,MG,0.7153038259564891,0.6704585851404194,2666,0.037777247902649254,9.206731478998869,0.025328080179309098
3104502,MG,0.6329017517136329,0.6951978657180969,7878,0.046962264670059595,9.412632982841895,0.03264806616791382
3104601,MG,0.4392672242134607,0.6295813070810106,7533,0.04377558039744525,9.847647570066744,0.027560287124853446
3104700,MG,0.7018028260516486,0.7847588163761654,6157,0.05321121835856373,9.179409149523467,0.04175797273700016
3104809,MG,0.5648760330578513,0.6356729377713459,2420,0.03528924239264042,9.589732004557801,0.022432416383454855
3104908,MG,0.2907150879820292,0.532418001525553,10684,0.023835086636463047,9.575828362078433,0.01269022919317407
3105004,MG,0.4264607118871726,0.4967602591792656,4467,0.11139900304869503,9.570671850251973,0.05533859762678154
3105103,MG,0.5012285012285013,0.5650361104906559,12210,0.030690872205526878,10.034655007070906,0.017341451058576686
3105202,MG,0.7971130713712911,0.7634146341463415,2494,0.10040559034766652,9.105256156658582,0.07665109702151128
3105301,MG,0.2891008174386921,0.4154841921832213,3670,0.06124144292626141,9.455525233407586,0.025444851442352572
3105400,MG,0.4574861968171484,0.534950563347896,15395,0.03519643164876507,10.1314944096246,0.018828350938342592
3105509,MG,0.6071144146535705,0.7102922490470139,3767,0.03122560218462929,9.095689482793945,0.022179303203567688
3105608,MG,0.4766603917877522,0.641278338808452,67996,0.025101190772855733,9.95350695900622,0.016096849920930967
3105707,MG,0.6812593703148426,0.6569706498951782,3335,0.027738565107753473,9.361351434481351,0.018223423146000513
3105905,MG,0.4979738856371004,0.6183751190098381,11105,0.039423489089247976,9.85941008372051,0.02437850475734677
3106002,MG,0.5579966486687767,0.7496558843771507,5371,0.042674969811927047,10.119199183836244,0.03199154223512838
3106101,MG,0.6554863440344992,0.6614139693356048,2087,0.061693709439436424,9.618249330945712,0.04080508124337512
3106200,MG,0.3440679569266589,0.3571028715337658,1374400,0.036859237598854046,10.514075758203315,0.013162539589096127
3106309,MG,0.4369013611157789,0.709099160426594,11902,0.02497642690438478,11.069763682559367,0.017710763348355443
3106408,MG,0.4954299570975564,0.5669658267172938,5361,0.09435757211780538,9.89080697395149,0.053497518882808195
3106507,MG,0.7596732588134136,0.6918396564065855,4652,0.0455846729198858,8.977542194312347,0.03153728445030037
3106606,MG,0.6816,0.6154166666666666,2500,0.10164399148988597,8.990288516233434,0.06255340642940065
3106655,MG,0.7320910973084886,0.7017478616586091,2415,0.10975621276340539,9.0834726243343,0.07702118761046707
3106705,MG,0.3796823918786247,0.5620466321243524,197602,0.1792172827516543,10.983497281841007,0.10072847018904509
3106804,MG,0.7072226999140154,0.6732315112540193,2326,0.06253267429779291,9.155234386563462,0.04209896682025849
3106903,MG,0.4634468197413565,0.5406905055487053,7578,0.025787639087721113,9.769082658154122,0.013943131615247482
3107000,MG,0.444047619047619,0.5208020050125314,1680,0.14576638261328587,9.72594130563698,0.07591542432842308
3107109,MG,0.368172888015717,0.457474953376415,20360,0.02909242499211649,9.929161240082031,0.01330905576687534
3107208,MG,0.4567062818336163,0.4211491442542787,2945,0.10353326913059645,9.328057930467704,0.04360294769619862
3107307,MG,0.6669523483030511,0.7181165456781309,23336,0.03819427901012364,9.736536036143407,0.02742794370741673
3107406,MG,0.2512580456407255,0.2916457511652922,25635,0.03526047478662388,10.180174704966728,0.010283567655589767
3107505,MG,0.4921677614957049,0.6169540927860092,3958,0.046047923019514735,9.723834646241636,0.028409454571184704
3107604,MG,0.2876532399299474,0.4218209757971571,2284,0.05411708340080168,10.298661221500975,0.022827720927422298
3107703,MG,0.5493727886780315,0.5758678611422172,3109,0.09086595613686879,9.560060328727491,0.05232678381118116
3107802,MG,0.4984067976633032,0.6154637996111174,7532,0.09174940511542015,9.221048985454528,0.05646843748439618
3107901,MG,0.4149297140087251,0.5030648610121169,6189,0.03469818096743325,9.375578654288901,0.017455435585755085
3108008,MG,0.4127236159627395,0.4446155239561634,9447,0.027689084005025424,9.685413383826859,0.012310996592760602
3108107,MG,0.4573033707865168,0.5226120033812341,4450,0.037667559858539396,9.478304892046841,0.01968551892015383
3108206,MG,0.578088578088578,0.5520429466149717,3003,0.03538948227025916,10.468643520847166,0.019536514071652165
3108255,MG,0.8461886451029179,0.8836951705804165,4421,0.10179157010852807,8.79780214808405,0.08995271891070414
3108305,MG,0.2694643843180563,0.40549558390579,9055,0.029222037008256402,9.672367134524194,0.011849406959579534
3108404,MG,0.4904965550011879,0.6040359682141363,8418,0.022991714111639243,9.63426252768963,0.01388782229432663
3108503,MG,0.7600934267600934,0.7027684818983876,2997,0.05149066120516326,9.054579472556393,0.03618601380709679
3108552,MG,0.5932759327593276,0.7354830421377184,7317,0.10724116178103703,9.679777086067801,0.07887405590910034
3108602,MG,0.6880791384923617,0.7749176042732129,15972,0.0344180441232081,9.16760083875738,0.026671148295726154
3108701,MG,0.5501543209876543,0.4903581267217631,2592,0.29319030484038083,9.007424104723663,0.14376824865451182
3108800,MG,0.5272161741835147,0.6516648371752652,2572,0.027493663848945714,10.78048046383756,0.017916653975474685
3108909,MG,0.3005752636625119,0.3209990749306198,8344,0.020581332892957587,9.371274092012357,0.006606588819478522
3109006,MG,0.3696785179833841,0.4190786179268903,19379,0.0468413679756039,11.08842571141418,0.01963021575302098
3109105,MG,0.2569037656903766,0.2884958382877526,5975,0.031921010176665834,9.526860106310302,0.009209078589909091
3109204,MG,0.5701149425287356,0.5816411106506424,4350,0.049073653538479055,9.380103883543352,0.028543254347805785
3109253,MG,0.3869499241274658,0.5547837069782128,2636,0.2531011032376851,9.035589496020158,0.14041636829447826
3109303,MG,0.4393431347261628,0.5440468549422336,11631,0.038901319835082646,10.396026319727564,0.021164140709378644
3109402,MG,0.5800892857142858,0.7344558585000386,11200,0.049843207332788825,9.651831082466634,0.036607635631998835
3109451,MG,0.4252569750367107,0.513595166163142,3405,0.08061422938957334,10.694126770184035,0.04140307853845157
3109501,MG,0.4889192471159684,0.5916734472470844,6588,0.0322723007890454,9.52902013922917,0.019094663458449294
3109600,MG,0.4009840098400984,0.4045319465081723,2439,0.07027463710957989,9.275224519218877,0.02842833574009379
3109709,MG,0.2539536311991401,0.3259176863181313,6513,0.026556007289244548,10.579580280249647,0.008655072453558012
3109808,MG,0.6498980285520054,0.7044400265076209,1471,0.3170766756678535,10.212023689046994,0.22336150181241107
3109907,MG,0.3043801039346696,0.4325087165864187,5388,0.03921749089719416,10.00394087578194,0.016961906655685005
3110004,MG,0.385960157202873,0.4326434204731975,22137,0.024602220475570757,9.506852242817821,0.010643988817786668
3110103,MG,0.6111963190184049,0.740702120264164,2608,0.10025294351684425,9.327152498124196,0.07425756782565002
3110202,MG,0.6704929101958136,0.6903073286052009,2962,0.02935598045838645,9.769327705175368,0.020264648448815235
3110301,MG,0.3160539539804284,0.4503279666070364,7562,0.042236657365567365,9.707563460245792,0.019020348027714056
3110400,MG,0.5782628889921041,0.4789029535864978,2153,0.0876781346224007,9.509914641295792,0.041989317635622275
3110509,MG,0.3018717289097844,0.3979575554491782,11273,0.030296980307398823,10.161429361348103,0.012056912220624327
3110608,MG,0.2991090673947406,0.3685881157948197,13918,0.013876622445527852,10.584701667378154,0.0051147581207932145
3110707,MG,0.3412213740458015,0.3225636984502232,6550,0.03652806819968905,9.821828696172675,0.011782628775733685
3110806,MG,0.6214248569942797,0.6616300366300366,1923,0.11819052677660655,9.312316022347499,0.07819840256052951
3110905,MG,0.2319135410044501,0.2781384090659038,7865,0.024144614815700634,9.856078866526497,0.0067155447523480245
3111002,MG,0.2802547770700637,0.3498816101026046,11304,0.018192376647318622,9.659680559952651,0.006365178032956863
3111101,MG,0.4287987271280827,0.4930023765513599,10056,0.06512494391447765,10.168241843871073,0.03210675212261151
3111150,MG,0.7955776173285198,0.7667771333885667,2216,0.1104592269815692,9.082864846238591,0.08469760942124464
3111200,MG,0.3064870808136338,0.549229783935012,25466,0.011704622837808577,9.858673757200773,0.006428527472250411
3111309,MG,0.5208852867830424,0.6689568143578238,6416,0.0634347478137759,9.5924783784033,0.042435106817095454
3111408,MG,0.4782389937106918,0.560486757337151,3975,0.29312711509686007,11.048219523090207,0.16429386622823294
3111507,MG,0.3705478358089762,0.4556891249650545,6261,0.02508071976952166,9.917709333395553,0.011429011245267068
3111606,MG,0.3811140256133313,0.4553866490416391,12962,0.030053691798282486,9.713112189565617,0.013686049999350055
3111705,MG,0.7088821344140493,0.7268106734434562,2961,0.08256664134390862,9.482866680069758,0.06001031619913053
3111804,MG,0.5620244204565563,0.6523454625164402,5651,0.061012594354030274,10.263656592904189,0.039801289083207826
3111903,MG,0.4326833797585886,0.7081754195993503,3231,0.0753552893569751,9.349296262720397,0.05336476365940629
3112000,MG,0.397022005534326,0.4790233837689133,7589,0.026159627252874226,9.718218701685483,0.012531073164805293
3112059,MG,0.6546934865900383,0.6510437179992122,2088,0.3552478263049748,9.15343824836278,0.23128186564872916
3112109,MG,0.4411149825783972,0.6263020833333334,2870,0.0936134384058019,9.47307330004232,0.05863029150155041
3112208,MG,0.5860805860805861,0.5512367491166078,2730,0.048212416967583854,9.24842461842997,0.026576455996265305
3112307,MG,0.5453876800490346,0.550944669365722,16315,0.02998936142177359,9.744805541836865,0.01652247881300819
3112406,MG,0.390646877625315,0.4825224374114312,3571,0.019326608399754284,9.90501113238039,0.009325522191945677
3112505,MG,0.3199477026522226,0.3932545201668985,5354,0.03800756345375583,9.127836567549645,0.014946646128719697
3112604,MG,0.5289836567926456,0.6358553006961086,7832,0.05016818797238395,10.14872552128313,0.031899708248559096
3112653,MG,0.4408857255832344,0.5720279720279721,2529,0.13281541959676937,9.077736329935538,0.07597413512598417
3112703,MG,0.6804941482444733,0.6875374835072569,7690,0.0355615839217164,9.924104415483706,0.02444992191906902
3112802,MG,0.3479434981304528,0.5155096011816839,4814,0.031061190280140396,10.279267857363374,0.016012341813543572
3112901,MG,0.5953329538986909,0.6948575524099624,5271,0.05487612497167778,9.062989677573007,0.038131089883563236
3113008,MG,0.7603937313819453,0.7593486805165637,7721,0.07930959724158933,8.788059522185765,0.060223638017700955
3113107,MG,0.4863360323886639,0.5494880546075085,1976,0.04167045834091923,9.215980685459858,0.022897419088354933
3113206,MG,0.4709777091149856,0.6185275347062307,13593,0.023665552426354645,9.843346240684362,0.014637795799734194
3113305,MG,0.4741546832491255,0.6802493624256163,15438,0.0344373284961527,9.691383468949057,0.02342597075314938
3113404,MG,0.379388537024005,0.5431897934047547,38367,0.028820395212437178,9.83184430317769,0.015654944521287132
3113503,MG,0.5984897518878102,0.5603744745892243,4635,0.05106639629438112,9.773822664271815,0.02861630499262893
3113602,MG,0.3620222690340054,0.4282407407407407,3323,0.05959681157298052,9.945709548593463,0.025521782733799524
3113701,MG,0.5671275646743978,0.565512687482313,8968,0.02895053209577307,9.783722032721377,0.016371893209523588
3113800,MG,0.5302911093627065,0.5542740841248304,1271,0.06492468834996597,9.312884544872759,0.03598607217226743
3113909,MG,0.5027238678924072,0.5390100671140939,5874,0.052335973619461,9.818086984750957,0.02820961665310712
3114006,MG,0.4832101047443006,0.4539591052559352,6492,0.025565488462298565,9.676117054204054,0.011605686267775991
3114105,MG,0.3962179198559207,0.4462251655629139,6663,0.0343154598932964,9.498316936912918,0.015312421772253719
3114204,MG,0.3818094934692577,0.4846403502151106,12556,0.03973998754408672,9.816508034270216,0.01925960148091032
3114303,MG,0.2593765393005418,0.430209467683044,14211,0.01723604543526983,10.077313099566796,0.007415109931668194
3114402,MG,0.361171264476038,0.4949701619778346,10621,0.03413194292060406,10.016624411135838,0.016894293316029596
3114501,MG,0.414791713076409,0.4713114754098361,8978,0.023182328705311655,9.980358144456407,0.010926097545536232
3114550,MG,0.5225700764470331,0.6568037717444318,5494,0.06254652807991368,10.37000210081016,0.04108079555240632
3114600,MG,0.4974828375286041,0.4379241516966068,2185,0.056265977360006346,9.935762741186824,0.024640230404761262
3114709,MG,0.365156181258249,0.4486205517792883,2273,0.1298525839322773,9.47800603023605,0.058254537853664586
3114808,MG,0.4263691683569979,0.4647288195675292,2465,0.07415907236288855,9.472430790446104,0.03446385815942817
3114907,MG,0.4348327566320646,0.5261066969353008,1734,0.06858765626277924,9.87971155512391,0.03608442528694458
3115003,MG,0.4194935499283325,0.6110581506196378,2093,0.06590829048483612,9.726724610226963,0.04027379809416583
3115102,MG,0.4111136209622769,0.5405868902439024,8854,0.016607934576059368,9.820878934762094,0.008978031705846117
3115201,MG,0.4678312739667661,0.4982307147912243,2347,0.1018731123776009,9.357841749572472,0.05075631359789882
3115300,MG,0.5504922021900233,0.7547151106594959,36164,0.027436385495298827,9.936123827778017,0.020706654715181044
3115359,MG,0.4648503195425496,0.4840563056592933,2973,0.062027155285190906,11.274673037694043,0.03002463563790482
3115409,MG,0.5770593445527015,0.6826644600744725,2258,0.07820878168304901,9.176172728896535,0.05339035572074095
3115458,MG,0.7309358752166378,0.672849571952711,4616,0.1264836752174605,9.152311146090623,0.08510448672907403
3115474,MG,0.7587735500554119,0.8083511777301927,2707,0.045476989590816315,8.985498094297943,0.036761378095360085
3115508,MG,0.420405273869569,0.5464759959141982,11301,0.019951333770024598,9.651979913076614,0.010902924991790765
3115607,MG,0.3390557939914163,0.2698585418933623,699,0.23581594640954973,9.646968681096578,0.06363694745328435
3115706,MG,0.4257875066737854,0.6654352343569614,3746,0.15531496276470078,9.26007337892013,0.10335204864647139
3115805,MG,0.5958010599266205,0.7061593520436994,4906,0.09046686173604186,10.09456364196433,0.06388402046495026
3115904,MG,0.5412524850894632,0.6492890995260664,2012,0.17652680368366352,9.384780906877474,0.11461692940598059
3116001,MG,0.5365050867743866,0.6992143658810326,3342,0.10021177738352241,9.488545201861077,0.07006951437703082
3116100,MG,0.8354783354783355,0.732619350154293,4662,0.049385599459317225,8.752835094841885,0.03618084578286519
3116159,MG,0.7130019120458891,0.7449739389426657,5230,0.05495702428100924,9.607987183506097,0.04094155085119117
3116209,MG,0.4402483186756337,0.4658329611433676,1933,0.22235991418888457,9.345780563446171,0.10358257726619322
3116308,MG,0.5773092369477911,0.5244904167934287,2988,0.038449807375351974,8.907066457832988,0.020166555495925404
3116407,MG,0.258054892601432,0.2674132750614586,3352,0.04316282916340207,10.286867180140165,0.011542313507503586
3116506,MG,0.5359405724273542,0.6306954436450839,4577,0.17440789327559972,9.056786790968955,0.10999826362465881
3116605,MG,0.2548878665899942,0.1886167687117331,13912,0.027172500579314935,10.123141980854202,0.005125189257088079
3116704,MG,0.539593552908199,0.5787891799055389,4281,0.12420741028565707,9.56175205460872,0.07188990513742625
3116803,MG,0.6491829204006325,0.6621035820214465,3794,0.06674853314621959,9.179094956779837,0.04419444289078924
3116902,MG,0.3946316390633923,0.5385422128998427,1751,0.06785263467515755,10.503534484714349,0.03654150802904395
3117009,MG,0.7658967038671165,0.7625717566016074,3853,0.03619940213524078,8.93218494397366,0.02760464167419854
3117108,MG,0.4293193717277487,0.5984212294255963,5539,0.02556369610512775,9.822711622867612,0.015297858451892875
3117207,MG,0.4344866704480998,0.4985177865612648,1763,0.03849225792390835,9.51356275214063,0.019189075219972096
3117306,MG,0.4863346492559975,0.6381645296066849,13172,0.0633785410196315,10.399390349914055,0.04044593681695112
3117405,MG,0.6294744859101294,0.6717032967032966,2626,0.10174773604554445,9.367811572156045,0.06834428973388905
3117504,MG,0.6647040269162023,0.6207966890843248,9511,0.025002618201349,10.635610684837358,0.015521542597836937
3117603,MG,0.2599524658348188,0.3607559755419677,3366,0.06083694150176366,10.76274437977881,0.021947290180458368
3117702,MG,0.466565579984837,0.4392358758975748,6595,0.02069743820641213,9.652225156960155,0.00909105739942936
3117801,MG,0.2506063055780113,0.368946287056061,6185,0.10790788543542124,9.651141914091838,0.039812213675469464
3117836,MG,0.8477676169983862,0.8496748374187093,3718,0.08731770351746002,8.82281735339737,0.0741916555399729
3117876,MG,0.3231292517006803,0.3334072267789847,4410,0.09302421387325274,12.00690333440199,0.031014945170776353
3117900,MG,0.2638822971048885,0.3951975213013168,6321,0.024655680853906313,9.737536804549269,0.009743863959460109
3118007,MG,0.4112877413848287,0.5397107825693119,28119,0.028008915223529454,10.360048073373717,0.015116713554208596
3118106,MG,0.7138263665594855,0.7016380655226209,2177,0.06216449416258313,8.987989527798211,0.04361697542842708
3118205,MG,0.3990763379516436,0.4718240237271379,3681,0.06674521546075471,10.774976536929715,0.03149199612322806
3118304,MG,0.4628834355828221,0.6234246040597814,65200,0.02716296457502144,9.711830812132447,0.01693406043527261
3118403,MG,0.3903712847782736,0.5608072689149047,10531,0.038869205419093576,9.433102931623909,0.021798132935974282
3118502,MG,0.3190761334473909,0.3310291858678955,1169,0.025135525924628536,9.53815733425898,0.008320592683191165
3118601,MG,0.3424864035971176,0.4801918614738984,307802,0.17808426424171067,10.650452241222485,0.08551461434543665
3118700,MG,0.4159027500996413,0.5005287275290801,5018,0.02775605883123561,9.745572497523964,0.013892704808020646
3118809,MG,0.7448510773130546,0.8288331726133076,12624,0.027686348140868164,8.975950947662149,0.02294736376767231
3118908,MG,0.4994445678738058,0.5269784172661871,4501,0.034745304676630104,9.285450559616164,0.01831002566592198
3119005,MG,0.4963421496904895,0.4855008787346221,1777,0.19892833762596185,9.77856961626429,0.09657988272262207
3119104,MG,0.5220245292796684,0.6267715366921421,11578,0.050276951671080865,9.506004121090658,0.03151216225907992
3119203,MG,0.4837935174069628,0.6116552399608227,4998,0.10832942326967114,9.297157506994493,0.06626025938482824
3119302,MG,0.3399638336347197,0.5558586337760911,15484,0.02639929842270591,10.490111087624117,0.014674277953892624
3119401,MG,0.3388197136892335,0.5341565187771439,53648,0.03097846502135186,9.656075025519748,0.016547349032864832
3119500,MG,0.7479452054794521,0.7327852004110997,4380,0.07781775812794922,9.074428291547934,0.05702370148533176
3119609,MG,0.4971279373368146,0.6350190839694656,1915,0.12325276933659492,9.48195245256214,0.07826786068082434
3119708,MG,0.5420944558521561,0.4580467675378267,1948,0.0428712010261555,9.574123675156086,0.019637015050494887
3119807,MG,0.4064997336174747,0.5205992509363296,1877,0.09345960008922437,10.70853812934783,0.04865499779925913
3119906,MG,0.2947719688542825,0.3716690042075736,2697,0.05145758628591668,9.18210487256609,0.01912518985381195
3119955,MG,0.4048795552810377,0.4754515390485881,3238,0.03370936283521187,10.188672471538093,0.016027168440348762
3120003,MG,0.6506442021803767,0.7369780456306501,2018,0.32902477173106764,9.3252605914202,0.242484033234433
3120102,MG,0.7399082568807339,0.6586974443528442,2180,0.10631979124414127,9.193085905731353,0.07003257477664375
3120151,MG,0.7688513037350246,0.6697459584295612,2838,0.10751997411470365,9.047555878197013,0.07201106811377381
3120201,MG,0.3970993207270057,0.5578878320760905,5447,0.020978970939565297,9.573353010141737,0.011703912616661387
3120300,MG,0.7765323992994746,0.798316801923655,2855,0.08691905300198494,8.90737430686479,0.06938894041877727
3120409,MG,0.4292682926829268,0.6031323877068558,2870,0.06369159649592969,9.563976690359352,0.03841446467145169
3120508,MG,0.3132893496701225,0.2922442244224422,5305,0.017740552910293184,9.679386972934827,0.005184574126093931
3120607,MG,0.3847347192057089,0.3822857142857143,3223,0.08745274254184696,9.439703076315308,0.03343193414885463
3120706,MG,0.3598981077147016,0.4600802041560335,2748,0.0827580436806612,10.06452921821895,0.03807533763215254
3120805,MG,0.4442153771525588,0.5708991825613079,8246,0.041723165621865226,9.609307878574036,0.02381972114739292
3120839,MG,0.2815044590926716,0.470853573907009,2579,0.1316250622806588,9.254299376415524,0.06197613099058084
3120870,MG,0.5918767507002801,0.5742325113236034,3570,0.04303478783158876,9.000431735529094,0.024711974290811664
3120904,MG,0.4581391061599641,0.5739192399049882,37971,0.046530218656482956,9.868735533756334,0.0267045877239416
3121001,MG,0.7387769529869211,0.6539085306519624,2829,0.08039791828380544,9.131903153847468,0.05257288461243976
3121100,MG,0.3228565319649348,0.3837911552698227,4677,0.02791812756622937,9.442833976666694,0.010714730431613454
3121209,MG,0.3688352570828961,0.4290697674418605,3812,0.04183256558969948,10.051691349053558,0.01794908918906873
3121258,MG,0.5218489517554938,0.6376453128864704,3959,0.05864391820530132,10.434807202565887,0.03739401957290794
3121308,MG,0.5126050420168067,0.5237119437939111,3094,0.05657245440257918,9.471379622768575,0.029627670060367144
3121407,MG,0.3617701946147694,0.3095291732372155,3751,0.061429339456202485,9.8441126680014,0.019014172654386617
3121506,MG,0.4933451641526176,0.538558786346397,2254,0.0679683231426244,9.37686463016489,0.03660493762169152
3121605,MG,0.6187585840237473,0.6432356483340024,22571,0.03210755872901474,9.677591723994116,0.020652726355479854
3121704,MG,0.7339901477832512,0.7552293577981651,2436,0.26808743631044396,9.028857477564962,0.2024675023584931
3121803,MG,0.543206663196252,0.7146027518863737,3842,0.02751711026614276,9.278636787715127,0.019663802720146402
3121902,MG,0.6298867373036171,0.5532292405961675,2737,0.010935147393492885,9.52821292627531,0.006049643288309229
3122009,MG,0.5859053497942387,0.6967059704285982,9720,0.03604622327429044,9.34580737751985,0.025113618966600443
3122108,MG,0.429718875502008,0.5742306391613121,2739,0.0893417903980787,9.181951631333952,0.05130279340410471
3122207,MG,0.5205438959503399,0.639030612244898,3383,0.09272185690673446,9.037775764040235,0.059252104987594346
3122306,MG,0.3483051923321061,0.554902393990563,118155,0.07134765550308954,10.219973595043134,0.03959098484427835
3122355,MG,0.5537709497206704,0.5896168108776267,2864,0.04031425195460352,9.936493945893378,0.023769960670390455
3122405,MG,0.4775897892549718,0.5435911451216179,3369,0.04664764932105745,9.61509364128577,0.02535724911166528
3122454,MG,0.6918604651162791,0.6923960487020445,4128,0.025367595959241075,8.821983168736566,0.01756442320724847
3122470,MG,0.4722351843210453,0.5599658557405036,2143,0.08347540532460604,9.535998544079808,0.04674337677587841
3122504,MG,0.3611111111111111,0.4836795252225519,3024,0.14845780859051702,9.298742123259236,0.07180600237464176
3122603,MG,0.6260268050151319,0.6350890488821523,2313,0.06821176779448727,9.195912831218036,0.04332054673117115
3122702,MG,0.6105702364394993,0.6195716835217132,2876,0.049860623240649216,9.700967180876217,0.030892230282650895
3122801,MG,0.3473684210526316,0.3415841584158416,1995,0.05421903888105721,9.244630940093545,0.01852036476630172
3122900,MG,0.5175215845606908,0.6952471936947695,3938,0.12668988260042555,9.393594091646893,0.08808078534746566
3123007,MG,0.3733632622521511,0.4397559735638027,5346,0.0502062746867299,10.20450286845023,0.022078509203874608
3123106,MG,0.6408952187182095,0.7715795654726952,2949,0.07549353590892904,10.07842090647247,0.058249269632608784
3123205,MG,0.3042372881355932,0.3630997236875157,7080,0.02416763011838597,9.740794843728949,0.008775259818168029
3123304,MG,0.5828355862936183,0.6130536130536131,3181,0.20534569267604733,9.27688056062466,0.12588791882004766
3123403,MG,0.4530075187969924,0.4319478402607987,1064,0.03490556812360165,10.397586287442026,0.01507738476406591
3123502,MG,0.5295489891135303,0.5571428571428572,1286,0.0842445444241105,10.270642818611167,0.04693624617914728
3123528,MG,0.5927932171455488,0.6807974335472043,4246,0.03841699789651511,9.447776381623106,0.026154193572535834
3123601,MG,0.2619470283320315,0.342221071705928,14083,0.035988873908958455,9.821803518510759,0.012316150998613273
3123700,MG,0.4291354945968412,0.5076507650765076,4812,0.04390431819958921,9.259208004480472,0.022288060724183902
3123809,MG,0.724680170575693,0.8112270243417784,3752,0.07556066100627151,9.121062485820925,0.06129685018541549
3123858,MG,0.4698043663169832,0.624038954382368,3527,0.051584926343990256,9.129966576302495,0.03219100349759515
3123908,MG,0.5056,0.4912745747735807,8125,0.05684297753380713,9.525972146461848,0.0279255096167853
3124005,MG,0.6310902651478894,0.6804489072652097,10447,0.05556948765662687,9.687570601308458,0.03781219715323931
3124104,MG,0.4499140838795901,0.5907072527189652,31426,0.04924926775756039,9.195092229047145,0.02909189965548921
3124203,MG,0.5217505700754254,0.7117470382112464,11402,0.0384696532543283,9.738522270958342,0.027380661764781804
3124302,MG,0.6439250505973755,0.7446403341728608,15317,0.1668671975686852,9.227421084702996,0.12425604576003453
3124401,MG,0.3582417582417582,0.2971218961625282,3185,0.09517662327629178,9.722008781948976,0.028279058778198432
3124500,MG,0.3427775958074026,0.3905342213405129,6106,0.048553001237443626,10.038240484794366,0.018961608532010007
3124609,MG,0.5801526717557252,0.70874861572536,1572,0.06082100864069613,9.473030390567343,0.04310680568111354
3124708,MG,0.3501664816870144,0.3389585342333654,1802,0.08748490868739026,10.224891214633312,0.02965375641621762
3124807,MG,0.5522823779193206,0.690900671451725,3768,0.08142901305215883,11.189222661483655,0.05625935979338781
3124906,MG,0.4749061113007852,0.6433950423595858,5858,0.0349407664464432,9.557698560384674,0.022480715907885716
3125002,MG,0.6418503794723527,0.7708115639150122,2767,0.10884119591207506,9.192690650923176,0.0838960524393668
3125101,MG,0.2964195663136661,0.3326989162040708,19830,0.06877227302259474,12.5031045474314,0.022880460699507728
3125200,MG,0.365506329113924,0.5240615976900866,1896,0.07842540983269648,9.728478412891885,0.04109974557642275
3125309,MG,0.5987103174603174,0.7834080717488789,2016,0.1426928661352005,9.7192020820141,0.11178674311129833
3125408,MG,0.5251196172248804,0.4912526242127362,2508,0.05897261493865137,9.10650519808259,0.028970451845299696
3125507,MG,0.6632653061224489,0.6024223275408109,1666,0.08626270645250048,9.275254494822216,0.051966580401085066
3125606,MG,0.6868395773294909,0.6258524488530688,3123,0.06237432407630981,8.949968991498297,0.03903712346871342
3125705,MG,0.5023584905660378,0.5153508771929824,7208,0.03256997631335807,9.591354059277888,0.016784965863243743
3125804,MG,0.3630987581312833,0.5274669379450662,1691,0.13836126898836568,9.361996149883897,0.07298099488348689
3125903,MG,0.6163733438797706,0.6676051672739317,5057,0.0661425484253438,9.360817036337915,0.04415710710542577
3125952,MG,0.5937211449676824,0.7359468653815001,5415,0.05917552126808844,9.222297440469932,0.04355003938456598
3126000,MG,0.4135847232293932,0.5709196170118014,4137,0.0527991910752679,9.630544239440562,0.03014409394722487
3126109,MG,0.2931617010582749,0.4094967134307858,35813,0.018425524734332996,10.1332128905194,0.0075451918219470145
3126208,MG,0.6241360978203083,0.5794200667179882,3762,0.12790892193349718,9.968902121281388,0.07411299608053287
3126307,MG,0.316926167754897,0.4515090543259557,1991,0.03401300035654291,9.601803185431137,0.015357177625771084
3126406,MG,0.5049556598852374,0.5635655138821237,1917,0.055282205410295,9.461047243754633,0.031155144500590023
3126505,MG,0.6602461209202782,0.550034827025772,3738,0.04688218652668036,8.748720719500213,0.02578683535679261
3126604,MG,0.5979674796747968,0.711143166245943,2460,0.07122824165572576,9.403193640935488,0.05065347729718399
3126703,MG,0.6913601665510063,0.8013853335341063,11528,0.060977348732552006,9.539152401148293,0.04886635295206171
3126752,MG,0.6689002759164367,0.7078458362009635,2537,0.08611175157292708,9.477354955549407,0.06095384479886821
3126802,MG,0.719859402460457,0.7248441674087266,2845,0.09141581572046564,9.129608522921444,0.0662622208338905
3126901,MG,0.5145045254119285,0.7055393586005831,4309,0.04442845766313453,9.275045676692825,0.0313460255232611
3126950,MG,0.6811735941320294,0.6905594405594405,2045,0.25571026211053605,9.102478411873742,0.17658313554835967
3127008,MG,0.4730134932533733,0.6497779011660189,6670,0.046890828968644445,10.854158150389447,0.030468624431180542
3127057,MG,0.7797938144329897,0.7020879940343028,2425,0.1204431533107447,8.97051310194958,0.08456169190310674
3127073,MG,0.7970956030657523,0.7691780821917809,2479,0.056109400056806424,8.89398423719472,0.043158120728625765
3127107,MG,0.3629020305320883,0.5494838901164133,26988,0.040693919470859444,10.381925480816983,0.022360653174931903
3127206,MG,0.383063063063063,0.4793303723949436,2775,0.057015347314371266,9.433837020795432,0.027329187660424626
3127305,MG,0.4444109671587827,0.5733824302998421,3319,0.12955429270872254,9.432583459549225,0.07428415520910445
3127339,MG,0.7091818506609503,0.7616993030202456,2799,0.09746016783180114,8.971380283636474,0.07423534190971909
3127354,MG,0.6775135586149353,0.7614429790535299,2397,0.03174374118174761,9.178690417963313,0.024171048851734118
3127370,MG,0.361300471945464,0.5461501673840268,1907,0.16850151673384964,9.350076185247438,0.09202713156865437
3127388,MG,0.4695652173913043,0.5898496240601504,2530,0.09406157565967423,9.627479877146882,0.055482185041364235
3127404,MG,0.2384158415841584,0.1799576570218772,2525,0.03559197801053167,9.57279146715024,0.006405048971549453
3127503,MG,0.4308053166536356,0.5241658871219208,2558,0.11151821677377446,9.027777939957684,0.05845404502548016
3127602,MG,0.6074037993180711,0.6959252227252811,6159,0.06937881489452632,9.30340469067977,0.048282467207889285
3127701,MG,0.2893094590510728,0.4874347071026509,132360,0.057406285930069266,10.01382179205111,0.027981816168174342
3127800,MG,0.7202220222022202,0.7310555703270407,6666,0.06342664500858369,10.59013670350466,0.0463684021406809
3127909,MG,0.4027777777777778,0.4516711833785004,1080,0.07266818874932869,9.937635054285185,0.03282212680638152
3128006,MG,0.4562025675579828,0.4916227860220201,14099,0.039751441208154915,9.923057267472375,0.019542714275143657
3128105,MG,0.3384260593831075,0.4795098168401634,6938,0.02341100013730909,9.723129919981135,0.011225804387886121
3128204,MG,0.6651385290013953,0.6876440347456125,5017,0.04720121529350105,9.039251341743485,0.032457634129319374
3128253,MG,0.802667474992422,0.815688285055114,3299,0.12703387439020447,9.39946821143672,0.10362004314525265
3128303,MG,0.5092379906122041,0.6637870855148342,10013,0.024496821664859097,10.03928805078953,0.01626067385729347
3128402,MG,0.5468682505399568,0.5716406829992576,4630,0.05804799106661413,9.554954785315594,0.03318259326005411
3128501,MG,0.504828797190518,0.567222006974041,2278,0.07291033030840793,9.372421804004858,0.0413563438866754
3128600,MG,0.4341846758349705,0.6033266129032258,3563,0.030930590617740183,10.937370469238937,0.018661248472497477
3128709,MG,0.4040537906840771,0.5503318584070797,25655,0.01633208761576549,10.574235491135235,0.008988068129251472
3128808,MG,0.5156930126002292,0.6098800569221386,4365,0.07455235984407867,9.453973486012691,0.04546799746538646
3128907,MG,0.3565764925373134,0.4970649895178197,4288,0.051811746486701185,9.877329809959425,0.025753805224312056
3129004,MG,0.5635491606714629,0.6743159752868491,5004,0.06324631383356397,9.252633920046136,0.04264799979597782
3129103,MG,0.4909677419354838,0.6403361344537815,3100,0.04314191764797112,9.971206822312778,0.027625328779625206
3129202,MG,0.4311614730878187,0.4192413966340115,3530,0.041646985769173764,9.604997229719121,0.01746014047946521
3129301,MG,0.4078971200869408,0.5740584360749873,5521,0.03466154119248047,9.12125719822276,0.01989775012890409
3129400,MG,0.6987083208170621,0.711308696860239,3329,0.06772711750852893,9.489346931485514,0.04817488769709199
3129509,MG,0.4280097360044935,0.545535932286156,10682,0.027731112706700214,10.602660083206217,0.015128318423782169
3129608,MG,0.7853246044735407,0.8469586374695863,3666,0.03407994428076895,9.000578328137895,0.028864303173079493
3129657,MG,0.7748800959232613,0.7276736493936052,3336,0.06213923194217401,8.949268995218443,0.04521708167787745
3129707,MG,0.3450589005235602,0.3394855398924575,6112,0.034611222368185326,10.57536460154469,0.011750009512001298
3129806,MG,0.4053366589699581,0.6062323644294393,80987,0.03016280008859647,9.442352560738454,0.018285665615522338
3129905,MG,0.1943835015357613,0.3631067961165048,2279,0.15792666076194742,9.580923317677088,0.057344243810648864
3130002,MG,0.4348378893833439,0.3968850698174006,1573,0.07776115263877309,9.448897717256317,0.030862240494121004
3130051,MG,0.7525063888342834,0.7900777489818586,5087,0.10931950737081944,8.825603466559485,0.08637091030334272
3130101,MG,0.3938712972420837,0.5494277321989264,19580,0.027947032344744667,9.696611919216366,0.015354874602863106
3130200,MG,0.3578242338136797,0.6323699421965318,4927,0.024929621851021516,10.460857045844815,0.01576474352891187
3130309,MG,0.4659523809523809,0.4778761061946903,4200,0.06426306834376924,10.584914709044435,0.030709784872243708
3130408,MG,0.3545353982300885,0.357997557997558,3616,0.06946435482888613,10.678835311971277,0.02486806939661711
3130507,MG,0.4747352496217851,0.5323800357486594,6610,0.03388210391479957,9.635598013612075,0.018038155693400792
3130556,MG,0.584551724137931,0.6433216608304152,3625,0.083312558372563,9.117141581430612,0.05359677342026815
3130606,MG,0.3479685452162516,0.445954045954046,4578,0.0600552288684208,9.50765454153678,0.02678187229456848
3130655,MG,0.5483684666474156,0.6335697399527187,3463,0.09469609486153772,8.974726340121775,0.059996580195962435
3130705,MG,0.5107561929595827,0.6475709070485819,3068,0.15134790347449634,10.879488393452961,0.09800849913288082
3130804,MG,0.4475935828877005,0.4093193238921882,1870,0.09518009753296565,10.017062334301231,0.03895905317018603
3130903,MG,0.3831210704497824,0.6208878731214073,12406,0.05632758257499996,9.444397545304499,0.034973112943062164
3131000,MG,0.4029084687767322,0.5108257804632427,3507,0.05493433855908305,9.802754861876162,0.028061876368675603
3131109,MG,0.543864229765013,0.6410614525139665,3830,0.05140836143248527,9.200448295754024,0.032955918851271984
3131158,MG,0.425,0.7079836233367451,9000,0.08288827245803446,9.005116171395416,0.05868353946696257
3131208,MG,0.4330462863293864,0.5634935136122785,9290,0.21587431939597335,9.288270214409225,0.12164377873509627
3131307,MG,0.2588656774224783,0.4693972832168609,123933,0.03776935233441062,10.686776496661935,0.01772883137463275
3131406,MG,0.5952602230483272,0.6223776223776224,2152,0.05708413314003465,10.008558721143869,0.03552788705918241
3131505,MG,0.3238095238095238,0.5065663036515055,5565,0.04854928346221033,9.504431783957868,0.02459343106838105
3131604,MG,0.3963662443222567,0.6029650220060228,4183,0.11984223074919119,10.45040371863748,0.07226067330093693
3131703,MG,0.4179408597697341,0.5199511107915739,60365,0.057317861624203596,10.925748685702763,0.029802485819702382
3131802,MG,0.4307577454273983,0.5574924572577942,5358,0.0762030452107316,9.195509638289685,0.04248262292505754
3131901,MG,0.4018858959833339,0.3922225606660575,27361,0.030535222550498668,11.4903189338075,0.011976603179264531
3132008,MG,0.77554882664648,0.7862391449565799,2642,0.0614554297153999,9.303661583942771,0.04831866451237521
3132107,MG,0.6897295924844484,0.7538692538692539,7877,0.04493576965839941,9.262746210083986,0.03387569514441822
3132206,MG,0.3894457547169811,0.3695144118410802,6784,0.08350538990457888,9.939515425609377,0.03085644503615054
3132305,MG,0.6322815533980582,0.4610945644080417,4944,0.04319715431161675,8.862302416401944,0.019917973050981884
3132404,MG,0.2232600299519193,0.3414256679905278,50748,0.021931266598207183,10.342637981700253,0.007487897348171238
3132503,MG,0.5846796276013143,0.6653164863067529,14608,0.019130649910859342,9.603634905058867,0.012727936779457534
3132602,MG,0.5347896440129449,0.7033202427704391,2472,0.14938456519173968,9.522078783196429,0.10506518865681085
3132701,MG,0.6389696301493435,0.7635298173043779,9977,0.04386072490365926,9.366830697178372,0.033488971272528534
3132800,MG,0.5631399317406144,0.6537795729948067,1465,0.05143670658885397,9.3722041272359,0.03362826806992011
3132909,MG,0.3647798742138364,0.4721815519765739,5883,0.02403677645296415,9.804666475316486,0.01134972241007458
3133006,MG,0.2797734002832496,0.3275372604684173,7767,0.033877575641779734,10.935068867031566,0.011096168317020118
3133105,MG,0.3483011165806219,0.3620726958026828,8329,0.02597942797113875,10.178653982381064,0.00940644152092183
3133204,MG,0.5062233868326237,0.5597849158058582,6106,0.08145036557571968,9.158210621869857,0.04559468603616061
3133303,MG,0.5276461295418642,0.5088560885608856,9495,0.044313719087512256,9.461266552311915,0.022549305764457343
3133402,MG,0.3844070695553022,0.5605187319884726,7016,0.03900380447931278,10.210440432190378,0.021862363029470706
3133501,MG,0.4337245426303072,0.4120503870086507,11588,0.016240875919739203,10.00918459199815,0.006692059208088015
3133600,MG,0.2429563874951756,0.3601986249045072,5182,0.07119051584512326,10.8867107823575,0.02564272591365593
3133709,MG,0.2818550905683947,0.4393162393162393,6404,0.06700426882382472,11.85194302988632,0.029436063397817014
3133758,MG,0.3267083793399583,0.4127831010452961,8151,0.024322412365936165,10.255775467763412,0.010039880801313588
3133808,MG,0.2283595421591641,0.2836483913770889,48139,0.022979366712971648,10.420638995264138,0.006518060402998631
3133907,MG,0.5761517615176152,0.6955984174085065,3690,0.03979505930130879,9.118838288649727,0.02768138027066806
3134004,MG,0.75682724762197,0.7185005701254276,6518,0.042075894891780354,9.01443675717228,0.03023155446828175
3134103,MG,0.3297035692679976,0.5456885456885456,3306,0.22637601356904918,9.372605088008632,0.12353079762326492
3134202,MG,0.4964989955335375,0.6969121632117645,51271,0.0342002669139915,10.192041639380076,0.023834581997449554
3134301,MG,0.3894268516095263,0.4058068872383524,3821,0.02935339810141036,9.196655895330897,0.011911811113401501
3134400,MG,0.5159595757454473,0.6682716792444094,19988,0.0414015663128269,10.924531795003043,0.027667494243221603
3134509,MG,0.445273631840796,0.4160852001468968,2412,0.0603703437346125,10.324909383931017,0.025119206555753202
3134608,MG,0.4354117897424984,0.509126594700687,9398,0.04129890557603425,9.313498342954235,0.02102637116079153
3134707,MG,0.6367538041357784,0.580928270042194,5126,0.07707189031212992,9.03705242865476,0.044773239907907374
3134806,MG,0.2333079461792333,0.2887854609929078,3939,0.026877810820207324,9.612545387218455,0.007761920988193737
3134905,MG,0.1824771007566706,0.1765318262938727,12555,0.050108933307335644,10.204994254432263,0.008845821510381829
3135001,MG,0.3951032165146423,0.6169429097605893,2083,0.08149860497526343,10.038324510592869,0.05027998649486786
3135050,MG,0.6370802146121746,0.8077334283677833,15097,0.07013035307980262,9.537822596137651,0.056646630525792094
3135076,MG,0.6722460101206695,0.7755593803786575,2569,0.10933708454501408,9.225362707738073,0.08479740154214001
3135100,MG,0.5488370663962885,0.736179603847097,32547,0.04770823329494941,9.668036055800256,0.03512182828732074
3135209,MG,0.7521259949656439,0.8279188449091361,29398,0.023124730060860493,9.228784302819864,0.019145399800823196
3135308,MG,0.3917975567190226,0.4666666666666667,2292,0.0760889682160152,9.724900321830432,0.03550818516747376
3135357,MG,0.8039803124331265,0.844831074246409,4673,0.08180863067643228,8.854015997716765,0.06911447333699801
3135407,MG,0.4867995689655172,0.461859210203581,3712,0.08263895111306119,12.22782508643929,0.03816756069313078
3135456,MG,0.7161764705882353,0.5986717267552182,2720,0.08695771170961633,9.135749312887611,0.052059123423878466
3135506,MG,0.6723248460642369,0.6976675957165909,6009,0.05627425916037962,9.321631899990187,0.03926072708915439
3135605,MG,0.6800445930880713,0.8235157159487776,3588,0.04312926221644492,9.240741001991678,0.0355176252525182
3135704,MG,0.4113038612199216,0.4965226030799801,3574,0.06010069703402988,9.758910584928257,0.029841354538257755
3135803,MG,0.7548541272528129,0.7483592555965117,10043,0.042312661047945996,9.107812346768156,0.03166507152414838
3135902,MG,0.4027777777777778,0.4756209751609935,2736,0.047837483536461486,9.45676044175231,0.022752510568859782
3136009,MG,0.7495792662403231,0.7249595528754229,5942,0.04270143678888896,9.076033671925702,0.030956814521611076
3136108,MG,0.4611111111111111,0.6515949210281821,2700,0.03554405323579028,9.754804354891004,0.02316032456119627
3136207,MG,0.3972592173600041,0.5256419129351512,38894,0.02420503114722308,10.51470833217223,0.012723178874881256
3136306,MG,0.4437692646411272,0.6386111965549062,22710,0.034741798692054966,10.316921075444114,0.022186501633202897
3136405,MG,0.5590349075975359,0.5703872437357631,1948,0.14242068448900155,9.15402194138596,0.08123494167664234
3136504,MG,0.6402023312073895,0.6775153800357214,4547,0.055861692022782565,9.038391548039822,0.03784715550025396
3136520,MG,0.6865079365079365,0.5419654154365247,2016,0.09550623877245963,9.201666904947595,0.051761078373096
3136553,MG,0.6527472527472528,0.6679566563467493,2275,0.08366832566107076,9.253579855137335,0.05588681505069974
3136579,MG,0.7427267541357673,0.7426540284360189,1753,0.09144994776619189,8.944466653517287,0.06791567210882592
3136603,MG,0.524904214559387,0.6257885440322988,3393,0.030745817819796333,9.616691178445436,0.019240380568532653
3136652,MG,0.3789240867579909,0.5249852594339622,14016,0.09776080174303171,10.725643519863056,0.05132297986553765
3136702,MG,0.4764095543466513,0.6329193283291255,277570,0.04170256795986402,10.310581819632995,0.026394361302756842
3136801,MG,0.6583956492182189,0.7362768496420048,2942,0.25936731534709606,9.099584832971797,0.19096614984386429
3136900,MG,0.3190709046454767,0.503582395087001,5726,0.06345365567203046,9.595637303749756,0.03195414390034696
3136959,MG,0.7002419842710224,0.6914335664335665,3306,0.051920898068885446,9.095926849361668,0.03589985172420314
3137007,MG,0.6732263076126359,0.6481334392374901,5793,0.08852952337200687,8.790608323734478,0.05737894445715457
3137106,MG,0.3780349444066258,0.5687552565180825,4407,0.021529203723757148,9.994060496222815,0.012244847786535553
3137205,MG,0.2798988621997471,0.3545689289705939,23730,0.03069380741723249,10.346207283394236,0.010883070421957795
3137304,MG,0.595591542959964,0.7353407290015848,2223,0.04396603526872945,9.222439528996983,0.0323300164258169
3137403,MG,0.4165159734779988,0.4552209620649198,6636,0.07391170959877927,9.752064819389378,0.033646159551419266
3137502,MG,0.3701412516754304,0.4826727934137469,9699,0.0401865431306879,9.860903287807353,0.019396951030531153
3137536,MG,0.5192748489268597,0.587775825034173,4799,0.03170316870758236,10.14411643511541,0.018634356143296796
3137601,MG,0.2895281786613145,0.2941912307149501,31389,0.01641906165571866,10.167540393917854,0.004830343955680519
3137700,MG,0.4745021855269548,0.6228340223414548,10295,0.038001592160274975,9.758950704737583,0.023668684500563558
3137809,MG,0.2902145378835883,0.4683766396524355,11047,0.0250512581703348,9.649026479972909,0.011733424120887034
3137908,MG,0.6617250673854448,0.7203672787979967,2226,0.06216716293059161,9.414623272876202,0.044783189990901966
3138005,MG,0.4605861546235472,0.6495251331943479,3958,0.04173832060717275,9.344808917437163,0.027110088251682277
3138104,MG,0.6388973966309341,0.6849945828819068,3265,0.04317270105230147,9.872705831721236,0.029573066349206506
3138203,MG,0.3590847304032623,0.427891818999101,48554,0.027514379573144964,10.147095454375739,0.011773177924184707
3138302,MG,0.3593466424682395,0.3267665952890792,2204,0.07122066339129933,9.427290954027539,0.023272533690604447
3138351,MG,0.6707679253288078,0.5908366533864542,2357,0.05968804631395992,9.225644835931782,0.035265885531315766
3138401,MG,0.5277983143575337,0.6995352258668539,27052,0.014948841321283239,9.871136889340919,0.010457241090131629
3138500,MG,0.5663841807909604,0.5912747524752475,2832,0.05017335224903447,9.559565438235765,0.02966623643190126
3138609,MG,0.638405036726128,0.6895566502463054,9530,0.009704719633254536,9.718802218076089,0.006691953961886552
3138625,MG,0.5615421455938697,0.7204830053667263,4176,0.14029766638374058,10.861320137401579,0.10108208432209574
3138658,MG,0.7662310286677909,0.8326840670042852,4744,0.05672620173721204,8.951587473872468,0.04723500436824727
3138674,MG,0.4371941272430669,0.5162988966900702,3678,0.04718616139335763,9.464086546785355,0.02436216306643013
3138682,MG,0.8470209339774557,0.8821333333333333,3726,0.06781534710594901,8.877502242543926,0.05982217819372782
3138708,MG,0.5047753802617616,0.3733092876465284,2827,0.04638996654005512,9.719305079392313,0.017317805363014263
3138807,MG,0.3037836659033911,0.3714014251781473,9171,0.03391197505830071,10.231885076302373,0.012594955867258667
3138906,MG,0.638520192036148,0.6093059526904081,3541,0.09738841847647527,9.35228912230122,0.0593393431008209
3139003,MG,0.2670749172798656,0.362940207470727,20249,0.03664704338843718,10.138911758264292,0.013300685530588127
3139102,MG,0.5341789992952783,0.4988962472406181,2838,0.09690391859455759,10.37756802821409,0.048345001329735134
3139201,MG,0.6287572077045761,0.6726159045305734,8151,0.028570589737077032,9.247728885257153,0.019217033058975985
3139250,MG,0.6881003201707577,0.8257907542579075,3748,0.23686755072684995,8.899322186354146,0.19560303337394858
3139300,MG,0.6775029700831623,0.7539058801249882,9259,0.048066906050436335,9.256643285222976,0.03623792311083932
3139409,MG,0.3920143792527924,0.5700714302893287,38945,0.0273219611246767,10.065264744255632,0.015575469456653881
3139508,MG,0.4422720533728688,0.5639634986225895,10792,0.019706399621452847,9.951213473182083,0.011113690075769421
3139607,MG,0.3591177146358275,0.6020025031289111,13057,0.10603777633775739,9.561623818005373,0.06383500678155357
3139706,MG,0.4039488966318235,0.4973227671878346,4305,0.034724680255347355,9.788195402431551,0.01726937407430211
3139805,MG,0.4337104728749637,0.5159373311723393,6894,0.09452121922796439,9.508291734698195,0.048767025587631546
3139904,MG,0.2737682165163081,0.4263557822421151,8646,0.025195347022040036,9.372150221613323,0.010742181888443425
3140001,MG,0.6259090193609318,0.6902038055465695,31765,0.034272564172395575,10.732510269668872,0.02365505421762644
3140100,MG,0.5942211055276382,0.6188243779300396,2388,0.14850610121012836,9.21819526622875,0.09189919570017319
3140159,MG,0.3629277315365306,0.4947145877378435,7569,0.0886101120379218,9.236605156963899,0.043836715046244604
3140209,MG,0.4578544061302682,0.6073810582481103,2088,0.04724916843201517,9.82832617525076,0.02869824992358058
3140308,MG,0.450486136118113,0.5916069600818833,2777,0.0727735319972599,9.274090377569292,0.0430533280393206
3140407,MG,0.4112250404749055,0.5253500724287784,1853,0.1842083664904804,9.360727822093109,0.09677387867776083
3140506,MG,0.3315751960085531,0.3679704991439483,7015,0.04031399472177764,10.130398940366787,0.014834360760259017
3140530,MG,0.5486218302094819,0.6713241616509028,4535,0.029467688479622285,10.085904497799698,0.0197823712643724
3140555,MG,0.5757724374693477,0.5832765280618042,4078,0.18591117438310203,8.985670909220874,0.10843762432206838
3140605,MG,0.7468531468531469,0.7343378271213322,2145,0.06714184998699024,9.1840953502027,0.04930480022835286
3140704,MG,0.3471590909090909,0.4473457322330336,15840,0.01644899974860943,10.028909941515346,0.007358389837042671
3140803,MG,0.5040908535840762,0.656670113753878,8189,0.02515953180116725,10.519805487237027,0.01652151260986681
3140852,MG,0.7815916603101958,0.8069077422345851,3933,0.11015378311854288,9.250143929513468,0.08888394043478158
3140902,MG,0.540802778061485,0.6698510817645406,9791,0.06684612449666916,9.917864250965767,0.044776948805860986
3141009,MG,0.6174964438122332,0.7131905894792493,7030,0.0518867297082449,9.212041833806218,0.03700512734677366
3141108,MG,0.3908738260514495,0.4585498183824543,19592,0.048731284295922904,10.211594467586728,0.022345721563439194
3141207,MG,0.3727230266230733,0.458281956432388,2141,0.06930202261254458,9.812787538509184,0.03175986650759852
3141306,MG,0.3791208791208791,0.3778932451582428,2002,0.06978647497172703,10.408896783897799,0.02637183749522042
3141405,MG,0.6509056444818871,0.6884651162790698,9496,0.06487960691170065,9.225765282090697,0.044667346116604334
3141504,MG,0.544284400858106,0.5806622516556291,3263,0.12290871358340465,9.070646686657124,0.07136845037743655
3141603,MG,0.6351885098743267,0.6756177924217462,5570,0.058352100438677966,9.317939052714653,0.03942371728155162
3141702,MG,0.4261508951406649,0.6000566893424036,3128,0.02458057133057747,8.998167135605192,0.014749736254771119
3141801,MG,0.798649142022636,0.7660450472269315,10956,0.051450718942674695,9.157562572152457,0.039413568422300815
3141900,MG,0.3652465294399234,0.4751150146382267,2089,0.07494183843641189,9.787374707576728,0.03560599266573145
3142007,MG,0.6774338942307693,0.7928350999597478,6656,0.05440088096529316,9.142350695789625,0.04313092789801654
3142106,MG,0.5559046386989466,0.6427557937884282,5411,0.11375355959237053,9.400774935430432,0.07311575949205339
3142205,MG,0.4215240052855674,0.6370502609173304,6811,0.03209313338593283,9.74022679202342,0.0204449389971632
3142254,MG,0.7566433566433567,0.8035933033891384,2145,0.07885455980476805,8.952131215393564,0.06336699620080992
3142304,MG,0.4056144371240332,0.4415188470066519,3491,0.037304430223713374,9.380093471328776,0.016470609020614025
3142403,MG,0.3507662369253223,0.4549483013293944,4111,0.05913108217581821,9.622052362528066,0.026901585391657323
3142502,MG,0.6103603603603603,0.5964332892998679,1332,0.1021300963017529,9.43918194440503,0.06091378927376676
3142601,MG,0.4020233120738948,0.5128593040847201,4547,0.07768144631120888,9.917370843122542,0.039839652495461134
3142700,MG,0.6929123367972289,0.730788116867174,7506,0.04333405546171702,9.077204774791479,0.031668012787085864
3142809,MG,0.4715992454412073,0.6465992647058824,9542,0.031288811224193046,10.137479235575979,0.02023132233108438
3142908,MG,0.6245346869712352,0.7784983976804517,11820,0.07739070281654224,9.131636556012227,0.06024853813804216
3143005,MG,0.4149543378995434,0.5203148806500761,7008,0.021310652352109705,9.904026102484481,0.011088249535163226
3143104,MG,0.4690123613044762,0.6533363121834972,23703,0.04199260715952656,10.074922251331552,0.027435295100575404
3143153,MG,0.7442636629119733,0.6108786610878661,2397,0.06588334340446214,8.861465915825342,0.04024672860690993
3143203,MG,0.3551589195380357,0.4525125835464972,10477,0.0225489671679632,9.842078398107851,0.01020369138948017
3143302,MG,0.4183593708173164,0.6200466898120436,186782,0.047353057974526686,10.05993568140746,0.029361106849583065
3143401,MG,0.1720284186157899,0.2642030207774285,12527,0.031620549854725774,9.769084174889908,0.008354244790261828
3143450,MG,0.7002660360626662,0.7698133621855558,3383,0.055232643474899826,9.037760937283581,0.042518826975808735
3143500,MG,0.3857239360504391,0.5027016595908915,4441,0.08345601124731264,10.471887272310553,0.04195347535686017
3143609,MG,0.6899271844660194,0.6439199589533093,1648,0.1324670841097456,9.837876645236804,0.08529819936261196
3143708,MG,0.6626262626262627,0.5615044247787611,1980,0.08112109366801695,9.224656588224141,0.04554985303748386
3143807,MG,0.3567005201882586,0.4052391799544419,4037,0.05021684771565404,9.59615782841279,0.020349834188188733
3143906,MG,0.4071236122523073,0.6416467444803825,52333,0.027027542295516425,9.900008289075593,0.01734213452522396
3144003,MG,0.4427159057865659,0.6017352185089975,13756,0.0487828845827571,9.548808192544861,0.029354379713904546
3144102,MG,0.3764110225763612,0.5382517800333283,12048,0.024842855702862012,9.852695045109966,0.0133717113031766
3144201,MG,0.6582976117575016,0.7468714448236633,1633,0.1086957796101664,9.092126208914975,0.08118177396367945
3144300,MG,0.4698616035685691,0.5785491115016599,17486,0.034751735213355006,9.761440010868307,0.020105585530827485
3144359,MG,0.4966091245376079,0.6757500688136526,3244,0.1010357710944767,9.280698502167018,0.06827492926973308
3144375,MG,0.6491410723581468,0.774087932647334,1921,0.08020613975387324,9.539109943831448,0.062086604907698885
3144409,MG,0.2787495347971715,0.2836771844660194,2687,0.03371158970737544,9.678148610658482,0.009563208852061906
3144508,MG,0.5444524323028996,0.5458184116283968,4173,0.03634505089772761,10.500964757421603,0.019837797951550922
3144607,MG,0.3634829305715382,0.4678278015116661,13035,0.016953345281979414,9.749239522506416,0.007931246251536605
3144656,MG,0.6238666993383974,0.6523320496362859,4081,0.08985197982487214,9.023835860748962,0.05861332616303705
3144672,MG,0.5276902296262944,0.5949560565533053,2221,0.21776202790907498,9.446171148157841,0.12955883739183405
3144706,MG,0.5236073721267344,0.6331301737469298,9658,0.020949422051291106,9.883177043691548,0.0132637112232317
3144805,MG,0.392790147622543,0.4295744287737882,49044,0.048818429981638004,11.62308424353518,0.02097114917299532
3144904,MG,0.5855085508550855,0.5868055555555556,2222,0.11679748949895914,9.398046724614428,0.06853741571293089
3145000,MG,0.4634081902245707,0.6069174450896239,7570,0.12203824499411708,11.221101318106683,0.07406713985505112
3145059,MG,0.6501920614596671,0.8271425606972401,3905,0.1676865838492893,9.550736138152677,0.13870071035967363
3145109,MG,0.3306004618937644,0.4699086230437979,8660,0.037969376948519575,9.717498834403125,0.017842137639709755
3145208,MG,0.2091178878428162,0.2619310649580203,39088,0.04141712347098702,10.076176229169942,0.010848431258253449
3145307,MG,0.7300254452926208,0.6856797947789347,11790,0.04068976556513944,8.92823974884604,0.027900150102307775
3145356,MG,0.7152446946730187,0.6788008565310493,4618,0.06484831271899862,9.0661637041505,0.044019090218249596
3145372,MG,0.625,0.633993399339934,2728,0.09547447512093313,9.185007975780627,0.06053018703211635
3145406,MG,0.6536585365853659,0.6704617330803289,1435,0.031568627365545915,9.518777393598075,0.02116555661447101
3145455,MG,0.7712439418416801,0.775226586102719,3095,0.06394694196916728,10.169787360891684,0.04957336951446623
3145505,MG,0.5088253195374315,0.4723788049605411,1643,0.03347606218086856,9.407945383384124,0.015813382247783454
3145604,MG,0.3629670531934474,0.3724904935192378,21732,0.028198649052459716,9.937854895045804,0.010503728702126507
3145703,MG,0.7068166776968895,0.7453646477132262,1511,0.06630708981585251,9.585352707833833,0.049422960641482154
3145802,MG,0.3205187586845762,0.3942908117752007,2159,0.08062201034135083,9.702344947608207,0.031788517904439845
3145851,MG,0.723293768545994,0.7266922094508301,2696,0.042652637932116086,9.297991742103697,0.030995339697795724
3145877,MG,0.6042377009254749,0.7197224087754646,4106,0.059774971794805086,9.284979831156894,0.043021386684642574
3145901,MG,0.4189491735340351,0.5153929735603042,20993,0.048275890213265664,11.553741283760159,0.02488105460828578
3146008,MG,0.2177443429458475,0.2772529455471818,16749,0.027644639748383572,9.968778549520232,0.007664557798830047
3146107,MG,0.6457115245228316,0.6061807008950438,41390,0.029903282636716346,11.433409485594257,0.01812679282778731
3146206,MG,0.5924620390455532,0.6102390726877566,3688,0.13200739393060135,9.015104067912574,0.08055606966013755
3146255,MG,0.7464342313787639,0.6506639427987743,2524,0.09054313047389335,9.07873835056062,0.0589131502674873
3146305,MG,0.5691580191777224,0.6937507193002647,7613,0.05907112299901426,9.061914182916986,0.04098063407044055
3146404,MG,0.5244596131968146,0.5592042942848121,2637,0.06229371013996443,9.488123276345782,0.034834910217201455
3146503,MG,0.3846153846153846,0.4156862745098039,4628,0.02818393831735388,10.454352083152605,0.011715676320154945
3146552,MG,0.7574793125397836,0.858712236801953,3142,0.1040070094032009,8.898951941604015,0.0893120916877044
3146602,MG,0.6129326047358834,0.5831244778613199,1098,0.06512799240736039,9.642503442708767,0.03797772656669804
3146701,MG,0.5899972519923056,0.7047325102880658,3639,0.03783412506528028,9.308735133386813,0.0266629379318076
3146750,MG,0.6795107033639144,0.5970596242853253,3270,0.06245222009234782,9.065046492887427,0.03728769906412163
3146909,MG,0.4613162521979402,0.5368433022515351,7962,0.05156542499160626,9.725095728030034,0.02768255303449774
3147006,MG,0.3466512872113284,0.482085448392555,40747,0.03565321023075881,10.751369931631015,0.01718789384072939
3147105,MG,0.2504276270167814,0.4388145106689671,43262,0.06239550863314351,10.346895615401131,0.02738005458879418
3147204,MG,0.366582892798336,0.4276224316391163,11539,0.026568438634954325,9.997019821925283,0.011361260333933813
3147303,MG,0.2686324167872648,0.2544016954678839,11056,0.014792173792089471,10.060585175256874,0.0037631540923631587
3147402,MG,0.3722101673899566,0.5135442587984358,12904,0.033701374392705374,10.333047053895207,0.017307147332990467
3147501,MG,0.5146252285191956,0.5616956850870553,1094,0.14042473627272195,9.385121552219827,0.07887596844387561
3147600,MG,0.400111919418019,0.4492520831241843,8935,0.023063177140890113,10.035257928806304,0.010361180374006951
3147709,MG,0.4854845913354176,0.5118815738215816,4478,0.02507689722313181,10.31189867847341,0.01283640161713876
3147808,MG,0.4445224719101123,0.4011194029850746,1424,0.07259356654016179,9.673300208891854,0.029118688071146984
3147907,MG,0.3707584923220102,0.529469515986517,53725,0.029512622753094006,9.989395048193257,0.015626034084573352
3147956,MG,0.7962466487935657,0.7836369447107702,2984,0.0945911142810906,8.961067422434382,0.07412509179202113
3148004,MG,0.2785928913673154,0.5069581753838016,73882,0.0186393564636946,10.346301112338322,0.009449374143162883
3148103,MG,0.2952436194895592,0.5179578446298003,43100,0.023992795462053865,10.374354998231922,0.012427256624169073
3148202,MG,0.484585201793722,0.65979650404383,3568,0.07810623458545968,9.683060583975895,0.05153422052351358
3148301,MG,0.6625547154795066,0.7298239178283199,5026,0.04023869820037753,9.223262691484182,0.029367164368910896
3148400,MG,0.7407718120805369,0.7348512669849431,2384,0.03136501586732017,9.1964267428891,0.02304862164910307
3148509,MG,0.6504936530324401,0.546377153646448,3545,0.16946651966995696,9.032057341951049,0.09259263465564088
3148608,MG,0.6135714285714285,0.6761857462130618,7000,0.026450225655375723,9.317907058688599,0.017885265572284106
3148707,MG,0.5621866089863337,0.6499738265573198,10171,0.024130607926580804,9.417322112779024,0.015684263571194117
3148756,MG,0.5417208214192878,0.6195421288647628,3847,0.20850165355342476,9.148088453723952,0.12917555831431202
3148806,MG,0.7061422889969068,0.7898635477582846,2263,0.11280606195858785,9.410063404471348,0.08910139630725106
3148905,MG,0.3268733850129199,0.4284692417739628,2322,0.1047446077472848,10.052148621201875,0.044879842661390265
3149002,MG,0.6003490401396161,0.6691904484566104,1719,0.10759721668534344,9.41783073575534,0.07200302968634806
3149101,MG,0.3495506662534862,0.3331506098396601,6454,0.025601527816002036,9.363390372601282,0.0085291646047281
3149150,MG,0.8067078552515445,0.8803539111200482,4532,0.06910922455991293,8.886209375162446,0.060840576135793044
3149200,MG,0.4312617702448211,0.5293372731110173,2124,0.031403114030438314,10.37189552163797,0.016622838748066547
3149309,MG,0.3488706177216737,0.4122003994673768,32717,0.033950740785023206,10.013456489666135,0.013994508913799927
3149408,MG,0.7319778188539742,0.6316105769230769,1623,0.04125525344627584,9.418549955785817,0.02605725443031004
3149507,MG,0.526948989412897,0.5801354401805869,2078,0.05602139015445271,9.473215776995218,0.03249999383678182
3149606,MG,0.3894649523019494,0.5638686131386861,2411,0.08473217716042421,9.523127138816834,0.04777781522366985
3149705,MG,0.1660771135479306,0.2023620659263176,5654,0.08709397951798124,9.779644544132607,0.017624517625003076
3149804,MG,0.3394634084897342,0.3254901960784314,7939,0.02155486195769555,10.653038859576153,0.007015896245053846
3149903,MG,0.3573377938198785,0.5432631909547738,11359,0.024220421335274286,10.045432153643121,0.013158063380870192
3149952,MG,0.4688741721854305,0.6114258734655336,3775,0.07044671394161879,9.472064061027732,0.04307294360453085
3150000,MG,0.5978682170542635,0.5467386788533444,2064,0.1396653965891416,9.125083118695578,0.07636047441267567
3150109,MG,0.5609756097560976,0.6690550828481863,2009,0.11019983115725553,10.248352166899664,0.07372975716477373
3150158,MG,0.3911939034716342,0.587708066581306,4724,0.07818224419898966,9.271241410815524,0.04594833557917574
3150208,MG,0.6620660811375993,0.6683115967571378,2391,0.0746240958922276,9.392682057392031,0.049872148682292394
3150307,MG,0.5286069651741293,0.5437804030576789,2412,0.041298767672572026,9.578975311306335,0.022457460530776657
3150406,MG,0.4243641231593039,0.5445979899497487,2988,0.1048638708811523,9.475557041992767,0.05710865330022553
3150505,MG,0.396551724137931,0.5069529652351739,4350,0.027006441228618196,9.999803114641454,0.013690995461297446
3150539,MG,0.5754560530679934,0.6824080749819755,2412,0.18909387845948186,9.023488749724136,0.12903918959041066
3150570,MG,0.7581898945030539,0.7978032950574139,3602,0.05615676337403283,8.992838420261412,0.04480205085956289
3150604,MG,0.5608585858585858,0.6316489361702128,3960,0.06098771948998543,10.039905679374721,0.03852282813529665
3150703,MG,0.4776865405212424,0.5683954054994779,2801,0.07725385322163172,10.831571475195776,0.04391073522830651
3150802,MG,0.6090152565880721,0.6310153994225216,7210,0.038618486589827444,9.125677137395137,0.02436885974057326
3150901,MG,0.2830805828129646,0.3528764106798789,3363,0.02471607398694459,9.388206555440005,0.00872171947461133
3151008,MG,0.3601963591736551,0.4151678101242351,4889,0.030821707260030865,9.459308971027896,0.012796180707437252
3151107,MG,0.4954633348207645,0.7020396912899669,6723,0.04753810997237168,10.642180248085388,0.03337364004951231
3151206,MG,0.383500600612237,0.5517686008015333,25807,0.05412714817650721,10.611806472602046,0.02986566081472865
3151305,MG,0.4793187347931874,0.5768279274326553,6576,0.0381074734796552,9.59583419951375,0.021981454946964386
3151404,MG,0.2642788659087796,0.3406713304665939,14602,0.029095784316716063,9.858112106430175,0.009912099554144719
3151503,MG,0.3054405854477836,0.4316608532331634,16671,0.01726902835968442,10.135643078643549,0.0074543635162490724
3151602,MG,0.4293242988895163,0.6169882839421089,5313,0.04462776948671629,10.546449043494793,0.027534810911773094
3151701,MG,0.3671831456916731,0.528491838529958,8971,0.02988442944310047,9.823064807715987,0.015793677059802974
3151800,MG,0.3051259819082991,0.4417427952806048,77273,0.030871597996345597,10.739447725754564,0.013637305993684823
3151909,MG,0.47205914329202,0.5575620767494357,4599,0.041642594770107844,9.269420617587889,0.02321833162125652
3152006,MG,0.4786771696319435,0.6268970347886995,14726,0.0349112956202886,10.119876875858631,0.021885787704990636
3152105,MG,0.6052926970305113,0.6996567676466199,29399,0.15589899399793794,10.233305343896642,0.10907578621995705
3152131,MG,0.7636874122601778,0.762839248434238,2137,0.06133418301161058,9.115959663313115,0.046788122071905025
3152170,MG,0.6539984164687253,0.6353240152477764,5052,0.03955479229597541,8.862169091251463,0.025130109463770908
3152204,MG,0.6237087041014626,0.7938669673055242,19554,0.042170217947651516,9.088227819369823,0.03347754303271509
3152303,MG,0.6129316420014095,0.6893746822572445,5676,0.08475860194851757,9.000887471130865,0.058430434286827565
3152402,MG,0.5642090193271295,0.5766259656117618,6985,0.06663660812848979,9.057014044533494,0.038424398507183
3152501,MG,0.2780321643958007,0.384292110706711,71632,0.05335577221069902,10.846779423088508,0.020504202321236002
3152600,MG,0.3398084087280468,0.297130661607778,3758,0.05391837230137849,10.53055459067554,0.016020801634723084
3152709,MG,0.526772165618903,0.4924437891632878,4613,0.03657247701609574,9.823685191668412,0.01800988916089344
3152808,MG,0.4711071901191001,0.6674214171550347,13602,0.04705377001286086,10.472248460119747,0.031404693864470666
3152907,MG,0.4084593379648549,0.5127394131084168,4894,0.024386732897815615,9.795139730698567,0.012504039113657698
3153004,MG,0.347237269772481,0.4796626984126984,1846,0.03633419196132201,10.16584105245129,0.017428156560812688
3153103,MG,0.6472581638940235,0.6097490625901356,3246,0.11717510949521426,9.076734875086926,0.0714474131736034
3153202,MG,0.6514672686230248,0.7261585599387208,2215,0.0635006393028533,9.420075607435031,0.04611153279134809
3153301,MG,0.7948568088836937,0.7002141327623126,1711,0.08685673322775071,9.143686877287175,0.060818312131637006
3153400,MG,0.4048302484410571,0.6456536736805795,10103,0.022352011044936514,10.026996367542306,0.014431658045312148
3153509,MG,0.3225740966301259,0.4571759259259259,4926,0.024539017500092672,9.355726693445263,0.011218648046917365
3153608,MG,0.3614074489986899,0.4308837811589511,5343,0.13534344423761896,9.543062456923215,0.058317295008180906
3153707,MG,0.4812067260138477,0.5008857395925598,2022,0.07497002877014317,9.63953818151909,0.03755141830780864
3153806,MG,0.4606879606879607,0.608538785327721,1628,0.023951510348581097,9.611418068697045,0.01457542301428988
3153905,MG,0.48573606271777,0.6308847402597403,9184,0.05809657932025601,9.332584644900876,0.03665224535443911
3154002,MG,0.5336989209269415,0.630048339310775,11306,0.011639334440494876,9.484786455898478,0.007333343334916505
3154101,MG,0.571764705882353,0.6853342667133356,5100,0.02911116621166233,9.177890672650145,0.019950879748839637
3154150,MG,0.4736564805057955,0.6289014499877119,3796,0.0659175468517964,9.449772774559257,0.041455640794727695
3154200,MG,0.4757265521796565,0.4780324040286089,6056,0.029693046936432033,9.66944178191381,0.014194238609956927
3154309,MG,0.3038079470198676,0.4538135593220339,8456,0.05860441685317688,9.459683283046639,0.02659547900413239
3154408,MG,0.5955734406438632,0.6556432038834952,2982,0.08015427525001009,10.649367174823885,0.052552605829876156
3154457,MG,0.6874628639334521,0.7440492859143097,3366,0.0429312908778695,9.415380515057146,0.03194299632105833
3154507,MG,0.7332098193608152,0.8198035678492684,4318,0.05126710742659168,10.308070362957485,0.04202895758163158
3154606,MG,0.4040980052038161,0.5497090100678268,138360,0.03982566871326217,9.428696697016763,0.02189252892365657
3154705,MG,0.4476851851851852,0.4618490109002826,2160,0.06539905279316484,9.976080141125278,0.030204487846338543
3154804,MG,0.4491376275959169,0.4960552268244576,5682,0.08556376869061978,9.838749070213884,0.04244435468578082
3154903,MG,0.5930580490724118,0.6489549231931503,6684,0.028931830042647967,9.565021969511992,0.01877545354316389
3155009,MG,0.5716129032258065,0.5283333333333333,1550,0.06478656306318967,9.71434013608639,0.034228900818385206
3155108,MG,0.7901331245105716,0.7529992942836979,2554,0.08024681216439551,8.984022637892437,0.060425792928306285
3155207,MG,0.5777979981801638,0.5523917995444191,3297,0.03003585478787903,9.069475821591741,0.016591559877131352
3155306,MG,0.4513102555807182,0.5607503607503608,3091,0.05338526132775329,9.603440454542238,0.029935804548289945
3155405,MG,0.4970625262274444,0.5338429983218348,4766,0.0754578803790209,9.389684305400065,0.04028266110854686
3155504,MG,0.4458267716535433,0.5654117986441656,6350,0.04570588293220694,10.646286558155557,0.025842645477318793
3155603,MG,0.6478228902867412,0.7439347462353597,12241,0.04043219459134444,9.098279020628524,0.030078914423050513
3155702,MG,0.5395816785808843,0.6387748307624015,7554,0.039875251925232516,10.57552259129442,0.025471307300148526
3155801,MG,0.5166631512339169,0.5494007452915701,9482,0.032379118629640734,9.85753215036795,0.01778911190700878
3155900,MG,0.6098104793756968,0.624967824967825,3588,0.06121313751314271,9.172672504116557,0.03825624141104517
3156007,MG,0.661287260299981,0.6431696645600389,5267,0.021668609568500787,9.066446651711003,0.0139365923476551
3156106,MG,0.5267041461700632,0.4833625218914185,2846,0.04864921977479865,9.533710802428475,0.02351520955839654
3156205,MG,0.4542032622333751,0.5631458094144661,1594,0.06865302441725898,9.349133128676435,0.03866166300420842
3156304,MG,0.4286347517730496,0.5812376995407829,4512,0.0458723197777522,10.704906474422065,0.026662721620219845
3156403,MG,0.5564853556485355,0.6524908869987849,2151,0.19789236874193075,10.58395959097415,0.129122967210713
3156452,MG,0.5931076178960096,0.7244817633167148,3308,0.05892580845849855,9.243003019572736,0.042690673616876014
3156502,MG,0.8083247687564235,0.7726689478186484,3892,0.06850279504235515,9.108344452519848,0.052929982568013074
3156601,MG,0.711282597126131,0.6002227171492205,3758,0.08573020996370084,9.027165723063073,0.051457219566185694
3156700,MG,0.383861153585447,0.4597097504327115,63437,0.027947148519178882,9.979622774919584,0.012847576671057646
3156809,MG,0.7129931770987837,0.6813775510204082,6742,0.018870934808803256,9.363159592996597,0.012858231345488138
3156908,MG,0.3435014286817515,0.4636408346799691,12949,0.036379340298036265,10.851601723092301,0.01686694770088817
3157005,MG,0.5829735970284108,0.6092316121079304,19922,0.03154280000893866,9.48934930313491,0.01921687089984374
3157104,MG,0.6482377332411887,0.6295072115384616,2894,0.08069731343976956,9.595836719394088,0.050799540762114556
3157203,MG,0.5378258105530833,0.6213728003729169,15730,0.038902310640735745,10.19885740006153,0.024172837703811092
3157252,MG,0.4554389099843645,0.568019093078759,4477,0.03530334647228404,9.308794311327093,0.020052974845831986
3157278,MG,0.597215777262181,0.6254620123203285,2155,0.1984924742571465,9.679461353220784,0.12414950237931585
3157302,MG,0.7139471902505078,0.772754854368932,2954,0.07974607684548736,9.473878345498603,0.06162416799922824
3157336,MG,0.3271508379888268,0.4305447470817121,4475,0.05479636793154425,9.28689154104521,0.02359228837208316
3157377,MG,0.8295269168026101,0.8295292439372325,2452,0.043547894431206546,9.09102396115712,0.036124251942577186
3157401,MG,0.6743357096565132,0.7348214285714286,3086,0.06947925569442352,9.29780543280811,0.05105484592545586
3157500,MG,0.5838709677419355,0.6979166666666666,2170,0.04772221994490553,9.214343165780067,0.033306132669881985
3157609,MG,0.7608573040045121,0.7671614100185529,1773,0.07262514417913442,9.210780006310946,0.055715208011265456
3157658,MG,0.7468440805185943,0.6187710180372975,2931,0.05775304434958063,8.903511091751675,0.0357359100469432
3157708,MG,0.4158601311270684,0.5339033903390339,6406,0.11888607214999793,10.932784675813648,0.06347367698497489
3157807,MG,0.3762404206267484,0.4601583340504259,109741,0.03688152332765744,9.81279816742214,0.01697134033169677
3157906,MG,0.5453381445698987,0.6783487422059772,8591,0.039106898028370606,9.70432331839522,0.02652811508912261
3158003,MG,0.6241848332401714,0.6596964064436184,5367,0.06447425319564247,9.621602597768673,0.04253343314130131
3158102,MG,0.6241105064880703,0.5812033031852143,2389,0.03696124275465301,8.962870351970242,0.0214819963788349
3158201,MG,0.621939736346516,0.6665760869565217,6372,0.03321719924910137,9.16043570188677,0.0221417906951211
3158300,MG,0.4443643354962749,0.5251314405888539,4161,0.05110056687293826,9.866635524536697,0.026834514296893132
3158409,MG,0.4460742018981881,0.5383496910214467,2318,0.21516745511150787,9.256940605236819,0.11583533297715126
3158508,MG,0.5268389662027833,0.6439364587369236,4527,0.05256139909650393,9.301400842804691,0.033846201200460876
3158607,MG,0.6127493495229835,0.6605940594059406,2306,0.034870614201546295,9.202376231530675,0.02303532058937791
3158706,MG,0.7002724795640327,0.5362595419847328,1468,0.05408446647535989,9.445616748813302,0.02900331122056513
3158805,MG,0.3850758180367118,0.5617050532829151,2506,0.055777018105871524,9.703414186900401,0.031330232927120685
3158904,MG,0.596847333189376,0.6968118357991249,4631,0.04366447941929411,9.465813607045146,0.030425926063371436
3158953,MG,0.3107546899613346,0.6036541959977854,13966,0.14655874462216545,9.858059958091427,0.08847080115133803
3159001,MG,0.5154536390827518,0.4731890874882408,3009,0.0958480384217289,9.604668983528361,0.04535424583831574
3159100,MG,0.5299325463743676,0.5099886920467396,2372,0.06953639478923948,9.099068161332077,0.03546277502820996
3159209,MG,0.3009516256938937,0.4443496073745305,5044,0.021553354259114095,9.773585466541668,0.009577224502641512
3159308,MG,0.522938829787234,0.5673048600883652,3008,0.1572857230164278,9.34863867228312,0.08922895508973193
3159357,MG,0.4018937401367701,0.5754650341417471,3802,0.07290930025486876,9.321370320575571,0.041956752960418946
3159407,MG,0.6966568338249755,0.7330357142857142,2034,0.057398472022621654,9.627641984358288,0.04207512993801105
3159506,MG,0.3946811725596857,0.5346787947697555,3309,0.14273197161885678,9.737960075219474,0.0763157585602813
3159605,MG,0.1974872211340945,0.1614371153679466,20933,0.018364717764964202,10.441207049775596,0.0029647470605223044
3159704,MG,0.497971602434077,0.5950980392156863,1972,0.03910024931320731,9.744464116712622,0.023268481699134154
3159803,MG,0.5740692527987503,0.7249490489130435,11523,0.01793304929925428,10.478225640889063,0.013000547033605111
3159902,MG,0.587243735763098,0.6404914004914005,8780,0.054063960514498126,9.646398489329291,0.03462750178604268
3160009,MG,0.5121121971950702,0.5283911671924291,2353,0.1426447490847769,9.442548765375683,0.07537222546277644
3160108,MG,0.6508323183110029,0.6286219081272085,2463,0.1061077293087474,9.635623048475262,0.06670164326511012
3160207,MG,0.7465103294249023,0.6699623352165726,1791,0.0739424478186662,9.12778828510066,0.04953865501222317
3160306,MG,0.5985677342351303,0.4687335785601682,5027,0.08018439872850486,8.934367616476122,0.03758512016070748
3160405,MG,0.2086685896462729,0.2675262979300984,13174,0.052670771513891254,9.929610180217672,0.014090816512233413
3160454,MG,0.797684515195369,0.8367292225201073,3455,0.0364950718482111,8.834182485028203,0.03053649309336913
3160504,MG,0.610726643598616,0.4791021671826625,1156,0.05422111236623184,9.467912642956593,0.025977452441716335
3160603,MG,0.7126795752654591,0.6179956896551724,1601,0.1375733303672205,9.350982959096081,0.0850197251784493
3160702,MG,0.5406866103372155,0.6990107851892561,26274,0.027750131549787678,9.912818813463556,0.019397641243722234
3160801,MG,0.4115620214395099,0.3987670343932511,2612,0.09642099443313923,9.365377358425052,0.03844951400335111
3160900,MG,0.5053088803088803,0.4983263598326359,2072,0.11331047203012454,9.589612145090653,0.056465595057689666
3160959,MG,0.4704498676859747,0.608433734939759,3401,0.16231374474040394,9.467334319128328,0.09875715794446265
3161007,MG,0.559249033683048,0.6278052491441612,9055,0.04883251788295785,9.582734278441958,0.030657311055847063
3161056,MG,0.4571428571428571,0.5457357490057446,2170,0.07170218122998531,9.312010342976832,0.03913044357889168
3161106,MG,0.7115880935994494,0.8132595402120907,23248,0.03618711504901163,9.106681782514528,0.029429516546361223
3161205,MG,0.5580967402733964,0.6433032616238723,3804,0.04159474485926387,9.625116751772484,0.026758035034377244
3161304,MG,0.6146899458157736,0.7208899162091881,3322,0.11838813509364932,9.975237908987062,0.0853448127878229
3161403,MG,0.6117523609653726,0.7389380530973452,2859,0.11229480371897387,9.321460501526275,0.08297890363304707
3161502,MG,0.57224795940878,0.6125350420504605,4533,0.06031412957063736,9.708506457357734,0.03694451789278728
3161601,MG,0.540954095409541,0.7051587301587302,2222,0.11257356831347962,9.110747060040515,0.07938223448137036
3161650,MG,0.5083207261724659,0.6212121212121212,1983,0.07829211782999258,9.197336683889166,0.04863601259135903
3161700,MG,0.4843304843304843,0.5394889663182346,3159,0.08494408664128505,10.405474577383156,0.045826397496953435
3161809,MG,0.3228755826461097,0.3874276261373036,5578,0.036687061751613986,9.909432361415181,0.014213581244380474
3161908,MG,0.476398960186072,0.4334787350054526,7309,0.21450612351567505,12.729150413997523,0.09298384307249818
3162005,MG,0.3485081264655939,0.4608324902442549,12367,0.028658312747535653,10.101169958212093,0.01320668162964553
3162104,MG,0.2991406766420287,0.4359653075016895,16641,0.028756832323750058,10.070064817146479,0.012536981246798218
3162203,MG,0.3228400735294117,0.4112816079533175,4352,0.04156773313815192,9.899130836719074,0.01709604412403352
3162252,MG,0.6959781867757328,0.7649111675126904,2934,0.035319355629572384,9.043293714498745,0.027016169550412125
3162302,MG,0.2863167760074976,0.3971184151283206,2134,0.12246653689807646,9.66081195119218,0.048633717039218115
3162401,MG,0.8024183796856107,0.84588719578248,12405,0.047276952560179504,8.970901706331942,0.039990968826271574
3162450,MG,0.7768609550561798,0.786255684689237,5696,0.08134844099372157,8.751282127168064,0.06396067417192056
3162500,MG,0.3702988150437918,0.4099254159495123,46584,0.10966875643889361,10.086735865686684,0.04495601059987922
3162559,MG,0.5258761873566983,0.6674449633088726,6106,0.01869509309870584,9.22381560539741,0.012477945727321678
3162575,MG,0.439540507859734,0.7065899581589958,3308,0.1360766406342662,9.22300560267117,0.09615038781218287
3162609,MG,0.479510834584853,0.66203007518797,4661,0.13099033187493664,9.313610792818896,0.08671953926006144
3162658,MG,0.7755718601640051,0.8350634371395617,2317,0.05435501966383032,8.945884607652326,0.04538988954626661
3162708,MG,0.4657105887427216,0.5594335312928278,9274,0.04805353435927392,9.126021260368145,0.026882758417709842
3162807,MG,0.6785762256548019,0.7001799640071985,7445,0.0660090272276822,9.291109103240832,0.046218198308428715
3162906,MG,0.4242937021777516,0.5584004223307377,13592,0.03390442797722041,9.620451087462104,0.018932246901361957
3162922,MG,0.4737710067535731,0.6313142857142857,12734,0.02432008662327445,9.9110294688686,0.015353618115082065
3162948,MG,0.4307616221562809,0.6283629730962152,4044,0.04204121621077684,11.23198047188686,0.026417143610784535
3162955,MG,0.3677384280832557,0.4858063526162344,12876,0.018782134476436053,9.918672087982548,0.009124480244345026
3163003,MG,0.5584528465884399,0.6248989490703315,2301,0.0813225939708589,9.112187141604938,0.050818403508063006
3163102,MG,0.3804394657475226,0.4482894219425875,2321,0.06107226485966087,9.722180297482446,0.02737805031066197
3163201,MG,0.273950910530483,0.3052481256694038,2526,0.04032213834760788,9.394990079539676,0.012308257153589696
3163300,MG,0.4432558139534884,0.5078253706754531,2150,0.1477106649415494,9.181067427967717,0.07501122317665998
3163409,MG,0.6375530410183875,0.7238713667285096,2828,0.06518272052278688,9.197292656583707,0.04718390499191221
3163508,MG,0.6596768649020281,0.6094955489614243,2909,0.10510284438529865,9.18088500733677,0.06405971583602475
3163607,MG,0.5274423710208562,0.5401498929336188,1822,0.17270833326459573,9.35421449013661,0.09328838772161514
3163706,MG,0.246914128407779,0.3194899967202361,22522,0.021482039918610654,10.044157110247896,0.006863296863140899
3163805,MG,0.6552147239263804,0.6980554948656326,4075,0.059561520302765875,9.315982111609124,0.04157724652989665
3163904,MG,0.3925233644859813,0.500615763546798,2675,0.04216102529679466,9.870841061976147,0.021106473870870727
3164001,MG,0.6387047424783274,0.6893472251754199,3922,0.051247447903332355,9.574787275597586,0.03532728600948405
3164100,MG,0.605925925925926,0.6027885862516212,2700,0.10650832820168825,9.336892257452808,0.06420200458071934
3164209,MG,0.7290357825730674,0.7280439121756487,3661,0.04238000186020938,9.493121253089292,0.030854502352318108
3164308,MG,0.2467394197498003,0.2437248995983935,3757,0.032234842029441595,10.284979378418868,0.007856433637195728
3164407,MG,0.3451928299837045,0.5570578691184424,3682,0.036239764534725764,11.139704807614816,0.020187646009068434
3164431,MG,0.5774877650897227,0.6784869976359338,1839,0.24033040782227652,9.729376927789842,0.16306105684395594
3164472,MG,0.4690107270560191,0.6246858419435912,3356,0.09345739059232848,9.213484059457029,0.058381508728019775
3164506,MG,0.6130312937879495,0.5338595762359784,4282,0.04671451072366063,8.93397390231632,0.024938988899004533
3164605,MG,0.447465738525125,0.6114887086165315,4597,0.03221498513503288,11.009002949657255,0.019699099658322016
3164704,MG,0.3500956022944551,0.4816139767054908,31380,0.0178214912670098,10.131480080842952,0.008583079279926766
3164803,MG,0.4701327433628318,0.3651844843897824,904,0.03415843968401758,9.465951113427893,0.012474132183567441
3164902,MG,0.2991202346041056,0.3168130489335006,1364,0.05621103300115799,9.449403153153325,0.017808388748798483
3165008,MG,0.4272839724332921,0.3484149426998065,5659,0.02544371716132919,9.651461986480095,0.008864971256834593
3165107,MG,0.4033683048039757,0.4624263839811543,3622,0.028319429361344146,9.79933335244059,0.013095651315976104
3165206,MG,0.5887225230965275,0.5778357235984355,3139,0.20408571312048485,9.471548377792901,0.11792801571707807
3165305,MG,0.4193016222161121,0.3077478344562079,3637,0.11264217952689405,9.95408494984151,0.03466538681782904
3165404,MG,0.3210093896713615,0.394922795079822,3408,0.042469469710159274,9.600529496993122,0.01677216168349394
3165503,MG,0.5149812734082397,0.65696,2670,0.11249617089831866,9.19326142145471,0.07390548443335943
3165537,MG,0.3483168448310205,0.5093128263016792,15061,0.06799998368304187,10.25205211333985,0.03463326387807812
3165552,MG,0.8284429720776147,0.7811740890688259,4226,0.0938908954069083,8.915811110044936,0.073345134691348
3165560,MG,0.6791713325867861,0.6828557552209811,1786,0.08311309413547878,9.334043466887437,0.05675425466463486
3165578,MG,0.3649160801299404,0.5257459730657512,3694,0.03798456109504219,9.337364746680175,0.01997023003438843
3165602,MG,0.5786163522012578,0.57498552403011,1590,0.16785084565383301,9.525700133861788,0.0965118064471663
3165701,MG,0.5990751445086705,0.6192206743387846,4325,0.21719073788019413,9.243815506113073,0.13448899517031201
3165800,MG,0.3072916666666667,0.4553329723876556,1536,0.14758910151883053,9.593994364633629,0.06720218428659255
3165909,MG,0.6534280936454849,0.5557607090103397,2392,0.07697829190248197,10.059510015783067,0.04278151008612827
3166006,MG,0.6700796359499431,0.6107011070110702,3516,0.0659633405453713,9.393813471965098,0.04028388509320646
3166105,MG,0.5328269126424309,0.5420028476506882,1843,0.09069641404099517,9.238794735833508,0.049157714681925244
3166204,MG,0.5837745839636914,0.608970099667774,5288,0.06602164842593403,8.971987493650378,0.04020520982217178
3166303,MG,0.568988173455979,0.5985686402081978,4566,0.03578415032795066,9.229180763595133,0.02141927020280716
3166402,MG,0.4618149146451033,0.5026217228464419,1113,0.14084313125438058,9.861830974638796,0.07079081728216431
3166501,MG,0.7029702970297029,0.6276391554702495,1818,0.06273799051328392,8.963716930381363,0.039376819381658046
3166600,MG,0.2738853503184713,0.2826398852223816,628,0.23036919307009227,10.081985012891678,0.06511152228810355
3166709,MG,0.580024434941967,0.6496990972918756,3274,0.04483547696761955,9.2249822232102,0.0291295689125131
3166808,MG,0.3864850887777969,0.5933355437665783,5801,0.08103325078728486,10.633254750608854,0.04807990791904717
3166907,MG,0.4516598013084565,0.4648413192283758,4127,0.052585666963651835,9.766411049379089,0.024443990803887938
3166956,MG,0.6874506708760852,0.7783842794759825,2534,0.08434161418521735,8.9127043210776,0.06565018658740171
3167004,MG,0.4833976833976834,0.4992937853107345,1295,0.13100570823433086,9.58964563257862,0.06541033596163272
3167103,MG,0.7180601624156469,0.6792870905587669,8743,0.03686282234798242,9.314450165350534,0.02504043934254567
3167202,MG,0.3033149900946511,0.4759056300443124,113575,0.05249488515329055,10.490690831735494,0.024982611392980563
3167301,MG,0.6623863028357411,0.6650692225772098,1869,0.07301820193461558,9.397595119940336,0.0485621587946405
3167400,MG,0.2816251154201292,0.3479524438573316,3249,0.03581168023188774,9.628370076654486,0.01246076165532263
3167509,MG,0.517118037812979,0.5949306551889049,1957,0.0854812812199827,10.220603900824583,0.05085543464259134
3167608,MG,0.507657705901253,0.6147642091280008,9337,0.10406060177452923,9.164010053725766,0.0639727335513023
3167707,MG,0.4687156970362239,0.6169681846537741,2733,0.05235816280700389,9.153764345457072,0.03230332065884394
3167806,MG,0.3293207222699914,0.3703799431377617,3489,0.06530369901704379,9.162845997489713,0.024187180328618184
3167905,MG,0.5449890270665692,0.599934789696772,2734,0.08694749193961357,9.497448703920984,0.05216282529145385
3168002,MG,0.3470167961895212,0.3762585812356979,15956,0.01810838912400585,9.478592023239928,0.006813436800262383
3168051,MG,0.5394366197183098,0.5824402308326463,2130,0.10464689971029378,9.316896069240395,0.0609505644231843
3168101,MG,0.291784702549575,0.3746630727762803,2824,0.24371795728382759,11.795683526051665,0.09131211876671706
3168200,MG,0.5396419437340153,0.6150537634408603,1173,0.15696937230547797,9.9515678675187,0.09654460318143378
3168309,MG,0.3481012658227848,0.3967320261437908,2686,0.03060936183747544,9.363976563302892,0.012143714140750059
3168408,MG,0.4617169373549884,0.4989025177533893,6896,0.04773250199580244,9.219565977589271,0.023813865424374515
3168507,MG,0.5729623468924845,0.6647887323943662,6613,0.059859028670432426,9.408994208569792,0.0397936077921748
3168606,MG,0.4535422430988997,0.5750758767985612,62164,0.0296936127969785,9.797936861797796,0.01707608041453939
3168705,MG,0.3068137541398792,0.5359180035650624,41064,0.03314672259654394,10.495542915000103,0.01776392539866477
3168804,MG,0.401547917140906,0.4228003384094754,4393,0.10396445445815908,9.936293737418776,0.04395620652746615
3168903,MG,0.2234713463120373,0.3596491228070175,3647,0.09991334799970818,10.318647068351753,0.03593374796480732
3169000,MG,0.431252094270077,0.5602052901697592,8953,0.033807439808602374,9.7173386591405,0.01893910662787476
3169059,MG,0.4551163649796823,0.5559689922480621,2707,0.08418483534613144,9.438698741258696,0.04680415806995773
3169109,MG,0.26047827204937,0.2834740651387213,3889,0.06883500663411864,9.396354635864274,0.01951293915442446
3169208,MG,0.5628970775095299,0.5850763143018655,4722,0.026041818605468534,9.391848689185611,0.015236451247405277
3169307,MG,0.2827291435808137,0.3944633408919123,37902,0.038702673210147066,10.286805772374592,0.015266785775922524
3169356,MG,0.3954567160106419,0.5102397602397603,14659,0.022576843854445663,11.344705117695735,0.01151960339526286
3169406,MG,0.4334037357270147,0.4935905079895063,30302,0.0260479613338414,10.080981336472252,0.012857026466861796
3169505,MG,0.5262997871693524,0.5825242718446602,3289,0.10284213619323368,9.030368992527182,0.05990804050091282
3169604,MG,0.5231551776495597,0.6638023630504833,13172,0.03361165715153829,10.158497454531613,0.022311497443233796
3169703,MG,0.7043131643499592,0.728087073781545,9784,0.04808340636511439,9.842979892359487,0.035008906637825056
3169802,MG,0.4144938650306748,0.5257425742574258,2608,0.06939687883959916,9.906508145692252,0.036484893726561544
3169901,MG,0.4109473597665001,0.5777493750352424,48651,0.03842095046696801,10.08279768035892,0.02219768012055077
3170008,MG,0.7680893936618428,0.7331527799904413,5459,0.09513979258100448,8.974685053940792,0.0697520034184774
3170057,MG,0.3922757740185126,0.4959479015918958,6266,0.03554909599919585,9.196574271650926,0.01763049956429004
3170107,MG,0.3438313907309234,0.5752964722047973,162411,0.062158844663421225,10.705360883068872,0.035759764051192224
3170206,MG,0.3696776037201569,0.5645898916440808,346437,0.11554809851509612,10.913357844439448,0.06523728842031769
3170305,MG,0.7064935064935065,0.6088757396449704,1540,0.0696010457651712,9.340887498893574,0.042378388220332054
3170404,MG,0.3263078385029604,0.4198597862314676,41041,0.02038280336898528,10.571148638662148,0.008557919465300197
3170438,MG,0.6325071496663489,0.6910435497124076,2098,0.14908043493541565,10.15423277581913,0.10302107295043925
3170479,MG,0.5175953079178885,0.6229735988883742,2046,0.10241890664147517,9.633944228477809,0.0638042748646522
3170503,MG,0.5886917960088692,0.6381228834059023,5412,0.04504513876891464,9.709715089197728,0.028744333834638806
3170529,MG,0.7027266681445355,0.7803257608229747,4511,0.024160695278589023,8.979134248781014,0.01885321292527703
3170578,MG,0.4641095890410959,0.6285232474102626,3650,0.07657563053646929,9.206821632621146,0.04812956397727015
3170602,MG,0.4012605042016807,0.4340836012861736,1428,0.03225842514524593,9.912873395188402,0.01400285335886881
3170651,MG,0.4676481983727237,0.590419606386929,2581,0.06871926722656549,9.14761559168781,0.04057320270710699
3170701,MG,0.2675599153463364,0.3906082266383892,69932,0.03992796332018457,10.622538533715815,0.015596190945779945
3170750,MG,0.4113856068743287,0.5291490945174895,3724,0.12574936434107886,9.960780701716594,0.06654016227723177
3170800,MG,0.4492419881020917,0.6440623665100385,15633,0.026801267463891318,9.815249161012984,0.01726168774826234
3170909,MG,0.7478481571397042,0.7423124231242313,9062,0.05125985092156342,9.006627960679856,0.0380508241465726
3171006,MG,0.4226231106777182,0.7497488278633624,10255,0.02334741467031488,10.463033777189805,0.017504696782708454
3171030,MG,0.7644523326572008,0.8185381600184459,3944,0.0582502928324115,9.103815900417265,0.04768008751557778
3171071,MG,0.7139654067905189,0.6902468392534618,3122,0.053718501094003286,9.765504489201922,0.037079025589569395
3171105,MG,0.4857302742025741,0.5415841584158416,1787,0.05507311084469949,10.261714063622048,0.029826724388168933
3171154,MG,0.5354691075514875,0.5880332092756942,3059,0.03265398602936449,9.165561192776057,0.019201628200490886
3171204,MG,0.3880578364869689,0.4629719481733067,56020,0.03802112424213558,9.872722660990906,0.01760271396212085
3171303,MG,0.5896880080514051,0.6676899462778204,38751,0.019521454621548636,9.946656737875443,0.013034278987526718
3171402,MG,0.578332034294622,0.6509996492458786,2566,0.1463584375447468,9.261633666363734,0.09527929150580501
3171501,MG,0.528184892897407,0.6945701357466063,1774,0.24662730835622315,9.22452500696814,0.17129996304380204
3171600,MG,0.6626731561213028,0.6153476449855816,5342,0.03909959876214966,9.041691266769398,0.024059846018169954
3171709,MG,0.4158945851348569,0.4140287769784173,4857,0.01776726251591582,9.496907833843006,0.007356157969719104
3171808,MG,0.5751274209989806,0.5656084656084656,4905,0.055796035495234174,9.550918918254142,0.03155871002349488
3171907,MG,0.675932977913176,0.7375129176713744,2626,0.11130466330163924,9.079104707989757,0.0820886269820219
3172004,MG,0.4547918683446273,0.5892598586151094,20660,0.03701256841468101,10.190770662877343,0.021810020831016994
3172103,MG,0.6021739130434782,0.6766031195840555,2760,0.09969428982355111,9.685089067357136,0.06745346749933163
3172202,MG,0.2613981762917933,0.4172380019588638,1974,0.1086517678266698,9.254166450184355,0.045333646517298064
3200102,ES,0.3642592929476684,0.4131709260629518,16491,0.015651279436619123,9.56502831709795,0.006466653618897958
3200136,ES,0.5848806366047745,0.6833385926159672,6032,0.23474028674302524,9.789201193432467,0.16040709717324744
3200169,ES,0.5302441731409545,0.6405881536967679,7208,0.12089846659933476,9.397389752138718,0.07744612550363822
3200201,ES,0.4173600605143722,0.5026678393433011,15864,0.13338222805456912,9.637429448588163,0.06704695638298569
3200300,ES,0.2121142064501213,0.2888349514563106,8651,0.023067639684320365,10.015671161041729,0.006662740588432337
3200359,ES,0.5391243595714951,0.6782877316857899,4294,0.029619040222344163,9.277524307306873,0.020090231607123997
3200409,ES,0.3621130006852301,0.4300036679300648,16053,0.2668524228223192,10.371540505393494,0.11474752060962178
3200508,ES,0.4582125603864734,0.5420978363123237,4140,0.0823771292281638,9.539653610161611,0.04465646351620827
3200607,ES,0.3718651319140267,0.4495776590243061,49085,0.013751741806014729,10.902679165563072,0.006182475888654785
3200706,ES,0.4252501924557352,0.5447446509448696,6495,0.022207256792132216,9.954436758832884,0.012097284349673148
3200805,ES,0.3575255419885372,0.5178423236514523,16052,0.17217925620323563,10.036233083020468,0.08916170611686228
3200904,ES,0.4354564107041516,0.6260159178001432,22907,0.02024202353836587,9.852332018334439,0.012671828943502213
3201001,ES,0.5136417556346382,0.6022183009831107,7587,0.19827533948265666,9.555130796942779,0.11940503807009498
3201100,ES,0.4156602254428341,0.5390129019045669,4968,0.21184638677251794,9.810938441426643,0.11418793569225213
3201159,ES,0.4562960482250502,0.4777832431546155,5972,0.02497710199634772,9.839548695410903,0.011933640796418636
3201209,ES,0.2472918786282841,0.3768213294346593,100254,0.016810420281156688,10.05753900386488,0.006334524918700822
3201308,ES,0.3958811130065504,0.5348653015534411,194033,0.015768648881843806,10.120193361140458,0.00843410313927772
3201407,ES,0.2020578147966683,0.275462854464495,20410,0.15129278393405193,10.065935801292918,0.04167554212235403
3201506,ES,0.2765074053417611,0.327138973784037,64548,0.013003520931954716,10.260955199146638,0.00425395849325891
3201605,ES,0.6071947674418605,0.6361013370865588,13760,0.024520557283052392,9.519434087128287,0.015597559273857184
3201704,ES,0.2371705963938973,0.2465060957478441,6489,0.01264941270563972,9.649427060796395,0.0031181573395704207
3201803,ES,0.3759259259259259,0.3520864381520119,2700,0.07971143409570555,9.656328674781658,0.028065314910745806
3201902,ES,0.2326959202350561,0.2603994957820227,20761,0.07706972479437028,9.940612769552391,0.020068917476513275
3202009,ES,0.4453740157480315,0.615063788027478,4064,0.2009556132930213,9.893094801843707,0.1236005207373907
3202108,ES,0.5393679282091299,0.6274290819745365,12815,0.024678918143002777,9.48300629273339,0.015484270954588967
3202207,ES,0.4249252243270189,0.4872738423796381,10030,0.025930197912626567,9.963805455103582,0.012635107170550018
3202256,ES,0.4835665473478685,0.5841404358353511,6146,0.020534305087205017,9.978466989403694,0.011994917923216006
3202306,ES,0.3393043116017496,0.3887287204832509,14403,0.021801430492741452,9.777282383976788,0.008474842180147915
3202405,ES,0.2793510324483775,0.3402422479036239,64410,0.015091041277148635,9.77357753571431,0.0051346098073434265
3202454,ES,0.3184507375562041,0.3778656764610913,12677,0.10560070665101619,9.466698882509355,0.039902882453455496
3202504,ES,0.3449339207048458,0.3954337899543379,6810,0.1247654277054179,9.883701504156297,0.04933646593282735
3202553,ES,0.3737226277372262,0.4246742671009772,4795,0.20068324216123062,9.49119630656958,0.08522500878426854
3202603,ES,0.3083798882681564,0.4191672481972551,8055,0.023909703362156615,10.047372131658086,0.010022164563527846
3202652,ES,0.3133495492917442,0.4022970421648836,6989,0.026473743384505387,9.681165907429177,0.010650308658618672
3202702,ES,0.4131139366741461,0.5004606172270843,8022,0.13598294184757348,9.745444671627826,0.06805410700939134
3202801,ES,0.3217753716593624,0.4604513702310586,23274,0.034483607079374284,12.025808737601915,0.01587802413020732
3202900,ES,0.3108148148148148,0.376541518224171,6750,0.12739004681100483,9.94331837892326,0.04796764163286397
3203007,ES,0.3109225874867444,0.3679671457905544,14145,0.017067942807152296,9.620001509986993,0.006280442199264253
3203056,ES,0.578750981932443,0.6611877705627706,15276,0.019217663121888086,9.889848276337881,0.012706483834987556
3203106,ES,0.3759003601440576,0.504104160769884,6664,0.02908445843995897,9.361689349460374,0.014661596513322085
3203130,ES,0.3323812546281603,0.3948275862068965,9453,0.09924527761580654,10.220692926068102,0.03918477340348223
3203163,ES,0.3616454572358686,0.4137931034482758,6758,0.16569988972868693,9.38585720941076,0.06856547161187045
3203205,ES,0.3406785137318255,0.3777631697665726,77375,0.01650576422632016,10.531380781531778,0.006235269813554403
3203304,ES,0.4062629328183197,0.531635900700191,7249,0.02833191946962471,9.233854032733289,0.01506226552579921
3203320,ES,0.292349034122598,0.4563945829161617,19723,0.021465262939369865,11.092481645709992,0.009796629726399452
3203346,ES,0.2918287937743191,0.3717747832445419,9509,0.11446882217743852,10.049000450819094,0.04255662155327521
3203353,ES,0.3349378259125551,0.4344374147128148,7479,0.20091488273096042,9.88659768690198,0.0872849422309668
3203403,ES,0.4968904593639576,0.5384769539078156,14150,0.16805169746238585,9.71762339887585,0.09049196614858332
3203502,ES,0.5527321557690321,0.6252683226004293,9681,0.025877527795518777,9.805590385250449,0.016180398397750012
3203601,ES,0.6141224728977439,0.6534124629080119,3413,0.22739264621251626,9.417638585269165,0.14858118900889045
3203700,ES,0.3962166632210047,0.4443046549888706,9674,0.10983939971952085,9.75730622519578,0.048802156596566365
3203809,ES,0.437133225121738,0.5154639175257731,8009,0.02896965818344974,9.410864371873956,0.014932813496623575
3203908,ES,0.4424903137582618,0.5547140245494907,26326,0.01780893256607486,9.842748420346837,0.009878864656657875
3204005,ES,0.4544771916651023,0.5559346381756151,10654,0.019986189432319102,9.363026653101373,0.011111014990565622
3204054,ES,0.5819421379250066,0.6259413484539736,11441,0.024621940031461544,9.301059937102863,0.015411890344845913
3204104,ES,0.588973445595855,0.5971560151894644,12352,0.025247095229625732,9.838398368533579,0.015076454782432237
3204203,ES,0.3443809183491156,0.3996900826446281,11194,0.02752151102441014,10.26751544677504,0.011000075015851532
3204252,ES,0.6413809871140287,0.6714909257983,4113,0.1559195420624092,9.234230516935659,0.10469855764953415
3204302,ES,0.3782658959537572,0.434421768707483,8650,0.3512280278934047,13.275349979637745,0.15258110109709402
3204351,ES,0.4427343971296383,0.5908074756326567,10591,0.026624596126198434,9.838514756814439,0.015730010427058308
3204401,ES,0.2477313974591651,0.3300822070502995,6612,0.14918501445733182,9.668209650879422,0.04924331883090693
3204500,ES,0.4321229050279329,0.5346813069094805,7160,0.19720029633635228,9.700858753344328,0.10543931216805767
3204559,ES,0.258915640839971,0.316194567503468,22096,0.021892261595817947,10.445044408818843,0.006922214186962438
3204609,ES,0.2626939608071683,0.2850227990178884,13727,0.12451847470841926,9.860846152818565,0.035490604190831804
3204658,ES,0.4920080837773287,0.582995951417004,5443,0.154508628669677,10.258494439374163,0.09007790497341492
3204708,ES,0.3847872221601697,0.4733550842849374,17906,0.017604108140803737,9.650654154688763,0.008332994092751305
3204807,ES,0.4876796714579055,0.6180317658050452,5844,0.24405043573426538,9.634594354794139,0.15083092174233872
3204906,ES,0.4786916515073912,0.6065650644783118,56621,0.01789716558084947,9.787084581640595,0.010855795394526982
3204955,ES,0.3330004280211157,0.4051653457228751,7009,0.148978634713069,9.55156782833169,0.06036098003884252
3205002,ES,0.4172157998182471,0.5534169184857073,236585,0.017231449032537587,10.805726256818481,0.009536175424630474
3205010,ES,0.4913009404388714,0.6244391025641025,12760,0.022133143031440462,9.762958906593603,0.013820799971475601
3205036,ES,0.2276906435911303,0.296027262128957,11094,0.02541931219302888,9.562807389791056,0.007524809393703554
3205069,ES,0.1896430524095915,0.2017318043529136,12803,0.019826953725141244,10.092368530395671,0.003999727149794465
3205101,ES,0.4055364830254482,0.5574847772351842,36702,0.05939274653655991,10.439421915469925,0.03311055207231986
3205150,ES,0.5177434030937216,0.6230091494408675,5495,0.15137436279688762,9.54505865297884,0.09430761301324225
3205176,ES,0.5577310360259566,0.687566081624022,8938,0.09829307835636339,9.837940501422946,0.06758298673624774
3205200,ES,0.3181995219606991,0.4188796312710512,243913,0.10964515281545811,10.133221243822408,0.045928121181997156
3205309,ES,0.3680527890989693,0.3934207475720652,195798,0.09752631817884304,11.173621101852056,0.03836887700587152
3300100,RJ,0.2568812737564282,0.500103644633037,84977,0.04718958060065201,10.705938324602423,0.02359968124709053
3300159,RJ,0.2670040184551273,0.5030322374720715,6719,0.06564912279383005,9.657351979569402,0.0330236251270591
3300209,RJ,0.2261696474857439,0.4408941867613908,61728,0.02384565975479003,9.929087943118732,0.010513412765376977
3300225,RJ,0.3203556100551809,0.4783775723232926,6524,0.04872055445004213,10.138165639634417,0.02330682056005594
3300233,RJ,0.2588929653852289,0.4601904761904762,18807,0.00890622347404168,11.171171736599126,0.004098559221578038
3300258,RJ,0.2527396531545909,0.4498267829411062,18798,0.037962607581690455,10.667199003525852,0.017076597640527463
3300308,RJ,0.3573919700578428,0.5361158604043046,47024,0.020229844323523438,9.93425308807385,0.010845540395350906
3300407,RJ,0.3328411862883553,0.5531895089562735,93468,0.028782556342824436,10.317293509022369,0.015922208209793325
3300456,RJ,0.3112412936666486,0.7482065997130559,222252,0.034718874769632174,9.657841552478063,0.025976891237249895
3300506,RJ,0.3127679674442264,0.405860126898125,13761,0.026703201058472334,10.118997804965689,0.010837764570177728
3300605,RJ,0.345989360592469,0.4741168513604911,19174,0.019101327914664103,9.932687971593953,0.0090562614477048
3300704,RJ,0.2392870223415944,0.436153984206748,98292,0.035536940358294106,10.805823242959873,0.015499578123787553
3300803,RJ,0.3230654912689567,0.575234521575985,29607,0.036683810032241804,9.778099145140954,0.02110179391348093
3300902,RJ,0.4015335929892892,0.5752145381120646,8216,0.054313740645404354,9.986772486693908,0.031242053238484734
3300936,RJ,0.3424746555757733,0.5807432879248776,7694,0.13929815794114733,10.390004896604925,0.08089647024462081
3300951,RJ,0.5078287115638559,0.6854117217454812,5301,0.09070045606493324,10.730957303761562,0.06216715575456626
3301009,RJ,0.3512836871631283,0.5464247643685668,227275,0.03843107771056573,11.070329561188558,0.02099969258242596
3301108,RJ,0.3260912115873948,0.4141296561604584,10218,0.03634270482422978,10.543359629444106,0.01505059185279931
3301157,RJ,0.3390952059419311,0.5392935377875137,7405,0.04189243025612462,9.988463554809698,0.022592316919342124
3301207,RJ,0.4666186606316223,0.58352726904786,9721,0.05334800704886363,10.098871034823976,0.03113001686236938
3301306,RJ,0.2448636712749616,0.4491027558214057,20832,0.09402500422045265,10.83039592899847,0.042226888511524584
3301405,RJ,0.3932209668457121,0.5444689452407203,10798,0.04623217893458983,9.642174590961904,0.025171985700696373
3301504,RJ,0.3215309235462698,0.4537675959149875,10817,0.036519161345760436,10.056169668538185,0.016571212048697253
3301603,RJ,0.3950617283950617,0.4255454690237299,6399,0.056346196509992036,9.816604744832425,0.023977868621547816
3301702,RJ,0.3121427278580053,0.690503888417061,436467,0.02627987244821498,10.724922574511936,0.01814635411259683
3301801,RJ,0.3674657998103752,0.4699132381752029,7383,0.06656784190406681,9.850886020603875,0.031281110147475
3301850,RJ,0.3249599756041778,0.5465500564243109,26234,0.0419686245729312,9.711398759192598,0.022937954128386267
3301876,RJ,0.2155735563104259,0.4478747530909357,15308,0.03734080043168359,9.777205949408426,0.016724001773558195
3301900,RJ,0.3398234728655073,0.7261287156477846,114430,0.04692936508619463,9.841503618429703,0.03407675959620449
3302007,RJ,0.2502843032134386,0.6097569170292473,61554,0.04679789612104024,11.066979189428343,0.028535340862220464
3302056,RJ,0.2597869507323568,0.4720778355324537,7510,0.05222843428184469,9.917208902831357,0.024655886209022246
3302106,RJ,0.2331649831649831,0.4481470184535611,13068,0.03755275029021339,10.058255632942345,0.016829153077290233
3302205,RJ,0.2633110562546411,0.4531998700560383,49827,0.023219579518214524,10.211865589504944,0.01052311042041067
3302254,RJ,0.3070647354419155,0.4877274392477714,16915,0.06545322581388306,11.969987802839533,0.03192333421671131
3302270,RJ,0.3352230251682033,0.7236369851307469,48156,0.05315344493910325,9.53992365630666,0.03846379864504583
3302304,RJ,0.5332331956440105,0.6441351888667992,5326,0.05647497698856053,9.834436654531041,0.03637751996877458
3302403,RJ,0.3500942620969691,0.5720665181577993,103435,0.05346339531024246,11.024194982807021,0.03058461840402442
3302452,RJ,0.3864991482112436,0.5259322760394342,4696,0.10729579149520847,10.223785815598216,0.056430319830527556
3302502,RJ,0.3094123678944148,0.6559863641059193,120926,0.033615157882497027,9.681260085016499,0.022051085198185657
3302601,RJ,0.2363881071821852,0.4792065925642008,24519,0.1080493532808238,11.318353944187924,0.05177796241446912
3302700,RJ,0.3770372909963606,0.5827911693579843,75836,0.040924284396058094,12.049449040441367,0.023850311558317405
3302809,RJ,0.3650352427280849,0.5042073701518522,10073,0.03934743826086306,9.76682930416431,0.019839268367722134
3302858,RJ,0.2826804298163973,0.6410998712120378,94552,0.04583248451069054,9.463420124198409,0.02938319991713142
3302908,RJ,0.3130312562746804,0.4575459317585302,14941,0.037929231820277576,10.049104351401919,0.017354365714094197
3303005,RJ,0.4308362493751339,0.598406485882024,14003,0.039297277328542046,9.87733496681598,0.02351574563090418
3303104,RJ,0.3597993638365549,0.4647714740840583,8174,0.07262008326462316,9.815703470166948,0.03375174314700596
3303203,RJ,0.2817602925414539,0.6133815708235396,95166,0.03979679491650123,9.757090925920801,0.024410620579625782
3303302,RJ,0.3753732192111923,0.4506225840092273,281336,0.10692169877710408,11.275863339070847,0.04818133218959488
3303401,RJ,0.27167963999027,0.3884427374301676,98664,0.021303199928928037,10.22509052318632,0.00827507329641496
3303500,RJ,0.2751945010764917,0.6385458838090335,402697,0.03174617385136435,9.933084530981844,0.02027138863947468
3303609,RJ,0.3038126175414601,0.5393531341884348,23396,0.04322349546825305,9.844256162654705,0.02331272775138189
3303708,RJ,0.3351781548735306,0.4935547399516605,21863,0.029847504657323734,10.026880885255997,0.01473137739935139
3303807,RJ,0.3022563459730492,0.3798830950865212,19146,0.03163748879081788,11.025976633709035,0.012018547162621018
3303856,RJ,0.3164900842162456,0.5888321506731216,14724,0.03696265016334344,9.889683265959615,0.02176479679025973
3303906,RJ,0.2580070045428013,0.3695940358046312,157612,0.0293374583077242,10.639362796084269,0.010842949616201893
3303955,RJ,0.444572273810502,0.6342245989304813,12169,0.06912902330088615,9.957746154562166,0.043843327077460414
3304003,RJ,0.3821019908724122,0.5777850375694218,15119,0.042702435000999656,11.083190841759775,0.024672828011358377
3304102,RJ,0.4568616097278518,0.5753955083526939,8635,0.03689545562867494,9.835981828834287,0.021229479447365678
3304110,RJ,0.3340698563780063,0.4897085610200364,11767,0.11144004865591535,11.913942326810863,0.054573145867291145
3304128,RJ,0.3879977876106195,0.4866787557539406,7232,0.04423385495916914,9.836903405999397,0.021527677493728713
3304144,RJ,0.3153366011919455,0.7197836061083339,56714,0.5177741252033471,10.09844596260171,0.37268532698845314
3304151,RJ,0.4319214688238502,0.5999302710712107,11002,0.12212673281240183,11.531961146613996,0.07326752392118555
3304201,RJ,0.2572175601202405,0.4002505232447517,63872,0.02773190860182078,11.0821172880151,0.011099710928454397
3304300,RJ,0.2674418604651162,0.5263123488265673,31046,0.025726913638400725,10.233248127394026,0.013540392345084935
3304409,RJ,0.4114137999602306,0.5758492776259274,10058,0.03664245250243525,9.98799865180907,0.021100529803969696
3304508,RJ,0.5163082437275985,0.5667682380354903,5580,0.06970604066247711,10.010884055322933,0.03950716984670239
3304524,RJ,0.2550234337122232,0.4863015057432499,55689,0.2935774262092027,10.982734466318659,0.1427671444177631
3304557,RJ,0.3364675071203781,0.5076104861481008,3285289,0.026911379480649502,10.902814858800637,0.013660498421088518
3304607,RJ,0.3666279519938056,0.4235427706283118,5166,0.0638648207081123,9.764993165885175,0.02704948310839426
3304706,RJ,0.2867811119712217,0.4856586161584122,21961,0.023892232681956973,10.176364457925356,0.011603468661254014
3304755,RJ,0.2889739098368212,0.4321879807916453,21694,0.035965361013511284,10.09613354211477,0.015543796754872002
3304805,RJ,0.2554836014205139,0.3843705072910248,19148,0.025341658974587816,9.797915585262174,0.00974058631565847
3304904,RJ,0.3264520904321015,0.6802403923301306,456652,0.03510093756421925,9.753657069703122,0.023877075539839924
3305000,RJ,0.3560320554472601,0.4514159742241818,23085,0.3434866423591071,12.202900454691465,0.15505535729352943
3305109,RJ,0.2853829245485421,0.6599388506416523,247033,0.02947365467922885,9.890846535217442,0.019450809793219243
3305133,RJ,0.2893716058960434,0.5193599367838799,5156,0.06747324973608386,10.265253942530492,0.035042902717535455
3305158,RJ,0.1510811057385275,0.3065027016955469,10961,0.038943007187431745,10.108890916789308,0.01193613691509693
3305208,RJ,0.1939876133701375,0.4332003729796933,43111,0.04485369295133955,10.010676801668517,0.019430636516036933
3305307,RJ,0.3892152748636173,0.567001675041876,4766,0.1780420544845481,9.990005563148321,0.10095014312063573
3305406,RJ,0.3645939203548,0.5288256227758007,10823,0.05351439579603671,10.621312608270356,0.028299783684309802
3305505,RJ,0.239783010606208,0.4720831728917982,41108,0.030805260890441676,10.474543882446833,0.014542645302919327
3305554,RJ,0.2817959054620188,0.6318236796129553,37953,0.04145299519176562,10.8537382521579,0.026190983953039496
3305604,RJ,0.2843905315474686,0.5661557994014691,11871,0.05540419114872519,9.970675645698776,0.031367404129998305
3305703,RJ,0.2806012110726643,0.4371395617070358,9248,0.03267582996583371,10.266817774100476,0.014283897989678173
3305752,RJ,0.3532686781609195,0.7257926306769494,16704,0.046696555567770345,9.695947203999808,0.03389201590908439
3305802,RJ,0.2101243126942386,0.2971892315176251,83660,0.017384476643842645,10.259640816467643,0.005166479254119698
3305901,RJ,0.4629695885509839,0.5826563051925114,5590,0.14740384951924257,9.822998667370815,0.08588578233203482
3306008,RJ,0.4391345923978006,0.6453655594730006,41830,0.023702663633192393,10.79890838674132,0.015296882776635552
3306107,RJ,0.4356511506991763,0.5416965107950475,36543,0.02703103936796114,10.42893935370007,0.014642619708788118
3306156,RJ,0.3357441948991245,0.4182674199623352,5254,0.054078685595471604,9.751355800550055,0.022619352298972207
3306206,RJ,0.3657554566645475,0.4688324873096446,18876,0.02602556745477634,10.19645337716972,0.012201631523467728
3306305,RJ,0.3587145635042472,0.5576479464677762,156336,0.02661774259343395,10.80556656797015,0.014843329496836302
3500105,SP,0.1729883797412848,0.2853334649750703,18244,0.015312237064437724,10.328014323762684,0.004369093658115714
3500204,SP,0.2446336047372316,0.4257239563745769,2702,0.04215432035457116,10.15890227836398,0.01794610403962939
3500303,SP,0.2870860927152318,0.3618623758986648,15100,0.13604374977215813,10.205501199473105,0.04922911451871658
3500402,SP,0.2391460781962101,0.3362757461118117,4169,0.023402329199579137,9.927913356560062,0.007869635712342712
3500501,SP,0.1723547770059398,0.2001753360607831,9933,0.020149709748825323,10.17999730607794,0.004033474920498346
3500550,SP,0.2577319587628865,0.3447168709865733,3298,0.026902804028774,10.226338585082651,0.00927385042556395
3500600,SP,0.2135774218154081,0.1571072319201995,2622,1.3366382250814113,10.601879829237713,0.20999553162126913
3500709,SP,0.2291228070175438,0.2840941854877463,19950,0.019472605375221167,10.99334497535012,0.005532053963397767
3500758,SP,0.2349795533186536,0.3781270044900577,3179,0.04972311047288168,9.719640669454508,0.018801650817038967
3500808,SP,0.3121112330772045,0.4236301369863013,2733,0.03419215197607825,9.905150023253565,0.014484826025482463
3500907,SP,0.3890226287915262,0.4473684210526316,2077,0.05141978593610349,10.159177439942152,0.02300358844509893
3501004,SP,0.3622194513715711,0.3769026077700905,8020,0.17340303419719827,10.333641249429835,0.06535605578417021
3501103,SP,0.2296650717703349,0.3040516314091072,2508,0.043736760713478866,10.159505688797895,0.013298233447482996
3501152,SP,0.3186560934891486,0.4331263323755677,9584,0.11087430851571253,11.642860672816884,0.04802258260208774
3501202,SP,0.2408317580340264,0.320054945054945,2645,0.05769950855941289,10.380964199336756,0.01846701304168022
3501301,SP,0.2989487516425755,0.4208556542158949,12176,0.027110285628621646,9.970136963388175,0.011409516994213336
3501400,SP,0.3678702250130821,0.4946808510638298,1911,0.04958900526360629,9.172041419621003,0.024530731327209496
3501509,SP,0.3802660753880266,0.4771011575239053,1804,0.06982644972810456,9.691760955852018,0.03331427999106347
3501608,SP,0.215234502463211,0.3372084153355607,125649,0.01514511701192594,10.775360195424174,0.005107060907663189
3501707,SP,0.4173739390913629,0.5424155464934803,18027,0.018648726485530755,9.944802293861548,0.010115359168056606
3501806,SP,0.2405428818943112,0.2723684210526316,3463,0.05759694965074754,9.891146774495464,0.01568759023382203
3501905,SP,0.1937328202308961,0.2316866280100271,36380,0.01562740056538614,11.076728930126581,0.003620659741556306
3502002,SP,0.2133537989255564,0.2041267501842299,2606,0.436490095650126,10.517461638415153,0.08909930471266388
3502101,SP,0.2837837837837837,0.407192683304914,29156,0.013572929791586088,10.405736262784329,0.005526797702145146
3502200,SP,0.3391035290182305,0.4204456911329282,11958,0.01941506360115713,10.534352998407835,0.008162979834178267
3502309,SP,0.2609208972845336,0.225359911406423,3388,0.03202483311658889,10.20852604917596,0.007217113553959953
3502408,SP,0.3002903359601825,0.3802707930367505,2411,0.04445743447669963,9.790660087986241,0.01690586386483394
3502507,SP,0.2200473635880334,0.3404851991987536,20691,0.01969245370660065,10.30768048158479,0.0067049890230041565
3502606,SP,0.4133485020857034,0.4363079019073569,2637,0.03249099129656367,10.105299864324634,0.014176076243493891
3502705,SP,0.4126841976715786,0.5381569474442045,12283,0.017726757316090833,10.093785719397934,0.009539777605311663
3502754,SP,0.3068050749711649,0.3725222146274778,10404,0.09964306371934421,11.915429603021963,0.037119254768996995
3502804,SP,0.2026652906913283,0.3094723363983039,100777,0.013373797588152617,10.53231210977025,0.004138820386123592
3502903,SP,0.2281464934454176,0.276072869543954,17011,0.14041116519502478,10.154546716740484,0.03876371329140065
3503000,SP,0.3882588392261508,0.5010413567390658,2998,0.05212553191212801,10.126709883200162,0.026117047229998087
3503109,SP,0.3104247104247104,0.3846718903036239,3885,0.04156787143309637,9.826751438842946,0.01598999168006719
3503158,SP,0.3964421855146124,0.4199884459849798,1574,0.03869211028310568,9.423360211790236,0.01625023926968101
3503208,SP,0.3643075977623338,0.390083232432707,110651,0.0161666259830663,10.603391387717569,0.006306329721005091
3503307,SP,0.1978751855171704,0.2314634842533063,68053,0.018708740330817854,10.641312734691985,0.004330390222961455
3503356,SP,0.2990056818181818,0.3326984126984127,1408,0.08019602285731268,10.262385314079417,0.026681089509353554
3503406,SP,0.2449308755760368,0.3033033033033033,4340,0.027295553246377235,10.095777872191695,0.008278831465117419
3503505,SP,0.539454806312769,0.495590088198236,2091,0.21380670512890493,9.316288949985564,0.10596048385220823
3503604,SP,0.3292639773531493,0.4294117647058823,5652,0.023626796936768807,9.464171377542197,0.010145624566965428
3503703,SP,0.2475897435897436,0.1783128167994207,4875,0.024868474135354285,10.988501057757968,0.004434367672578561
3503802,SP,0.2569379735040311,0.3146924457497144,24683,0.022192702994168024,10.000764501802639,0.006983875983031745
3503901,SP,0.305171923220031,0.3768406396354584,45689,0.01929499214672395,11.149916883891906,0.007271137182332599
3503950,SP,0.3574234092694422,0.3955119214586255,1273,0.04565165409210244,9.866937243281177,0.018055773427731958
3504008,SP,0.2656844205232643,0.3363708399366085,48121,0.012571218220976363,10.386505289524962,0.004228591232016216
3504107,SP,0.2152346962958832,0.1999868325762064,71731,0.017962947294493586,10.829605508769665,0.003592352933159108
3504206,SP,0.288510747185261,0.4482678175667794,7816,0.12938411468905142,9.905442923160079,0.057998734719470965
3504305,SP,0.4162021553325901,0.375,2691,0.04837004820384207,10.831992453683448,0.018138768076440777
3504404,SP,0.3628716744913928,0.4293893129770992,5112,0.023600706849885453,10.064579871221248,0.010133891300046233
3504503,SP,0.2262872307655853,0.226819014767705,42203,0.01829091043490916,10.321873792704977,0.004148726284050431
3504602,SP,0.2021801491681009,0.3441755768148565,8715,0.019858411947158705,9.927095629282194,0.006834780386540385
3504701,SP,0.2399577167019027,0.2731707317073171,946,0.059093302016980306,9.203647744225815,0.016142560550979988
3504800,SP,0.1851133940686179,0.2311640696608616,5159,0.04070804243082316,10.021883154717123,0.009410236756236114
3504909,SP,0.4409734834725753,0.4704740333279404,5506,0.02148003197236113,9.716170056618783,0.010105797278049855
3505005,SP,0.419612314709236,0.3888008452192287,1754,0.04566572710687599,9.646089141792718,0.017754873296704027
3505104,SP,0.345356176735798,0.3733564872240139,3327,0.04733056206817136,9.520977801444523,0.017671172392110614
3505203,SP,0.1741597023119624,0.1834704089262092,16393,0.015617539981908042,10.40173128031336,0.0028653564469020903
3505302,SP,0.2263180870155696,0.2528505255656512,20617,0.019548965617589054,10.31393648392221,0.004942966230672237
3505351,SP,0.525557461406518,0.6549056019808109,2915,0.031300729828457344,9.565991585330476,0.02049902331074458
3505401,SP,0.493969298245614,0.5950978081546076,3648,0.030290844832751834,9.379314937739638,0.018026015367121936
3505500,SP,0.2604703491326123,0.3501217730150998,55108,0.013041415945519283,10.597339093362205,0.004566083673472605
3505609,SP,0.3888602039499161,0.4471519186083024,15494,0.024242614450439102,9.668697155174863,0.010840131563595201
3505708,SP,0.370535405473956,0.4655369063726531,173476,0.018251523453712854,12.135477452226105,0.008496757765229403
3505807,SP,0.1652545927355087,0.2460540709485857,11921,0.017121153999645526,10.73182448668404,0.004212729640950442
3505906,SP,0.2911229425479347,0.3121160672943355,28737,0.029808079181587233,10.146260475166697,0.009303580447755162
3506003,SP,0.2706334600180771,0.3795331930760097,183658,0.012317908275138074,10.574249331083081,0.0046750550596805565
3506102,SP,0.2048552070526068,0.3108044682249131,38227,0.014813621559754204,10.673215997883075,0.004604139771364513
3506201,SP,0.2915811088295688,0.3428217821782178,1461,0.052813560590838686,10.59824088754762,0.018105638964928606
3506300,SP,0.250814332247557,0.2689545091779728,5526,0.021925112528058774,9.786693410003107,0.00589685787865587
3506359,SP,0.3241034621137499,0.392301452695229,27411,0.01814136335973132,10.218942221709913,0.007116883199894596
3506409,SP,0.1845753899480069,0.2384782608695652,4616,0.049957712565240446,10.096072027945432,0.011913828409580166
3506508,SP,0.1692570564847369,0.2487523992322456,60866,0.01628676646018541,10.211308777543527,0.004051372232706388
3506607,SP,0.2517473295529474,0.2690002966478789,15166,0.03734985943208425,9.967359690175156,0.010047123266987241
3506706,SP,0.4574855754631035,0.4317255881193323,6586,0.02238138971808432,9.937560433301007,0.00966261863896793
3506805,SP,0.1881845336873548,0.1661164465786314,6026,0.01862878780945148,9.78083463990614,0.0030945480349734065
3506904,SP,0.2727272727272727,0.3625383435582822,4906,0.026187548784244338,9.694051213293072,0.009493990558091648
3507001,SP,0.2307746727980191,0.2552055525894287,28270,0.02248893804001438,10.59092465125182,0.005739301859651293
3507100,SP,0.243621326764033,0.2565232722143865,11366,0.028117462683669825,10.504597566907297,0.0072127835339808885
3507159,SP,0.5011441647597255,0.4692005242463958,2185,0.06476184353792834,9.673550008131409,0.03038629093915904
3507209,SP,0.308300395256917,0.3821339950372208,759,0.03293490788181321,10.982877189230521,0.012585547925060133
3507308,SP,0.2793490895001937,0.4344202898550725,2581,0.03923357672081475,11.24510623192549,0.017043861771107567
3507407,SP,0.1938831239759694,0.2281264859724203,7324,0.021817564022009774,10.050786375041483,0.004977164212819394
3507456,SP,0.3212199870214147,0.3549222797927461,1541,0.022298202616294702,10.119263318604343,0.00791412890785589
3507506,SP,0.2639405728461885,0.2818090162753853,70944,0.07458007072830072,10.370964385227245,0.021017336365691086
3507605,SP,0.200886524822695,0.1997669773635153,84600,0.016127598941847288,10.5400262419062,0.0032217616927438606
3507704,SP,0.2198765833062682,0.2504581551618814,3079,0.02367529657513854,9.765806480947049,0.0059296711031196075
3507753,SP,0.4955106621773288,0.5428887659103486,1782,0.03578758558856616,10.276009515418409,0.019428678175087657
3507803,SP,0.1992829660720531,0.2718026951436562,11436,0.02379275176434208,10.118142017806067,0.006466934054432158
3507902,SP,0.2021811365766379,0.2026143790849673,11737,0.020860877888134694,10.262596728694023,0.004226713820471735
3508009,SP,0.2807085847771072,0.3295685984077022,10274,0.01422175980544655,9.945141582445075,0.004687045445972015
3508108,SP,0.2768074031231926,0.3990400714365442,8645,0.024947969261481278,10.454620211458286,0.009955239436298198
3508207,SP,0.2102623456790123,0.283111954459203,2592,0.036941392979093594,10.570151531399935,0.010458549966756667
3508306,SP,0.4038128249566724,0.4684041413780792,2308,0.31485205892732554,9.868152886006254,0.1474780083229743
3508405,SP,0.2489481065918653,0.3448008488410055,22816,0.024080232962832786,11.466438552418124,0.008302884765873904
3508504,SP,0.1877994839660892,0.2655981906098892,48834,0.011455300493093743,10.661620070043519,0.0030425070838582696
3508603,SP,0.2772678507569436,0.3987285300022306,16778,0.014997680641573865,9.814075960797199,0.005980003155657657
3508702,SP,0.3466432645897323,0.4500048211358596,9116,0.018410811645832477,9.843574500446271,0.008284954001648845
3508801,SP,0.2388182674199623,0.2606922513855484,8496,0.02449143818767059,10.257255624247358,0.006384728160813842
3508900,SP,0.45850622406639,0.5539922616953922,2410,0.1540390476418255,9.536893133047263,0.08533644039249917
3509007,SP,0.3499523107604266,0.4137699834475244,46132,0.01909986117646177,10.476974105687905,0.0079029492428346
3509106,SP,0.5244338498212158,0.5822518414591371,2517,0.04257394749666495,9.475115521027984,0.02478875932811779
3509205,SP,0.3614812005120668,0.473304438364125,42182,0.02713616639171837,12.321113324421736,0.012843667993387707
3509254,SP,0.2479460289893794,0.4384780413932357,14971,0.018017593680815173,10.831655728270539,0.007900319187782978
3509304,SP,0.2854754829123328,0.3496963562753036,5384,0.03347861958425574,9.595860939228546,0.011707351281741253
3509403,SP,0.3679414019248786,0.4041869158878504,11741,0.018429685995215255,9.961048708562114,0.007449037943187562
3509452,SP,0.3025261860751694,0.4008695652173913,3246,0.04045426558417545,9.78456152540603,0.01621688385591729
3509502,SP,0.3118387995712754,0.3833354370198336,583125,0.011352329225021343,10.847590957269228,0.004351750084666585
3509601,SP,0.2880947106746412,0.4200227790432801,40629,0.023005082205457262,10.131047205821913,0.00966265856005527
3509700,SP,0.2285391093049562,0.2563847429519071,23869,0.01694774731756475,10.087023042925196,0.004345143839627712
3509809,SP,0.3152217339192968,0.3776792313377679,2503,0.05454270257729311,10.236833891362147,0.020599645984476552
3509908,SP,0.3212692117005453,0.3602248556669705,6051,0.18810687251543043,10.074527377096876,0.06776077100183614
3509957,SP,0.2659047619047619,0.401727115716753,2625,0.05115015598235972,9.924609773867108,0.020548404631255388
3510005,SP,0.2220625224577793,0.2862927496580027,16698,0.015697363629309628,10.528727735831618,0.004494041395816578
3510104,SP,0.2595051297525649,0.2520618556701031,1657,0.07390744747285886,10.46032126916646,0.018629248357849477
3510153,SP,0.3586638830897704,0.3878312803284808,2395,0.23487752149187047,10.5050861987487,0.09109284988057238
3510203,SP,0.256929093691549,0.3460538390945243,23524,0.023092544624796773,9.864003440333251,0.007991263721872545
3510302,SP,0.2042377260981912,0.3076845502218636,9675,0.016159574693566554,9.497944082966091,0.004972051471366634
3510401,SP,0.2009918880473645,0.2176413834050764,26011,0.0163311386200218,10.509818868778051,0.003554331601841615
3510500,SP,0.2883357135740144,0.3393026969800283,60218,0.022494866606030686,10.23263492351555,0.0076325689076321875
3510609,SP,0.4114733695818499,0.4948420013326653,196054,0.01643188141329842,9.575277623567938,0.008131185084217615
3510708,SP,0.3813722346906059,0.4347142857142857,6238,0.026582011319335304,9.941040615672044,0.011555580063533905
3510807,SP,0.208317078879613,0.2854568140856786,12817,0.01682906856910138,10.212464973571999,0.0048039722977651095
3510906,SP,0.3524590163934426,0.3246546227417641,1708,0.033582441438055825,10.977864113473393,0.010902694855819399
3511003,SP,0.4906370852839405,0.5839817802239514,9826,0.02725308961835633,10.319284228045033,0.01591530779193062
3511102,SP,0.2119541104138936,0.236905808162573,63108,0.04994226571000002,10.451813286231609,0.011831612819497512
3511201,SP,0.2281219272369714,0.2333114467060626,4068,0.03195909187450398,9.62072113898992,0.007456421960652493
3511300,SP,0.2030321655398484,0.2635942923254917,4881,0.020406395473322,10.437047842627683,0.00537900937370443
3511409,SP,0.2649634284536932,0.2511139716803643,9707,0.021592994311873028,10.328381055245359,0.005422302562125951
3511508,SP,0.1651633098562543,0.1804003229781989,24279,0.013934988990513408,10.54641869221591,0.0025138765145862646
3511607,SP,0.17441998810232,0.167727746266929,8405,0.021464365335715708,10.09097992079411,0.00360016962280959
3511706,SP,0.2088933691756272,0.1906302170283806,8928,0.020987826141361875,9.823555319485935,0.004000913852281734
3511904,SP,0.2566302652106084,0.3181360201511335,3846,0.02761331079414875,9.901384303542054,0.00878478879924682
3512001,SP,0.3296967052149247,0.409238714613619,9166,0.019314676937576703,11.00563563458527,0.007904313563111201
3512100,SP,0.4065934065934066,0.4772145417306707,3640,0.038139294425016616,10.731949960148073,0.018200625910965426
3512209,SP,0.1795748171440289,0.2267538796973194,14629,0.02511946369531603,10.11841628984014,0.005695935848828873
3512308,SP,0.2104780465436203,0.2798558864045777,8723,0.01664271858925267,9.89521482328885,0.004657562762977249
3512407,SP,0.2217640320733104,0.256993006993007,13095,0.016139549974860678,11.66535892277983,0.004147751479553356
3512506,SP,0.1936691626957113,0.2929577464788732,2938,0.026335759996656452,10.22403488982028,0.0077152649004289305
3512605,SP,0.4966740576496674,0.495795702273435,2706,0.24285878090590085,9.681110416418598,0.1204083398325114
3512704,SP,0.1858168761220825,0.2002551020408163,2228,0.15890566426805655,11.005179683026519,0.031821670012863366
3512803,SP,0.2992247552723211,0.4308792622102324,30442,0.018538996868504482,10.01339719982006,0.007988069292819021
3512902,SP,0.2777777777777778,0.3487201007133865,4500,0.04012610243345822,10.727412371789883,0.013992778481831213
3513009,SP,0.3739861275470981,0.4094722955145118,115769,0.020568276509853555,10.843728110946172,0.008422139397266947
3513108,SP,0.2071407667544629,0.2316405822480026,17085,0.015357924373271903,10.435036440717285,0.003557518543945494
3513207,SP,0.2780133252574197,0.3389301054275673,4953,0.025056165067616983,9.989945562537105,0.008492288667977953
3513306,SP,0.3110261312938177,0.3516034985422741,1569,0.0763345768813925,10.799381194742068,0.026839504291241798
3513405,SP,0.2350819255683983,0.2855035963061285,39365,0.017455330065728004,10.297328695273704,0.0049835595084758355
3513504,SP,0.3959758551307847,0.5544788067750905,64610,0.015260823155492185,11.528390724446734,0.008461803013662979
3513603,SP,0.3225387479435449,0.516744289199379,11549,0.2090517037427106,9.375427054240069,0.10802627405644614
3513702,SP,0.1891320116054158,0.1736405036163943,16544,0.06991406357846303,10.762415862678045,0.01213991320963293
3513801,SP,0.4799929373855084,0.5384423262745869,226545,0.013100789143138277,10.459032671951407,0.007054019382264225
3513850,SP,0.4293628808864266,0.4678747940691927,1083,0.030456535603410682,10.097775301926559,0.014249845323506809
3513900,SP,0.2300469483568075,0.286241920590951,6603,0.09378726875542083,10.124358716652596,0.02684584793553135
3514007,SP,0.4525193798449612,0.3769960657255265,4128,0.032976764333696576,9.428352080163311,0.012432110414161474
3514106,SP,0.2123369869589567,0.1851290927448435,12499,0.016788880937226573,10.079832979038446,0.0031081102961099533
3514205,SP,0.5510610079575596,0.6467486818980668,1508,0.05549210287885327,9.991239963685567,0.035889444392650266
3514304,SP,0.2547045951859956,0.2203983769826632,4570,0.023507092010764653,10.983873553150719,0.005180924926754658
3514403,SP,0.1974759968135508,0.2864587354280861,23851,0.020577574132626283,10.156571206363788,0.005894625864209821
3514502,SP,0.2826054991912954,0.337043341626293,6801,0.023832932367231368,9.83700016937642,0.008032731165805098
3514601,SP,0.2265722615576842,0.2529260067446935,4802,0.02730578705332841,10.068295526837375,0.006906343680419306
3514700,SP,0.3074074074074074,0.3835040714473338,3510,0.03138258634997752,9.923127326644098,0.012035349637763901
3514809,SP,0.4556395186118108,0.5407061958694204,7146,0.02415734718613664,9.938151402895238,0.013062027299312788
3514908,SP,0.2224757558471192,0.3934392193501505,8765,0.02677049869782803,10.595173770932076,0.010532564109287683
3514924,SP,0.2179675994108983,0.2847157502329916,2037,0.09849554551831408,9.778937429194368,0.028043233136854567
3514957,SP,0.2761962447001817,0.2729211087420042,1651,0.0789747119755806,9.950725403447557,0.021553865954955898
3515004,SP,0.456670716503482,0.4664706258390334,125931,0.12079829436864535,10.797695623807154,0.05634885597442978
3515103,SP,0.37013964748605,0.4362579424090848,33871,0.020586472675815874,9.676360388770286,0.008981012211012279
3515129,SP,0.4127155172413793,0.5506607929515418,1856,0.07825872895125814,9.851207545793821,0.04309401373967959
3515152,SP,0.2850187645805863,0.4681157813019851,9859,0.03473092310765368,10.392742718333222,0.016258093205878472
3515186,SP,0.2295219457646072,0.2306917123508545,21462,0.04744965816725322,10.385630487241839,0.010946242893066354
3515194,SP,0.3702325581395349,0.4930286599535244,2150,0.05163627329199653,9.707653899319904,0.02545816262614701
3515202,SP,0.2320406865861411,0.3102403937156918,4719,0.022180372628908387,11.216687052782186,0.0068812475371532915
3515301,SP,0.4638480392156863,0.4455497382198953,1632,0.05257630299474463,9.815000530013307,0.023425358035878367
3515350,SP,0.6327433628318584,0.6552590873936581,4520,0.023469056038817465,9.734678703102318,0.015378312241986153
3515400,SP,0.32197815106308,0.3421702264677471,8513,0.0214937721405156,10.033347991336008,0.007354528880966376
3515509,SP,0.2762810353935552,0.4479402143560012,34074,0.02090134106067163,10.27808877746432,0.00936255119504514
3515608,SP,0.2090994079152384,0.2878197997775306,3209,0.03230239797447744,10.376324626960002,0.009297269717348206
3515657,SP,0.2478218780251694,0.3826395039858282,1033,0.07041362314968447,10.285919468575852,0.026943033835840294
3515707,SP,0.4287542358823669,0.5113277402262152,84398,0.022140231565160175,9.691234106145924,0.011320914574298471
3515806,SP,0.4447513812154696,0.4984126984126984,1086,0.11661966239803946,10.139410999921841,0.05812472062378475
3515905,SP,0.2975442604226156,0.377120698012603,1751,0.22095630479154696,9.988817500810978,0.08332719589327364
3516002,SP,0.2953142026879767,0.3748231966053748,5506,0.033638637966944135,9.518187424953483,0.012608541812220925
3516101,SP,0.4052213393870602,0.4574795081967213,1762,0.048666332680964194,10.814190266243141,0.022263849940625524
3516200,SP,0.2460780106334787,0.3236515911029826,167772,0.011997007948024776,10.25826130393758,0.003882850710853347
3516309,SP,0.5086973474033732,0.5935204971385061,79507,0.02527644962871253,9.073293609409312,0.015002090949529867
3516408,SP,0.4193390975494457,0.4997888052201523,65577,0.020992890970322683,9.88600305266387,0.010492011896174498
3516507,SP,0.1677350427350427,0.1695935775213246,1872,0.14172370585784175,10.16630892820734,0.02403543029601129
3516606,SP,0.3798159861989649,0.3781426372498717,3478,0.030736451847125937,9.978928724774773,0.011622762961175892
3516705,SP,0.2031031468531468,0.2368815592203898,22880,0.0117269377932856,10.198752365077112,0.00277789530935401
3516804,SP,0.497248624312156,0.5025445292620865,1999,0.19539308196521124,9.682773210691558,0.09819372439727536
3516853,SP,0.4948792977322604,0.515495867768595,2734,0.02514448756515885,12.133731115400167,0.01296187943699821
3516903,SP,0.2749087115284298,0.3016484362964104,5751,0.20081497906732246,10.022687588758338,0.06057552442055421
3517000,SP,0.2903490759753593,0.3474576271186441,4870,0.016972918883613818,9.697197659059247,0.005897370120577682
3517109,SP,0.3534195933456562,0.4199475065616798,2705,0.03970017862114327,9.955960633933872,0.016671991022002425
3517208,SP,0.2639985642498205,0.3459129861568886,5572,0.02100830891935371,9.603127507575202,0.0072670468724000395
3517307,SP,0.3802958977807666,0.4736043689320388,2974,0.04032886135951933,9.485150472056525,0.019099924933922836
3517406,SP,0.2652873314195959,0.4122774480712166,18463,0.018669504972382768,11.275879689413447,0.007697015866766856
3517505,SP,0.2826286296484972,0.3512678955740619,9815,0.02267610466897592,10.16125501389177,0.00796538756688833
3517604,SP,0.4795594153780979,0.5097466804783878,9442,0.023808618360656328,9.850290247118064,0.012136364176121357
3517703,SP,0.3987723678734914,0.508176434190754,9612,0.15144103700319433,9.943551628217408,0.07695876617443333
3517802,SP,0.2706970448905932,0.3875198728139905,4433,0.02539845073800928,10.380370361649225,0.00984240439966576
3517901,SP,0.4081442915582001,0.477517524363139,5378,0.02918905360541909,10.185519221787139,0.01393828461616268
3518008,SP,0.4409221902017291,0.5199692780337941,1041,0.2087124476766,9.77146778976464,0.10852406073506773
3518107,SP,0.2769815735595203,0.3582278481012658,3419,0.027517295301828056,10.090936957350017,0.009857461481540935
3518206,SP,0.2159703926734412,0.3243526748743996,15942,0.18045382812569594,10.231613809695812,0.05853068184389464
3518305,SP,0.2332873673481623,0.2989637602335833,16679,0.0577429122801185,10.7355311942333,0.01726303818210218
3518404,SP,0.212360962442407,0.295489223020517,64461,0.011875990524611501,10.75513511569437,0.0035092272127164744
3518503,SP,0.2195080576759966,0.331195602382043,5895,0.0242522335937914,9.352015223717157,0.008032233114205761
3518602,SP,0.323825591817367,0.3803448759287817,18967,0.022614161580177806,10.024341190947727,0.00860118048044615
3518701,SP,0.3276851422983892,0.4923647919269349,155448,0.015049813254158575,10.142803940905846,0.007409998171423014
3518800,SP,0.3386928002368923,0.3690808435959465,601117,0.173010287930726,10.712104219288264,0.06385478302024995
3518859,SP,0.3920863309352518,0.4818370524130773,3614,0.055789277917064,10.236142424713188,0.026881341227812102
3518909,SP,0.4560135996600085,0.5594744121715076,2353,0.22758662508047947,9.436617164935122,0.12732889328499855
3519006,SP,0.3327354260089686,0.455853753403345,4460,0.039451011833792154,10.408468609437948,0.017983891819993936
3519055,SP,0.2241766962042058,0.2781230956733699,7561,0.025635986009314403,11.029616341479478,0.0071299597895497216
3519071,SP,0.3431626918400368,0.5668500820542524,104449,0.02178071137934166,10.965804567864573,0.012346398032579808
3519105,SP,0.2154826958105646,0.2535573461340648,5490,0.03387298465085013,10.518053381782885,0.00858874409370947
3519204,SP,0.2467873831775701,0.3031062124248497,3424,0.038911955550154906,10.258620665742388,0.011794455464851562
3519253,SP,0.5226757369614512,0.5309119010819165,2646,0.049271305529931184,9.72493289830068,0.02615872248768371
3519303,SP,0.3115305999759529,0.3087059601918729,16634,0.01880561942740159,9.994488565394612,0.005805406802338947
3519402,SP,0.2062295081967213,0.256503807106599,6100,0.02282243200619435,9.926866716418887,0.005854040697020346
3519501,SP,0.2377500724847782,0.281386462882096,3449,0.04063865983089911,10.005749183128504,0.011435168746085418
3519600,SP,0.2379274611398963,0.3108937104481467,28950,0.01751991538957509,10.118605850268832,0.005446831502202588
3519709,SP,0.2298734446453259,0.2277891951905133,37612,0.02514451115255177,9.987257703702838,0.005727647958898654
3519808,SP,0.368936795688388,0.458908473136547,4082,0.03220999275120542,9.95875259703636,0.014781438593194925
3519907,SP,0.3096299598751671,0.3173809005873396,4486,0.022010694805729494,10.303587893881478,0.006985774139995504
3520004,SP,0.2812474286184481,0.3624492807082257,12153,0.021342148077917997,9.42016527866254,0.007735446219609819
3520103,SP,0.3835952472211575,0.4614339109751953,13045,0.017770391740751377,10.523152458468656,0.008199861360496217
3520202,SP,0.2413359669599569,0.2646169354838709,5569,0.03342094086509752,9.852932148868824,0.008843746952709773
3520301,SP,0.3249397854171228,0.4617840750349232,13701,0.011761988171775999,10.547525110985038,0.0054314988284752865
3520400,SP,0.3179668285299867,0.2774348845821504,15857,0.02026774344887297,12.946695382857706,0.005622979064478707
3520426,SP,0.3034629404617254,0.3968398111151471,6584,0.05627734754049737,11.713429998139196,0.022333091968032463
3520442,SP,0.3232588699080158,0.4062650934934106,12937,0.016614194920410393,10.051694466217421,0.006749767452658276
3520509,SP,0.2327979859362791,0.3318466360547503,115190,0.016516077777313752,11.053490508551624,0.005480804851220186
3520608,SP,0.249302649930265,0.3787652848195645,2868,0.18174781205444915,9.428927360031432,0.06883976179813611
3520707,SP,0.4215116279069767,0.5342410893071686,2064,0.29721501869232636,10.091178920573345,0.1587844753446389
3520806,SP,0.1762313601446,0.2457662123089632,2213,0.174708390407873,10.45982483842318,0.042937419369138544
3520905,SP,0.2412901469787697,0.2557025834908633,7348,0.018528450048198197,9.940431973740086,0.00473777254540569
3521002,SP,0.3559592581331712,0.4376570949805773,13156,0.025969032361328852,9.789822096084869,0.011365531262715787
3521101,SP,0.2012987012987013,0.2333588370313695,3696,0.4339030603272486,10.963216863202264,0.1012551135423189
3521150,SP,0.225231646471846,0.3625044468160797,2806,0.04289391553480021,9.897428904236504,0.015549235122718396
3521200,SP,0.5951195219123506,0.6492976891708201,2008,0.05887735072978297,9.39979389990741,0.03822892777334798
3521309,SP,0.4084015568380083,0.4999393277514865,7451,0.024185396270873624,9.936429608939454,0.012091230753063868
3521408,SP,0.2122601196488229,0.2879165369043912,12871,0.014748694636849156,12.596450795410904,0.004246393083701976
3521507,SP,0.2351851851851852,0.2970225127087872,3780,0.030072164779545565,9.889965776693606,0.008932109945413316
3521606,SP,0.319320472214224,0.3711987936667504,3473,0.03573726154310312,9.274069038578393,0.013265628373753028
3521705,SP,0.3852857721929469,0.4627323420074349,9868,0.016332262403519156,10.291942727819347,0.007557466032260397
3521804,SP,0.4114372923960858,0.3659489633173843,11139,0.02673335039244395,10.01473924739391,0.009783041862115252
3521903,SP,0.161907009676658,0.1758147512864494,8474,0.02225141338953049,11.139193066772199,0.003912126710852273
3522000,SP,0.2582716049382716,0.2658514492753623,2025,0.030400719779430638,10.046864226279546,0.008082075412375808
3522109,SP,0.3105123866545186,0.3699373695198329,46098,0.014879436074169037,9.838937886614277,0.005504459441216603
3522158,SP,0.5061179087875417,0.6049073610415624,1798,0.06059208444867919,9.42566025312249,0.03665259790385802
3522208,SP,0.4570196466725728,0.4855799601535546,76756,0.0202324786752962,9.953733151938073,0.009824486188957971
3522307,SP,0.2120775050345615,0.2476631923992931,73492,0.015330428352184485,10.285010701637601,0.003796782826550644
3522406,SP,0.2585073849957707,0.2737690917396572,46107,0.021921307504569318,10.19749767860653,0.006001376445271673
3522505,SP,0.4302882695839655,0.5572550757711494,100184,0.022073072311403888,10.856529246633656,0.012300331583393434
3522604,SP,0.1980035480710673,0.2150822052798091,37767,0.01876325589989782,10.869756376285423,0.004035642457179411
3522653,SP,0.4696755994358251,0.5184381778741866,2127,0.06799701214909563,9.208154267123046,0.035252247079466066
3522703,SP,0.2027577877308641,0.2380412604851507,19871,0.017140694473065776,10.32539369248892,0.004080192517959433
3522802,SP,0.306503198294243,0.3136434293913667,7504,0.0258572611498895,9.980500627825037,0.008109960061719497
3522901,SP,0.2404063205417607,0.2614194316321976,6202,0.023927694306470043,10.589082612215165,0.0062551642458663695
3523008,SP,0.6686440677966101,0.6791423001949318,2360,0.03545421817953902,9.842126419850203,0.0240784592860651
3523107,SP,0.416010464694607,0.5280531593328579,154424,0.020782233315595817,9.88654433008725,0.010974123960292946
3523206,SP,0.2556129760715681,0.2557367034477492,23027,0.017171437260691386,9.766944708446847,0.0043913667585090636
3523305,SP,0.2992803229770054,0.4228360366147422,5697,0.026081176075241286,9.678677974020772,0.011028061121906262
3523404,SP,0.2019235945378528,0.1946405592459917,55729,0.014039990675321924,10.835819229143963,0.0027327516368531677
3523503,SP,0.2669176976869284,0.2431372549019607,9295,0.14156914013314065,9.899897297423216,0.034420732110802814
3523602,SP,0.282404603270745,0.3220008360039013,6604,0.18028645882884767,10.034159431564241,0.058052390463071875
3523701,SP,0.4368131868131868,0.4982817869415807,3276,0.034198172000213814,9.623872446361975,0.01704032625440207
3523800,SP,0.3386406844106464,0.4625,4208,0.022535148323138823,9.672965312966854,0.010422506099451705
3523909,SP,0.2275424595866584,0.2570473333485997,83079,0.016088490350969275,10.724266479804298,0.004135503542321329
3524006,SP,0.2317526649431597,0.3367800715861022,28237,0.00828056273986906,11.627295865426685,0.0027887285123063127
3524105,SP,0.2877294998115544,0.3985538068906848,18573,0.019759294914800232,10.50865387118904,0.007875142209769382
3524204,SP,0.3751465416178194,0.4983388704318937,3412,0.03773715175892279,9.893146319071418,0.018805889580858534
3524303,SP,0.2297715890339576,0.2369147426802528,34543,0.013006082992380246,10.54050373368606,0.0030813328054177785
3524402,SP,0.2232106223428865,0.2926565786350877,114551,0.015768172422670805,10.917506795074347,0.00461465939254698
3524501,SP,0.2637332604536758,0.3585526315789473,3659,0.029644632170334303,10.939117650899297,0.010629160876863284
3524600,SP,0.2439053395171839,0.3650343548914821,8409,0.03039377544925616,10.28718970041646,0.01109477221383579
3524709,SP,0.2222789239629656,0.2515828183644842,27434,0.006651330157882329,12.229391944065942,0.001673360386992726
3524808,SP,0.2252284324196036,0.3377152246910052,25281,0.017591746007664215,10.359639852989833,0.005941000455685414
3524907,SP,0.2055830183192788,0.2729674200176108,3439,0.06017386877588408,10.500615358156049,0.016425505712231347
3525003,SP,0.3815685833239563,0.4744933241129847,53322,0.02028165463543522,10.387360021527082,0.009623509726479183
3525102,SP,0.2181828242585214,0.2952763921408938,18072,0.02470125519822968,10.118416342827741,0.007293697516284759
3525201,SP,0.2438520493168943,0.3175680607254945,15005,0.020876628438948504,11.353207590161512,0.006629750407843584
3525300,SP,0.1752066587667575,0.1909294138120289,70043,0.008678316918613302,10.368301479464778,0.0016569459621458508
3525409,SP,0.4362348178137651,0.5036596523330283,1976,0.27198560957619194,10.14776973668926,0.1369881775587316
3525508,SP,0.1937667243821816,0.1901135220577669,6353,0.021127637391120863,9.69665831795136,0.004016649557185357
3525607,SP,0.3846491228070175,0.4243203526818516,2280,0.21477328011368518,10.19861127753547,0.091132673964477
3525706,SP,0.2435009145834488,0.2984406360969585,18041,0.020553301048832743,10.492246781220103,0.006133940238905928
3525805,SP,0.441869918699187,0.5023423423423423,2460,0.05773916498454156,9.282856770407811,0.029004827383225563
3525854,SP,0.217391304347826,0.2234636871508379,1587,0.0175531435230173,10.421742523803447,0.003922490172741294
3525904,SP,0.2199711672748569,0.2893484318815149,221970,0.02240506092006685,11.563441974529367,0.006482869243431154
3526001,SP,0.2372688771821093,0.3087570893011631,9681,0.1284734894120634,10.236173081330813,0.03966710064323249
3526100,SP,0.2778425347038253,0.365933959523579,9437,0.019673729479115085,9.7634586240262,0.007199285726888343
3526209,SP,0.3763522884882108,0.4388819095477387,14420,0.018448351176122493,9.709699189865413,0.008096647592183912
3526308,SP,0.2796934865900383,0.3002869814766501,3393,0.130724774057001,9.352237146125155,0.03925494780579393
3526407,SP,0.1723850534796499,0.1682754182754182,14398,0.01854550249359407,10.576939571696615,0.0031207521892373533
3526506,SP,0.3649393605292172,0.4894298526585522,2721,0.05140987878727471,9.508554343406212,0.02516152940004989
3526605,SP,0.3382389011528084,0.3707186030893217,4077,0.034743440608569265,9.628754898005056,0.01288003976892561
3526704,SP,0.2292701721655547,0.2733981513938343,49313,0.016701773311163702,10.351056495444174,0.004566233948271035
3526803,SP,0.168323924692667,0.2103238753553709,34897,0.01622865625490493,10.568320565574606,0.003413273875341785
3526902,SP,0.1762701122665425,0.272382891799422,154632,0.012407699565920381,10.684859253360639,0.0033796450883438263
3527009,SP,0.180327868852459,0.2010284035259549,4026,0.03544027584412417,9.975453281135206,0.007124502073463745
3527108,SP,0.1662718467045693,0.2047279214986619,37992,0.015888411880783725,10.79458366220625,0.0032528015402674974
3527207,SP,0.2085825079424406,0.3102294859852654,42808,0.021165588826247955,10.338397662090193,0.00656618974214238
3527256,SP,0.3213213213213213,0.4413931681178835,1332,0.07781097106650119,9.773161852756797,0.03434523103337193
3527306,SP,0.2427018443874435,0.2967833735770955,24561,0.04166304316983514,12.343847282105147,0.01236489850543184
3527405,SP,0.2317667922855242,0.3551133645843298,9022,0.1661617514639105,9.924386416295546,0.05900625862757444
3527504,SP,0.3499288762446657,0.3970994475138121,1406,0.07504733803085531,10.080975643999015,0.029801256469434944
3527603,SP,0.3477901009766594,0.4371276767026243,6041,0.028260436125848627,11.507412075932846,0.012353418786295122
3527702,SP,0.3292959878879636,0.3452581842726966,2642,0.0331256780228646,9.436408177474073,0.011436911446976202
3527801,SP,0.3501326259946949,0.4098728496634256,2262,0.04317459455185172,9.633112728547056,0.017696094102030473
3527900,SP,0.4034564958283671,0.4041170097508125,1678,0.04437512009232207,10.34886398903805,0.017932740839042394
3528007,SP,0.2166316487891186,0.2676950998185118,9043,0.017921883690106867,10.508934035001948,0.004797600443358916
3528106,SP,0.2231631382316314,0.2084040747028862,4015,0.0387650691717061,9.858579624020845,0.008078798371522788
3528205,SP,0.2966226138032305,0.4742310889443059,2043,0.2821349564099322,9.959783163262978,0.1337971676075364
3528304,SP,0.3114930182599355,0.4193995381062356,1862,0.2053101388075841,10.298814280648408,0.0861069773844279
3528403,SP,0.2861207071733387,0.4034131759185681,24605,0.03290956205984591,10.60771195230723,0.013276150948651652
3528502,SP,0.2618583337395798,0.291619398752127,41026,0.016616703264750676,9.78378251172055,0.004845753015309098
3528601,SP,0.2466734902763561,0.2619538721170073,4885,0.022812918040140785,10.055405241532245,0.005975932214902809
3528700,SP,0.5204332840965041,0.5360780984719864,2031,0.04451876943161651,9.777909755852578,0.023865537263213776
3528809,SP,0.2762848943386381,0.3790912360628222,7666,0.028898666323830393,10.211981475872765,0.010955231137267917
3528858,SP,0.1472326706072004,0.2251016260162601,1861,0.022192174039317572,10.989706943597374,0.00499549446108622
3528908,SP,0.3792599805258033,0.4731954411143942,2054,0.049431353407764445,9.540996646673088,0.02339069108066861
3529005,SP,0.2000339962604113,0.2471629889102326,117660,0.011916229567396892,10.435974930024907,0.002945250916418304
3529104,SP,0.3911671924290221,0.4111640571817563,1268,0.07049748430827806,9.70455260900889,0.028986031669298806
3529203,SP,0.2916463909164639,0.2966156967896224,12330,0.1676677903549251,9.844619963964474,0.04973289846530244
3529302,SP,0.2960902917796472,0.3200174136572826,43149,0.016941030286292014,10.824224866006979,0.005421424696908864
3529401,SP,0.3792945443671109,0.4378390919474585,207327,0.016243393610777538,10.393781459066469,0.007111992708687987
3529500,SP,0.3100195185426155,0.4318885448916408,3074,0.04411532044650382,10.348672995539854,0.019052901555068984
3529609,SP,0.3177489177489177,0.5124269005847953,2310,0.2952677417109095,11.031497154517515,0.15130313372759327
3529658,SP,0.3853448275862069,0.3979183346677342,1160,0.038429264652479325,10.334436685180338,0.015291708993020197
3529708,SP,0.4232369461202413,0.5071428571428571,9614,0.22848698425950703,10.735132442841612,0.11587554201732142
3529807,SP,0.1856703865437489,0.2485112563543936,6183,0.023204957131269265,9.501815149627722,0.00576669305034157
3529906,SP,0.3320823612942489,0.4816783216783217,9859,0.024044178663603654,9.887672096176631,0.01158155962481832
3530003,SP,0.338892197736748,0.539460020768432,1679,0.05924276385372103,9.982099159901395,0.03195910261890766
3530102,SP,0.2119522538087011,0.3149633522334393,12734,0.021017590943493262,10.00930024006673,0.006619770899433812
3530201,SP,0.5367914564018308,0.5347668810289389,8521,0.189939665516707,9.83863358208241,0.10157344251204929
3530300,SP,0.2219410745233968,0.334727762103966,28850,0.016261227125810976,10.325416478411084,0.005443084164887015
3530409,SP,0.2513173895419538,0.322735674676525,2467,0.033502591407899206,10.17639647917893,0.010812481441440298
3530508,SP,0.2465019811788014,0.2847055131289884,32304,0.017992172737836803,10.334293219431013,0.005122470771631223
3530607,SP,0.2870245340433625,0.3189581438899442,210320,0.03732363821755143,10.460437300190785,0.011904678369089988
3530706,SP,0.1832391257193166,0.3155077611795046,78373,0.01575922993828485,10.57906642219745,0.004972159355741274
3530805,SP,0.1814949686483225,0.201593736893611,46409,0.013615009584461827,10.811403563274077,0.0027447006599739896
3530904,SP,0.2212543554006968,0.2582752613240418,2296,0.03997966953046332,10.265727775102988,0.010325759595629248
3531001,SP,0.3278566094100075,0.3593015446608462,1339,0.08537898499197903,10.054766821240095,0.03067680118919327
3531100,SP,0.3219362699848613,0.4043336058871627,27083,0.014911222609478534,9.824819181888557,0.006029108405876643
3531209,SP,0.1955850937574175,0.2098264593193599,4213,0.0713260604104415,10.014495077208904,0.014966094713121708
3531308,SP,0.1872381959412745,0.2114607071969418,24589,0.013425658642512835,10.483936723492969,0.0028389992711304974
3531407,SP,0.2580308174458083,0.2967700153808791,11487,0.025645632064281856,10.051965272955961,0.007610854622169293
3531506,SP,0.2339985523730741,0.3109384656131367,9671,0.1534059501849193,10.247486696372109,0.047699810766424086
3531605,SP,0.3984113712374582,0.5397489539748954,2392,0.040181749202543554,10.085468997089766,0.02168805710095447
3531704,SP,0.3369261477045908,0.3520558002936857,2505,0.027759342321928927,9.551251526728935,0.009772837476773068
3531803,SP,0.3429240548678487,0.5073475920267714,26901,0.015954629064157348,10.999042334216497,0.008094542637380572
3531902,SP,0.3077444118311131,0.3954686571107735,13287,0.02532879322458124,10.281941614474785,0.010016743842761602
3532009,SP,0.1818547845926721,0.2162716207559256,7451,0.015439469866573912,10.418239919318639,0.003339119171656214
3532058,SP,0.4075612796011633,0.4888888888888889,2407,0.028501712141486533,9.758008557388234,0.013934170380282305
3532108,SP,0.2949210413999146,0.4026428293820443,2343,0.04275900997440232,9.589626093289846,0.017216608757668405
3532157,SP,0.4195979899497487,0.5736213757816941,1592,0.07038990710580119,10.544713665670269,0.040377155355175325
3532207,SP,0.4411867364746946,0.5001617599482369,2865,0.0407649698488286,10.337022448885328,0.020389079063826924
3532306,SP,0.2544822049772545,0.3996350364963503,3737,0.026021313225646957,9.291025338211936,0.010399028460614385
3532405,SP,0.2361723786901934,0.2473498233215547,8841,0.021190034055692794,9.833283095652698,0.00524135117985334
3532504,SP,0.2686832740213523,0.3586231120477696,5058,0.020386980210013988,10.011835990236941,0.007311242288171507
3532603,SP,0.2100947521865889,0.2370933808059556,5488,0.17037177724483205,10.254745734481736,0.0403940206608964
3532702,SP,0.3696356275303644,0.3089316987740805,2470,0.050098510011289336,9.814135979770027,0.015477017803837893
3532801,SP,0.2532336878413337,0.3810012836970475,3479,0.03810851134077653,9.988663913580028,0.01451939174061935
3532827,SP,0.4052098408104196,0.5293312475557294,4837,0.0298162606472119,9.539582220001646,0.015782678445835474
3532843,SP,0.4122257053291536,0.5582303188028627,1276,0.03917596175837113,9.936657107778906,0.021869209621784274
3532868,SP,0.243211334120425,0.369215291750503,847,0.21174738208847105,10.384387773006077,0.07818037145520007
3532900,SP,0.4524380495603517,0.4783912506614923,5004,0.02739752089677042,9.80478380669344,0.01310673428683037
3533007,SP,0.3473512299683576,0.429707748681741,9797,0.02203545955639289,9.916828030077154,0.009468807717145145
3533106,SP,0.4451901565995526,0.5557074504442926,1341,0.02470651098087636,9.511118721610679,0.01372959222655672
3533205,SP,0.3795267986479961,0.4606334841628959,2071,0.5629111667331359,10.460141008528673,0.2592957320064852
3533254,SP,0.2941888619854721,0.3396226415094339,2478,0.04401013707698588,9.228813643504894,0.01494683900727822
3533304,SP,0.3868165559529892,0.4764705882352941,1957,0.1924072959489099,9.419298157036087,0.09167641748153942
3533403,SP,0.2588209849842427,0.4506127224582794,32366,0.018451827985207548,10.990895503142946,0.008314628442746242
3533502,SP,0.2230212209594689,0.2508743737593345,19886,0.019715812329360625,10.153766948469544,0.004946192071284913
3533601,SP,0.2314487632508834,0.2933241883859168,3962,0.08172387345102596,10.819011675991787,0.023971588851775562
3533700,SP,0.3901464713715046,0.41312893081761,2253,0.17435589017355285,10.180440474488371,0.07203146248915251
3533809,SP,0.2204270051933064,0.2603406326034063,1733,0.05612392977423444,10.403216947286825,0.014611339381613344
3533908,SP,0.2370266479663394,0.3229671699681396,27094,0.023320692975756875,10.529099409002937,0.00753181821207607
3534005,SP,0.3151611619578193,0.4011799410029498,2513,0.06426913559335119,10.47623246013605,0.02578348802565121
3534104,SP,0.2619182746878547,0.3272636567722624,3524,0.2219804683649385,9.637670440056347,0.07264613980912929
3534203,SP,0.3984819734345351,0.3634767339771729,3162,0.034454406274199725,10.588705034228155,0.01252337506366873
3534302,SP,0.2545876085240726,0.2944716221481449,20272,0.016827991757506752,10.543248419526666,0.004955366030328625
3534401,SP,0.3686173544299898,0.4108541508107015,389572,0.012095114842572825,11.607641783906521,0.004969328137603169
3534500,SP,0.2110442864953526,0.2515756302521008,1829,0.04451597226212486,10.404472447436284,0.011199133778129098
3534609,SP,0.1844611528822055,0.2772300063426166,15960,0.010775926234646691,10.039086020208789,0.0029874100983786705
3534708,SP,0.2532870396721498,0.3181576050285876,52707,0.013849261818143808,10.21083550592853,0.004406247971474497
3534757,SP,0.3672476692338873,0.4785985190536391,4934,0.2649597393274262,10.440172254693655,0.12680933885094445
3534807,SP,0.4594073717176584,0.5337529845886694,4151,0.02568936431310475,9.488438858029339,0.013711774874305313
3534906,SP,0.2407440212577502,0.3070053887605851,5645,0.03012555684671226,9.977705719811148,0.009248708291354003
3535002,SP,0.3207141676310134,0.3441013460015835,6049,0.03817582187867089,10.066381822190323,0.013136351693167353
3535101,SP,0.3480727841909606,0.2749542961608775,5111,0.03439412136111718,9.143800564359855,0.009456811430917776
3535200,SP,0.332680250783699,0.4715909090909091,5104,0.03379012837117101,9.907883657077905,0.01593511735685906
3535309,SP,0.2615704628185127,0.2823948570985981,11538,0.022719806461859008,10.294111630622472,0.0064159564991044795
3535408,SP,0.3188448074679113,0.3814644137224782,6856,0.02670212424809157,9.730805807571663,0.010185910171443019
3535507,SP,0.3009685462217107,0.3983849847228284,20856,0.014261837312490595,10.428253831860335,0.00568170183985603
3535606,SP,0.3396286811779769,0.3754529849322907,9372,0.018263272438291876,9.637813084913354,0.006857000151588319
3535705,SP,0.23380195599022,0.225399278722308,3272,0.1721457415063831,10.153094254743063,0.03880152597065563
3535804,SP,0.3643711606854187,0.4707818109293977,9279,0.02067146825120124,10.345745541825124,0.00973175125787007
3535903,SP,0.3166969147005444,0.4384297520661157,2204,0.03631510955994149,10.219282786671775,0.015921624480618974
3536000,SP,0.2638512903807977,0.3388790179292521,5541,0.015414542200728992,10.293986950460923,0.005223664922812054
3536109,SP,0.2726532826912642,0.2795612627073301,3686,0.12853178699006823,10.63746427475766,0.03593250866897306
3536208,SP,0.2530753863947009,0.3524479568234387,9511,0.02200771197954642,10.157400656632339,0.007756573121549851
3536257,SP,0.2409144196951934,0.3266391021854696,1706,0.037485154990935805,10.342521288041686,0.012244117371522447
3536307,SP,0.2682151251209733,0.265772478887233,7233,0.027815687775708402,10.736148265815498,0.007392644292103326
3536406,SP,0.3113804004214963,0.3919636087945413,3796,0.03689011208756064,9.937717617746017,0.014459581462675399
3536505,SP,0.2859038972030931,0.3813003560052463,51986,0.017518676439986756,12.630892792153524,0.006679877563307671
3536570,SP,0.2345575959933222,0.2471264367816092,1198,0.05515567509774616,10.01774667665353,0.013630425455190142
3536604,SP,0.4027913809990205,0.3861264579496624,4084,0.04131490086722718,10.312135347145771,0.015952776332403867
3536703,SP,0.2174260591526778,0.3088994251667855,22518,0.015739949494579374,10.715204949325203,0.004862061351029804
3536802,SP,0.2871962062833432,0.3305763073639274,3374,0.036003797970252806,9.526417918941661,0.011902002584083037
3536901,SP,0.3693062368605466,0.5397982062780269,1427,0.22573349107095525,10.153041616051274,0.12185053357697864
3537008,SP,0.4582432947756451,0.493009565857248,7867,0.24498905858482847,10.845640289459192,0.12078194941268218
3537107,SP,0.1744836488812392,0.2577013736487035,23240,0.011720355275170069,10.158165943019887,0.003020351654062155
3537156,SP,0.2576748867639657,0.3783520234032179,1987,0.04795480286981681,10.674345838022786,0.01814379669769763
3537206,SP,0.3410852713178294,0.4662243667068758,4644,0.033416580523715364,9.453258638676559,0.015579624092178515
3537305,SP,0.2480877951446624,0.3282718069952112,30070,0.015301859939211751,10.180348282687628,0.005023169212632674
3537404,SP,0.3107389475355187,0.3941488618907974,12599,0.01871852387791524,10.284726781153973,0.0073778848827560075
3537503,SP,0.2498227369416213,0.2762442492680886,4231,0.02984620552126035,9.842270611641789,0.008244842637721647
3537602,SP,0.3070591393039277,0.362704743520595,33531,0.01763264975030259,10.02299889254125,0.0063954457052719845
3537701,SP,0.273851590106007,0.3200349446709377,3396,0.07419448961928556,9.647199857501178,0.02374482938019651
3537800,SP,0.2706993642143506,0.3097438605756535,27525,0.015523813717441588,9.993695218812622,0.004808405991697645
3537909,SP,0.2310432912073138,0.3226206725400173,14876,0.022986442634527853,10.053851372027856,0.007415901582053903
3538006,SP,0.2096397184606745,0.2930303960700031,76579,0.016458771559096315,10.85430863369595,0.004822920348787695
3538105,SP,0.2390325485655474,0.273511151988963,7773,0.022357271623282285,10.005877493429574,0.00611496311701409
3538204,SP,0.1998534798534798,0.2288888888888889,6825,0.024068919206172948,9.767547105276005,0.005509108173857364
3538303,SP,0.4244389027431421,0.5461024498886414,2005,0.19633937050883912,9.586897754855656,0.10722141124447072
3538501,SP,0.2048157818392805,0.2386634844868735,6894,0.23588262525295164,9.388535881151789,0.056296569272780816
3538600,SP,0.1984417017168861,0.1990214145008578,14503,0.018474858733124037,9.761485815557116,0.003676892517769872
3538709,SP,0.2149372975336367,0.2373630952662806,201268,0.01512163402395405,11.095616036405112,0.0035893178574096353
3538808,SP,0.2593582887700534,0.2829333986287953,14960,0.013817928861527603,10.123658396802833,0.0039095535748029245
3538907,SP,0.2265003437776249,0.2639210104963529,10181,0.024461519869612883,9.831350125682306,0.006455909042264847
3539004,SP,0.2071939805468893,0.191538209248934,5449,0.028109114300659422,10.153981170340495,0.005383969416721908
3539103,SP,0.4007281553398058,0.4765973254086181,8240,0.03632081396562169,10.090173630278812,0.01731040279267928
3539202,SP,0.307400520639643,0.4013871119789913,13445,0.021673767302001375,10.458037801518978,0.008699570863055025
3539301,SP,0.1823246584751583,0.2037491197824345,39309,0.015582891624146614,10.512823216541161,0.003175000452084944
3539400,SP,0.2250116225011622,0.2989334102046699,6453,0.19457818096899981,9.753815338121818,0.058165919188484516
3539509,SP,0.3189644864283152,0.3587982832618026,16726,0.020304174240350806,10.205419313116982,0.007285102860486383
3539608,SP,0.399645390070922,0.4612546125461255,2820,0.031111657568444365,10.088185163059386,0.014350395557400539
3539707,SP,0.3027375201288245,0.3624454148471616,1863,0.06095064760599196,10.1942499370141,0.02209128275675691
3539806,SP,0.3542087011349306,0.4618885265342425,63440,0.01862963268688596,10.595742504748783,0.008604813591619917
3539905,SP,0.2533639645553003,0.2669816893089191,3047,0.03422296225626712,9.855458674131395,0.009136904276333574
3540002,SP,0.1862026862026862,0.2131014961585119,11466,0.017698632574783824,10.919319788089977,0.0037716050816462084
3540101,SP,0.211080586080586,0.2564315352697095,2184,0.040343235883519145,10.071835178911584,0.010345277915358851
3540200,SP,0.3240989478397134,0.2808926780341023,17868,0.02041035360772971,10.075820795480066,0.005733118884498199
3540259,SP,0.4235350166746069,0.4495375954965822,2099,0.03326253092131933,9.740364793197237,0.014952758170500607
3540309,SP,0.3374269005847953,0.3255179934569248,1710,0.04219703519892549,10.875371208430252,0.013735894227785452
3540408,SP,0.465927750410509,0.5326162387231089,2436,0.06024177406659657,10.041648679609088,0.032085747117357996
3540507,SP,0.2608184383819379,0.3124353403683013,4252,0.02899019272231247,9.796654546312771,0.009057560730538348
3540606,SP,0.2030901904419691,0.2765318796577422,27830,0.017607976751777082,10.804611465180464,0.0048691669081387425
3540705,SP,0.1979350289599597,0.2206901080140516,27797,0.015524891851147212,10.47812002063021,0.0034261900595361477
3540754,SP,0.2530036160037326,0.4159431728492502,8573,0.02976747105839369,9.102699164487772,0.012381576359726499
3540804,SP,0.2425153161484221,0.2919424309276184,8651,0.027503055789644435,10.196615209189941,0.008029308965166706
3540853,SP,0.3599114064230343,0.4710669077757685,903,0.22465718237571738,9.018098199324482,0.10582856421134607
3540903,SP,0.3015802359225462,0.3817101420082586,8986,0.026512192559457415,10.331565724572945,0.010119972786820787
3541000,SP,0.2766305689795054,0.376797923293481,141745,0.017227007284645462,10.001763898669903,0.006491100569416079
3541059,SP,0.3419778699861687,0.326031746031746,2892,0.043530680508846155,10.123027385352158,0.014192383772249205
3541109,SP,0.2724601175482787,0.3316812809759817,2382,0.044973771237763374,9.789502371354425,0.014916958054462118
3541208,SP,0.3102135182918537,0.4027232580961727,7353,0.03330823412452546,9.923936628289411,0.013414000568059014
3541307,SP,0.305653162463828,0.4059230359992906,19352,0.020359344911426793,9.803366359178305,0.008264327097403072
3541406,SP,0.2196544295145228,0.2979775244113049,115577,0.014080138516763771,10.468612376834132,0.00419556481859353
3541505,SP,0.2189735934524116,0.31509564415764,19427,0.014402760515187105,9.805086640069113,0.004538247102181104
3541604,SP,0.2979662532126494,0.4181599156753501,17898,0.01842855414123351,10.609922035822164,0.0077060826457168285
3541653,SP,0.2503733200597312,0.2908921933085502,2009,0.03484017520672959,10.178024046883243,0.010134734981139744
3541703,SP,0.2636107193229901,0.256652474720596,7090,0.13694600218866107,10.201379005026,0.03514753036481202
3541802,SP,0.3340091231626964,0.3388429752066115,1973,0.040057481216967096,11.137718604137717,0.013573196114840088
3541901,SP,0.417910447761194,0.4782927276057886,4556,0.20382442581221483,10.083244968969673,0.09748774057440794
3542008,SP,0.2982406356413167,0.3431600724075511,3524,0.04001733096107121,10.002214607848975,0.013732350190158133
3542107,SP,0.1892592592592592,0.253923205342237,5400,0.02242879980465264,10.479585544130428,0.005695192738376737
3542206,SP,0.3069925742574257,0.365228267667292,16160,0.019200190759791177,10.524688079477016,0.007012452410080078
3542305,SP,0.2535264963781929,0.3202449567723343,2623,0.04709816791974951,9.529636240102302,0.015082950749516322
3542404,SP,0.2714382174206617,0.3102358168147642,10367,0.16359214491625151,10.405379531787498,0.05075214270257256
3542503,SP,0.1850124378109452,0.2417840375586854,3216,0.033358466358161205,9.642629759962082,0.008065544682841793
3542602,SP,0.2826086956521739,0.387552634936838,29486,0.015141539771919293,10.4616734678922,0.005868143635608251
3542701,SP,0.4037623308098187,0.5130867402119835,4359,0.036362499780773626,10.003704264474612,0.018657116478476104
3542800,SP,0.4982224479431183,0.5424187725631769,1969,0.0643307356214144,9.571321162250952,0.03489419865385385
3542909,SP,0.3238615664845173,0.3138461538461538,5490,0.02608984056486015,9.862588641252064,0.008188196115740723
3543006,SP,0.4613092179632103,0.4767165031901724,9731,0.01654786227657475,9.79644403694262,0.00788863903976128
3543105,SP,0.35437430786268,0.3529814941740918,2709,0.046641169240328885,10.048935063920363,0.01646346960847798
3543204,SP,0.4184423218221895,0.4982993197278911,2722,0.1804562090359456,10.398797121300744,0.0899212062032858
3543238,SP,0.4660347551342812,0.492604501607717,1266,0.22705113937302238,9.68191438853287,0.11184641335031198
3543253,SP,0.4271888363718208,0.5820512820512821,4443,0.026128294434232643,10.454922677597667,0.015208007273258488
3543303,SP,0.3330571530688501,0.3826058151265565,61554,0.015493962096334525,10.118803275230091,0.005928079997408041
3543402,SP,0.27726990206454,0.300592623712587,297645,0.04794328212506843,10.808108927268893,0.014411396963367093
3543501,SP,0.4257915567282322,0.5025215069712251,3032,0.04417932102357175,9.342841271277981,0.022201058977730802
3543600,SP,0.3388691182285488,0.3997093023255814,2529,0.3260268806398568,10.311694430158038,0.13031597699994277
3543709,SP,0.4257137308215187,0.4151894334376086,5149,0.019345427490847306,9.806993193284649,0.008032017079533231
3543808,SP,0.2093113482056256,0.285638392066584,5155,0.02420909016186889,10.140951745126388,0.006915045587231186
3543907,SP,0.2094508301404853,0.2436228653503576,102573,0.012146631774940525,10.775800431030081,0.0029591972373667107
3544004,SP,0.2434741618054328,0.2903522536659271,16971,0.01735645057122057,10.519687436678764,0.0050394845389951605
3544103,SP,0.4083801559301363,0.5062392855719013,22959,0.018231167583393392,9.402180386173843,0.009229333252558678
3544202,SP,0.4564603691639522,0.4093014280200694,4605,0.027829883733466263,9.923175786261101,0.011390811153740242
3544251,SP,0.4902874902874903,0.6252856054836253,9009,0.022213679759090377,11.160119438677901,0.013889894198182179
3544301,SP,0.2400340715502555,0.3605361384458772,5870,0.034183311647482804,10.222230548589982,0.012324319180675426
3544400,SP,0.3087071240105541,0.282546901648664,1516,0.2574940171007988,9.918075106304428,0.07275413672489879
3544509,SP,0.2934502320783909,0.4522821576763485,1939,0.020074669974204137,10.124311615916813,0.009079415050573655
3544608,SP,0.2931919261033185,0.4631736526946108,2923,0.03613166161687001,9.962741082173046,0.01673523368901135
3544707,SP,0.3852167732764747,0.410625,1407,0.053325269233028785,9.645025316169413,0.021896688678812445
3544806,SP,0.1903898458748866,0.2834962622196664,3309,0.04358437945437894,10.036748038486342,0.012356008666480052
3544905,SP,0.2623037572764156,0.2887022658849628,5669,0.06179247801782762,12.657813699635447,0.017839628418393587
3545001,SP,0.256728364182091,0.3015401242907322,9995,0.012086400774358543,9.384245297632479,0.003644534791727677
3545100,SP,0.3433823529411764,0.337615988579586,2720,0.04457742319790282,9.517962004240381,0.015050050801290531
3545159,SP,0.1079511315842179,0.1254430878298542,4993,0.020228098863604743,10.308255255086946,0.002537475182378144
3545209,SP,0.2488521432011559,0.3480869279922508,62290,0.018196137979318405,11.035094889879273,0.006333837770544066
3545308,SP,0.2859689960873656,0.3614961702927494,20191,0.10798253669791197,10.533724344161289,0.039035273474791445
3545407,SP,0.3093389790637497,0.3495206335973322,4251,0.1937714279568619,10.071391012851775,0.06772711227254218
3545506,SP,0.5737207285342585,0.497802636835797,2306,0.05416377443558826,11.40758064284902,0.026962869735015167
3545605,SP,0.2316376496191512,0.2498532347070564,7352,0.022747562551831784,9.908650534429631,0.005683552085276274
3545704,SP,0.2592816178690009,0.3575791227096058,3313,0.04177499175278233,10.090954644701272,0.014937864902160921
3545803,SP,0.2272718081449427,0.4371365723029839,98908,0.06518475502719216,10.334349866211957,0.02849464037899648
3546009,SP,0.2364260326020345,0.2651205093224192,8159,0.015027585880508313,9.723916846175426,0.003984121222526759
3546108,SP,0.3195592286501377,0.3821292775665399,1452,0.03812133924184439,10.365372859217242,0.014567279824354984
3546207,SP,0.1945866861741038,0.2684172137126185,2734,0.03937674227025988,10.209502562510012,0.010569395445263046
3546256,SP,0.2849544072948328,0.2947448591012947,1316,0.025151041714049516,10.098247129119393,0.007413140246258311
3546306,SP,0.264595041322314,0.2884195622677128,15125,0.1342575071194913,9.595719898853194,0.03872249143455802
3546405,SP,0.1825074121135112,0.2285578333795947,23610,0.015759873763282306,10.666763576908764,0.0036020426016717235
3546504,SP,0.3602751504729148,0.3342696629213483,3489,0.04175516475296095,9.711585405829553,0.01395748484719762
3546603,SP,0.2142771156855664,0.3022027932326558,16614,0.02057951486994692,10.42852797687082,0.006219186877070935
3546702,SP,0.2216548312455118,0.3508384458077709,12533,0.16160345574602814,11.110350166656096,0.0566967052511014
3546801,SP,0.2571157495256167,0.3107546851257808,27404,0.013447728245482128,10.228590999604709,0.004178944556581868
3546900,SP,0.4105614694218326,0.5417168415620162,4791,0.02663532669779682,9.478087617939362,0.01442880505270294
3547007,SP,0.2579606440071556,0.2956708627571385,2795,0.28734447938610047,9.968780558096139,0.08495939012858912
3547106,SP,0.3882282996432818,0.4855945521215296,1682,0.044342474057287466,10.02657920581029,0.021532463829809053
3547205,SP,0.314312441534144,0.3839137645107794,1069,0.04036746499409319,10.06154565148768,0.015497625449639424
3547304,SP,0.3303061711333761,0.3787155264888058,60783,0.023346786827642487,11.121717729465761,0.008841790665252541
3547403,SP,0.3119658119658119,0.4252998909487459,1638,0.033086362501444685,10.132494359411528,0.0140716263637551
3547502,SP,0.1756345895496005,0.1989369779802581,14143,0.12202174972325217,10.063101014976803,0.024274638137807183
3547601,SP,0.2938647263105672,0.3129133057190611,12094,0.01661617895072843,10.182107718607481,0.005199423483891913
3547650,SP,0.2385392385392385,0.3674939951961569,1287,0.014821155834767051,10.05886276774962,0.0054466857711433754
3547700,SP,0.3157186779400461,0.3717186726102031,10408,0.16862914226627812,9.818158985844804,0.062682600926618
3547809,SP,0.3316483572115628,0.3665260257356189,395060,0.010613535525100274,10.608769942639123,0.0038901369950188084
3547908,SP,0.3759521218715995,0.4225873640361027,3676,0.27027028508397277,9.8497739509056,0.11421280735092205
3548005,SP,0.2125188403227236,0.2549455984174085,11279,0.024587609380991905,10.73327005921657,0.006268502787290468
3548054,SP,0.33494431603278,0.4471788715486194,4759,0.035155997689886205,10.085589682034442,0.015721019375129184
3548104,SP,0.2277360515021459,0.2873350312572355,3728,0.10309048582030036,10.12338858715485,0.029621507965499595
3548203,SP,0.2334572490706319,0.2452208305866842,4035,0.018986786209891936,9.695879889436037,0.004655955484561502
3548302,SP,0.3828853538123971,0.4486301369863014,1823,0.03900753899648562,9.409876269553727,0.017499957563491837
3548401,SP,0.2906057945566286,0.3383306320907617,2278,0.04756368880210991,9.603696994386722,0.016092252896986133
3548500,SP,0.2864622952482377,0.306077989401583,236628,0.010246004725399998,10.857200480424881,0.00313607652574955
3548609,SP,0.2269339075699851,0.2361585275345109,6037,0.025058441602756207,9.836818241426208,0.005917764671216435
3548708,SP,0.4042965911895431,0.4410887364461164,433553,0.012360455843866504,11.013426962311716,0.005452057850069091
3548807,SP,0.2488588037922827,0.2171189773844641,102524,0.00963095556132205,11.33599528211782,0.002091063222709461
3548906,SP,0.3270352246532131,0.3204736673334453,123635,0.011939055636268648,10.709883138046486,0.0038261529442530536
3549003,SP,0.3571850975753992,0.4515135967162647,1691,0.054189750253171756,9.736462419393643,0.024467409041965694
3549102,SP,0.2150941775305513,0.2734120401990438,46561,0.01598772243533228,10.448901187589449,0.004371235809180224
3549201,SP,0.437862202189311,0.5174102285092492,1553,0.06107664649342482,9.755015487010676,0.03160168161874157
3549250,SP,0.4828209764918625,0.5205930807248764,1106,0.18550168599041314,9.78027334599125,0.09657089418940783
3549300,SP,0.4023627519110493,0.5207920792079208,1439,0.035195193249119176,9.978899066670193,0.018329377870333355
3549409,SP,0.3089681367377084,0.3384037420352841,23695,0.018467604306499463,10.238255475609742,0.006249506403746346
3549508,SP,0.402787456445993,0.4092956592956593,4305,0.02427149738086722,9.810238765431995,0.009934218522594917
3549607,SP,0.4465217391304348,0.3652509652509652,2300,0.0437371427251796,9.452620294989124,0.015975033597691077
3549706,SP,0.242093582393194,0.3560328326249878,27035,0.018557694734234707,10.411124012175536,0.006607148623219403
3549805,SP,0.217376516215667,0.2944651754434156,226386,0.015466760929301975,10.557397287564646,0.004554422470588272
3549904,SP,0.237928057240442,0.3093075772003809,367153,0.012357913980022759,10.925928005373827,0.003822396432411556
3549953,SP,0.3703509690937663,0.3761034439885615,7636,0.02668246778823449,9.496813761242374,0.010035368029268847
3550001,SP,0.3118576468783556,0.313540141126348,6519,0.13486777274007308,9.6352214059875,0.04228646049831874
3550100,SP,0.2399464471661625,0.2170334507042253,20167,0.016784366906888594,10.228695641763496,0.0036427690676878364
3550209,SP,0.2772373540856031,0.3238800980610653,16448,0.020054522392662498,9.936926566873536,0.0064952606791033604
3550308,SP,0.3961662433103408,0.3616841189815554,6118959,0.011860147106784584,10.980029304935922,0.004289626857309025
3550407,SP,0.1778496821071753,0.18758955141629,17616,0.07482602259801062,9.965576110951753,0.01403658001342599
3550506,SP,0.3350555412038233,0.346144832434966,3871,0.04292888520483758,10.06249620301071,0.014859611775848396
3550605,SP,0.267917691212631,0.2845199247314389,38635,0.04394700329698091,10.405253213104631,0.012503798070229305
3550704,SP,0.3757396449704142,0.4150621496466,39884,0.016880748501464517,10.671593266977743,0.007006559760661483
3550803,SP,0.302139037433155,0.3590122726600621,5610,0.17138588960471812,10.059902886790773,0.06152963772885636
3550902,SP,0.2618434603501545,0.2430711168769902,7768,0.017480802530421093,10.27218342008598,0.004249078194975571
3551009,SP,0.3352446237657871,0.4539962800370924,171263,0.06640659953447645,9.611782415643495,0.030148349158565218
3551108,SP,0.3240320138438243,0.4355400696864111,4623,0.029892199028380837,9.564282884246278,0.013019250447901061
3551207,SP,0.4479418886198547,0.4624454148471615,2065,0.05027107782700708,9.733616958480418,0.02324762944052423
3551306,SP,0.205955334987593,0.2299000434593655,2015,0.02903214556200679,11.154441557724953,0.006674491526423986
3551405,SP,0.4063318777292576,0.4059466019417476,4580,0.028185632797186257,9.283514064217712,0.011441861857595634
3551504,SP,0.3313552745697722,0.3330291574327554,21907,0.017900215042132312,9.925897562737084,0.0059612935333464585
3551603,SP,0.1831689855464001,0.2057413288498661,14806,0.010265328774388948,10.123200516616466,0.0021120023831235494
3551702,SP,0.2906663959803076,0.2685252663079714,59109,0.015681804950742412,10.695007458941161,0.004210960850587771
3551801,SP,0.3344632768361582,0.5097607918614242,6195,0.020032549413535963,10.253442904370669,0.010211808252047202
3551900,SP,0.2796056538781328,0.2926291474170516,8419,0.023139390358180585,9.500762799795446,0.006771260072264728
3552007,SP,0.3410286382232612,0.3384732052578362,3422,0.028184937810457472,9.364833084163037,0.00953984624069832
3552106,SP,0.1509762034875056,0.210965546179309,20129,0.04751987433580634,9.937749204689636,0.010025056243625511
3552205,SP,0.2628040012235808,0.332516320614645,349793,0.057039765591417144,10.862062605645027,0.018966652983179857
3552304,SP,0.4027327466419638,0.4372895622895623,4318,0.037303063122710006,9.982381942368932,0.016312240144989772
3552403,SP,0.3147348165779244,0.496482388543974,129401,0.017158125706597492,10.85573653646963,0.008518707233749284
3552502,SP,0.3247157077895721,0.416686245333751,145361,0.0180361135489589,10.540930247628891,0.007515400435128878
3552551,SP,0.42399593289273,0.5173199635369189,1967,0.05216150254896094,10.648294235031528,0.026984186596659375
3552601,SP,0.2214147286821705,0.3001725129384703,6192,0.02634961253657944,9.854458675581155,0.00790942941006007
3552700,SP,0.3290418755928987,0.3290795226279097,7379,0.03004010361686644,9.614764865415717,0.009885582957931351
3552809,SP,0.4523938509163823,0.4401529923503824,142135,0.017126739214138743,10.286818662843853,0.0075383855143078046
3552908,SP,0.4418671248568155,0.4877049180327868,3492,0.1754350774731332,10.125187755031087,0.08556055007911002
3553005,SP,0.3032945736434108,0.3188539741219963,6192,0.025676661807980235,9.893693263749048,0.00818710565966098
3553104,SP,0.3936272932088832,0.3715689107194452,3107,0.04080893815915168,9.64324929708977,0.01516333269941319
3553203,SP,0.2074675324675324,0.2395623380362798,3080,0.029804001777518643,9.927531650989826,0.0071399163486598055
3553302,SP,0.2930007446016381,0.314487079091621,10744,0.1751943149387049,10.087310584146365,0.05509634837853085
3553401,SP,0.2282166715074063,0.2913501266160203,13772,0.022241762242058555,10.472392510654208,0.006480140245387179
3553500,SP,0.3263433813892529,0.3552356628743905,3815,0.027112326919438882,9.798622314066762,0.009631265425294053
3553609,SP,0.3606701940035273,0.4518768671256007,6804,0.023798237949499423,9.95607049299879,0.01075387320772938
3553658,SP,0.3106212424849699,0.320891029500301,1497,0.05271817455066708,9.525956045322838,0.01691678930494013
3553708,SP,0.2829344841114162,0.3740292016154085,25490,0.015713037220981704,10.223686342925497,0.005877134766716983
3553807,SP,0.3441400686939767,0.3849271240668325,11937,0.15952691785259654,10.275442273416601,0.06140623770024582
3553856,SP,0.3029366306027821,0.30857310628303,3235,0.02439030748252817,10.519400864690722,0.007526192943081946
3553906,SP,0.4691629955947136,0.549523110785033,3632,0.03327336144069073,9.599463524417148,0.01828448108516314
3553955,SP,0.2839989888776542,0.4231137724550898,7912,0.023469216003249103,10.586244729581601,0.009930148519698093
3554003,SP,0.1956298473633884,0.2106386913468166,56474,0.014364591507716832,10.409626312206774,0.0030257387569170686
3554102,SP,0.1897401235581721,0.2565140119672101,158306,0.01158936573996366,10.920436205802625,0.0029728347021134127
3554201,SP,0.4764542936288088,0.4191988950276243,2527,0.049445848959823825,9.770081081835565,0.020727645247660954
3554300,SP,0.4685765443151298,0.4899130581581835,11170,0.021717814899252355,9.7966537383317,0.010639841113806083
3554409,SP,0.2827004219409282,0.3341089780880357,4266,0.22345188246221345,9.60500414579133,0.074657280101298
3554508,SP,0.1849523717421788,0.1897588956769108,20681,0.015503283686095985,10.686539825804811,0.002941885991639441
3554607,SP,0.3246753246753247,0.2863411958310477,1540,0.06513352379804328,9.712355233133874,0.018650411093021717
3554656,SP,0.2259282567652611,0.2380675203725261,1589,0.048175148909848683,9.43270060949985,0.01146893824454488
3554706,SP,0.2026117926394934,0.2531301034295046,5054,0.024467580611897643,9.869700210039873,0.006193481210959391
3554755,SP,0.3903312444046553,0.3369656328583403,1117,0.05521588492009115,9.964738419551457,0.018605855605931802
3554805,SP,0.209427430093209,0.2619656956166621,18775,0.015533308287743651,9.68799948862979,0.0040691939108268285
3554904,SP,0.298176291793313,0.407008830022075,3290,0.041702591968567376,9.822374676634448,0.01697332316601459
3554953,SP,0.1913445835601524,0.2272036474164133,3674,0.041149460755882994,9.898562105160662,0.009349307572955176
3555000,SP,0.1995542034398626,0.2666720730949098,33199,0.011555189832348274,10.217986773257474,0.0030814464275975375
3555109,SP,0.2608083908928114,0.3657957244655582,7818,0.027115703941726264,9.786175874223169,0.009918808567757351
3555208,SP,0.2571926765475152,0.2853754940711462,1147,0.03681476414401185,9.946652724124826,0.0105060315067101
3555307,SP,0.3958333333333333,0.5125739644970414,1200,0.09397082771430225,10.368450785690419,0.04816699970858836
3555356,SP,0.3659952202116763,0.5277864017385905,2929,0.0460679755439138,10.829824180099488,0.02431405104770365
3555406,SP,0.2656154559645273,0.3220999077013124,44203,0.015428813083400644,10.078014390045835,0.004969619270104149
3555505,SP,0.3399209486166007,0.3090443061149762,2783,0.047730508689861506,9.88635594470843,0.01475084193857309
3555604,SP,0.272238695329874,0.3254960813740203,5396,0.02302011181162463,9.911840530933901,0.007492956187475617
3555703,SP,0.3429636533084809,0.2794117647058823,1073,0.07371434904949421,10.124082604107747,0.020596656352064556
3555802,SP,0.2816964285714285,0.4608965651077042,4480,0.03013662866403384,10.068486386521172,0.013889868635179579
3555901,SP,0.2252525252525252,0.3130929791271347,990,0.06148275745782253,10.46688305567813,0.019249819697420713
3556008,SP,0.2171570658930791,0.2987789366573391,7239,0.02732392994699756,10.260282326112952,0.008163814734863556
3556107,SP,0.2530139345545639,0.3623733719247467,6387,0.02575569450227846,10.101810156681555,0.009333177863054307
3556206,SP,0.2273838630806846,0.2707352294845231,62986,0.01389510794869301,10.808950303208986,0.0037618952392016233
3556305,SP,0.2919201520912547,0.4197380973029225,10520,0.023311161672935808,10.340566527188013,0.009784582646518887
3556354,SP,0.1954718672943286,0.269208211143695,4461,0.018470635209061847,9.429676336736529,0.0049724466633192885
3556404,SP,0.2006847640009782,0.2916738567730802,20445,0.018457550403409118,9.995729843455646,0.00538358491274586
3556453,SP,0.337124414047491,0.3927302541678054,26026,0.017419802390246028,10.602060299840925,0.006841283420274266
3556503,SP,0.2801505718835964,0.4508576356725333,55256,0.18292328069744512,10.067323478428172,0.08247235784471325
3556602,SP,0.2588961510530138,0.3356524427952999,5508,0.2101598869583224,9.483990826078879,0.070540679435145
3556701,SP,0.2032837424387509,0.2182450251738192,42817,0.039311045620310944,11.695056639557855,0.008579440141013916
3556800,SP,0.2279079767791872,0.3402575430021619,9302,0.17317554223395565,9.817903554854759,0.05892428450859286
3556909,SP,0.2928647497337593,0.2538886101354741,3756,0.03899091725103348,10.296936242965193,0.00989934978877217
3556958,SP,0.349740932642487,0.5087719298245614,1158,0.0762703872326226,9.879343453606767,0.03880423210080799
3557006,SP,0.2609393817743878,0.4127110944011029,62275,0.11251106276943564,10.146145869057138,0.04643456384780496
3557105,SP,0.2252874549510897,0.305723682930152,46616,0.01497705143742496,10.348672058965079,0.004578839324883886
3557154,SP,0.2876022655758338,0.4163701067615658,1589,0.038245071904728964,10.355943368900203,0.015924104672075758
3557204,SP,0.2763555414215297,0.3610103265420039,6289,0.18866799236742005,9.737728036517831,0.06811109353258661
3557303,SP,0.2303120356612184,0.3629819228923372,6057,0.02351410655559547,10.304307130653148,0.008535195612645355
4100103,PR,0.3915355639264347,0.4098000439463854,4513,0.11696236346839839,9.977167261196573,0.047931181689422765
4100202,PR,0.607229565686539,0.6377136452787896,3707,0.14166359840549003,10.684586527969211,0.09034080974247558
4100301,PR,0.3240571219333577,0.4684391390848255,5462,0.17191691924729674,10.00277181795293,0.08053261364631915
4100400,PR,0.3264014294675613,0.4172069024173581,52607,0.19537348769651441,9.48552274060792,0.0815111676163386
4100459,PR,0.5231519090170593,0.5310077519379846,2462,0.18851195962101303,10.410498758092276,0.10010131189177825
4100509,PR,0.2887761350712973,0.4190677966101695,11431,0.10098554812400325,9.755421380767316,0.04231979114179628
4100608,PR,0.3935650285093673,0.4996234939759036,7366,0.02537898411425878,10.018182053108777,0.012679936716724925
4100707,PR,0.4968643612255868,0.5895258315640481,5581,0.11408420803457668,10.338523235740382,0.06725558760990968
4100806,PR,0.3779483339573193,0.4641412283927915,5342,0.16674759867795771,10.06397629594162,0.0773944352819355
4100905,PR,0.5106241699867198,0.4482200647249191,3012,0.2210275345459332,10.153920757118037,0.09906897584016748
4101002,PR,0.554633600596681,0.633211849359873,10726,0.027829520815771128,10.371069087151083,0.017621982342553515
4101051,PR,0.4472745797249108,0.4388560157790927,1963,0.04959242722886259,10.318577124577219,0.021763935026473228
4101101,PR,0.3434127049518002,0.4906071111827783,12137,0.07564710577798055,10.521808607888724,0.03711300803507309
4101150,PR,0.2955010224948875,0.4107053526763382,1956,0.14501505581961038,10.569721301340374,0.05955845964377195
4101200,PR,0.2886994775914215,0.3467134092900964,10911,0.13202794937488788,10.25106065621712,0.04577586044934763
4101309,PR,0.4556936239559991,0.4309072781655035,4909,0.11121801289800584,10.138281824846786,0.04792465122085556
4101408,PR,0.2239553438181609,0.3318627855199142,69688,0.09384071917126546,10.056866741719025,0.031142242459368173
4101507,PR,0.1658028593892909,0.2229075030279849,62321,0.09969760251733584,10.47559078920706,0.022223343635015873
4101606,PR,0.2579991616599134,0.331217912150599,14314,0.05651284944025421,10.622753495968926,0.018718068001282145
4101655,PR,0.5364772269246272,0.5505308690523004,2481,0.0443650864260019,10.4311306845901,0.024424349585687243
4101705,PR,0.3494643982356648,0.5018645495007819,7935,0.02786065170445495,10.390137056319817,0.013982273416454473
4101804,PR,0.3476903612635285,0.4570621922500535,72717,0.16988831845222305,11.661533704189859,0.07764952726944828
4101853,PR,0.5994100294985251,0.607529948659441,1695,0.1608676809166906,10.62569465892785,0.09773193392828038
4101903,PR,0.2507131537242472,0.282943469785575,9465,0.1535094074104856,10.163499449574319,0.043434484377450254
4102000,PR,0.3283246447919861,0.4239835151027793,19566,0.03267533598979323,10.51325751792916,0.013853803810116888
4102109,PR,0.2255678470903973,0.366467735919433,15277,0.01846575033797301,10.279923096927565,0.006767101718410474
4102208,PR,0.3534166054371785,0.436433298502264,2722,0.04381662039900097,10.463344945609398,0.01912303216995758
4102307,PR,0.3010938399539435,0.405154153918569,8685,0.02675867819184724,10.89518561647888,0.010841389622797133
4102406,PR,0.2401370431893687,0.4152263374485597,19264,0.06585995810865325,10.120940898476267,0.02734678918997166
4102505,PR,0.4160365469439193,0.378001549186677,6348,0.10928902993375841,9.797752296286902,0.041311422624069796
4102604,PR,0.4528301886792453,0.5012446657183499,5565,0.20229661837909677,10.088576813111656,0.10140010085538297
4102703,PR,0.4342105263157895,0.5639059304703476,1900,0.12214125773981256,10.404742169397279,0.06887617959458756
4102752,PR,0.6272765777213045,0.6018444266238974,2361,0.21509813597417032,9.909691982601139,0.12945561431324365
4102802,PR,0.338928685983107,0.352398153722657,9353,0.12696235814863388,10.292012318289473,0.04474130060385331
4102901,PR,0.5619037410226176,0.5414475068377866,9329,0.14817912267584524,10.041753703703055,0.08023121653824694
4103008,PR,0.2566971854866056,0.3631284916201117,2949,0.1439572166218306,10.793624100042377,0.05227496692971502
4103024,PR,0.6775262286029817,0.7112135176651305,1811,0.0978276186908579,10.516818556106102,0.06957632481392811
4103040,PR,0.6528361344537815,0.6366279069767442,3808,0.02936029394620839,10.504522522773781,0.01869158248319662
4103057,PR,0.4890647781712143,0.5558499796167957,4801,0.03361326408614296,9.817149173492265,0.018683932157136533
4103107,PR,0.3770200148257969,0.4453832226916113,6745,0.1267159120272014,9.648987229230206,0.056437141264981665
4103156,PR,0.6097649186256782,0.603698332124728,2765,0.19012415619068987,9.917837549671555,0.11477763598894075
4103206,PR,0.4367991845056065,0.4603254067584481,3924,0.1499745639471543,9.706517411623011,0.06903710215239468
4103222,PR,0.382716049382716,0.468407750631845,2349,0.0868312772708744,11.04918198015325,0.04067244327094033
4103305,PR,0.3733445448812276,0.4345016643822205,4757,0.03565170726634338,10.354234689961313,0.015490726145293903
4103354,PR,0.4560308972073678,0.474070051588379,3366,0.021740690989987318,10.353391712515418,0.010306610499190294
4103370,PR,0.515625,0.5913272010512484,2240,0.25147026456930605,11.167166399286446,0.14870120769538464
4103404,PR,0.5770392749244713,0.6788617886178862,1655,0.14880972622824623,10.050015370281551,0.1010212369110452
4103453,PR,0.2996459607338268,0.411296649109044,9321,0.029910326163887283,11.26013653242049,0.012302016924965407
4103479,PR,0.3647342995169082,0.4932455836508486,2898,0.22027881271076227,10.140040790760256,0.1086515515414359
4103503,PR,0.3023477762931857,0.3187250996015936,5239,0.09437342529942667,9.945794439604267,0.030079179378303324
4103602,PR,0.2958724064092151,0.4257375748395008,13543,0.05928670524598071,10.260686673975577,0.02524057811164814
4103701,PR,0.2343707068671807,0.3699460684964446,54593,0.14849785343465607,10.499895038303588,0.05493619705831227
4103800,PR,0.3048914235577977,0.4495907366739868,4559,0.15012718352793075,9.998739552553259,0.0674957910371132
4103909,PR,0.3887502835110002,0.4395507597445496,8818,0.08093890429601867,10.268930847077199,0.0355767568762064
4103958,PR,0.6471705279149259,0.6023346303501945,2633,0.10144651579729305,10.090700962652443,0.06110474959307768
4104006,PR,0.3115247856097051,0.4270811424725529,23905,0.135979105974478,10.50554662127595,0.058074111931976403
4104055,PR,0.5491684743311641,0.5300950369588173,2766,0.18641533333606822,10.655893656634076,0.09881784301447333
4104105,PR,0.3481720430107526,0.2995535714285714,4650,0.16144532771149547,10.159566392036076,0.04836152450643458
4104204,PR,0.2658643652760772,0.362792586798243,66974,0.12459579959249512,10.413470487896445,0.045202432438356775
4104253,PR,0.3573546651955037,0.4087268710301022,14501,0.18098605547599106,9.591840489159368,0.07397386415478231
4104303,PR,0.3244061069302261,0.417760194288848,50893,0.11597097465409893,10.634289828074323,0.048448056903363436
4104402,PR,0.4734114465975664,0.45116965705201,8876,0.07774319495690764,9.945691379255885,0.035075370606835576
4104428,PR,0.5978725864261765,0.5612657350733341,8649,0.101388611559143,10.373901790421613,0.056905953594807136
4104451,PR,0.606198589894242,0.5241669168417893,6808,0.1050303730809527,9.871945385357336,0.05505344683258584
4104501,PR,0.4936976641692375,0.6084270145027032,11345,0.0241477048056521,10.387512919822191,0.014692115941995485
4104600,PR,0.4413656027124985,0.5519821328866555,8553,0.02399242067968276,11.21400434898945,0.013243387539885191
4104659,PR,0.2408195429472025,0.2907046093550311,12690,0.06081606659521115,10.94683713781811,0.017679510882070416
4104709,PR,0.3037219101123595,0.3854450634111651,8544,0.07858802191988352,10.085403533384806,0.030291365092267535
4104808,PR,0.3043664979804076,0.4068760019089807,172312,0.055031164598088524,10.538256923469374,0.0223908602320653
4104907,PR,0.3263692688971499,0.3241778727846685,40350,0.07176853806511328,10.587264678959498,0.02326577200281393
4105003,PR,0.4140562248995983,0.4095614530397139,4980,0.03567334242298166,10.196276264264107,0.014610425957539638
4105102,PR,0.5591562213390401,0.6578327444051826,6542,0.1074228800909218,9.949541269706096,0.07066628802211994
4105201,PR,0.559047619047619,0.5835888003269978,9450,0.10600265174893161,9.790449939109012,0.06186196036563953
4105300,PR,0.2242696629213483,0.331955109273479,6675,0.021718477904306616,10.910506519053765,0.0072095597059777415
4105409,PR,0.4478454444267769,0.4794431854969245,12578,0.03988283861399699,10.436940012268163,0.01912155519175446
4105508,PR,0.2098254746578048,0.2882472137791286,43031,0.058788302199412876,10.393986723063778,0.01694556431178618
4105607,PR,0.3769762087490407,0.5256391944007999,6515,0.07395070513225493,10.409206984226826,0.03887138907108958
4105706,PR,0.5087520593080724,0.5782921810699588,9712,0.08855862509736703,10.237658455062839,0.05121276046011318
4105805,PR,0.2944582373555852,0.4178205061218802,111571,0.17490189630490477,9.984248257724836,0.07307759883579192
4105904,PR,0.4368698619512952,0.5103008849557522,12894,0.016023615698200957,10.161917237541186,0.008176865270982832
4106001,PR,0.5448014368389543,0.6128830519074422,5011,0.11854009145198861,10.06198593466535,0.07265121302248208
4106100,PR,0.400184842883549,0.4378238341968912,2164,0.1991221694556051,10.116830436530305,0.08718043170465611
4106209,PR,0.3349380313428249,0.3968917470525188,9763,0.03075190000791661,9.991866041820632,0.01220517531932639
4106308,PR,0.3141668242859844,0.3538869096556134,10574,0.030184877172970394,10.486098198736673,0.010682032901076761
4106407,PR,0.2779915636794198,0.3574308552026597,27026,0.09692333451439679,10.383766055877022,0.03464339034457431
4106456,PR,0.6572260455267337,0.5929978118161926,3778,0.1695839399578131,10.173734227036947,0.10056290531415175
4106506,PR,0.4769558197563481,0.488848528877588,13626,0.1170296951086951,10.399632418425663,0.057209794288878256
4106555,PR,0.5172004744958482,0.5150316455696202,2529,0.1624618771506179,9.899237665242048,0.08367300793121223
4106571,PR,0.5737215378872713,0.6483835815474028,2679,0.10781429031326105,10.195096006092369,0.06990501569530366
4106605,PR,0.3174289245982695,0.4745321399511798,12135,0.0235450248466671,10.588393427712049,0.011172871025692638
4106704,PR,0.5396468699839486,0.614315916641498,3115,0.14405907787213437,10.62821477578789,0.08849778447354917
4106803,PR,0.4090355234792389,0.377999094612947,10669,0.13000057352727282,9.889440219267218,0.04914009909247297
4106852,PR,0.3617966436327739,0.4342910975035327,2026,0.04617716399941424,10.544908635772838,0.020054331232906227
4106902,PR,0.2345891344297016,0.2784872438019724,1027392,0.12724533961752474,10.724549968158867,0.035436203916730385
4107009,PR,0.4191672174487773,0.4157982760838801,7565,0.10223236755660785,9.647625133912141,0.042508042190011135
4107108,PR,0.3910175879396985,0.4809206541490006,3184,0.087685211285351,11.12661978793693,0.042169629170544336
4107124,PR,0.5361251725724805,0.583180987202925,2173,0.21674219893281843,9.656872956920687,0.1263999295421738
4107157,PR,0.5984738372093024,0.5719237435008665,2752,0.041664478661825675,9.856704820493903,0.023828904607283312
4107207,PR,0.4699193271541366,0.562881296845041,23304,0.026249076636099128,10.582751964921727,0.014775114297912343
4107256,PR,0.3558550009489467,0.5264367816091954,5269,0.10178837738471769,11.137180751879468,0.05358514579563299
4107306,PR,0.3027349038721906,0.4022789199900916,3693,0.10644688727121178,10.16147866039885,0.0428213388477701
4107405,PR,0.57370121799652,0.616635687732342,4023,0.13856626516230097,10.514957412485419,0.08544490421485752
4107504,PR,0.3417622523461939,0.42473307520826,7672,0.019874201390712404,10.601959333927422,0.008441230673985558
4107520,PR,0.2946927374301676,0.4969656102494942,1432,0.07665018157631517,10.259339409563848,0.03809250426280801
4107538,PR,0.2354467927326659,0.4352147674831381,2697,0.029774609626738714,10.837544103927359,0.012958349805602294
4107546,PR,0.3906300484652665,0.4746353836398224,3095,0.038414041249919255,10.218645069573547,0.01823266320581139
4107553,PR,0.4512365842277182,0.4912201710941017,2143,0.15942297286713458,10.824773750586287,0.07831178000812418
4107603,PR,0.2757067237301498,0.3227882622450093,8879,0.03009914100679409,10.116698904924727,0.009715649420650563
4107652,PR,0.3137522768670309,0.4999383325111001,52704,0.20755033624515695,10.150624851284306,0.1037623690145219
4107702,PR,0.4473872584108804,0.449565798263193,2794,0.05133506449979844,10.350783984431315,0.023078489250744384
4107736,PR,0.4942307692307692,0.4702602230483271,4160,0.13364390759551986,10.348640796420892,0.06284741379491919
4107751,PR,0.468492586490939,0.505720823798627,4856,0.10736597468495428,9.855917485046128,0.054297209165617616
4107801,PR,0.3483535528596187,0.4706040992448759,3462,0.04416827171216783,10.480362896009172,0.020785769724307672
4107850,PR,0.5696166854565953,0.5565677343520423,3548,0.16400202220055066,10.197433603566902,0.09127823392531383
4107900,PR,0.2923937360178971,0.3758139534883721,4470,0.23614011036679167,10.340030546511393,0.0887447484541245
4108007,PR,0.485917418649166,0.6017651778550415,7314,0.07847190023763342,10.059220405096596,0.04722165700312255
4108106,PR,0.4315068493150685,0.5645073489384866,1752,0.18258125699936129,10.025500359295657,0.10306846135456595
4108205,PR,0.3131291028446389,0.4249746192893401,4570,0.02928327962874151,10.595723870625584,0.012444650611767711
4108304,PR,0.2970283745039052,0.4160642226690051,141606,0.10762872721987075,10.945562394885508,0.04478046272758992
4108320,PR,0.3353061689050762,0.4960238568588469,4393,0.12982289601563993,10.377223349695237,0.06439525359026274
4108403,PR,0.4382301665230547,0.5317915458886827,49903,0.013862031513025636,10.476154208390394,0.007371711167469539
4108452,PR,0.6367028493894166,0.6696520840509818,2948,0.11114727882602189,10.160120909372242,0.07443000690244111
4108502,PR,0.5451520193616699,0.6182705718270571,6611,0.19049057813335066,9.948160876163765,0.11777471867017342
4108551,PR,0.6037000973709834,0.554857419043016,2054,0.19760596393418225,9.76089366674218,0.10964313513602766
4108601,PR,0.316483795268599,0.4519517727109944,15767,0.015917084419082562,10.347400178909966,0.007193754519594912
4108650,PR,0.7146061814556331,0.6346882100479677,4012,0.11646022342251576,10.137373752301414,0.07391593074582294
4108700,PR,0.3278089887640449,0.4096544447375362,3560,0.03875714076448524,9.957026668701216,0.01587703497948973
4108809,PR,0.2850673410574604,0.425943230930966,17003,0.15312443988235855,10.25586142766767,0.06522231865798626
4108908,PR,0.3933636606903933,0.3309389430477167,3737,0.16287923480675617,10.45360138415489,0.053903081811368755
4108957,PR,0.4151811385853939,0.4431431809595769,5217,0.07619119148583037,10.232910864463056,0.0337636069561311
4109005,PR,0.3942451420029895,0.4303749043611323,2676,0.19138898986346017,10.198479232033277,0.08236901820826038
4109104,PR,0.36996336996337,0.4683026584867075,1365,0.12374315746469573,10.124955613734118,0.05794924961025628
4109203,PR,0.319387153800825,0.3978494623655914,3394,0.12577401321381687,9.874231280811186,0.05003912353667983
4109302,PR,0.3814954150011756,0.3674381301558203,8506,0.15704621944147293,10.232055388777775,0.05770476921961544
4109401,PR,0.4267356086899329,0.4837144249719214,98827,0.039376594705561076,10.431561885858045,0.01904702686535288
4109500,PR,0.4854054054054054,0.5421792618629174,4625,0.18378797706118438,9.585458591197948,0.09964602974231175
4109609,PR,0.243300538131217,0.3642991273610957,18397,0.17790551856311632,9.989167488375214,0.06481082516526648
4109658,PR,0.6229905975128905,0.6121550205519671,3297,0.16036732655444896,10.60686031278292,0.09816966408280273
4109708,PR,0.3178017488989596,0.3553871742746257,15667,0.10691186155057907,9.989245950625453,0.037995104372900296
4109757,PR,0.4799431009957325,0.4644663295182326,3515,0.0483440764735849,10.17156764064968,0.02245419575363472
4109807,PR,0.2445689774456897,0.3,28908,0.08732733976329961,10.719644855323615,0.026198201928989882
4109906,PR,0.3239517518667432,0.4626583475137077,5223,0.042231243690755135,10.275403394099808,0.019538637419413467
4110003,PR,0.3108308605341246,0.4489208633093525,2696,0.03804576672419629,10.432956445698721,0.017079538443092433
4110052,PR,0.4789808917197452,0.4625078764965343,1570,0.029750694115117524,10.219845522771504,0.013759930359480945
4110078,PR,0.4609020116807268,0.4827185111332668,6164,0.13137392899309652,9.762983413032101,0.06341662740527507
4110102,PR,0.3599823077348372,0.2763450042698548,18087,0.03152935539973111,10.233772065333255,0.008712979852564464
4110201,PR,0.5788316582914573,0.6017191977077364,6368,0.08184008683430387,9.751871322636,0.04924475139026881
4110300,PR,0.5509656652360515,0.5727554179566563,1864,0.26170450702525877,9.690942647892179,0.14989267430239278
4110409,PR,0.3150732728541521,0.3707904998227579,2866,0.06958588658981263,11.658854402880204,0.02580178566924637
4110508,PR,0.3098092954208062,0.342965691918029,8757,0.05167674704487812,10.415998079934647,0.017723351306319583
4110607,PR,0.3098166368515205,0.421122698025294,8944,0.08503205915830075,10.168191261163033,0.03580893017139002
4110656,PR,0.4627906976744186,0.5394524959742351,1720,0.07318089815028633,10.477257685742321,0.03947761816480824
4110706,PR,0.3474867575791727,0.3490438533429187,35492,0.03779701277102138,10.318258597029951,0.01319281498244881
4110805,PR,0.5235314324974236,0.5336538461538461,5822,0.15970473235788005,10.131206112219859,0.0852270446717533
4110904,PR,0.4827724358974359,0.5259313367421475,2496,0.050308504382936416,9.990578786674362,0.026458818959615937
4110953,PR,0.3984629027490393,0.502086230876217,6766,0.04364302388212787,10.39857368188545,0.0219125613650183
4111001,PR,0.3304395008138904,0.4239158326918142,3686,0.12632506826799494,10.100407543657617,0.05355119650467735
4111100,PR,0.3401342281879194,0.4155320221886031,3725,0.04380260144088092,10.343584255254695,0.018201383553850668
4111209,PR,0.5399000713775874,0.5851260863370851,7005,0.06737589896508657,10.859325660847322,0.039423396074883967
4111258,PR,0.6043998705920414,0.6488139740365663,15455,0.06496506883181045,9.799090373999611,0.04215024448232601
4111308,PR,0.6218905472636815,0.592944369063772,2010,0.10069452777381926,10.15335321168748,0.059706253239021734
4111407,PR,0.3797963050686878,0.3356039411263836,8444,0.053236244102145475,10.212817448161823,0.017866293331446216
4111506,PR,0.3754089114495206,0.4398779025400632,17730,0.02021514010873486,10.15085232203746,0.008892193430583796
4111555,PR,0.4156118143459915,0.5917380795429575,4266,0.10424260828892845,10.089033482219888,0.06168432083543931
4111605,PR,0.3560300057703404,0.488398415393322,1733,0.1576990117376746,10.44939469861699,0.07701994744177315
4111704,PR,0.3220728107576254,0.3775544388609715,3049,0.12224659968810524,9.934430243429006,0.04615474634790439
4111803,PR,0.4208036779983201,0.5279234001992982,22621,0.10896419974238075,10.44705097259353,0.05752475082799314
4111902,PR,0.2855283706402915,0.3496043985516964,7684,0.08432050510003242,10.966640830097033,0.02947881947107208
4112009,PR,0.259016226664632,0.3746654313362157,19659,0.07095644798741844,10.661611728498887,0.026584928191291886
4112108,PR,0.241521721864824,0.3234644950148413,12591,0.1005657391953852,10.37643401150206,0.032529446044629505
4112207,PR,0.4693491763435052,0.5662621359223301,3703,0.14559232667270422,10.290876689966392,0.08244342187558712
4112306,PR,0.3986389684813753,0.5161720573524509,2792,0.18186039220289896,9.916130021403639,0.09387125279429397
4112405,PR,0.2539883973894126,0.3334501489398984,5516,0.11754576306165804,10.199423785093447,0.039195652200163876
4112504,PR,0.4338680387409201,0.417265153691468,6608,0.024961528467635406,9.999756714149704,0.01041557601242184
4112603,PR,0.67472306143001,0.6370731707317073,993,0.3469776071417225,10.353823039113108,0.22105012435467783
4112702,PR,0.3362199312714776,0.3558340070061977,7275,0.11383351015375599,9.631979021856019,0.04050583404959169
4112751,PR,0.3602954755309326,0.4407837697242934,5415,0.035666759650933536,10.610876566627908,0.015721328772788805
4112801,PR,0.3123683418597652,0.4496231349023227,6646,0.08169192641603215,10.815162037173735,0.03673058005138624
4112900,PR,0.5153962645128722,0.6049638055842813,1981,0.16536118099184036,10.020190736047429,0.10003752934873486
4112959,PR,0.3394968823908836,0.3430823480605683,4651,0.029297995207400764,10.73356018686603,0.010051624989222331
4113007,PR,0.3719028741328047,0.4474907063197026,4036,0.1573490929038726,10.378161270946835,0.07041225672231846
4113106,PR,0.3512177903282739,0.4038589487691284,2833,0.1260405537736097,10.213184182931087,0.05090260554928882
4113205,PR,0.3193628599228801,0.3390909090909091,27749,0.08495690744922087,10.442639109536158,0.02880811498050853
4113254,PR,0.6830903790087464,0.6550102850426095,3430,0.17392034783887853,9.541623886332614,0.11391961661265361
4113304,PR,0.5542662479374035,0.5062880555397484,18787,0.04920364049410775,10.09307296328443,0.02491121547123864
4113403,PR,0.4483154670750383,0.5490048817123545,2612,0.15396505204483318,10.539086448794507,0.08452756518571015
4113429,PR,0.3769633507853403,0.432263116679718,2483,0.04085741532243948,10.121830451391704,0.017661153686755356
4113452,PR,0.5963505667680398,0.6063012973259201,3617,0.18350175303628632,10.443967797279154,0.111257350927481
4113502,PR,0.3252511257360582,0.418716307277628,11548,0.13742794438466543,10.128588449005363,0.05754332138950234
4113601,PR,0.3963083604777416,0.5423671822461331,2763,0.14701607123351218,10.566869074550619,0.0797366922998168
4113700,PR,0.1957925076068447,0.2235952675260462,286584,0.06636718254685822,10.473946305471335,0.014839387936514709
4113734,PR,0.4965018656716418,0.4965277777777778,4288,0.2621967059236605,10.714954496494952,0.13018794773292866
4113759,PR,0.4383908774152676,0.4232787897499228,3157,0.1395163529602183,9.814989002140663,0.05905431303132426
4113809,PR,0.5450571620712845,0.5540229885057472,2974,0.1295968651227978,9.948700383605669,0.07179964251630867
4113908,PR,0.328514949345194,0.4670724284844796,8094,0.06100532394169651,10.863761734516022,0.028493904803930555
4114005,PR,0.3173470581354544,0.3657315795600047,8549,0.06121142348527169,10.622870330241811,0.022386950598384782
4114104,PR,0.3201615457713018,0.4912737897812524,12628,0.010468207102949961,10.117057214494924,0.0051427557756812525
4114203,PR,0.2679668973527561,0.3885396518375242,20663,0.04965850104235037,10.729048537973679,0.019294296705768144
4114302,PR,0.3771762984637893,0.4826257633032858,13670,0.1117121707015794,10.052510898956502,0.05391517165511672
4114351,PR,0.6926365795724465,0.6687754179846362,2105,0.13509352107989017,9.900014305357569,0.09034722602721981
4114401,PR,0.548352295017654,0.5972564887002862,10196,0.102047019068775,11.292043011846534,0.060948244291347715
4114500,PR,0.3432945499081445,0.3215335463258786,8165,0.09205155007180428,10.243853403959879,0.029597661339381416
4114609,PR,0.2225413257639004,0.3767058823529411,29945,0.016187118516629597,10.708480502832096,0.006097782763558584
4114708,PR,0.4349267753523073,0.5364667747163695,3619,0.11697120920362171,9.85172488043356,0.06275116733614065
4114807,PR,0.2619464007184383,0.3715604975499434,21157,0.020091543380374513,10.648193199826594,0.007465223854958226
4114906,PR,0.3037313432835821,0.3461054146429214,5360,0.05415828862231127,10.53505712854827,0.018744476939976055
4115002,PR,0.5471652593486128,0.6228467815049864,4145,0.07414922332888174,9.870049436979196,0.046183605101488445
4115101,PR,0.4641828958509738,0.542312661498708,5905,0.031285952247476226,10.009608837263873,0.01696676803085032
4115200,PR,0.2415841298675086,0.3401646228792205,208089,0.07046488922440768,10.701924360651123,0.023969662469246686
4115309,PR,0.4317961165048544,0.5056072536387497,4120,0.1203975601596855,10.66151601548126,0.06087387973714473
4115358,PR,0.1763138774521676,0.3297924901185771,4129,0.026849013242454915,11.044755147069434,0.008854602934455858
4115408,PR,0.5151548919099621,0.5899547616285814,8974,0.06240734708084617,10.36003054078209,0.03681751157095275
4115457,PR,0.6291899441340782,0.5320557491289198,2864,0.14713300566494858,9.859861802601586,0.07828296155065383
4115507,PR,0.4344827586206896,0.4593819687798662,2900,0.15330896867444682,9.693910499119381,0.07042737586127822
4115606,PR,0.2003484320557491,0.2432487935106273,9758,0.02449303456029562,10.848913690599476,0.005957901106206007
4115705,PR,0.319474150972925,0.3975961538461538,19169,0.24139527758919777,10.011661221022766,0.09597783392608968
4115739,PR,0.650523560209424,0.6050276949296974,2292,0.06235072517078485,10.094812864775186,0.03772391552727502
4115754,PR,0.3796752417442072,0.3332011106703689,5481,0.09888603778582765,10.253430257948601,0.03294893762002984
4115804,PR,0.2918864324991583,0.4227889564810482,26733,0.01937267689256206,10.648182895464782,0.00819055384765083
4115853,PR,0.1678228388473852,0.3213105726872247,3748,0.03646411348012453,10.581302981287324,0.011716305184830762
4115903,PR,0.5581237253569,0.591349257585539,1471,0.07191383548843469,10.733596195510547,0.04252619322621445
4116000,PR,0.4285714285714285,0.4941329856584094,1407,0.17275931991981705,9.966208963927551,0.08536607855229553
4116059,PR,0.3327671620665251,0.5297975477616196,7065,0.03655131288469901,10.38735491495468,0.019364795933781227
4116109,PR,0.3687135315365379,0.4219251336898396,7198,0.03638178998414796,10.143522310099142,0.015350391602937295
4116208,PR,0.3326080198943115,0.4137051039697542,9651,0.21389910969823722,9.924345733606536,0.08849115341674708
4116307,PR,0.3785464438398756,0.4572419106317411,2573,0.1289941952727627,10.091959099853165,0.058981552306921925
4116406,PR,0.5478489903424056,0.5843637814120463,2278,0.1810613674155901,9.777059471495278,0.10580570533061008
4116505,PR,0.4607379375591296,0.5249780893952674,1057,0.22560043004802,10.221111260484937,0.1184352827333602
4116604,PR,0.4511506730351715,0.5239711497666525,2303,0.24215618467027755,9.972627018215897,0.12688285450479117
4116703,PR,0.3389968737257034,0.4468611617608752,7357,0.032072241764550855,10.981157503652126,0.014331839215182857
4116802,PR,0.5834849863512284,0.5430508474576271,4396,0.1346005597943845,10.494327609147652,0.07309494806461152
4116901,PR,0.3032468858484786,0.4246532550293639,14691,0.0165627285945949,10.171784311129146,0.007033416609862646
4116950,PR,0.6083953241232731,0.6646222470030666,3764,0.1516873412770243,9.96599025304332,0.1008147816014569
4117008,PR,0.3657632615242066,0.458324169782274,4317,0.023194602280121615,10.318866634691766,0.010630646833466779
4117057,PR,0.6151948692649235,0.5631844255171216,6081,0.07230807723825264,9.772201823565661,0.040722782939672963
4117107,PR,0.4018761167361525,0.4960234407701967,6716,0.038344201085953454,10.08690176987803,0.019019622556238947
4117206,PR,0.3492849284928493,0.4854290339989207,3636,0.06951879637554959,9.565418536122367,0.0337464421693507
4117214,PR,0.4844170834936514,0.5040551500405515,2599,0.12964324644092176,9.8867005159524,0.06534734603652301
4117222,PR,0.1325896122896854,0.285,5468,0.029508966425241836,10.597546078800747,0.008410055431193922
4117255,PR,0.5496114763897191,0.6431294799450968,6692,0.15715725666330066,10.34418514327142,0.10107246474746666
4117271,PR,0.6391775869859919,0.5513748191027497,4426,0.11050919628494366,10.02402180921826,0.06093198811080106
4117297,PR,0.3312007874015748,0.4203730272596843,2032,0.08774658356979646,10.055976539514619,0.036886296966930215
4117305,PR,0.583679637325274,0.613948107750785,13235,0.10573804217445147,11.48767127805611,0.06491767091027718
4117404,PR,0.498158379373849,0.584297520661157,2172,0.08784499264699863,10.342456984099364,0.05132761140613887
4117453,PR,0.3558994197292069,0.4465967177831584,3619,0.11212623288648214,10.294720764125087,0.05007520758449296
4117503,PR,0.3614100918337118,0.5670589334080508,20254,0.08375630234250335,9.928599371481132,0.047494759472542177
4117602,PR,0.5381754445964432,0.5067905991138509,23392,0.031220303799141536,10.068558056858276,0.015822156466883376
4117701,PR,0.2712776364703581,0.3099233679309341,20444,0.06992728517481088,10.654680182512967,0.021672099731644266
4117800,PR,0.581943929850562,0.6078765041935091,8097,0.1019814347900961,9.851246448559806,0.061992118072841926
4117909,PR,0.2291133031772848,0.3744333635539438,18349,0.021056665061092897,11.151172202910931,0.007884317924053823
4118006,PR,0.3867991483321504,0.5635967895524419,7045,0.0297921244461202,10.093176202845875,0.016790745691780164
4118105,PR,0.4886941279579316,0.5116718159972536,5705,0.10448165796042938,10.24740119451207,0.053460319667016816
4118204,PR,0.2424504651251574,0.3242845196640082,78581,0.11710074471234706,11.06052706842784,0.03797395875134111
4118303,PR,0.5546064673581452,0.5989240884638374,1639,0.2075749554884852,9.953044985941856,0.12432164100386262
4118402,PR,0.2700198404322681,0.3683173351980167,47378,0.08320970555410176,10.314038419773794,0.03064757701229837
4118451,PR,0.2131919905771495,0.3183381088825215,3396,0.04443572496930243,10.30334830744448,0.014145584653551578
4118501,PR,0.3519297643068733,0.4402010511578802,46586,0.011291564333389223,10.754533193675702,0.004970558488774765
4118600,PR,0.3691467968974433,0.4116982198361119,3481,0.13377296726937332,10.79400439531474,0.055074092486995456
4118709,PR,0.3733963538149898,0.4207601689264281,4443,0.08781287366544337,10.645259020141044,0.03694815955738704
4118808,PR,0.3786158421194917,0.4375474083438685,7398,0.024813935145944075,10.060625746500012,0.010857273013920662
4118857,PR,0.2922848664688427,0.4734913266552651,4044,0.20432868991661557,10.308339647226374,0.09674786246235059
4118907,PR,0.3248957284625342,0.5420250490417987,6953,0.06525924560406508,10.322160694160997,0.035372145798974165
4119004,PR,0.451353328456474,0.5140229885057471,4101,0.02994429407465115,10.164842795788628,0.01539205552894712
4119103,PR,0.2107737263371871,0.3475186766275346,7871,0.08781978815853227,11.05141745578007,0.030519016562563568
4119152,PR,0.2665941564730247,0.4021097700097179,67117,0.19612390392192836,10.709396266112506,0.07886333789945463
4119202,PR,0.3885051800690676,0.3710255797274683,4054,0.14694865445684355,10.1213572245254,0.05452170971002179
4119251,PR,0.7054980947196516,0.7577290612703766,1837,0.19855648236795537,9.849525320657433,0.1504520169938189
4119301,PR,0.6038411273367805,0.6128690742265616,17599,0.09273681655452648,10.792421537691343,0.05683552690849111
4119400,PR,0.3388795282224094,0.3437543228662332,14244,0.0666383267765671,10.360095494937045,0.0229072128980176
4119509,PR,0.3400573353700642,0.4772464873107505,47789,0.13797800001376026,9.365669984151387,0.06584951583272977
4119608,PR,0.5360433889737244,0.5193300986069808,18991,0.015461570184438143,10.280643183758539,0.008029658768503015
4119657,PR,0.2736089841755998,0.3609411764705882,1959,0.04355318007247794,10.323333324504707,0.015720136054395564
4119707,PR,0.532608695652174,0.578355314197052,2576,0.13784901943688274,10.045831959076883,0.07972571294817385
4119806,PR,0.5377574370709383,0.6027380809415156,7866,0.0323709330750344,10.090467569649016,0.01951119407993247
4119905,PR,0.262539809982604,0.3499054133895613,186825,0.0632422524738843,10.674819025748095,0.022128806495561495
4119954,PR,0.3195746356833399,0.3941299790356394,12695,0.30727639705269066,11.419111387251919,0.12110683992852378
4120002,PR,0.420008155498165,0.5589498221077168,7357,0.1272676906253921,10.660510847295066,0.07113625303512285
4120101,PR,0.2881791483113069,0.2552886339189674,2724,0.14344984596838845,10.125335928197917,0.036621115213156176
4120150,PR,0.5905478879130072,0.5639751552795031,2391,0.10105853193497771,10.308699489676586,0.05699450124034768
4120200,PR,0.3959390862944162,0.6275040606388739,1773,0.23224034497355922,10.214322972928345,0.1457317595150813
4120309,PR,0.3852459016393442,0.446057277363672,2318,0.157444992310969,9.665843480200506,0.07022948460477511
4120333,PR,0.4623073719283632,0.6066481994459834,2401,0.18433993408106292,10.467777622499876,0.11182948909626808
4120358,PR,0.4263730432475457,0.4379719525350593,3769,0.07588864999245488,10.514850741384974,0.03323710021244518
4120408,PR,0.4632631942048982,0.6239179224110292,2899,0.04693771000608252,10.170688012480582,0.02928527850972638
4120507,PR,0.3064341922542817,0.4074018803163707,6481,0.03715877948981281,10.203238841091448,0.015138556634411129
4120606,PR,0.2672390752372043,0.3079623316569345,29932,0.051089154777388616,10.044625834467276,0.015733535227626612
4120655,PR,0.4119985543910372,0.5535773161885922,2767,0.05149379076834387,10.828172776426525,0.028505794493916704
4120705,PR,0.2752831715210356,0.366350615291507,4944,0.07247009334367804,10.085168742614009,0.026549463286689397
4120804,PR,0.2386142796789184,0.3036758927791845,11835,0.1450330960354765,11.109338844857396,0.04404305492110253
4120853,PR,0.1386886371438379,0.3527564549895324,2913,0.040878455120402495,10.698384362343244,0.014420138913721882
4120903,PR,0.3775066441169364,0.3965989167782889,16556,0.018917965940497466,10.473356872375035,0.007502844799649858
4121000,PR,0.5614649681528663,0.5981648473342825,6280,0.1322382751425801,9.876994366684242,0.07910028766241027
4121109,PR,0.4598329048843187,0.5188595188595189,3112,0.04703866110779983,10.52869964555443,0.024406457070188983
4121208,PR,0.2849716446124763,0.340241467820135,10580,0.09510846794328248,9.941652069000005,0.032359844735146685
4121257,PR,0.5349122090649244,0.5608342989571263,2449,0.05633051043447908,9.830411409086178,0.03159208232941817
4121307,PR,0.3397732045359092,0.4176755447941888,2381,0.15763243044925052,10.354930443512787,0.06583921126512278
4121356,PR,0.4168490153172866,0.4467391304347826,1828,0.03840636575874247,10.869867274496086,0.01715762644222082
4121406,PR,0.409357851160104,0.5255894192064405,10387,0.029199360150730862,10.482851582039594,0.015346874742822317
4121505,PR,0.4616641254628621,0.4643423137876387,9182,0.11683974487683431,10.148661242814407,0.05425363747846665
4121604,PR,0.5391727493917275,0.5739856801909308,4110,0.07155255887456284,10.531724577446983,0.04107014417501757
4121703,PR,0.4579929600850103,0.4123615004672273,15057,0.06772673599239304,10.051749727146214,0.027927898475570964
4121752,PR,0.636569416498994,0.6433728726147498,3976,0.17510659361478897,9.895651902407739,0.1126588321477304
4121802,PR,0.3741323133588327,0.4634563328109417,7059,0.05111561912062288,10.688843349735123,0.023689857387004732
4121901,PR,0.5125452664252458,0.5873681535137882,7732,0.09938014019951777,9.786964019285625,0.05837272944493215
4122008,PR,0.3493032362086836,0.3837764144512611,8683,0.10130768441890724,10.600762583444403,0.03887949988264811
4122107,PR,0.3584643848288621,0.3903743315508021,2162,0.14090992101547825,9.98357319309841,0.05500761622529364
4122156,PR,0.7454080446407813,0.7067983289023927,8602,0.02991316737975945,9.986699908275904,0.021142576716191543
4122172,PR,0.4908376963350785,0.5038363171355499,2292,0.04293836857163544,9.883387305643359,0.021633909484941642
4122206,PR,0.4780959125859976,0.5451883060165442,19768,0.03749279800181593,10.452307416692333,0.0204406350304305
4122305,PR,0.2051436059844927,0.2502968800604556,18314,0.08105770343612782,10.498043795729016,0.020288490274928465
4122404,PR,0.2192353970684751,0.2772658506395269,36568,0.04539796660501029,10.606800053898386,0.012587305828043014
4122503,PR,0.5651783038657476,0.5259832569894172,6674,0.1210592698111406,10.66699506581445,0.06367514902402435
4122602,PR,0.3149021029731689,0.348956551488197,5516,0.029809229056120518,10.231986584882526,0.010402125773945578
4122651,PR,0.4065998821449617,0.4479076479076479,3394,0.03511344445699726,9.777355185772553,0.01572758031666948
4122701,PR,0.1975501113585746,0.2727062629997689,4490,0.18066293925455792,11.340582945630116,0.04926791502666475
4122800,PR,0.5264456981664316,0.498265093684941,2836,0.17195401632592372,10.110077338430559,0.08567868405413825
4122909,PR,0.450328947368421,0.5067943174799259,3040,0.22762689200760483,9.790400141156626,0.11536001537507089
4123006,PR,0.6378868978356993,0.6787357713732138,8594,0.08746040016160657,10.13824627119795,0.05936250216829799
4123105,PR,0.4235344095157179,0.500639658848614,2354,0.18091108473689008,10.008339814978358,0.09057126374460936
4123204,PR,0.3952673093777388,0.3895497026338148,2282,0.13969314355129717,10.412308799211546,0.05441742253039061
4123303,PR,0.4531372549019608,0.5894316669834632,5100,0.1345350805863458,10.418252406952943,0.07929923681776437
4123402,PR,0.3009307135470527,0.4540351941747573,6769,0.0766634543471825,10.032472973686334,0.034807906380630645
4123501,PR,0.394383633046651,0.5535612715667066,15348,0.030954389029380955,10.481588019361991,0.017135150951674637
4123600,PR,0.4960691823899371,0.4820895522388059,1272,0.19640347013589396,10.138043565775957,0.0946840609759608
4123709,PR,0.3078681653648314,0.4658836689038031,5249,0.11079097075333326,10.039051053155209,0.051615703935976844
4123808,PR,0.4993262464440784,0.5450346420323325,6679,0.033745106298123224,10.005822353537942,0.018392251931540603
4123824,PR,0.4317434210526316,0.5353982300884956,2432,0.03637573380419189,10.245209047502641,0.019475503496934596
4123857,PR,0.632583503749148,0.6022580645161291,5868,0.032638110109541534,9.799901158899218,0.01965656502403679
4123907,PR,0.4276353276353276,0.5224506356505274,7020,0.10170035356060704,10.261701593813596,0.053133414363622525
4123956,PR,0.5191929133858267,0.5900818926296634,2032,0.24191708618152416,10.026810768568128,0.14275089207344716
4124004,PR,0.4385483379078987,0.4962830805828129,3279,0.15218208688589024,9.859407506706967,0.0755253948892509
4124020,PR,0.3919694072657744,0.4516328741680854,6799,0.14462881439960448,10.509100907552392,0.06531912713481595
4124053,PR,0.2512458162885831,0.3532988750380055,13445,0.10211355572670622,10.022794668278934,0.03607660436437599
4124103,PR,0.301556420233463,0.4411728622254938,24158,0.08020180053551082,10.183547380454254,0.03538285789788945
4124202,PR,0.5456674473067916,0.5644139387539598,1708,0.05963688835513498,9.821324752668982,0.0336598910515519
4124301,PR,0.4107031736154324,0.3748495788206979,1607,0.1903407390233323,10.617292094505443,0.07134914585531649
4124400,PR,0.5349084151844969,0.5580448065173116,11301,0.11144869261112285,10.135895940189119,0.062193364104781386
4124509,PR,0.4771676300578035,0.4972646127267492,3460,0.1458900768525782,10.892327581324826,0.07254597256677299
4124608,PR,0.3352480417754569,0.3455806783144912,3830,0.0342283478531316,10.715168633012954,0.011828655668669577
4124707,PR,0.5662489557226399,0.5423701298701299,5985,0.13738700559097733,9.92172301797711,0.07451460806484664
4124806,PR,0.442239546420978,0.5319274443297449,7055,0.07061939463714058,11.18109429091383,0.03756439410944788
4124905,PR,0.5457227138643068,0.5815701559020044,3390,0.025410108880743923,9.97036946979946,0.01477776098326115
4125001,PR,0.4751348986437217,0.5103961787018826,6857,0.11779762694714647,10.20764210229994,0.06012345865397347
4125100,PR,0.5821332133213322,0.5711024880164346,8888,0.057305040512234444,10.501084126952335,0.03272705121241967
4125209,PR,0.4753914988814318,0.5128372853638593,6258,0.1590376627771673,10.34613745566391,0.08156044324925538
4125308,PR,0.325021014289717,0.3962722852512155,3569,0.049481994781611416,10.819288868029536,0.019608343150897874
4125357,PR,0.3675742574257425,0.527467064379816,4040,0.10005127805758476,9.918459156742857,0.05277375392448294
4125407,PR,0.26516661919681,0.2916314454775993,3511,0.1280817310632722,10.051005659055473,0.0373526603692552
4125456,PR,0.4950416501388338,0.5292801193584483,2521,0.23495173432442937,9.92652274647438,0.12435528198670842
4125506,PR,0.2425073470659136,0.3639173923997195,147678,0.19405141852506294,11.237618510772187,0.07061868622110752
4125555,PR,0.2989056087551299,0.3032952252858104,1462,0.07560552919840349,10.05892166632033,0.0229307960110827
4125605,PR,0.4167187988739443,0.430768631726501,25576,0.05966296504948024,10.218982952122406,0.025700933819110653
4125704,PR,0.3627993779160187,0.5269545930626579,16075,0.02275376555616655,10.511076844734427,0.011990201269292866
4125753,PR,0.3899771050623251,0.4569520629620796,3931,0.18194246193765456,10.237404653413204,0.08313898332281089
4125803,PR,0.3506261180679785,0.5061039414021625,5590,0.10537385124443292,10.206529750969702,0.053330121435532674
4125902,PR,0.3196675900277008,0.4249863611565739,1805,0.20204074564499083,10.244090924080828,0.08586456129702556
4126009,PR,0.4784200385356454,0.5391661992895869,5190,0.1095345914786255,10.00489826373419,0.05905734937826808
4126108,PR,0.3002595904239977,0.3187901498929336,3467,0.19335543453595375,10.097212604430569,0.061639807958330003
4126207,PR,0.4993433149461518,0.5361061495279408,3807,0.1294918078267236,9.677395650810185,0.06942135448939685
4126256,PR,0.3774378999891528,0.5742003909661856,46095,0.153429934775256,9.718221207977942,0.08809952853386833
4126272,PR,0.5512999720436119,0.5729004058694973,3577,0.17223161199840445,11.88632170501674,0.0986715604174437
4126306,PR,0.3358034321372855,0.3621637541723935,10256,0.05268992664226932,10.075791714239612,0.019082381639832273
4126355,PR,0.2808888888888889,0.4050310910118711,3375,0.04613393994937704,10.671086494079017,0.01868568003037233
4126405,PR,0.3514971675209064,0.3990070551345701,3707,0.12571258531492463,10.885111307774528,0.05016020845986147
4126504,PR,0.2210884353741496,0.3185443668993021,9996,0.0804990038517914,10.647568270933133,0.025642504217993373
4126603,PR,0.3880583967129994,0.4465788355291117,11439,0.10282056957438016,10.168166675651383,0.045917490228966705
4126652,PR,0.5218173639226271,0.5900783289817232,2223,0.12193156985068078,10.33224236660096,0.07194917698760797
4126678,PR,0.4234157912572009,0.3921505549300305,5902,0.2060772272676241,9.946937929259674,0.0808132990314408
4126702,PR,0.366,0.4120225422667501,3000,0.20933166418266674,10.111717294188747,0.08624936445347195
4126801,PR,0.3105312646920545,0.5521974980626592,8508,0.026483773905511435,10.245182532218077,0.014624273689880554
4126900,PR,0.4204022988505747,0.5396782841823057,3480,0.0933774329874302,10.047995595673859,0.05039377281600456
4127007,PR,0.4190653572637995,0.4710023466309085,5906,0.11791838575007216,10.348772426553468,0.05553983639921267
4127106,PR,0.3042396599979268,0.4060406225270377,38588,0.12151471437189694,10.690120938270987,0.04933991026976021
4127205,PR,0.2498716237033994,0.300555275113579,9737,0.06085759033095696,10.261420536652103,0.018291069804670254
4127304,PR,0.3215903942002718,0.4061078622482131,8828,0.10086019854832225,9.950167923710302,0.040960119618389475
4127403,PR,0.2676923076923077,0.4192105001491498,10400,0.1128051483570046,10.567905837547874,0.04728910266213894
4127502,PR,0.4669321971100407,0.4663381067509763,10796,0.11314298628287071,10.689099403124079,0.05276288601530561
4127601,PR,0.4079418215398822,0.4874507597073719,8663,0.1336357052804408,9.879062761221293,0.06514082606298131
4127700,PR,0.2760664747448312,0.3887238361541667,76420,0.08250419130651988,10.702082022981575,0.032071345743467664
4127809,PR,0.3609100310237849,0.4071005917159763,4835,0.11525943155449188,10.122429060527713,0.04692218278668071
4127858,PR,0.4320140207390098,0.459974223113275,6847,0.03759002572100149,10.18326145519942,0.017290442877825683
4127882,PR,0.47754329004329,0.5245250921462999,3696,0.20313883603253438,9.46866455630668,0.10655141668845722
4127908,PR,0.3516008642702808,0.5228464419475656,5091,0.031921209346100744,10.060284537585574,0.016689890729272152
4127957,PR,0.2628417564208782,0.3932648401826484,4828,0.18259507269033798,10.649517560750093,0.07180822207970483
4127965,PR,0.5920214549111632,0.5961493852934354,8949,0.10132318112780521,10.409103226252038,0.06040375214531649
4128005,PR,0.3237550665894615,0.4125620324420413,13816,0.022403137757284756,10.710739753451966,0.009242684046224433
4128104,PR,0.2362575981600131,0.3717690413459386,60870,0.07721051002872267,10.330677168112548,0.028704477295209203
4128203,PR,0.3074663154695572,0.3658901406657756,29613,0.16834063634096116,10.228380969642412,0.061594179110560456
4128302,PR,0.4587878787878788,0.5933446136491822,1650,0.03443910249908071,10.124779680039836,0.02043425596674163
4128401,PR,0.3555349984582177,0.4525939177101968,6486,0.09276952110929768,10.12676142293857,0.04198692100295584
4128500,PR,0.2725430597771023,0.2695994982528447,10857,0.09208155851553074,10.26302073039715,0.024825141974127045
4128534,PR,0.5013001485884101,0.4050384134357692,5384,0.14029624223855242,9.881540356081997,0.05682536736730362
4128559,PR,0.3519937143979572,0.3943089430894309,5091,0.03172267279572297,10.306236518924207,0.012508533582053364
4128609,PR,0.5602810650887574,0.5948291128032583,5408,0.08039636981869955,10.594528184635136,0.047822101331859705
4128625,PR,0.4183919114106885,0.5674464907914385,2077,0.28914781558973657,10.446739900332314,0.164075913276406
4128633,PR,0.5433681073025335,0.6007838745800672,3355,0.12023756206026902,9.315745457865559,0.07223678840462971
4128658,PR,0.5071161048689139,0.3855157278712509,2670,0.13670527515094974,10.363019881914568,0.05270203365365801
4128708,PR,0.3457943925233644,0.4154626108998732,4066,0.08693471645314585,10.87566961709427,0.03611812427546414
4128807,PR,0.3920454545454545,0.5550889328063241,4048,0.16698177004063872,9.719198278933728,0.09268973252996916
4200051,SC,0.3737758433079434,0.4770025839793281,1838,0.11690769855576097,10.107212104938425,0.05576527429817434
4200101,SC,0.4506780402449694,0.4618174282457776,9144,0.045142474499481146,10.575211445449531,0.02084758147800098
4200200,SC,0.1854357982922506,0.401362700047536,6207,0.05806725137011603,10.052771587287893,0.023306028794248753
4200309,SC,0.1280524121500893,0.3538602941176471,3358,0.07406645022236441,10.288642569419727,0.026209175859935936
4200408,SC,0.2838931110566315,0.3709677419354839,4079,0.05789064449810725,10.681337128140951,0.02147556166865269
4200507,SC,0.5693370165745857,0.5985663082437276,3620,0.06559099680735672,9.68368851827337,0.039260560813005635
4200556,SC,0.463579604578564,0.5061855670103093,1922,0.13204674676784528,10.636100046596855,0.06684015738454849
4200606,SC,0.2007089056269384,0.3726970033296337,4514,0.13899898310763603,10.158340016174344,0.05180450447008232
4200705,SC,0.2432965948346767,0.3911676881973912,6079,0.1461047693021499,10.165898043745798,0.057151464842535145
4200754,SC,0.2950928381962864,0.4015544041450777,1508,0.04301496065663634,10.264784754241946,0.017272846895799564
4200804,SC,0.4704806687565308,0.5758928571428571,3828,0.15982455419789318,10.065369152606134,0.09204181915860812
4200903,SC,0.3721756791063721,0.5015606242496998,3939,0.1533767812259224,10.046027882465388,0.07692775413708329
4201000,SC,0.4890251137037769,0.5675271230826786,5057,0.0471906717224906,9.966629895723953,0.026781986159004203
4201109,SC,0.2771569065713009,0.4792746113989637,2237,0.06137310804283578,9.777976182497458,0.029414572507576734
4201208,SC,0.1292675356921167,0.3115854708211396,6444,0.07589935829395843,11.265099518288448,0.023649137289045403
4201257,SC,0.1819069313374552,0.336880013095433,6146,0.08574420421254995,10.574359514042706,0.028885508637981307
4201273,SC,0.3323024054982817,0.4341557193207305,2910,0.08252769749612608,10.512572589337461,0.03582987187031427
4201307,SC,0.2332716400911161,0.4970264765784114,14048,0.14613676083361044,11.636564139832666,0.0726338393357114
4201406,SC,0.2213463361777055,0.4474278949634094,36915,0.02693795459212476,10.208616207038993,0.01205279231777429
4201505,SC,0.1691148047931967,0.3964451313755796,5174,0.0790965435428186,10.008500971745413,0.03135743959618697
4201604,SC,0.2291229542593369,0.3249601275917065,2383,0.08320801303650947,10.132885791379415,0.027039286532996497
4201653,SC,0.4295081967213114,0.5206013363028953,1830,0.038803924265191796,10.707278462980653,0.020201374826255194
4201703,SC,0.1062355658198614,0.2310012062726176,4763,0.03741132300714494,10.125849964767868,0.008642060742905014
4201802,SC,0.1638564634673584,0.3357023411371237,2313,0.07145622180230232,10.33411391576726,0.02398802094784647
4201901,SC,0.1703958691910499,0.3953896266599849,4067,0.0734208329806187,10.520804130997007,0.029029835741271933
4201950,SC,0.2765511458915595,0.467574181706944,7156,0.1891053870761561,9.511374466568796,0.08842079661850859
4202008,SC,0.1800496187825245,0.2413414825262498,66104,0.17174628121948346,10.597044972437834,0.04144950212788035
4202057,SC,0.2236921226698737,0.4366053169734151,6652,0.14708483579265516,9.777214789441999,0.06421802135323491
4202073,SC,0.2644710578842315,0.5116892911010558,6012,0.07329168951048391,9.563862201923506,0.0375025726492182
4202081,SC,0.4723665564478035,0.5597850425436632,2117,0.08412987674265555,10.025381607732138,0.04709464663158058
4202099,SC,0.4421279654924515,0.51438127090301,1391,0.13700246122621113,9.939141284991017,0.07047150012237882
4202107,SC,0.1814609194685297,0.3470775142244883,16031,0.0792488477099565,10.80265825185147,0.027505493068326732
4202131,SC,0.3455114822546973,0.4503854762496891,3832,0.07021495156287592,10.076149762387452,0.031623794399494726
4202156,SC,0.4302009777294948,0.5123789020452099,1841,0.07661018605699382,9.860281104442052,0.03925344301736174
4202206,SC,0.114623890359757,0.1685891748003549,6421,0.022162820687425887,10.174953478926263,0.0037364116509413644
4202305,SC,0.2484600139268305,0.3690723459029342,37338,0.06017213525654957,10.22791661978934,0.022207871117123405
4202404,SC,0.1604959940530271,0.2280508564740929,193712,0.06850816058563994,10.781505101553526,0.015623344697019882
4202438,SC,0.3725158562367864,0.5226151315789473,2365,0.1199755295252185,10.0215274595014,0.06270102714907595
4202453,SC,0.1942339860277477,0.3557481083719795,10163,0.07814538090949462,10.43907771293565,0.02780007143656051
4202503,SC,0.4062859333077807,0.4859307359307359,2609,0.08368474160683939,9.960891173058243,0.04066498807518494
4202537,SC,0.4854211663066954,0.5772138228941684,1852,0.13051009458131071,10.437081384233108,0.07533223061955785
4202578,SC,0.3693029490616622,0.5518118245390973,1492,0.08607443471260551,10.11215591939695,0.047496890864934256
4202602,SC,0.320659062103929,0.4357939254133026,4734,0.18527222430832224,10.226462685269919,0.08074050990137766
4202701,SC,0.1269796380090497,0.3176223356349444,3536,0.10885484046449415,11.036918944329345,0.034574728673501885
4202800,SC,0.1286933333333333,0.2639610389610389,18750,0.035583208085645315,10.480027235173985,0.009392580575853777
4202859,SC,0.1227217496962333,0.2558229813664596,2469,0.23749818622944832,10.641356590394627,0.06075749407034411
4202875,SC,0.4460294816928198,0.5004582951420715,2103,0.1485882363475732,10.401354523932563,0.07436221544067367
4202909,SC,0.1319741710803163,0.1797886590266408,68915,0.1427642665887058,10.787368163174225,0.025667396046905273
4203006,SC,0.3314793314793314,0.432310817412769,37037,0.027267129396009247,10.653956864845062,0.0117878749976885
4203105,SC,0.3084880636604774,0.4857940131912734,3770,0.06026421354256321,10.563825721936995,0.02927599414865767
4203154,SC,0.6363193768257059,0.5742530755711776,2054,0.14748791875785341,9.947029704660693,0.0846953909562893
4203204,SC,0.2159645349142227,0.3830479742329208,38122,0.06082812337576941,9.830086192408952,0.02330008943547865
4203253,SC,0.3227337446606549,0.3531781557743957,2107,0.11832576201830493,10.74349025618677,0.041790074410224975
4203303,SC,0.1456769530164025,0.2245500940102068,7194,0.03690191538362051,10.620862816930282,0.008286328568548683
4203402,SC,0.4495931283905967,0.4983186212694409,4424,0.06861302208819385,10.380444251474879,0.034191146568118454
4203501,SC,0.5426195426195426,0.566703216374269,5291,0.12942036054472708,10.435960000177399,0.07334293458501438
4203600,SC,0.3115723868377964,0.3587535875358754,18933,0.031418563953339876,10.902225685891583,0.011271522533486017
4203709,SC,0.1725293132328308,0.3131327534578639,6567,0.10303839302081266,9.662986024060586,0.03226469571848062
4203808,SC,0.245699696824637,0.3101499673983917,31335,0.027231690283136368,10.353148254552279,0.008445907853517844
4203907,SC,0.3017513411170716,0.3638631226128303,12676,0.017045788768414918,10.513864104655825,0.006202333928674164
4203956,SC,0.2557346559206447,0.5490210843373494,12904,0.06539571642743866,10.371329506272774,0.035903627144010186
4204004,SC,0.3355229914098029,0.4257845631891433,5937,0.029246094445644657,10.542783810948663,0.01245253554852724
4204103,SC,0.5238784370477568,0.5769997153430116,3455,0.10948687629319823,10.372101327492809,0.0631738964549709
4204152,SC,0.4509493670886076,0.5672727272727273,1896,0.04212667703272799,9.91103750425868,0.02389731497129297
4204178,SC,0.6377884196778406,0.6013485040033713,2297,0.06619233765141465,10.145070547377511,0.03980466322316422
4204194,SC,0.3080020130850528,0.4646821392532795,1987,0.09654829635447071,10.241149957784813,0.044864268891255055
4204202,SC,0.355260606701567,0.4397521354415651,113466,0.02553027301233372,10.7001763200341,0.011226992075579912
4204251,SC,0.1520122067518596,0.3323338814198665,10486,0.05288134956412535,10.590077680505544,0.01757426415536654
4204301,SC,0.2464788732394366,0.3409986859395532,43878,0.019333611325936584,10.719751712874094,0.006592736056610438
4204350,SC,0.3612903225806451,0.5753021888271806,3100,0.15455075852285433,10.981381173033984,0.08891338966309914
4204400,SC,0.393689551292215,0.4620922715251249,6307,0.040410088592402846,10.201742649001623,0.01867318963019497
4204459,SC,0.5037688442211056,0.5425593514765489,1592,0.2700712937139027,9.886700421228191,0.1465297059698476
4204509,SC,0.1585605234460196,0.3029041212897715,9170,0.1250948573970144,10.245557345298112,0.03789174785771192
4204558,SC,0.3878219611387257,0.4785845290754126,8852,0.046689083897856115,10.700327831779179,0.0223446732302179
4204608,SC,0.1809661205399395,0.3191132316791089,108827,0.020912918118337075,10.49361238707356,0.006673588884583133
4204707,SC,0.1689392852016649,0.3810730882974229,6967,0.12682845539986098,10.788573561297966,0.04833091118321699
4204756,SC,0.3774928774928774,0.5156576200417536,1404,0.07364163059965102,10.175377468243141,0.037973867971010024
4204806,SC,0.3262685862638659,0.3654718491505825,21185,0.017016612785379564,10.491561810601123,0.006219092940952114
4204905,SC,0.3799853640687888,0.4989768076398362,5466,0.041680936277524394,10.171138547188693,0.02079782052319856
4205001,SC,0.4598477406679764,0.4879328436516264,8144,0.05194682788844061,10.150615596179758,0.025346563450288438
4205100,SC,0.2711073398387781,0.4473363155754372,2357,0.10350548710232321,10.237424823145627,0.0463017632421942
4205159,SC,0.1369330453563715,0.2220324508966695,2315,0.051203584749094956,10.255230092990166,0.011368857416536881
4205175,SC,0.735653809971778,0.7087885985748219,2126,0.12167399259419875,9.619332231723412,0.08624113869384539
4205191,SC,0.1939759036144578,0.387645478961504,1660,0.5168477830676331,10.613493277970047,0.20035370641744416
4205209,SC,0.2512124151309408,0.3449951409135082,3093,0.09472434849812054,10.367181608671274,0.03267943995804935
4205308,SC,0.5117056856187291,0.6358042358328563,6578,0.04643986478324776,10.62747558213904,0.02952666274069402
4205357,SC,0.5191082802547771,0.6377036462373933,1256,0.06791892610152853,10.15303848197187,0.04331214682347281
4205407,SC,0.3513653798446653,0.3423218881551383,262015,0.06409374518742779,10.66242088578686,0.02194069187149459
4205431,SC,0.5348084187803562,0.5551930396954867,1853,0.13424809526648865,9.995606326586376,0.07453360808433111
4205456,SC,0.1815354070152217,0.3427389269483822,15110,0.046926668575473875,10.38221834856457,0.016083596032820283
4205506,SC,0.3138295234789507,0.3228161408070403,20167,0.011667265550315034,10.146798283387245,0.0037663816387236287
4205555,SC,0.3821958456973294,0.5134228187919463,1685,0.08819001589221219,10.076335714957334,0.04527876654868612
4205605,SC,0.4602510460251046,0.558047493403694,2151,0.15026271693327384,10.14918935674759,0.08385373253664227
4205704,SC,0.302912473315035,0.3625189425829264,13116,0.037190112806827,10.162611905597059,0.013482120369270672
4205803,SC,0.2214173608595919,0.3766707168894289,8283,0.1539680079720033,11.005560139595206,0.05799523994085178
4205902,SC,0.174979032708974,0.2728204827747832,35770,0.03596056035243184,10.68070003435788,0.009810777436202183
4206009,SC,0.1469403055008902,0.2698670126500162,10671,0.24830951271873983,10.002735094207358,0.06701054640998752
4206108,SC,0.1599729241877256,0.3673080989638401,4432,0.06303722634992277,10.418200444460028,0.02315408377454342
4206207,SC,0.1627940539760427,0.2919191919191919,6929,0.05121764274117624,9.956279985282059,0.014951412881010033
4206306,SC,0.1276764472640761,0.2072782156632567,12610,0.15099057017150308,10.645991532683514,0.03129705596712691
4206405,SC,0.3933669790915645,0.4742551146505561,6935,0.05218745717701136,10.438733841773479,0.024750168486804506
4206504,SC,0.188788379577281,0.3624843916200342,22994,0.029327443197529314,10.564089829542358,0.010630740405227525
4206603,SC,0.3594771241830065,0.4703865336658354,3060,0.07249364673422483,10.30767453108078,0.034100035200107626
4206652,SC,0.5418615528531338,0.5588381330685204,4276,0.09976939863228335,10.78031329513952,0.055754944469034215
4206702,SC,0.262563116133686,0.3398207033943759,12477,0.03261229627356606,9.960906854522042,0.011082333458989003
4206751,SC,0.3419540229885057,0.4234354194407457,1392,0.20281501082467082,10.214367077878372,0.08587905917742387
4206801,SC,0.226559185405176,0.3352412101390024,2357,0.07386732007815983,10.337555275362117,0.024763369772727327
4206900,SC,0.172300469483568,0.3349806811034235,10650,0.029405270193128462,10.069733704517446,0.00985019743732437
4207007,SC,0.1734251713879187,0.442759890814615,30924,0.01842071260853571,10.647239988352517,0.008155952703282673
4207106,SC,0.1576778572294267,0.3048088779284834,8251,0.06936838278425365,10.833338198858847,0.02114409892018188
4207205,SC,0.3575067425831585,0.5567582194560953,6674,0.2279755311526022,9.853004352270787,0.12692725080408038
4207304,SC,0.3047592429928931,0.4592598637235301,25046,0.023590708928825452,10.596732674800574,0.010834265767793842
4207403,SC,0.2336130047194546,0.5010346611484738,3814,0.051459804457978084,10.27574019041673,0.025783145689369773
4207502,SC,0.1353640372652667,0.2316319107662463,34241,0.03094395060739575,10.549182450561238,0.007167606405847426
4207577,SC,0.2052919708029197,0.3737461840383776,2192,0.061846062966126464,10.660682016411268,0.02311473003138699
4207601,SC,0.3823837818944425,0.4897293772416041,2861,0.06526508702367083,9.84590944454213,0.03196223042372141
4207650,SC,0.3327308874028556,0.4511226252158895,5533,0.0661998665537222,10.25682153879037,0.02986425758865672
4207684,SC,0.6744724652599073,0.6717695900363259,3886,0.08440641332552051,10.308898953509287,0.05670166167612159
4207700,SC,0.422428694900605,0.4822944709049492,4628,0.060784723324864814,10.69049881583206,0.0293161359750694
4207759,SC,0.3031482136540502,0.4950996958431902,2827,0.12685169558531137,10.10564022416195,0.06280423590148061
4207809,SC,0.3870792616720955,0.525088102030542,5526,0.04355893775634083,10.046402674317966,0.02287227995294352
4207858,SC,0.50265604249668,0.47,1506,0.11396299849598872,9.85563956732749,0.053562609293114696
4207908,SC,0.3575707154742096,0.4997617156473392,6010,0.032901609361554035,10.347331152295288,0.0164429647420888
4208005,SC,0.4430987202925046,0.474731663685152,4376,0.03709134751193201,10.662205747683643,0.017608437112663605
4208104,SC,0.2270774822402114,0.3822086383012949,12106,0.020088624089428922,10.45682088967098,0.007678045658567219
4208203,SC,0.1863648709823449,0.2951582957354907,110450,0.13543001554704015,11.679037002309181,0.039973292580295375
4208302,SC,0.1700664828928166,0.2639705306058468,30835,0.028392781633170938,10.295634324502478,0.007494857633084074
4208401,SC,0.2753121393348022,0.3457591623036649,9531,0.04377844693462891,10.74207896890464,0.015136799139072737
4208450,SC,0.2297604295745559,0.4013317191283293,9684,0.0883247645108443,10.590003064111098,0.03544752958274199
4208500,SC,0.1605929586164299,0.340726081615941,14571,0.051241287865754936,10.536285393795408,0.017459243231453144
4208609,SC,0.2531430513081889,0.4246083550913838,2943,0.09606499856122146,10.376457700194308,0.04079000102093639
4208708,SC,0.1922578788314865,0.3277747402952433,6949,0.04730817762237155,10.36501604612203,0.015506425634014075
4208807,SC,0.19428623920632,0.4829718504845408,10886,0.05606174009520702,10.09261538861376,0.027076242355165512
4208906,SC,0.1676526686709986,0.3033016603208986,92799,0.13070860571244658,10.851847997409871,0.039644137130814744
4208955,SC,0.4197924980047885,0.438984438984439,1253,0.1350764075372131,10.125401508081813,0.05929644098275694
4209003,SC,0.2132871310789819,0.2856046744968423,16738,0.02950248125859485,10.953723226808188,0.008426046556710172
4209102,SC,0.1681894792867914,0.3371519123157425,315644,0.07485117550962236,10.874444654514493,0.025236216962150452
4209151,SC,0.3215916503587736,0.4276401564537158,3066,0.0701316606963086,9.929739728276116,0.029991114352528322
4209177,SC,0.458152510849349,0.5757575757575758,1613,0.1536294138828207,10.200462802231247,0.08845329890223011
4209201,SC,0.2061459667093469,0.342089552238806,1562,0.10192661340022052,10.624722087643912,0.03486802953929932
4209300,SC,0.2617315630927145,0.3996258812335106,89630,0.023909339001801713,10.384910199579139,0.009554790668305755
4209409,SC,0.2799920127795527,0.4733658536585365,25040,0.013911583341140342,9.859545999446638,0.006585268524020773
4209458,SC,0.3324514991181658,0.5213013168086754,1134,0.27468497117254237,10.26765695926238,0.14319363717979938
4209508,SC,0.1633011413520632,0.3437920215150157,4556,0.07410612965101403,10.571398973027812,0.025477096119375958
4209607,SC,0.1902085810007565,0.2511118005998552,9253,0.049662655171383324,10.112537259140781,0.012470878762655778
4209706,SC,0.5696694750486067,0.6013636363636363,6172,0.03535962115954202,9.92413011681757,0.02126399036094277
4209805,SC,0.2811569544874521,0.5134600158353128,2351,0.09481651848720497,10.325466010367109,0.04868449108388949
4209854,SC,0.3691975530766462,0.4150453955901427,2779,0.07625726818604074,10.061442589853781,0.031650228040898884
4209904,SC,0.1667708658955923,0.333538745955939,6398,0.04928070116883269,10.202906498396448,0.016437023267681834
4210001,SC,0.1283511598833171,0.2211076575303758,7199,0.07077766269542113,10.738174361847086,0.01564948320405963
4210035,SC,0.1576182136602451,0.2761763981276176,3997,0.06349516205101537,10.30991948119862,0.017535865153778814
4210050,SC,0.4158415841584158,0.485675306957708,1313,0.10028537326469386,10.214720001749992,0.048706129443698516
4210100,SC,0.1919738331865643,0.2685371342835709,31796,0.11971164269616774,10.463555651843878,0.032147021470007656
4210209,SC,0.2452090592334495,0.3870967741935484,2296,0.1861293813055027,9.573828786113419,0.07205008308600104
4210308,SC,0.3534145780639227,0.4042096219931271,4349,0.08164814447584966,10.174218234715482,0.033002965615023416
4210407,SC,0.2299111753769882,0.4812191457394291,4841,0.1170832433778487,10.218572724286112,0.05634269835869002
4210506,SC,0.281074497597943,0.4531337830241709,14779,0.03265926209028063,10.83523666064973,0.014799014981746754
4210555,SC,0.3982843137254901,0.5501730103806228,1632,0.2553303928285362,10.34985265862274,0.14047589086414275
4210605,SC,0.1322851992789906,0.2619657277920031,9986,0.050310900022073335,10.398479064881766,0.013179731540153146
4210704,SC,0.539546290619252,0.5497572815533981,1631,0.10471068845803615,9.915196083137007,0.05756546343627473
4210803,SC,0.1440268738190216,0.2912419388391928,4763,0.03812646839192642,10.437487360819492,0.011104026575555852
4210852,SC,0.2474226804123711,0.4198266522210184,1843,0.10556726262671302,10.02898429213712,0.044319950452709964
4210902,SC,0.383765243902439,0.5151624548736462,2624,0.0849601353902418,10.21872399250726,0.04376827191403432
4211009,SC,0.3842132775744903,0.4936791988179281,5739,0.06090124721629566,10.944910979939378,0.030065678932753415
4211058,SC,0.4886649874055415,0.4203175817868758,5161,0.03266845486826541,9.691139046477627,0.013731125950943007
4211108,SC,0.3656565656565657,0.43203125,4950,0.054750319551638706,9.965611476095239,0.02365384899379391
4211207,SC,0.1352907311456534,0.3195492312100086,10422,0.06396484393795845,10.503407604996191,0.020439916704842805
4211256,SC,0.1353898886032562,0.3118957545187053,2334,0.08612335556675704,10.49618889004518,0.02686150896617643
4211306,SC,0.215962441314554,0.348314606741573,35997,0.029095855383610536,10.783541785306902,0.010134511425751983
4211405,SC,0.3948060486522025,0.3898467432950191,3042,0.09102894406546197,10.4094215553675,0.035487337389504804
4211454,SC,0.512666244458518,0.5361963190184049,3158,0.10198246542253907,10.116685665669253,0.054682622563987204
4211504,SC,0.1287796651005903,0.3053177378511998,8301,0.1386575492320507,10.62943864280302,0.04233460926752109
4211603,SC,0.1567093158506926,0.3345469676479767,9457,0.0687481677406816,10.787739141701255,0.022999491048999482
4211652,SC,0.4478357380688124,0.5083969465648855,1802,0.20519918877199678,10.515071825764322,0.10432264100927471
4211702,SC,0.135430258910789,0.2122037591936802,14561,0.03462298080597324,10.592377273923812,0.007347126681518157
4211751,SC,0.2551965424984564,0.3628391622820592,9718,0.061422162726687296,10.617637633409853,0.02228636606930354
4211801,SC,0.2567868268802848,0.3331294597349643,4494,0.047563848981814184,10.03065649672099,0.01584491931422719
4211850,SC,0.3779421654337592,0.4329524954900782,1487,0.14388932826658432,10.577286201156271,0.06229724374740873
4211876,SC,0.5007215007215007,0.5304835318850736,1386,0.08289921182718404,10.196409613292273,0.043976666680573456
4211892,SC,0.419336706014615,0.5196528841245533,1779,0.0879293237707501,9.90528449821283,0.04569272669659194
4211900,SC,0.2430342691683548,0.3679682243957977,94283,0.04388863665178713,10.393888180037713,0.016149623699910437
4212007,SC,0.5562897699461576,0.633711868180806,4086,0.07279055691528119,10.313939092873918,0.04612823980870413
4212056,SC,0.2910705476073014,0.3876251137397634,2027,0.10108928732380863,10.576876860849081,0.03918474649676294
4212106,SC,0.3059158494147421,0.4620159621637599,9483,0.10636214361384337,10.55791259789392,0.049141008119549856
4212205,SC,0.3673543579023902,0.4670334468605362,11003,0.14131609403462073,10.348389160478437,0.06599934249385658
4212239,SC,0.453551912568306,0.5501910385550538,2745,0.07620795481778844,10.266489522491792,0.04192893380735564
4212254,SC,0.2786172161172161,0.4396642182581322,4368,0.04513658030577264,9.859905469018683,0.019844939294982933
4212270,SC,0.5383716400467472,0.571767497034401,2567,0.17022408575218032,10.40630942073549,0.09732859944549338
4212304,SC,0.2567283431455004,0.4201661801033011,4756,0.26080760099981243,10.152531648454444,0.10958253345399707
4212403,SC,0.1222621771820856,0.3291614518147684,3059,0.06882423779488248,10.409996372296378,0.02265428603260837
4212502,SC,0.1604390964745619,0.3113899897255247,14211,0.3381530004738389,10.061481557809524,0.10529745934320403
4212601,SC,0.2592423550890004,0.3525641025641026,2191,0.0865118922055619,10.316681540676909,0.03050098763657631
4212650,SC,0.2889239950851325,0.5515130313101277,5697,0.17104768605844825,9.182650606271753,0.09433502783667787
4212700,SC,0.1802270577105014,0.4296071094480823,4228,0.05464170353482025,10.279022215634717,0.023474464310913188
4212809,SC,0.1840863727091272,0.3335692618806876,11022,0.33764217588228057,10.64029681140971,0.11262705138884163
4212908,SC,0.383152656833126,0.4609662095545397,11254,0.08372619344664323,10.941554809056791,0.03859494603352927
4213005,SC,0.318550309966619,0.3599067599067599,2097,0.11166568940589863,10.736588491130785,0.040189236466831584
4213104,SC,0.2791370691923178,0.4087611607142857,3801,0.06675977732449606,11.951965996198124,0.02728880406818826
4213153,SC,0.5487860742098031,0.5713680643795002,2183,0.09532325767846658,10.413870973281615,0.05446466523009378
4213203,SC,0.1283826305852737,0.2224072840328669,19068,0.02661545582536719,11.02915937844,0.005919471243416663
4213302,SC,0.3932469304229195,0.4179251477347341,2932,0.06292558379757746,10.093101083517013,0.02629818390489695
4213351,SC,0.4071125265392781,0.4308537194208687,1884,0.11579779735745434,10.429271168197152,0.04989191169220324
4213401,SC,0.5001679543164259,0.5591954898674387,5954,0.17408923313723418,9.886806605892613,0.09734991400482242
4213500,SC,0.1799398194583751,0.2793724578733295,9970,0.04570015037127339,10.943159945482826,0.012767363334403398
4213609,SC,0.2516947773740441,0.3655356665776115,18439,0.016155824170061464,9.972849528472482,0.005905529957114105
4213708,SC,0.1783585511233379,0.3469224620303757,8724,0.027380325537688592,10.245981613875655,0.009498849946728097
4213807,SC,0.3631555751432349,0.4175800558779282,4538,0.06531902736331964,9.993297811800721,0.027275923096266936
4213906,SC,0.1986249045072574,0.2896341463414634,1309,0.2762848120271599,10.271749198682741,0.08002151567859812
4214003,SC,0.1619831393014853,0.3580997526793075,9964,0.030687935781850178,10.63020236321146,0.010989342213719019
4214102,SC,0.213073538654934,0.3615520282186948,1591,0.08778865885651657,10.045411575902214,0.031740167664172654
4214151,SC,0.3786259541984733,0.505859375,1965,0.08239624281369326,10.10841046055871,0.04168091189208312
4214201,SC,0.489833358813637,0.4958082070892778,6541,0.10810434009458889,10.476860222505561,0.05359901904086765
4214300,SC,0.2111111111111111,0.3760607414024118,2250,0.0663627774811872,10.621658957193851,0.024956435301098537
4214409,SC,0.2462052997170054,0.259017919478706,3887,0.09339972505803522,10.334870320897727,0.024192202464415447
4214508,SC,0.2202771699489423,0.340511121628017,4113,0.04834109962583896,10.121533671705459,0.016460682054326138
4214607,SC,0.2403661911858633,0.4239359460598398,4697,0.06500595086059968,10.121570034958115,0.027558359277607785
4214706,SC,0.1298820646347067,0.2411547002220577,6529,0.05012162837456218,10.266735027778397,0.012087066265308925
4214805,SC,0.1705767879344829,0.2673827613308881,36998,0.019101935791862305,10.566434694636051,0.005107528338793468
4214904,SC,0.1037401037401037,0.306975505857295,3663,0.10185308550998595,10.855116896188447,0.03126640244755426
4215000,SC,0.1716943406067982,0.234791977457318,23006,0.029941366295380925,10.22235314616403,0.007029992600266379
4215059,SC,0.3633633633633634,0.453318335208099,1665,0.09984673801219357,9.880852149593705,0.04526235705164681
4215075,SC,0.4328703703703703,0.5638668779714738,3024,0.09262615450536242,10.104127852995607,0.05222882055944207
4215109,SC,0.1223733003708281,0.2100909842845326,7281,0.025362897918333852,10.119087507593896,0.005328516187970882
4215208,SC,0.4624624624624625,0.5908953873982514,2997,0.20490894045026584,9.758969943605345,0.12107974774872507
4215307,SC,0.21,0.3968220781936023,4600,0.04086723316364665,10.164085041010345,0.01621702039402077
4215356,SC,0.6271470465018852,0.6243654822335025,2387,0.09866686972209587,9.824062869882194,0.06160418769450656
4215406,SC,0.2898825312618416,0.387769046805603,2639,0.09500233293216374,10.510665935974252,0.03683896408541368
4215455,SC,0.1482458863706923,0.386274201164804,6442,0.08528616995699816,10.152584175221813,0.03294384717054517
4215505,SC,0.3718656544743501,0.3431758530183727,8694,0.022993524010023206,10.245083727918002,0.007890822216038148
4215554,SC,0.448051948051948,0.5491143317230274,1694,0.1359739915924593,10.348324561117524,0.07466526752500582
4215604,SC,0.2527472527472527,0.4019668100799016,1547,0.14561295418349857,10.07378499498319,0.05853157469945178
4215653,SC,0.2251532602637934,0.4935089369708372,5383,0.04338960979299545,9.676393415889295,0.021413160204520613
4215679,SC,0.284001572327044,0.4121583937534858,5088,0.0850259442695907,9.933269164296311,0.035044156617527904
4215687,SC,0.5978687605159843,0.6198559670781894,1783,0.15464701416365714,9.95656267237806,0.09585887452016814
4215695,SC,0.5254237288135594,0.4619289340101523,1180,0.13708680332360978,10.17851209487275,0.06332436092613447
4215703,SC,0.2391335430368887,0.358754512635379,13988,0.061827282944681934,10.52057230576732,0.022180816760389046
4215752,SC,0.5696340797378482,0.6595634095634095,1831,0.1370492468128393,10.19323162166779,0.09039266850597354
4215802,SC,0.1490220953589174,0.2637344432710028,47295,0.03296051515016428,10.552410472991136,0.00869282311305403
4215901,SC,0.1533487297921478,0.3028802880288029,2165,0.05296513143878086,10.125834140657215,0.01604209426566135
4216008,SC,0.3776472406863503,0.4325894221950473,6469,0.03969996021011934,10.538043996763468,0.017173782848461893
4216057,SC,0.3660157872870793,0.3411905713144227,2407,0.07961689911610201,10.270689723507669,0.0271645352957056
4216107,SC,0.4255977980388783,0.5179917751884853,5813,0.13364731951852876,10.453348824219376,0.0692282122865854
4216206,SC,0.2169159279940646,0.3616435074269286,25609,0.03888533721708844,11.293188647440989,0.014062629738666746
4216255,SC,0.2116049382716049,0.3462603878116344,4050,0.05462032843665719,10.458248043714766,0.01891285610687576
4216305,SC,0.1280715730130522,0.231609756097561,16319,0.01094381011083965,10.118575346213586,0.0025346931905495932
4216354,SC,0.1339084771192798,0.3020585906571655,2666,0.11522571567194845,10.736255921263036,0.034804917283332015
4216404,SC,0.218140307181403,0.3570742944903052,4818,0.08310417604625006,10.184132560187582,0.02967436503091286
4216503,SC,0.335535491448286,0.3817457683372054,13623,0.03460330641648329,10.237426437366327,0.013209665794968165
4216602,SC,0.2676273684857046,0.3467361266070478,130252,0.04433463906192313,10.685628972718435,0.015372421022852743
4216701,SC,0.2836748791158185,0.4226440832101853,8686,0.03922424373659689,10.295915791688776,0.016577894533666846
4216800,SC,0.5432260479041916,0.583554376657825,5344,0.06733829593713485,10.296040619353477,0.03929555731079487
4216909,SC,0.3503905394554347,0.4806490131347896,13699,0.03148292806744093,10.6039755815067,0.01513223830620905
4217006,SC,0.1323757217293339,0.3291545189504373,7101,0.04434413950209007,10.786212467455998,0.01459607390608154
4217105,SC,0.123557871231857,0.3356877323420074,2687,0.08340127468579206,10.146648908530361,0.0279967847737064
4217154,SC,0.5208169677926159,0.6040931545518702,1273,0.16695865988511382,9.903487552536127,0.10085858352975119
4217204,SC,0.3143034439962767,0.4389782403027436,22561,0.01696096812475248,10.545020398878115,0.007445495941234769
4217253,SC,0.1709291032696665,0.3355127322780454,3089,0.163026936158614,9.558579059851771,0.05469761278549506
4217303,SC,0.372626064178127,0.4429282388826457,6108,0.06334341545832714,10.412000347767114,0.028056587453768597
4217402,SC,0.1658577562068321,0.3509532936547967,10714,0.03814720634186561,10.089969521662812,0.013387887709406885
4217501,SC,0.389750378214826,0.4474530831099195,10576,0.022284133626175998,10.730593031041908,0.00997110429546588
4217550,SC,0.3733209819360815,0.5217781769196228,2159,0.10114112766612471,10.121234304292722,0.052773233205225374
4217600,SC,0.1867023216239212,0.3040969417195615,8227,0.04652887491003813,10.419907413132451,0.014149288561794633
4217709,SC,0.220261031696706,0.4447914752893624,16090,0.04249787314455133,10.172435586826845,0.01890269169262516
4217758,SC,0.4906928645294726,0.5365355135411344,1934,0.16357333055871534,10.024199627698392,0.08776290091295406
4217808,SC,0.1599853894621495,0.3185266429028425,10951,0.035632262329493576,10.398084506678064,0.011349824898847007
4217907,SC,0.2525232919254658,0.3402191485539788,5152,0.09452933364606485,10.760811906094059,0.03216068940643916
4217956,SC,0.46875,0.6425309849967384,1472,0.10312480374614584,10.41428279917002,0.06626088172860643
4218004,SC,0.1885282792418862,0.2768582136164897,19997,0.03394929431711958,10.619540782690477,0.009399140978178172
4218103,SC,0.214614499424626,0.4242262540021345,3476,0.0699708168516426,10.088847385368366,0.029683457522441763
4218202,SC,0.1037821962932095,0.1705913779640817,25197,0.017527028682607068,10.663297138418374,0.0029899599745819233
4218251,SC,0.5147213459516299,0.5310214673271998,3804,0.12396804209669912,10.137584718260849,0.06582969161586924
4218301,SC,0.2996225684699506,0.3733712607817948,10333,0.045074875018142765,10.969118221389115,0.01682966291510579
4218350,SC,0.157762413576367,0.2519556714471969,3182,0.11129599884502955,10.869930861606429,0.02804165811838587
4218400,SC,0.1076099881093935,0.3183520599250936,5046,0.08766231908289139,9.946061900462604,0.027907479857849315
4218509,SC,0.1966168717047451,0.2440298507462686,4552,0.054629411134820095,11.287312038914298,0.013331207045586692
4218608,SC,0.165612840466926,0.3228971962616822,4112,0.14129242465623995,10.459649512782436,0.045622927774514856
4218707,SC,0.165861431792368,0.3595896777246379,58989,0.021807364581338702,10.488347019600047,0.007841703201827267
4218756,SC,0.2350877192982456,0.407202216066482,3135,0.06358483141299834,10.212581478213698,0.025891884259586582
4218806,SC,0.1272422248032004,0.2963643040763863,7749,0.1494973837972316,10.646573252623686,0.044305688110306975
4218855,SC,0.4010126582278481,0.4714013346043851,1975,0.10674734885500659,10.071705349664597,0.05032084271572999
4218905,SC,0.2339441685220072,0.3679661016949153,5839,0.03410633400010395,10.015655128873693,0.012549974765122996
4218954,SC,0.3701067615658363,0.3944476576055523,1686,0.08152733489700045,10.004244039297598,0.03215826628094523
4219002,SC,0.1321923642840548,0.249436005414348,12913,0.04231119615025415,10.582828203650891,0.010553935752022334
4219101,SC,0.4677996422182469,0.5830404217926186,2236,0.1547366426145234,10.516205587128512,0.09021771737674542
4219150,SC,0.5102702702702703,0.5213799805636541,1850,0.1793591663448824,10.100487399284003,0.09351427866280798
4219176,SC,0.3509397278029812,0.4533582089552239,3086,0.11947500468286448,11.369998505976614,0.05416497413794043
4219200,SC,0.2441704035874439,0.5122596153846154,4460,0.08542255575020662,10.72107587569538,0.04375852555377171
4219309,SC,0.224510019819423,0.306193534342005,27246,0.023080926667265498,10.742509704082522,0.007067230512138658
4219358,SC,0.3111181301326595,0.5167126648267403,3166,0.06845890869632199,10.07088983222577,0.035373585143607035
4219408,SC,0.2279293739967897,0.4506220839813374,2492,0.06762336145650458,10.400285955166137,0.03047258006535334
4219507,SC,0.3952561597118442,0.5308359295822229,26097,0.03210993453146609,10.431190170330149,0.017045106945835123
4219606,SC,0.4217285664699757,0.4748873148744366,2881,0.08575295425247509,10.643030867959169,0.040722990187508294
4219705,SC,0.3462361755262219,0.4818078961472042,16818,0.029597385051256028,10.415099526209247,0.014260253823004379
4219853,SC,0.3470167064439141,0.4038984587488667,2095,0.06207603023655364,9.970722068123596,0.025072412937792065
4220000,SC,0.2508335470633496,0.4669146957214988,7798,0.07172500378711054,9.794079255192694,0.033489458318882066
4300034,RS,0.3708393632416787,0.4502108336036328,2764,0.20500862647504112,10.836107794522325,0.09229710462126405
4300059,RS,0.3055671829217246,0.4062253743104806,2389,0.1526548052295706,11.387040149952938,0.06201225539467583
4300109,RS,0.3952161729383507,0.4613317981193628,9992,0.1275372630123347,10.31879473225602,0.05883699487270247
4300208,RS,0.3441380761944854,0.3784941848602326,4751,0.07220251973656458,10.652961001280227,0.027328233852545868
4300307,RS,0.4477016885553471,0.5402203284140511,4264,0.19875657040112557,9.807209321632671,0.10737233973654653
4300406,RS,0.4589711729622266,0.533393774554246,40240,0.04872571060610123,10.29174945886363,0.02598999069802619
4300455,RS,0.4815695600475624,0.5284256559766763,2523,0.10298606412276673,10.37153999594965,0.05442047849052906
4300471,RS,0.3830213903743315,0.5488621151271754,1496,0.15806249101047026,11.328420627107565,0.08675451313827685
4300505,RS,0.508477997577715,0.5830351504946327,4954,0.0858668135362976,11.238753453555056,0.05006337055262984
4300554,RS,0.4315169366715758,0.5211267605633803,1358,0.0882045863427212,10.594618269649652,0.04596577034761527
4300570,RS,0.2020050125313283,0.2990654205607476,1995,0.18888127660982332,10.348130920867254,0.05648785842536771
4300604,RS,0.3821164292741349,0.5067475476551552,93516,0.18512905195479007,9.467588564728654,0.09381369307781368
4300638,RS,0.4914078987036478,0.5240513094601817,3317,0.1519105797262383,9.55306122503676,0.07960893822639052
4300646,RS,0.4774225042714181,0.5135261194029851,4097,0.10391349045868145,9.695607514868522,0.0533622915088658
4300661,RS,0.2497354497354497,0.331353919239905,945,0.22498203930122573,11.32955804423065,0.07454868048104749
4300703,RS,0.1604193971166448,0.3328402366863905,3815,0.14607959703156323,10.486096752845485,0.04862116765103806
4300802,RS,0.1491468798472736,0.2456558773424191,8381,0.14783564408097077,10.758337933577534,0.036316694849192484
4300851,RS,0.3781912591951536,0.5323210412147505,2311,0.3236830096248956,10.42318206452113,0.17230327670704854
4300877,RS,0.3132716049382716,0.4618544600938967,3888,0.37694918672039784,10.273811365841684,0.1740956631155828
4300901,RS,0.4247104247104247,0.4749150509694183,4921,0.08648872286086375,11.757087383221526,0.041074796225746994
4301008,RS,0.2681034482758621,0.4215426538490652,12760,0.1129367408524096,10.990461738720565,0.04760765345598888
4301057,RS,0.2669637431638647,0.3702928870292887,4937,0.12226592522786847,10.031938493928232,0.045274202437934556
4301073,RS,0.1753846153846154,0.2948243992606285,2275,0.11273475450060774,9.654134812130774,0.03323695627143611
4301107,RS,0.4633775566611387,0.5163489458401717,7236,0.10980327787460915,9.827657500847492,0.05669680678034988
4301206,RS,0.4123606889564336,0.5500540800384569,7896,0.05969343679753212,10.133937083340998,0.0328346184620003
4301305,RS,0.5507043567496968,0.5733034018304265,10719,0.1292950144674197,10.29616899157462,0.07412527163388592
4301404,RS,0.3044744100520993,0.5112656887947982,6526,0.08582047284250821,10.0799687462365,0.04387706316052023
4301503,RS,0.3239840989399293,0.4913043478260869,4528,0.20266230817509268,10.833551178910568,0.09956887314689335
4301552,RS,0.4044943820224719,0.420278929513758,2492,0.1374380706669468,10.31709185152384,0.057762325214340625
4301602,RS,0.4339862428314985,0.4447634857253952,62949,0.039501851538633365,10.112240664792717,0.01756898118292964
4301636,RS,0.3458265435451747,0.4259522961908152,5523,0.2593913983604527,9.668854741548838,0.1104883617437813
4301651,RS,0.2446024892049784,0.430379746835443,3937,0.08217072228724344,10.457250020424175,0.03536461465526933
4301701,RS,0.3661634315839923,0.3861123396727112,4173,0.1518366003196821,10.404034181213904,0.058625984997382787
4301750,RS,0.3702051739518287,0.4354177344951307,3363,0.2511963018174951,9.609408171505805,0.10937532465092879
4301800,RS,0.469910371318822,0.5051577669902912,3124,0.1021708676067725,10.627196909783521,0.051612407331697883
4301859,RS,0.5538290788013318,0.513881877839475,1802,0.22039877487035592,9.471563680769627,0.1132589363038982
4301875,RS,0.4920797138477261,0.5188421627525942,1957,0.30370696956655263,10.633976141462544,0.15757598093294647
4301909,RS,0.3942606728866271,0.5232138251225175,7074,0.16003690649424446,10.078834709305703,0.0837335220076283
4301925,RS,0.5072046109510087,0.40956749672346,1388,0.19934011782498676,10.251603375887038,0.0816432330541394
4301958,RS,0.38330078125,0.4063146997929606,2048,0.047326709640744716,10.85883156094174,0.019229537819867804
4302006,RS,0.4911534535556311,0.5363436123348018,5878,0.12113349512343252,9.813033607760904,0.06496917634924189
4302055,RS,0.6521155137676293,0.6640845070422535,1489,0.17378745849888866,9.666836143565297,0.11540955870736057
4302105,RS,0.1849658115935717,0.3077119203311536,68883,0.02756489313709589,10.823889302796623,0.008482046200938812
4302154,RS,0.5243732590529248,0.4842632331902718,1436,0.21731763124092318,11.212982218818466,0.10523893873398069
4302204,RS,0.3275,0.4576161790017212,4400,0.09206387453139872,10.372550259515531,0.04212991848715256
4302220,RS,0.294078947368421,0.418960244648318,1520,0.10930098399524404,11.620555138875169,0.04579276699494934
4302238,RS,0.3848024316109422,0.5512082853855006,1645,0.13734091100018014,11.267306315609957,0.07570344806569193
4302253,RS,0.197211155378486,0.4057315233785822,2008,0.12684111612207433,10.393927452208771,0.051463439271248856
4302303,RS,0.4370587222317892,0.4320949110209179,5807,0.12969679428758735,10.291349176097299,0.05604132478739335
4302352,RS,0.1673666007905138,0.3249811130697557,8096,0.04989020515929696,10.760626739296328,0.016213374403946792
4302378,RS,0.4987531172069825,0.509277031349968,1604,0.1971607692450501,10.188170668594015,0.1004094512597952
4302402,RS,0.2853799559471365,0.452205406803777,7264,0.08850381377182986,10.11845755477552,0.040021903110376046
4302451,RS,0.4777882797731569,0.5936111698751851,4232,0.14555423075191692,9.743113387822396,0.08640261719692806
4302501,RS,0.5380681818181818,0.5663252560579566,3520,0.14550835051425187,10.855571165756166,0.0824050538635546
4302584,RS,0.3297985153764581,0.4788654060066741,1886,0.04259686376704664,11.19319750316073,0.020398164462417774
4302600,RS,0.5773896166909267,0.5835209365150833,2061,0.1598676419228049,10.138058060169678,0.0932861161332531
4302659,RS,0.3250420168067227,0.5967596759675967,2975,0.14947327211658062,9.71725592233433,0.08919962143410706
4302709,RS,0.4358178053830228,0.5105306122448979,10626,0.20663422541827164,9.965259935992485,0.10549309761354048
4302808,RS,0.5248052480524805,0.5451868855731324,17073,0.22560675827387597,10.095969373269808,0.12299784590758497
4302907,RS,0.5358306188925082,0.6304439154180087,6140,0.185492204021681,10.202224002077816,0.11694243138294468
4303004,RS,0.3358420593368237,0.4617064764347547,45840,0.03981233549103077,10.259365178204423,0.018381613138202146
4303103,RS,0.3037316379181245,0.4527061475299863,73453,0.029152797374793114,10.617304618422779,0.013197650589264889
4303202,RS,0.395021290533901,0.3735595390524968,3053,0.1365378836358927,10.022171380291299,0.05100502887422752
4303301,RS,0.5324590163934426,0.5496038034865293,3050,0.13756047166302074,10.507361176722009,0.07560375843539713
4303400,RS,0.4297546012269939,0.4736994219653179,3260,0.13068827979902492,9.961385969123961,0.061906962598439835
4303509,RS,0.3457874037556085,0.5060806430701413,36106,0.028342009488162002,10.325295255448596,0.014343342387669072
4303558,RS,0.3022629310344827,0.3803046789989118,1856,0.041456481379223746,11.018839756250946,0.01576609384335005
4303608,RS,0.2845257903494176,0.3448453608247422,3606,0.1325742198956025,10.241606953698962,0.045717604695957766
4303673,RS,0.1425809569840502,0.2293488824101069,2069,0.15430728032490298,10.836402644410024,0.035390202290259576
4303707,RS,0.4326223945710131,0.5265151515151515,4126,0.13592394909731575,10.220358577093233,0.07156601865351095
4303806,RS,0.2415605976757056,0.2912571132953958,3614,0.09436043899657623,10.608400376350518,0.027483149071429083
4303905,RS,0.250315036040123,0.4013654961218906,39678,0.03722196359018107,10.76492757378099,0.014939611883003972
4304002,RS,0.52128,0.5976070528967254,3125,0.13855007677998052,10.727502660172243,0.08279850306309919
4304101,RS,0.4606837606837606,0.5029118136439268,2340,0.0474277014184463,10.286928134770601,0.02385195133731347
4304200,RS,0.3706285302247326,0.4351393018390045,16642,0.15938065564602835,10.189377628703008,0.06935278722445556
4304309,RS,0.297802914944529,0.3730697961704756,4597,0.11946202453702731,10.54843337249304,0.04456767314414113
4304358,RS,0.637366612407307,0.5869865377977218,5529,0.1456937607448027,11.10067882608673,0.08552027619832137
4304408,RS,0.2301409864488753,0.2848740627665784,21917,0.02311295425780672,10.14245259420027,0.0065842811819594865
4304507,RS,0.4096238867174985,0.4411995011745599,31214,0.03868972050924688,9.900377353154397,0.01706988538926286
4304606,RS,0.3450987034416439,0.5197508587901711,183023,0.08049235909343842,10.92797944081706,0.04183597276486146
4304614,RS,0.5424929178470255,0.6960208741030659,1412,0.22096215323870827,10.12575159631783,0.15379427104090132
4304622,RS,0.4686022957461175,0.5010940919037199,1481,0.0509022487082237,11.681286111315796,0.025506816092304655
4304630,RS,0.2740586565752129,0.4147399435282563,26425,0.021338229999519037,10.22583200649613,0.008849816304993471
4304655,RS,0.5370643102601865,0.5803571428571429,2037,0.17035403933886062,11.401956680301879,0.09886618354487448
4304663,RS,0.4773857257417803,0.6388927919067022,12470,0.17386808928706707,9.90831440292947,0.11108306898809807
4304671,RS,0.368642447418738,0.5528996865203761,2615,0.11853645690855505,10.722568284092098,0.06553876986597616
4304689,RS,0.4117430517209645,0.5439949630096018,5433,0.21857532043017314,9.752836949713826,0.1189038733522239
4304697,RS,0.3192584963954686,0.5879979828542612,1942,0.2023292032937488,10.072293947160876,0.11896916340923402
4304705,RS,0.3351546152057661,0.4910789681566833,34408,0.05386005854385797,10.783853558883212,0.026449541974576326
4304713,RS,0.3712630359212051,0.4516062176165803,4315,0.1346026111871518,9.507940122160669,0.06078737611954483
4304804,RS,0.1999421798207574,0.3277085001716051,17295,0.13196574580738799,11.36415647176354,0.0432462966325664
4304853,RS,0.5212014134275619,0.4779179810725552,1132,0.2653722544361792,10.230015308917908,0.1268261720728112
4304903,RS,0.2571180555555555,0.3518640712636093,5760,0.05742845214963202,10.792748091640505,0.020207008979736898
4304952,RS,0.3782608695652174,0.4046806435884934,2070,0.08457258669132398,10.658442872087218,0.03422488881218864
4305009,RS,0.4031021261763681,0.4489631891978781,5738,0.13952264573356346,10.6918858526011,0.06264053199386636
4305108,RS,0.2492735591587734,0.2917072680308725,249160,0.12255853971051141,10.802433665854565,0.03575121679280648
4305116,RS,0.4942049142327306,0.4952638700947226,2157,0.16903289192671045,10.145454547167414,0.0837158842289256
4305124,RS,0.5551041137633317,0.5836602815601201,3938,0.09389103081894387,9.634501838303663,0.05480046548375469
4305132,RS,0.3933547695605573,0.5146082337317397,2799,0.2608946314207897,9.641950576224783,0.13425852546554584
4305157,RS,0.6485178463399879,0.6251548946716233,1653,0.11800978698849234,10.092145530919842,0.07377439595501163
4305173,RS,0.4435857805255023,0.4983111111111111,5176,0.14202034695571442,9.494668426590449,0.07077031689188755
4305207,RS,0.4542943574904643,0.5323916220165611,7603,0.21716849547001904,10.862699197296946,0.11561868755417963
4305306,RS,0.3621063156140643,0.4932896379525593,6001,0.09746515311681324,10.818252389641977,0.04807855009398356
4305355,RS,0.4421794942427414,0.5061102987257154,18151,0.052862122337167715,10.384924970659235,0.026754064527339267
4305371,RS,0.4635119726339795,0.4422976501305483,1754,0.13193953509668216,10.231138260945942,0.05835654633257952
4305405,RS,0.4318181818181818,0.4872912127814088,2552,0.18622765248572357,10.935142888146874,0.09074709863320297
4305439,RS,0.5659606094388703,0.5658761528326746,2691,0.27461830951547156,10.953513122804024,0.1553999524860277
4305447,RS,0.3321033210332103,0.4472727272727272,3252,0.14552062070048094,9.84749599743187,0.0650874048951242
4305454,RS,0.3880279550288666,0.4514450075332146,6582,0.3664084753869022,9.775110561240954,0.16541327693127372
4305504,RS,0.384806531771388,0.4964811260396673,2817,0.16606664705700158,10.347522067637165,0.08244895592849215
4305587,RS,0.2224744608399546,0.4082519001085776,1762,0.07720377580042583,10.090965733729828,0.03151858816608046
4305603,RS,0.2725392886683209,0.3469554556599918,2418,0.12347214633449144,11.084199038636587,0.042839334792800665
4305702,RS,0.3784601070016283,0.4729939986663703,4299,0.17210755167591318,10.955857200167634,0.08140583906786913
4305801,RS,0.4560155239327296,0.4996845425867507,6184,0.0785530143952433,10.330806584219184,0.03925172706689759
4305835,RS,0.1980582524271844,0.373066424021838,1030,0.09994468376394798,10.020813357673996,0.03728600577180952
4305850,RS,0.2931506849315068,0.4396008403361344,1825,0.11567047865687526,10.848180715524087,0.05084883961964526
4305871,RS,0.3394402035623409,0.4528497409326424,1965,0.04868413412927005,10.77725872858755,0.022046597527969957
4305900,RS,0.527818448023426,0.5856102003642987,4098,0.11487887159665411,10.60952355525183,0.06727423901334115
4305934,RS,0.1928020565552699,0.3308823529411764,1167,0.16378252298270854,10.090975508908627,0.054192746575160905
4305959,RS,0.17959927140255,0.2847322720694645,2745,0.0832586880670808,10.619888623629018,0.023706435422862725
4305975,RS,0.4222333000997009,0.4743921365752716,2006,0.10744584584292097,11.27929464741846,0.05097146437556054
4306007,RS,0.435328064232844,0.5166924607561353,7971,0.15247734812434802,10.147573879836594,0.07878389621193926
4306056,RS,0.4420581655480984,0.568610816542948,4470,0.15258991376703074,10.02398388500333,0.08676427546328937
4306072,RS,0.6025170424750917,0.5899843505477308,1907,0.28520936001934966,9.934839381508699,0.16826905904114994
4306106,RS,0.3890402843601895,0.4935421511220687,33760,0.03724735076160908,11.083862721896642,0.01838313761848277
4306130,RS,0.3185410334346504,0.3994011976047904,1645,0.21311748751176635,10.729408820320657,0.08511937974272345
4306205,RS,0.3007002801120448,0.4841211225997046,7140,0.17914460124073722,10.278174645163192,0.08672768546034214
4306304,RS,0.4085704939483153,0.4903846153846153,3057,0.09665642856571528,10.342116400387301,0.047398825546648836
4306320,RS,0.4715127701375246,0.4717157550257129,2036,0.13717135944310752,10.267965076600605,0.06470589138760892
4306353,RS,0.509011469142545,0.5431034482758621,1831,0.16444145727239975,9.676072380739027,0.08930872248414815
4306379,RS,0.4254795868175111,0.4400757934628138,2033,0.3331078679868149,10.769722613943083,0.1465927093130038
4306403,RS,0.2908136204518935,0.4405417071328369,18854,0.034791794689412084,11.041016964076645,0.01532723662668877
4306429,RS,0.5458839406207827,0.5565517241379311,1482,0.28733447388062316,10.939169072384654,0.15991649684252615
4306452,RS,0.2165087956698241,0.3499355946758265,2217,0.20416930732369243,10.255268394911667,0.07144610797286789
4306502,RS,0.5062409670214164,0.5157186544342508,7611,0.06788322145312929,9.648889700110168,0.035008643626470104
4306551,RS,0.30173775671406,0.5096153846153846,1899,0.03869787940803092,9.975561073395317,0.01972103469832345
4306601,RS,0.4853979379348875,0.5909489725236666,19689,0.04269986790958445,10.444827828102207,0.025233443068065218
4306700,RS,0.4102120294244916,0.4306808859721083,2311,0.2322386106923485,10.10166885024386,0.10002073060991219
4306734,RS,0.3811728395061728,0.431438127090301,3240,0.15004752040985364,10.652457257068237,0.06473622118017097
4306759,RS,0.2562747688243065,0.4137931034482758,1514,0.14126557210706958,10.174073462301205,0.058454719492580506
4306767,RS,0.4140554247418946,0.5426173760421238,16563,0.24711924833832596,10.586235897280307,0.1340911981028444
4306809,RS,0.2408529569686277,0.3628808864265928,13037,0.029858188297093496,10.583322719035902,0.010834965836341406
4306908,RS,0.5351523903625447,0.5416871877858299,13157,0.1437303838955312,9.941447714845763,0.07785690745174803
4306924,RS,0.5364758698092031,0.5498458376156218,891,0.22269097360710816,10.728009620147736,0.12244570491243871
4306932,RS,0.4345938121946807,0.5925737538148524,5527,0.12644212143982628,10.768398725226726,0.07492628254191129
4306957,RS,0.4729729729729729,0.5106075216972035,1924,0.2627070505535778,11.132090892673787,0.1341401960155443
4306973,RS,0.3996865203761755,0.4413466596528143,1914,0.1566314666745401,10.515383031110394,0.06912877461332936
4307005,RS,0.2806561719904223,0.3592309497468906,58887,0.03634752491549082,10.762403475741593,0.013057155896340537
4307054,RS,0.399157697707066,0.4761904761904761,2137,0.0984791732168625,10.729232235407531,0.046894844388982136
4307104,RS,0.6551914073258056,0.6862155388471178,3631,0.06634664697634297,9.88451103383039,0.04552810010557069
4307203,RS,0.5224719101123596,0.5378987415861867,3204,0.14846022561839575,9.86358525260618,0.07985656853573643
4307302,RS,0.538205189240657,0.5125299629548922,4201,0.13547058147168614,10.40259133406701,0.069432732103161
4307401,RS,0.4148148148148148,0.4298921417565485,1890,0.05249731521239045,11.094029089005211,0.022568183273123165
4307450,RS,0.5446265938069217,0.5361663652802894,2196,0.16264995985588024,10.092425212073408,0.08720743778891228
4307500,RS,0.4032883024400461,0.4512646206138158,9549,0.1019822424555414,10.813950246043534,0.046020977951046066
4307559,RS,0.2962768746722601,0.3066602779108768,3814,0.10605179506517697,11.004743042769872,0.03252187294763452
4307609,RS,0.222510334460729,0.3964410623006265,26610,0.03375306676765089,10.299914744838889,0.013381101645271492
4307708,RS,0.3821440168858581,0.5584789193926346,49272,0.04713727585395573,10.553986924862997,0.026325174882029723
4307807,RS,0.22574081803005,0.3893707139975796,19168,0.06289779909969265,10.68473658567358,0.024490560944323645
4307815,RS,0.4298007246376811,0.506568144499179,2208,0.19446506678768863,10.454676049048658,0.09850980805254834
4307831,RS,0.3911290322580645,0.5278688524590164,1736,0.10688722729231775,11.348082485309895,0.05642243801332183
4307864,RS,0.1595687331536388,0.2919287211740042,1855,0.11493260825180032,10.257369183149166,0.03355212934814087
4307906,RS,0.1992958572937448,0.3067309955283596,42605,0.05266146546548651,10.778933293491292,0.016152903728211005
4308003,RS,0.369443144595227,0.4208175117266026,4274,0.12209559957430265,10.306792881069834,0.05137996640562568
4308052,RS,0.4224941724941725,0.4748700173310225,1716,0.1357537993447075,10.241207336064113,0.0644654090475734
4308078,RS,0.3608549874266555,0.5057034220532319,2386,0.5990488463915248,10.159755398807752,0.30294105159723494
4308102,RS,0.2542926239419589,0.3662892494455468,8270,0.1489565664732773,10.356589238976563,0.05456118893348244
4308201,RS,0.1210633073556101,0.1733495556495979,18734,0.1420343711616472,10.887810940409755,0.0246215951278416
4308250,RS,0.4874476987447699,0.4612272420768712,1434,0.2176822144768125,10.395501483258133,0.1004009674323262
4308300,RS,0.582493921500521,0.6223731005496282,5758,0.10643571846223686,9.868210067167341,0.06624272810856967
4308409,RS,0.4623968947113052,0.5305064782096585,4122,0.19425932742784183,10.250209179764665,0.10305583165312128
4308433,RS,0.2991452991452991,0.5524364406779662,1872,0.215363030651836,9.780741727537615,0.11897438610692002
4308458,RS,0.4000687994496044,0.4642857142857143,2907,0.18195740586290696,11.217524668339184,0.08448022415063537
4308508,RS,0.3655521672838162,0.4688837133726913,18364,0.03914210948050772,10.511790321800023,0.018353097642460885
4308607,RS,0.1939642098877767,0.2905896020911995,19782,0.18884440018386947,11.00270512448087,0.05487621910658187
4308656,RS,0.6230479267635972,0.6947422154160285,1857,0.11951381143424039,10.651880718292068,0.08303129012863765
4308706,RS,0.2724420849420849,0.3496551724137931,4144,0.10741862093177915,10.651355391084737,0.037559476422353126
4308805,RS,0.4532647584973166,0.556290103052693,4472,0.15863038268149032,9.83999023015475,0.08824451192917437
4308854,RS,0.2562604340567612,0.3572542901716068,1198,0.10938553222759356,11.114608922703887,0.03907845067101236
4308904,RS,0.2670241829404027,0.3015592821418064,9883,0.041351513544242435,10.439287498577809,0.012469932739878932
4309001,RS,0.3893698409502718,0.4887239508992292,9934,0.18808449955978493,10.792035206280806,0.09192139972776242
4309050,RS,0.2397449521785334,0.3421926910299003,4705,0.221384248084081,10.629219590401522,0.07575607160352273
4309100,RS,0.1749923383389519,0.2222525721569698,22841,0.0177545296702236,10.914147381687366,0.003945989886644432
4309126,RS,0.6103646833013435,0.6570218772053634,1563,0.07331706470570855,10.140663245373133,0.04817091548413173
4309159,RS,0.5684257602862254,0.5196884465599307,2236,0.1423579398829083,9.868847442460694,0.07398177663322061
4309209,RS,0.285442953120112,0.4340504601805882,134258,0.04257393255706453,10.674396564129705,0.018479235018091185
4309258,RS,0.1983914209115281,0.3209990749306198,1119,0.1538114674635743,10.796596074123471,0.04937333876952848
4309308,RS,0.3898188620182856,0.5211175970939584,52391,0.018619580501733124,11.138189398811162,0.009702991049960686
4309407,RS,0.2052616965153408,0.3118476345397858,14406,0.15971412410149927,10.436417603154176,0.04980647180364634
4309506,RS,0.4489326077856844,0.4952583704277143,4778,0.13474736047129585,10.758570520442955,0.06673475816644979
4309555,RS,0.23378728923476,0.4384069157147268,3084,0.16867702683997218,10.469371506209429,0.0739491750888424
4309571,RS,0.6392276422764228,0.698572184029614,1968,0.1738424386615885,9.89973632400994,0.12144149205286008
4309605,RS,0.3039604833730264,0.3909106154620158,11337,0.1693516883049034,11.345065297194376,0.06620137270480125
4309654,RS,0.6062482409231635,0.5932203389830508,3553,0.18700743540947065,10.311313093758816,0.11093661422595716
4309704,RS,0.3799938061319294,0.4693520140105078,3229,0.1115113087461493,10.319155240547179,0.052338057344952726
4309753,RS,0.4918211559432933,0.5031975765735442,2751,0.14671637420250275,9.930223495470692,0.07382732394235665
4309803,RS,0.3075396825396825,0.3085853956614726,3024,0.10896398361779559,10.76833998893497,0.03362469399754767
4309902,RS,0.290399808474982,0.3560791286952656,4177,0.07724087328672685,10.432053492196706,0.02750386285959911
4309951,RS,0.4670287044220326,0.4969924812030075,2578,0.35540337684698603,10.279067590465829,0.1766328060871111
4310009,RS,0.2915809463522709,0.4440738442444927,12638,0.07902773417905976,10.870119488946061,0.035094149718826954
4310108,RS,0.2639003344805856,0.4165891396954414,20629,0.05560985374397255,10.820104705751811,0.023166461129790848
4310207,RS,0.3805874576551268,0.5106095717884132,48412,0.038468264874433715,10.647968559647648,0.019642264254977854
4310306,RS,0.1990068754774637,0.4321663019693654,2618,0.11533875321203899,10.149701950293773,0.049845522449404156
4310330,RS,0.3194309731652118,0.5091211995002083,12372,0.07433316278350074,9.92450542798447,0.03784458899898014
4310363,RS,0.2762487257900102,0.4016083254493851,1962,0.12459983394693847,11.251485676765563,0.0500403306627014
4310405,RS,0.3782658959537572,0.447262118491921,4325,0.11656822049218991,10.728413426542744,0.05213654924617022
4310413,RS,0.5231292517006803,0.5494858611825193,1470,0.18845718116385027,10.387155783669085,0.10355455648784832
4310439,RS,0.1839924224484963,0.2678109569715495,4223,0.12403677459190383,10.304850959205076,0.033218407303122144
4310462,RS,0.2194964493221433,0.3400915631131458,1549,0.10223185693974514,10.910789899723456,0.03476819202659743
4310504,RS,0.4964145269488781,0.5607224413535395,4323,0.10054533174336984,10.049746530378718,0.056378023881843875
4310538,RS,0.3477977161500816,0.4008901061280383,3065,0.2221043054985371,10.037346332486818,0.08903941860280279
4310553,RS,0.5273311897106109,0.584877315973961,1866,0.11594886595345172,10.185563159994768,0.06781586150907942
4310579,RS,0.4004474272930649,0.5306986591390261,1341,0.17766741995531013,10.19226902043121,0.09428786154297335
4310603,RS,0.4002171552660152,0.548926014319809,18420,0.05838538916327339,10.513529021106297,0.032049258967906634
4310652,RS,0.3933531746031746,0.4945511157239232,2016,0.1597967213016002,10.18050770344756,0.07902764680873117
4310702,RS,0.626641651031895,0.6337704918032787,2665,0.15013703613507368,9.748320274276399,0.09515242322921227
4310751,RS,0.4196106705118961,0.4105334233625928,1387,0.1496122554393515,10.212827716019548,0.06142083140251567
4310801,RS,0.2347490980649393,0.3802192675530674,12196,0.15657227128870313,10.65785332568356,0.05953179430851087
4310850,RS,0.5080680331443523,0.5700164744645799,2293,0.1683867501829727,10.157400242511397,0.09598322168584605
4310876,RS,0.6105799872530274,0.6158536585365854,1569,0.26149093312123467,10.700544028269531,0.16104014783685794
4310900,RS,0.3350405463081519,0.3812268423219432,2343,0.07946366066876055,10.53514896739136,0.03029368043609398
4311007,RS,0.4579260373231253,0.4754397711364051,14629,0.11902371597905793,10.125433468589666,0.05658860828488779
4311106,RS,0.3733151597758594,0.4725406558251133,6603,0.20803905359824434,10.055933518627384,0.09830691082455027
4311122,RS,0.4410324877614597,0.4665792922673656,2247,0.2672456330823343,9.785248873731568,0.1246912783450996
4311130,RS,0.5859519408502772,0.6069924178601517,2164,0.18900735625521373,11.035815348160106,0.11472603216670724
4311155,RS,0.5769151776545491,0.6036980556614564,4869,0.1528084081190957,11.029656781796385,0.09225013887022039
4311205,RS,0.509286154387818,0.5279388286698596,11361,0.1341069406889418,11.120216391743371,0.07080026118381827
4311239,RS,0.5227524972253053,0.5429025423728814,1802,0.1471392389169207,9.93995054583658,0.07988226689080706
4311254,RS,0.6609308885754583,0.6624427069290914,3545,0.16874305686099164,9.76015084892353,0.11178260736248488
4311270,RS,0.2463054187192118,0.3995253164556962,1218,0.0681964081155457,10.978441247938754,0.027246191533505205
4311304,RS,0.3548195160650536,0.4168567729206486,15126,0.1408361968991065,10.642788468328813,0.0587085225497786
4311403,RS,0.2835032335854434,0.4426406926406926,45615,0.024918939281355353,10.843400577389186,0.011030136543370497
4311429,RS,0.6219421793921424,0.5648648648648649,1349,0.18670148473756362,9.858197697924988,0.10546110894635351
4311502,RS,0.5509570615623384,0.5268911237428946,3866,0.1681246662695075,10.423750937662241,0.08858339433963994
4311601,RS,0.6108569685879841,0.5798128721292883,3279,0.13516608428239302,10.186350886585602,0.07837103554224376
4311627,RS,0.4112203585887796,0.5262415349887133,3458,0.052122324645225336,10.817990734517261,0.02742893212848342
4311643,RS,0.2568058076225045,0.366785079928952,1102,0.1161548886217413,10.248537813857105,0.042603880107263896
4311700,RS,0.3959545580493211,0.4611910810047982,3609,0.11244380392150312,10.397239253158089,0.051858079482849595
4311718,RS,0.4917339484813533,0.5890052356020943,2601,0.28442079202011894,10.882267503607116,0.16752533561394442
4311734,RS,0.488360814742968,0.5426745778183478,2062,0.0842590199627242,9.787817667219441,0.0457252280856591
4311759,RS,0.5343260979303383,0.6315157338457843,3962,0.12610168509274755,10.547637957267094,0.07963519820053647
4311775,RS,0.4453822040028936,0.5720173535791757,4147,0.11842135804864214,9.798242273648837,0.0677390718382363
4311791,RS,0.2243303571428571,0.5322757111597374,1792,0.17001389026687813,10.16103253056767,0.0904942643488361
4311809,RS,0.2462463725448963,0.3321797811134663,23777,0.04754796625381495,10.764801090896935,0.015794473022582734
4311908,RS,0.4089302923225185,0.4741081703107019,3113,0.18722839962118046,10.165071655359144,0.08876651397459878
4311981,RS,0.3501367721766314,0.4054373522458628,2559,0.13347276622603527,9.746395162848737,0.05411484493561476
4312005,RS,0.4983410749834107,0.530188679245283,1507,0.11641407277967145,10.109325453880903,0.061721423492618256
4312054,RS,0.3337032926378098,0.5146533238027162,2703,0.14782600018296332,10.014076671416104,0.07607914233862301
4312104,RS,0.4773635153129161,0.577930174563591,3004,0.11216577631393893,10.064764448694206,0.06482398668517542
4312138,RS,0.27437530622244,0.3324425440940673,2041,0.2111182808126694,10.614490519912174,0.07018469837812953
4312153,RS,0.3226666666666666,0.4759226713532513,3000,0.15809017057933936,10.454862243096251,0.07523869629681036
4312179,RS,0.4648692810457516,0.5019762845849802,1224,0.12250388261332668,10.475298093564714,0.06149404384147228
4312203,RS,0.298432810936979,0.3922651933701657,2999,0.13238301005290368,10.179351243865161,0.05192924703732685
4312252,RS,0.3931565828234761,0.3752045826513911,4413,0.1271512431355026,9.997802831126688,0.04770772911426181
4312302,RS,0.5768096953815919,0.5829081632653061,3053,0.16506360550972018,10.225763308560992,0.09621692310962006
4312351,RS,0.2302405498281786,0.398034398034398,1164,0.07678458776760877,10.571299434491129,0.030562907170399556
4312377,RS,0.3435717419921018,0.3168539325842696,2279,0.07794077541710032,9.910435409868917,0.0246958411995756
4312385,RS,0.1322245322245322,0.35006435006435,2405,0.20294039898466434,10.337746285247752,0.0710421988723664
4312401,RS,0.326534274434741,0.5137708844158065,33436,0.03704803346653376,10.963630836556774,0.019034200919967447
4312427,RS,0.3985544656685596,0.4850976361767729,1937,0.1474118887888697,10.475156437596784,0.07150915879583403
4312443,RS,0.2894404711821624,0.4627238650562266,2377,0.06255871620687166,9.826913143596778,0.02894741095619926
4312450,RS,0.3715025906735751,0.523913571255159,3860,0.05957783644553224,9.54876391381083,0.031213637059834563
4312476,RS,0.1824993956973652,0.2940057088487155,4137,0.12347701072731594,10.271157160899914,0.036302946065404976
4312500,RS,0.4061171082760876,0.5496776084407972,6114,0.17349879029849008,10.243906870498341,0.0953684001186454
4312609,RS,0.1880877742946708,0.3360051298493107,3190,0.2225519766953635,10.837124936483864,0.07477860582774638
4312617,RS,0.2431506849315068,0.2351885098743267,1752,0.08362367283047661,11.827527698686376,0.019667327003218014
4312625,RS,0.4966032608695652,0.5260115606936416,1472,0.05443200156515551,10.231124718434257,0.028631862094966196
4312658,RS,0.3058252427184466,0.4294055709773141,10094,0.0843158513011716,11.198738741098659,0.0362056962704179
4312674,RS,0.3284106891701828,0.3847231955150665,1422,0.0811128637118296,10.904461118620498,0.031206000124593163
4312708,RS,0.4952850718119831,0.532796486090776,6893,0.1115073857836114,10.501681419879402,0.059410743318676705
4312757,RS,0.2818311874105865,0.4383310408069693,2097,0.10517699836894634,10.760930179024555,0.04610234316401316
4312807,RS,0.164528543938422,0.2514124293785311,3118,0.10583525059401937,10.716878609519176,0.026608297465728036
4312906,RS,0.1345151199165797,0.2294178436100585,5754,0.12363966845412548,10.860540342280952,0.02836514612140804
4312955,RS,0.3527868852459016,0.4757817290006131,1525,0.09753527063576849,10.840888699769662,0.04640549970162866
4313003,RS,0.183541377716135,0.3002633889376646,2163,0.13069223471100766,10.354588104602014,0.03924209330216384
4313011,RS,0.3109540636042402,0.5190243902439025,1981,0.0984481003619455,10.903678430472436,0.051096965261029276
4313037,RS,0.3685939553219448,0.3905511811023622,3044,0.10240495246923163,10.100735576059588,0.039994375137589674
4313060,RS,0.3265324546357317,0.4159407665505226,11077,0.10380609801396348,10.303326316840684,0.04317718798054665
4313086,RS,0.0703781512605042,0.1185897435897435,1904,0.09503060646026948,10.237110364483163,0.01126965525330118
4313102,RS,0.4016054487959134,0.4539382772915707,4111,0.1015623766099316,10.765935889329569,0.04610305027595007
4313201,RS,0.1699530516431925,0.2813702557911416,12780,0.1454491052193437,10.532538541796324,0.040925051940159406
4313300,RS,0.1798601011150356,0.2295204455916315,14439,0.18937941257220423,10.724271355392515,0.04346644715945373
4313334,RS,0.3945288753799392,0.4604598990465507,1645,0.11618263464774282,11.110517847283056,0.053497444220861945
4313359,RS,0.2013283520132835,0.3492690636112208,2409,0.11750118032721911,10.81932475355558,0.04103952722610102
4313375,RS,0.3623878267655092,0.5561370926895155,12815,0.33081545729093764,10.969642947490883,0.18397874663453465
4313391,RS,0.379949146385761,0.4624338624338624,2753,0.2528001676143565,9.96320591815884,0.11690335793383469
4313409,RS,0.2453933766868398,0.4118583906469836,133015,0.04030308024983307,10.551628403087454,0.01659916176981248
4313425,RS,0.3638170974155069,0.3913811374072766,2515,0.16297643559864008,10.478308311765254,0.06378590273517952
4313441,RS,0.5507783543365455,0.5130246020260492,1349,0.24466278701395347,9.99396046784544,0.12551802893841751
4313466,RS,0.5169628432956381,0.5490196078431373,1238,0.11078096301806986,10.40909402140447,0.06082092087266581
4313490,RS,0.5507982583454282,0.525044404973357,2756,0.21826766808095557,9.966640906780539,0.1146002179124875
4313508,RS,0.3781288627935723,0.4739298420106346,25888,0.03230729078327653,10.445230496015874,0.015311389216709877
4313607,RS,0.4757347915242652,0.5019723865877712,2926,0.11761965975451605,10.251973127105098,0.05904182131661605
4313656,RS,0.3829847773509745,0.5316915623738393,7029,0.14248728956891069,10.633634111420257,0.07575928960930778
4313706,RS,0.4577142857142857,0.5114779468661336,17500,0.19510761849779143,10.683780194561924,0.09979324412719122
4313805,RS,0.5684376407023863,0.5924790517065195,4442,0.14739233361802181,10.16457585454228,0.08732687005081652
4313904,RS,0.2767293000206484,0.4176415055617124,24215,0.10171361529413409,10.78561741944363,0.04247982742756698
4313953,RS,0.5215327229569345,0.5963855421686747,5898,0.09988189486188873,10.529251157369947,0.05956811802004207
4314001,RS,0.2133277451802179,0.2313385493761894,4772,0.019241458094090273,10.553661172705649,0.004451291003369582
4314027,RS,0.3766172665255234,0.4738191921350716,4251,0.16870761667532705,9.922563556141704,0.0799369066401368
4314035,RS,0.1771084337349397,0.4101362862010221,2490,0.28547862442261196,10.132855136076982,0.11708514281046647
4314050,RS,0.3112180037794193,0.5044806175532808,29105,0.05076075089115665,9.968653478271083,0.025607814957038955
4314068,RS,0.4946717084908903,0.5812945184267575,2909,0.17734964789507995,9.821782248285885,0.10309237816632551
4314076,RS,0.425887802367473,0.4953023367863166,3886,0.11890258833088276,10.185286420284866,0.05889272985022764
4314100,RS,0.3571068294159185,0.4522390893556233,109043,0.030419999099712686,10.722221032423237,0.013757112691052946
4314134,RS,0.3114119922630561,0.4085580304806565,1551,0.12438982050549677,10.635464363765916,0.05082046007756814
4314159,RS,0.3798795449475797,0.639236479321315,4483,0.05374129113629753,9.905223838384574,0.034353393740148626
4314175,RS,0.6561151079136691,0.601123595505618,1390,0.20786939339674484,10.912933271450592,0.12495519715422303
4314209,RS,0.6159066808059385,0.6124343964473153,4715,0.0757620582523558,9.867395916788604,0.04639929041938787
4314308,RS,0.3498082658713251,0.5257535291873331,2347,0.16521018675134988,11.140632513387498,0.08685983874222059
4314407,RS,0.4558693068644025,0.5457795015592651,179229,0.08769212439261888,10.162485749415483,0.04786056394167661
4314423,RS,0.2117235345581802,0.3365276211950395,3429,0.07196191809594879,11.015446703829962,0.02421717311346191
4314456,RS,0.4596725288053365,0.5011862396204033,1649,0.09283947448174304,10.250245420792442,0.04652986710383918
4314464,RS,0.4287461773700305,0.5050625372245384,1635,0.09549483927069216,11.777299843251853,0.048230865813905274
4314472,RS,0.5115499254843517,0.5239242685025818,2684,0.14154010028526817,11.96410743003713,0.0741562935057412
4314498,RS,0.5015037593984962,0.571632216678546,2660,0.14298073002633083,9.773266894536665,0.08173239164726824
4314506,RS,0.5863949483352469,0.574050949050949,6968,0.0998081418508735,10.055505420656022,0.05729495855250567
4314548,RS,0.1517808219178082,0.2834733893557423,1825,0.07827070413035675,9.798576172300178,0.022187661787092725
4314555,RS,0.5486950986632718,0.5472350230414746,1571,0.23403702740453433,10.26478691674375,0.12807325808427858
4314605,RS,0.5763782542113323,0.5950185296905972,10448,0.14097464033118226,9.91223632886287,0.08388252321352084
4314704,RS,0.4258541740049313,0.4579782790309106,5678,0.15325086647120661,9.864134836975088,0.07018556808647908
4314753,RS,0.2573099415204678,0.5109993714644877,1539,0.0762816349045104,10.629100998635048,0.03897986749048834
4314779,RS,0.4998071731585036,0.5110547299746285,2593,0.11641153261551525,10.960763278117033,0.05949266436675481
4314787,RS,0.3257305773342837,0.3868715083798882,1403,0.1781445707153002,10.582734499679239,0.06891905878231586
4314803,RS,0.3317511151778565,0.4950598885025115,17486,0.06998753191963798,10.409903302748582,0.03464801974870194
4314902,RS,0.4315003215886217,0.4602433761424722,768062,0.022860298492087785,10.862483229368298,0.010521300957623148
4315008,RS,0.4461984536082474,0.52262044653349,3104,0.12776724908262568,9.99768101632361,0.06677377676791749
4315057,RS,0.3206521739130434,0.4777105118326912,1656,0.14850762561116107,10.14969230001584,0.07094365384176543
4315073,RS,0.4451313755795981,0.5362431800467654,1294,0.2122989372127915,10.01235780292314,0.11384385721153589
4315107,RS,0.4765811965811966,0.5504947117024906,5850,0.17395219152033617,9.74632210732259,0.09575976152100389
4315131,RS,0.4026512013256006,0.504410585404972,1207,0.2187115349173378,10.126942805865736,0.11032041336247433
4315149,RS,0.2057780030410542,0.3646265560165975,1973,0.07015495594930743,10.80374402814218,0.025580359975292073
4315156,RS,0.4678730658274325,0.551355384232778,3813,0.14978736189621764,9.881729101236472,0.08258606847150324
4315172,RS,0.1472114137483787,0.2096041531473069,1542,0.1409006557809447,10.18618147668057,0.029533362632865108
4315206,RS,0.2033210332103321,0.3465768002837885,2710,0.13428319450210036,10.079694952662086,0.04653943988242356
4315305,RS,0.4362745098039216,0.5212693615413676,12444,0.13208930630619117,9.886596321322324,0.06885410836467042
4315313,RS,0.3909395973154362,0.4802478698683191,1192,0.1808932446239346,11.177005621797163,0.08687359540421336
4315321,RS,0.532540675844806,0.5868794326241135,1598,0.12396765499138843,11.078214140362086,0.07275406702508788
4315354,RS,0.2757246376811594,0.4802533532041729,2760,0.07246809260517657,10.573196446995622,0.034803044473946575
4315404,RS,0.6344933245786825,0.5855248858943708,4569,0.1771543985555258,9.622957197206349,0.10372830899991013
4315453,RS,0.2360544217687074,0.4451827242524916,1470,0.12210363688474879,10.01820916133866,0.05435842970948949
4315503,RS,0.3723209477652127,0.3948106591865357,9285,0.16743890913325563,10.265654774494795,0.06610666608837511
4315552,RS,0.6330361332707649,0.6358720144209103,2131,0.13467695289288145,10.328601570090429,0.08563730533206658
4315602,RS,0.5355208487906218,0.6552366460279148,107824,0.028348594300228368,10.855931917580113,0.018575037848887695
4315701,RS,0.5201392810088462,0.6122431433238759,21252,0.046113996557067716,10.10224248851275,0.02823297820332553
4315750,RS,0.3544737744257799,0.43003300330033,2917,0.143485111553908,10.196961310704863,0.06170333345040994
4315800,RS,0.2567114093959731,0.4267743438422115,5960,0.20939975598572877,10.624419903927642,0.0893664434615286
4315909,RS,0.476790984706198,0.4882323485227842,3727,0.170869544603277,10.296811761119914,0.08342403905267655
4315958,RS,0.52249550089982,0.6377228292121909,1667,0.14944410897129717,10.65532671626002,0.0953039199822706
4316006,RS,0.2843680251301975,0.3599968035799904,12097,0.10495508592059205,10.283461067067035,0.03778349545087639
4316105,RS,0.5178540624460928,0.5353075170842825,5797,0.1578514640088845,10.409654320255951,0.08449907526671493
4316204,RS,0.4380495603517186,0.4802104208416833,3753,0.09329834696665497,10.510587769335789,0.04480283846069077
4316303,RS,0.4792302276460924,0.571777235411582,4261,0.18597608466563947,11.669941602467535,0.10633689154278965
4316402,RS,0.4554045794348582,0.5269408401143612,21269,0.03341688988644427,10.039726324074042,0.017608724030772044
4316428,RS,0.5236318407960199,0.528256989886972,1608,0.22235661727329195,10.001837327548968,0.1174614373222387
4316436,RS,0.3385442110405471,0.4713835060838215,2047,0.19653194733345453,11.025593010556793,0.09264191839152475
4316451,RS,0.507292539815591,0.5503355704697986,5965,0.18202675328613327,11.079314654468028,0.10017579711048945
4316477,RS,0.3698562221120476,0.4485368314833501,2017,0.16135096465405036,10.72131599698163,0.07237185044270976
4316501,RS,0.2251935256861365,0.4062706999337602,4263,0.13256317470517784,10.507502058721585,0.05385653377291393
4316600,RS,0.2808635917566241,0.3458188153310104,10190,0.05115343185498179,10.51649345066311,0.017689819204205374
4316709,RS,0.3577723607725482,0.4613644274277758,5333,0.08895598720737585,11.484522433634654,0.04104112810420351
4316733,RS,0.2990720913633119,0.3973607038123167,1401,0.15954602945573984,10.731824193796342,0.06339732255499339
4316758,RS,0.2274394717534849,0.4598278335724534,4089,0.10515739567465508,10.624158018908728,0.04835429743719793
4316808,RS,0.3321842642084334,0.4226665798215333,77454,0.019066232333651206,11.203614601593088,0.008058659210547086
4316907,RS,0.3853713841034723,0.4274827747323256,149064,0.032618680345845474,10.23286734154693,0.013943923982348798
4316956,RS,0.3020329138431752,0.4247787610619469,4132,0.11027583234948517,10.326683167057528,0.04684283144048927
4316972,RS,0.4297963558413719,0.4541062801932367,1866,0.1240290376948429,11.39942010393911,0.05632236494355184
4317004,RS,0.4929478138222849,0.5217480089850929,4254,0.15788960090137322,10.05280845384201,0.0823785849097424
4317103,RS,0.4792010564542753,0.5999762338588291,48464,0.02391035644045612,10.429736617204226,0.014345645607367064
4317202,RS,0.3074774486011264,0.4574552037879491,43678,0.02684298912588255,10.624915267207651,0.012279465060858304
4317251,RS,0.2235112142304717,0.3718887262079063,1293,0.0768498392568558,9.981931964717583,0.02857958883051446
4317301,RS,0.5133252380648048,0.5092527524010307,15647,0.04466540261000207,10.714844613262608,0.022745979216243738
4317400,RS,0.3704997504812148,0.4801479310585444,28054,0.029902535463177057,10.280604542331865,0.014357640536049217
4317509,RS,0.4017348259497263,0.5388727760703,44039,0.044040775918309225,10.438718544821366,0.02373237517938931
4317558,RS,0.4549125168236878,0.4414473684210526,1486,0.09584731236274072,10.639797004837035,0.04231154381276251
4317608,RS,0.3590965691957576,0.5160584544253632,23289,0.02326257430499843,10.309765186080414,0.012004848141792658
4317707,RS,0.5872111942726976,0.6031283545468487,6146,0.1223374273640072,10.516420370710117,0.07378517126554827
4317756,RS,0.2617666021921341,0.4069542820347714,1551,0.06273118794460864,10.92809975863515,0.025528725551186515
4317806,RS,0.4588576960309777,0.5813612801442416,8264,0.14600570858116316,10.593609980709449,0.08488206564911209
4317905,RS,0.4058256248769927,0.4643133462282398,10162,0.03706252483165298,10.593675814355935,0.017208624924252024
4317954,RS,0.3865396069088743,0.4559151785714285,1679,0.1351394004796331,10.36600752981826,0.06161210390170772
4318002,RS,0.5006547093395048,0.6043488134438515,32839,0.0733488871685435,10.357481984436987,0.04432831292773621
4318051,RS,0.3635910224438903,0.4076190476190476,2005,0.11187421894348044,9.963063740857969,0.045602062578866315
4318101,RS,0.5195389373067192,0.5475629959019966,10671,0.1580454771874992,10.194548270198613,0.08653985497754772
4318200,RS,0.438979460256056,0.4501845018450184,10857,0.24780219282645446,10.255333214524432,0.1115567067336806
4318309,RS,0.4209118695873662,0.471142171814386,31408,0.043608971602785825,10.29883141343855,0.020546025591528398
4318408,RS,0.4437371278786744,0.5254614894971356,10682,0.3117647829278995,10.09444491418199,0.16382038721004522
4318424,RS,0.441213258286429,0.4466224366706876,3198,0.10143424293897878,10.254599340035364,0.04530280874325319
4318432,RS,0.3149401353461739,0.3839332290036515,1921,0.11900930865920831,10.290761385730363,0.04569162815502207
4318440,RS,0.2079713847726111,0.4026226323457989,1957,0.24632800435271177,10.340606897962692,0.09917722953297622
4318457,RS,0.610797237915882,0.5803990610328639,1593,0.36582077376018324,10.057638232363386,0.21232203359672608
4318465,RS,0.4985875706214689,0.5848068107400131,1416,0.2032669404828983,10.00946787607336,0.1188718911926838
4318481,RS,0.1787338230150402,0.3558282208588957,2859,0.1470754705954983,10.16058695524048,0.05233360303398099
4318499,RS,0.3462819089900111,0.4901074053137366,1802,0.10715944997610631,10.731038533202147,0.05251963998263662
4318507,RS,0.4818012293666689,0.5523621340039518,14479,0.14918595079360047,10.301984501580312,0.08240467014376171
4318606,RS,0.2917523417866118,0.3640425531914893,4377,0.11206078414659823,10.64553116883059,0.04079489397336799
4318614,RS,0.2348066298342541,0.4375,1448,0.07102088961466911,10.13898509207972,0.031071639206417735
4318622,RS,0.3393450403417181,0.4599254426840634,2107,0.1728647205406103,10.15651357052938,0.0795048831190971
4318705,RS,0.3604616206827443,0.5167852698088522,119752,0.05570438154794967,10.555450357167286,0.028787203847792417
4318804,RS,0.4117238719629773,0.5111481337067102,25930,0.03884079504264796,10.102623024821707,0.019853399897734346
4318903,RS,0.4782727820702504,0.5818371607515658,18249,0.03720719354457051,10.587287092751968,0.021648527851506894
4319000,RS,0.1593755082127175,0.202802906718078,12298,0.192799073328418,10.591884319046445,0.03910021248355503
4319109,RS,0.2896678966789668,0.459358687546607,3794,0.13079506681679098,10.613553281082638,0.06008185023053188
4319125,RS,0.3299256505576208,0.3924392439243924,2152,0.15883555748348202,11.060403710899623,0.06233330608712705
4319158,RS,0.53077975376197,0.6181294326241135,4386,0.0964685278245908,11.160324907371368,0.05963003637029781
4319208,RS,0.5873347251217815,0.6077313054499366,2874,0.263559756248698,10.282862514838637,0.1601735147290883
4319307,RS,0.4498560460652591,0.5700211118930331,4168,0.14414756150819638,10.228817561415278,0.08216715328757147
4319356,RS,0.2205822058220582,0.4312714776632302,2439,0.12365537536263722,9.936208702294385,0.053329036453645944
4319364,RS,0.5378787878787878,0.5603900975243811,1188,0.22749635128337994,10.4825697768081,0.12748670248213415
4319372,RS,0.3810272536687631,0.5104826913700634,1908,0.15178069746683268,10.45404292484435,0.07748141894089411
4319406,RS,0.3857187729033609,0.4366035570854848,9551,0.14344631188895876,10.106614250532479,0.06262917002151326
4319505,RS,0.2948470209339774,0.4530862496555525,12420,0.23939745892836936,10.225506743627413,0.10846769684292404
4319604,RS,0.5187038360733858,0.5683124437365833,12591,0.2116540400204886,10.43442241365416,0.12028562471076447
4319703,RS,0.3822166034555415,0.417834890965732,2373,0.13337620580992643,10.214857944598236,0.05572923241201364
4319711,RS,0.1771019677996422,0.3716381418092909,1677,0.15791235749139337,10.160201500506709,0.05868625510682589
4319737,RS,0.5956072351421189,0.6382978723404256,1548,0.15226783737694327,9.920486160104154,0.09719223662358081
4319752,RS,0.2276376146788991,0.4050554870530209,1744,0.07427116854589305,10.44353502551479,0.030083944349353717
4319802,RS,0.5023106288929073,0.5364522417153996,4977,0.04673617329469931,10.358977642452581,0.02507172493314084
4319901,RS,0.3185886402753872,0.4577753134863089,46480,0.04268273061786903,10.620641643805268,0.01953910038904667
4320008,RS,0.4045691501542358,0.6062621917671185,74237,0.026836817504777753,10.095023345166725,0.016270147800500734
4320107,RS,0.337248865845755,0.425421822272216,12344,0.17481355158597311,10.54638678305557,0.07436949967358271
4320206,RS,0.4407056033204862,0.5173333333333333,6746,0.13215680342680403,10.409767264177264,0.06836911963946661
4320230,RS,0.4395361678630591,0.4537223340040241,1811,0.23560871216364823,10.445129604517629,0.10690093479457279
4320263,RS,0.4832910808942152,0.5343116098403108,4339,0.17047417859271022,9.781577211422547,0.09108633280007564
4320305,RS,0.2815505683474206,0.4091559370529327,3431,0.09049261294024642,10.750977534939633,0.037025589843934864
4320321,RS,0.2997658079625293,0.3983010854176498,2135,0.16588861905653493,10.400516865164837,0.06607361702865289
4320354,RS,0.4598713173044361,0.56904264837459,2953,0.17206206005086783,9.593897270054795,0.09791065033613357
4320404,RS,0.2242071881606765,0.3138964577656676,9460,0.08985258282265116,10.562496558153606,0.028204407469126468
4320453,RS,0.4584415584415584,0.6572827417380661,1540,0.23121756380043343,9.957644243488083,0.1519753142727451
4320503,RS,0.3426212590299277,0.3906976744186046,3876,0.1896338131820213,10.927337504536851,0.07408948980134784
4320552,RS,0.3107226715366553,0.4175152749490835,3833,0.15043767892549006,10.513192294645227,0.06281002887927793
4320578,RS,0.4702081837760229,0.5712300208478109,1393,0.1401472478091825,10.361881969463958,0.08005631528780265
4320602,RS,0.4157052474879047,0.4632352941176471,2687,0.16382430627742298,10.21615673039925,0.07588920070204153
4320651,RS,0.3658109684947491,0.4109977324263038,1714,0.1308740863848609,10.00869768094651,0.05378895273754202
4320677,RS,0.4697134566557853,0.5509229789942711,5514,0.21932378097828148,9.856886633154904,0.1208305107808419
4320701,RS,0.3663599905638122,0.3977405078034008,8478,0.04134321113086008,10.099548285213388,0.0164438697894115
4320800,RS,0.4500468603561387,0.4869676518501279,16005,0.1602104292336002,10.359355632977731,0.07801729652578739
4320859,RS,0.3949313621964097,0.555901696088612,2841,0.07457863309141806,9.766552658074932,0.04145838862748958
4320909,RS,0.2201734510508633,0.2600752705033715,12799,0.17133948218380957,10.77474128983532,0.044561162176861874
4321006,RS,0.4176888315041963,0.5060186578393019,6196,0.10496768757801919,10.665255906448614,0.053115608384724435
4321105,RS,0.4409536818576928,0.5343264248704663,8053,0.23985804774412614,9.935058501357922,0.12816249312752853
4321204,RS,0.2602054340622929,0.4253783766524043,30180,0.038170365151384264,10.036644368103463,0.016236847964325344
4321303,RS,0.3615152531009051,0.5666305525460456,14915,0.14829879970034673,10.24030039949177,0.0840306308161228
4321329,RS,0.4810756972111554,0.4781774580335731,2008,0.08962714712845624,10.546687201260285,0.042857681384686264
4321352,RS,0.4505813953488372,0.6116136562591188,3096,0.07461031599258758,9.623212427471403,0.04563268815887469
4321402,RS,0.5037960954446855,0.5024920127795527,7376,0.11260853160304012,10.346743325776623,0.0565848877013615
4321436,RS,0.2918535127055306,0.4593777777777778,5352,0.08965471482798573,9.914831693919323,0.041185383664980466
4321451,RS,0.3052063663339627,0.4896129916693029,18535,0.10002556399155683,10.687091541351878,0.04897381562931544
4321469,RS,0.3636850562399571,0.4757621189405297,1867,0.14832335634144192,10.620937545454126,0.07056663430137566
4321477,RS,0.5213039748355733,0.5208121827411167,3497,0.17169898496103927,9.982709729367832,0.08942292313199304
4321493,RS,0.3648175912043978,0.4527764594209777,2001,0.12525268527934286,10.142451531090119,0.05671146737375087
4321501,RS,0.2978691700193712,0.4240444617784711,20133,0.04733585543907931,10.297734867179948,0.0200725073424879
4321600,RS,0.3371594403777017,0.4967883853937527,23087,0.013530582037901093,9.916735695481972,0.006721836004046596
4321626,RS,0.4059531348955035,0.5167155425219941,1579,0.11534492787393695,10.156501168179146,0.059600516983541615
4321634,RS,0.3334995014955134,0.4206896551724138,2006,0.11092011822969404,10.273769829564142,0.04666294628973335
4321667,RS,0.2205930270446399,0.4348083468995116,6138,0.20994872732014944,10.049673993910414,0.0912874590597305
4321709,RS,0.2554172767203514,0.3669120224325272,13660,0.09821919803540628,10.434546791645051,0.03603780459287182
4321808,RS,0.3185840707964602,0.4147352065259614,14125,0.20903705728641786,10.723737283690408,0.08669502712526174
4321832,RS,0.3944723618090452,0.5339521250610649,1990,0.13845576324474265,9.835464066875117,0.07392874901148203
4321857,RS,0.5558573853989813,0.5363357215967247,2945,0.17764604658635696,10.375920644931002,0.09527792058469914
4321907,RS,0.4077801570306923,0.5103040880714238,14010,0.19526247594221213,10.449644952892642,0.09964323972025889
4321956,RS,0.5376052131414608,0.5478145695364238,3683,0.15502416214983752,10.342857270594633,0.08492449465585801
4322004,RS,0.3444597159499967,0.4851995671271246,15279,0.2951509426503142,12.642481087418268,0.14320710961109523
4322103,RS,0.3076508620689655,0.387515923566879,3712,0.11175854239880416,10.545686851514798,0.043308214774160796
4322152,RS,0.6524486571879937,0.6393617021276595,2532,0.2159294240777972,9.775143185258882,0.13805700411782565
4322186,RS,0.3360572012257405,0.4462114125350795,979,0.13254038289561274,10.469542858296805,0.059141031469791654
4322202,RS,0.4678914545760997,0.5360567552818274,11866,0.11199913367904604,10.893436548821471,0.060037892194365054
4322251,RS,0.162531017369727,0.3619319987289482,3224,0.12274203764059263,11.567893873239516,0.044424271011323485
4322301,RS,0.2840543439399356,0.4043167912984364,5594,0.09743331194633259,10.520777593714335,0.039393924051720805
4322327,RS,0.2945583596214511,0.419140625,2536,0.10665103500152673,10.23825273031485,0.04470178146743679
4322343,RS,0.2972972972972973,0.3731722822631914,1554,0.1855364284629445,10.337767275923111,0.06923705245247834
4322350,RS,0.1928632115548003,0.3529411764705882,1177,0.15619612039848213,10.678991488192723,0.05512804249358192
4322376,RS,0.4437194127243067,0.4899888765294772,1839,0.2951912300982716,10.276222309289881,0.1446404191972065
4322400,RS,0.3160886482828625,0.4628682195176205,59110,0.05722763399641248,9.990616598746175,0.026488853055125494
4322509,RS,0.2462526127202149,0.2817708484830856,33490,0.03425126348616809,10.44285732948046,0.00965100757411531
4322525,RS,0.4471507352941176,0.4679691049522944,2176,0.40458204375897555,9.989688981984289,0.18933189689765778
4322533,RS,0.4707154999227322,0.5065940366972477,6471,0.07902828554802839,9.851399893161188,0.04003525818903846
4322541,RS,0.268944612841003,0.3964165733482643,3629,0.14187843314634688,10.004825094716542,0.05624296229989563
4322558,RS,0.2966216216216216,0.4284750337381916,1480,0.05785718951714804,10.239059737301147,0.024790361230356956
4322608,RS,0.3296541758022723,0.507224513847967,40136,0.10451628106507922,10.809058319613168,0.053013219852432285
4322707,RS,0.392499482008426,0.4999029314696175,14479,0.1694291566925953,10.10634098830182,0.08469813210705356
4322806,RS,0.1473157672255882,0.2012914872934314,14194,0.14035776893803048,11.00046371013402,0.028252824062723943
4322855,RS,0.1153846153846153,0.2933025404157043,1716,0.12317935526656022,10.512023248397247,0.03612881782645068
4322905,RS,0.3562257390265751,0.4070195301443532,3349,0.12915969035417935,10.256324050976728,0.05257051648154823
4323002,RS,0.4209531149186322,0.5269246593576805,111592,0.18237737087115682,9.598888230002302,0.09609913402083367
4323101,RS,0.4727832933926737,0.5038363171355499,2921,0.1266508957839922,9.901346167624217,0.06381132089372496
4323200,RS,0.3000514668039115,0.4126258005489479,1943,0.1357542803430851,11.006937752307815,0.05601571860451179
4323309,RS,0.1721404303510758,0.2459470146302886,2649,0.08282876973462111,10.866313388577138,0.020371488641729663
4323358,RS,0.2608440797186401,0.4101355332940483,1706,0.19709821648982428,10.871933718941628,0.08083698213135987
4323408,RS,0.2941176470588235,0.3861857774753317,2788,0.11877003055938412,10.788648618868645,0.04586729659234467
4323457,RS,0.4993919740575598,0.5122044241037376,2467,0.19454898122704087,10.246741053717184,0.09964884888936532
4323507,RS,0.5445,0.621057738961669,2000,0.13320156293677382,10.319143984389337,0.08272586150367321
4323606,RS,0.1716666666666666,0.3075571177504393,1200,0.14758071406110396,10.450167452757022,0.04538949905218487
4323705,RS,0.4763440860215053,0.5605381165919282,1860,0.17937009763727788,10.058661342707808,0.10054377670251001
4323754,RS,0.5121107266435986,0.5597362296353763,2601,0.18461039437270815,10.34557320686755,0.10333312609767954
4323770,RS,0.2559960841899167,0.571625344352617,2043,0.11026009002949638,10.93042898513306,0.06302746193146143
4323804,RS,0.2569497577148686,0.3649684097324909,7842,0.16491526496817666,10.349238848619333,0.0601888619960478
5000203,MS,0.369423929098966,0.5446107784431138,6770,0.025231758702632768,11.378231963262616,0.013741487748529643
5000252,MS,0.470039946737683,0.4235193864507882,2253,0.04348991766193338,10.367416150677421,0.01841882324497732
5000609,MS,0.425825130283729,0.5002335084646818,17270,0.018560523142421438,10.178868610679006,0.009284595610473397
5000708,MS,0.4119223040857334,0.5331531245031007,11944,0.024677338399377333,9.804511596392055,0.01315680007204837
5000807,MS,0.4747111681643132,0.4850404018344617,3895,0.027746903118384108,10.278098642865004,0.013458369038202906
5000856,MS,0.4597190112039836,0.5072669266217653,5623,0.024491975723707267,11.261188429243568,0.012423969252259871
5000906,MS,0.4413970430683522,0.4172775906479096,4667,0.03555295123270048,10.464612556607994,0.014835449830803885
5001003,MS,0.299343544857768,0.3647039634643614,11425,0.030097840845420113,10.794060117610407,0.010976801848044261
5001102,MS,0.4400126765664614,0.4982557125414268,22088,0.02004890213996482,9.87235433852993,0.009989480021421509
5001243,MS,0.4665968586387434,0.5419432709716355,4775,0.03938885573916196,10.819514101728094,0.021346525319111312
5001508,MS,0.4441450269475747,0.5221818181818182,4082,0.18886944312723383,11.014520553369998,0.09862418921116647
5001904,MS,0.3699571581578008,0.4794604537093807,11204,0.0284087079041238,10.450145819915852,0.013620851981008465
5002001,MS,0.4430953243928959,0.5346344584866422,5518,0.03003702612367425,10.450936363733609,0.016058829196179705
5002100,MS,0.4152334152334152,0.4502944537224224,10582,0.026156658513362362,10.021892413932747,0.011778198256478453
5002159,MS,0.447131341868184,0.535091640590076,4218,0.03123600919046258,10.206241917757513,0.01671412740321131
5002209,MS,0.388434025683013,0.4471314638538718,11603,0.09524936939272087,10.450643508551014,0.042588989967725456
5002308,MS,0.3475438596491228,0.4401875202069188,5700,0.017853851523153604,10.784723065680964,0.007859042628119506
5002407,MS,0.3508734705424712,0.4788390048613097,14139,0.02556882611110104,10.755307810582563,0.012243351250511493
5002605,MS,0.3974341661039838,0.508574169564696,7405,0.19447484038016363,10.364386976981955,0.09890488044756854
5002704,MS,0.2873312492470022,0.3825512723212338,473109,0.053907280105430375,10.402498174183192,0.020622298591709526
5002803,MS,0.4022289766970618,0.4467892674103105,2961,0.042397293013825714,9.88756546686408,0.018942655485827464
5002902,MS,0.2870722433460076,0.2981603609857688,9994,0.024018954345119383,10.16864164026626,0.007161500098041495
5002951,MS,0.2474970303750212,0.3563576223368032,11786,0.025920292346094425,11.189670996677949,0.009236893750729048
5003108,MS,0.429049811636668,0.4818363273453094,2389,0.049389733739787535,9.820826102398089,0.02379776791374194
5003157,MS,0.4868516635188145,0.4966240482689268,6883,0.016901003914159753,9.543171389419115,0.008393444983658994
5003207,MS,0.4247241086587436,0.563522500101995,47120,0.018320152094645735,10.224801163858343,0.010323817910623565
5003256,MS,0.3635661906599768,0.4052716881344366,12955,0.03597838835816636,11.395688057656448,0.01458102218627044
5003306,MS,0.3965174129353234,0.557217432107455,16080,0.02221900198973866,10.196864086059755,0.01238081523271261
5003454,MS,0.408436061191148,0.4753135842006938,6733,0.03628107079636561,10.040515699731882,0.01724488579885966
5003488,MS,0.6213845866766188,0.6345945945945946,5359,0.03720495269189438,9.815741450193906,0.023610061870423783
5003504,MS,0.4177529484792054,0.4681311881188119,3222,0.04306366616678876,10.077632053882088,0.0201594452074107
5003702,MS,0.3181632435505649,0.3813218518354121,112568,0.018463177860741007,10.556532922275577,0.007040413172624343
5003751,MS,0.3267273701124799,0.3434171940114215,5601,0.028668433591306372,10.311025547975824,0.009845233020629214
5003801,MS,0.3861411866608921,0.4841345391083611,11545,0.02898195123223777,10.163527507919332,0.01403116360228043
5003900,MS,0.4267515923566879,0.4014598540145985,1570,0.05347064326403503,10.361126535231799,0.021466316638846177
5004007,MS,0.4157474324838341,0.4532036811946519,5258,0.02890221419025069,9.834333647859888,0.013098589865697917
5004106,MS,0.3962732919254658,0.5049450549450549,4830,0.0235116893410635,10.160276202098904,0.01187211126617437
5004304,MS,0.3558319429698164,0.387626092804304,6593,0.027652796589637138,10.136516363802539,0.010718945497153225
5004403,MS,0.3288900979325354,0.3874045801526717,3676,0.026225137207691745,10.70019986752933,0.01015973826939203
5004502,MS,0.3177187270244722,0.4928006102793935,9521,0.0338347042434398,10.445424268726612,0.016673762899789918
5004601,MS,0.508460634547591,0.526767514215213,8510,0.03261721918561214,10.485381099788706,0.017181691471017658
5004700,MS,0.3531333531333531,0.4917792131532589,13468,0.02522572939432221,10.8958394041087,0.01240548935275681
5004809,MS,0.6836761955650548,0.6078278900984966,3743,0.04652792990532643,9.583285971287696,0.028280973465005303
5004908,MS,0.4196591600730371,0.5095808383233533,3286,0.3407435254249692,11.10997127053329,0.17363637133931067
5005004,MS,0.3361252115059222,0.484574216905399,11820,0.023214420538969514,10.056945355020904,0.011249109653583762
5005103,MS,0.4762658227848101,0.5331230283911672,2528,0.03388812612536009,11.233259434520267,0.018066540426453802
5005152,MS,0.5362485615650172,0.6219854178351094,3476,0.043162791582340564,10.665867607918115,0.02684662695727184
5005202,MS,0.4238500851788756,0.5658612626656274,8805,0.027162952474370654,9.555054043365521,0.015370462584873807
5005251,MS,0.386632094497263,0.4575035063113604,3471,0.03648735440050948,11.316152945874661,0.01669309257425833
5005400,MS,0.3236451710566152,0.4596129159672164,19818,0.024448737135598413,11.060643523067734,0.011236955366608356
5005608,MS,0.5585027073687515,0.5378164311228452,12743,0.020699898570183874,9.799046044414913,0.011132745573621176
5005681,MS,0.3450047174756264,0.4101868887382589,9539,0.03610805332055179,10.254502336168471,0.014811050049952297
5005707,MS,0.3081708137188971,0.4371621355009272,23792,0.025784538473415938,10.43542199459554,0.011272023901944329
5005806,MS,0.4808774714966085,0.5450243374797188,6929,0.021626482899942727,9.897198738752358,0.011786959514557752
5006002,MS,0.4337031167459059,0.5546303818034118,9465,0.033158684085205205,11.157368608012867,0.01839081361427608
5006200,MS,0.3720596800931941,0.481082704186685,22319,0.020130157484376902,10.575312452917355,0.009684270598287876
5006259,MS,0.4884990253411306,0.5285275025623505,2565,0.06630812487794595,10.662998528753981,0.03504566764133323
5006275,MS,0.2467362924281984,0.4393442622950819,2298,0.04550806029890713,11.797969321617318,0.019993705180503456
5006309,MS,0.365927469365481,0.4431172549545922,20157,0.017756591014683045,10.353379860093698,0.007868251867777728
5006358,MS,0.5320263975155279,0.5522137119372315,5152,0.03246327269748,9.392311877000433,0.017926664317906012
5006408,MS,0.4724183006535947,0.4875087555451786,3825,0.027764643743893994,10.301195895728176,0.01353550691974099
5006606,MS,0.3203999815676697,0.3699586349534643,43402,0.01802736155990668,10.422924463123875,0.00666937807451563
5006903,MS,0.4178052946199829,0.4085309799595514,4684,0.03134769762071782,9.9111493078218,0.012806505628467548
5007109,MS,0.4053321283325802,0.5035211267605634,8852,0.019462809390823142,10.488580759052256,0.009799935714393342
5007208,MS,0.3997163925127623,0.477250998256566,17630,0.02380978463361597,11.03927337443771,0.011363243484667065
5007307,MS,0.4168627450980392,0.4901106268856856,2550,0.04208343941251447,9.891788339056001,0.020625540871973234
5007406,MS,0.3824137555773207,0.5068520757758969,9189,0.025474544308033534,10.07662803084469,0.012911825661971856
5007505,MS,0.3405984484669375,0.3059569968276348,2707,0.03662598360276086,10.391330372670788,0.011205975948958908
5007554,MS,0.4169844020797227,0.4256285973947288,2885,0.03674643585958512,10.664123247523019,0.01564033395417058
5007695,MS,0.2696522501461134,0.3709527498063517,13688,0.028496105993322595,11.071983126929107,0.010570708876996276
5007703,MS,0.3543161779782653,0.4361387966039128,4877,0.046794133890487775,10.046437318049081,0.02040873724311971
5007802,MS,0.5591062613665887,0.5258467023172906,3849,0.03476595429270717,12.79962037608392,0.01828156241773372
5007901,MS,0.4328400149868864,0.5391517506128302,21352,0.014838557539537342,10.561644107586025,0.008000234274010767
5007935,MS,0.4104641581982972,0.4929121101660591,7282,0.02930618017783014,10.543760795519388,0.014445371112360989
5007950,MS,0.671821696611326,0.6615840745446845,4397,0.026684639592348163,9.877206648561797,0.017654132589262107
5007976,MS,0.5500450856627592,0.612847965738758,2218,0.03890041427250531,10.361629312571417,0.02384003975329983
5008008,MS,0.4413700769831529,0.5092723131981347,8963,0.022407004774093693,10.103075848072205,0.011411267153144344
5008305,MS,0.3264048082294696,0.4456707247695983,51911,0.024777034717807834,11.478704132109105,0.011042399020326917
5008404,MS,0.5315068493150685,0.5175143953934741,4015,0.0071511863986642235,10.680419590207041,0.003700841905450751
5100102,MT,0.565987004257226,0.7052707930367504,4463,0.023671645190999763,9.577392700052208,0.016694919976340983
5100201,MT,0.2054408152124465,0.2567711872633725,10991,0.02686129238870497,10.678900733253364,0.006897205938076367
5100250,MT,0.2983685661764705,0.4341088208548045,26112,0.04433915496914619,10.243272820901083,0.0192480182813545
5100300,MT,0.3495057232049948,0.3837001784651992,7688,0.17211268497247167,10.801055200380494,0.066039667940062
5100359,MT,0.247941048981361,0.1568345323741007,2307,0.04361290344422735,9.712775283012347,0.006840009317152202
5100409,MT,0.3521270099735396,0.4296427866587724,4913,0.026504455055953415,10.858032779453838,0.011387447929112015
5100508,MT,0.5845855550169656,0.5842429995253916,4126,0.03225553561004912,9.298864811456744,0.018845070876113177
5100607,MT,0.2760608856088561,0.3267326732673267,4336,0.014887398440520975,11.346226617864934,0.004864199490467249
5100805,MT,0.3974396275821937,0.5153889199776162,3437,0.041670769990920765,9.649309451315748,0.021476653140256312
5101001,MT,0.4600964113551151,0.5569383945239577,1867,0.13713042904960435,10.001577391693859,0.07637320099526813
5101209,MT,0.4736,0.5980066445182725,625,0.17392881439636218,9.907506661738307,0.10401058668220994
5101258,MT,0.2704183266932271,0.3525093272355277,8032,0.019810795841444337,10.213963579671674,0.006983490314067933
5101308,MT,0.3744847890088322,0.4188541866257904,5095,0.060773504086971526,9.762990575831639,0.025455236622747606
5101407,MT,0.3111200321156162,0.3913368185212845,7473,0.02582456843438845,10.525148648343366,0.010106104450798766
5101605,MT,0.6812386156648452,0.7661188369152971,3843,0.18350880723309648,9.276556219703195,0.14058955396113335
5101704,MT,0.4868966396735318,0.5606089318425873,15683,0.018050596010748415,10.548725236226234,0.010119325348707736
5101803,MT,0.3620653466731967,0.5008260480484615,28586,0.02325126926829299,10.380561911570195,0.011644841299749822
5101852,MT,0.4644866385372714,0.4945694336695112,2844,0.029578330581536617,10.75643103524084,0.01462853820460015
5101902,MT,0.3174879485806106,0.4009278659084107,7468,0.021431744719911227,10.822241996769234,0.008592583673247858
5102504,MT,0.4560938055193652,0.5556552326542176,42215,0.04909127822417291,9.908708131771244,0.027277825622945725
5102603,MT,0.5966172012127015,0.4544532702382964,6267,0.018362043547005446,9.809735539082162,0.008344690738194632
5102637,MT,0.3020183242597264,0.3499423298731257,15062,0.018940895538629803,11.535831431098515,0.006628221114671605
5102678,MT,0.2731681034482758,0.4340950936856926,20416,0.01508620688929667,10.988269245706533,0.006548848392970979
5102686,MT,0.2638241172551632,0.3958646616541353,3002,0.09230691688827777,12.238827613652193,0.03654104642231447
5102694,MT,0.340016708437761,0.2755144897102058,2394,0.030999905860328678,10.252690838703938,0.008540923244172874
5102702,MT,0.2347504621072088,0.260855006139078,9738,0.025210688417172278,10.99550642883184,0.006576334281831858
5102793,MT,0.4667328699106256,0.4665629860031104,5035,0.04122089335557504,9.677994417026754,0.019232143089692864
5102850,MT,0.3911477097272259,0.4308681672025723,3886,0.030332913076970523,9.6568970184929,0.013069486663389227
5103007,MT,0.4835217019659987,0.6115817801255856,10529,0.06400345507580886,10.543302669117494,0.03914334698945113
5103056,MT,0.2610364683301343,0.3246212121212121,5210,0.025630739112133465,10.474141713966592,0.008320281598143325
5103106,MT,0.4682887913841244,0.5505359877488515,2507,0.14092758069262648,10.188821060094755,0.07758570483767109
5103205,MT,0.1735688956433637,0.2231187840120097,15792,0.016625758816701596,10.25066685696062,0.0037095190904594096
5103254,MT,0.3160462594868088,0.5309220227253014,11068,0.03105601038022567,9.590045550975518,0.01648831984884737
5103304,MT,0.3243581004317201,0.3436904094223219,8802,0.0228478601870311,10.436337175359652,0.007852590422104686
5103353,MT,0.3377317250870233,0.3390280605470478,12353,0.02882883300038852,10.234792977568807,0.00977378333995645
5103361,MT,0.2927489177489177,0.3727219282774838,1848,0.06069506149809603,10.07938065479329,0.022622380358490818
5103379,MT,0.3874633431085044,0.4616202800921822,5456,0.025780536957401425,9.322087430551454,0.0119008186912025
5103403,MT,0.3306054413156578,0.4774669097249742,331758,0.022359495544651175,10.586430837215854,0.010675919240713925
5103437,MT,0.3594890510948905,0.4196744515215853,2740,0.045184475318935415,9.915253576771192,0.018962769896764826
5103452,MT,0.4335535006605019,0.5109309751903709,3785,0.02667686625722939,10.96467283317694,0.013630037291829312
5103502,MT,0.3455158841720551,0.4275828928399808,10671,0.04900101409913487,11.55965343261863,0.020951995360600772
5103601,MT,0.3909561940650023,0.4602596219539968,4246,0.03133004065783553,10.713563641435568,0.014419952668978732
5103700,MT,0.3677387185240588,0.4836218375499334,4011,0.02904154212063861,10.354846278738437,0.014045123965667034
5103809,MT,0.2181008902077151,0.2484304932735426,2022,0.048415135670382546,9.769204635615335,0.012027796036498624
5103858,MT,0.3348637894092439,0.1518939393939394,3267,0.03530744485279636,10.701506642782254,0.0053629868886255075
5103908,MT,0.6332695984703632,0.5463875205254516,2615,0.04954626304283443,10.599551016063096,0.02707145981527612
5103957,MT,0.3499719573752103,0.4500537056928034,1783,0.03369956874264646,10.037033312873527,0.015166615792877406
5104104,MT,0.2087943062504404,0.3873018192445386,14191,0.018642751914089487,10.069715332279166,0.007220371732051463
5104203,MT,0.4278994029310656,0.4113393590797042,5527,0.027900033595874285,10.132625737258046,0.011476381937629144
5104500,MT,0.3799849510910459,0.5409594095940959,1329,0.3091654284281587,9.954389944843342,0.16724594762940245
5104526,MT,0.223267154301637,0.3442559753276792,2871,0.02966708856404543,11.646743327714454,0.010213072508748098
5104542,MT,0.2026981450252951,0.3539630836047774,2965,0.03742103147881963,10.680772697796327,0.01324566369391444
5104559,MT,0.335645472061657,0.3590872698158527,2595,0.03906099637070172,10.770994016147592,0.014026306543042212
5104609,MT,0.3534391534391534,0.4908513816280807,5670,0.02568305651183909,11.396893440411278,0.012606563773268293
5104807,MT,0.3103303471444569,0.3864327162199503,14288,0.07676405556022459,10.444202600092343,0.029664142498196766
5104906,MT,0.6048300918999786,0.6185286103542235,4679,0.15389593361519477,10.102826215691197,0.09518903795817224
5105002,MT,0.2670646766169154,0.3599055747230797,5025,0.02400821184104532,10.312871981683465,0.008640689280724864
5105101,MT,0.2483454557368455,0.2830691185795815,15261,0.024819527280365208,10.092432965387118,0.007025641710814857
5105150,MT,0.3077879236984271,0.4190859442368497,20917,0.020023206327656203,10.134869898864,0.008391444330475064
5105176,MT,0.3418341061308604,0.3949704142011834,3882,0.03090852940579329,9.396860433000597,0.012207954661755631
5105200,MT,0.3881786485140295,0.494190673245265,6023,0.02626189068545372,10.302947972303008,0.012978381438537929
5105234,MT,0.4690418540297475,0.4275909402882635,2891,0.03271368550148007,10.352539602896194,0.013988075543872398
5105259,MT,0.2444224422442244,0.4083292540573107,30300,0.5531190910621171,11.145682504062295,0.225854705858252
5105309,MT,0.4406906906906906,0.3356697819314642,1332,0.19030849972896827,9.601055336643936,0.06388081260372688
5105507,MT,0.4334360554699538,0.4460166102737619,6490,0.027032418494725683,9.895169249646013,0.012056907664519298
5105580,MT,0.2748872702046479,0.3892664227217285,5766,0.02681403279860597,10.285451238616183,0.010437802626256446
5105606,MT,0.2957944522561677,0.4491570778699492,7823,0.03284593196105246,10.739638841312342,0.014752982819541493
5105622,MT,0.3133745016806066,0.4609991235758107,12793,0.08214774915756326,10.207119338686615,0.037870040365362206
5105903,MT,0.3358519078201737,0.4889308176100629,7941,0.1702602570287331,10.61745890588955,0.08324548667555794
5106000,MT,0.4613511868533171,0.5012510425354462,3286,0.25975219445007913,9.913444422991493,0.1302010582689721
5106109,MT,0.6605069297040829,0.7211562422128084,8009,0.137444432090811,10.003698409393271,0.0991189101596828
5106158,MT,0.2423232145990524,0.3614672364672364,5699,0.03203567681082415,9.603500331961946,0.011579847565166133
5106174,MT,0.5125253893026405,0.3845507976490344,1477,0.017416894101802312,9.873890502551196,0.006697680519416841
5106182,MT,0.393377001455604,0.5411601250434178,2748,0.032115615375000656,10.23031445534986,0.017379690432181665
5106190,MT,0.3128286014721346,0.4523107177974435,1902,0.36715817029915404,10.759713116775766,0.16606957555320637
5106208,MT,0.5391822827938672,0.4411169566976932,2348,0.1183154648642958,9.756894797549316,0.05219095779121101
5106216,MT,0.2777695607158704,0.2877124379605956,6761,0.020905951180433608,10.328081918692622,0.006014902182007745
5106224,MT,0.2310670823695061,0.3304963694798238,19886,0.2352867189313063,11.192597754042735,0.07776140639361645
5106232,MT,0.4944942381562099,0.5397540484597589,7810,0.03625641264300668,10.492978198932201,0.019569545506690444
5106240,MT,0.3097042287949156,0.4928848641655886,4091,0.034392996271309,11.435528618263815,0.01695178729543173
5106257,MT,0.3154095616696307,0.3868862647607209,9559,0.024179797048585628,10.326521503438999,0.009354831362799597
5106265,MT,0.3409225310467179,0.4638590203106332,3382,0.047646342096304084,10.011733223595787,0.022101185566176892
5106273,MT,0.3447161975080757,0.3317972350230415,2167,0.04955605201382647,9.60919227662087,0.01644256103684565
5106281,MT,0.3302280758111147,0.3422137646685696,3113,0.02075863502803471,10.970447517408557,0.007103890642324597
5106299,MT,0.3186643835616438,0.4214655018719914,5840,0.027165130968185156,10.946253886538344,0.011449165556924532
5106307,MT,0.297320021019443,0.2971624916869874,9515,0.025753017342435614,10.306373593754618,0.007652830801936365
5106315,MT,0.4910891089108911,0.3969957081545064,1010,0.07168421597757683,9.596875820514288,0.0284583260855187
5106372,MT,0.419764596200909,0.5377142857142857,8581,0.03249647955670715,10.78688289536765,0.01747382129306367
5106422,MT,0.4706367041198502,0.5516109329668651,13350,0.024883456881409163,9.659926099584904,0.013725986865794869
5106455,MT,0.5089374379344588,0.5107772697583279,2014,0.04625994123552963,10.142748647145122,0.023628526483464515
5106505,MT,0.6315981735159817,0.7014377669494074,16425,0.08856191834350809,9.708752844596212,0.06212067423962608
5106653,MT,0.3894979803808425,0.5237341772151899,3466,0.03236408655588397,9.483625444882431,0.01695017824366708
5106703,MT,0.628500823723229,0.5064822817631807,1214,0.07681724867837242,9.65569820401509,0.03890657538939174
5106752,MT,0.2275515093435553,0.3068705996601116,20870,0.1299357012462523,10.299868733382162,0.039873446558694556
5106778,MT,0.3967162192145551,0.3491626519844001,4507,0.023707177334626413,9.839530919788489,0.00827766090922262
5106802,MT,0.3060993975903614,0.3688760806916426,2656,0.03947317463394513,11.17749781059917,0.014560709951426446
5106828,MT,0.4600277722674072,0.5203130823704808,5041,0.04152251597208975,9.835451790651463,0.02160470827321554
5106851,MT,0.6759517177344475,0.7197115384615385,2154,0.035944519539757344,9.773024048656389,0.02586968545721959
5107008,MT,0.5114942528735632,0.5630780175480199,8004,0.025989057322331477,10.36166447224094,0.014633866875000259
5107040,MT,0.2153913918952932,0.3399820553523363,31784,0.1371087570951643,11.082896145788997,0.04661451704401817
5107065,MT,0.2467483268089405,0.2733924957185116,7919,0.019484533488952262,11.483122869054329,0.005326925238455577
5107107,MT,0.3017828200972447,0.4624949454104327,9255,0.013095144659873348,9.905865174008422,0.006056438214609843
5107156,MT,0.4148089171974522,0.4744051910598413,1256,0.04175890196493063,9.55231014855659,0.019810639865122097
5107180,MT,0.3456937799043062,0.2754167644987086,4180,0.029368453511160342,10.468014243221818,0.00808856444437452
5107198,MT,0.4876219054763691,0.5170583775587566,1333,0.11395667629392701,10.406873510186424,0.05892225415652632
5107206,MT,0.3980903415350716,0.4365162644281217,2723,0.036860899104925134,9.759584950204234,0.016090381980743813
5107248,MT,0.2330215534770232,0.3990125673249551,2459,0.04618671727148956,11.414016082854163,0.018429080634808897
5107263,MT,0.4568906992532247,0.4844884488448845,1473,0.0598076510615364,10.094961401757146,0.02897611609185988
5107297,MT,0.4513137557959814,0.576,1941,0.03164283100683878,9.312455138443482,0.018226270659939137
5107305,MT,0.2515262515262515,0.376294901116642,7371,0.020440679939022113,10.56681280053181,0.007691723636411254
5107354,MT,0.4875195007800312,0.3378027681660899,2564,0.026689124740758626,10.872696761333652,0.00901566021735834
5107404,MT,0.475873544093178,0.5658169661512745,2404,0.05309300923272361,9.362802482281017,0.03004092540790128
5107578,MT,0.5478723404255319,0.5348837209302325,1504,0.07113648089359631,9.73003727066449,0.03804974559424919
5107602,MT,0.3133604288372696,0.4782232638598253,108013,0.12919849960217195,10.760316507553048,0.06178572816554301
5107701,MT,0.5222274769449042,0.621563981042654,8458,0.10767991016813318,9.814208922949947,0.06692995364242021
5107743,MT,0.2979166666666666,0.3209109730848861,960,0.09239538043411138,10.68731588791259,0.02965069144365893
5107750,MT,0.3342816500711237,0.3582302568981922,2109,0.03985571634491726,9.734925997404362,0.014277523505101189
5107768,MT,0.3092105263157895,0.3722871452420701,1216,0.06589864295790361,12.084761433714178,0.024533217662124383
5107776,MT,0.6086365181910914,0.5136110200065596,2941,0.028047567675534506,9.864059596559457,0.014405539842534286
5107792,MT,0.3362892223738062,0.3587115666178623,1466,0.05122331665129758,11.2778833144698,0.01837439616334979
5107800,MT,0.5247446975648076,0.6735274589775206,11457,0.10157410101065832,10.313126578339308,0.06841294615163471
5107859,MT,0.384577723378213,0.3740968691463741,4085,0.021255086087212535,10.960835313232595,0.007951461158662864
5107875,MT,0.2866442671146577,0.4026086956521739,9524,0.02102944186023613,11.667186414806887,0.008466636157642893
5107883,MT,0.3653179190751445,0.3329081632653061,865,0.11894599326946893,10.096947016325656,0.03959809214710636
5107909,MT,0.2261976776782684,0.3782591584401955,67777,0.16414936875921962,10.717984804422322,0.062091002085351725
5107925,MT,0.2451773644481721,0.3997951613796158,40538,0.08160026196626956,11.118822933326868,0.03262338990142366
5107941,MT,0.2453556864521975,0.3446567586694975,4414,0.0322151991822731,10.684135187192163,0.011103186130054494
5107958,MT,0.2285144566301096,0.2773092096313427,45135,0.08435982120428828,10.368273765255816,0.02339375534280257
5108006,MT,0.2172394780371255,0.3874771294978654,5441,0.03586215078608136,11.111882408863174,0.013895763244210423
5108055,MT,0.3943905817174515,0.5510339123242349,5776,0.02308691294958131,10.185206076257854,0.012721671966096831
5108105,MT,0.505730659025788,0.5482974287699791,1396,0.03157997345419633,10.365419203258202,0.017315218245560045
5108204,MT,0.4597028365601081,0.5390657296403473,2221,0.11154209981119007,10.15009015928013,0.06012852342033562
5108303,MT,0.3927315357561547,0.4038929440389294,1706,0.055147208081737044,10.684567452317248,0.022273568227660214
5108352,MT,0.2453142227122381,0.3452914798206278,1814,0.30854620897205587,9.861722685048953,0.10653837708900583
5108402,MT,0.3804895378166187,0.585233187209524,140745,0.04587441089208234,10.273748027492505,0.026847227697732654
5108501,MT,0.2911571025399811,0.464196973119494,4252,0.02971340394478527,10.751386414270755,0.013792872172246154
5108600,MT,0.3189060343746079,0.3127298611934986,7971,0.02073024992423411,9.897698438384998,0.006482968181312268
5108808,MT,0.3990053557765876,0.4649056603773585,2614,0.0352648623097562,9.80707912899164,0.016394834100233825
5108857,MT,0.3457606734816597,0.4113475177304964,1663,0.06044982401372273,10.956551569388685,0.024865885055290197
5108907,MT,0.2897047086991221,0.4764565043894653,2506,0.03651616207116916,10.986621146008055,0.017398362934148433
5108956,MT,0.301453104359313,0.4630242825607064,3785,0.022818262329201776,10.028932526616845,0.010565409544260645
5200050,GO,0.3103170770964107,0.3847514246413834,6213,0.029697422161806455,10.030909794454693,0.011426125484931625
5200100,GO,0.254974946313529,0.2892039870840938,6985,0.1842894539942922,9.710565499462856,0.053297244872699975
5200134,GO,0.4136930664345808,0.4868421052631579,10341,0.21005446124988955,10.330819837161984,0.10226335613481466
5200159,GO,0.236653824986241,0.4135490394337714,1817,0.40211622099979066,9.575154529956047,0.16629477693520156
5200175,GO,0.3543034911856205,0.3673677069199457,2893,0.10798540431675525,10.721047532431381,0.03967035036466958
5200209,GO,0.4030576789437109,0.5286343612334802,1439,0.17205017688346885,10.073334003814317,0.09095163535689983
5200258,GO,0.422275859975104,0.5916616655487698,65874,0.2200495411177054,9.118792363096626,0.13019487800094406
5200308,GO,0.2903955626915778,0.3432654302219519,13702,0.102694318391279,10.294522850340988,0.035251409383932494
5200506,GO,0.3871461361897475,0.5261044176706827,1307,0.24709528457194954,9.965326047842435,0.12999792079889716
5200555,GO,0.363302752293578,0.461636502676523,3815,0.5687399744651923,11.95801635547777,0.26255113274444636
5200605,GO,0.6206626663188103,0.497444089456869,3833,0.10200190354836806,10.084540332646585,0.05074024403348533
5200803,GO,0.5020486864304652,0.4769720725134738,4149,0.0931809108198863,9.642691016051714,0.04444469215245434
5200829,GO,0.5969261279127417,0.5740643120716922,2017,0.07532968166523671,9.710200856868617,0.04324408188373367
5200852,GO,0.446321213856284,0.4014975471210947,3493,0.3420182090682772,9.36906558644435,0.13731947201166303
5200902,GO,0.4560311284046692,0.4753521126760563,2570,0.20155827118549985,9.885540972518678,0.09581115003536084
5201108,GO,0.2029441880328687,0.3123570668201474,194349,0.06123586504396732,10.521501658663613,0.01912745518932803
5201207,GO,0.5111111111111111,0.5375335120643432,765,0.1260806036351744,9.673615168817875,0.06777254967520768
5201306,GO,0.3333333333333333,0.4468014030399198,10359,0.24088572245218623,9.811581573242078,0.10762807876392151
5201405,GO,0.3298851687434022,0.4575440807905738,216927,0.20409345292314635,10.054252872635832,0.09338175131309524
5201454,GO,0.4897720631209818,0.5626725565985643,1711,0.2901054291898931,10.347229786749063,0.16323436352540094
5201504,GO,0.4479371316306483,0.4325557809330629,2036,0.21284235147354091,11.150492925718618,0.09206618955726695
5201603,GO,0.4019676739283204,0.4571517606731068,2846,0.24508427736440622,9.662220791565836,0.11204070891043436
5201702,GO,0.4185690750764886,0.5205922218746741,8498,0.2964500866907596,9.360907304310942,0.1543296093052823
5201801,GO,0.3661488439306358,0.4730460734937511,5536,0.054774570622215066,9.30655779315545,0.02591089556014501
5202155,GO,0.5096582466567607,0.5330188679245284,4038,0.05292488111077296,9.67054563793404,0.02820996021470446
5202353,GO,0.5287934186471663,0.5872412336290663,2188,0.19249465641899993,10.887885180296372,0.11304079950249679
5202502,GO,0.4543507362784471,0.4926082365364308,3735,0.2347051397345809,9.82517531352542,0.11561768499068847
5202601,GO,0.537117903930131,0.5734463276836158,2290,0.18685823189440243,9.786032274091129,0.10715316687729856
5202809,GO,0.3362226277372263,0.3822784810126582,2192,0.42399147727772907,9.854492212680428,0.16208281789604326
5203104,GO,0.6520968694624926,0.584056399132321,1693,0.531960243203839,9.662329137903749,0.31069478412718793
5203203,GO,0.4334059306416485,0.4816885119506554,5969,0.06544924382303333,11.413543097343066,0.031526148865412544
5203302,GO,0.3303020245602389,0.3871508379888268,15065,0.08990745283243645,10.445044331320823,0.03480774570551869
5203401,GO,0.5619191700886104,0.6024716786817713,4627,0.29956271421073266,9.940521603452448,0.18047805130100783
5203500,GO,0.411842569714084,0.465545160129543,11332,0.10925874446993718,10.303733759630346,0.050864879689809725
5203559,GO,0.3955188679245283,0.389226955149876,4240,0.3317461990330506,9.190251658229979,0.129124562932179
5203575,GO,0.6136250621581303,0.7269187986651835,2011,0.1705146178347816,10.027266376261956,0.12395028115131232
5203609,GO,0.3552447552447552,0.4923150816522574,2145,0.12153281530369607,10.29124185871322,0.05983243788966785
5203807,GO,0.4055131185652607,0.4694189602446483,3011,0.22285702210645597,9.931607800436666,0.10461331160043116
5203906,GO,0.3596077691872525,0.423780487804878,5303,0.04136046557023793,10.368469583717197,0.01752775827519229
5203939,GO,0.291562656015976,0.4784972812654474,2003,0.25912970369216587,9.682964515094088,0.12399285871182233
5203962,GO,0.5597695631301008,0.4291688447464715,2083,0.07696703053890834,10.037902488700482,0.033031851579949686
5204003,GO,0.5463496637848223,0.4736602052451539,4164,0.17724551981042988,10.241187150013845,0.0839541492921922
5204102,GO,0.4659307194518462,0.5311663479923519,5254,0.1352301311976065,9.875147979083984,0.07182969492675925
5204201,GO,0.4448246364414029,0.4637817497648165,1169,0.08440364716448508,9.935376303496957,0.039144871168477084
5204250,GO,0.5442769165427904,0.5544041450777202,4709,0.09082240262894305,11.63465145613715,0.05035231648340366
5204300,GO,0.345077425770706,0.3610199821055771,7039,0.13392840500463965,10.859752406407736,0.048350830378203494
5204409,GO,0.4341985428051002,0.4789915966386555,8784,0.04651694553950803,10.515492480900946,0.022281226014722336
5204508,GO,0.278531889290012,0.3926775451559934,41550,0.13994607218739805,10.290821068956015,0.05495368008077091
5204557,GO,0.3570750237416904,0.4474445515911283,2106,0.10478621678548472,9.516172767715902,0.04688602178251197
5204607,GO,0.4267465069860279,0.478021978021978,2505,0.26807009757922623,9.620779239992448,0.12814339829336638
5204656,GO,0.5323331608898086,0.6564739608217869,1933,0.4590429196087945,9.76814580749573,0.30134972362278245
5204706,GO,0.3293575063613231,0.4762761780104712,6288,0.08920764123877635,9.878867718812607,0.04248747441853369
5204805,GO,0.4616040955631399,0.5570412517780939,3516,0.09169442338503918,10.952277478506796,0.05107757638347275
5204854,GO,0.3123294467873976,0.4205075090626618,4031,0.30080695634371096,9.565412408057384,0.12649158392081475
5204904,GO,0.6068242640499554,0.6296612885992093,8968,0.09844197341561828,9.55420132585933,0.06198509983312731
5204953,GO,0.7259634098871156,0.7119545938275984,2569,0.26349007542696845,9.858105563361239,0.1875929696282106
5205000,GO,0.3740546829552065,0.5136909227306826,5157,0.16938789940466858,10.08972335127032,0.08701302634459625
5205059,GO,0.5404710920770878,0.5863766926549036,2335,0.12808579294844305,10.359445981558695,0.0751065236451888
5205109,GO,0.4267008369038562,0.5555625313912607,49946,0.039021105248343145,11.032208288110697,0.021678664009454323
5205208,GO,0.4532803180914513,0.5435356200527705,3018,0.2838196977120978,9.515680232977422,0.15426611537913495
5205307,GO,0.8474823643882267,0.742795583086453,4111,0.21270073143001483,10.195389276729257,0.1579931638254729
5205406,GO,0.2924950298210735,0.3874078275666477,12072,0.1554360721779007,10.152459382229157,0.06021715104793316
5205455,GO,0.4046762589928057,0.5123034227567067,5004,0.08636344255207516,10.406547116238004,0.044244287220480315
5205471,GO,0.3102930127723516,0.4441489361702128,5324,0.08300578548259499,11.604850156564941,0.03686693131806746
5205497,GO,0.3758313287109098,0.5515959688853125,28268,0.14492546002373483,9.260366126058388,0.07994029953794163
5205513,GO,0.3600619794693008,0.430391946883701,10326,0.03293180360514734,9.687441581800867,0.014173583068011046
5205521,GO,0.7254202750891493,0.7348860257680873,1963,0.32693403664366527,9.528388081142586,0.24025925487738137
5205703,GO,0.229003359462486,0.3539267015706806,1786,0.20681625318178748,9.956639313489815,0.07319779431983682
5205802,GO,0.3560575769692123,0.3704586063132817,5002,0.22578926218485126,9.675928157120497,0.08364557538950415
5205901,GO,0.3881110856093642,0.5225321888412017,4357,0.13232220148595375,10.935268230349445,0.06914260957474191
5206206,GO,0.3233343447917118,0.3183372077122932,23069,0.13828929349764602,10.638625316871053,0.04402262754854641
5206305,GO,0.3144736842105263,0.389734667246629,2280,0.09933380910994678,10.150613451771507,0.03871382903980527
5206404,GO,0.5400324901369227,0.6036004645760743,8618,0.13465197136777293,10.421187193619271,0.081275992473672
5206503,GO,0.3501655629139072,0.456906285284155,2416,0.24668081005214854,9.948993417730625,0.11271001257181343
5206602,GO,0.5551224944320713,0.5943646996278575,1796,0.13895099105290437,9.980487294111512,0.08258756406015262
5206701,GO,0.4561631944444444,0.4845650140318054,2304,0.03084646698642929,9.283635689085251,0.01494711870811073
5206800,GO,0.3436681222707423,0.3530398322851153,2290,0.5897051278838735,9.536347996655797,0.2081893994457952
5206909,GO,0.5220444791260241,0.5694950546590317,2563,0.020139458903721045,12.129875209621488,0.01146932224917794
5207105,GO,0.3913324708926261,0.5328986366330765,1546,0.24704769639206867,10.028284163411518,0.1316513805906756
5207253,GO,0.4967289719626168,0.5349319806317732,4280,0.06097524672952396,10.356278466217983,0.0326176095025353
5207352,GO,0.3428466886205635,0.557648831951771,2733,0.037540109628308255,11.109986812279846,0.02093419828556753
5207402,GO,0.3821864760202562,0.4467281245277316,6714,0.056341449450930316,11.044845042198615,0.02516931004638809
5207501,GO,0.47119140625,0.5275142314990512,2048,0.22071435937408754,9.685920329614419,0.11642996566602719
5207535,GO,0.5875504870515562,0.6470997679814385,4209,0.06740035369346478,9.7429310040443,0.04361475323690795
5207600,GO,0.4219868308044661,0.5139989434759641,3493,0.1711111471561377,9.850841221203071,0.087950948855215
5207808,GO,0.2617359000337724,0.4381175682465248,5922,0.10589500993092543,9.562780483964467,0.046394464240378644
5207907,GO,0.5773342836778332,0.568176428740811,4209,0.1657830152271096,9.144426163814158,0.09419400153762261
5208004,GO,0.3867688427587545,0.4360914168019962,51545,0.11675240759993655,9.843977786502544,0.05091472284530048
5208103,GO,0.5621238938053097,0.5994465582843307,2825,0.10181618146084284,9.625103162823345,0.06103335955435512
5208152,GO,0.3946886446886447,0.4668269230769231,2184,0.3345609118131071,10.650430555683176,0.1561820410435226
5208301,GO,0.5971590909090909,0.6255115961800819,3520,0.1436575265493195,9.551357132014719,0.08985944873514733
5208400,GO,0.2408691015729138,0.3909952606635071,7502,0.05923632320424644,9.835753850084698,0.02316112163199209
5208509,GO,0.5073333333333333,0.5603790889636197,3000,0.23172712971060488,10.079194167895574,0.1298550378353833
5208608,GO,0.3643956405060518,0.4688422873847806,36518,0.021946872675730828,9.958705769837362,0.010289621986232182
5208707,GO,0.2579564089316201,0.3244526870705234,712256,0.13204754521368675,10.40404680465951,0.0428431808656471
5208806,GO,0.3606434221574086,0.484402676638457,22629,0.6216036917856324,9.853249739086182,0.30110649210930673
5208905,GO,0.5230040595399188,0.5245366096157943,13302,0.0656683007162754,9.980406975433926,0.03444542781694553
5209101,GO,0.294234592445328,0.3483782932717539,18108,0.10766324912300602,10.739070670276712,0.037507538977564495
5209150,GO,0.5212211466865228,0.589948006932409,2686,0.2105193175103495,10.36089277760319,0.12419545178600168
5209200,GO,0.3969579139981701,0.5158876352751555,8744,0.04354093887188878,9.68650418047184,0.022462231992278796
5209291,GO,0.4701696770662288,0.5128205128205128,1827,0.12418051148669183,9.68101746376306,0.06368231358291888
5209408,GO,0.6392067124332571,0.5667051134179162,2622,0.17279918151804252,9.560711222850898,0.09792617976070538
5209457,GO,0.642238507661559,0.5451482479784366,1501,0.15108020984134074,10.339143833650855,0.08236111169922146
5209606,GO,0.4533011272141707,0.5013262599469496,2484,0.4914071123664455,9.559786775741875,0.24635528975400053
5209705,GO,0.3588688495885134,0.4216682646212847,11422,0.04931867382468075,10.656146291461413,0.02079611960507631
5209804,GO,0.4968394437420986,0.5986146554866933,2373,0.24381594245443033,9.695584805159154,0.14595179639452227
5209903,GO,0.6098610839366073,0.5945482272207396,5111,0.1841096889321052,9.404272279785756,0.10946208916874497
5209937,GO,0.5805702917771883,0.5735815602836879,3016,0.23051744638833677,10.439598717836073,0.13222055657203358
5209952,GO,0.4546156817303978,0.632953957578893,7767,0.10722567869642662,9.967507502326109,0.06786891768498601
5210000,GO,0.3510562375107051,0.406544457769402,28024,0.09060715162908482,9.98345313622461,0.03683583532907628
5210109,GO,0.3963300101141453,0.4711014176663031,13842,0.09581419282006769,10.771778267830767,0.045138202070086404
5210158,GO,0.3937984496124031,0.5283203125,1935,0.2069222119949889,9.873149497568333,0.10932120770438378
5210208,GO,0.3796425970533864,0.510512221525839,17851,0.0552360948960687,9.95806490134935,0.028198701513804086
5210307,GO,0.4589155953046395,0.5542974781266083,1789,0.1994340850496499,9.818888893151765,0.11054581039550847
5210406,GO,0.4378932649731997,0.5022490237753942,21455,0.09285058915553607,10.196672623267776,0.04663411776033819
5210562,GO,0.4468277945619335,0.5557270762581044,3310,0.07930042705517353,9.67244009685987,0.04406939447339066
5210604,GO,0.4731770833333333,0.5570332480818414,3840,0.08761956575774618,9.625074717640569,0.04880701130955784
5210802,GO,0.3892339544513457,0.3951612903225806,2415,0.1137099209357263,10.019236913521903,0.04493375907944023
5210901,GO,0.4451143650110058,0.5143899473044183,10449,0.07328734313732921,9.639574359101278,0.0376982725744916
5211008,GO,0.4953389830508474,0.478446436192915,4720,0.11220375494809387,10.258015724281538,0.05368348668237866
5211206,GO,0.4719717757742062,0.5875610672679444,15306,0.1576349699161342,9.769217733169114,0.09262017116267413
5211305,GO,0.4432708688245315,0.4666254635352286,2935,0.21838906748863043,10.473332850674753,0.1019058998479085
5211404,GO,0.3678324522163481,0.4454730605443436,4918,0.20053514120388194,9.699953357350765,0.08933300309878539
5211503,GO,0.3235219338561733,0.383544921875,51131,0.07312533392512259,10.541786818084027,0.028046850487394432
5211602,GO,0.5143177989893318,0.5867850098619329,1781,0.2714769877884545,10.475835150987981,0.15929862695673613
5211701,GO,0.3438970042089626,0.4736842105263157,4039,0.0889460262539588,10.6258313704511,0.04213232822555942
5211800,GO,0.2439165443302638,0.3546568409837521,22479,0.15075030554128893,9.593516102201836,0.053464627140608956
5211909,GO,0.3459579088024052,0.4345117016037513,47896,0.05402258562675216,10.816674369169482,0.02347344560571444
5212006,GO,0.4921323928377645,0.5706440339490764,1843,0.17371839914902343,9.775403192758628,0.09913136806157452
5212055,GO,0.2725090036014406,0.3024539877300613,1666,0.1774478109557939,9.382471404696709,0.053669798037549926
5212105,GO,0.386482254697286,0.4494889469931067,3832,0.14948010379668986,10.253285267073796,0.06718965445199442
5212204,GO,0.3884364002011061,0.5151515151515151,9945,0.20926495584805585,10.170311483065928,0.1078031590732409
5212253,GO,0.3688172043010753,0.4274028629856851,930,0.11874036441101855,10.177727594307349,0.05074997170123288
5212303,GO,0.398972602739726,0.4290337494220989,4088,0.12863776830410914,10.342556728152704,0.055189944052803176
5212501,GO,0.3215250254287818,0.4042393228724565,85533,0.1305171920756226,9.842746458345385,0.052760181347864026
5212600,GO,0.3515073765234124,0.3514254385964912,1559,0.2387363398317976,10.029654133277573,0.08389802293431045
5212709,GO,0.4267075978511128,0.387434554973822,3909,0.10263000225923814,9.18646309511205,0.03976240925227028
5212808,GO,0.4632352941176471,0.6115555555555555,5304,0.06208055092533807,9.934989032341175,0.037965705810340075
5212907,GO,0.4314652261985145,0.5672597864768684,1481,0.10549204770563957,9.883381235406162,0.05984139645650871
5212956,GO,0.4854686860417519,0.4482493266641015,2443,0.1913134320540373,10.061191887087588,0.08575611710002055
5213004,GO,0.4873966128397006,0.5184943783607626,5078,0.25015662561358465,9.703038990345615,0.1297048040903416
5213053,GO,0.4698275862068966,0.5477843032568073,1856,0.23222449889257074,9.995765155988439,0.12720893532502808
5213087,GO,0.4679169457468184,0.6202241624868413,14930,0.1915620992461565,10.424140382300289,0.11881144256916859
5213103,GO,0.3806501444019075,0.4278647980214344,29778,0.08436624887327307,10.556447854792392,0.03609734803398905
5213400,GO,0.3651642475171887,0.4292389853137516,1309,0.15878478647198266,10.05117644200587,0.06815662062849455
5213509,GO,0.7075110456553756,0.6373626373626373,3395,0.17681174006985653,9.210680410321714,0.11269319696760086
5213707,GO,0.4108593415989739,0.5485941996900597,4678,0.1607035375286614,10.539711935797495,0.08816102855789748
5213756,GO,0.296840788238974,0.3414711477488903,6394,0.07780265190876039,11.001684200129104,0.0265673608451918
5213772,GO,0.5620857269111799,0.6068702290076335,2263,0.07694166770738042,9.623537554310627,0.0466936075018072
5213806,GO,0.3360453648915187,0.4869499180622726,24336,0.042072935140485296,10.261682252775822,0.020487412319298626
5213855,GO,0.3471389645776567,0.3914686825053995,1835,0.1306763954687166,9.788040016275191,0.051155716368693045
5213905,GO,0.529503590384015,0.5343949044585987,3203,0.12118671397348318,9.858248307365052,0.06476156243551108
5214002,GO,0.3973883161512027,0.4978202784418506,7275,0.13218010558248638,10.579725545909456,0.06580193696554658
5214051,GO,0.5037429819089208,0.5576208178438662,3206,0.2758227267818571,9.887118620670073,0.1538044944880244
5214101,GO,0.4255863539445629,0.4694921446839605,2345,0.2912122386658201,9.71977826819997,0.13672185848943325
5214408,GO,0.3401471790678659,0.3851766513056835,4892,0.2239526880126059,9.869394878859048,0.08626134641960204
5214507,GO,0.3465333421627706,0.4450490393658471,15101,0.07337527506209687,10.138315552555888,0.03265559567959101
5214606,GO,0.4535836933643514,0.5709036406710826,18054,0.16820019503723774,10.086390874229336,0.09602610370834518
5214705,GO,0.3316326530612244,0.4445805266380894,1568,0.17600981259771933,9.654955147804044,0.07825053517816548
5214804,GO,0.4888248017303532,0.5770750988142292,1387,0.11697012050666289,10.039763583559841,0.06750054384969478
5214838,GO,0.5535220994475138,0.5858315488936474,5792,0.07616517509691725,10.280390807404876,0.044619962498782896
5214861,GO,0.4287905346187555,0.5474006116207951,4564,0.16230870050539964,9.575995317666033,0.08884788192803222
5214879,GO,0.4241469816272966,0.447228144989339,1905,0.03648148227970973,9.589601291152746,0.016315545646416026
5214903,GO,0.6785714285714286,0.5556170448256779,1708,0.16470660083114685,9.544706361822234,0.09151379481708435
5215009,GO,0.3874024526198439,0.4519192718638702,5382,0.15851120656814585,9.653950619516753,0.07163426905454
5215207,GO,0.4188368055555556,0.5447932618683001,2304,0.19839918063611792,9.893217237495154,0.10808653677074877
5215231,GO,0.3740353069832838,0.5222992774859995,32005,0.3246008670889186,9.031700310312523,0.16953879835187113
5215256,GO,0.5402641670217299,0.6532751091703056,2347,0.2488713422007124,10.087401391781425,0.16258145324553086
5215306,GO,0.34812529663028,0.386574074074074,8428,0.07234200340539639,10.435518812333708,0.027965542983104618
5215405,GO,0.3004359889021006,0.319733228717144,2523,0.20034777265466439,10.278115981428142,0.06405784021716418
5215504,GO,0.4595141700404858,0.5819375282933454,5434,0.033548455994613015,11.686267805219613,0.019523105559563166
5215603,GO,0.3995412118335706,0.4908104323472781,12642,0.19528387994430285,9.679376728460287,0.09584736554591723
5215652,GO,0.4385882352941176,0.5067128627111304,2125,0.163889342264167,10.169546627950817,0.0830448377865203
5215702,GO,0.3136840622579054,0.3393451720310765,14199,0.1691141026654957,10.367015628421594,0.05738805426190377
5215801,GO,0.3577181208053691,0.4031545741324921,1490,0.1308997164629345,9.705395229559365,0.05277281944467832
5215900,GO,0.2946298984034833,0.4224077940153096,2756,0.18083473901522204,10.59596579946279,0.07638600318875419
5216007,GO,0.4341463414634146,0.4480628860190904,1640,0.12715261852285198,10.443154745700625,0.05697236922023351
5216304,GO,0.5211378901619913,0.5503525583077201,5062,0.16448479154405743,9.84186495245976,0.09052462582898406
5216403,GO,0.3782966571476566,0.500720576461169,5953,0.0896297270315129,11.271498459253685,0.044879448587276355
5216452,GO,0.5115681233933161,0.4577711144427786,1945,0.22241677984432778,11.577339620223208,0.10181597718011207
5216809,GO,0.2912254160363086,0.3260159651669085,5288,0.1458813113515189,9.592655055376298,0.047559636520079725
5216908,GO,0.5205271160669032,0.607027027027027,1973,0.2604270577864152,11.226567781621712,0.15808626264548337
5217104,GO,0.3631650135256988,0.4708429561200923,13308,0.06074794669709295,10.369379255573088,0.028602742801085042
5217203,GO,0.4822967980295566,0.5895275353596148,6496,0.07089796996760925,10.449400292892381,0.041796305497004665
5217302,GO,0.3848415790634419,0.4876718152189315,13603,0.13188283466278553,9.799546961140841,0.06431554137621884
5217401,GO,0.2774535453142819,0.3457340308725699,14907,0.09978640570055297,10.220219152390813,0.03449955626913776
5217609,GO,0.4232883685416136,0.5384292314153717,39290,0.10843225523606917,9.434723329385871,0.05838309584739214
5217708,GO,0.3694770976895014,0.5387785687523416,9868,0.13224353092770816,10.19484949163165,0.07124998031998662
5218003,GO,0.4461152882205513,0.5803462225985512,21546,0.10103566407672349,9.940571266753054,0.058635665994662606
5218052,GO,0.4628514056224899,0.6089108910891089,1992,0.40888321413103923,10.829578667357142,0.24897344226791002
5218102,GO,0.5185694635488308,0.466314935064935,2181,0.28681110856605674,10.902274901859863,0.13374430346688276
5218300,GO,0.5054138594802695,0.455283064909712,16624,0.10368251617359263,9.601174337306112,0.047204893741064034
5218391,GO,0.4735264735264735,0.5573275862068966,2002,0.29000900119038925,9.738680541848355,0.16163001661171264
5218508,GO,0.4201812330623306,0.4834240676038027,23616,0.16036049461151078,10.445871021200148,0.07752212258805423
5218607,GO,0.2827486321210171,0.4295076726342711,6214,0.1153376827550887,9.925818042242208,0.04953841968716805
5218706,GO,0.2833270034181542,0.3516524322317118,2633,0.1862459661335027,9.74974613956092,0.06549384698419124
5218789,GO,0.3220833333333333,0.3633232888506242,2400,0.16382197660372771,11.211699791357585,0.059520339325676366
5218805,GO,0.3285872936048948,0.3509834622901356,95448,0.0713963731659359,10.64575515760508,0.025058946248738712
5218904,GO,0.264331797235023,0.3837896843445829,10850,0.09168254657902782,10.001706808642123,0.035186815611472605
5219001,GO,0.3798974358974359,0.4561772006874164,4875,0.16826395972538433,9.86458973935182,0.076758182124106
5219100,GO,0.3664935064935065,0.4369369369369369,3850,0.08694746081414297,9.616678909893002,0.03799055720257598
5219209,GO,0.3978552278820375,0.3804347826086957,1865,0.14096501099664852,10.719636951280586,0.05362799331394237
5219258,GO,0.4629250307251126,0.5699925539836188,2441,0.2487999816308048,10.710905002998883,0.14181413696081988
5219308,GO,0.4176838058625661,0.515465861938891,20810,0.11519784113000968,10.290737443656171,0.05938055447157987
5219357,GO,0.3714637146371464,0.4801744647105472,2439,0.28838950402400626,9.887998773125753,0.13847727572286742
5219407,GO,0.4350828729281768,0.4428471248246844,2896,0.20414792462961562,9.6971161253415,0.09040632146115166
5219456,GO,0.4824016563146998,0.5943247503941146,1932,0.13101232446757088,10.118867632552536,0.07786386703774181
5219506,GO,0.3986519017814155,0.4726477024070022,2077,0.2532196426538383,9.833260071421778,0.1196836823046588
5219605,GO,0.4628344895936571,0.4522263450834879,2018,0.12162815300993322,9.795273135152074,0.05500345509493733
5219704,GO,0.5713187235678585,0.6129255227233454,5202,0.2587743828259161,9.635664456478573,0.15860942386098573
5219712,GO,0.5381870092790864,0.555912826009289,2802,0.1135658617100383,10.792645157016263,0.0631327191214075
5219738,GO,0.3717250324254215,0.5230477223427332,3855,1.2961059493568137,10.051494952200043,0.6779252647259473
5219753,GO,0.365111418145747,0.5059734200480701,28227,0.12191995269100692,9.146818951610213,0.06168825543516768
5219803,GO,0.6254480286738351,0.5568361581920904,4464,0.10539456791537764,9.459885499973115,0.05868750629231424
5219902,GO,0.3255813953488372,0.3604551920341394,3182,0.3715132721745314,9.658573184317055,0.13391388786490221
5220009,GO,0.5443238353686115,0.4650426309378806,4422,0.1054868025451429,9.993377554150749,0.04905586018481797
5220058,GO,0.321882001493652,0.443666899930021,1339,0.28715239226375505,10.54519285581757,0.12740001168314954
5220108,GO,0.226684779398736,0.3320319432120674,16931,0.09711533875986052,10.177029943955844,0.032245394644134694
5220157,GO,0.5167809455070371,0.5271402550091074,2771,0.2063971003078737,9.990018389356793,0.10880022008943287
5220207,GO,0.4174216607098329,0.5083589786243035,12031,0.12413251479354448,10.010083539786716,0.06310387843451251
5220264,GO,0.4288545382481173,0.4764621968616263,2523,0.1954068656281638,10.521049976588479,0.09310398447903954
5220280,GO,0.311589613679544,0.3951935914552737,1579,0.10685077874916848,9.768508991822696,0.04222674300367673
5220405,GO,0.5483506320008221,0.6434649584090257,9731,0.18878166942815053,10.53233595592623,0.12147438906697132
5220454,GO,0.3753225932587784,0.4688800373840094,51148,0.1370329056728851,10.35559741899749,0.06425199393474179
5220504,GO,0.4584070796460177,0.5307418699186992,3955,0.07127873822914056,10.748900867412074,0.03783061081317953
5220603,GO,0.3626511419614868,0.4336933427762039,11165,0.06502146870309236,10.438705800688195,0.02819937811406245
5220686,GO,0.5815957742563247,0.554295435214063,3597,0.0464160399381475,9.630499875067336,0.0257281990584288
5220702,GO,0.6301035953686777,0.5597686375321337,1641,0.09751273509911325,9.708067483119939,0.054584570868462495
5221007,GO,0.3851800069905627,0.3926812104152005,2861,0.11064735213177915,9.841723428185006,0.04344913616434395
5221080,GO,0.7018111254851229,0.5323218997361477,1546,0.23382875744046816,9.165037970942606,0.12447216837365291
5221197,GO,0.3734249713631157,0.5035254072453197,4365,0.09506909234751297,10.065991602855208,0.04786970344072437
5221304,GO,0.4997885835095137,0.5427852348993288,2365,0.03996002461493264,9.80314711793634,0.021689711347199176
5221403,GO,0.3334921066956995,0.4388377355883013,58784,0.21397496582213216,9.69650495580543,0.09390028947396864
5221452,GO,0.5216701902748414,0.5401929260450161,1892,0.17612969899144468,9.658104817528885,0.09514401746161642
5221502,GO,0.3072158563022608,0.437906564163217,3229,0.10450766650949347,9.864152867854884,0.04576459316988759
5221551,GO,0.5316415033729521,0.5110533159947984,3113,0.44026551077863507,11.12908151871733,0.2249991492015651
5221577,GO,0.6018126888217523,0.6834230999401556,1655,0.22590867371804188,9.672204268739526,0.15439120609575332
5221601,GO,0.4065314149673947,0.5062904866427539,19322,0.05405123184666786,9.95505991880328,0.02736562447528979
5221700,GO,0.3849110320284697,0.4552316501821967,7025,0.187108896429388,9.682689280342894,0.08517789168532003
5221809,GO,0.4264423076923077,0.4420253164556962,2080,0.21921450873525247,10.267968209783822,0.09689836259537996
5221858,GO,0.3485494808042012,0.5330488822929227,58841,0.26801463105531087,9.637995126853149,0.1428648995221835
5221908,GO,0.3049180327868852,0.3406298003072197,2440,0.17421777048270437,9.760885495946402,0.05934376436949262
5222005,GO,0.282087997917209,0.3109323882224645,7682,0.05181745816021257,10.396194987247018,0.016111726017372527
5222054,GO,0.4268177525967894,0.4306177260519248,4236,0.15965229022958455,10.580977433064941,0.06874910617764562
5222203,GO,0.6934523809523809,0.5933456561922366,2352,0.14804694389244324,9.798136256144724,0.08784301107111697
5222302,GO,0.5051837888784166,0.5591204037490988,3183,0.05769787704154587,10.349649603928114,0.032260060306934984
5300108,DF,0.3001390768329867,0.3809908244876597,1543751,0.046161395595875,11.358157521867133,0.017587068167573442
